Product Name,Product ID,Price,Price per unit,Brand,Category,Image URL,Minimum Quantity,Product Link,cgid,tracking_date,source
Filetes Primavera Limão,6042738,3.74,"€16,62/kg",Iglo,Congelados/Douradinhos e Filetes,https://www.continente.pt/dw/image/v2/BDVS_PRD/on/demandware.static/-/Sites-col-master-catalog/default/dw0ec739b6/images/col/604/6042738-direito.jpg?sw=280&sh=280,emb. 225 gr (2 un),https://www.continente.pt/produto/filetes-primavera-limao-iglo-6042738.html,congelados,2025-04-23,Continente
Crocantes de Frango Parmesão e Ervas,5779700,3.74,"€20,78/kg",Iglo,Congelados/Nuggets e Crocantes,https://www.continente.pt/dw/image/v2/BDVS_PRD/on/demandware.static/-/Sites-col-master-catalog/default/dwbca393f0/images/col/577/5779700-direito.jpg?sw=280&sh=280,emb. 180 gr (2 un),https://www.continente.pt/produto/crocantes-de-frango-parmesao-e-ervas-iglo-5779700.html,congelados,2025-04-23,Continente
Mini Pizzas de Fiambre e Queijo,3052221,4.75,"€17,59/kg",Buitoni Piccolinis,Congelados/Pizzas,https://www.continente.pt/dw/image/v2/BDVS_PRD/on/demandware.static/-/Sites-col-master-catalog/default/dw11a9e0f2/images/col/305/3052221-hero.jpg?sw=280&sh=280,emb. 270 gr (9 un),https://www.continente.pt/produto/mini-pizzas-de-fiambre-e-queijo-buitoni-piccolinis-3052221.html,congelados,2025-04-23,Continente
Hambúrguer de Frango sem Glúten e Batatas Palitos Micro-ondas,7917961,5.39,"€12,25/kg",Iglo,Congelados/Hambúrgueres e Almôndegas,https://www.continente.pt/dw/image/v2/BDVS_PRD/on/demandware.static/-/Sites-col-master-catalog/default/dwc96ea4bc/images/col/791/7917961-frente.jpg?sw=280&sh=280,emb. 240 gr (4 un) + 200 gr,https://www.continente.pt/produto/hamburguer-de-frango-sem-gluten-e-batatas-palitos-micro-ondas-iglo-7917961.html,congelados,2025-04-23,Continente
Mimos de Pescada do Cabo Ultracongelados,5014116,10.99,"€10,99/kg",Pescanova,"Frescos/Peixaria/Filetes, Lombos e Postas/Congelado",https://www.continente.pt/dw/image/v2/BDVS_PRD/on/demandware.static/-/Sites-col-master-catalog/default/dw583a99e9/images/col/501/5014116-frente.jpg?sw=280&sh=280,emb. 1 kg,https://www.continente.pt/produto/mimos-de-pescada-do-cabo-ultracongelados-pescanova-5014116.html,congelados,2025-04-23,Continente
Gelado Cone Morango 6 unidades,5564190,3.29,"€6,09/lt",Cornetto,Congelados/Gelados/Gelados de Cone,https://www.continente.pt/dw/image/v2/BDVS_PRD/on/demandware.static/-/Sites-col-master-catalog/default/dw7d0b9493/images/col/556/5564190-hero.jpg?sw=280&sh=280,emb. 540 ml (6 un),https://www.continente.pt/produto/gelado-cone-morango-6-unidades-cornetto-5564190.html,congelados,2025-04-23,Continente
Ervilhas,4882816,5.99,"€5,32/kg",Iglo,Congelados/Frutas e Legumes/Legumes,https://www.continente.pt/dw/image/v2/BDVS_PRD/on/demandware.static/-/Sites-col-master-catalog/default/dwa6c74b6c/images/col/488/4882816-frente.jpg?sw=280&sh=280,"emb. 1,125 kg",https://www.continente.pt/produto/ervilhas-iglo-4882816.html,congelados,2025-04-23,Continente
Batata Gomos Mediterranean,3911249,3.89,"€5,19/kg",McCain,Congelados/Batata Frita e Puré,https://www.continente.pt/dw/image/v2/BDVS_PRD/on/demandware.static/-/Sites-col-master-catalog/default/dwcbae9665/images/col/391/3911249-frente.png?sw=280&sh=280,emb. 750 gr,https://www.continente.pt/produto/batata-gomos-mediterranean-mccain-3911249.html,congelados,2025-04-23,Continente
Pizza Ristorante de Pepperoni e Salame,3002399,3.69,"€11,53/kg",Ristorante,Congelados/Pizzas,https://www.continente.pt/dw/image/v2/BDVS_PRD/on/demandware.static/-/Sites-col-master-catalog/default/dw6e1ecc2c/images/col/300/3002399-direito.png?sw=280&sh=280,emb. 337 gr,https://www.continente.pt/produto/pizza-ristorante-de-pepperoni-e-salame-ristorante-3002399.html,congelados,2025-04-23,Continente
Gelado Cookie Dough,7109616,4.49,"€9,66/lt",Ben & Jerrys,Congelados/Gelados/Gelados Americanos,https://www.continente.pt/dw/image/v2/BDVS_PRD/on/demandware.static/-/Sites-col-master-catalog/default/dwc77233c3/images/col/710/7109616-frente.jpg?sw=280&sh=280,emb. 465 ml,https://www.continente.pt/produto/gelado-cookie-dough-ben-jerrys-7109616.html,congelados,2025-04-23,Continente
Croquetes de Carne,7163251,2.79,"€8,72/kg",Continente,"Congelados/Salgados, Folhados e Pastelaria/Salgados",https://www.continente.pt/dw/image/v2/BDVS_PRD/on/demandware.static/-/Sites-col-master-catalog/default/dw011a4e82/images/col/716/7163251-frente.jpg?sw=280&sh=280,emb. 320 gr (10 un),https://www.continente.pt/produto/croquetes-de-carne-continente-7163251.html,congelados,2025-04-23,Continente
Porções de Salmão Ultracongelado,3738132,15.99,"€31,98/kg",Royal Greenland,"Frescos/Peixaria/Filetes, Lombos e Postas/Congelado",https://www.continente.pt/dw/image/v2/BDVS_PRD/on/demandware.static/-/Sites-col-master-catalog/default/dw185f4d7d/images/col/373/3738132-frente.jpg?sw=280&sh=280,5 un x 100 gr (500 gr),https://www.continente.pt/produto/porcoes-de-salmao-ultracongelado-royal-greenland-3738132.html,congelados,2025-04-23,Continente
Miolo de Camarão Grande 40/60 Ultracongelado,5691213,4.59,"€22,95/kg",Pescanova,Frescos/Peixaria/Marisco/Congelado,https://www.continente.pt/dw/image/v2/BDVS_PRD/on/demandware.static/-/Sites-col-master-catalog/default/dwc8975996/images/col/569/5691213-frente.jpg?sw=280&sh=280,emb. 200 gr,https://www.continente.pt/produto/miolo-de-camarao-grande-40-60-ultracongelado-pescanova-5691213.html,congelados,2025-04-23,Continente
Esparregado de Espinafres,5593773,4.68,"€6,24/kg",Iglo,Congelados/Frutas e Legumes/Legumes,https://www.continente.pt/dw/image/v2/BDVS_PRD/on/demandware.static/-/Sites-col-master-catalog/default/dw09b35d08/images/col/559/5593773-direito.jpg?sw=280&sh=280,emb. 750 gr,https://www.continente.pt/produto/esparregado-de-espinafres-iglo-5593773.html,congelados,2025-04-23,Continente
Pão de Queijo,7055967,2.69,"€8,97/kg",Continente Seleção,"Congelados/Salgados, Folhados e Pastelaria/Pão de Alho e Pão de Queijo",https://www.continente.pt/dw/image/v2/BDVS_PRD/on/demandware.static/-/Sites-col-master-catalog/default/dw4821eeb7/images/col/705/7055967-frente.jpg?sw=280&sh=280,emb. 300 gr (12 un),https://www.continente.pt/produto/pao-de-queijo-continente-selecao-7055967.html,congelados,2025-04-23,Continente
Almôndegas de Proteína Vegetal,7207960,5.34,"€22,25/kg",Iglo Green Cuisine,Congelados/Hambúrgueres e Almôndegas,https://www.continente.pt/dw/image/v2/BDVS_PRD/on/demandware.static/-/Sites-col-master-catalog/default/dwe32aa314/images/col/720/7207960-frente.jpg?sw=280&sh=280,emb. 240 gr (10 un),https://www.continente.pt/produto/almondegas-de-proteina-vegetal-iglo-green-cuisine-7207960.html,congelados,2025-04-23,Continente
Brócolos,7759026,1.89,"€1,89/kg",Continente,Congelados/Frutas e Legumes/Legumes,https://www.continente.pt/dw/image/v2/BDVS_PRD/on/demandware.static/-/Sites-col-master-catalog/default/dw2a9f1a22/images/col/775/7759026-frente.jpg?sw=280&sh=280,emb. 1 kg,https://www.continente.pt/produto/brocolos-continente-7759026.html,congelados,2025-04-23,Continente
Tranches de Salmão Selvagem MSC Ultracongelado,5934282,12.99,"€29,52/kg",Iglo,"Frescos/Peixaria/Filetes, Lombos e Postas/Congelado",https://www.continente.pt/dw/image/v2/BDVS_PRD/on/demandware.static/-/Sites-col-master-catalog/default/dw98400ce2/images/col/593/5934282-frente.jpg?sw=280&sh=280,4 un x 110 gr (440 gr),https://www.continente.pt/produto/tranches-de-salmao-selvagem-msc-ultracongelado-iglo-5934282.html,congelados,2025-04-23,Continente
Cebola Picada,8028031,1.49,"€2,48/kg",Continente,Congelados/Frutas e Legumes/Legumes,https://www.continente.pt/dw/image/v2/BDVS_PRD/on/demandware.static/-/Sites-col-master-catalog/default/dw18b93bef/images/col/802/8028031-frente.jpg?sw=280&sh=280,emb. 600 gr,https://www.continente.pt/produto/cebola-picada-continente-8028031.html,congelados,2025-04-23,Continente
Lombos de Salmão ASC Ultracongelado,6635820,14.99,"€29,98/kg",Continente,"Frescos/Peixaria/Filetes, Lombos e Postas/Congelado",https://www.continente.pt/dw/image/v2/BDVS_PRD/on/demandware.static/-/Sites-col-master-catalog/default/dwddcec5ad/images/col/663/6635820-frente.jpg?sw=280&sh=280,4 un x 125 gr (500 gr),https://www.continente.pt/produto/lombos-de-salmao-asc-ultracongelado-continente-6635820.html,congelados,2025-04-23,Continente
Alho Picado,2907529,1.19,"€7,93/kg",Continente,Congelados/Frutas e Legumes/Legumes,https://www.continente.pt/dw/image/v2/BDVS_PRD/on/demandware.static/-/Sites-col-master-catalog/default/dwb4068c82/images/col/290/2907529-hero.jpg?sw=280&sh=280,emb. 150 gr,https://www.continente.pt/produto/alho-picado-continente-2907529.html,congelados,2025-04-23,Continente
Abóbora aos Pedaços,7400655,1.99,"€2,65/kg",Continente,Congelados/Frutas e Legumes/Legumes,https://www.continente.pt/dw/image/v2/BDVS_PRD/on/demandware.static/-/Sites-col-master-catalog/default/dw19a91c98/images/col/740/7400655-frente.jpg?sw=280&sh=280,emb. 750 gr,https://www.continente.pt/produto/abobora-aos-pedacos-continente-7400655.html,congelados,2025-04-23,Continente
Bacalhau Desfiado MSC Demolhado Ultracongelado,7291007,6.79,"€13,58/kg",Continente,Frescos/Peixaria/Bacalhau/Congelado,https://www.continente.pt/dw/image/v2/BDVS_PRD/on/demandware.static/-/Sites-col-master-catalog/default/dw14479e00/images/col/729/7291007-frente.jpg?sw=280&sh=280,emb. 500 gr,https://www.continente.pt/produto/bacalhau-desfiado-msc-demolhado-ultracongelado-continente-7291007.html,congelados,2025-04-23,Continente
Miolo de Camarão 80/100 Ultracongelado,4750959,3.79,"€15,16/kg",Continente,Frescos/Peixaria/Marisco/Congelado,https://www.continente.pt/dw/image/v2/BDVS_PRD/on/demandware.static/-/Sites-col-master-catalog/default/dwefe74a89/images/col/475/4750959-frente.jpg?sw=280&sh=280,emb. 250 gr,https://www.continente.pt/produto/miolo-de-camarao-80-100-ultracongelado-continente-4750959.html,congelados,2025-04-23,Continente
Ervilhas,6881807,1.49,"€1,49/kg",Continente,Congelados/Frutas e Legumes/Legumes,https://www.continente.pt/dw/image/v2/BDVS_PRD/on/demandware.static/-/Sites-col-master-catalog/default/dwc1780928/images/col/688/6881807-frente.jpg?sw=280&sh=280,emb. 1 kg,https://www.continente.pt/produto/ervilhas-continente-6881807.html,congelados,2025-04-23,Continente
Espinafres em Folha,2839624,1.29,"€1,72/kg",Continente,Congelados/Frutas e Legumes/Legumes,https://www.continente.pt/dw/image/v2/BDVS_PRD/on/demandware.static/-/Sites-col-master-catalog/default/dw3f7fb4b8/images/col/283/2839624-frente.jpg?sw=280&sh=280,emb. 750 gr,https://www.continente.pt/produto/espinafres-em-folha-continente-2839624.html,congelados,2025-04-23,Continente
Nuggets de Frango,5784385,12.99,"€12,47/kg",Capitão Iglo,Congelados/Nuggets e Crocantes,https://www.continente.pt/dw/image/v2/BDVS_PRD/on/demandware.static/-/Sites-col-master-catalog/default/dwc6e8e426/images/col/578/5784385-frente.jpg?sw=280&sh=280,"emb. 1,042 kg (50 un)",https://www.continente.pt/produto/nuggets-de-frango-capitao-iglo-5784385.html,congelados,2025-04-23,Continente
Filetes de Robalo ASC Ultracongelado,7415730,5.99,"€29,95/kg",Iglo,"Frescos/Peixaria/Filetes, Lombos e Postas/Congelado",https://www.continente.pt/dw/image/v2/BDVS_PRD/on/demandware.static/-/Sites-col-master-catalog/default/dwb92347e0/images/col/741/7415730-direito.jpg?sw=280&sh=280,2 un x 100 gr (200 gr),https://www.continente.pt/produto/filetes-de-robalo-asc-ultracongelado-iglo-7415730.html,congelados,2025-04-23,Continente
Couve Flor,7973094,1.39,"€1,85/kg",Continente,Congelados/Frutas e Legumes/Legumes,https://www.continente.pt/dw/image/v2/BDVS_PRD/on/demandware.static/-/Sites-col-master-catalog/default/dw34b948ff/images/col/797/7973094-frente.jpg?sw=280&sh=280,emb. 750 gr,https://www.continente.pt/produto/couve-flor-continente-7973094.html,congelados,2025-04-23,Continente
Medalhões de Pescada do Cabo Ultracongelados,3727996,13.39,"€13,39/kg",Pescanova,"Frescos/Peixaria/Filetes, Lombos e Postas/Congelado",https://www.continente.pt/dw/image/v2/BDVS_PRD/on/demandware.static/-/Sites-col-master-catalog/default/dwe6bb61cf/images/col/372/3727996-direito.jpg?sw=280&sh=280,emb. 1 kg,https://www.continente.pt/produto/medalhoes-de-pescada-do-cabo-ultracongelados-pescanova-3727996.html,congelados,2025-04-23,Continente
Lombos de Bacalhau da Noruega MSC Demolhado Ultracongelado,7291113,14.49,"€18,11/kg",Continente,Frescos/Peixaria/Bacalhau/Congelado,https://www.continente.pt/dw/image/v2/BDVS_PRD/on/demandware.static/-/Sites-col-master-catalog/default/dw287aec2f/images/col/729/7291113-frente.jpg?sw=280&sh=280,emb. 800 gr,https://www.continente.pt/produto/lombos-de-bacalhau-da-noruega-msc-demolhado-ultracongelado-continente-7291113.html,congelados,2025-04-23,Continente
Puré de Batata com Noz Moscada,6531407,2.49,"€2,49/kg",Continente,Congelados/Batata Frita e Puré,https://www.continente.pt/dw/image/v2/BDVS_PRD/on/demandware.static/-/Sites-col-master-catalog/default/dw6767ffe8/images/col/653/6531407-hero.jpg?sw=280&sh=280,emb. 1 kg,https://www.continente.pt/produto/pure-de-batata-com-noz-moscada-continente-6531407.html,congelados,2025-04-23,Continente
Bacalhau Desfiado 9 Meses de Cura MSC Congelado,5734372,4.89,"€12,22/kg",Riberalves,Frescos/Peixaria/Bacalhau/Congelado,https://www.continente.pt/dw/image/v2/BDVS_PRD/on/demandware.static/-/Sites-col-master-catalog/default/dw97b73de4/images/col/573/5734372-cima.jpg?sw=280&sh=280,emb. 400 gr,https://www.continente.pt/produto/bacalhau-desfiado-9-meses-de-cura-msc-congelado-riberalves-5734372.html,congelados,2025-04-23,Continente
Nuggets de Peito de Frango Pack Poupança,7308156,5.99,"€5,99/kg",Continente,Congelados/Nuggets e Crocantes,https://www.continente.pt/dw/image/v2/BDVS_PRD/on/demandware.static/-/Sites-col-master-catalog/default/dwbc39da45/images/col/730/7308156-hero.jpg?sw=280&sh=280,emb. 1 kg (34 a 40 un),https://www.continente.pt/produto/nuggets-de-peito-de-frango-pack-poupanca-continente-7308156.html,congelados,2025-04-23,Continente
Batata Palitos Pack Poupança,7939652,3.59,"€1,80/kg",Continente,Congelados/Batata Frita e Puré,https://www.continente.pt/dw/image/v2/BDVS_PRD/on/demandware.static/-/Sites-col-master-catalog/default/dw00c7d2da/images/col/793/7939652-frente.jpg?sw=280&sh=280,emb. 2 kg,https://www.continente.pt/produto/batata-palitos-pack-poupanca-continente-7939652.html,congelados,2025-04-23,Continente
Douradinhos de Peixe Ómega-3,7227707,13.99,"€9,82/kg",Capitão Iglo,Congelados/Douradinhos e Filetes,https://www.continente.pt/dw/image/v2/BDVS_PRD/on/demandware.static/-/Sites-col-master-catalog/default/dw6572e8d1/images/col/722/7227707-frente.jpg?sw=280&sh=280,"emb. 1,4 kg (50 un)",https://www.continente.pt/produto/douradinhos-de-peixe-omega-3-capitao-iglo-7227707.html,congelados,2025-04-23,Continente
Carabineiro de Moçambique Congelado,6950058,89.99,"€12,60/un",,Frescos/Peixaria/Marisco/Congelado,https://www.continente.pt/dw/image/v2/BDVS_PRD/on/demandware.static/-/Sites-col-master-catalog/default/dw9095ab86/images/col/695/6950058-frente.jpg?sw=280&sh=280,Quant. Mínima = 420 gr,https://www.continente.pt/produto/carabineiro-de-mocambique-congelado-6950058.html,congelados,2025-04-23,Continente
Gelado After Dinner,8025068,4.19,"€14,96/lt",Magnum,Congelados/Gelados/Mini Bites e Sandwich,https://www.continente.pt/dw/image/v2/BDVS_PRD/on/demandware.static/-/Sites-col-master-catalog/default/dw8bd9c809/images/col/802/8025068-frente.png?sw=280&sh=280,emb. 280 ml (8 un),https://www.continente.pt/produto/gelado-after-dinner-magnum-8025068.html,congelados,2025-04-23,Continente
Lula Limpa Ultracongelada,4785436,3.99,"€9,98/kg",Continente,"Frescos/Peixaria/Polvo, Lulas e Chocos/Congelado",https://www.continente.pt/dw/image/v2/BDVS_PRD/on/demandware.static/-/Sites-col-master-catalog/default/dw963efa43/images/col/478/4785436-frente.jpg?sw=280&sh=280,emb. 400 gr,https://www.continente.pt/produto/lula-limpa-ultracongelada-continente-4785436.html,congelados,2025-04-23,Continente
Tiras de Entrecosto de Porco Congeladas,7484544,6.49,"€4,87/un",Continente,Frescos/Talho/Porco,https://www.continente.pt/dw/image/v2/BDVS_PRD/on/demandware.static/-/Sites-col-master-catalog/default/dw28cc1c96/images/col/748/7484544-frente.jpg?sw=280&sh=280,emb. 750 gr (aprox.),https://www.continente.pt/produto/tiras-de-entrecosto-de-porco-congeladas-continente-7484544.html,congelados,2025-04-23,Continente
Mistura de Dois Pimentos,6765007,1.39,"€3,48/kg",Continente,Congelados/Frutas e Legumes/Misturas de Legumes,https://www.continente.pt/dw/image/v2/BDVS_PRD/on/demandware.static/-/Sites-col-master-catalog/default/dwf6963c9b/images/col/676/6765007-hero.jpg?sw=280&sh=280,emb. 400 gr,https://www.continente.pt/produto/mistura-de-dois-pimentos-continente-6765007.html,congelados,2025-04-23,Continente
Posta de Pescada do Chile nº5 Congelada,6917655,12.99,"€3,51/un",Continente,"Frescos/Peixaria/Filetes, Lombos e Postas/Congelado",https://www.continente.pt/dw/image/v2/BDVS_PRD/on/demandware.static/-/Sites-col-master-catalog/default/dw582b7017/images/col/691/6917655-frente.jpg?sw=280&sh=280,emb. 270 gr,https://www.continente.pt/produto/posta-de-pescada-do-chile-n5-congelada-continente-6917655.html,congelados,2025-04-23,Continente
Mirtilos,8172987,2.39,"€7,97/kg",Gelcampo,Congelados/Frutas e Legumes/Frutas,https://www.continente.pt/dw/image/v2/BDVS_PRD/on/demandware.static/-/Sites-col-master-catalog/default/dw436082fb/images/col/817/8172987-frente.jpg?sw=280&sh=280,emb. 300 gr,https://www.continente.pt/produto/mirtilos-gelcampo-8172987.html,congelados,2025-04-23,Continente
Lombos de Bacalhau MSC Demolhado Ultracongelado,7291126,14.99,"€24,98/kg",Continente Seleção,Frescos/Peixaria/Bacalhau/Congelado,https://www.continente.pt/dw/image/v2/BDVS_PRD/on/demandware.static/-/Sites-col-master-catalog/default/dw8fb332d2/images/col/729/7291126-frente.jpg?sw=280&sh=280,emb. 600 gr,https://www.continente.pt/produto/lombos-de-bacalhau-msc-demolhado-ultracongelado-continente-selecao-7291126.html,congelados,2025-04-23,Continente
Feijão Verde Redondo,8013917,1.39,"€1,85/kg",Continente,Congelados/Frutas e Legumes/Legumes,https://www.continente.pt/dw/image/v2/BDVS_PRD/on/demandware.static/-/Sites-col-master-catalog/default/dwfc1a3f0b/images/col/801/8013917-frente.jpg?sw=280&sh=280,emb. 750 gr,https://www.continente.pt/produto/feijao-verde-redondo-continente-8013917.html,congelados,2025-04-23,Continente
Pizza Mozzarella,7577212,3.69,"€10,39/kg",Ristorante,Congelados/Pizzas,https://www.continente.pt/dw/image/v2/BDVS_PRD/on/demandware.static/-/Sites-col-master-catalog/default/dw46613540/images/col/757/7577212-direito.png?sw=280&sh=280,emb. 355 gr,https://www.continente.pt/produto/pizza-mozzarella-ristorante-7577212.html,congelados,2025-04-23,Continente
Batata Palitos Finos,8020289,3.59,"€1,80/kg",Continente,Congelados/Batata Frita e Puré,https://www.continente.pt/dw/image/v2/BDVS_PRD/on/demandware.static/-/Sites-col-master-catalog/default/dw1050950b/images/col/802/8020289-frente.jpg?sw=280&sh=280,emb. 2 kg,https://www.continente.pt/produto/batata-palitos-finos-continente-8020289.html,congelados,2025-04-23,Continente
Lombos de Salmão Ultracongelado,7156302,7.99,"€31,96/kg",Pescanova,"Frescos/Peixaria/Filetes, Lombos e Postas/Congelado",https://www.continente.pt/dw/image/v2/BDVS_PRD/on/demandware.static/-/Sites-col-master-catalog/default/dw9ece2e77/images/col/715/7156302-frente.jpg?sw=280&sh=280,2 un x 125 gr (250 gr),https://www.continente.pt/produto/lombos-de-salmao-ultracongelado-pescanova-7156302.html,congelados,2025-04-23,Continente
Rissóis de Leitão de Forno,6453385,2.79,"€6,98/kg",Continente Seleção,"Congelados/Salgados, Folhados e Pastelaria/Salgados",https://www.continente.pt/dw/image/v2/BDVS_PRD/on/demandware.static/-/Sites-col-master-catalog/default/dwbb834a5a/images/col/645/6453385-frente.jpg?sw=280&sh=280,emb. 400 gr (8 un),https://www.continente.pt/produto/rissois-de-leitao-de-forno-continente-selecao-6453385.html,congelados,2025-04-23,Continente
Filetes de Pangasius Ultracongelado,4249238,4.49,"€7,48/kg",Pescanova,"Frescos/Peixaria/Filetes, Lombos e Postas/Congelado",https://www.continente.pt/dw/image/v2/BDVS_PRD/on/demandware.static/-/Sites-col-master-catalog/default/dw889f4418/images/col/424/4249238-frente.jpg?sw=280&sh=280,emb. 600 gr,https://www.continente.pt/produto/filetes-de-pangasius-ultracongelado-pescanova-4249238.html,congelados,2025-04-23,Continente
Gelado Chocolate de Menta Les Authentiques,4020304,3.29,"€3,29/lt",Carte DOr,Congelados/Gelados/Gelados Familiares,https://www.continente.pt/dw/image/v2/BDVS_PRD/on/demandware.static/-/Sites-col-master-catalog/default/dwae1e9c06/images/col/402/4020304-hero.jpg?sw=280&sh=280,emb. 1 lt,https://www.continente.pt/produto/gelado-chocolate-de-menta-les-authentiques-carte-dor-4020304.html,congelados,2025-04-23,Continente
Douradinhos de Peixe,5730946,4.99,"€11,88/kg",Capitão Iglo,Congelados/Douradinhos e Filetes,https://www.continente.pt/dw/image/v2/BDVS_PRD/on/demandware.static/-/Sites-col-master-catalog/default/dwdd74c0bc/images/col/573/5730946-direito.jpg?sw=280&sh=280,emb. 420 gr (15 un),https://www.continente.pt/produto/douradinhos-de-peixe-capitao-iglo-5730946.html,congelados,2025-04-23,Continente
Gelado Tiramisu Les Desserts,7947224,3.59,"€4,35/lt",Carte DOr,Congelados/Gelados/Gelados Familiares,https://www.continente.pt/dw/image/v2/BDVS_PRD/on/demandware.static/-/Sites-col-master-catalog/default/dw057eb642/images/col/794/7947224-cima.jpg?sw=280&sh=280,emb. 825 ml,https://www.continente.pt/produto/gelado-tiramisu-les-desserts-carte-dor-7947224.html,congelados,2025-04-23,Continente
Baguete Pão de Alho,5701319,1.59,"€4,54/kg",Continente,"Congelados/Salgados, Folhados e Pastelaria/Pão de Alho e Pão de Queijo",https://www.continente.pt/dw/image/v2/BDVS_PRD/on/demandware.static/-/Sites-col-master-catalog/default/dwb1bf076d/images/col/570/5701319-hero.jpg?sw=280&sh=280,emb. 350 gr (2 un),https://www.continente.pt/produto/baguete-pao-de-alho-continente-5701319.html,congelados,2025-04-23,Continente
Ervilhas Primavera,6601780,5.99,"€7,49/kg",Iglo,Congelados/Frutas e Legumes/Legumes,https://www.continente.pt/dw/image/v2/BDVS_PRD/on/demandware.static/-/Sites-col-master-catalog/default/dw5a4829c2/images/col/660/6601780-frente.jpg?sw=280&sh=280,emb. 800 gr,https://www.continente.pt/produto/ervilhas-primavera-iglo-6601780.html,congelados,2025-04-23,Continente
Pizza Pepperoni e Salame,7356352,2.39,"€7,47/kg",Continente,Congelados/Pizzas,https://www.continente.pt/dw/image/v2/BDVS_PRD/on/demandware.static/-/Sites-col-master-catalog/default/dwd2387399/images/col/735/7356352-frente.jpg?sw=280&sh=280,emb. 320 gr,https://www.continente.pt/produto/pizza-pepperoni-e-salame-continente-7356352.html,congelados,2025-04-23,Continente
Medalhões de Pescada do Cabo Ultracongelados,4952137,3.69,"€9,23/kg",Continente,"Frescos/Peixaria/Filetes, Lombos e Postas/Congelado",https://www.continente.pt/dw/image/v2/BDVS_PRD/on/demandware.static/-/Sites-col-master-catalog/default/dwb92922f0/images/col/495/4952137-frente.jpg?sw=280&sh=280,emb. 400 gr,https://www.continente.pt/produto/medalhoes-de-pescada-do-cabo-ultracongelados-continente-4952137.html,congelados,2025-04-23,Continente
Gelado Baunilha Pecan Les Desserts,8083243,3.59,"€4,35/lt",Carte DOr,Congelados/Gelados/Gelados Familiares,https://www.continente.pt/dw/image/v2/BDVS_PRD/on/demandware.static/-/Sites-col-master-catalog/default/dw31340f1a/images/col/808/8083243-frente.png?sw=280&sh=280,emb. 825 ml,https://www.continente.pt/produto/gelado-baunilha-pecan-les-desserts-carte-dor-8083243.html,congelados,2025-04-23,Continente
Camarão Vannamei 20/30 Congelado,3765165,8.99,"€0,36/un",,Frescos/Peixaria/Marisco/Congelado,https://www.continente.pt/dw/image/v2/BDVS_PRD/on/demandware.static/-/Sites-col-master-catalog/default/dwc9d63c0f/images/col/376/3765165-frente.jpg?sw=280&sh=280,Quant. Mínima = 400 gr (10 un),https://www.continente.pt/produto/camarao-vannamei-20-30-congelado-3765165.html,congelados,2025-04-23,Continente
Bife de Atum Ultracongelado,3779616,5.29,"€13,22/kg",Continente,"Frescos/Peixaria/Filetes, Lombos e Postas/Congelado",https://www.continente.pt/dw/image/v2/BDVS_PRD/on/demandware.static/-/Sites-col-master-catalog/default/dw8a34669d/images/col/377/3779616-frente.jpg?sw=280&sh=280,emb. 400 gr,https://www.continente.pt/produto/bife-de-atum-ultracongelado-continente-3779616.html,congelados,2025-04-23,Continente
Hambúrgueres de Vaca sem Glúten,7143239,16.99,"€11,80/kg",Capitão Iglo,Congelados/Hambúrgueres e Almôndegas,https://www.continente.pt/dw/image/v2/BDVS_PRD/on/demandware.static/-/Sites-col-master-catalog/default/dw430f4851/images/col/714/7143239-direito.jpg?sw=280&sh=280,"emb. 1,440 kg (18 un)",https://www.continente.pt/produto/hamburgueres-de-vaca-sem-gluten-capitao-iglo-7143239.html,congelados,2025-04-23,Continente
Nuggets de Frango e Queijo,7613827,14.99,"€13,88/kg",Capitão Iglo,Congelados/Nuggets e Crocantes,https://www.continente.pt/dw/image/v2/BDVS_PRD/on/demandware.static/-/Sites-col-master-catalog/default/dwf09868ea/images/col/761/7613827-frente.jpg?sw=280&sh=280,"1,080 gr  (50 un)",https://www.continente.pt/produto/nuggets-de-frango-e-queijo-capitao-iglo-7613827.html,congelados,2025-04-23,Continente
Pizza Ristorante de Quatro Queijos,3002456,3.69,"€11,53/kg",Ristorante,Congelados/Pizzas,https://www.continente.pt/dw/image/v2/BDVS_PRD/on/demandware.static/-/Sites-col-master-catalog/default/dw653aee23/images/col/300/3002456-direito.png?sw=280&sh=280,emb. 361 gr,https://www.continente.pt/produto/pizza-ristorante-de-quatro-queijos-ristorante-3002456.html,congelados,2025-04-23,Continente
Pescada Média do Cabo MSC para Cozer Ultracongelada,4738009,4.39,"€7,32/kg",Continente,"Frescos/Peixaria/Filetes, Lombos e Postas/Congelado",https://www.continente.pt/dw/image/v2/BDVS_PRD/on/demandware.static/-/Sites-col-master-catalog/default/dw985ac64e/images/col/473/4738009-cima.jpg?sw=280&sh=280,emb. 600 gr,https://www.continente.pt/produto/pescada-media-do-cabo-msc-para-cozer-ultracongelada-continente-4738009.html,congelados,2025-04-23,Continente
Jardineira,6780868,0.99,"€1,32/kg",Continente,Congelados/Frutas e Legumes/Misturas de Legumes,https://www.continente.pt/dw/image/v2/BDVS_PRD/on/demandware.static/-/Sites-col-master-catalog/default/dw47aec8fc/images/col/678/6780868-frente.jpg?sw=280&sh=280,emb. 750 gr,https://www.continente.pt/produto/jardineira-continente-6780868.html,congelados,2025-04-23,Continente
Peito de Frango com Mac and Cheese,7795052,6.49,"€6,49/un",Prozis,Congelados/Refeições Prontas,https://www.continente.pt/dw/image/v2/BDVS_PRD/on/demandware.static/-/Sites-col-master-catalog/default/dw2b8d028d/images/col/779/7795052-frente.jpg?sw=280&sh=280,emb. 360 gr,https://www.continente.pt/produto/peito-de-frango-com-mac-and-cheese-prozis-7795052.html,congelados,2025-04-23,Continente
Hambúrguer de Frango sem Glúten,7143280,16.99,"€15,73/kg",Capitão Iglo,Congelados/Hambúrgueres e Almôndegas,https://www.continente.pt/dw/image/v2/BDVS_PRD/on/demandware.static/-/Sites-col-master-catalog/default/dw8f91124b/images/col/714/7143280-frente.jpg?sw=280&sh=280,"emb. 1,080 kg (18 un)",https://www.continente.pt/produto/hamburguer-de-frango-sem-gluten-capitao-iglo-7143280.html,congelados,2025-04-23,Continente
Lombos de Bacalhau 9 Meses de Cura MSC Ultracongelado,8048878,24.99,"€31,24/kg",Riberalves,Frescos/Peixaria/Bacalhau/Congelado,https://www.continente.pt/dw/image/v2/BDVS_PRD/on/demandware.static/-/Sites-col-master-catalog/default/dw28a86b4f/images/col/804/8048878-frente.jpg?sw=280&sh=280,3 un x 266 gr (800 gr),https://www.continente.pt/produto/lombos-de-bacalhau-9-meses-de-cura-msc-ultracongelado-riberalves-8048878.html,congelados,2025-04-23,Continente
Gelado Morango e Merengue Les Desserts,8013080,3.59,"€4,35/lt",Carte DOr,Congelados/Gelados/Gelados Familiares,https://www.continente.pt/dw/image/v2/BDVS_PRD/on/demandware.static/-/Sites-col-master-catalog/default/dw93919074/images/col/801/8013080-cima.jpg?sw=280&sh=280,emb. 825 ml,https://www.continente.pt/produto/gelado-morango-e-merengue-les-desserts-carte-dor-8013080.html,congelados,2025-04-23,Continente
Pescada Grande do Cabo MSC para Cozer Ultracongelada,4741881,6.25,"€7,81/kg",Continente,"Frescos/Peixaria/Filetes, Lombos e Postas/Congelado",https://www.continente.pt/dw/image/v2/BDVS_PRD/on/demandware.static/-/Sites-col-master-catalog/default/dw5982ad4e/images/col/474/4741881-frente.jpg?sw=280&sh=280,emb. 800 gr,https://www.continente.pt/produto/pescada-grande-do-cabo-msc-para-cozer-ultracongelada-continente-4741881.html,congelados,2025-04-23,Continente
Crepes com Chocolate Belga,5148306,3.89,"€7,20/kg",Continente,Congelados/Sobremesas/Crepes e Petit Gâteau,https://www.continente.pt/dw/image/v2/BDVS_PRD/on/demandware.static/-/Sites-col-master-catalog/default/dwd6b995a7/images/col/514/5148306-frente.jpg?sw=280&sh=280,emb. 540 gr (6 un),https://www.continente.pt/produto/crepes-com-chocolate-belga-continente-5148306.html,congelados,2025-04-23,Continente
Lula Limpa Ultracongelada,4785427,9.99,"€9,99/kg",Continente,"Frescos/Peixaria/Polvo, Lulas e Chocos/Congelado",https://www.continente.pt/dw/image/v2/BDVS_PRD/on/demandware.static/-/Sites-col-master-catalog/default/dw238efb35/images/col/478/4785427-cima.jpg?sw=280&sh=280,emb. 1 kg,https://www.continente.pt/produto/lula-limpa-ultracongelada-continente-4785427.html,congelados,2025-04-23,Continente
Pizza Ristorante de Atum,3002475,3.69,"€10,39/kg",Ristorante,Congelados/Pizzas,https://www.continente.pt/dw/image/v2/BDVS_PRD/on/demandware.static/-/Sites-col-master-catalog/default/dw4eb52ca7/images/col/300/3002475-direito.png?sw=280&sh=280,emb. 355 gr,https://www.continente.pt/produto/pizza-ristorante-de-atum-ristorante-3002475.html,congelados,2025-04-23,Continente
Almôndegas com Molho Bolonhesa,4403932,5.99,"€14,98/kg",Iglo,Congelados/Hambúrgueres e Almôndegas,https://www.continente.pt/dw/image/v2/BDVS_PRD/on/demandware.static/-/Sites-col-master-catalog/default/dw9d565302/images/col/440/4403932-frente.jpg?sw=280&sh=280,emb. 400 gr,https://www.continente.pt/produto/almondegas-com-molho-bolonhesa-iglo-4403932.html,congelados,2025-04-23,Continente
Douradinhos de Salmão,4310316,4.99,"€17,82/kg",Capitão Iglo,Congelados/Douradinhos e Filetes,https://www.continente.pt/dw/image/v2/BDVS_PRD/on/demandware.static/-/Sites-col-master-catalog/default/dw734da542/images/col/431/4310316-direito.jpg?sw=280&sh=280,emb. 280 gr (10 un),https://www.continente.pt/produto/douradinhos-de-salmao-capitao-iglo-4310316.html,congelados,2025-04-23,Continente
"Gelado Mini Chocolate Clássico, Amêndoa e Chocolate Branco",7975656,5.69,"€10,35/lt",Magnum,Congelados/Gelados/Gelados de Pauzinho,https://www.continente.pt/dw/image/v2/BDVS_PRD/on/demandware.static/-/Sites-col-master-catalog/default/dw1a553a21/images/col/797/7975656-frente.png?sw=280&sh=280,emb. 550 ml (10 un),https://www.continente.pt/produto/gelado-mini-chocolate-classico-amendoa-e-chocolate-branco-magnum-7975656.html,congelados,2025-04-23,Continente
Gelado Mini Cone Clássico,6470103,3.89,"€8,10/lt",Cornetto,Congelados/Gelados/Gelados de Cone,https://www.continente.pt/dw/image/v2/BDVS_PRD/on/demandware.static/-/Sites-col-master-catalog/default/dw0f93aaf9/images/col/647/6470103-hero.png?sw=280&sh=280,emb. 480 ml (8 un),https://www.continente.pt/produto/gelado-mini-cone-classico-cornetto-6470103.html,congelados,2025-04-23,Continente
Lombos de Bacalhau 4 Meses de Cura MSC Ultracongelado,6130922,15.29,"€27,80/kg",Riberalves,Frescos/Peixaria/Bacalhau/Congelado,https://www.continente.pt/dw/image/v2/BDVS_PRD/on/demandware.static/-/Sites-col-master-catalog/default/dwd2af7b10/images/col/613/6130922-cima.jpg?sw=280&sh=280,2 un x 275 gr (550 gr),https://www.continente.pt/produto/lombos-de-bacalhau-4-meses-de-cura-msc-ultracongelado-riberalves-6130922.html,congelados,2025-04-23,Continente
Bife de Atum Ultracongelado,7621341,4.49,"€17,96/kg",Continente Seleção,"Frescos/Peixaria/Filetes, Lombos e Postas/Congelado",https://www.continente.pt/dw/image/v2/BDVS_PRD/on/demandware.static/-/Sites-col-master-catalog/default/dw53196984/images/col/762/7621341-cima.jpg?sw=280&sh=280,emb. 250 gr,https://www.continente.pt/produto/bife-de-atum-ultracongelado-continente-selecao-7621341.html,congelados,2025-04-23,Continente
Gelado Mini Chocolate Negro,6494390,4.49,"€13,61/lt",Magnum,Congelados/Gelados/Gelados de Pauzinho,https://www.continente.pt/dw/image/v2/BDVS_PRD/on/demandware.static/-/Sites-col-master-catalog/default/dw14f6c73e/images/col/649/6494390-hero.jpg?sw=280&sh=280,emb. 330 ml (6 un),https://www.continente.pt/produto/gelado-mini-chocolate-negro-magnum-6494390.html,congelados,2025-04-23,Continente
Gelado Cone Chocolate,7371929,3.29,"€6,09/lt",Cornetto,Congelados/Gelados/Gelados de Cone,https://www.continente.pt/dw/image/v2/BDVS_PRD/on/demandware.static/-/Sites-col-master-catalog/default/dwff9b9ca2/images/col/737/7371929-hero.jpg?sw=280&sh=280,emb. 540 ml (6 un),https://www.continente.pt/produto/gelado-cone-chocolate-cornetto-7371929.html,congelados,2025-04-23,Continente
Filetes Recheados Espinafres,7409960,4.99,"€16,63/kg",Iglo,Congelados/Douradinhos e Filetes,https://www.continente.pt/dw/image/v2/BDVS_PRD/on/demandware.static/-/Sites-col-master-catalog/default/dw00c0bff5/images/col/740/7409960-direito.jpg?sw=280&sh=280,emb. 300 gr (3 un),https://www.continente.pt/produto/filetes-recheados-espinafres-iglo-7409960.html,congelados,2025-04-23,Continente
Lombos de Pescada do Cabo Ultracongelada,7630222,19.99,"€19,99/kg",Iglo,"Frescos/Peixaria/Filetes, Lombos e Postas/Congelado",https://www.continente.pt/dw/image/v2/BDVS_PRD/on/demandware.static/-/Sites-col-master-catalog/default/dwedc29bc2/images/col/763/7630222-frente.jpg?sw=280&sh=280,10 un x 100 gr (1 kg),https://www.continente.pt/produto/lombos-de-pescada-do-cabo-ultracongelada-iglo-7630222.html,congelados,2025-04-23,Continente
Ervilhas,7917955,0.99,"€2,48/kg",Continente,Congelados/Frutas e Legumes/Legumes,https://www.continente.pt/dw/image/v2/BDVS_PRD/on/demandware.static/-/Sites-col-master-catalog/default/dw8d0ea545/images/col/791/7917955-frente.jpg?sw=280&sh=280,emb. 400 gr,https://www.continente.pt/produto/ervilhas-continente-7917955.html,congelados,2025-04-23,Continente
Nuggets de Frango Polme Americano,6700258,9.99,"€14,33/kg",Capitão Iglo,Congelados/Nuggets e Crocantes,https://www.continente.pt/dw/image/v2/BDVS_PRD/on/demandware.static/-/Sites-col-master-catalog/default/dw11c3a102/images/col/670/6700258-frente.jpg?sw=280&sh=280,emb. 697 gr (38 un),https://www.continente.pt/produto/nuggets-de-frango-polme-americano-capitao-iglo-6700258.html,congelados,2025-04-23,Continente
Gelado Mini Sandwich,6592674,2.99,"€5,86/lt",Continente,Congelados/Gelados/Mini Bites e Sandwich,https://www.continente.pt/dw/image/v2/BDVS_PRD/on/demandware.static/-/Sites-col-master-catalog/default/dw6ffc69fa/images/col/659/6592674-hero.jpg?sw=280&sh=280,emb. 510 ml (6 un),https://www.continente.pt/produto/gelado-mini-sandwich-continente-6592674.html,congelados,2025-04-23,Continente
Medalhões de Pescada sem Pele Ultracongelada,2211915,5.79,"€14,47/kg",Pescanova,"Frescos/Peixaria/Filetes, Lombos e Postas/Congelado",https://www.continente.pt/dw/image/v2/BDVS_PRD/on/demandware.static/-/Sites-col-master-catalog/default/dwf51e37eb/images/col/221/2211915-frente.jpg?sw=280&sh=280,4 un x 100 gr (400 gr),https://www.continente.pt/produto/medalhoes-de-pescada-sem-pele-ultracongelada-pescanova-2211915.html,congelados,2025-04-23,Continente
Gelado Mini Magníficos Sortido de Clássicos,7430573,3.79,"€6,32/lt",Continente,Congelados/Gelados/Gelados de Pauzinho,https://www.continente.pt/dw/image/v2/BDVS_PRD/on/demandware.static/-/Sites-col-master-catalog/default/dw1021c1bf/images/col/743/7430573-frente.png?sw=280&sh=280,emb. 600 ml (12 un),https://www.continente.pt/produto/gelado-mini-magnificos-sortido-de-classicos-continente-7430573.html,congelados,2025-04-23,Continente
Barrinhas de Pescada sem Glúten,8069977,8.99,"€7,49/kg",Pescanova,Congelados/Douradinhos e Filetes,https://www.continente.pt/dw/image/v2/BDVS_PRD/on/demandware.static/-/Sites-col-master-catalog/default/dw30233657/images/col/806/8069977-frente.png?sw=280&sh=280,"emb. 1,2 kg (38 a 42 un)",https://www.continente.pt/produto/barrinhas-de-pescada-sem-gluten-pescanova-8069977.html,congelados,2025-04-23,Continente
Gelado Caramelo Salgado Les Desserts,7947230,3.59,"€4,35/lt",Carte DOr,Congelados/Gelados/Gelados Familiares,https://www.continente.pt/dw/image/v2/BDVS_PRD/on/demandware.static/-/Sites-col-master-catalog/default/dw58fbedc6/images/col/794/7947230-cima.jpg?sw=280&sh=280,emb. 825 ml,https://www.continente.pt/produto/gelado-caramelo-salgado-les-desserts-carte-dor-7947230.html,congelados,2025-04-23,Continente
Filetes Primavera Alecrim e Sal Marinho,5467669,3.74,"€16,62/kg",Iglo,Congelados/Douradinhos e Filetes,https://www.continente.pt/dw/image/v2/BDVS_PRD/on/demandware.static/-/Sites-col-master-catalog/default/dwba4b8e33/images/col/546/5467669-direito.jpg?sw=280&sh=280,emb. 225 gr (2 un),https://www.continente.pt/produto/filetes-primavera-alecrim-e-sal-marinho-iglo-5467669.html,congelados,2025-04-23,Continente
Gelado Cookies & Cream Les Desserts,7947226,3.59,"€4,35/lt",Carte DOr,Congelados/Gelados/Gelados Familiares,https://www.continente.pt/dw/image/v2/BDVS_PRD/on/demandware.static/-/Sites-col-master-catalog/default/dw4aca6fe4/images/col/794/7947226-cima.jpg?sw=280&sh=280,emb. 825 ml,https://www.continente.pt/produto/gelado-cookies-cream-les-desserts-carte-dor-7947226.html,congelados,2025-04-23,Continente
Pizza Prosciutto,7577214,3.69,"€10,85/kg",Ristorante,Congelados/Pizzas,https://www.continente.pt/dw/image/v2/BDVS_PRD/on/demandware.static/-/Sites-col-master-catalog/default/dw1feb633f/images/col/757/7577214-direito.png?sw=280&sh=280,emb. 340 gr,https://www.continente.pt/produto/pizza-prosciutto-ristorante-7577214.html,congelados,2025-04-23,Continente
Espinafres Mil-Folhas,5383692,1.64,"€4,10/kg",Bonduelle,Congelados/Frutas e Legumes/Legumes,https://www.continente.pt/dw/image/v2/BDVS_PRD/on/demandware.static/-/Sites-col-master-catalog/default/dwae251a28/images/col/538/5383692-frente.jpg?sw=280&sh=280,emb. 400 gr,https://www.continente.pt/produto/espinafres-mil-folhas-bonduelle-5383692.html,congelados,2025-04-23,Continente
Batata aos Cubos,8172821,1.99,"€1,99/kg",Continente,Congelados/Batata Frita e Puré,https://www.continente.pt/dw/image/v2/BDVS_PRD/on/demandware.static/-/Sites-col-master-catalog/default/dwc0cc0054/images/col/817/8172821-frente.jpg?sw=280&sh=280,emb. 1 kg,https://www.continente.pt/produto/batata-aos-cubos-continente-8172821.html,congelados,2025-04-23,Continente
Lombos de Bacalhau 12 Meses de Cura MSC Gourmet Ultracongelado,6364533,32.79,"€32,79/kg",Riberalves,Frescos/Peixaria/Bacalhau/Congelado,https://www.continente.pt/dw/image/v2/BDVS_PRD/on/demandware.static/-/Sites-col-master-catalog/default/dw1ae59e77/images/col/636/6364533-frente.jpg?sw=280&sh=280,3 un (1 kg),https://www.continente.pt/produto/lombos-de-bacalhau-12-meses-de-cura-msc-gourmet-ultracongelado-riberalves-6364533.html,congelados,2025-04-23,Continente
Filetes de Peixe Gato Riscado Congelado,7042361,6.99,"€6,99/kg",,"Frescos/Peixaria/Filetes, Lombos e Postas/Congelado",https://www.continente.pt/dw/image/v2/BDVS_PRD/on/demandware.static/-/Sites-col-master-catalog/default/dw7335f558/images/col/704/7042361-frente.png?sw=280&sh=280,emb. 1 kg,https://www.continente.pt/produto/filetes-de-peixe-gato-riscado-congelado-7042361.html,congelados,2025-04-23,Continente
Posta de Maruca 2ª Pele Congelada,6917631,10.99,"€2,75/un",Continente,"Frescos/Peixaria/Filetes, Lombos e Postas/Congelado",https://www.continente.pt/dw/image/v2/BDVS_PRD/on/demandware.static/-/Sites-col-master-catalog/default/dwb2acbc97/images/col/691/6917631-frente.jpg?sw=280&sh=280,emb. 250 gr,https://www.continente.pt/produto/posta-de-maruca-2-pele-congelada-continente-6917631.html,congelados,2025-04-23,Continente
Filetes Primavera Quinoa e 4 Sementes,6911781,3.74,"€14,96/kg",Iglo,Congelados/Douradinhos e Filetes,https://www.continente.pt/dw/image/v2/BDVS_PRD/on/demandware.static/-/Sites-col-master-catalog/default/dwf0703ef9/images/col/691/6911781-direito.jpg?sw=280&sh=280,emb. 250 gr (2 un),https://www.continente.pt/produto/filetes-primavera-quinoa-e-4-sementes-iglo-6911781.html,congelados,2025-04-23,Continente
Cubos de Tamboril Congelado,4616789,3.79,"€7,58/kg",,"Frescos/Peixaria/Filetes, Lombos e Postas/Congelado",https://www.continente.pt/dw/image/v2/BDVS_PRD/on/demandware.static/-/Sites-col-master-catalog/default/dwe2b2a9bf/images/col/461/4616789-frente.jpg?sw=280&sh=280,emb. 500 gr,https://www.continente.pt/produto/cubos-de-tamboril-congelado-4616789.html,congelados,2025-04-23,Continente
Pizza Romana,7252666,2.39,"€6,83/kg",Continente,Congelados/Pizzas,https://www.continente.pt/dw/image/v2/BDVS_PRD/on/demandware.static/-/Sites-col-master-catalog/default/dw81614039/images/col/725/7252666-hero.jpg?sw=280&sh=280,emb. 350 gr,https://www.continente.pt/produto/pizza-romana-continente-7252666.html,congelados,2025-04-23,Continente
Lombinho de Peru Congelado,7789810,8.89,"€4,45/un",Continente,Frescos/Talho/Frango e Peru/Peru,https://www.continente.pt/dw/image/v2/BDVS_PRD/on/demandware.static/-/Sites-col-master-catalog/default/dwecdfa64c/images/col/778/7789810-cima.jpg?sw=280&sh=280,emb. 500 gr (aprox.),https://www.continente.pt/produto/lombinho-de-peru-congelado-continente-7789810.html,congelados,2025-04-23,Continente
Pizza Mozzarella,7334025,2.39,"€6,73/kg",Continente,Congelados/Pizzas,https://www.continente.pt/dw/image/v2/BDVS_PRD/on/demandware.static/-/Sites-col-master-catalog/default/dw6ef89d93/images/col/733/7334025-frente.jpg?sw=280&sh=280,emb. 335 gr,https://www.continente.pt/produto/pizza-mozzarella-continente-7334025.html,congelados,2025-04-23,Continente
Pastéis de Bacalhau Gourmet para Forno,7650433,4.99,"€19,49/kg",Riberalves,"Congelados/Salgados, Folhados e Pastelaria/Salgados",https://www.continente.pt/dw/image/v2/BDVS_PRD/on/demandware.static/-/Sites-col-master-catalog/default/dw574e6ef7/images/col/765/7650433-frente.jpg?sw=280&sh=280,emb. 256 gr,https://www.continente.pt/produto/pasteis-de-bacalhau-gourmet-para-forno-riberalves-7650433.html,congelados,2025-04-23,Continente
Posta de Pescada Nº 3 do Cabo para Cozer Ultracongelada,2211982,5.99,"€9,98/kg",Pescanova,"Frescos/Peixaria/Filetes, Lombos e Postas/Congelado",https://www.continente.pt/dw/image/v2/BDVS_PRD/on/demandware.static/-/Sites-col-master-catalog/default/dw7eccb767/images/col/221/2211982-cima.jpg?sw=280&sh=280,emb. 600 gr,https://www.continente.pt/produto/posta-de-pescada-n-3-do-cabo-para-cozer-ultracongelada-pescanova-2211982.html,congelados,2025-04-23,Continente
Brócolos,7473092,3.99,"€7,49/kg",Iglo,Congelados/Frutas e Legumes/Legumes,https://www.continente.pt/dw/image/v2/BDVS_PRD/on/demandware.static/-/Sites-col-master-catalog/default/dw90b8c12e/images/col/747/7473092-frente.jpg?sw=280&sh=280,emb. 533 gr,https://www.continente.pt/produto/brocolos-iglo-7473092.html,congelados,2025-04-23,Continente
Coxinhas de Frango,7904876,3.29,"€9,14/kg",Continente,"Congelados/Salgados, Folhados e Pastelaria/Salgados",https://www.continente.pt/dw/image/v2/BDVS_PRD/on/demandware.static/-/Sites-col-master-catalog/default/dw94866bee/images/col/790/7904876-frente.jpg?sw=280&sh=280,emb. 360 gr (9 un),https://www.continente.pt/produto/coxinhas-de-frango-continente-7904876.html,congelados,2025-04-23,Continente
Pizza Hawai,7541591,5.89,"€14,19/kg",Casa di Mama,Congelados/Pizzas,https://www.continente.pt/dw/image/v2/BDVS_PRD/on/demandware.static/-/Sites-col-master-catalog/default/dwd8df3d8f/images/col/754/7541591-direito.png?sw=280&sh=280,emb. 415 gr,https://www.continente.pt/produto/pizza-hawai-casa-di-mama-7541591.html,congelados,2025-04-23,Continente
Nuggets de Frango,7156595,3.99,"€6,65/kg",Continente,Congelados/Nuggets e Crocantes,https://www.continente.pt/dw/image/v2/BDVS_PRD/on/demandware.static/-/Sites-col-master-catalog/default/dw94e029cf/images/col/715/7156595-hero.jpg?sw=280&sh=280,emb. 600 gr (30 un),https://www.continente.pt/produto/nuggets-de-frango-continente-7156595.html,congelados,2025-04-23,Continente
Gelado Cheesecake Morango,6787662,7.79,"€16,93/lt",Häagen-Dazs,Congelados/Gelados/Gelados Americanos,https://www.continente.pt/dw/image/v2/BDVS_PRD/on/demandware.static/-/Sites-col-master-catalog/default/dw971b0b0f/images/col/678/6787662-hero.jpg?sw=280&sh=280,emb. 460 ml,https://www.continente.pt/produto/gelado-cheesecake-morango-haagen-dazs-6787662.html,congelados,2025-04-23,Continente
Hambúrguer Panado Vegan Sabor a Frango,7526169,3.09,"€17,17/kg",The Vegetarian Butcher,Congelados/Hambúrgueres e Almôndegas,https://www.continente.pt/dw/image/v2/BDVS_PRD/on/demandware.static/-/Sites-col-master-catalog/default/dwed51e691/images/col/752/7526169-hero.jpg?sw=280&sh=280,emb. 180 gr,https://www.continente.pt/produto/hamburguer-panado-vegan-sabor-a-frango-the-vegetarian-butcher-7526169.html,congelados,2025-04-23,Continente
Batata Wedges,8020284,1.89,"€2,52/kg",Continente,Congelados/Batata Frita e Puré,https://www.continente.pt/dw/image/v2/BDVS_PRD/on/demandware.static/-/Sites-col-master-catalog/default/dwecf8ddc1/images/col/802/8020284-frente.jpg?sw=280&sh=280,emb. 750 gr,https://www.continente.pt/produto/batata-wedges-continente-8020284.html,congelados,2025-04-23,Continente
Filetes Primavera Limão,8069186,9.73,"€14,41/kg",Iglo,Congelados/Douradinhos e Filetes,https://www.continente.pt/dw/image/v2/BDVS_PRD/on/demandware.static/-/Sites-col-master-catalog/default/dw2005ff70/images/col/806/8069186-frente.png?sw=280&sh=280,emb. 3 x 225 gr (2 un),https://www.continente.pt/produto/filetes-primavera-limao-iglo-8069186.html,congelados,2025-04-23,Continente
Rissóis de Camarão para Forno,5322836,2.99,"€8,31/kg",Continente,"Congelados/Salgados, Folhados e Pastelaria/Salgados",https://www.continente.pt/dw/image/v2/BDVS_PRD/on/demandware.static/-/Sites-col-master-catalog/default/dw68acf11f/images/col/532/5322836-hero.jpg?sw=280&sh=280,emb. 360 gr (8 un),https://www.continente.pt/produto/rissois-de-camarao-para-forno-continente-5322836.html,congelados,2025-04-23,Continente
Posta de Solha Congelada,6926310,5.49,"€6,86/kg",Continente,"Frescos/Peixaria/Filetes, Lombos e Postas/Congelado",https://www.continente.pt/dw/image/v2/BDVS_PRD/on/demandware.static/-/Sites-col-master-catalog/default/dw0a3de882/images/col/692/6926310-frente.jpg?sw=280&sh=280,emb. 800 gr,https://www.continente.pt/produto/posta-de-solha-congelada-continente-6926310.html,congelados,2025-04-23,Continente
Veggie Bowls de Couscous e Edamame,7090521,3.99,"€11,40/kg",Iglo Green Cuisine,Congelados/Frutas e Legumes/Misturas de Legumes,https://www.continente.pt/dw/image/v2/BDVS_PRD/on/demandware.static/-/Sites-col-master-catalog/default/dwfe6ae17b/images/col/709/7090521-frente.jpg?sw=280&sh=280,emb. 350 gr,https://www.continente.pt/produto/veggie-bowls-de-couscous-e-edamame-iglo-green-cuisine-7090521.html,congelados,2025-04-23,Continente
Veggie Bowls Trigo Sarraceno e Brócolos,6588553,3.99,"€11,40/kg",Iglo Green Cuisine,Congelados/Frutas e Legumes/Misturas de Legumes,https://www.continente.pt/dw/image/v2/BDVS_PRD/on/demandware.static/-/Sites-col-master-catalog/default/dwe4ea3a63/images/col/658/6588553-frente.jpg?sw=280&sh=280,emb. 350 gr,https://www.continente.pt/produto/veggie-bowls-trigo-sarraceno-e-brocolos-iglo-green-cuisine-6588553.html,congelados,2025-04-23,Continente
Batata Palitos para Airfryer,7834378,3.19,"€5,32/kg",McCain,Congelados/Batata Frita e Puré,https://www.continente.pt/dw/image/v2/BDVS_PRD/on/demandware.static/-/Sites-col-master-catalog/default/dw27120f1b/images/col/783/7834378-frente.png?sw=280&sh=280,emb. 600 gr,https://www.continente.pt/produto/batata-palitos-para-airfryer-mccain-7834378.html,congelados,2025-04-23,Continente
Osso Buco de Vitela Branca Congelado,7412680,9.99,"€6,79/un",Continente,"Frescos/Talho/Novilho, Vitela e Vitelão",https://www.continente.pt/dw/image/v2/BDVS_PRD/on/demandware.static/-/Sites-col-master-catalog/default/dw30f45d1a/images/col/741/7412680-frente.jpg?sw=280&sh=280,emb. 680 gr (aprox.),https://www.continente.pt/produto/osso-buco-de-vitela-branca-congelado-continente-7412680.html,congelados,2025-04-23,Continente
Mini Hambúrgueres de Beterraba e Linhaça,7207958,5.34,"€19,78/kg",Iglo Green Cuisine,Congelados/Hambúrgueres e Almôndegas,https://www.continente.pt/dw/image/v2/BDVS_PRD/on/demandware.static/-/Sites-col-master-catalog/default/dw501a4cdb/images/col/720/7207958-frente.jpg?sw=280&sh=280,emb. 270 gr (6 un),https://www.continente.pt/produto/mini-hamburgueres-de-beterraba-e-linhaca-iglo-green-cuisine-7207958.html,congelados,2025-04-23,Continente
Mini Pizzas de Três Queijos,3052233,4.75,"€17,59/kg",Buitoni Piccolinis,Congelados/Pizzas,https://www.continente.pt/dw/image/v2/BDVS_PRD/on/demandware.static/-/Sites-col-master-catalog/default/dw9e8718b0/images/col/305/3052233-hero.jpg?sw=280&sh=280,emb. 270 gr (9 un),https://www.continente.pt/produto/mini-pizzas-de-tres-queijos-buitoni-piccolinis-3052233.html,congelados,2025-04-23,Continente
Cubos de Tamboril Ultracongelados,2217113,8.59,"€28,63/kg",Pescanova,"Frescos/Peixaria/Filetes, Lombos e Postas/Congelado",https://www.continente.pt/dw/image/v2/BDVS_PRD/on/demandware.static/-/Sites-col-master-catalog/default/dw6a00ac95/images/col/221/2217113-direito.jpg?sw=280&sh=280,emb. 300 gr,https://www.continente.pt/produto/cubos-de-tamboril-ultracongelados-pescanova-2217113.html,congelados,2025-04-23,Continente
Lasanha Bolonhesa,5518930,2.99,"€9,97/kg",Iglo,Congelados/Refeições Prontas,https://www.continente.pt/dw/image/v2/BDVS_PRD/on/demandware.static/-/Sites-col-master-catalog/default/dwa081c4b0/images/col/551/5518930-direito.png?sw=280&sh=280,emb. 300 gr,https://www.continente.pt/produto/lasanha-bolonhesa-iglo-5518930.html,congelados,2025-04-23,Continente
Red Fish Médio Congelado,2214009,3.99,"€2,00/un",,Frescos/Peixaria/Peixe Congelado,https://www.continente.pt/dw/image/v2/BDVS_PRD/on/demandware.static/-/Sites-col-master-catalog/default/dw1123efce/images/col/221/2214009-frente.jpg?sw=280&sh=280,Quant. Mínima = 500 gr,https://www.continente.pt/produto/red-fish-medio-congelado-2214009.html,congelados,2025-04-23,Continente
Medalhões de Pescada do Cabo Ultracongelada,7647747,10.69,"€21,38/kg",Iglo,"Frescos/Peixaria/Filetes, Lombos e Postas/Congelado",https://www.continente.pt/dw/image/v2/BDVS_PRD/on/demandware.static/-/Sites-col-master-catalog/default/dw1c96766a/images/col/764/7647747-direito.jpg?sw=280&sh=280,emb. 500 gr,https://www.continente.pt/produto/medalhoes-de-pescada-do-cabo-ultracongelada-iglo-7647747.html,congelados,2025-04-23,Continente
Coentros Picados,2907551,1.69,"€11,27/kg",Continente,Congelados/Frutas e Legumes/Legumes,https://www.continente.pt/dw/image/v2/BDVS_PRD/on/demandware.static/-/Sites-col-master-catalog/default/dwc0194443/images/col/290/2907551-hero.jpg?sw=280&sh=280,emb. 150 gr,https://www.continente.pt/produto/coentros-picados-continente-2907551.html,congelados,2025-04-23,Continente
Gelado Baunilha & Morango,7390518,3.99,"€2,35/lt",Carte DOr,Congelados/Gelados/Gelados Familiares,https://www.continente.pt/dw/image/v2/BDVS_PRD/on/demandware.static/-/Sites-col-master-catalog/default/dw5c3a2f58/images/col/739/7390518-hero.jpg?sw=280&sh=280,"emb. 1,7 lt",https://www.continente.pt/produto/gelado-baunilha-morango-carte-dor-7390518.html,congelados,2025-04-23,Continente
Puré de Batata,3700127,3.59,"€4,79/kg",McCain,Congelados/Batata Frita e Puré,https://www.continente.pt/dw/image/v2/BDVS_PRD/on/demandware.static/-/Sites-col-master-catalog/default/dw4a0ab98e/images/col/370/3700127-frente.jpg?sw=280&sh=280,emb. 750 gr,https://www.continente.pt/produto/pure-de-batata-mccain-3700127.html,congelados,2025-04-23,Continente
Camarão Black Tiger 20/30 Congelado,5664357,10.99,"€0,44/un",,Frescos/Peixaria/Marisco/Congelado,https://www.continente.pt/dw/image/v2/BDVS_PRD/on/demandware.static/-/Sites-col-master-catalog/default/dw1082da68/images/col/566/5664357-cima.jpg?sw=280&sh=280,Quant. Mínima = 400 gr (10 un),https://www.continente.pt/produto/camarao-black-tiger-20-30-congelado-5664357.html,congelados,2025-04-23,Continente
Crocante de Frango Cordon Bleu,8017143,3.99,"€19,95/kg",Iglo,Congelados/Nuggets e Crocantes,https://www.continente.pt/dw/image/v2/BDVS_PRD/on/demandware.static/-/Sites-col-master-catalog/default/dwbed4f0d5/images/col/801/8017143-cima-direito.jpg?sw=280&sh=280,emb. 200 gr (2 un),https://www.continente.pt/produto/crocante-de-frango-cordon-bleu-iglo-8017143.html,congelados,2025-04-23,Continente
Nuggets de Frango,6089206,9.99,"€26,64/kg",Capitão Iglo,Congelados/Nuggets e Crocantes,https://www.continente.pt/dw/image/v2/BDVS_PRD/on/demandware.static/-/Sites-col-master-catalog/default/dwcaae6a4c/images/col/608/6089206-direito.jpg?sw=280&sh=280,emb. 375 gr (18 un),https://www.continente.pt/produto/nuggets-de-frango-capitao-iglo-6089206.html,congelados,2025-04-23,Continente
Gelado Mini Double Gold Caramelo Billionaire,7371936,4.49,"€13,61/lt",Magnum,Congelados/Gelados/Gelados de Pauzinho,https://www.continente.pt/dw/image/v2/BDVS_PRD/on/demandware.static/-/Sites-col-master-catalog/default/dw4c27cf30/images/col/737/7371936-hero.jpg?sw=280&sh=280,emb. 330 ml (6 un),https://www.continente.pt/produto/gelado-mini-double-gold-caramelo-billionaire-magnum-7371936.html,congelados,2025-04-23,Continente
Pizza Mozzarella e Pesto,7541598,5.89,"€15,10/kg",Tradizionale,Congelados/Pizzas,https://www.continente.pt/dw/image/v2/BDVS_PRD/on/demandware.static/-/Sites-col-master-catalog/default/dwf542cccd/images/col/754/7541598-direito.jpg?sw=280&sh=280,emb. 390 gr,https://www.continente.pt/produto/pizza-mozzarella-e-pesto-tradizionale-7541598.html,congelados,2025-04-23,Continente
Salsa Picada,2907539,1.69,"€11,27/kg",Continente,Congelados/Frutas e Legumes/Legumes,https://www.continente.pt/dw/image/v2/BDVS_PRD/on/demandware.static/-/Sites-col-master-catalog/default/dw234d5815/images/col/290/2907539-hero.jpg?sw=280&sh=280,emb. 150 gr,https://www.continente.pt/produto/salsa-picada-continente-2907539.html,congelados,2025-04-23,Continente
Rissóis de Carne Pré-Fritos,5322837,3.19,"€8,86/kg",Continente,"Congelados/Salgados, Folhados e Pastelaria/Salgados",https://www.continente.pt/dw/image/v2/BDVS_PRD/on/demandware.static/-/Sites-col-master-catalog/default/dw111a734d/images/col/532/5322837-hero.jpg?sw=280&sh=280,emb. 8 un,https://www.continente.pt/produto/rissois-de-carne-pre-fritos-continente-5322837.html,congelados,2025-04-23,Continente
Favas,5520179,1.99,"€1,99/kg",Continente,Congelados/Frutas e Legumes/Legumes,https://www.continente.pt/dw/image/v2/BDVS_PRD/on/demandware.static/-/Sites-col-master-catalog/default/dw1217a5b4/images/col/552/5520179-frente.jpg?sw=280&sh=280,emb. 1 kg,https://www.continente.pt/produto/favas-continente-5520179.html,congelados,2025-04-23,Continente
Miolo de Mexilhão Ultracongelado,4917531,1.79,"€7,16/kg",Continente,Frescos/Peixaria/Marisco/Congelado,https://www.continente.pt/dw/image/v2/BDVS_PRD/on/demandware.static/-/Sites-col-master-catalog/default/dwed4ca212/images/col/491/4917531-cima.jpg?sw=280&sh=280,emb. 250 gr,https://www.continente.pt/produto/miolo-de-mexilhao-ultracongelado-continente-4917531.html,congelados,2025-04-23,Continente
Mistura de Ervilhas e Cenoura,2839631,1.49,"€1,99/kg",Continente,Congelados/Frutas e Legumes/Misturas de Legumes,https://www.continente.pt/dw/image/v2/BDVS_PRD/on/demandware.static/-/Sites-col-master-catalog/default/dw988ed33c/images/col/283/2839631-frente.jpg?sw=280&sh=280,emb. 750 gr,https://www.continente.pt/produto/mistura-de-ervilhas-e-cenoura-continente-2839631.html,congelados,2025-04-23,Continente
Macedónia,5171860,1.99,"€1,99/kg",Continente,Congelados/Frutas e Legumes/Misturas de Legumes,https://www.continente.pt/dw/image/v2/BDVS_PRD/on/demandware.static/-/Sites-col-master-catalog/default/dw034513c5/images/col/517/5171860-frente.jpg?sw=280&sh=280,emb. 1 kg,https://www.continente.pt/produto/macedonia-continente-5171860.html,congelados,2025-04-23,Continente
Medalhões de Pescada do Cabo Ultracongelada,7630225,21.39,"€19,45/kg",Iglo,"Frescos/Peixaria/Filetes, Lombos e Postas/Congelado",https://www.continente.pt/dw/image/v2/BDVS_PRD/on/demandware.static/-/Sites-col-master-catalog/default/dwb5ed5aba/images/col/763/7630225-frente.jpg?sw=280&sh=280,"10 un x 110 gr (1,1 kg)",https://www.continente.pt/produto/medalhoes-de-pescada-do-cabo-ultracongelada-iglo-7630225.html,congelados,2025-04-23,Continente
Batata Palitos Tradition,2241682,3.29,"€3,29/kg",McCain,Congelados/Batata Frita e Puré,https://www.continente.pt/dw/image/v2/BDVS_PRD/on/demandware.static/-/Sites-col-master-catalog/default/dw55c1b917/images/col/224/2241682-frente.png?sw=280&sh=280,emb. 1 kg,https://www.continente.pt/produto/batata-palitos-tradition-mccain-2241682.html,congelados,2025-04-23,Continente
Gelado Caramelo Salgado,6787748,7.79,"€16,93/lt",Häagen-Dazs,Congelados/Gelados/Gelados Americanos,https://www.continente.pt/dw/image/v2/BDVS_PRD/on/demandware.static/-/Sites-col-master-catalog/default/dw69875612/images/col/678/6787748-hero.jpg?sw=280&sh=280,emb. 460 ml,https://www.continente.pt/produto/gelado-caramelo-salgado-haagen-dazs-6787748.html,congelados,2025-04-23,Continente
Hambúrguer de Frango sem Glúten,5696986,7.99,"€16,65/kg",Capitão Iglo,Congelados/Hambúrgueres e Almôndegas,https://www.continente.pt/dw/image/v2/BDVS_PRD/on/demandware.static/-/Sites-col-master-catalog/default/dw43318845/images/col/569/5696986-direito.jpg?sw=280&sh=280,emb. 480 gr (8 un),https://www.continente.pt/produto/hamburguer-de-frango-sem-gluten-capitao-iglo-5696986.html,congelados,2025-04-23,Continente
Douradinhos de Frango,4882809,6.99,"€27,96/kg",Capitão Iglo,Congelados/Douradinhos e Filetes,https://www.continente.pt/dw/image/v2/BDVS_PRD/on/demandware.static/-/Sites-col-master-catalog/default/dwe980fd09/images/col/488/4882809-direito.jpg?sw=280&sh=280,emb. 250 gr (10 un),https://www.continente.pt/produto/douradinhos-de-frango-capitao-iglo-4882809.html,congelados,2025-04-23,Continente
Miolo de Camarão Selvagem Cozido 60/80 Congelado,6986608,4.99,"€19,96/kg",Continente,Frescos/Peixaria/Marisco/Congelado,https://www.continente.pt/dw/image/v2/BDVS_PRD/on/demandware.static/-/Sites-col-master-catalog/default/dw54e7c62f/images/col/698/6986608-cima.jpg?sw=280&sh=280,emb. 250 gr,https://www.continente.pt/produto/miolo-de-camarao-selvagem-cozido-60-80-congelado-continente-6986608.html,congelados,2025-04-23,Continente
Choquinhos Limpos Ultracongelados,5833842,8.96,"€17,92/kg",Pescanova,"Frescos/Peixaria/Polvo, Lulas e Chocos/Congelado",https://www.continente.pt/dw/image/v2/BDVS_PRD/on/demandware.static/-/Sites-col-master-catalog/default/dwe48b917e/images/col/583/5833842-frente.jpg?sw=280&sh=280,emb. 500 gr,https://www.continente.pt/produto/choquinhos-limpos-ultracongelados-pescanova-5833842.html,congelados,2025-04-23,Continente
Bolinhas de Alheira e Chouriço,8020912,3.49,"€11,63/kg",Continente Seleção,"Congelados/Salgados, Folhados e Pastelaria/Salgados",https://www.continente.pt/dw/image/v2/BDVS_PRD/on/demandware.static/-/Sites-col-master-catalog/default/dw41179af5/images/col/802/8020912-frente.jpg?sw=280&sh=280,emb. 300 gr,https://www.continente.pt/produto/bolinhas-de-alheira-e-chourico-continente-selecao-8020912.html,congelados,2025-04-23,Continente
Pizza Ristorante Bolonhesa,4470616,3.69,"€9,84/kg",Ristorante,Congelados/Pizzas,https://www.continente.pt/dw/image/v2/BDVS_PRD/on/demandware.static/-/Sites-col-master-catalog/default/dw1c72fdd4/images/col/447/4470616-direito.png?sw=280&sh=280,emb. 395 gr,https://www.continente.pt/produto/pizza-ristorante-bolonhesa-ristorante-4470616.html,congelados,2025-04-23,Continente
Caprichos do Mar sem Glúten,3730857,8.73,"€8,73/kg",Pescanova,"Congelados/Salgados, Folhados e Pastelaria/Salgados",https://www.continente.pt/dw/image/v2/BDVS_PRD/on/demandware.static/-/Sites-col-master-catalog/default/dw389ed536/images/col/373/3730857-frente.jpg?sw=280&sh=280,emb. 1 kg,https://www.continente.pt/produto/caprichos-do-mar-sem-gluten-pescanova-3730857.html,congelados,2025-04-23,Continente
Pizza Snacks 3 Queijos,7576788,4.99,"€19,96/kg",Iglo Take Away,Congelados/Pizzas,https://www.continente.pt/dw/image/v2/BDVS_PRD/on/demandware.static/-/Sites-col-master-catalog/default/dwa97f71d5/images/col/757/7576788-frente.jpg?sw=280&sh=280,emb. 250 gr (2 un),https://www.continente.pt/produto/pizza-snacks-3-queijos-iglo-take-away-7576788.html,congelados,2025-04-23,Continente
Nuggets de Frango e Queijo,6089219,11.99,"€31,97/kg",Capitão Iglo,Congelados/Nuggets e Crocantes,https://www.continente.pt/dw/image/v2/BDVS_PRD/on/demandware.static/-/Sites-col-master-catalog/default/dw472e58e1/images/col/608/6089219-direito.jpg?sw=280&sh=280,emb. 375 gr (18 un),https://www.continente.pt/produto/nuggets-de-frango-e-queijo-capitao-iglo-6089219.html,congelados,2025-04-23,Continente
Mirtilos,7594144,4.99,"€16,63/kg",Origens Bio,Congelados/Frutas e Legumes/Frutas,https://www.continente.pt/dw/image/v2/BDVS_PRD/on/demandware.static/-/Sites-col-master-catalog/default/dw2dd54277/images/col/759/7594144-frente.jpg?sw=280&sh=280,emb. 300 gr,https://www.continente.pt/produto/mirtilos-origens-bio-7594144.html,congelados,2025-04-23,Continente
Couscous de Quinoa e Vegetais,6739066,2.29,"€7,63/kg",Continente,Congelados/Frutas e Legumes/Misturas de Legumes,https://www.continente.pt/dw/image/v2/BDVS_PRD/on/demandware.static/-/Sites-col-master-catalog/default/dw0cbe8caf/images/col/673/6739066-hero.jpg?sw=280&sh=280,emb. 300 gr,https://www.continente.pt/produto/couscous-de-quinoa-e-vegetais-continente-6739066.html,congelados,2025-04-23,Continente
Nuggets de Frango Polme Americano,7227710,3.49,"€14,24/kg",Capitão Iglo,Congelados/Nuggets e Crocantes,https://www.continente.pt/dw/image/v2/BDVS_PRD/on/demandware.static/-/Sites-col-master-catalog/default/dw025fcd86/images/col/722/7227710-direito.jpg?sw=280&sh=280,emb. 220 gr (12 un),https://www.continente.pt/produto/nuggets-de-frango-polme-americano-capitao-iglo-7227710.html,congelados,2025-04-23,Continente
Lombos de Salmão com Pele Ultracongelado,7907474,5.99,"€23,96/kg",Pescanova,Frescos/Peixaria/Peixe Congelado,https://www.continente.pt/dw/image/v2/BDVS_PRD/on/demandware.static/-/Sites-col-master-catalog/default/dw7b7a75c5/images/col/790/7907474-frente.png?sw=280&sh=280,emb. 250 gr,https://www.continente.pt/produto/lombos-de-salmao-com-pele-ultracongelado-pescanova-7907474.html,congelados,2025-04-23,Continente
Tagliatelle Cogumelos,7943897,2.99,"€9,97/kg",Iglo,Congelados/Refeições Prontas,https://www.continente.pt/dw/image/v2/BDVS_PRD/on/demandware.static/-/Sites-col-master-catalog/default/dw054915f4/images/col/794/7943897-frente.jpg?sw=280&sh=280,emb. 300 gr,https://www.continente.pt/produto/tagliatelle-cogumelos-iglo-7943897.html,congelados,2025-04-23,Continente
Douradinhos de Peixe Estaladiços,6452022,4.99,"€14,85/kg",Capitão Iglo,Congelados/Douradinhos e Filetes,https://www.continente.pt/dw/image/v2/BDVS_PRD/on/demandware.static/-/Sites-col-master-catalog/default/dw9a378bf4/images/col/645/6452022-direito.jpg?sw=280&sh=280,emb. 336 gr (12 un),https://www.continente.pt/produto/douradinhos-de-peixe-estaladicos-capitao-iglo-6452022.html,congelados,2025-04-23,Continente
Nuggets de Frango e Queijo,6047558,3.49,"€16,78/kg",Capitão Iglo,Congelados/Nuggets e Crocantes,https://www.continente.pt/dw/image/v2/BDVS_PRD/on/demandware.static/-/Sites-col-master-catalog/default/dweb2ae81f/images/col/604/6047558-direito.jpg?sw=280&sh=280,emb. 208 gr (10 un),https://www.continente.pt/produto/nuggets-de-frango-e-queijo-capitao-iglo-6047558.html,congelados,2025-04-23,Continente
Delícias do Mar Ultracongeladas,8045124,1.29,"€5,16/kg",Columbus,Frescos/Peixaria/Marisco/Congelado,https://www.continente.pt/dw/image/v2/BDVS_PRD/on/demandware.static/-/Sites-col-master-catalog/default/dw8e3a4d7b/images/col/804/8045124-topshot.jpg?sw=280&sh=280,emb. 250 gr,https://www.continente.pt/produto/delicias-do-mar-ultracongeladas-columbus-8045124.html,congelados,2025-04-23,Continente
Gelado Cone Clássico,7371928,3.29,"€6,09/lt",Cornetto,Congelados/Gelados/Gelados de Cone,https://www.continente.pt/dw/image/v2/BDVS_PRD/on/demandware.static/-/Sites-col-master-catalog/default/dw5685a45e/images/col/737/7371928-hero.jpg?sw=280&sh=280,emb. 540 ml (6 un),https://www.continente.pt/produto/gelado-cone-classico-cornetto-7371928.html,congelados,2025-04-23,Continente
Argolas do Mar Ultracongeladas,5020771,4.38,"€10,95/kg",Pescanova,"Frescos/Peixaria/Polvo, Lulas e Chocos/Congelado",https://www.continente.pt/dw/image/v2/BDVS_PRD/on/demandware.static/-/Sites-col-master-catalog/default/dwb5868ecf/images/col/502/5020771-frente.jpg?sw=280&sh=280,emb. 400 gr,https://www.continente.pt/produto/argolas-do-mar-ultracongeladas-pescanova-5020771.html,congelados,2025-04-23,Continente
Medalhões de Pescada do Cabo Ultracongelada,5477664,30.95,"€15,48/kg",Pescanova,"Frescos/Peixaria/Filetes, Lombos e Postas/Congelado",https://www.continente.pt/dw/image/v2/BDVS_PRD/on/demandware.static/-/Sites-col-master-catalog/default/dwff41666a/images/col/547/5477664-direito.jpg?sw=280&sh=280,emb. 2 kg,https://www.continente.pt/produto/medalhoes-de-pescada-do-cabo-ultracongelada-pescanova-5477664.html,congelados,2025-04-23,Continente
Bacalhau Desfiado 12 Meses de Cura MSC Congelado,7481164,6.09,"€15,22/kg",Riberalves,Frescos/Peixaria/Bacalhau/Congelado,https://www.continente.pt/dw/image/v2/BDVS_PRD/on/demandware.static/-/Sites-col-master-catalog/default/dw8c8af39c/images/col/748/7481164-cima.jpg?sw=280&sh=280,emb. 400 gr,https://www.continente.pt/produto/bacalhau-desfiado-12-meses-de-cura-msc-congelado-riberalves-7481164.html,congelados,2025-04-23,Continente
Posta de Peixe Espada Preto Congelado,8108508,9.49,"€13,56/kg",,"Frescos/Peixaria/Filetes, Lombos e Postas/Congelado",https://www.continente.pt/dw/image/v2/BDVS_PRD/on/demandware.static/-/Sites-col-master-catalog/default/dw5e7e0714/images/col/810/8108508-topshot-emb.jpg?sw=280&sh=280,emb. 700 gr,https://www.continente.pt/produto/posta-de-peixe-espada-preto-congelado-8108508.html,congelados,2025-04-23,Continente
Edamame Descascado,7835426,1.99,"€4,98/kg",Continente,Congelados/Frutas e Legumes/Legumes,https://www.continente.pt/dw/image/v2/BDVS_PRD/on/demandware.static/-/Sites-col-master-catalog/default/dwe340a2af/images/col/783/7835426-cima.jpg?sw=280&sh=280,emb. 400 gr,https://www.continente.pt/produto/edamame-descascado-continente-7835426.html,congelados,2025-04-23,Continente
Pizza Carbonara,7520332,2.39,"€7,03/kg",Continente,Congelados/Pizzas,https://www.continente.pt/dw/image/v2/BDVS_PRD/on/demandware.static/-/Sites-col-master-catalog/default/dwb536ca5a/images/col/752/7520332-hero.jpg?sw=280&sh=280,emb. 340 gr,https://www.continente.pt/produto/pizza-carbonara-continente-7520332.html,congelados,2025-04-23,Continente
Gyosas de Frango e Cogumelos,7985323,2.79,"€6,98/kg",Continente,"Congelados/Salgados, Folhados e Pastelaria/Salgados",https://www.continente.pt/dw/image/v2/BDVS_PRD/on/demandware.static/-/Sites-col-master-catalog/default/dwf9d9ab00/images/col/798/7985323-frente.jpg?sw=280&sh=280,emb. 400 gr,https://www.continente.pt/produto/gyosas-de-frango-e-cogumelos-continente-7985323.html,congelados,2025-04-23,Continente
Gelado Macadamia Nut Brittle,6787709,7.79,"€16,93/lt",Häagen-Dazs,Congelados/Gelados/Gelados Americanos,https://www.continente.pt/dw/image/v2/BDVS_PRD/on/demandware.static/-/Sites-col-master-catalog/default/dw3ad27fef/images/col/678/6787709-hero.jpg?sw=280&sh=280,emb. 460 ml,https://www.continente.pt/produto/gelado-macadamia-nut-brittle-haagen-dazs-6787709.html,congelados,2025-04-23,Continente
Bacalhau à Brás,5201596,2.59,"€8,63/kg",Continente,Congelados/Refeições Prontas,https://www.continente.pt/dw/image/v2/BDVS_PRD/on/demandware.static/-/Sites-col-master-catalog/default/dwd9579c8c/images/col/520/5201596-hero.jpg?sw=280&sh=280,emb. 300 gr,https://www.continente.pt/produto/bacalhau-a-bras-continente-5201596.html,congelados,2025-04-23,Continente
Delícias do Mar Ultracongeladas,8165888,4.92,"€9,84/kg",Pescanova,Frescos/Peixaria/Marisco/Congelado,https://www.continente.pt/dw/image/v2/BDVS_PRD/on/demandware.static/-/Sites-col-master-catalog/default/dwd41b0aac/images/col/816/8165888-frente.jpg?sw=280&sh=280,emb. 500 gr,https://www.continente.pt/produto/delicias-do-mar-ultracongeladas-pescanova-8165888.html,congelados,2025-04-23,Continente
Rabos de Pescada MSC Ultracongelada Pack Poupança,7384638,6.99,"€4,66/kg",Continente,Frescos/Peixaria/Peixe Congelado,https://www.continente.pt/dw/image/v2/BDVS_PRD/on/demandware.static/-/Sites-col-master-catalog/default/dw85359a91/images/col/738/7384638-frente.jpg?sw=280&sh=280,"emb. 1,5 kg",https://www.continente.pt/produto/rabos-de-pescada-msc-ultracongelada-pack-poupanca-continente-7384638.html,congelados,2025-04-23,Continente
Pão de Queijo com Alho,7614082,2.79,"€9,30/kg",Continente Seleção,"Congelados/Salgados, Folhados e Pastelaria/Pão de Alho e Pão de Queijo",https://www.continente.pt/dw/image/v2/BDVS_PRD/on/demandware.static/-/Sites-col-master-catalog/default/dw481320ac/images/col/761/7614082-frente.jpg?sw=280&sh=280,emb. 300 gr (12 un),https://www.continente.pt/produto/pao-de-queijo-com-alho-continente-selecao-7614082.html,congelados,2025-04-23,Continente
Polvo Limpo Nacional Ultracongelado,5768468,13.99,"€13,99/kg",Continente,"Frescos/Peixaria/Polvo, Lulas e Chocos/Congelado",https://www.continente.pt/dw/image/v2/BDVS_PRD/on/demandware.static/-/Sites-col-master-catalog/default/dw8fa6f1ca/images/col/576/5768468-frente.jpg?sw=280&sh=280,emb. 1 kg,https://www.continente.pt/produto/polvo-limpo-nacional-ultracongelado-continente-5768468.html,congelados,2025-04-23,Continente
Filetes Primavera Original sem Glúten,6601781,2.99,"€11,96/kg",Iglo,Congelados/Douradinhos e Filetes,https://www.continente.pt/dw/image/v2/BDVS_PRD/on/demandware.static/-/Sites-col-master-catalog/default/dwe8af3820/images/col/660/6601781-direito.jpg?sw=280&sh=280,emb. 250 gr (2 un),https://www.continente.pt/produto/filetes-primavera-original-sem-gluten-iglo-6601781.html,congelados,2025-04-23,Continente
Gelado Caramelo com cobertura chocolate,7622307,5.79,"€24,13/kg",Mars,Congelados/Gelados/Mini Bites e Sandwich,https://www.continente.pt/dw/image/v2/BDVS_PRD/on/demandware.static/-/Sites-col-master-catalog/default/dw91c21537/images/col/762/7622307-direito.jpg?sw=280&sh=280,emb. 240 gr (6 un),https://www.continente.pt/produto/gelado-caramelo-com-cobertura-chocolate-mars-7622307.html,congelados,2025-04-23,Continente
Calamares,8044632,2.79,"€5,58/kg",Continente,"Congelados/Salgados, Folhados e Pastelaria/Salgados",https://www.continente.pt/dw/image/v2/BDVS_PRD/on/demandware.static/-/Sites-col-master-catalog/default/dw3e0ff327/images/col/804/8044632-frente.jpg?sw=280&sh=280,emb. 500 gr,https://www.continente.pt/produto/calamares-continente-8044632.html,congelados,2025-04-23,Continente
Batata Noisette,6550022,4.99,"€4,99/kg",McCain,Congelados/Batata Frita e Puré,https://www.continente.pt/dw/image/v2/BDVS_PRD/on/demandware.static/-/Sites-col-master-catalog/default/dwb6e3cd48/images/col/655/6550022-frente.png?sw=280&sh=280,emb. 1 kg,https://www.continente.pt/produto/batata-noisette-mccain-6550022.html,congelados,2025-04-23,Continente
Lombos de Bacalhau Congelado MSC 12 Meses Cura,7656401,59.99,"€33,33/kg",Riberalves,Frescos/Peixaria/Bacalhau/Congelado,https://www.continente.pt/dw/image/v2/BDVS_PRD/on/demandware.static/-/Sites-col-master-catalog/default/dwbd41c682/images/col/765/7656401-frente.jpg?sw=280&sh=280,"6 un x 300 gr (1,8 kg)",https://www.continente.pt/produto/lombos-de-bacalhau-congelado-msc-12-meses-cura-riberalves-7656401.html,congelados,2025-04-23,Continente
Batata Palitos Golden Long,2241870,3.36,"€3,36/kg",McCain,Congelados/Batata Frita e Puré,https://www.continente.pt/dw/image/v2/BDVS_PRD/on/demandware.static/-/Sites-col-master-catalog/default/dw555daa31/images/col/224/2241870-frente.png?sw=280&sh=280,emb. 1 kg,https://www.continente.pt/produto/batata-palitos-golden-long-mccain-2241870.html,congelados,2025-04-23,Continente
Pataniscas de Bacalhau para Forno,7991131,5.19,"€17,30/kg",Riberalves,"Congelados/Salgados, Folhados e Pastelaria/Salgados",https://www.continente.pt/dw/image/v2/BDVS_PRD/on/demandware.static/-/Sites-col-master-catalog/default/dw0f41d3d5/images/col/799/7991131-frente.jpg?sw=280&sh=280,emb. 300 gr,https://www.continente.pt/produto/pataniscas-de-bacalhau-para-forno-riberalves-7991131.html,congelados,2025-04-23,Continente
Posta de Maruca Ultracongelada,4897282,6.99,"€11,65/kg",Continente,"Frescos/Peixaria/Filetes, Lombos e Postas/Congelado",https://www.continente.pt/dw/image/v2/BDVS_PRD/on/demandware.static/-/Sites-col-master-catalog/default/dw02addf2c/images/col/489/4897282-frente.jpg?sw=280&sh=280,emb. 600 gr,https://www.continente.pt/produto/posta-de-maruca-ultracongelada-continente-4897282.html,congelados,2025-04-23,Continente
Gelado Mini Double Framboesa,7778850,4.49,"€13,61/lt",Magnum,Congelados/Gelados/Gelados de Pauzinho,https://www.continente.pt/dw/image/v2/BDVS_PRD/on/demandware.static/-/Sites-col-master-catalog/default/dw0adcd172/images/col/777/7778850-hero.jpg?sw=280&sh=280,emb. 330 ml (6 un),https://www.continente.pt/produto/gelado-mini-double-framboesa-magnum-7778850.html,congelados,2025-04-23,Continente
Panquecas de Banana e Espelta,7627280,3.29,"€13,71/kg",Continente,Congelados/Sobremesas/Crepes e Petit Gâteau,https://www.continente.pt/dw/image/v2/BDVS_PRD/on/demandware.static/-/Sites-col-master-catalog/default/dw96f9ac46/images/col/762/7627280-hero.jpg?sw=280&sh=280,emb. 240 gr,https://www.continente.pt/produto/panquecas-de-banana-e-espelta-continente-7627280.html,congelados,2025-04-23,Continente
Sopa de Legumes,4918228,2.99,"€3,99/kg",Iglo,Congelados/Frutas e Legumes/Misturas de Legumes,https://www.continente.pt/dw/image/v2/BDVS_PRD/on/demandware.static/-/Sites-col-master-catalog/default/dw39ec3273/images/col/491/4918228-frente.jpg?sw=280&sh=280,emb. 750 gr,https://www.continente.pt/produto/sopa-de-legumes-iglo-4918228.html,congelados,2025-04-23,Continente
Pizza Ristorante de Salame,5069918,3.69,"€11,53/kg",Ristorante,Congelados/Pizzas,https://www.continente.pt/dw/image/v2/BDVS_PRD/on/demandware.static/-/Sites-col-master-catalog/default/dw4c0c7721/images/col/506/5069918-direito.png?sw=280&sh=280,emb. 332 gr,https://www.continente.pt/produto/pizza-ristorante-de-salame-ristorante-5069918.html,congelados,2025-04-23,Continente
Ervilhas,7486293,1.99,"€6,63/kg",Origens Bio,Congelados/Frutas e Legumes/Legumes,https://www.continente.pt/dw/image/v2/BDVS_PRD/on/demandware.static/-/Sites-col-master-catalog/default/dw630356f4/images/col/748/7486293-frente.jpg?sw=280&sh=280,emb. 300 gr,https://www.continente.pt/produto/ervilhas-origens-bio-7486293.html,congelados,2025-04-23,Continente
Hambúrgueres de Vaca sem Glúten,5593796,7.49,"€23,41/kg",Capitão Iglo,Congelados/Hambúrgueres e Almôndegas,https://www.continente.pt/dw/image/v2/BDVS_PRD/on/demandware.static/-/Sites-col-master-catalog/default/dw0757ca18/images/col/559/5593796-direito.jpg?sw=280&sh=280,emb. 320 gr (4 un),https://www.continente.pt/produto/hamburgueres-de-vaca-sem-gluten-capitao-iglo-5593796.html,congelados,2025-04-23,Continente
Pizza Salamino,6583890,3.69,"€9,84/kg",Continente Seleção,Congelados/Pizzas,https://www.continente.pt/dw/image/v2/BDVS_PRD/on/demandware.static/-/Sites-col-master-catalog/default/dwb9a098bb/images/col/658/6583890-hero.jpg?sw=280&sh=280,emb. 375 gr,https://www.continente.pt/produto/pizza-salamino-continente-selecao-6583890.html,congelados,2025-04-23,Continente
Pizza Ristorante de Salame sem Glúten,5962602,4.19,"€13,30/kg",Ristorante,Congelados/Pizzas,https://www.continente.pt/dw/image/v2/BDVS_PRD/on/demandware.static/-/Sites-col-master-catalog/default/dw5ba3ab52/images/col/596/5962602-direito.png?sw=280&sh=280,emb. 315 gr,https://www.continente.pt/produto/pizza-ristorante-de-salame-sem-gluten-ristorante-5962602.html,congelados,2025-04-23,Continente
Gelado Nata,6949006,2.39,"€2,39/lt",Continente,Congelados/Gelados/Gelados Familiares,https://www.continente.pt/dw/image/v2/BDVS_PRD/on/demandware.static/-/Sites-col-master-catalog/default/dwba35aa20/images/col/694/6949006-hero.jpg?sw=280&sh=280,emb. 1 lt,https://www.continente.pt/produto/gelado-nata-continente-6949006.html,congelados,2025-04-23,Continente
Posta de Cação Higienizada Congelado,7949863,9.99,"€1,50/un",Filmar,Frescos/Peixaria/Peixe Congelado,https://www.continente.pt/dw/image/v2/BDVS_PRD/on/demandware.static/-/Sites-col-master-catalog/default/dw7ab5c74c/images/col/794/7949863-topshot.jpg?sw=280&sh=280,Quant. Mínima = 150 gr,https://www.continente.pt/produto/posta-de-cacao-higienizada-congelado-filmar-7949863.html,congelados,2025-04-23,Continente
Pizza Speciale,7577215,3.69,"€10,70/kg",Ristorante,Congelados/Pizzas,https://www.continente.pt/dw/image/v2/BDVS_PRD/on/demandware.static/-/Sites-col-master-catalog/default/dwb359cd02/images/col/757/7577215-direito.png?sw=280&sh=280,emb. 345 gr,https://www.continente.pt/produto/pizza-speciale-ristorante-7577215.html,congelados,2025-04-23,Continente
Gelado Manga e Framboesa,6787631,7.79,"€16,93/lt",Häagen-Dazs,Congelados/Gelados/Gelados Americanos,https://www.continente.pt/dw/image/v2/BDVS_PRD/on/demandware.static/-/Sites-col-master-catalog/default/dw6e1c4fe5/images/col/678/6787631-frente.jpg?sw=280&sh=280,emb. 460 ml,https://www.continente.pt/produto/gelado-manga-e-framboesa-haagen-dazs-6787631.html,congelados,2025-04-23,Continente
Gelado Mini Classicone Morango,7408317,1.53,"€4,55/lt",Continente,Congelados/Gelados/Gelados de Cone,https://www.continente.pt/dw/image/v2/BDVS_PRD/on/demandware.static/-/Sites-col-master-catalog/default/dw6a12ed08/images/col/740/7408317-frente.jpg?sw=280&sh=280,emb. 336 ml (12 un),https://www.continente.pt/produto/gelado-mini-classicone-morango-continente-7408317.html,congelados,2025-04-23,Continente
"Gelado Chocolate Clássico, Amêndoa e Chocolate Branco",7975649,5.99,"€8,32/lt",Magnum,Congelados/Gelados/Gelados de Pauzinho,https://www.continente.pt/dw/image/v2/BDVS_PRD/on/demandware.static/-/Sites-col-master-catalog/default/dw72a43b6a/images/col/797/7975649-frente.png?sw=280&sh=280,emb. 720 ml (8 un),https://www.continente.pt/produto/gelado-chocolate-classico-amendoa-e-chocolate-branco-magnum-7975649.html,congelados,2025-04-23,Continente
Bacalhau com Natas,5241123,2.59,"€7,40/kg",Continente,Congelados/Refeições Prontas,https://www.continente.pt/dw/image/v2/BDVS_PRD/on/demandware.static/-/Sites-col-master-catalog/default/dwa5c9a3a3/images/col/524/5241123-hero.jpg?sw=280&sh=280,emb. 350 gr,https://www.continente.pt/produto/bacalhau-com-natas-continente-5241123.html,congelados,2025-04-23,Continente
Batata Rodelas,5737460,2.49,"€2,49/kg",Continente,Congelados/Batata Frita e Puré,https://www.continente.pt/dw/image/v2/BDVS_PRD/on/demandware.static/-/Sites-col-master-catalog/default/dwb28aa313/images/col/573/5737460-frente.jpg?sw=280&sh=280,emb. 1 kg,https://www.continente.pt/produto/batata-rodelas-continente-5737460.html,congelados,2025-04-23,Continente
Medalhões de Pescada do Cabo Ultracongelada,7630268,7.99,"€22,19/kg",Iglo,Frescos/Peixaria/Peixe Congelado,https://www.continente.pt/dw/image/v2/BDVS_PRD/on/demandware.static/-/Sites-col-master-catalog/default/dwb7252b96/images/col/763/7630268-frente.jpg?sw=280&sh=280,6 un x 60 gr (360 gr),https://www.continente.pt/produto/medalhoes-de-pescada-do-cabo-ultracongelada-iglo-7630268.html,congelados,2025-04-23,Continente
Gelado Baunilha,6787710,7.79,"€16,93/lt",Häagen-Dazs,Congelados/Gelados/Gelados Americanos,https://www.continente.pt/dw/image/v2/BDVS_PRD/on/demandware.static/-/Sites-col-master-catalog/default/dw421c9e37/images/col/678/6787710-hero.jpg?sw=280&sh=280,emb. 460 ml,https://www.continente.pt/produto/gelado-baunilha-haagen-dazs-6787710.html,congelados,2025-04-23,Continente
Castanhas de Trás-os-Montes,7630623,5.99,"€11,98/kg",Continente,Congelados/Frutas e Legumes/Frutas,https://www.continente.pt/dw/image/v2/BDVS_PRD/on/demandware.static/-/Sites-col-master-catalog/default/dw5a5bb5ae/images/col/763/7630623-frente.jpg?sw=280&sh=280,emb. 500 gr,https://www.continente.pt/produto/castanhas-de-tras-os-montes-continente-7630623.html,congelados,2025-04-23,Continente
Secretos de Porco Congelados,7484543,5.99,"€5,99/un",Continente,Frescos/Talho/Porco,https://www.continente.pt/dw/image/v2/BDVS_PRD/on/demandware.static/-/Sites-col-master-catalog/default/dw133705c7/images/col/748/7484543-frente.jpg?sw=280&sh=280,emb. 1 kg (aprox.),https://www.continente.pt/produto/secretos-de-porco-congelados-continente-7484543.html,congelados,2025-04-23,Continente
Gratinado De Peixe Limão e Ervas sem Glúten,6916887,4.99,"€13,13/kg",Iglo,Congelados/Refeições Prontas,https://www.continente.pt/dw/image/v2/BDVS_PRD/on/demandware.static/-/Sites-col-master-catalog/default/dw1dfa0249/images/col/691/6916887-direito.jpg?sw=280&sh=280,emb. 380 gr (2 un),https://www.continente.pt/produto/gratinado-de-peixe-limao-e-ervas-sem-gluten-iglo-6916887.html,congelados,2025-04-23,Continente
Mistura para Refogado,6320609,0.99,"€3,96/kg",Continente,Congelados/Frutas e Legumes/Misturas de Legumes,https://www.continente.pt/dw/image/v2/BDVS_PRD/on/demandware.static/-/Sites-col-master-catalog/default/dw83a5f59d/images/col/632/6320609-hero.jpg?sw=280&sh=280,emb. 250 gr,https://www.continente.pt/produto/mistura-para-refogado-continente-6320609.html,congelados,2025-04-23,Continente
Tranches de Salmão Selvagem MSC Ultracongelado,4716958,7.99,"€31,96/kg",Iglo,"Frescos/Peixaria/Filetes, Lombos e Postas/Congelado",https://www.continente.pt/dw/image/v2/BDVS_PRD/on/demandware.static/-/Sites-col-master-catalog/default/dw561cd123/images/col/471/4716958-frente.jpg?sw=280&sh=280,2 un x 125 gr (250 gr),https://www.continente.pt/produto/tranches-de-salmao-selvagem-msc-ultracongelado-iglo-4716958.html,congelados,2025-04-23,Continente
Pernas de Caranguejo Real Cozido Congelado,7501246,55.99,"€111,98/kg",Continente Seleção,Frescos/Peixaria/Marisco/Congelado,https://www.continente.pt/dw/image/v2/BDVS_PRD/on/demandware.static/-/Sites-col-master-catalog/default/dw7acfca23/images/col/750/7501246-frente.jpg?sw=280&sh=280,emb. 500 gr,https://www.continente.pt/produto/pernas-de-caranguejo-real-cozido-congelado-continente-selecao-7501246.html,congelados,2025-04-23,Continente
Gelado Café,8025801,7.79,"€16,93/lt",Häagen-Dazs,Congelados/Gelados/Gelados Americanos,https://www.continente.pt/dw/image/v2/BDVS_PRD/on/demandware.static/-/Sites-col-master-catalog/default/dw387cf29a/images/col/802/8025801-frente.jpg?sw=280&sh=280,emb. 460 ml,https://www.continente.pt/produto/gelado-cafe-haagen-dazs-8025801.html,congelados,2025-04-23,Continente
Gelado Classicone Baunilha,6923826,2.69,"€3,74/lt",Continente,Congelados/Gelados/Gelados de Cone,https://www.continente.pt/dw/image/v2/BDVS_PRD/on/demandware.static/-/Sites-col-master-catalog/default/dw201e33b0/images/col/692/6923826-hero.jpg?sw=280&sh=280,emb. 660 ml (6 un),https://www.continente.pt/produto/gelado-classicone-baunilha-continente-6923826.html,congelados,2025-04-23,Continente
Gelado Disney Rei Leão,7975659,2.99,"€12,46/lt",Olá,Congelados/Gelados/Gelados Infantis,https://www.continente.pt/dw/image/v2/BDVS_PRD/on/demandware.static/-/Sites-col-master-catalog/default/dw62e181c8/images/col/797/7975659-frente.png?sw=280&sh=280,emb. 240 ml (4 un),https://www.continente.pt/produto/gelado-disney-rei-leao-ola-7975659.html,congelados,2025-04-23,Continente
Polvo Limpo Ultracongelado,3881459,9.99,"€12,49/kg",Pescanova,"Frescos/Peixaria/Polvo, Lulas e Chocos/Congelado",https://www.continente.pt/dw/image/v2/BDVS_PRD/on/demandware.static/-/Sites-col-master-catalog/default/dwa132687f/images/col/388/3881459-frente.jpg?sw=280&sh=280,emb. 800 gr,https://www.continente.pt/produto/polvo-limpo-ultracongelado-pescanova-3881459.html,congelados,2025-04-23,Continente
Bacalhau à Brás,7578233,4.99,"€20,79/kg",Riberalves,Congelados/Refeições Prontas,https://www.continente.pt/dw/image/v2/BDVS_PRD/on/demandware.static/-/Sites-col-master-catalog/default/dw93ad97b6/images/col/757/7578233-frente.png?sw=280&sh=280,emb. 240 gr,https://www.continente.pt/produto/bacalhau-a-bras-riberalves-7578233.html,congelados,2025-04-23,Continente
Gyosas de Carne,7985320,2.79,"€6,98/kg",Continente,"Congelados/Salgados, Folhados e Pastelaria/Salgados",https://www.continente.pt/dw/image/v2/BDVS_PRD/on/demandware.static/-/Sites-col-master-catalog/default/dwe5a0b20c/images/col/798/7985320-frente.jpg?sw=280&sh=280,emb. 400 gr,https://www.continente.pt/produto/gyosas-de-carne-continente-7985320.html,congelados,2025-04-23,Continente
Pizza Forno Di Pietra Hawai,6771356,4.86,"€12,79/kg",Buitoni Forno di Pietra,Congelados/Pizzas,https://www.continente.pt/dw/image/v2/BDVS_PRD/on/demandware.static/-/Sites-col-master-catalog/default/dwbf6c7404/images/col/677/6771356-frente.png?sw=280&sh=280,emb. 380 gr,https://www.continente.pt/produto/pizza-forno-di-pietra-hawai-buitoni-forno-di-pietra-6771356.html,congelados,2025-04-23,Continente
Postas Médias de Bacalhau MSC Demolhado Ultracongelado,7291115,6.49,"€10,82/kg",Continente,Frescos/Peixaria/Bacalhau/Congelado,https://www.continente.pt/dw/image/v2/BDVS_PRD/on/demandware.static/-/Sites-col-master-catalog/default/dw06886228/images/col/729/7291115-frente.jpg?sw=280&sh=280,emb. 600 gr,https://www.continente.pt/produto/postas-medias-de-bacalhau-msc-demolhado-ultracongelado-continente-7291115.html,congelados,2025-04-23,Continente
Gambão da Argentina Selvagem 20/30 Congelado,5080443,9.99,"€0,60/un",,Frescos/Peixaria/Marisco/Congelado,https://www.continente.pt/dw/image/v2/BDVS_PRD/on/demandware.static/-/Sites-col-master-catalog/default/dw524282af/images/col/508/5080443-cima-acessorio.jpg?sw=280&sh=280,Quant. Mínima = 600 gr (10 un),https://www.continente.pt/produto/gambao-da-argentina-selvagem-20-30-congelado-5080443.html,congelados,2025-04-23,Continente
Gelado Fizz Limão,5045043,2.99,"€8,31/lt",Olá,Congelados/Gelados/Gelados Infantis,https://www.continente.pt/dw/image/v2/BDVS_PRD/on/demandware.static/-/Sites-col-master-catalog/default/dw00f05696/images/col/504/5045043-hero.jpg?sw=280&sh=280,emb. 330 ml (6 un),https://www.continente.pt/produto/gelado-fizz-limao-ola-5045043.html,congelados,2025-04-23,Continente
Posta de Corvina Higienizada Congelada,5773171,13.99,"€3,50/un",,"Frescos/Peixaria/Filetes, Lombos e Postas/Congelado",https://www.continente.pt/dw/image/v2/BDVS_PRD/on/demandware.static/-/Sites-col-master-catalog/default/dweb7e4999/images/col/577/5773171-cima.jpg?sw=280&sh=280,emb. 250 gr,https://www.continente.pt/produto/posta-de-corvina-higienizada-congelada-5773171.html,congelados,2025-04-23,Continente
Gelado Mini Classicone Baunilha,8037903,1.53,"€4,55/lt",Continente,Congelados/Gelados/Gelados de Cone,https://www.continente.pt/dw/image/v2/BDVS_PRD/on/demandware.static/-/Sites-col-master-catalog/default/dwd3618a13/images/col/803/8037903-frente.jpg?sw=280&sh=280,emb. 336 ml (12 un),https://www.continente.pt/produto/gelado-mini-classicone-baunilha-continente-8037903.html,congelados,2025-04-23,Continente
Gelado Sandwich,6219158,2.09,"€3,48/lt",Continente,Congelados/Gelados/Mini Bites e Sandwich,https://www.continente.pt/dw/image/v2/BDVS_PRD/on/demandware.static/-/Sites-col-master-catalog/default/dwd05bfbba/images/col/621/6219158-hero.jpg?sw=280&sh=280,emb. 600 ml (6 un),https://www.continente.pt/produto/gelado-sandwich-continente-6219158.html,congelados,2025-04-23,Continente
Empada de Pato Familiar,7649252,11.99,"€14,99/kg",Continente Seleção,Congelados/Salgados e Aperitivos,https://www.continente.pt/dw/image/v2/BDVS_PRD/on/demandware.static/-/Sites-col-master-catalog/default/dw80c97204/images/col/764/7649252-frente.jpg?sw=280&sh=280,emb. 800 gr,https://www.continente.pt/produto/empada-de-pato-familiar-continente-selecao-7649252.html,congelados,2025-04-23,Continente
Moelas de Frango Congeladas,2430285,1.99,"€1,99/un",Perdix,Frescos/Talho/Frango e Peru,https://www.continente.pt/dw/image/v2/BDVS_PRD/on/demandware.static/-/Sites-col-master-catalog/default/dw2cd7e3cc/images/col/243/2430285-frente.jpg?sw=280&sh=280,emb. 1 kg,https://www.continente.pt/produto/moelas-de-frango-congeladas-perdix-2430285.html,congelados,2025-04-23,Continente
Barrinhas de Salmão sem Glúten,5893654,4.65,"€15,50/kg",Pescanova,Congelados/Douradinhos e Filetes,https://www.continente.pt/dw/image/v2/BDVS_PRD/on/demandware.static/-/Sites-col-master-catalog/default/dw9ce5b927/images/col/589/5893654-direito.jpg?sw=280&sh=280,emb. 300 gr (10 un),https://www.continente.pt/produto/barrinhas-de-salmao-sem-gluten-pescanova-5893654.html,congelados,2025-04-23,Continente
Hambúrguer Vegan Sabor a Carne,7520873,3.99,"€18,30/kg",The Vegetarian Butcher,Congelados/Hambúrgueres e Almôndegas,https://www.continente.pt/dw/image/v2/BDVS_PRD/on/demandware.static/-/Sites-col-master-catalog/default/dw95d2b60e/images/col/752/7520873-hero.jpg?sw=280&sh=280,emb. 218 gr,https://www.continente.pt/produto/hamburguer-vegan-sabor-a-carne-the-vegetarian-butcher-7520873.html,congelados,2025-04-23,Continente
Pescada Média da Argentina Congelada,2182823,4.49,"€2,69/un",,Frescos/Peixaria/Peixe Congelado,https://www.continente.pt/dw/image/v2/BDVS_PRD/on/demandware.static/-/Sites-col-master-catalog/default/dw02f27d05/images/col/218/2182823-frente.jpg?sw=280&sh=280,Quant. Mínima = 600 gr (1 un),https://www.continente.pt/produto/pescada-media-da-argentina-congelada-2182823.html,congelados,2025-04-23,Continente
Pizza Rústica Double Pepperoni Chedar e Mozzarella,7052750,6.99,"€12,37/kg",Rústica,Congelados/Pizzas,https://www.continente.pt/dw/image/v2/BDVS_PRD/on/demandware.static/-/Sites-col-master-catalog/default/dw54d6ff69/images/col/705/7052750-direito.png?sw=280&sh=280,emb. 565 gr,https://www.continente.pt/produto/pizza-rustica-double-pepperoni-chedar-e-mozzarella-rustica-7052750.html,congelados,2025-04-23,Continente
Falafel com Grão-de-bico e Salsa,7626463,4.99,"€12,48/kg",Gosh!,"Congelados/Vegetariano e Vegan/Refeições, Pizzas e Falafel",https://www.continente.pt/dw/image/v2/BDVS_PRD/on/demandware.static/-/Sites-col-master-catalog/default/dw6228146b/images/col/762/7626463-frente.jpg?sw=280&sh=280,emb. 400 gr,https://www.continente.pt/produto/falafel-com-grao-de-bico-e-salsa-gosh-7626463.html,congelados,2025-04-23,Continente
Filetes de Pescada do Cabo Ultracongelada,4970019,4.49,"€11,23/kg",Continente,"Frescos/Peixaria/Filetes, Lombos e Postas/Congelado",https://www.continente.pt/dw/image/v2/BDVS_PRD/on/demandware.static/-/Sites-col-master-catalog/default/dwfbbe6c81/images/col/497/4970019-frente.jpg?sw=280&sh=280,emb. 400 gr,https://www.continente.pt/produto/filetes-de-pescada-do-cabo-ultracongelada-continente-4970019.html,congelados,2025-04-23,Continente
Gelado Classicone Chocolate,6923901,2.69,"€3,74/lt",Continente,Congelados/Gelados/Gelados de Cone,https://www.continente.pt/dw/image/v2/BDVS_PRD/on/demandware.static/-/Sites-col-master-catalog/default/dwbf0543e2/images/col/692/6923901-hero.jpg?sw=280&sh=280,emb. 720 ml (6 un),https://www.continente.pt/produto/gelado-classicone-chocolate-continente-6923901.html,congelados,2025-04-23,Continente
Pizza Ristorante Carbonara,5424943,3.69,"€10,85/kg",Ristorante,Congelados/Pizzas,https://www.continente.pt/dw/image/v2/BDVS_PRD/on/demandware.static/-/Sites-col-master-catalog/default/dw6d1412e0/images/col/542/5424943-direito.png?sw=280&sh=280,emb. 340 gr,https://www.continente.pt/produto/pizza-ristorante-carbonara-ristorante-5424943.html,congelados,2025-04-23,Continente
Gelado Filipinos,8007462,3.79,"€4,59/lt",Carte DOr,Congelados/Gelados/Gelados Familiares,https://www.continente.pt/dw/image/v2/BDVS_PRD/on/demandware.static/-/Sites-col-master-catalog/default/dw48ad56b9/images/col/800/8007462-frente.jpg?sw=280&sh=280,emb. 825 ml,https://www.continente.pt/produto/gelado-filipinos-carte-dor-8007462.html,congelados,2025-04-23,Continente
Açaí Orgânico com Guaraná,5965614,2.79,"€17,44/lt",Native Açaí,Congelados/Frutas e Legumes/Frutas,https://www.continente.pt/dw/image/v2/BDVS_PRD/on/demandware.static/-/Sites-col-master-catalog/default/dwfb7ddacb/images/col/596/5965614-cima.jpg?sw=280&sh=280,emb. 160 ml,https://www.continente.pt/produto/acai-organico-com-guarana-native-acai-5965614.html,congelados,2025-04-23,Continente
Posta de Maruca para Cozer Congelada,7628105,4.49,"€8,98/kg",,"Frescos/Peixaria/Filetes, Lombos e Postas/Congelado",https://www.continente.pt/dw/image/v2/BDVS_PRD/on/demandware.static/-/Sites-col-master-catalog/default/dwe7e22d70/images/col/762/7628105-frente.jpg?sw=280&sh=280,emb. 500 gr,https://www.continente.pt/produto/posta-de-maruca-para-cozer-congelada-7628105.html,congelados,2025-04-23,Continente
Pizza Capricciosa,6583845,3.69,"€9,23/kg",Continente Seleção,Congelados/Pizzas,https://www.continente.pt/dw/image/v2/BDVS_PRD/on/demandware.static/-/Sites-col-master-catalog/default/dwba30ed56/images/col/658/6583845-hero.jpg?sw=280&sh=280,emb. 400 gr,https://www.continente.pt/produto/pizza-capricciosa-continente-selecao-6583845.html,congelados,2025-04-23,Continente
Pizza Massa Fina Fiambre e Queijo,7363331,4.99,"€14,22/kg",Iglo Take Away,Congelados/Pizzas,https://www.continente.pt/dw/image/v2/BDVS_PRD/on/demandware.static/-/Sites-col-master-catalog/default/dw0a367807/images/col/736/7363331-frente.jpg?sw=280&sh=280,emb. 351 gr,https://www.continente.pt/produto/pizza-massa-fina-fiambre-e-queijo-iglo-take-away-7363331.html,congelados,2025-04-23,Continente
Douradinhos de Frango,7613828,10.99,"€10,22/kg",Capitão Iglo,Congelados/Douradinhos e Filetes,https://www.continente.pt/dw/image/v2/BDVS_PRD/on/demandware.static/-/Sites-col-master-catalog/default/dw1f111fe3/images/col/761/7613828-frente.jpg?sw=280&sh=280,"emb. 1,075 gr (38 un)",https://www.continente.pt/produto/douradinhos-de-frango-capitao-iglo-7613828.html,congelados,2025-04-23,Continente
Gelado Exotic,7558971,1.99,"€7,37/lt",Solero,Congelados/Gelados/Gelados de Pauzinho,https://www.continente.pt/dw/image/v2/BDVS_PRD/on/demandware.static/-/Sites-col-master-catalog/default/dw105802c9/images/col/755/7558971-hero.jpg?sw=280&sh=280,emb. 270 ml (3 un),https://www.continente.pt/produto/gelado-exotic-solero-7558971.html,congelados,2025-04-23,Continente
Gelado Feast,7141071,2.99,"€8,31/lt",Olá,Congelados/Gelados/Gelados Infantis,https://www.continente.pt/dw/image/v2/BDVS_PRD/on/demandware.static/-/Sites-col-master-catalog/default/dw87c325d6/images/col/714/7141071-hero.jpg?sw=280&sh=280,emb. 360 ml (4 un),https://www.continente.pt/produto/gelado-feast-ola-7141071.html,congelados,2025-04-23,Continente
Postas Tradicionais de Bacalhau MSC Congelado,7291114,10.49,"€13,11/kg",Continente,Frescos/Peixaria/Bacalhau/Congelado,https://www.continente.pt/dw/image/v2/BDVS_PRD/on/demandware.static/-/Sites-col-master-catalog/default/dwe2de5db5/images/col/729/7291114-frente.jpg?sw=280&sh=280,emb. 800 gr,https://www.continente.pt/produto/postas-tradicionais-de-bacalhau-msc-congelado-continente-7291114.html,congelados,2025-04-23,Continente
Tentáculos de Pota Cozidos Ultracongelado,7545846,7.49,"€24,97/kg",Pescanova,"Frescos/Peixaria/Polvo, Lulas e Chocos/Congelado",https://www.continente.pt/dw/image/v2/BDVS_PRD/on/demandware.static/-/Sites-col-master-catalog/default/dw8dada2fa/images/col/754/7545846-frente.jpg?sw=280&sh=280,emb. 300 gr,https://www.continente.pt/produto/tentaculos-de-pota-cozidos-ultracongelado-pescanova-7545846.html,congelados,2025-04-23,Continente
Gelado Chocolate,6949004,2.89,"€2,89/lt",Continente,Congelados/Gelados/Gelados Familiares,https://www.continente.pt/dw/image/v2/BDVS_PRD/on/demandware.static/-/Sites-col-master-catalog/default/dwe2d84545/images/col/694/6949004-hero.jpg?sw=280&sh=280,emb. 1 lt,https://www.continente.pt/produto/gelado-chocolate-continente-6949004.html,congelados,2025-04-23,Continente
Gelado Stracciatella,7411095,2.79,"€2,94/lt",Continente,Congelados/Gelados/Gelados Familiares,https://www.continente.pt/dw/image/v2/BDVS_PRD/on/demandware.static/-/Sites-col-master-catalog/default/dw687e622d/images/col/741/7411095-hero.jpg?sw=280&sh=280,emb. 950 ml,https://www.continente.pt/produto/gelado-stracciatella-continente-7411095.html,congelados,2025-04-23,Continente
Douradinhos de Peixe sem Glúten,7475461,4.99,"€13,86/kg",Capitão Iglo,Congelados/Douradinhos e Filetes,https://www.continente.pt/dw/image/v2/BDVS_PRD/on/demandware.static/-/Sites-col-master-catalog/default/dw4daefd3d/images/col/747/7475461-direito.jpg?sw=280&sh=280,emb. 360 gr (12 un),https://www.continente.pt/produto/douradinhos-de-peixe-sem-gluten-capitao-iglo-7475461.html,congelados,2025-04-23,Continente
Pizza Rucola,7802728,3.69,"€9,22/kg",Ristorante,Congelados/Pizzas,https://www.continente.pt/dw/image/v2/BDVS_PRD/on/demandware.static/-/Sites-col-master-catalog/default/dw2be275d3/images/col/780/7802728-direito.jpg?sw=280&sh=280,emb. 400 gr,https://www.continente.pt/produto/pizza-rucola-ristorante-7802728.html,congelados,2025-04-23,Continente
Salteado do Campo,7169956,4.34,"€5,79/kg",Bonduelle,Congelados/Frutas e Legumes/Misturas de Legumes,https://www.continente.pt/dw/image/v2/BDVS_PRD/on/demandware.static/-/Sites-col-master-catalog/default/dw7103b1cf/images/col/716/7169956-frente.jpg?sw=280&sh=280,emb. 750 gr,https://www.continente.pt/produto/salteado-do-campo-bonduelle-7169956.html,congelados,2025-04-23,Continente
Croquetes de Carne Forno Pack Poupança,8368738,3.49,"€7,79/kg",Continente,"Congelados/Salgados, Folhados e Pastelaria/Salgados",https://www.continente.pt/dw/image/v2/BDVS_PRD/on/demandware.static/-/Sites-col-master-catalog/default/dw11c315c3/images/col/836/8368738-frente.jpg?sw=280&sh=280,emb. 14 un,https://www.continente.pt/produto/croquetes-de-carne-forno-pack-poupanca-continente-8368738.html,congelados,2025-04-23,Continente
Gelado Mochi Framboesa,7893263,5.99,"€31,20/kg",Little Moons,Congelados/Gelados/Mini Bites e Sandwich,https://www.continente.pt/dw/image/v2/BDVS_PRD/on/demandware.static/-/Sites-col-master-catalog/default/dw509f728d/images/col/789/7893263-frente.png?sw=280&sh=280,emb. 6 un,https://www.continente.pt/produto/gelado-mochi-framboesa-little-moons-7893263.html,congelados,2025-04-23,Continente
Ovas de Bacalhau Higienizadas Congeladas,7799798,23.3,"€9,32/un",Frip,Frescos/Peixaria/Bacalhau/Congelado,https://www.continente.pt/dw/image/v2/BDVS_PRD/on/demandware.static/-/Sites-col-master-catalog/default/dwd17dc7f4/images/col/779/7799798-cima.jpg?sw=280&sh=280,Quant. Mínima = 400 gr,https://www.continente.pt/produto/ovas-de-bacalhau-higienizadas-congeladas-frip-7799798.html,congelados,2025-04-23,Continente
Pizza Massa Fina Gran Pepperoni,7292595,7.89,"€15,06/kg",Iglo Take Away,Congelados/Pizzas,https://www.continente.pt/dw/image/v2/BDVS_PRD/on/demandware.static/-/Sites-col-master-catalog/default/dwe70de3e5/images/col/729/7292595-frente.jpg?sw=280&sh=280,emb. 524 gr,https://www.continente.pt/produto/pizza-massa-fina-gran-pepperoni-iglo-take-away-7292595.html,congelados,2025-04-23,Continente
Gelado Menta,7456964,2.79,"€2,94/lt",Continente,Congelados/Gelados/Gelados Familiares,https://www.continente.pt/dw/image/v2/BDVS_PRD/on/demandware.static/-/Sites-col-master-catalog/default/dw17431ab3/images/col/745/7456964-frente.jpg?sw=280&sh=280,emb. 950 ml,https://www.continente.pt/produto/gelado-menta-continente-7456964.html,congelados,2025-04-23,Continente
Gelado Praliné Crocante,7800584,3.29,"€11,75/lt",Continente Seleção,Congelados/Gelados/Gelados de Pauzinho,https://www.continente.pt/dw/image/v2/BDVS_PRD/on/demandware.static/-/Sites-col-master-catalog/default/dwf9f01d0b/images/col/780/7800584-hero.jpg?sw=280&sh=280,emb. 4 un,https://www.continente.pt/produto/gelado-praline-crocante-continente-selecao-7800584.html,congelados,2025-04-23,Continente
Gelado Classicone Morango,6923800,2.69,"€3,74/lt",Continente,Congelados/Gelados/Gelados de Cone,https://www.continente.pt/dw/image/v2/BDVS_PRD/on/demandware.static/-/Sites-col-master-catalog/default/dw12255812/images/col/692/6923800-hero.jpg?sw=280&sh=280,emb. 720 ml (6 un),https://www.continente.pt/produto/gelado-classicone-morango-continente-6923800.html,congelados,2025-04-23,Continente
Tentáculos de Pota Cozidos Congelados,7103164,8.99,"€22,48/kg",Continente,"Frescos/Peixaria/Polvo, Lulas e Chocos/Congelado",https://www.continente.pt/dw/image/v2/BDVS_PRD/on/demandware.static/-/Sites-col-master-catalog/default/dw890c0c06/images/col/710/7103164-frente.jpg?sw=280&sh=280,emb. 400 gr,https://www.continente.pt/produto/tentaculos-de-pota-cozidos-congelados-continente-7103164.html,congelados,2025-04-23,Continente
Miolo de Camarão Panado Ultracongelado,7239338,8.67,"€28,90/kg",Pescanova,Frescos/Peixaria/Marisco/Congelado,https://www.continente.pt/dw/image/v2/BDVS_PRD/on/demandware.static/-/Sites-col-master-catalog/default/dwda91c78e/images/col/723/7239338-frente.jpg?sw=280&sh=280,emb. 300 gr,https://www.continente.pt/produto/miolo-de-camarao-panado-ultracongelado-pescanova-7239338.html,congelados,2025-04-23,Continente
Redondos de Pescada da Argentina Ultracongelados,7822657,3.99,"€7,98/kg",,"Frescos/Peixaria/Filetes, Lombos e Postas/Congelado",https://www.continente.pt/dw/image/v2/BDVS_PRD/on/demandware.static/-/Sites-col-master-catalog/default/dwbbbf248a/images/col/782/7822657-cima.jpg?sw=280&sh=280,emb. 500 gr,https://www.continente.pt/produto/redondos-de-pescada-da-argentina-ultracongelados-7822657.html,congelados,2025-04-23,Continente
Açaí Orgânico com Stevia,6393009,2.9,"€18,13/lt",Native Açaí,Congelados/Frutas e Legumes/Frutas,https://www.continente.pt/dw/image/v2/BDVS_PRD/on/demandware.static/-/Sites-col-master-catalog/default/dw32f71406/images/col/639/6393009-cima.jpg?sw=280&sh=280,emb. 160 ml,https://www.continente.pt/produto/acai-organico-com-stevia-native-acai-6393009.html,congelados,2025-04-23,Continente
Gelado Chocolate Clássico,7975652,3.49,"€7,93/lt",Magnum,Congelados/Gelados/Gelados Americanos,https://www.continente.pt/dw/image/v2/BDVS_PRD/on/demandware.static/-/Sites-col-master-catalog/default/dw84798504/images/col/797/7975652-frente.png?sw=280&sh=280,emb. 440 ml,https://www.continente.pt/produto/gelado-chocolate-classico-magnum-7975652.html,congelados,2025-04-23,Continente
Batata Gratinada com Queijo,8020285,3.49,"€8,73/kg",Continente Seleção,Congelados/Batata Frita e Puré,https://www.continente.pt/dw/image/v2/BDVS_PRD/on/demandware.static/-/Sites-col-master-catalog/default/dwc767509e/images/col/802/8020285-frente.jpg?sw=280&sh=280,emb. 400 gr,https://www.continente.pt/produto/batata-gratinada-com-queijo-continente-selecao-8020285.html,congelados,2025-04-23,Continente
Filete Pescada Panado com Alho e Salsa,7243364,6.3,"€15,75/kg",Pescanova,Congelados/Douradinhos e Filetes,https://www.continente.pt/dw/image/v2/BDVS_PRD/on/demandware.static/-/Sites-col-master-catalog/default/dw9474ac82/images/col/724/7243364-direito.jpg?sw=280&sh=280,emb. 400 gr (4 un),https://www.continente.pt/produto/filete-pescada-panado-com-alho-e-salsa-pescanova-7243364.html,congelados,2025-04-23,Continente
Gelado de Caramelo e Biscoito,7224301,5.79,"€28,38/kg",Twix,Congelados/Gelados/Mini Bites e Sandwich,https://www.continente.pt/dw/image/v2/BDVS_PRD/on/demandware.static/-/Sites-col-master-catalog/default/dw732a2575/images/col/722/7224301-frente.jpg?sw=280&sh=280,emb. 204 gr (6 un),https://www.continente.pt/produto/gelado-de-caramelo-e-biscoito-twix-7224301.html,congelados,2025-04-23,Continente
Camarão Tigre Selvagem Grande Congelado,2214095,39.99,"€6,40/un",,Frescos/Peixaria/Marisco/Congelado,https://www.continente.pt/dw/image/v2/BDVS_PRD/on/demandware.static/-/Sites-col-master-catalog/default/dw1b5b0fa2/images/col/221/2214095-cima-acessorio.jpg?sw=280&sh=280,Quant. Mínima = 480 gr (3 un),https://www.continente.pt/produto/camarao-tigre-selvagem-grande-congelado-2214095.html,congelados,2025-04-23,Continente
Tiras de Pota Congeladas,4274548,4.99,"€7,13/kg",,"Frescos/Peixaria/Polvo, Lulas e Chocos/Congelado",https://www.continente.pt/dw/image/v2/BDVS_PRD/on/demandware.static/-/Sites-col-master-catalog/default/dw36ab9a6f/images/col/427/4274548-frente.jpg?sw=280&sh=280,emb. 700 gr,https://www.continente.pt/produto/tiras-de-pota-congeladas-4274548.html,congelados,2025-04-23,Continente
Rabo de Bovino Congelado,7304952,11.99,"€11,99/un",Continente,"Frescos/Talho/Novilho, Vitela e Vitelão",https://www.continente.pt/dw/image/v2/BDVS_PRD/on/demandware.static/-/Sites-col-master-catalog/default/dwe5e4723c/images/col/730/7304952-frente.jpg?sw=280&sh=280,emb. 1 kg (aprox.),https://www.continente.pt/produto/rabo-de-bovino-congelado-continente-7304952.html,congelados,2025-04-23,Continente
Gelado Double Caramelo Salgado,8006722,3.99,"€9,07/lt",Magnum,Congelados/Gelados/Gelados Americanos,https://www.continente.pt/dw/image/v2/BDVS_PRD/on/demandware.static/-/Sites-col-master-catalog/default/dw45df50cd/images/col/800/8006722-frente.jpg?sw=280&sh=280,emb. 440 ml,https://www.continente.pt/produto/gelado-double-caramelo-salgado-magnum-8006722.html,congelados,2025-04-23,Continente
"Refeição Vegetariana de Quinoa, Feijão e Pimentos",7453051,2.29,"€6,54/kg",Continente Equilíbrio,Congelados/Frutas e Legumes/Misturas de Legumes,https://www.continente.pt/dw/image/v2/BDVS_PRD/on/demandware.static/-/Sites-col-master-catalog/default/dwd407bd71/images/col/745/7453051-frente.jpg?sw=280&sh=280,emb. 350 gr,https://www.continente.pt/produto/refeicao-vegetariana-de-quinoa-feijao-e-pimentos-continente-equilibrio-7453051.html,congelados,2025-04-23,Continente
Pizza Spinaci e Ricotta,7541597,5.89,"€14,19/kg",Tradizionale,Congelados/Pizzas,https://www.continente.pt/dw/image/v2/BDVS_PRD/on/demandware.static/-/Sites-col-master-catalog/default/dw41b41035/images/col/754/7541597-direito.jpg?sw=280&sh=280,emb. 415 gr,https://www.continente.pt/produto/pizza-spinaci-e-ricotta-tradizionale-7541597.html,congelados,2025-04-23,Continente
Meia Lagosta de Cuba Cozida Congelada,7804007,49.99,"€25,00/un",Pescanova,Frescos/Peixaria/Marisco/Congelado,https://www.continente.pt/dw/image/v2/BDVS_PRD/on/demandware.static/-/Sites-col-master-catalog/default/dw65e6cc1a/images/col/780/7804007-cima.jpg?sw=280&sh=280,emb. 500 gr (aprox.),https://www.continente.pt/produto/meia-lagosta-de-cuba-cozida-congelada-pescanova-7804007.html,congelados,2025-04-23,Continente
Salteado da Horta,7095060,2.62,"€6,55/kg",Bonduelle,Congelados/Frutas e Legumes/Misturas de Legumes,https://www.continente.pt/dw/image/v2/BDVS_PRD/on/demandware.static/-/Sites-col-master-catalog/default/dw3957d63e/images/col/709/7095060-frente.jpg?sw=280&sh=280,emb. 400 gr,https://www.continente.pt/produto/salteado-da-horta-bonduelle-7095060.html,congelados,2025-04-23,Continente
Pato Inteiro Congelado,5443474,4.49,"€10,33/un",Quinta da Marinha,Frescos/Talho/Pato e Coelho,https://www.continente.pt/dw/image/v2/BDVS_PRD/on/demandware.static/-/Sites-col-master-catalog/default/dwc4fed83d/images/col/544/5443474-frente.jpg?sw=280&sh=280,"emb. 2,3 kg (aprox.)",https://www.continente.pt/produto/pato-inteiro-congelado-quinta-da-marinha-5443474.html,congelados,2025-04-23,Continente
Costeleta de Borrego Congelada,7483602,16.99,"€10,87/un",Continente,Frescos/Talho/Cabrito e Borrego,https://www.continente.pt/dw/image/v2/BDVS_PRD/on/demandware.static/-/Sites-col-master-catalog/default/dw0aaced1c/images/col/748/7483602-frente.jpg?sw=280&sh=280,emb. 640 gr (aprox.),https://www.continente.pt/produto/costeleta-de-borrego-congelada-continente-7483602.html,congelados,2025-04-23,Continente
Gelado Baunilha e Chocolate,7018489,2.99,"€1,50/lt",Continente,Congelados/Gelados/Gelados Familiares,https://www.continente.pt/dw/image/v2/BDVS_PRD/on/demandware.static/-/Sites-col-master-catalog/default/dw4856b354/images/col/701/7018489-frente.jpg?sw=280&sh=280,emb. 2 lt,https://www.continente.pt/produto/gelado-baunilha-e-chocolate-continente-7018489.html,congelados,2025-04-23,Continente
Mini Pizzas de Salame,8200251,3.69,"€3,69/un",Ristorante Piccolissima,Congelados/Pizzas,https://www.continente.pt/dw/image/v2/BDVS_PRD/on/demandware.static/-/Sites-col-master-catalog/default/dw0d3a2bb0/images/col/820/8200251-direito.png?sw=280&sh=280,emb. 288 gr,https://www.continente.pt/produto/mini-pizzas-de-salame-ristorante-piccolissima-8200251.html,congelados,2025-04-23,Continente
Barrinhas de Pescada Ómega 3,4725995,6.31,"€14,02/kg",Pescanova,Congelados/Douradinhos e Filetes,https://www.continente.pt/dw/image/v2/BDVS_PRD/on/demandware.static/-/Sites-col-master-catalog/default/dw32d819ba/images/col/472/4725995-direito.jpg?sw=280&sh=280,emb. 450 gr (15 un),https://www.continente.pt/produto/barrinhas-de-pescada-omega-3-pescanova-4725995.html,congelados,2025-04-23,Continente
Tiras de Frango Panado,7646271,10.99,"€10,99/kg",Pescanova,Congelados/Douradinhos e Filetes,https://www.continente.pt/dw/image/v2/BDVS_PRD/on/demandware.static/-/Sites-col-master-catalog/default/dw80e690ca/images/col/764/7646271-frente.jpg?sw=280&sh=280,emb. 1 kg,https://www.continente.pt/produto/tiras-de-frango-panado-pescanova-7646271.html,congelados,2025-04-23,Continente
Gelado Banana Split,7411089,2.79,"€2,94/lt",Continente,Congelados/Gelados/Gelados Familiares,https://www.continente.pt/dw/image/v2/BDVS_PRD/on/demandware.static/-/Sites-col-master-catalog/default/dw4ae058e8/images/col/741/7411089-hero.jpg?sw=280&sh=280,emb. 950 ml,https://www.continente.pt/produto/gelado-banana-split-continente-7411089.html,congelados,2025-04-23,Continente
Pizza Forno Di Pietra Carbonara,6771368,4.86,"€14,29/kg",Buitoni Forno di Pietra,Congelados/Pizzas,https://www.continente.pt/dw/image/v2/BDVS_PRD/on/demandware.static/-/Sites-col-master-catalog/default/dwdcd3ff80/images/col/677/6771368-frente.png?sw=280&sh=280,emb. 300 gr,https://www.continente.pt/produto/pizza-forno-di-pietra-carbonara-buitoni-forno-di-pietra-6771368.html,congelados,2025-04-23,Continente
Tempura de Vegetais,7889376,2.8,"€7,00/kg",Continente,Congelados/Refeições Prontas,https://www.continente.pt/dw/image/v2/BDVS_PRD/on/demandware.static/-/Sites-col-master-catalog/default/dwe92f47b1/images/col/788/7889376-frente.jpg?sw=280&sh=280,emb. 400 gr,https://www.continente.pt/produto/tempura-de-vegetais-continente-7889376.html,congelados,2025-04-23,Continente
Mistura de Frutas Exóticas,6433288,3.59,"€7,98/kg",Continente Equilíbrio,Congelados/Frutas e Legumes/Frutas,https://www.continente.pt/dw/image/v2/BDVS_PRD/on/demandware.static/-/Sites-col-master-catalog/default/dw83a547bf/images/col/643/6433288-frente.jpg?sw=280&sh=280,emb. 450 gr,https://www.continente.pt/produto/mistura-de-frutas-exoticas-continente-equilibrio-6433288.html,congelados,2025-04-23,Continente
Gelado Cookies & Cream,7584212,2.69,"€6,73/lt",Continente,Congelados/Gelados/Mini Bites e Sandwich,https://www.continente.pt/dw/image/v2/BDVS_PRD/on/demandware.static/-/Sites-col-master-catalog/default/dwc54eb6b6/images/col/758/7584212-hero.jpg?sw=280&sh=280,emb. 4 un,https://www.continente.pt/produto/gelado-cookies-cream-continente-7584212.html,congelados,2025-04-23,Continente
Gelado Speculoos Caramel Biscuit & Cream,6787749,7.79,"€16,93/lt",Häagen-Dazs,Congelados/Gelados/Gelados Americanos,https://www.continente.pt/dw/image/v2/BDVS_PRD/on/demandware.static/-/Sites-col-master-catalog/default/dw51d7c479/images/col/678/6787749-frente.jpg?sw=280&sh=280,emb. 460 ml,https://www.continente.pt/produto/gelado-speculoos-caramel-biscuit-cream-haagen-dazs-6787749.html,congelados,2025-04-23,Continente
Gelado Chocolate Branco e Morango,7975650,3.99,"€9,97/lt",Magnum,Congelados/Gelados/Gelados de Pauzinho,https://www.continente.pt/dw/image/v2/BDVS_PRD/on/demandware.static/-/Sites-col-master-catalog/default/dw12f867c2/images/col/797/7975650-frente.png?sw=280&sh=280,emb. 400 ml (4 un),https://www.continente.pt/produto/gelado-chocolate-branco-e-morango-magnum-7975650.html,congelados,2025-04-23,Continente
Pizza La Mia Grande Presunto e Formaggi,8017769,6.59,"€16,48/kg",La Mia Grande,Congelados/Pizzas,https://www.continente.pt/dw/image/v2/BDVS_PRD/on/demandware.static/-/Sites-col-master-catalog/default/dwa10a55d7/images/col/801/8017769-direito.png?sw=280&sh=280,emb. 400 gr,https://www.continente.pt/produto/pizza-la-mia-grande-presunto-e-formaggi-la-mia-grande-8017769.html,congelados,2025-04-23,Continente
Nuggets de Pescada Panada sem Glúten,7944188,11.32,"€11,32/kg",Pescanova,Congelados/Nuggets e Crocantes,https://www.continente.pt/dw/image/v2/BDVS_PRD/on/demandware.static/-/Sites-col-master-catalog/default/dwe5254311/images/col/794/7944188-frente.jpg?sw=280&sh=280,emb. 1 kg,https://www.continente.pt/produto/nuggets-de-pescada-panada-sem-gluten-pescanova-7944188.html,congelados,2025-04-23,Continente
Mistura de Legumes Vaporizados,6306259,3.33,"€4,44/kg",Bonduelle,Congelados/Frutas e Legumes/Misturas de Legumes,https://www.continente.pt/dw/image/v2/BDVS_PRD/on/demandware.static/-/Sites-col-master-catalog/default/dwd6b5ee14/images/col/630/6306259-frente.jpg?sw=280&sh=280,emb. 750 gr,https://www.continente.pt/produto/mistura-de-legumes-vaporizados-bonduelle-6306259.html,congelados,2025-04-23,Continente
Gelado Mini Magníficos Amêndoa e Chocolate Branco,7756099,3.99,"€6,65/lt",Continente,Congelados/Gelados/Gelados de Pauzinho,https://www.continente.pt/dw/image/v2/BDVS_PRD/on/demandware.static/-/Sites-col-master-catalog/default/dw4bb99847/images/col/775/7756099-frente.jpg?sw=280&sh=280,emb. 12 un,https://www.continente.pt/produto/gelado-mini-magnificos-amendoa-e-chocolate-branco-continente-7756099.html,congelados,2025-04-23,Continente
Posta de Raia Congelada,8108509,8.99,"€12,84/kg",,"Frescos/Peixaria/Filetes, Lombos e Postas/Congelado",https://www.continente.pt/dw/image/v2/BDVS_PRD/on/demandware.static/-/Sites-col-master-catalog/default/dw79eb61ac/images/col/810/8108509-topshot-emb.jpg?sw=280&sh=280,emb. 700 gr,https://www.continente.pt/produto/posta-de-raia-congelada-8108509.html,congelados,2025-04-23,Continente
Lombos de Bacalhau Demolhado Ultracongelado,7739019,13.69,"€34,22/kg",Pescanova,Frescos/Peixaria/Bacalhau/Congelado,https://www.continente.pt/dw/image/v2/BDVS_PRD/on/demandware.static/-/Sites-col-master-catalog/default/dwf70b2e19/images/col/773/7739019-frente.jpg?sw=280&sh=280,emb. 400 gr,https://www.continente.pt/produto/lombos-de-bacalhau-demolhado-ultracongelado-pescanova-7739019.html,congelados,2025-04-23,Continente
Esparguete à Bolonhesa,7632359,2.39,"€7,97/kg",Continente,Congelados/Refeições Prontas,https://www.continente.pt/dw/image/v2/BDVS_PRD/on/demandware.static/-/Sites-col-master-catalog/default/dwf6ce9555/images/col/763/7632359-frente.jpg?sw=280&sh=280,emb. 300 gr,https://www.continente.pt/produto/esparguete-a-bolonhesa-continente-7632359.html,congelados,2025-04-23,Continente
Mini Pizzas de Prosciutto,8200258,3.69,"€3,69/un",Ristorante Piccolissima,Congelados/Pizzas,https://www.continente.pt/dw/image/v2/BDVS_PRD/on/demandware.static/-/Sites-col-master-catalog/default/dw5b2f902a/images/col/820/8200258-direito.png?sw=280&sh=280,emb. 288 gr,https://www.continente.pt/produto/mini-pizzas-de-prosciutto-ristorante-piccolissima-8200258.html,congelados,2025-04-23,Continente
Língua de Bovino Congelada,7304942,7.99,"€7,99/un",Continente,"Frescos/Talho/Novilho, Vitela e Vitelão",https://www.continente.pt/dw/image/v2/BDVS_PRD/on/demandware.static/-/Sites-col-master-catalog/default/dwe658d513/images/col/730/7304942-frente.jpg?sw=280&sh=280,emb. 1 kg (aprox.),https://www.continente.pt/produto/lingua-de-bovino-congelada-continente-7304942.html,congelados,2025-04-23,Continente
Gelado Caramelo Collection Minicups,6787772,7.99,"€21,03/lt",Häagen-Dazs,Congelados/Gelados/Gelados Americanos,https://www.continente.pt/dw/image/v2/BDVS_PRD/on/demandware.static/-/Sites-col-master-catalog/default/dw24b1cc94/images/col/678/6787772-hero.jpg?sw=280&sh=280,emb. 380 ml (4 un),https://www.continente.pt/produto/gelado-caramelo-collection-minicups-haagen-dazs-6787772.html,congelados,2025-04-23,Continente
Camarão Selvagem Madagáscar 20/30 Congelado,6780303,24.99,"€7,50/un",,Frescos/Peixaria/Marisco/Congelado,https://www.continente.pt/dw/image/v2/BDVS_PRD/on/demandware.static/-/Sites-col-master-catalog/default/dwff81247a/images/col/678/6780303-frente.jpg?sw=280&sh=280,Quant. Mínima = 300 gr,https://www.continente.pt/produto/camarao-selvagem-madagascar-20-30-congelado-6780303.html,congelados,2025-04-23,Continente
Gelado Lemon Freezy,8020302,2.29,"€6,36/lt",Continente,Congelados/Gelados/Gelados Infantis,https://www.continente.pt/dw/image/v2/BDVS_PRD/on/demandware.static/-/Sites-col-master-catalog/default/dwcae6810c/images/col/802/8020302-frente.jpg?sw=280&sh=280,emb. 6 un,https://www.continente.pt/produto/gelado-lemon-freezy-continente-8020302.html,congelados,2025-04-23,Continente
Gelado Magnífico Chocolate Branco com Amêndoa,7409924,3.99,"€5,54/lt",Continente,Congelados/Gelados/Gelados de Pauzinho,https://www.continente.pt/dw/image/v2/BDVS_PRD/on/demandware.static/-/Sites-col-master-catalog/default/dw7f16cf9b/images/col/740/7409924-frente.jpg?sw=280&sh=280,emb. 720 ml (6 un),https://www.continente.pt/produto/gelado-magnifico-chocolate-branco-com-amendoa-continente-7409924.html,congelados,2025-04-23,Continente
Filetes de Pescada sem Glúten,6089483,6.69,"€20,91/kg",Pescanova,Congelados/Douradinhos e Filetes,https://www.continente.pt/dw/image/v2/BDVS_PRD/on/demandware.static/-/Sites-col-master-catalog/default/dwd469fb16/images/col/608/6089483-direito.jpg?sw=280&sh=280,emb. 320 gr (4 un),https://www.continente.pt/produto/filetes-de-pescada-sem-gluten-pescanova-6089483.html,congelados,2025-04-23,Continente
Pizza Tonno,7541599,5.89,"€13,54/kg",Casa di Mama,Congelados/Pizzas,https://www.continente.pt/dw/image/v2/BDVS_PRD/on/demandware.static/-/Sites-col-master-catalog/default/dwc095614e/images/col/754/7541599-direito.png?sw=280&sh=280,emb. 435 gr,https://www.continente.pt/produto/pizza-tonno-casa-di-mama-7541599.html,congelados,2025-04-23,Continente
Gelado Caramelo Chew Chew,7105465,4.49,"€9,66/lt",Ben & Jerrys,Congelados/Gelados/Gelados Americanos,https://www.continente.pt/dw/image/v2/BDVS_PRD/on/demandware.static/-/Sites-col-master-catalog/default/dw3d39e343/images/col/710/7105465-frente.jpg?sw=280&sh=280,emb. 465 ml,https://www.continente.pt/produto/gelado-caramelo-chew-chew-ben-jerrys-7105465.html,congelados,2025-04-23,Continente
Gelado Morango,5553145,2.99,"€5,70/lt",Calippo,Congelados/Gelados/Gelados Infantis,https://www.continente.pt/dw/image/v2/BDVS_PRD/on/demandware.static/-/Sites-col-master-catalog/default/dw33b2cabe/images/col/555/5553145-hero.jpg?sw=280&sh=280,emb. 525 ml (5 un),https://www.continente.pt/produto/gelado-morango-calippo-5553145.html,congelados,2025-04-23,Continente
Petit Gâteau de Doce de Leite,7719908,3.29,"€10,28/kg",Continente,Congelados/Sobremesas/Crepes e Petit Gâteau,https://www.continente.pt/dw/image/v2/BDVS_PRD/on/demandware.static/-/Sites-col-master-catalog/default/dwaac49a84/images/col/771/7719908-frente.jpg?sw=280&sh=280,emb. 320 gr (4 un),https://www.continente.pt/produto/petit-gateau-de-doce-de-leite-continente-7719908.html,congelados,2025-04-23,Continente
Gelado Chocolate e Amêndoa,8013078,3.99,"€9,97/lt",Magnum,Congelados/Gelados/Gelados de Pauzinho,https://www.continente.pt/dw/image/v2/BDVS_PRD/on/demandware.static/-/Sites-col-master-catalog/default/dwd5241a1b/images/col/801/8013078-frente.jpg?sw=280&sh=280,emb. 400 ml (4 un),https://www.continente.pt/produto/gelado-chocolate-e-amendoa-magnum-8013078.html,congelados,2025-04-23,Continente
Filetes de Salmão Selvagem MSC Congelado,7735879,8.49,"€23,58/kg",Dimar,"Frescos/Peixaria/Filetes, Lombos e Postas/Congelado",https://www.continente.pt/dw/image/v2/BDVS_PRD/on/demandware.static/-/Sites-col-master-catalog/default/dw381f78f9/images/col/773/7735879-frente.jpg?sw=280&sh=280,emb. 360 gr,https://www.continente.pt/produto/filetes-de-salmao-selvagem-msc-congelado-dimar-7735879.html,congelados,2025-04-23,Continente
Pop Nuggets,7363082,2.99,"€9,97/kg",Continente,Congelados/Nuggets e Crocantes,https://www.continente.pt/dw/image/v2/BDVS_PRD/on/demandware.static/-/Sites-col-master-catalog/default/dw6705a451/images/col/736/7363082-frente.jpg?sw=280&sh=280,emb. 300 gr,https://www.continente.pt/produto/pop-nuggets-continente-7363082.html,congelados,2025-04-23,Continente
Açaí com Guaraná Biológico,7848173,4.99,"€9,98/lt",Continente Bio,Congelados/Frutas e Legumes/Frutas,https://www.continente.pt/dw/image/v2/BDVS_PRD/on/demandware.static/-/Sites-col-master-catalog/default/dw7bc33992/images/col/784/7848173-frente.jpg?sw=280&sh=280,emb. 500 ml,https://www.continente.pt/produto/acai-com-guarana-biologico-continente-bio-7848173.html,congelados,2025-04-23,Continente
Camarão Selvagem de Madagáscar 30/40 Ultracongelado,6779470,19.49,"€24,36/kg",Continente Seleção,Frescos/Peixaria/Marisco/Congelado,https://www.continente.pt/dw/image/v2/BDVS_PRD/on/demandware.static/-/Sites-col-master-catalog/default/dwc884ba33/images/col/677/6779470-frente.jpg?sw=280&sh=280,emb. 800 gr,https://www.continente.pt/produto/camarao-selvagem-de-madagascar-30-40-ultracongelado-continente-selecao-6779470.html,congelados,2025-04-23,Continente
Gelado Cone Soft Stracciatella e Caramelo,7975658,3.89,"€6,95/lt",Cornetto,Congelados/Gelados/Gelados de Cone,https://www.continente.pt/dw/image/v2/BDVS_PRD/on/demandware.static/-/Sites-col-master-catalog/default/dw4be5b0cc/images/col/797/7975658-frente.png?sw=280&sh=280,emb. 560 ml (4 un),https://www.continente.pt/produto/gelado-cone-soft-stracciatella-e-caramelo-cornetto-7975658.html,congelados,2025-04-23,Continente
Gelado Cookie & Dough,7753717,7.79,"€16,93/lt",Häagen-Dazs,Congelados/Gelados/Gelados Americanos,https://www.continente.pt/dw/image/v2/BDVS_PRD/on/demandware.static/-/Sites-col-master-catalog/default/dw1f1a0cc1/images/col/775/7753717-frente.jpg?sw=280&sh=280,emb. 460 ml,https://www.continente.pt/produto/gelado-cookie-dough-haagen-dazs-7753717.html,congelados,2025-04-23,Continente
Camarão Tigre de Moçambique Selvagem Ultracongelado,7475822,42.99,"€53,74/kg",Continente Seleção,Frescos/Peixaria/Marisco/Congelado,https://www.continente.pt/dw/image/v2/BDVS_PRD/on/demandware.static/-/Sites-col-master-catalog/default/dw33955166/images/col/747/7475822-frente.jpg?sw=280&sh=280,emb. 800 gr,https://www.continente.pt/produto/camarao-tigre-de-mocambique-selvagem-ultracongelado-continente-selecao-7475822.html,congelados,2025-04-23,Continente
Nuggets Queijo Chili Pickers,8009597,3.79,"€16,48/kg",McCain,Congelados/Nuggets e Crocantes,https://www.continente.pt/dw/image/v2/BDVS_PRD/on/demandware.static/-/Sites-col-master-catalog/default/dwdd6eea35/images/col/800/8009597-frente.png?sw=280&sh=280,emb. 230 gr (10 a 12 un),https://www.continente.pt/produto/nuggets-queijo-chili-pickers-mccain-8009597.html,congelados,2025-04-23,Continente
Postas de Bacalhau Ultracongelado,2752176,21.52,"€30,74/kg",Pescanova,Frescos/Peixaria/Bacalhau/Congelado,https://www.continente.pt/dw/image/v2/BDVS_PRD/on/demandware.static/-/Sites-col-master-catalog/default/dw577305b3/images/col/275/2752176-frente.jpg?sw=280&sh=280,emb. 700 gr,https://www.continente.pt/produto/postas-de-bacalhau-ultracongelado-pescanova-2752176.html,congelados,2025-04-23,Continente
Nuggets Crocantes Vegan,7526164,3.09,"€17,17/kg",The Vegetarian Butcher,Congelados/Vegetariano e Vegan/Nuggets e Panados,https://www.continente.pt/dw/image/v2/BDVS_PRD/on/demandware.static/-/Sites-col-master-catalog/default/dw141dee3c/images/col/752/7526164-hero.jpg?sw=280&sh=280,emb. 180 gr,https://www.continente.pt/produto/nuggets-crocantes-vegan-the-vegetarian-butcher-7526164.html,congelados,2025-04-23,Continente
Lasanha Proteína Vegetal,7721681,5.34,"€13,35/kg",Iglo Green Cuisine,Congelados/Refeições Prontas,https://www.continente.pt/dw/image/v2/BDVS_PRD/on/demandware.static/-/Sites-col-master-catalog/default/dw78204dd4/images/col/772/7721681-direito.jpg?sw=280&sh=280,emb. 400 gr,https://www.continente.pt/produto/lasanha-proteina-vegetal-iglo-green-cuisine-7721681.html,congelados,2025-04-23,Continente
Caldeirada de Bacalhau MSC Demolhado Ultracongelada,7291499,3.99,"€5,70/kg",Continente,Frescos/Peixaria/Bacalhau/Congelado,https://www.continente.pt/dw/image/v2/BDVS_PRD/on/demandware.static/-/Sites-col-master-catalog/default/dw1ab037d8/images/col/729/7291499-frente.jpg?sw=280&sh=280,emb. 700 gr,https://www.continente.pt/produto/caldeirada-de-bacalhau-msc-demolhado-ultracongelada-continente-7291499.html,congelados,2025-04-23,Continente
Tarte Gelada Caramelo Salgado,7756158,2.59,"€3,98/lt",Viennetta,Congelados/Gelados/Tartes Geladas e Viennettas,https://www.continente.pt/dw/image/v2/BDVS_PRD/on/demandware.static/-/Sites-col-master-catalog/default/dw4a49ca54/images/col/775/7756158-frente.jpg?sw=280&sh=280,emb. 650 ml,https://www.continente.pt/produto/tarte-gelada-caramelo-salgado-viennetta-7756158.html,congelados,2025-04-23,Continente
Chicken Wings Southern Fried,7502169,8.59,"€21,48/kg",Iglo Take Away,Congelados/Nuggets e Crocantes,https://www.continente.pt/dw/image/v2/BDVS_PRD/on/demandware.static/-/Sites-col-master-catalog/default/dw59e753c7/images/col/750/7502169-direito.jpg?sw=280&sh=280,emb. 400 gr,https://www.continente.pt/produto/chicken-wings-southern-fried-iglo-take-away-7502169.html,congelados,2025-04-23,Continente
Gelado Chocolate e Avelã,7411520,2.79,"€2,94/lt",Continente,Congelados/Gelados/Gelados Familiares,https://www.continente.pt/dw/image/v2/BDVS_PRD/on/demandware.static/-/Sites-col-master-catalog/default/dwf8f42784/images/col/741/7411520-frente.jpg?sw=280&sh=280,emb. 950 ml,https://www.continente.pt/produto/gelado-chocolate-e-avela-continente-7411520.html,congelados,2025-04-23,Continente
Mini Hambúrgueres de Vegetais,7808386,6.69,"€14,74/kg",Iglo Green Cuisine,Congelados/Hambúrgueres e Almôndegas,https://www.continente.pt/dw/image/v2/BDVS_PRD/on/demandware.static/-/Sites-col-master-catalog/default/dwac4a58cf/images/col/780/7808386-cima-direito.jpg?sw=280&sh=280,emb. 454 gr (4 un),https://www.continente.pt/produto/mini-hamburgueres-de-vegetais-iglo-green-cuisine-7808386.html,congelados,2025-04-23,Continente
Pescadinha Rabo na Boca Ultracongelada,7741170,4.29,"€5,36/kg",Maritimus,Frescos/Peixaria/Peixe Congelado,https://www.continente.pt/dw/image/v2/BDVS_PRD/on/demandware.static/-/Sites-col-master-catalog/default/dwf95495ca/images/col/774/7741170-frente.jpg?sw=280&sh=280,emb. 800 gr,https://www.continente.pt/produto/pescadinha-rabo-na-boca-ultracongelada-maritimus-7741170.html,congelados,2025-04-23,Continente
Bife da Vazia de Novilho Congelado,7210568,17.99,"€14,39/un",Continente,"Frescos/Talho/Novilho, Vitela e Vitelão",https://www.continente.pt/dw/image/v2/BDVS_PRD/on/demandware.static/-/Sites-col-master-catalog/default/dwb1f09563/images/col/721/7210568-topshot.jpg?sw=280&sh=280,emb. 800 gr (aprox.),https://www.continente.pt/produto/bife-da-vazia-de-novilho-congelado-continente-7210568.html,congelados,2025-04-23,Continente
Mistura de Frutas e Açaí com Sementes de Linhaça,7643282,3.59,"€7,98/kg",Continente Equilíbrio,Congelados/Frutas e Legumes/Frutas,https://www.continente.pt/dw/image/v2/BDVS_PRD/on/demandware.static/-/Sites-col-master-catalog/default/dwc6bf2a03/images/col/764/7643282-frente.jpg?sw=280&sh=280,emb. 450 gr,https://www.continente.pt/produto/mistura-de-frutas-e-acai-com-sementes-de-linhaca-continente-equilibrio-7643282.html,congelados,2025-04-23,Continente
Camarão Tigre Selvagem Médio Congelado,7374377,30.99,"€2,48/un",,Frescos/Peixaria/Marisco/Congelado,https://www.continente.pt/dw/image/v2/BDVS_PRD/on/demandware.static/-/Sites-col-master-catalog/default/dw9f355055/images/col/737/7374377-cima-granel.jpg?sw=280&sh=280,Quant. Mínima = 320 gr (4 un),https://www.continente.pt/produto/camarao-tigre-selvagem-medio-congelado-7374377.html,congelados,2025-04-23,Continente
Bochechas de Porco Preto Congeladas,8063418,19.99,"€17,99/un",Miguel & Miguel,Frescos/Talho/Porco,https://www.continente.pt/dw/image/v2/BDVS_PRD/on/demandware.static/-/Sites-col-master-catalog/default/dw6e5a3e7f/images/col/806/8063418-frente.jpg?sw=280&sh=280,emb. 900 gr (aprox.),https://www.continente.pt/produto/bochechas-de-porco-preto-congeladas-miguel-miguel-8063418.html,congelados,2025-04-23,Continente
Gelado Classic Cone,7628015,5.69,"€22,94/kg",Kinder,Congelados/Gelados/Gelados Infantis,https://www.continente.pt/dw/image/v2/BDVS_PRD/on/demandware.static/-/Sites-col-master-catalog/default/dwf8bf3230/images/col/762/7628015-direito.jpg?sw=280&sh=280,emb. 248 gr (4 un),https://www.continente.pt/produto/gelado-classic-cone-kinder-7628015.html,congelados,2025-04-23,Continente
Tarte Gelada Morango,5562119,2.39,"€2,39/lt",Continente,Congelados/Gelados/Tartes Geladas e Viennettas,https://www.continente.pt/dw/image/v2/BDVS_PRD/on/demandware.static/-/Sites-col-master-catalog/default/dw770ecf6e/images/col/556/5562119-frente.jpg?sw=280&sh=280,emb. 1 lt,https://www.continente.pt/produto/tarte-gelada-morango-continente-5562119.html,congelados,2025-04-23,Continente
Pizza Forno Di Pietra 4 Estações,6771361,4.86,"€14,29/kg",Buitoni Forno di Pietra,Congelados/Pizzas,https://www.continente.pt/dw/image/v2/BDVS_PRD/on/demandware.static/-/Sites-col-master-catalog/default/dw44f9ba75/images/col/677/6771361-frente.png?sw=280&sh=280,emb. 355 gr,https://www.continente.pt/produto/pizza-forno-di-pietra-4-estacoes-buitoni-forno-di-pietra-6771361.html,congelados,2025-04-23,Continente
Lombos de Bacalhau sem Pele Congelado,7683736,5.99,"€19,97/kg",Dimar,Frescos/Peixaria/Bacalhau/Congelado,https://www.continente.pt/dw/image/v2/BDVS_PRD/on/demandware.static/-/Sites-col-master-catalog/default/dwc49ae841/images/col/768/7683736-cima.jpg?sw=280&sh=280,emb. 300 gr,https://www.continente.pt/produto/lombos-de-bacalhau-sem-pele-congelado-dimar-7683736.html,congelados,2025-04-23,Continente
Sorbet Limão sem Lactose,6592516,2.19,"€2,19/lt",Continente,Congelados/Gelados/Gelados Familiares,https://www.continente.pt/dw/image/v2/BDVS_PRD/on/demandware.static/-/Sites-col-master-catalog/default/dw91f3c058/images/col/659/6592516-frente.jpg?sw=280&sh=280,emb. 1 lt,https://www.continente.pt/produto/sorbet-limao-sem-lactose-continente-6592516.html,congelados,2025-04-23,Continente
Espetadas de Porco Preto com Pimentos Ultracongeladas,7182951,12.99,"€6,50/un",Valbolota by Miguel & Miguel,Frescos/Talho/Pronto a Cozinhar,https://www.continente.pt/dw/image/v2/BDVS_PRD/on/demandware.static/-/Sites-col-master-catalog/default/dw655f763d/images/col/718/7182951-cima.jpg?sw=280&sh=280,emb. 500 gr (aprox.),https://www.continente.pt/produto/espetadas-de-porco-preto-com-pimentos-ultracongeladas-valbolota-by-miguel-miguel-7182951.html,congelados,2025-04-23,Continente
Camarão Selvagem de Madagáscar 40/60 Congelado,6780302,16.99,"€0,34/un",,Frescos/Peixaria/Marisco/Congelado,https://www.continente.pt/dw/image/v2/BDVS_PRD/on/demandware.static/-/Sites-col-master-catalog/default/dw5c6dd435/images/col/678/6780302-frente.jpg?sw=280&sh=280,Quant. Mínima = 400 gr (20 un),https://www.continente.pt/produto/camarao-selvagem-de-madagascar-40-60-congelado-6780302.html,congelados,2025-04-23,Continente
Gelado Caramelo Salgado,8083214,3.19,"€3,54/lt",Olá,Congelados/Gelados/Gelados Familiares,https://www.continente.pt/dw/image/v2/BDVS_PRD/on/demandware.static/-/Sites-col-master-catalog/default/dw21dc7b17/images/col/808/8083214-frente.png?sw=280&sh=280,emb. 900 ml,https://www.continente.pt/produto/gelado-caramelo-salgado-ola-8083214.html,congelados,2025-04-23,Continente
Gelado Picolero Morango e Chocolate Vegan,8039791,2.99,"€9,58/lt",Solero,Congelados/Gelados/Gelados de Pauzinho,https://www.continente.pt/dw/image/v2/BDVS_PRD/on/demandware.static/-/Sites-col-master-catalog/default/dwd45e2d96/images/col/803/8039791-frente.png?sw=280&sh=280,emb. 312 ml (4 un),https://www.continente.pt/produto/gelado-picolero-morango-e-chocolate-vegan-solero-8039791.html,congelados,2025-04-23,Continente
Gelado Chocolate e Avelã,7418321,5.69,"€28,45/kg",Ferrero,Congelados/Gelados/Gelados de Pauzinho,https://www.continente.pt/dw/image/v2/BDVS_PRD/on/demandware.static/-/Sites-col-master-catalog/default/dw095c43cc/images/col/741/7418321-direito.jpg?sw=280&sh=280,emb. 211 gr (4 un),https://www.continente.pt/produto/gelado-chocolate-e-avela-ferrero-7418321.html,congelados,2025-04-23,Continente
Gelado Manga 100% Fruta,7184412,2.49,"€10,38/lt",Continente Equilíbrio,Congelados/Gelados/Gelados Infantis,https://www.continente.pt/dw/image/v2/BDVS_PRD/on/demandware.static/-/Sites-col-master-catalog/default/dw96d238b7/images/col/718/7184412-hero.jpg?sw=280&sh=280,emb. 240 ml (4 un),https://www.continente.pt/produto/gelado-manga-100--fruta-continente-equilibrio-7184412.html,congelados,2025-04-23,Continente
Lombos de Perca do Nilo Congelada Pack Poupança,7970637,12.99,"€18,56/kg",Continente,Frescos/Peixaria/Peixe Congelado,https://www.continente.pt/dw/image/v2/BDVS_PRD/on/demandware.static/-/Sites-col-master-catalog/default/dw863e04b9/images/col/797/7970637-frente.jpg?sw=280&sh=280,emb. 700 gr,https://www.continente.pt/produto/lombos-de-perca-do-nilo-congelada-pack-poupanca-continente-7970637.html,congelados,2025-04-23,Continente
Salteado Mediterrâneo,6306678,4.19,"€5,99/kg",Bonduelle,Congelados/Frutas e Legumes/Misturas de Legumes,https://www.continente.pt/dw/image/v2/BDVS_PRD/on/demandware.static/-/Sites-col-master-catalog/default/dwc0a8fefe/images/col/630/6306678-frente.jpg?sw=280&sh=280,emb. 700 gr,https://www.continente.pt/produto/salteado-mediterraneo-bonduelle-6306678.html,congelados,2025-04-23,Continente
Pizza Forno Di Pietra Fiambre e Cogumelos,6771158,4.86,"€14,29/kg",Buitoni Forno di Pietra,Congelados/Pizzas,https://www.continente.pt/dw/image/v2/BDVS_PRD/on/demandware.static/-/Sites-col-master-catalog/default/dwa026b15e/images/col/677/6771158-frente.png?sw=280&sh=280,emb. 340 gr,https://www.continente.pt/produto/pizza-forno-di-pietra-fiambre-e-cogumelos-buitoni-forno-di-pietra-6771158.html,congelados,2025-04-23,Continente
"Frango com Mel, Mostarda e Brócolos Diet",7404456,6.99,"€21,18/kg",Prozis,Congelados/Refeições Prontas,https://www.continente.pt/dw/image/v2/BDVS_PRD/on/demandware.static/-/Sites-col-master-catalog/default/dw75344d38/images/col/740/7404456-frente.jpg?sw=280&sh=280,emb. 330 gr,https://www.continente.pt/produto/frango-com-mel-mostarda-e-brocolos-diet-prozis-7404456.html,congelados,2025-04-23,Continente
Hambúrguer 100% Frango do Campo Congelado,7678537,6.99,"€17,48/kg",Campoaves,Frescos/Talho/Frango e Peru/Frango,https://www.continente.pt/dw/image/v2/BDVS_PRD/on/demandware.static/-/Sites-col-master-catalog/default/dwc0915c21/images/col/767/7678537-frente.jpg?sw=280&sh=280,4 un x 100 gr (400 gr),https://www.continente.pt/produto/hamburguer-100--frango-do-campo-congelado-campoaves-7678537.html,congelados,2025-04-23,Continente
Pizzettes Espinafres e Creme Azedo,7947276,3.69,"€10,25/kg",Continente Seleção,Congelados/Pizzas,https://www.continente.pt/dw/image/v2/BDVS_PRD/on/demandware.static/-/Sites-col-master-catalog/default/dw30127239/images/col/794/7947276-frente.jpg?sw=280&sh=280,emb. 360 gr,https://www.continente.pt/produto/pizzettes-espinafres-e-creme-azedo-continente-selecao-7947276.html,congelados,2025-04-23,Continente
Bacalhau do Chefe,7578232,4.99,"€16,63/kg",Riberalves,Congelados/Refeições Prontas,https://www.continente.pt/dw/image/v2/BDVS_PRD/on/demandware.static/-/Sites-col-master-catalog/default/dwea77fccb/images/col/757/7578232-frente.png?sw=280&sh=280,emb. 300 gr,https://www.continente.pt/produto/bacalhau-do-chefe-riberalves-7578232.html,congelados,2025-04-23,Continente
Gelado Fresh Limão e Morango,7584214,2.79,"€4,23/lt",Continente,Congelados/Gelados/Gelados Infantis,https://www.continente.pt/dw/image/v2/BDVS_PRD/on/demandware.static/-/Sites-col-master-catalog/default/dw38b0d43f/images/col/758/7584214-frente.jpg?sw=280&sh=280,emb. 6 un,https://www.continente.pt/produto/gelado-fresh-limao-e-morango-continente-7584214.html,congelados,2025-04-23,Continente
Gelado Frutipop,7164607,1.99,"€5,41/lt",Continente,Congelados/Gelados/Gelados Infantis,https://www.continente.pt/dw/image/v2/BDVS_PRD/on/demandware.static/-/Sites-col-master-catalog/default/dwbe054769/images/col/716/7164607-frente.jpg?sw=280&sh=280,emb. 368 ml (8 un),https://www.continente.pt/produto/gelado-frutipop-continente-7164607.html,congelados,2025-04-23,Continente
Delícias do Mar Congeladas,7970582,2.69,"€3,84/kg",Vici,Frescos/Peixaria/Marisco/Congelado,https://www.continente.pt/dw/image/v2/BDVS_PRD/on/demandware.static/-/Sites-col-master-catalog/default/dwefe1d87e/images/col/797/7970582-topshot.jpg?sw=280&sh=280,emb. 700 gr,https://www.continente.pt/produto/delicias-do-mar-congeladas-vici-7970582.html,congelados,2025-04-23,Continente
Miolo de Berbigão Ultracongelado,6379230,6.99,"€27,96/kg",Continente,Frescos/Peixaria/Marisco/Congelado,https://www.continente.pt/dw/image/v2/BDVS_PRD/on/demandware.static/-/Sites-col-master-catalog/default/dw541045bd/images/col/637/6379230-cima.jpg?sw=280&sh=280,emb. 250 gr,https://www.continente.pt/produto/miolo-de-berbigao-ultracongelado-continente-6379230.html,congelados,2025-04-23,Continente
Posta de Pescada Nº 2 do Cabo Ultracongelada,8190230,6.99,"€6,99/kg",,Frescos/Peixaria/Peixe Congelado,https://www.continente.pt/dw/image/v2/BDVS_PRD/on/demandware.static/-/Sites-col-master-catalog/default/dwf9d1021f/images/col/819/8190230-topshot.jpg?sw=280&sh=280,emb. 1 kg,https://www.continente.pt/produto/posta-de-pescada-n-2-do-cabo-ultracongelada-8190230.html,congelados,2025-04-23,Continente
Gelado Double Gold Caramelo Billionaire,7335491,3.99,"€9,07/lt",Magnum,Congelados/Gelados/Gelados Americanos,https://www.continente.pt/dw/image/v2/BDVS_PRD/on/demandware.static/-/Sites-col-master-catalog/default/dwc38f85fe/images/col/733/7335491-hero.jpg?sw=280&sh=280,emb. 440 ml,https://www.continente.pt/produto/gelado-double-gold-caramelo-billionaire-magnum-7335491.html,congelados,2025-04-23,Continente
Gelado Chocolate,7987798,4.99,"€22,68/lt",Kinder,Congelados/Gelados/Gelados Infantis,https://www.continente.pt/dw/image/v2/BDVS_PRD/on/demandware.static/-/Sites-col-master-catalog/default/dw374f4acb/images/col/798/7987798-frente.jpg?sw=280&sh=280,emb. 220 ml (4 un),https://www.continente.pt/produto/gelado-chocolate-kinder-7987798.html,congelados,2025-04-23,Continente
Gelado Mochi Pistáchio Torrado com Mel sem Glúten,7893272,5.99,"€31,20/kg",Little Moons,Congelados/Gelados/Mini Bites e Sandwich,https://www.continente.pt/dw/image/v2/BDVS_PRD/on/demandware.static/-/Sites-col-master-catalog/default/dw6ad231cd/images/col/789/7893272-frente.jpg?sw=280&sh=280,emb. 6 un,https://www.continente.pt/produto/gelado-mochi-pistachio-torrado-com-mel-sem-gluten-little-moons-7893272.html,congelados,2025-04-23,Continente
Gelado Bolacha e Chocolate,8083218,3.19,"€3,54/lt",Olá,Congelados/Gelados/Gelados Familiares,https://www.continente.pt/dw/image/v2/BDVS_PRD/on/demandware.static/-/Sites-col-master-catalog/default/dwa552138d/images/col/808/8083218-frente.png?sw=280&sh=280,emb. 900 ml,https://www.continente.pt/produto/gelado-bolacha-e-chocolate-ola-8083218.html,congelados,2025-04-23,Continente
"Gelado Magnífico Chocolate Branco, Arroz Tufado e Morango",7408344,3.59,"€4,99/lt",Continente,Congelados/Gelados/Gelados de Pauzinho,https://www.continente.pt/dw/image/v2/BDVS_PRD/on/demandware.static/-/Sites-col-master-catalog/default/dw59c1b978/images/col/740/7408344-frente.jpg?sw=280&sh=280,emb. 720 ml (6 un),https://www.continente.pt/produto/gelado-magnifico-chocolate-branco-arroz-tufado-e-morango-continente-7408344.html,congelados,2025-04-23,Continente
Gelado Mochi Maracujá e Manga Vegan,7893268,5.99,"€31,20/kg",Little Moons,Congelados/Gelados/Mini Bites e Sandwich,https://www.continente.pt/dw/image/v2/BDVS_PRD/on/demandware.static/-/Sites-col-master-catalog/default/dwf6e50872/images/col/789/7893268-frente.jpg?sw=280&sh=280,emb. 6 un,https://www.continente.pt/produto/gelado-mochi-maracuja-e-manga-vegan-little-moons-7893268.html,congelados,2025-04-23,Continente
Crepes Chineses,8183106,1.9,"€6,33/kg",Continente,"Congelados/Salgados, Folhados e Pastelaria/Salgados",https://www.continente.pt/dw/image/v2/BDVS_PRD/on/demandware.static/-/Sites-col-master-catalog/default/dwcc19e26b/images/col/818/8183106-frente.jpg?sw=280&sh=280,emb. 300 gr,https://www.continente.pt/produto/crepes-chineses-continente-8183106.html,congelados,2025-04-23,Continente
Gelado Menta e Chocolate,7756095,2.39,"€2,39/lt",Continente,Congelados/Gelados/Gelados Familiares,https://www.continente.pt/dw/image/v2/BDVS_PRD/on/demandware.static/-/Sites-col-master-catalog/default/dw3df4d044/images/col/775/7756095-frente.jpg?sw=280&sh=280,emb. 1 lt,https://www.continente.pt/produto/gelado-menta-e-chocolate-continente-7756095.html,congelados,2025-04-23,Continente
Amêijoa Vietnamita Castanha Congelada,7067803,3.29,"€0,33/un",,Frescos/Peixaria/Marisco/Congelado,https://www.continente.pt/dw/image/v2/BDVS_PRD/on/demandware.static/-/Sites-col-master-catalog/default/dwd00408c8/images/col/706/7067803-frente.jpg?sw=280&sh=280,Quant. Mínima = 700 gr,https://www.continente.pt/produto/ameijoa-vietnamita-castanha-congelada-7067803.html,congelados,2025-04-23,Continente
Hambúrguer de Frango com Legumes Monstrinhos,7923641,3.99,"€11,08/kg",Continente Equilíbrio,Congelados/Hambúrgueres e Almôndegas,https://www.continente.pt/dw/image/v2/BDVS_PRD/on/demandware.static/-/Sites-col-master-catalog/default/dwe3bb0f02/images/col/792/7923641-frente.jpg?sw=280&sh=280,emb. 360 gr (6 un),https://www.continente.pt/produto/hamburguer-de-frango-com-legumes-monstrinhos-continente-equilibrio-7923641.html,congelados,2025-04-23,Continente
Gelados Coco Metades sem Glúten,8020303,2.99,"€8,31/lt",Continente,Congelados/Gelados/Mini Bites e Sandwich,https://www.continente.pt/dw/image/v2/BDVS_PRD/on/demandware.static/-/Sites-col-master-catalog/default/dwdb3b2a06/images/col/802/8020303-frente.png?sw=280&sh=280,emb. 2 un,https://www.continente.pt/produto/gelados-coco-metades-sem-gluten-continente-8020303.html,congelados,2025-04-23,Continente
Riced Veggies de Couve-flor e Quinoa,6772659,2.19,"€4,38/kg",Continente,Congelados/Frutas e Legumes/Misturas de Legumes,https://www.continente.pt/dw/image/v2/BDVS_PRD/on/demandware.static/-/Sites-col-master-catalog/default/dw43ccb539/images/col/677/6772659-hero.jpg?sw=280&sh=280,emb. 500 gr,https://www.continente.pt/produto/riced-veggies-de-couve-flor-e-quinoa-continente-6772659.html,congelados,2025-04-23,Continente
Línguas de Bacalhau 12 Meses de Cura Congelado,8156254,11.49,"€28,72/kg",Riberalves,Frescos/Peixaria/Bacalhau/Congelado,https://www.continente.pt/dw/image/v2/BDVS_PRD/on/demandware.static/-/Sites-col-master-catalog/default/dw466f3922/images/col/815/8156254-frente.jpg?sw=280&sh=280,emb. 400 gr,https://www.continente.pt/produto/linguas-de-bacalhau-12-meses-de-cura-congelado-riberalves-8156254.html,congelados,2025-04-23,Continente
Lula da Patagónia Cortada Congelada,7466998,6.99,"€17,48/kg",Continente,"Frescos/Peixaria/Polvo, Lulas e Chocos/Congelado",https://www.continente.pt/dw/image/v2/BDVS_PRD/on/demandware.static/-/Sites-col-master-catalog/default/dwbbefd5c1/images/col/746/7466998-frente.jpg?sw=280&sh=280,emb. 400 gr,https://www.continente.pt/produto/lula-da-patagonia-cortada-congelada-continente-7466998.html,congelados,2025-04-23,Continente
Crepes Caramelo Salgado,8020422,3.99,"€7,39/kg",Continente,Congelados/Sobremesas/Crepes e Petit Gâteau,https://www.continente.pt/dw/image/v2/BDVS_PRD/on/demandware.static/-/Sites-col-master-catalog/default/dwb9dde0a2/images/col/802/8020422-frente.jpg?sw=280&sh=280,emb. 6 un,https://www.continente.pt/produto/crepes-caramelo-salgado-continente-8020422.html,congelados,2025-04-23,Continente
Posta de Red Fish Congelada Pack Poupança,7451138,6.99,"€4,66/kg",Continente,"Frescos/Peixaria/Filetes, Lombos e Postas/Congelado",https://www.continente.pt/dw/image/v2/BDVS_PRD/on/demandware.static/-/Sites-col-master-catalog/default/dw1492b1d4/images/col/745/7451138-frente.jpg?sw=280&sh=280,"emb. 1,5 kg",https://www.continente.pt/produto/posta-de-red-fish-congelada-pack-poupanca-continente-7451138.html,congelados,2025-04-23,Continente
Camarão de Madagáscar 60/80 ASC Congelado,7157338,17.99,"€22,49/kg",Continente Seleção,Frescos/Peixaria/Marisco/Congelado,https://www.continente.pt/dw/image/v2/BDVS_PRD/on/demandware.static/-/Sites-col-master-catalog/default/dw7e8e5bd4/images/col/715/7157338-frente.jpg?sw=280&sh=280,emb. 800 gr,https://www.continente.pt/produto/camarao-de-madagascar-60-80-asc-congelado-continente-selecao-7157338.html,congelados,2025-04-23,Continente
Batata Palitos Steakhouse,5426189,5.12,"€5,12/kg",McCain,Congelados/Batata Frita e Puré,https://www.continente.pt/dw/image/v2/BDVS_PRD/on/demandware.static/-/Sites-col-master-catalog/default/dwc43b1e2b/images/col/542/5426189-frente.png?sw=280&sh=280,emb. 1 kg,https://www.continente.pt/produto/batata-palitos-steakhouse-mccain-5426189.html,congelados,2025-04-23,Continente
Gelado de Chocolate com recheio de Coco,8037362,5.79,"€19,30/lt",Bounty,Congelados/Gelados/Gelados de Pauzinho,https://www.continente.pt/dw/image/v2/BDVS_PRD/on/demandware.static/-/Sites-col-master-catalog/default/dwee878bde/images/col/803/8037362-direito.png?sw=280&sh=280,emb. 300 ml (6 un),https://www.continente.pt/produto/gelado-de-chocolate-com-recheio-de-coco-bounty-8037362.html,congelados,2025-04-23,Continente
Lula da Patagónia Inteira Ultracongelada,7399887,7.99,"€9,40/kg",Continente,"Frescos/Peixaria/Polvo, Lulas e Chocos/Congelado",https://www.continente.pt/dw/image/v2/BDVS_PRD/on/demandware.static/-/Sites-col-master-catalog/default/dw1ed1d49c/images/col/739/7399887-frente.jpg?sw=280&sh=280,emb. 850 gr,https://www.continente.pt/produto/lula-da-patagonia-inteira-ultracongelada-continente-7399887.html,congelados,2025-04-23,Continente
Lombos de Bacalhau sem Espinhas Congelados Seleção do Chef Rui Paula,7827001,19.99,"€39,98/kg",Caxamar,Frescos/Peixaria/Bacalhau/Congelado,https://www.continente.pt/dw/image/v2/BDVS_PRD/on/demandware.static/-/Sites-col-master-catalog/default/dwed9a3a7c/images/col/782/7827001-cima-direito.jpg?sw=280&sh=280,3 un (500 gr),https://www.continente.pt/produto/lombos-de-bacalhau-sem-espinhas-congelados-selecao-do-chef-rui-paula-caxamar-7827001.html,congelados,2025-04-23,Continente
Gelado Pistácio,8203177,7.99,"€19,02/lt",Häagen-Dazs,Congelados/Gelados/Gelados Americanos,https://www.continente.pt/dw/image/v2/BDVS_PRD/on/demandware.static/-/Sites-col-master-catalog/default/dw1d4ded2b/images/col/820/8203177-frente.jpg?sw=280&sh=280,emb. 420 ml,https://www.continente.pt/produto/gelado-pistacio-haagen-dazs-8203177.html,congelados,2025-04-23,Continente
Lombos de Bacalhau Gourmet 12 Meses de Cura Congelado,8194662,21.0,"€35,00/kg",Caxamar,Frescos/Peixaria/Bacalhau/Congelado,https://www.continente.pt/dw/image/v2/BDVS_PRD/on/demandware.static/-/Sites-col-master-catalog/default/dw432e96cf/images/col/819/8194662-direito.jpg?sw=280&sh=280,emb. 600 gr,https://www.continente.pt/produto/lombos-de-bacalhau-gourmet-12-meses-de-cura-congelado-caxamar-8194662.html,congelados,2025-04-23,Continente
Camarão Moçambique Médio 48/64 Ultracongelado,4828009,16.99,"€21,24/kg",Pescanova,Frescos/Peixaria/Marisco/Congelado,https://www.continente.pt/dw/image/v2/BDVS_PRD/on/demandware.static/-/Sites-col-master-catalog/default/dwd9537ddc/images/col/482/4828009-direito.png?sw=280&sh=280,emb. 800 gr,https://www.continente.pt/produto/camarao-mocambique-medio-48-64-ultracongelado-pescanova-4828009.html,congelados,2025-04-23,Continente
Tentáculos de Polvo Congelados,7311289,17.99,"€23,39/un",Continente,"Frescos/Peixaria/Polvo, Lulas e Chocos/Congelado",https://www.continente.pt/dw/image/v2/BDVS_PRD/on/demandware.static/-/Sites-col-master-catalog/default/dwe51a2294/images/col/731/7311289-frente.jpg?sw=280&sh=280,"emb. 1,3 kg (2 un)",https://www.continente.pt/produto/tentaculos-de-polvo-congelados-continente-7311289.html,congelados,2025-04-23,Continente
Gelado Nata sem Lactose,5323151,2.79,"€5,58/lt",Nutrégi,Congelados/Gelados/Gelados Americanos,https://www.continente.pt/dw/image/v2/BDVS_PRD/on/demandware.static/-/Sites-col-master-catalog/default/dw76a47a57/images/col/532/5323151-frente.jpg?sw=280&sh=280,emb. 500 ml,https://www.continente.pt/produto/gelado-nata-sem-lactose-nutregi-5323151.html,congelados,2025-04-23,Continente
Gelado Cone Chocolate Nocilla,8066847,3.89,"€10,81/lt",Cornetto,Congelados/Gelados/Gelados de Cone,https://www.continente.pt/dw/image/v2/BDVS_PRD/on/demandware.static/-/Sites-col-master-catalog/default/dw03f3b3ec/images/col/806/8066847-frente.png?sw=280&sh=280,emb. 360 ml (4 un),https://www.continente.pt/produto/gelado-cone-chocolate-nocilla-cornetto-8066847.html,congelados,2025-04-23,Continente
Gelado Amêndoa Vegan,6851067,3.99,"€14,78/lt",Magnum,Congelados/Gelados/Gelados de Pauzinho,https://www.continente.pt/dw/image/v2/BDVS_PRD/on/demandware.static/-/Sites-col-master-catalog/default/dw7138cab0/images/col/685/6851067-hero.jpg?sw=280&sh=280,emb. 270 ml (3 un),https://www.continente.pt/produto/gelado-amendoa-vegan-magnum-6851067.html,congelados,2025-04-23,Continente
Gelado Cone Chocolate Branco Filipinos,7754882,3.89,"€7,78/lt",Cornetto,Congelados/Gelados/Gelados de Cone,https://www.continente.pt/dw/image/v2/BDVS_PRD/on/demandware.static/-/Sites-col-master-catalog/default/dw28b99d69/images/col/775/7754882-hero.jpg?sw=280&sh=280,emb. 360 ml (4 un),https://www.continente.pt/produto/gelado-cone-chocolate-branco-filipinos-cornetto-7754882.html,congelados,2025-04-23,Continente
Petinga Inteira Ultracongelada,7374673,4.19,"€4,19/kg",Frip,Frescos/Peixaria/Peixe Congelado,https://www.continente.pt/dw/image/v2/BDVS_PRD/on/demandware.static/-/Sites-col-master-catalog/default/dw98c557bf/images/col/737/7374673-frente.jpg?sw=280&sh=280,emb. 1 kg,https://www.continente.pt/produto/petinga-inteira-ultracongelada-frip-7374673.html,congelados,2025-04-23,Continente
Gelado Bombom Caramelo Salgado e Amêndoas,8067127,3.59,"€17,60/lt",Magnum,Congelados/Gelados/Mini Bites e Sandwich,https://www.continente.pt/dw/image/v2/BDVS_PRD/on/demandware.static/-/Sites-col-master-catalog/default/dw970adaf7/images/col/806/8067127-hero.jpg?sw=280&sh=280,emb. 204 ml (12 un),https://www.continente.pt/produto/gelado-bombom-caramelo-salgado-e-amendoas-magnum-8067127.html,congelados,2025-04-23,Continente
Pá de Borrego Corte Quadrado Congelado,7483598,10.49,"€13,11/un",Continente,Frescos/Talho/Cabrito e Borrego,https://www.continente.pt/dw/image/v2/BDVS_PRD/on/demandware.static/-/Sites-col-master-catalog/default/dw2fe58bda/images/col/748/7483598-frente.jpg?sw=280&sh=280,"emb. 1,25 kg (aprox.)",https://www.continente.pt/produto/pa-de-borrego-corte-quadrado-congelado-continente-7483598.html,congelados,2025-04-23,Continente
Açaí Biológico,8021790,8.99,"€19,01/kg",Oakberry,Congelados/Frutas e Legumes/Frutas,https://www.continente.pt/dw/image/v2/BDVS_PRD/on/demandware.static/-/Sites-col-master-catalog/default/dw15f85d23/images/col/802/8021790-frente.jpg?sw=280&sh=280,emb. 473 ml,https://www.continente.pt/produto/acai-biologico-oakberry-8021790.html,congelados,2025-04-23,Continente
Pizza Rústica Queijo e Fiambre,8242582,6.9,"€12,00/kg",Rústica,Congelados/Pizzas,https://www.continente.pt/dw/image/v2/BDVS_PRD/on/demandware.static/-/Sites-col-master-catalog/default/dw0715aade/images/col/824/8242582-frente.png?sw=280&sh=280,emb. 575 gr,https://www.continente.pt/produto/pizza-rustica-queijo-e-fiambre-rustica-8242582.html,congelados,2025-04-23,Continente
Gelado Exotic Maracujá Vegan sem Glúten,7759363,7.39,"€15,40/lt",Pink Albatross,Congelados/Gelados/Gelados Americanos,https://www.continente.pt/dw/image/v2/BDVS_PRD/on/demandware.static/-/Sites-col-master-catalog/default/dw13140caa/images/col/775/7759363-frente.jpg?sw=280&sh=280,emb. 480 ml,https://www.continente.pt/produto/gelado-exotic-maracuja-vegan-sem-gluten-pink-albatross-7759363.html,congelados,2025-04-23,Continente
Pizza Ristorante de Salame Grandíssima,8017747,6.79,"€12,57/kg",Ristorante,Congelados/Pizzas,https://www.continente.pt/dw/image/v2/BDVS_PRD/on/demandware.static/-/Sites-col-master-catalog/default/dwbd88b5ee/images/col/801/8017747-direito.jpg?sw=280&sh=280,emb. 540 gr,https://www.continente.pt/produto/pizza-ristorante-de-salame-grandissima-ristorante-8017747.html,congelados,2025-04-23,Continente
Miolo de Camarão Grande Cru 40/50 Ultracongelado,8153887,6.39,"€21,30/kg",Pescanova,Frescos/Peixaria/Marisco/Congelado,https://www.continente.pt/dw/image/v2/BDVS_PRD/on/demandware.static/-/Sites-col-master-catalog/default/dw3d972864/images/col/815/8153887-frente.jpg?sw=280&sh=280,emb. 300 gr,https://www.continente.pt/produto/miolo-de-camarao-grande-cru-40-50-ultracongelado-pescanova-8153887.html,congelados,2025-04-23,Continente
Gelado Bomboniera,7975651,4.19,"€29,93/lt",Magnum,Congelados/Gelados/Gelados de Pauzinho,https://www.continente.pt/dw/image/v2/BDVS_PRD/on/demandware.static/-/Sites-col-master-catalog/default/dwaea8ed4b/images/col/797/7975651-frente.png?sw=280&sh=280,emb. 1680 ml (12 un),https://www.continente.pt/produto/gelado-bomboniera-magnum-7975651.html,congelados,2025-04-23,Continente
Frango Mel e Mostarda com Arroz,7826655,6.75,"€15,52/kg",Prozis,Congelados/Refeições Prontas,https://www.continente.pt/dw/image/v2/BDVS_PRD/on/demandware.static/-/Sites-col-master-catalog/default/dw7e110b8e/images/col/782/7826655-frente.jpg?sw=280&sh=280,emb. 435 gr,https://www.continente.pt/produto/frango-mel-e-mostarda-com-arroz-prozis-7826655.html,congelados,2025-04-23,Continente
Strudel Maçã,8020425,2.49,"€4,15/kg",Continente,"Congelados/Salgados, Folhados e Pastelaria/Folhados",https://www.continente.pt/dw/image/v2/BDVS_PRD/on/demandware.static/-/Sites-col-master-catalog/default/dwcc958362/images/col/802/8020425-frente.jpg?sw=280&sh=280,emb. 600 gr,https://www.continente.pt/produto/strudel-maca-continente-8020425.html,congelados,2025-04-23,Continente
Lasanha de Frango,7795046,6.19,"€18,21/kg",Prozis,Congelados/Refeições Prontas,https://www.continente.pt/dw/image/v2/BDVS_PRD/on/demandware.static/-/Sites-col-master-catalog/default/dw168a4ab0/images/col/779/7795046-frente.jpg?sw=280&sh=280,emb. 340 gr,https://www.continente.pt/produto/lasanha-de-frango-prozis-7795046.html,congelados,2025-04-23,Continente
Lombo de Porco Preto Congelado,6842593,23.99,"€20,39/un",Miguel & Miguel,Frescos/Talho/Porco,https://www.continente.pt/dw/image/v2/BDVS_PRD/on/demandware.static/-/Sites-col-master-catalog/default/dw85dd096e/images/col/684/6842593-frente.jpg?sw=280&sh=280,emb. 850 gr (aprox.),https://www.continente.pt/produto/lombo-de-porco-preto-congelado-miguel-miguel-6842593.html,congelados,2025-04-23,Continente
"Gelado Wonder Toffee, Chocolate e Amêndoas Caramelizadas",7947249,3.99,"€14,78/lt",Magnum,Congelados/Gelados/Gelados de Pauzinho,https://www.continente.pt/dw/image/v2/BDVS_PRD/on/demandware.static/-/Sites-col-master-catalog/default/dw2bac36a6/images/col/794/7947249-hero.jpg?sw=280&sh=280,emb. 270 ml (3 un),https://www.continente.pt/produto/gelado-wonder-toffee-chocolate-e-amendoas-caramelizadas-magnum-7947249.html,congelados,2025-04-23,Continente
Gelado Classic Cone Chocolate Branco,7754925,5.69,"€22,94/kg",Kinder,Congelados/Gelados/Gelados Infantis,https://www.continente.pt/dw/image/v2/BDVS_PRD/on/demandware.static/-/Sites-col-master-catalog/default/dw6b8ac643/images/col/775/7754925-frente.jpg?sw=280&sh=280,emb. 248 gr (4 un),https://www.continente.pt/produto/gelado-classic-cone-chocolate-branco-kinder-7754925.html,congelados,2025-04-23,Continente
Burrito Frango,7795023,4.79,"€21,29/kg",Prozis,Congelados/Refeições Prontas,https://www.continente.pt/dw/image/v2/BDVS_PRD/on/demandware.static/-/Sites-col-master-catalog/default/dw375b64f7/images/col/779/7795023-frente.jpg?sw=280&sh=280,emb. 225 gr,https://www.continente.pt/produto/burrito-frango-prozis-7795023.html,congelados,2025-04-23,Continente
Cocktail de Bivalves Congelados,7544035,3.79,"€15,16/kg",Continente,Frescos/Peixaria/Marisco/Congelado,https://www.continente.pt/dw/image/v2/BDVS_PRD/on/demandware.static/-/Sites-col-master-catalog/default/dw0b28b5c2/images/col/754/7544035-frente.jpg?sw=280&sh=280,emb. 250 gr,https://www.continente.pt/produto/cocktail-de-bivalves-congelados-continente-7544035.html,congelados,2025-04-23,Continente
Mandioca Palitos,7486709,2.09,"€6,97/kg",De Marchi,Congelados/Frutas e Legumes/Legumes,https://www.continente.pt/dw/image/v2/BDVS_PRD/on/demandware.static/-/Sites-col-master-catalog/default/dw95fc0578/images/col/748/7486709-frente.jpg?sw=280&sh=280,emb. 300 gr,https://www.continente.pt/produto/mandioca-palitos-de-marchi-7486709.html,congelados,2025-04-23,Continente
Puré de Beterraba,8020282,3.49,"€9,97/kg",Continente Equilíbrio,Congelados/Batata Frita e Puré,https://www.continente.pt/dw/image/v2/BDVS_PRD/on/demandware.static/-/Sites-col-master-catalog/default/dwbe7c3133/images/col/802/8020282-frente.jpg?sw=280&sh=280,emb. 350 gr (2 un),https://www.continente.pt/produto/pure-de-beterraba-continente-equilibrio-8020282.html,congelados,2025-04-23,Continente
Lombinhos de Bacalhau MSC Demolhado Ultracongelado,8057907,7.49,"€12,48/kg",Continente,Frescos/Peixaria/Bacalhau/Congelado,https://www.continente.pt/dw/image/v2/BDVS_PRD/on/demandware.static/-/Sites-col-master-catalog/default/dw2a97bcc0/images/col/805/8057907-topshot.jpg?sw=280&sh=280,emb. 600 gr,https://www.continente.pt/produto/lombinhos-de-bacalhau-msc-demolhado-ultracongelado-continente-8057907.html,congelados,2025-04-23,Continente
Camarão Vannamei Grande 40/48 Ultracongelado,4511780,9.39,"€11,74/kg",Pescanova,Frescos/Peixaria/Marisco/Congelado,https://www.continente.pt/dw/image/v2/BDVS_PRD/on/demandware.static/-/Sites-col-master-catalog/default/dw4759caef/images/col/451/4511780-frente.png?sw=280&sh=280,emb. 800 gr,https://www.continente.pt/produto/camarao-vannamei-grande-40-48-ultracongelado-pescanova-4511780.html,congelados,2025-04-23,Continente
Bolachas Americanas Yummy Cookies,8020430,3.99,"€7,82/kg",Continente,Congelados/Sobremesas,https://www.continente.pt/dw/image/v2/BDVS_PRD/on/demandware.static/-/Sites-col-master-catalog/default/dw90964a01/images/col/802/8020430-frente.jpg?sw=280&sh=280,emb. 6 un,https://www.continente.pt/produto/bolachas-americanas-yummy-cookies-continente-8020430.html,congelados,2025-04-23,Continente
"Polvo do Algarve Ultracongelado (800 gr a 1,5 kg)",7212337,17.99,"€25,19/un",Congelagos,"Frescos/Peixaria/Polvo, Lulas e Chocos/Congelado",https://www.continente.pt/dw/image/v2/BDVS_PRD/on/demandware.static/-/Sites-col-master-catalog/default/dw8f019520/images/col/721/7212337-frente.jpg?sw=280&sh=280,"emb. 1,4 kg",https://www.continente.pt/produto/polvo-do-algarve-ultracongelado-800-gr-a-15-kg-congelagos-7212337.html,congelados,2025-04-23,Continente
Crepes de Legumes Mini,7269720,4.99,"€4,99/un",Cafe Asia,"Congelados/Salgados, Folhados e Pastelaria/Salgados",https://www.continente.pt/dw/image/v2/BDVS_PRD/on/demandware.static/-/Sites-col-master-catalog/default/dw2cb01b6e/images/col/726/7269720-frente.jpg?sw=280&sh=280,emb. 400 gr,https://www.continente.pt/produto/crepes-de-legumes-mini-cafe-asia-7269720.html,congelados,2025-04-23,Continente
Gelado Baunilha e Amêndoa,6089406,3.99,"€9,07/lt",Magnum,Congelados/Gelados/Gelados Americanos,https://www.continente.pt/dw/image/v2/BDVS_PRD/on/demandware.static/-/Sites-col-master-catalog/default/dwc8c9b6ca/images/col/608/6089406-hero.jpg?sw=280&sh=280,emb. 440 ml,https://www.continente.pt/produto/gelado-baunilha-e-amendoa-magnum-6089406.html,congelados,2025-04-23,Continente
Unhas de Porco Congeladas,7484545,2.29,"€2,29/un",Continente,Frescos/Talho/Porco,https://www.continente.pt/dw/image/v2/BDVS_PRD/on/demandware.static/-/Sites-col-master-catalog/default/dwc49c21e0/images/col/748/7484545-frente.jpg?sw=280&sh=280,emb. 1 kg (aprox.),https://www.continente.pt/produto/unhas-de-porco-congeladas-continente-7484545.html,congelados,2025-04-23,Continente
Tintureira Cubos Congelados,6639030,3.89,"€7,78/kg",,"Frescos/Peixaria/Filetes, Lombos e Postas/Congelado",https://www.continente.pt/dw/image/v2/BDVS_PRD/on/demandware.static/-/Sites-col-master-catalog/default/dw76d3d82e/images/col/663/6639030-frente.jpg?sw=280&sh=280,emb. 500 gr,https://www.continente.pt/produto/tintureira-cubos-congelados-6639030.html,congelados,2025-04-23,Continente
Rabos de Tamboril sem Pele Ultracongelado,8190716,7.79,"€15,58/kg",,Frescos/Peixaria/Peixe Congelado,https://www.continente.pt/dw/image/v2/BDVS_PRD/on/demandware.static/-/Sites-col-master-catalog/default/dw2ca6eb0e/images/col/819/8190716-topshot.jpg?sw=280&sh=280,emb. 500 gr,https://www.continente.pt/produto/rabos-de-tamboril-sem-pele-ultracongelado-8190716.html,congelados,2025-04-23,Continente
Espetada de Salmão e Camarão Ultracongelada,7798277,10.49,"€20,98/kg",Reymar,Frescos/Peixaria/Marisco/Congelado,https://www.continente.pt/dw/image/v2/BDVS_PRD/on/demandware.static/-/Sites-col-master-catalog/default/dwc9792ae4/images/col/779/7798277-cima.jpg?sw=280&sh=280,4 un x 125 gr (500 gr),https://www.continente.pt/produto/espetada-de-salmao-e-camarao-ultracongelada-reymar-7798277.html,congelados,2025-04-23,Continente
Orelhas de Porco Congeladas,7484542,4.19,"€2,51/un",Continente,Frescos/Talho/Porco,https://www.continente.pt/dw/image/v2/BDVS_PRD/on/demandware.static/-/Sites-col-master-catalog/default/dwde966221/images/col/748/7484542-frente.jpg?sw=280&sh=280,emb. 600 gr (aprox.),https://www.continente.pt/produto/orelhas-de-porco-congeladas-continente-7484542.html,congelados,2025-04-23,Continente
Lombos de Bacalhau 4 Meses de Cura MSC Congelado,7481162,6.34,"€26,42/kg",Riberalves,Frescos/Peixaria/Bacalhau/Congelado,https://www.continente.pt/dw/image/v2/BDVS_PRD/on/demandware.static/-/Sites-col-master-catalog/default/dw9eb45308/images/col/748/7481162-frente.jpg?sw=280&sh=280,emb. 240 gr (1 un),https://www.continente.pt/produto/lombos-de-bacalhau-4-meses-de-cura-msc-congelado-riberalves-7481162.html,congelados,2025-04-23,Continente
Covilhetes de Carne,7680209,3.59,"€13,81/kg",Continente Seleção,"Congelados/Salgados, Folhados e Pastelaria/Salgados",https://www.continente.pt/dw/image/v2/BDVS_PRD/on/demandware.static/-/Sites-col-master-catalog/default/dw9fce618d/images/col/768/7680209-frente.jpg?sw=280&sh=280,emb. 260 gr (4 un),https://www.continente.pt/produto/covilhetes-de-carne-continente-selecao-7680209.html,congelados,2025-04-23,Continente
Caldeirada de Peixe Ultracongelado,7443608,6.49,"€7,64/kg",Continente,Frescos/Peixaria/Peixe Congelado,https://www.continente.pt/dw/image/v2/BDVS_PRD/on/demandware.static/-/Sites-col-master-catalog/default/dw3633f1ba/images/col/744/7443608-cima.jpg?sw=280&sh=280,emb. 850 gr,https://www.continente.pt/produto/caldeirada-de-peixe-ultracongelado-continente-7443608.html,congelados,2025-04-23,Continente
Amêijoa Branca Nacional Congelada,6900967,8.99,"€5,84/un",,Frescos/Peixaria/Marisco/Congelado,https://www.continente.pt/dw/image/v2/BDVS_PRD/on/demandware.static/-/Sites-col-master-catalog/default/dwe3ef9101/images/col/690/6900967-frente.jpg?sw=280&sh=280,Quant. Mínima = 650 gr,https://www.continente.pt/produto/ameijoa-branca-nacional-congelada-6900967.html,congelados,2025-04-23,Continente
Gelado Iogurte e Framboesa,7756439,3.29,"€6,58/lt",Continente,Congelados/Gelados/Gelados Americanos,https://www.continente.pt/dw/image/v2/BDVS_PRD/on/demandware.static/-/Sites-col-master-catalog/default/dwa3f7a9fe/images/col/775/7756439-frente.jpg?sw=280&sh=280,emb. 500 ml,https://www.continente.pt/produto/gelado-iogurte-e-framboesa-continente-7756439.html,congelados,2025-04-23,Continente
Gelado Bombom Chocolate Branco e Cookies,8067121,3.59,"€17,60/lt",Magnum,Congelados/Gelados/Mini Bites e Sandwich,https://www.continente.pt/dw/image/v2/BDVS_PRD/on/demandware.static/-/Sites-col-master-catalog/default/dw41e07d8b/images/col/806/8067121-hero.jpg?sw=280&sh=280,emb. 204 ml (12 un),https://www.continente.pt/produto/gelado-bombom-chocolate-branco-e-cookies-magnum-8067121.html,congelados,2025-04-23,Continente
Gelado Double Chocolate Vegan sem Glúten,7759362,7.39,"€15,40/lt",Pink Albatross,Congelados/Gelados/Gelados Americanos,https://www.continente.pt/dw/image/v2/BDVS_PRD/on/demandware.static/-/Sites-col-master-catalog/default/dwbf56ec3c/images/col/775/7759362-frente.jpg?sw=280&sh=280,emb. 480 ml,https://www.continente.pt/produto/gelado-double-chocolate-vegan-sem-gluten-pink-albatross-7759362.html,congelados,2025-04-23,Continente
Caldeirada de Bacalhau MSC Congelado,7648620,4.89,"€6,99/kg",Riberalves,Frescos/Peixaria/Bacalhau/Congelado,https://www.continente.pt/dw/image/v2/BDVS_PRD/on/demandware.static/-/Sites-col-master-catalog/default/dw3cdad34f/images/col/764/7648620-frente.jpg?sw=280&sh=280,emb. 700 gr,https://www.continente.pt/produto/caldeirada-de-bacalhau-msc-congelado-riberalves-7648620.html,congelados,2025-04-23,Continente
Gelado Bohemian Raspeberry Vegan sem Lactose,8240610,3.89,"€8,37/lt",Ben & Jerrys,Congelados/Gelados/Gelados Americanos,https://www.continente.pt/dw/image/v2/BDVS_PRD/on/demandware.static/-/Sites-col-master-catalog/default/dw03520ab1/images/col/824/8240610-frente.jpg?sw=280&sh=280,emb. 465 ml,https://www.continente.pt/produto/gelado-bohemian-raspeberry-vegan-sem-lactose-ben-jerrys-8240610.html,congelados,2025-04-23,Continente
Tarte Gelada de Chocolate,2844079,2.59,"€3,98/lt",Viennetta,Congelados/Gelados/Tartes Geladas e Viennettas,https://www.continente.pt/dw/image/v2/BDVS_PRD/on/demandware.static/-/Sites-col-master-catalog/default/dw2f44388c/images/col/284/2844079-hero.jpg?sw=280&sh=280,emb. 650 ml,https://www.continente.pt/produto/tarte-gelada-de-chocolate-viennetta-2844079.html,congelados,2025-04-23,Continente
Gelado Soja Sandwich Vegan,6582990,4.59,"€14,34/kg",Valsoia,Congelados/Gelados/Mini Bites e Sandwich,https://www.continente.pt/dw/image/v2/BDVS_PRD/on/demandware.static/-/Sites-col-master-catalog/default/dw2bfee745/images/col/658/6582990-frente.jpg?sw=280&sh=280,emb. 320 gr,https://www.continente.pt/produto/gelado-soja-sandwich-vegan-valsoia-6582990.html,congelados,2025-04-23,Continente
Chicken Tenders,8122159,5.34,"€20,94/kg",Iglo,Congelados/Refeições Prontas,https://www.continente.pt/dw/image/v2/BDVS_PRD/on/demandware.static/-/Sites-col-master-catalog/default/dw675105cd/images/col/812/8122159-frente.png?sw=280&sh=280,emb. 255 gr,https://www.continente.pt/produto/chicken-tenders-iglo-8122159.html,congelados,2025-04-23,Continente
Pescada Grande da Argentina Congelada,2166842,6.99,"€9,09/un",,Frescos/Peixaria/Peixe Congelado,https://www.continente.pt/dw/image/v2/BDVS_PRD/on/demandware.static/-/Sites-col-master-catalog/default/dw8911e78f/images/col/216/2166842-frente.jpg?sw=280&sh=280,"Quant. Mínima = 1,3 kg",https://www.continente.pt/produto/pescada-grande-da-argentina-congelada-2166842.html,congelados,2025-04-23,Continente
Mini Pizzas Cremosa de Fiambre,6937640,4.75,"€17,59/kg",Buitoni Piccolinis,Congelados/Pizzas,https://www.continente.pt/dw/image/v2/BDVS_PRD/on/demandware.static/-/Sites-col-master-catalog/default/dw2ff3705e/images/col/693/6937640-hero.jpg?sw=280&sh=280,emb. 270 gr (9 un),https://www.continente.pt/produto/mini-pizzas-cremosa-de-fiambre-buitoni-piccolinis-6937640.html,congelados,2025-04-23,Continente
Preparado para Arroz de Marisco Ultracongelado,8153946,10.93,"€15,61/kg",Pescanova,Frescos/Peixaria/Marisco/Congelado,https://www.continente.pt/dw/image/v2/BDVS_PRD/on/demandware.static/-/Sites-col-master-catalog/default/dwc083122f/images/col/815/8153946-cima.jpg?sw=280&sh=280,emb. 700 gr,https://www.continente.pt/produto/preparado-para-arroz-de-marisco-ultracongelado-pescanova-8153946.html,congelados,2025-04-23,Continente
Gelado Sandwich XXL Filipinos,7754883,3.99,"€7,67/lt",Olá,Congelados/Gelados/Mini Bites e Sandwich,https://www.continente.pt/dw/image/v2/BDVS_PRD/on/demandware.static/-/Sites-col-master-catalog/default/dwbbd587a1/images/col/775/7754883-hero.jpg?sw=280&sh=280,emb. 520 ml (4 un),https://www.continente.pt/produto/gelado-sandwich-xxl-filipinos-ola-7754883.html,congelados,2025-04-23,Continente
Pescada Média do Cabo Congelada,5123035,8.19,"€7,37/un",,Frescos/Peixaria/Peixe Congelado,https://www.continente.pt/dw/image/v2/BDVS_PRD/on/demandware.static/-/Sites-col-master-catalog/default/dwd149c2d2/images/col/512/5123035-frente.jpg?sw=280&sh=280,emb. 900 gr,https://www.continente.pt/produto/pescada-media-do-cabo-congelada-5123035.html,congelados,2025-04-23,Continente
Crocantes Mini Veggie Italian,8212254,2.99,"€12,46/kg",Bonduelle,Congelados/Nuggets e Crocantes,https://www.continente.pt/dw/image/v2/BDVS_PRD/on/demandware.static/-/Sites-col-master-catalog/default/dw66a2507c/images/col/821/8212254-direito.jpg?sw=280&sh=280,emb. 240 gr,https://www.continente.pt/produto/crocantes-mini-veggie-italian-bonduelle-8212254.html,congelados,2025-04-23,Continente
Douradinhos de Peixe com Sumo de Limão,8389920,5.69,"€22,76/kg",Capitão Iglo,Congelados/Douradinhos e Filetes,https://www.continente.pt/dw/image/v2/BDVS_PRD/on/demandware.static/-/Sites-col-master-catalog/default/dw4b030d91/images/col/838/8389920-frente.jpg?sw=280&sh=280,emb. 250 gr (10 un),https://www.continente.pt/produto/douradinhos-de-peixe-com-sumo-de-limao-capitao-iglo-8389920.html,congelados,2025-04-23,Continente
Gelado Cheesecake de Frutos Vermelhos Vegan Sem Lactose,7411098,3.49,"€6,98/lt",Oh My Moo,Congelados/Gelados/Gelados Americanos,https://www.continente.pt/dw/image/v2/BDVS_PRD/on/demandware.static/-/Sites-col-master-catalog/default/dwa8282f25/images/col/741/7411098-frente.jpg?sw=280&sh=280,emb. 500 ml,https://www.continente.pt/produto/gelado-cheesecake-de-frutos-vermelhos-vegan-sem-lactose-oh-my-moo-7411098.html,congelados,2025-04-23,Continente
Gelado Caramelo com Flor de Sal,7725512,4.99,"€11,09/kg",Continente Seleção,Congelados/Gelados/Gelados Americanos,https://www.continente.pt/dw/image/v2/BDVS_PRD/on/demandware.static/-/Sites-col-master-catalog/default/dw38d02d99/images/col/772/7725512-frente.jpg?sw=280&sh=280,emb. 450 gr,https://www.continente.pt/produto/gelado-caramelo-com-flor-de-sal-continente-selecao-7725512.html,congelados,2025-04-23,Continente
Gelado Manteiga de Amendoim e Brownie Caramelo,7785005,3.49,"€6,98/lt",Oh My Moo,Congelados/Gelados/Gelados Americanos,https://www.continente.pt/dw/image/v2/BDVS_PRD/on/demandware.static/-/Sites-col-master-catalog/default/dw60199682/images/col/778/7785005-frente.jpg?sw=280&sh=280,emb. 500 ml,https://www.continente.pt/produto/gelado-manteiga-de-amendoim-e-brownie-caramelo-oh-my-moo-7785005.html,congelados,2025-04-23,Continente
Gelado Mini Chocolate Belga e Avelã,8067114,5.99,"€23,04/lt",Pink Albatross,Congelados/Gelados/Gelados de Pauzinho,https://www.continente.pt/dw/image/v2/BDVS_PRD/on/demandware.static/-/Sites-col-master-catalog/default/dw76931b0e/images/col/806/8067114-frente.png?sw=280&sh=280,emb. 260 ml (4 un),https://www.continente.pt/produto/gelado-mini-chocolate-belga-e-avela-pink-albatross-8067114.html,congelados,2025-04-23,Continente
Delícias do Mar em Forma de Lagosta Congeladas,8083514,2.19,"€8,59/kg",Columbus,Frescos/Peixaria/Marisco/Congelado,https://www.continente.pt/dw/image/v2/BDVS_PRD/on/demandware.static/-/Sites-col-master-catalog/default/dw0ef6cea6/images/col/808/8083514-topshot.jpg?sw=280&sh=280,emb. 255 gr,https://www.continente.pt/produto/delicias-do-mar-em-forma-de-lagosta-congeladas-columbus-8083514.html,congelados,2025-04-23,Continente
Lombo de Bovino América do Sul Congelado,6885814,23.99,"€41,98/un",Continente,"Frescos/Talho/Novilho, Vitela e Vitelão",https://www.continente.pt/dw/image/v2/BDVS_PRD/on/demandware.static/-/Sites-col-master-catalog/default/dwaf83d863/images/col/688/6885814-frente.jpg?sw=280&sh=280,"emb. 1,75 kg (aprox.)",https://www.continente.pt/produto/lombo-de-bovino-america-do-sul-congelado-continente-6885814.html,congelados,2025-04-23,Continente
Nuggets Veggie Croustis Abóbora e Mozzarella,8212253,3.09,"€10,13/kg",Bonduelle,Congelados/Nuggets e Crocantes,https://www.continente.pt/dw/image/v2/BDVS_PRD/on/demandware.static/-/Sites-col-master-catalog/default/dw67521e29/images/col/821/8212253-direito.jpg?sw=280&sh=280,emb. 305 gr,https://www.continente.pt/produto/nuggets-veggie-croustis-abobora-e-mozzarella-bonduelle-8212253.html,congelados,2025-04-23,Continente
Pizza Ristorante de Prosciutto e Cogumelos Grandíssima,8017512,6.79,"€11,71/kg",Ristorante,Congelados/Pizzas,https://www.continente.pt/dw/image/v2/BDVS_PRD/on/demandware.static/-/Sites-col-master-catalog/default/dw71ad74b9/images/col/801/8017512-direito.jpg?sw=280&sh=280,emb. 580 gr,https://www.continente.pt/produto/pizza-ristorante-de-prosciutto-e-cogumelos-grandissima-ristorante-8017512.html,congelados,2025-04-23,Continente
Frango Tikka Masala com Arroz Basmati Diet,7404455,5.49,"€19,61/kg",Prozis,Congelados/Refeições Prontas,https://www.continente.pt/dw/image/v2/BDVS_PRD/on/demandware.static/-/Sites-col-master-catalog/default/dw35c1a654/images/col/740/7404455-frente.jpg?sw=280&sh=280,emb. 280 gr,https://www.continente.pt/produto/frango-tikka-masala-com-arroz-basmati-diet-prozis-7404455.html,congelados,2025-04-23,Continente
Cachaços de Bacalhau Ultracongelado Seleção do Chef Diogo Rocha,8071418,21.99,"€36,65/kg",Lugrade,Frescos/Peixaria/Bacalhau/Congelado,https://www.continente.pt/dw/image/v2/BDVS_PRD/on/demandware.static/-/Sites-col-master-catalog/default/dwf57298bb/images/col/807/8071418-frente.jpg?sw=280&sh=280,emb. 600 gr,https://www.continente.pt/produto/cachacos-de-bacalhau-ultracongelado-selecao-do-chef-diogo-rocha-lugrade-8071418.html,congelados,2025-04-23,Continente
Wok Bali Rebentos de Bambu e Ervilhas,8200925,5.34,"€11,87/kg",Iglo Green Cuisine,Congelados/Refeições Prontas,https://www.continente.pt/dw/image/v2/BDVS_PRD/on/demandware.static/-/Sites-col-master-catalog/default/dw177c46b0/images/col/820/8200925-frente.jpg?sw=280&sh=280,emb. 450 gr,https://www.continente.pt/produto/wok-bali-rebentos-de-bambu-e-ervilhas-iglo-green-cuisine-8200925.html,congelados,2025-04-23,Continente
Gelado Magnífico Cookies Vegan,7781533,2.49,"€9,22/lt",Continente,Congelados/Gelados/Gelados de Pauzinho,https://www.continente.pt/dw/image/v2/BDVS_PRD/on/demandware.static/-/Sites-col-master-catalog/default/dw3a971847/images/col/778/7781533-frente.jpg?sw=280&sh=280,emb. 270 ml (3 un),https://www.continente.pt/produto/gelado-magnifico-cookies-vegan-continente-7781533.html,congelados,2025-04-23,Continente
Posta de Pescada do Chile MSC Congelada,7797023,7.69,"€19,23/kg",Europacífico,"Frescos/Peixaria/Filetes, Lombos e Postas/Congelado",https://www.continente.pt/dw/image/v2/BDVS_PRD/on/demandware.static/-/Sites-col-master-catalog/default/dwe15b2acf/images/col/779/7797023-cima.jpg?sw=280&sh=280,emb. 400 gr,https://www.continente.pt/produto/posta-de-pescada-do-chile-msc-congelada-europacifico-7797023.html,congelados,2025-04-23,Continente
Gelado Magnífico Pipoca e Caramelo,8020305,2.49,,Continente,Congelados/Gelados/Gelados de Pauzinho,https://www.continente.pt/dw/image/v2/BDVS_PRD/on/demandware.static/-/Sites-col-master-catalog/default/dw5de43db7/images/col/802/8020305-frente.jpg?sw=280&sh=280,emb. 4 un,https://www.continente.pt/produto/gelado-magnifico-pipoca-e-caramelo-continente-8020305.html,congelados,2025-04-23,Continente
Nuggets Veggie Croustis Brócolos e Creme de Natas e Queijo,8212460,3.09,"€10,13/kg",Bonduelle,Congelados/Nuggets e Crocantes,https://www.continente.pt/dw/image/v2/BDVS_PRD/on/demandware.static/-/Sites-col-master-catalog/default/dw8d38cacd/images/col/821/8212460-direito.jpg?sw=280&sh=280,emb. 305 gr,https://www.continente.pt/produto/nuggets-veggie-croustis-brocolos-e-creme-de-natas-e-queijo-bonduelle-8212460.html,congelados,2025-04-23,Continente
Gelado Frutos Exóticos,8083165,3.19,"€3,54/lt",Olá,Congelados/Gelados/Gelados Familiares,https://www.continente.pt/dw/image/v2/BDVS_PRD/on/demandware.static/-/Sites-col-master-catalog/default/dwb3ff70ab/images/col/808/8083165-frente.jpg?sw=280&sh=280,emb. 900 ml,https://www.continente.pt/produto/gelado-frutos-exoticos-ola-8083165.html,congelados,2025-04-23,Continente
Camarão Selvagem de Moçambique 10/20 Ultracongelado,7005360,13.99,"€34,98/kg",Continente Seleção,Frescos/Peixaria/Marisco/Congelado,https://www.continente.pt/dw/image/v2/BDVS_PRD/on/demandware.static/-/Sites-col-master-catalog/default/dw45e1d3b6/images/col/700/7005360-frente.jpg?sw=280&sh=280,emb. 400 gr,https://www.continente.pt/produto/camarao-selvagem-de-mocambique-10-20-ultracongelado-continente-selecao-7005360.html,congelados,2025-04-23,Continente
Gelado Caramelo Brownie Vegan Sem Lactose,7411096,3.49,"€6,98/lt",Oh My Moo,Congelados/Gelados/Gelados Americanos,https://www.continente.pt/dw/image/v2/BDVS_PRD/on/demandware.static/-/Sites-col-master-catalog/default/dw6bade5fd/images/col/741/7411096-frente.jpg?sw=280&sh=280,emb. 500 ml,https://www.continente.pt/produto/gelado-caramelo-brownie-vegan-sem-lactose-oh-my-moo-7411096.html,congelados,2025-04-23,Continente
Gelado Iogurte,7756441,3.29,"€6,58/lt",Continente,Congelados/Gelados/Gelados Americanos,https://www.continente.pt/dw/image/v2/BDVS_PRD/on/demandware.static/-/Sites-col-master-catalog/default/dw1e17f656/images/col/775/7756441-frente.jpg?sw=280&sh=280,emb. 500 ml,https://www.continente.pt/produto/gelado-iogurte-continente-7756441.html,congelados,2025-04-23,Continente
Gelado Tropical Manga Vegan sem Glúten,7759364,7.39,"€15,40/lt",Pink Albatross,Congelados/Gelados/Gelados Americanos,https://www.continente.pt/dw/image/v2/BDVS_PRD/on/demandware.static/-/Sites-col-master-catalog/default/dwdf369c68/images/col/775/7759364-frente.jpg?sw=280&sh=280,emb. 480 ml,https://www.continente.pt/produto/gelado-tropical-manga-vegan-sem-gluten-pink-albatross-7759364.html,congelados,2025-04-23,Continente
Gelado Pistácio Vegan sem Glúten,7759365,7.39,"€15,40/lt",Pink Albatross,Congelados/Gelados/Gelados Americanos,https://www.continente.pt/dw/image/v2/BDVS_PRD/on/demandware.static/-/Sites-col-master-catalog/default/dwfceb92a9/images/col/775/7759365-frente.jpg?sw=280&sh=280,emb. 480 ml,https://www.continente.pt/produto/gelado-pistacio-vegan-sem-gluten-pink-albatross-7759365.html,congelados,2025-04-23,Continente
Pescada Inteira Pequena Congelada,2214373,4.98,"€1,79/un",,Frescos/Peixaria/Peixe Congelado,https://www.continente.pt/dw/image/v2/BDVS_PRD/on/demandware.static/-/Sites-col-master-catalog/default/dwb8543406/images/col/221/2214373-frente.jpg?sw=280&sh=280,Quant. Mínima = 360 gr,https://www.continente.pt/produto/pescada-inteira-pequena-congelada-2214373.html,congelados,2025-04-23,Continente
Camarão de Madagáscar Selvagem Ultracongelado,7337338,5.79,"€14,48/kg",Continente,Frescos/Peixaria/Marisco/Congelado,https://www.continente.pt/dw/image/v2/BDVS_PRD/on/demandware.static/-/Sites-col-master-catalog/default/dw06d8a906/images/col/733/7337338-frente.jpg?sw=280&sh=280,emb. 400 gr,https://www.continente.pt/produto/camarao-de-madagascar-selvagem-ultracongelado-continente-7337338.html,congelados,2025-04-23,Continente
Soja aos Pedaços Marinada,7049538,4.99,"€27,72/kg",Heura,Congelados/Refeições Prontas,https://www.continente.pt/dw/image/v2/BDVS_PRD/on/demandware.static/-/Sites-col-master-catalog/default/dwafec81f4/images/col/704/7049538-direito.jpg?sw=280&sh=280,emb. 180 gr,https://www.continente.pt/produto/soja-aos-pedacos-marinada-heura-7049538.html,congelados,2025-04-23,Continente
Gelado Caramelo Salgado Vegan Sem Lactose,7411521,3.49,"€6,98/lt",Oh My Moo,Congelados/Gelados/Gelados Americanos,https://www.continente.pt/dw/image/v2/BDVS_PRD/on/demandware.static/-/Sites-col-master-catalog/default/dwc2a59958/images/col/741/7411521-frente.jpg?sw=280&sh=280,emb. 500 ml,https://www.continente.pt/produto/gelado-caramelo-salgado-vegan-sem-lactose-oh-my-moo-7411521.html,congelados,2025-04-23,Continente
Gelado Morango sem Lactose,7757019,2.99,"€5,98/lt",Nutrégi,Congelados/Gelados/Gelados Americanos,https://www.continente.pt/dw/image/v2/BDVS_PRD/on/demandware.static/-/Sites-col-master-catalog/default/dwd6a763a7/images/col/775/7757019-frente.jpg?sw=280&sh=280,emb. 500 ml,https://www.continente.pt/produto/gelado-morango-sem-lactose-nutregi-7757019.html,congelados,2025-04-23,Continente
Chicken Nuggets Barbecue,7502174,7.19,"€20,54/kg",Iglo Take Away,Congelados/Nuggets e Crocantes,https://www.continente.pt/dw/image/v2/BDVS_PRD/on/demandware.static/-/Sites-col-master-catalog/default/dw734e69e8/images/col/750/7502174-direito.jpg?sw=280&sh=280,emb. 350 gr,https://www.continente.pt/produto/chicken-nuggets-barbecue-iglo-take-away-7502174.html,congelados,2025-04-23,Continente
Postas de Bacalhau 4 Meses de Cura MSC Ultracongelado,8124387,5.49,"€21,12/kg",Riberalves,Frescos/Peixaria/Bacalhau/Congelado,https://www.continente.pt/dw/image/v2/BDVS_PRD/on/demandware.static/-/Sites-col-master-catalog/default/dwff8a0646/images/col/812/8124387-frente.jpg?sw=280&sh=280,emb. 260 gr (1 un),https://www.continente.pt/produto/postas-de-bacalhau-4-meses-de-cura-msc-ultracongelado-riberalves-8124387.html,congelados,2025-04-23,Continente
San Jacobos,8020629,1.5,"€4,69/kg",Continente,Congelados/Nuggets e Crocantes,https://www.continente.pt/dw/image/v2/BDVS_PRD/on/demandware.static/-/Sites-col-master-catalog/default/dwda99adf7/images/col/802/8020629-frente.jpg?sw=280&sh=280,emb. 320 gr,https://www.continente.pt/produto/san-jacobos-continente-8020629.html,congelados,2025-04-23,Continente
Empadas de Soja,5948660,4.59,"€17,65/kg",Veggis,"Congelados/Salgados, Folhados e Pastelaria/Salgados",https://www.continente.pt/dw/image/v2/BDVS_PRD/on/demandware.static/-/Sites-col-master-catalog/default/dw3f16ec44/images/col/594/5948660-frente.jpg?sw=280&sh=280,emb. 260 gr (4 un),https://www.continente.pt/produto/empadas-de-soja-veggis-5948660.html,congelados,2025-04-23,Continente
Postas de Bacalhau MSC Higienizadas Congelado,7450968,12.98,"€5,19/un",Continente,Frescos/Peixaria/Bacalhau/Congelado,https://www.continente.pt/dw/image/v2/BDVS_PRD/on/demandware.static/-/Sites-col-master-catalog/default/dw426c0bdc/images/col/745/7450968-frente.jpg?sw=280&sh=280,Quant. Mínima = 400 gr,https://www.continente.pt/produto/postas-de-bacalhau-msc-higienizadas-congelado-continente-7450968.html,congelados,2025-04-23,Continente
Gelado Brookies & Cream,8240591,4.49,"€9,66/lt",Ben & Jerrys,Congelados/Gelados/Gelados Americanos,https://www.continente.pt/dw/image/v2/BDVS_PRD/on/demandware.static/-/Sites-col-master-catalog/default/dwcbf21bbd/images/col/824/8240591-frente.jpg?sw=280&sh=280,emb. 465 ml,https://www.continente.pt/produto/gelado-brookies-cream-ben-jerrys-8240591.html,congelados,2025-04-23,Continente
Gelado Morango e Framboesa,8033537,4.99,"€19,19/lt",Pink Albatross,Congelados/Gelados/Gelados de Pauzinho,https://www.continente.pt/dw/image/v2/BDVS_PRD/on/demandware.static/-/Sites-col-master-catalog/default/dw2865fa48/images/col/803/8033537-frente.jpg?sw=280&sh=280,emb. 260 ml (4 un),https://www.continente.pt/produto/gelado-morango-e-framboesa-pink-albatross-8033537.html,congelados,2025-04-23,Continente
O Gelado Lima Vegan,7781552,8.95,"€19,46/lt",,Congelados/Gelados/Gelados Americanos,https://www.continente.pt/dw/image/v2/BDVS_PRD/on/demandware.static/-/Sites-col-master-catalog/default/dwd2ba93c8/images/col/778/7781552-frente.jpg?sw=280&sh=280,emb. 460 ml,https://www.continente.pt/produto/o-gelado-lima-vegan-7781552.html,congelados,2025-04-23,Continente
Gelado Manga e Maracujá,8033538,4.99,"€19,19/lt",Pink Albatross,Congelados/Gelados/Gelados de Pauzinho,https://www.continente.pt/dw/image/v2/BDVS_PRD/on/demandware.static/-/Sites-col-master-catalog/default/dw236fd3ec/images/col/803/8033538-frente.jpg?sw=280&sh=280,emb. 640 gr (4 un),https://www.continente.pt/produto/gelado-manga-e-maracuja-pink-albatross-8033538.html,congelados,2025-04-23,Continente
Tiramisú,7924065,9.5,"€16,52/kg",San Martín,Frescos/Padaria e Pastelaria/Bolos e Sobremesas,https://www.continente.pt/dw/image/v2/BDVS_PRD/on/demandware.static/-/Sites-col-master-catalog/default/dw4b46f608/images/col/792/7924065-frente.jpg?sw=280&sh=280,emb. 575 gr,https://www.continente.pt/produto/tiramisu-san-martin-7924065.html,congelados,2025-04-23,Continente
Gelado Nutella,7987774,6.89,"€14,66/lt",Nutella,Congelados/Gelados/Gelados Americanos,https://www.continente.pt/dw/image/v2/BDVS_PRD/on/demandware.static/-/Sites-col-master-catalog/default/dw7c14c9e7/images/col/798/7987774-frente.jpg?sw=280&sh=280,emb. 470 ml,https://www.continente.pt/produto/gelado-nutella-nutella-7987774.html,congelados,2025-04-23,Continente
Mariscada de Moçambique Ultracongelada,7477529,22.49,"€28,11/kg",Continente Seleção,Frescos/Peixaria/Marisco/Congelado,https://www.continente.pt/dw/image/v2/BDVS_PRD/on/demandware.static/-/Sites-col-master-catalog/default/dwc8a831e7/images/col/747/7477529-frente.jpg?sw=280&sh=280,emb. 800 gr,https://www.continente.pt/produto/mariscada-de-mocambique-ultracongelada-continente-selecao-7477529.html,congelados,2025-04-23,Continente
Gelado Spectacu-Love,7975657,4.49,"€9,66/lt",Ben & Jerrys,Congelados/Gelados/Gelados Americanos,https://www.continente.pt/dw/image/v2/BDVS_PRD/on/demandware.static/-/Sites-col-master-catalog/default/dwa0d2ae72/images/col/797/7975657-frente.jpg?sw=280&sh=280,emb. 465 ml,https://www.continente.pt/produto/gelado-spectacu-love-ben-jerrys-7975657.html,congelados,2025-04-23,Continente
Pizza com base de Couve Flor Vegetariano,8017806,3.99,"€8,67/kg",Coliflow,Congelados/Pizzas,https://www.continente.pt/dw/image/v2/BDVS_PRD/on/demandware.static/-/Sites-col-master-catalog/default/dwf8448bac/images/col/801/8017806-frente.jpg?sw=280&sh=280,emb. 460 gr,https://www.continente.pt/produto/pizza-com-base-de-couve-flor-vegetariano-coliflow-8017806.html,congelados,2025-04-23,Continente
O Gelado Tarte Amêndoa,7613772,8.95,"€18,27/lt",,Congelados/Gelados/Gelados Americanos,https://www.continente.pt/dw/image/v2/BDVS_PRD/on/demandware.static/-/Sites-col-master-catalog/default/dwac160651/images/col/761/7613772-frente.jpg?sw=280&sh=280,emb. 490 ml,https://www.continente.pt/produto/o-gelado-tarte-amendoa-7613772.html,congelados,2025-04-23,Continente
Gelado Morango sem Açúcar,6898287,2.59,"€5,18/lt",Continente Equilíbrio,Congelados/Gelados/Gelados Americanos,https://www.continente.pt/dw/image/v2/BDVS_PRD/on/demandware.static/-/Sites-col-master-catalog/default/dwac219bc4/images/col/689/6898287-frente.jpg?sw=280&sh=280,emb. 500 ml,https://www.continente.pt/produto/gelado-morango-sem-acucar-continente-equilibrio-6898287.html,congelados,2025-04-23,Continente
Tarte de Queijo Basco,7990499,7.99,"€15,98/kg",San Martín,Frescos/Padaria e Pastelaria/Bolos e Sobremesas,https://www.continente.pt/dw/image/v2/BDVS_PRD/on/demandware.static/-/Sites-col-master-catalog/default/dw5c5b0b14/images/col/799/7990499-cima.jpg?sw=280&sh=280,emb. 500 gr,https://www.continente.pt/produto/tarte-de-queijo-basco-san-martin-7990499.html,congelados,2025-04-23,Continente
Lombos de Bacalhau Skrei Congelado,7683739,9.49,"€23,73/kg",Ar-t Morhua,Frescos/Peixaria/Bacalhau/Congelado,https://www.continente.pt/dw/image/v2/BDVS_PRD/on/demandware.static/-/Sites-col-master-catalog/default/dw7cc47921/images/col/768/7683739-cima.jpg?sw=280&sh=280,emb. 400 gr,https://www.continente.pt/produto/lombos-de-bacalhau-skrei-congelado-ar-t-morhua-7683739.html,congelados,2025-04-23,Continente
Lombos de Bacalhau 9 Meses de Cura Congelado,8020932,19.99,"€33,32/kg",Caxamar,Frescos/Peixaria/Bacalhau/Congelado,https://www.continente.pt/dw/image/v2/BDVS_PRD/on/demandware.static/-/Sites-col-master-catalog/default/dw9a68c44b/images/col/802/8020932-direito.jpg?sw=280&sh=280,emb. 600 gr,https://www.continente.pt/produto/lombos-de-bacalhau-9-meses-de-cura-congelado-caxamar-8020932.html,congelados,2025-04-23,Continente
Francesinha Vegan,8234525,5.95,"€14,88/kg",Ibau,Congelados/Refeições Prontas,https://www.continente.pt/dw/image/v2/BDVS_PRD/on/demandware.static/-/Sites-col-master-catalog/default/dwfcd4db72/images/col/823/8234525-cima.jpg?sw=280&sh=280,emb. 400 gr,https://www.continente.pt/produto/francesinha-vegan-ibau-8234525.html,congelados,2025-04-23,Continente
Pizza Heura com base de Couve Flor Vegan,8017871,4.19,"€9,11/kg",Coliflow,Congelados/Pizzas,https://www.continente.pt/dw/image/v2/BDVS_PRD/on/demandware.static/-/Sites-col-master-catalog/default/dw9c19497f/images/col/801/8017871-frente.jpg?sw=280&sh=280,emb. 460 gr,https://www.continente.pt/produto/pizza-heura-com-base-de-couve-flor-vegan-coliflow-8017871.html,congelados,2025-04-23,Continente
Gelado Chocolate com Café e Pepitas Chocolate Vegan sem Glúten,7759360,7.39,"€15,40/lt",Pink Albatross,Congelados/Gelados/Gelados Americanos,https://www.continente.pt/dw/image/v2/BDVS_PRD/on/demandware.static/-/Sites-col-master-catalog/default/dw1c8b619b/images/col/775/7759360-frente.jpg?sw=280&sh=280,emb. 480 ml,https://www.continente.pt/produto/gelado-chocolate-com-cafe-e-pepitas-chocolate-vegan-sem-gluten-pink-albatross-7759360.html,congelados,2025-04-23,Continente
Bolo de Aniversário de Doce de Ovo,7261979,15.69,"€9,81/kg",Da Nossa Pastelaria,Frescos/Padaria e Pastelaria/Bolos e Sobremesas,https://www.continente.pt/dw/image/v2/BDVS_PRD/on/demandware.static/-/Sites-col-master-catalog/default/dw4de92082/images/col/726/7261979-cima-acessorio.jpg?sw=280&sh=280,"emb. 1,6 kg",https://www.continente.pt/produto/bolo-de-aniversario-de-doce-de-ovo-da-nossa-pastelaria-7261979.html,congelados,2025-04-23,Continente
Gelado Caramelo e Brownie Vegan,7800880,4.99,"€9,98/lt",Swee,Congelados/Gelados/Gelados Americanos,https://www.continente.pt/dw/image/v2/BDVS_PRD/on/demandware.static/-/Sites-col-master-catalog/default/dwa3fbc722/images/col/780/7800880-frente.png?sw=280&sh=280,emb. 500 ml,https://www.continente.pt/produto/gelado-caramelo-e-brownie-vegan-swee-7800880.html,congelados,2025-04-23,Continente
Mix Arroz e Vegetais Estilo Chinês,8389106,2.19,"€5,48/kg",Bonduelle,Congelados/Refeições Prontas,https://www.continente.pt/dw/image/v2/BDVS_PRD/on/demandware.static/-/Sites-col-master-catalog/default/dwb84344c7/images/col/838/8389106-frente.jpg?sw=280&sh=280,emb. 400 gr,https://www.continente.pt/produto/mix-arroz-e-vegetais-estilo-chines-bonduelle-8389106.html,congelados,2025-04-23,Continente
Gamba Rosa de Moçambique Ultracongelada,7465518,9.89,"€12,36/kg",Continente Seleção,Frescos/Peixaria/Marisco/Congelado,https://www.continente.pt/dw/image/v2/BDVS_PRD/on/demandware.static/-/Sites-col-master-catalog/default/dwda6e306a/images/col/746/7465518-frente.jpg?sw=280&sh=280,emb. 800 gr,https://www.continente.pt/produto/gamba-rosa-de-mocambique-ultracongelada-continente-selecao-7465518.html,congelados,2025-04-23,Continente
Gelado Utopia Double Avelã,8239708,4.19,"€9,52/lt",Magnum,Congelados/Gelados/Gelados Americanos,https://www.continente.pt/dw/image/v2/BDVS_PRD/on/demandware.static/-/Sites-col-master-catalog/default/dw40e1e70a/images/col/823/8239708-hero.jpg?sw=280&sh=280,emb. 440 ml,https://www.continente.pt/produto/gelado-utopia-double-avela-magnum-8239708.html,congelados,2025-04-23,Continente
Gelado Chocolate Branco,7754923,5.69,"€28,45/kg",Ferrero,Congelados/Gelados/Gelados de Pauzinho,https://www.continente.pt/dw/image/v2/BDVS_PRD/on/demandware.static/-/Sites-col-master-catalog/default/dw9f88b2b9/images/col/775/7754923-frente.jpg?sw=280&sh=280,emb. 200 gr (4 un),https://www.continente.pt/produto/gelado-chocolate-branco-ferrero-7754923.html,congelados,2025-04-23,Continente
Hambúrguer Chickn Fill,7706550,5.89,"€21,81/kg",Linda McCartneys,Congelados/Hambúrgueres e Almôndegas,https://www.continente.pt/dw/image/v2/BDVS_PRD/on/demandware.static/-/Sites-col-master-catalog/default/dw5e225497/images/col/770/7706550-frente.jpg?sw=280&sh=280,emb. 270 gr (2 un),https://www.continente.pt/produto/hamburguer-chickn-fill-linda-mccartneys-7706550.html,congelados,2025-04-23,Continente
Churros,8020426,1.5,"€3,00/kg",Continente,Congelados/Sobremesas,https://www.continente.pt/dw/image/v2/BDVS_PRD/on/demandware.static/-/Sites-col-master-catalog/default/dwd9fc249f/images/col/802/8020426-frente.jpg?sw=280&sh=280,emb. 500 gr,https://www.continente.pt/produto/churros-continente-8020426.html,congelados,2025-04-23,Continente
Bolo Brigadeiro,6881817,9.99,"€12,49/kg",Da Nossa Pastelaria,Frescos/Padaria e Pastelaria/Bolos e Sobremesas,https://www.continente.pt/dw/image/v2/BDVS_PRD/on/demandware.static/-/Sites-col-master-catalog/default/dwca0ac39d/images/col/688/6881817-frente-com-fatia.jpg?sw=280&sh=280,emb. 800 gr,https://www.continente.pt/produto/bolo-brigadeiro-da-nossa-pastelaria-6881817.html,congelados,2025-04-23,Continente
Camarão Vannamei ASC 40/48 Ultracongelado,7374645,9.39,"€11,74/kg",Continente,Frescos/Peixaria/Marisco/Congelado,https://www.continente.pt/dw/image/v2/BDVS_PRD/on/demandware.static/-/Sites-col-master-catalog/default/dwd39d8a8b/images/col/737/7374645-topshot.jpg?sw=280&sh=280,emb. 800 gr,https://www.continente.pt/produto/camarao-vannamei-asc-40-48-ultracongelado-continente-7374645.html,congelados,2025-04-23,Continente
Bolo de Chocolate com Noz,6881816,12.99,"€16,24/kg",Da Nossa Pastelaria,Frescos/Padaria e Pastelaria/Bolos e Sobremesas,https://www.continente.pt/dw/image/v2/BDVS_PRD/on/demandware.static/-/Sites-col-master-catalog/default/dw8692f3dc/images/col/688/6881816-frente.jpg?sw=280&sh=280,emb. 800 gr,https://www.continente.pt/produto/bolo-de-chocolate-com-noz-da-nossa-pastelaria-6881816.html,congelados,2025-04-23,Continente
Lula de Boston MSC Ultracongelada,8025052,9.99,"€24,98/kg",At Sea,"Frescos/Peixaria/Polvo, Lulas e Chocos/Congelado",https://www.continente.pt/dw/image/v2/BDVS_PRD/on/demandware.static/-/Sites-col-master-catalog/default/dw215b827a/images/col/802/8025052-frente.jpg?sw=280&sh=280,emb. 400 gr,https://www.continente.pt/produto/lula-de-boston-msc-ultracongelada-at-sea-8025052.html,congelados,2025-04-23,Continente
Folhado Misto,7866751,17.43,"€8,87/kg",Panike,Frescos/Padaria e Pastelaria/Pastelaria Sortida,https://www.continente.pt/dw/image/v2/BDVS_PRD/on/demandware.static/-/Sites-col-master-catalog/default/dw1657ac14/images/col/786/7866751-frente-amb.png?sw=280&sh=280,emb. 16 un,https://www.continente.pt/produto/folhado-misto-panike-7866751.html,congelados,2025-04-23,Continente
Lavagante Cozido Ultracongelado,7311356,11.49,"€38,30/kg",Continente Seleção,Frescos/Peixaria/Marisco/Congelado,https://www.continente.pt/dw/image/v2/BDVS_PRD/on/demandware.static/-/Sites-col-master-catalog/default/dwb0b1a9fe/images/col/731/7311356-frente.jpg?sw=280&sh=280,emb. 300 gr,https://www.continente.pt/produto/lavagante-cozido-ultracongelado-continente-selecao-7311356.html,congelados,2025-04-23,Continente
Perca do Nilo sem Cabeça Congelada,2213943,9.99,"€27,97/un",,Frescos/Peixaria/Peixe Congelado,https://www.continente.pt/dw/image/v2/BDVS_PRD/on/demandware.static/-/Sites-col-master-catalog/default/dw055aa605/images/col/221/2213943-frente.jpg?sw=280&sh=280,"Quant. Mínima = 2,8 kg",https://www.continente.pt/produto/perca-do-nilo-sem-cabeca-congelada-2213943.html,congelados,2025-04-23,Continente
Gelado Monstrinhos IceFest,7760705,3.59,"€7,61/lt",Continente,Congelados/Gelados/Gelados Infantis,https://www.continente.pt/dw/image/v2/BDVS_PRD/on/demandware.static/-/Sites-col-master-catalog/default/dw856d6a83/images/col/776/7760705-frente.jpg?sw=280&sh=280,emb. 8 un,https://www.continente.pt/produto/gelado-monstrinhos-icefest-continente-7760705.html,congelados,2025-04-23,Continente
Polpa de Maracujá,6191182,5.2,"€13,00/kg",Brasfrut,Congelados/Frutas e Legumes/Frutas,https://www.continente.pt/dw/image/v2/BDVS_PRD/on/demandware.static/-/Sites-col-master-catalog/default/dw574eb4b2/images/col/619/6191182-frente.jpg?sw=280&sh=280,emb. 400 gr,https://www.continente.pt/produto/polpa-de-maracuja-brasfrut-6191182.html,congelados,2025-04-23,Continente
Preparado para Massada de Marisco Congelado,7577540,7.99,"€9,99/kg",Continente,Frescos/Peixaria/Marisco/Congelado,https://www.continente.pt/dw/image/v2/BDVS_PRD/on/demandware.static/-/Sites-col-master-catalog/default/dw8344acfb/images/col/757/7577540-cima.jpg?sw=280&sh=280,emb. 800 gr,https://www.continente.pt/produto/preparado-para-massada-de-marisco-congelado-continente-7577540.html,congelados,2025-04-23,Continente
Bolo Donuts,8211361,7.99,"€22,19/kg",San Martín,Frescos/Padaria e Pastelaria/Bolos e Sobremesas,https://www.continente.pt/dw/image/v2/BDVS_PRD/on/demandware.static/-/Sites-col-master-catalog/default/dwc209fba4/images/col/821/8211361-topshot.png?sw=280&sh=280,emb. 350 gr,https://www.continente.pt/produto/bolo-donuts-san-martin-8211361.html,congelados,2025-04-23,Continente
Burrito de Arroz com Legumes,8389117,2.19,"€5,48/kg",Bonduelle,Congelados/Refeições Prontas,https://www.continente.pt/dw/image/v2/BDVS_PRD/on/demandware.static/-/Sites-col-master-catalog/default/dwec893d47/images/col/838/8389117-frente.jpg?sw=280&sh=280,emb. 400 gr,https://www.continente.pt/produto/burrito-de-arroz-com-legumes-bonduelle-8389117.html,congelados,2025-04-23,Continente
Filetes de Bacalhau Congelado,7683734,6.99,"€19,42/kg",Dimar,Frescos/Peixaria/Bacalhau/Congelado,https://www.continente.pt/dw/image/v2/BDVS_PRD/on/demandware.static/-/Sites-col-master-catalog/default/dw0565f855/images/col/768/7683734-cima.jpg?sw=280&sh=280,emb. 360 gr,https://www.continente.pt/produto/filetes-de-bacalhau-congelado-dimar-7683734.html,congelados,2025-04-23,Continente
Bolo de Bolacha de Chocolate,8067455,11.39,"€20,71/kg",San Martín,Frescos/Padaria e Pastelaria/Bolos e Sobremesas,https://www.continente.pt/dw/image/v2/BDVS_PRD/on/demandware.static/-/Sites-col-master-catalog/default/dw50805d97/images/col/806/8067455-cima.jpg?sw=280&sh=280,emb. 550 gr,https://www.continente.pt/produto/bolo-de-bolacha-de-chocolate-san-martin-8067455.html,congelados,2025-04-23,Continente
"Gelado Chocolate, Avelã e Caramelo",7987797,5.49,"€30,50/lt",Ferrero,Congelados/Gelados/Gelados de Pauzinho,https://www.continente.pt/dw/image/v2/BDVS_PRD/on/demandware.static/-/Sites-col-master-catalog/default/dwe2feebe4/images/col/798/7987797-frente.jpg?sw=280&sh=280,emb. 180 ml (3 un),https://www.continente.pt/produto/gelado-chocolate-avela-e-caramelo-ferrero-7987797.html,congelados,2025-04-23,Continente
Bolo Red Velvet,7889308,9.8,"€15,68/kg",San Martín,Frescos/Padaria e Pastelaria/Bolos e Sobremesas,https://www.continente.pt/dw/image/v2/BDVS_PRD/on/demandware.static/-/Sites-col-master-catalog/default/dwa26dc564/images/col/788/7889308-cima.png?sw=280&sh=280,emb. 625 gr,https://www.continente.pt/produto/bolo-red-velvet-san-martin-7889308.html,congelados,2025-04-23,Continente
Melhor Pão de Ló do Universo,7745826,12.99,"€51,96/kg",Vale de S. Domingos,Frescos/Padaria e Pastelaria/Bolos e Sobremesas,https://www.continente.pt/dw/image/v2/BDVS_PRD/on/demandware.static/-/Sites-col-master-catalog/default/dwdec50739/images/col/774/7745826-cima-direito.jpg?sw=280&sh=280,emb. 250 gr,https://www.continente.pt/produto/melhor-pao-de-lo-do-universo-vale-de-s.-domingos-7745826.html,congelados,2025-04-23,Continente
Bolo de Aniversário Infantil sem Glúten,7889331,14.29,"€19,05/kg",San Martín,Frescos/Padaria e Pastelaria/Bolos e Sobremesas,https://www.continente.pt/dw/image/v2/BDVS_PRD/on/demandware.static/-/Sites-col-master-catalog/default/dwb37d3629/images/col/788/7889331-cima-direito-1.jpg?sw=280&sh=280,emb. 750 gr,https://www.continente.pt/produto/bolo-de-aniversario-infantil-sem-gluten-san-martin-7889331.html,congelados,2025-04-23,Continente
Postas de Bacalhau Congelado,7833381,11.99,"€14,99/kg",At Sea,Frescos/Peixaria/Bacalhau/Congelado,https://www.continente.pt/dw/image/v2/BDVS_PRD/on/demandware.static/-/Sites-col-master-catalog/default/dwd635e16d/images/col/783/7833381-topshot-emb.jpg?sw=280&sh=280,emb. 800 gr,https://www.continente.pt/produto/postas-de-bacalhau-congelado-at-sea-7833381.html,congelados,2025-04-23,Continente
Bolo São Marcos,7917129,10.99,"€8,45/kg",San Martín,Frescos/Padaria e Pastelaria/Bolos e Sobremesas,https://www.continente.pt/dw/image/v2/BDVS_PRD/on/demandware.static/-/Sites-col-master-catalog/default/dw0bd50bc8/images/col/791/7917129-cima-direito.png?sw=280&sh=280,"emb. 1,24 kg",https://www.continente.pt/produto/bolo-sao-marcos-san-martin-7917129.html,congelados,2025-04-23,Continente
Gelado Framboesa e Pistácio Vegan,8068467,4.99,"€11,09/lt",Swee,Bio e Saudável/Vegetariano e Vegan/Sobremesas e Gelados,https://www.continente.pt/dw/image/v2/BDVS_PRD/on/demandware.static/-/Sites-col-master-catalog/default/dw098031f0/images/col/806/8068467-frente.png?sw=280&sh=280,emb. 450 ml,https://www.continente.pt/produto/gelado-framboesa-e-pistacio-vegan-swee-8068467.html,congelados,2025-04-23,Continente
Folhado de Salsicha com Fiambre,7866732,9.68,"€7,29/kg",Panike,Frescos/Padaria e Pastelaria/Pastelaria Sortida,https://www.continente.pt/dw/image/v2/BDVS_PRD/on/demandware.static/-/Sites-col-master-catalog/default/dwac4a9070/images/col/786/7866732-frente-amb.png?sw=280&sh=280,Quant. Mínima = 2 x emb. 10 un,https://www.continente.pt/produto/folhado-de-salsicha-com-fiambre-panike-7866732.html,congelados,2025-04-23,Continente
Bolo de Morango,8023210,8.55,"€12,21/kg",San Martín,Frescos/Padaria e Pastelaria/Bolos e Sobremesas,https://www.continente.pt/dw/image/v2/BDVS_PRD/on/demandware.static/-/Sites-col-master-catalog/default/dw4744ded6/images/col/802/8023210-cima.jpg?sw=280&sh=280,emb. 700 gr,https://www.continente.pt/produto/bolo-de-morango-san-martin-8023210.html,congelados,2025-04-23,Continente
Bolo Bombom de Chocolate,7945179,11.29,"€16,13/kg",San Martín,Frescos/Padaria e Pastelaria/Bolos e Sobremesas,https://www.continente.pt/dw/image/v2/BDVS_PRD/on/demandware.static/-/Sites-col-master-catalog/default/dwa3878918/images/col/794/7945179-cima.png?sw=280&sh=280,emb. 700 gr,https://www.continente.pt/produto/bolo-bombom-de-chocolate-san-martin-7945179.html,congelados,2025-04-23,Continente
Bolo de Aniversário de Doce de Ovos,6743253,10.99,"€14,65/kg",Da Nossa Pastelaria,Frescos/Padaria e Pastelaria/Bolos e Sobremesas,https://www.continente.pt/dw/image/v2/BDVS_PRD/on/demandware.static/-/Sites-col-master-catalog/default/dwf16f9c46/images/col/674/6743253-frente-com-fatia.jpg?sw=280&sh=280,emb. 750 gr,https://www.continente.pt/produto/bolo-de-aniversario-de-doce-de-ovos-da-nossa-pastelaria-6743253.html,congelados,2025-04-23,Continente
Recheio de Sapateira Congelada,7803498,6.99,"€15,53/kg",Errigal Bay,Frescos/Peixaria/Marisco/Congelado,https://www.continente.pt/dw/image/v2/BDVS_PRD/on/demandware.static/-/Sites-col-master-catalog/default/dw08ae9b91/images/col/780/7803498-frente.jpg?sw=280&sh=280,emb. 450 gr,https://www.continente.pt/produto/recheio-de-sapateira-congelada-errigal-bay-7803498.html,congelados,2025-04-23,Continente
Gelado Utopia Double Avelã,8239709,3.99,"€15,65/lt",Magnum,Congelados/Gelados/Gelados de Pauzinho,https://www.continente.pt/dw/image/v2/BDVS_PRD/on/demandware.static/-/Sites-col-master-catalog/default/dw842138d1/images/col/823/8239709-hero.jpg?sw=280&sh=280,emb. 255 ml (3 un),https://www.continente.pt/produto/gelado-utopia-double-avela-magnum-8239709.html,congelados,2025-04-23,Continente
Muffin de Limão,7866795,7.27,"€14,25/kg",Panike,Frescos/Padaria e Pastelaria/Pastelaria Sortida,https://www.continente.pt/dw/image/v2/BDVS_PRD/on/demandware.static/-/Sites-col-master-catalog/default/dw358da295/images/col/786/7866795-frente-amb.png?sw=280&sh=280,Quant. Mínima = 2 x emb. 4 un,https://www.continente.pt/produto/muffin-de-limao-panike-7866795.html,congelados,2025-04-23,Continente
