Product Name,Product ID,Price,Price per unit,Brand,Category,Image URL,Minimum Quantity,Product Link,cgid,tracking_date,source
Espinafre Biológico,4159363,2.45,"€16,33/kg",Vitacress,"Frescos/Legumes/Couves, Brócolos e Espinafres",https://www.continente.pt/dw/image/v2/BDVS_PRD/on/demandware.static/-/Sites-col-master-catalog/default/dwe5a6af7e/images/col/415/4159363-frente.jpg?sw=280&sh=280,emb. 150 gr,https://www.continente.pt/produto/espinafre-biologico-vitacress-4159363.html,biologicos,2025-04-21,Continente
Leite UHT Meio Gordo sem Lactose,7745834,22.06,"€1,23/lt",Mimosa,Laticínios e Ovos/Leite/Leite sem Lactose,https://www.continente.pt/dw/image/v2/BDVS_PRD/on/demandware.static/-/Sites-col-master-catalog/default/dwb7756e3f/images/col/774/7745834-frente.jpg?sw=280&sh=280,emb. 18 x 1 lt,https://www.continente.pt/produto/leite-uht-meio-gordo-sem-lactose-mimosa-7745834.html,biologicos,2025-04-21,Continente
Hambúrguer Vegan Sabor a Frango,7526167,3.09,"€19,31/kg",The Vegetarian Butcher,Congelados/Hambúrgueres e Almôndegas,https://www.continente.pt/dw/image/v2/BDVS_PRD/on/demandware.static/-/Sites-col-master-catalog/default/dwc18cbbc1/images/col/752/7526167-hero.jpg?sw=280&sh=280,emb. 160 gr,https://www.continente.pt/produto/hamburguer-vegan-sabor-a-frango-the-vegetarian-butcher-7526167.html,biologicos,2025-04-21,Continente
Salmão Fumado da Noruega Eco Biológico,5807845,7.13,"€89,12/kg",Martiko,Frescos/Charcutaria/Salmão Fumado e Especialidades,https://www.continente.pt/dw/image/v2/BDVS_PRD/on/demandware.static/-/Sites-col-master-catalog/default/dw030bc0e1/images/col/580/5807845-cima.jpg?sw=280&sh=280,emb. 80 gr,https://www.continente.pt/produto/salmao-fumado-da-noruega-eco-biologico-martiko-5807845.html,biologicos,2025-04-21,Continente
Bolachas Mini Chips Chocolate sem Glúten,3576493,3.44,"€17,20/kg",Gullón,"Mercearia/Bolachas, Biscoitos e Tostas/Bolachas de Chocolate",https://www.continente.pt/dw/image/v2/BDVS_PRD/on/demandware.static/-/Sites-col-master-catalog/default/dw81dc5ac7/images/col/357/3576493-direito.jpg?sw=280&sh=280,emb. 200 gr,https://www.continente.pt/produto/bolachas-mini-chips-chocolate-sem-gluten-gullon-3576493.html,biologicos,2025-04-21,Continente
Vuna de Proteína Vegetal,7521286,5.89,"€33,66/kg",Garden Gourmet,Frescos/Take Away/Vegetariano e Vegan,https://www.continente.pt/dw/image/v2/BDVS_PRD/on/demandware.static/-/Sites-col-master-catalog/default/dwcfdd37d8/images/col/752/7521286-frente.jpg?sw=280&sh=280,emb. 175 gr,https://www.continente.pt/produto/vuna-de-proteina-vegetal-garden-gourmet-7521286.html,biologicos,2025-04-21,Continente
Pudim +Proteína Caramelo,7477484,0.89,"€4,45/kg",Continente,Laticínios e Ovos/Iogurtes/Iogurtes Proteína,https://www.continente.pt/dw/image/v2/BDVS_PRD/on/demandware.static/-/Sites-col-master-catalog/default/dw9d14d24a/images/col/747/7477484-frente.png?sw=280&sh=280,emb. 200 gr,https://www.continente.pt/produto/pudim-proteina-caramelo-continente-7477484.html,biologicos,2025-04-21,Continente
Massa Esparguete sem Glúten,5358916,1.99,"€3,98/kg",Milaneza,"Mercearia/Arroz, Massa e Farinha/Massa",https://www.continente.pt/dw/image/v2/BDVS_PRD/on/demandware.static/-/Sites-col-master-catalog/default/dw351770ee/images/col/535/5358916-hero.jpg?sw=280&sh=280,emb. 500 gr,https://www.continente.pt/produto/massa-esparguete-sem-gluten-milaneza-5358916.html,biologicos,2025-04-21,Continente
Creme Vegetal de Soja para Culinária,2377626,1.39,"€5,56/lt",Alpro,Laticínios e Ovos/Natas e Bechamel/Cremes Vegetais,https://www.continente.pt/dw/image/v2/BDVS_PRD/on/demandware.static/-/Sites-col-master-catalog/default/dweb3502ae/images/col/237/2377626-frente.png?sw=280&sh=280,emb. 250 ml,https://www.continente.pt/produto/creme-vegetal-de-soja-para-culinaria-alpro-2377626.html,biologicos,2025-04-21,Continente
Cenoura Biológica,7382406,1.09,"€2,18/kg",Continente Bio,"Frescos/Legumes/Cenoura, Abóbora e Beterraba",https://www.continente.pt/dw/image/v2/BDVS_PRD/on/demandware.static/-/Sites-col-master-catalog/default/dw45098f83/images/col/738/7382406-frente.jpg?sw=280&sh=280,emb. 500 gr,https://www.continente.pt/produto/cenoura-biologica-continente-bio-7382406.html,biologicos,2025-04-21,Continente
Salsichas de Soja Veggie Lovers Lata 8 un,4962050,3.09,"€17,17/kg",Izidoro,Mercearia/Conservas/Salsichas,https://www.continente.pt/dw/image/v2/BDVS_PRD/on/demandware.static/-/Sites-col-master-catalog/default/dwaaf30946/images/col/496/4962050-frente.jpg?sw=280&sh=280,emb. 360 gr (peso escorrido 180 gr),https://www.continente.pt/produto/salsichas-de-soja-veggie-lovers-lata-8-un-izidoro-4962050.html,biologicos,2025-04-21,Continente
Fatiado de Sabor Original,7478830,3.79,"€18,95/kg",Violife,Bio e Saudável/Vegetariano e Vegan,https://www.continente.pt/dw/image/v2/BDVS_PRD/on/demandware.static/-/Sites-col-master-catalog/default/dw0bf68cc9/images/col/747/7478830-frente.png?sw=280&sh=280,emb. 200 gr,https://www.continente.pt/produto/fatiado-de-sabor-original-violife-7478830.html,biologicos,2025-04-21,Continente
Almôndegas de Proteína Vegetal,7207960,5.34,"€22,25/kg",Iglo Green Cuisine,Congelados/Hambúrgueres e Almôndegas,https://www.continente.pt/dw/image/v2/BDVS_PRD/on/demandware.static/-/Sites-col-master-catalog/default/dwe32aa314/images/col/720/7207960-frente.jpg?sw=280&sh=280,emb. 240 gr (10 un),https://www.continente.pt/produto/almondegas-de-proteina-vegetal-iglo-green-cuisine-7207960.html,biologicos,2025-04-21,Continente
Tofu Biológico,7103466,1.99,"€4,98/kg",Continente Bio,"Bio e Saudável/Biológicos/Peixaria, Talho e Alternativas",https://www.continente.pt/dw/image/v2/BDVS_PRD/on/demandware.static/-/Sites-col-master-catalog/default/dw2f14a399/images/col/710/7103466-frente.jpg?sw=280&sh=280,emb. 400 gr,https://www.continente.pt/produto/tofu-biologico-continente-bio-7103466.html,biologicos,2025-04-21,Continente
Leite UHT Magro sem Lactose,4679597,1.29,"€1,29/lt",Mimosa,Laticínios e Ovos/Leite/Leite sem Lactose,https://www.continente.pt/dw/image/v2/BDVS_PRD/on/demandware.static/-/Sites-col-master-catalog/default/dwbad38a64/images/col/467/4679597-frente.jpg?sw=280&sh=280,emb. 1 lt,https://www.continente.pt/produto/leite-uht-magro-sem-lactose-mimosa-4679597.html,biologicos,2025-04-21,Continente
Bolachas Aveia e Laranja sem Glúten,6804547,2.99,"€16,61/kg",Gullón,"Mercearia/Bolachas, Biscoitos e Tostas/Bolachas Fibra e Sem Açúcar",https://www.continente.pt/dw/image/v2/BDVS_PRD/on/demandware.static/-/Sites-col-master-catalog/default/dw2d463128/images/col/680/6804547-direito.jpg?sw=280&sh=280,emb. 180 gr,https://www.continente.pt/produto/bolachas-aveia-e-laranja-sem-gluten-gullon-6804547.html,biologicos,2025-04-21,Continente
Leite UHT Meio Gordo sem Lactose,7626663,1.06,"€1,06/lt",Gresso,Laticínios e Ovos/Leite/Leite sem Lactose,https://www.continente.pt/dw/image/v2/BDVS_PRD/on/demandware.static/-/Sites-col-master-catalog/default/dwe66c42f2/images/col/762/7626663-frente.jpg?sw=280&sh=280,emb. 1 lt,https://www.continente.pt/produto/leite-uht-meio-gordo-sem-lactose-gresso-7626663.html,biologicos,2025-04-21,Continente
Snack Proteína Caramelo,6618096,0.99,"€33,00/kg",Prozis,Bio e Saudável/Nutrição Desportiva/Barras e Snacks,https://www.continente.pt/dw/image/v2/BDVS_PRD/on/demandware.static/-/Sites-col-master-catalog/default/dw50acf3ea/images/col/661/6618096-frente.jpg?sw=280&sh=280,emb. 30 gr,https://www.continente.pt/produto/snack-proteina-caramelo-prozis-6618096.html,biologicos,2025-04-21,Continente
Massa Espirais Fusilli sem Glúten,7416998,2.99,"€7,48/kg",Delverde,"Mercearia/Arroz, Massa e Farinha/Massa",https://www.continente.pt/dw/image/v2/BDVS_PRD/on/demandware.static/-/Sites-col-master-catalog/default/dw39a9ad32/images/col/741/7416998-frente.jpg?sw=280&sh=280,emb. 400 gr,https://www.continente.pt/produto/massa-espirais-fusilli-sem-gluten-delverde-7416998.html,biologicos,2025-04-21,Continente
Queijo Parmigiano Reggiano DOP Biológico,6589989,6.99,"€46,60/kg",Parmareggio,Frescos/Queijos/Queijos do Mundo,https://www.continente.pt/dw/image/v2/BDVS_PRD/on/demandware.static/-/Sites-col-master-catalog/default/dw8bc97417/images/col/658/6589989-frente.jpg?sw=280&sh=280,emb. 150 gr,https://www.continente.pt/produto/queijo-parmigiano-reggiano-dop-biologico-parmareggio-6589989.html,biologicos,2025-04-21,Continente
Hambúrguer Panado Vegan Sabor a Frango,7526169,3.09,"€17,17/kg",The Vegetarian Butcher,Congelados/Hambúrgueres e Almôndegas,https://www.continente.pt/dw/image/v2/BDVS_PRD/on/demandware.static/-/Sites-col-master-catalog/default/dwed51e691/images/col/752/7526169-hero.jpg?sw=280&sh=280,emb. 180 gr,https://www.continente.pt/produto/hamburguer-panado-vegan-sabor-a-frango-the-vegetarian-butcher-7526169.html,biologicos,2025-04-21,Continente
Veggie Fingers,4310318,1.99,"€7,01/kg",Iglo Green Cuisine,Congelados/Vegetariano e Vegan/Nuggets e Panados,https://www.continente.pt/dw/image/v2/BDVS_PRD/on/demandware.static/-/Sites-col-master-catalog/default/dw157200af/images/col/431/4310318-frente.jpg?sw=280&sh=280,emb. 284 gr (10 un),https://www.continente.pt/produto/veggie-fingers-iglo-green-cuisine-4310318.html,biologicos,2025-04-21,Continente
Barra Proteína Bolacha,7522769,1.25,"€25,00/kg",Way Up,Bio e Saudável/Nutrição Desportiva/Barras e Snacks,https://www.continente.pt/dw/image/v2/BDVS_PRD/on/demandware.static/-/Sites-col-master-catalog/default/dw7c9e91bb/images/col/752/7522769-frente.jpg?sw=280&sh=280,emb. 50 gr,https://www.continente.pt/produto/barra-proteina-bolacha-way-up-7522769.html,biologicos,2025-04-21,Continente
Pudim +Proteína Chocolate,7477480,0.89,"€4,45/kg",Continente,Laticínios e Ovos/Iogurtes/Iogurtes Proteína,https://www.continente.pt/dw/image/v2/BDVS_PRD/on/demandware.static/-/Sites-col-master-catalog/default/dw09821df6/images/col/747/7477480-frente.jpg?sw=280&sh=280,emb. 200 gr,https://www.continente.pt/produto/pudim-proteina-chocolate-continente-7477480.html,biologicos,2025-04-21,Continente
Queijo Mozzarella sem Lactose,5894990,1.69,"€16,90/kg",Galbani,"Frescos/Queijos/Fresco, Requeijão e Mozzarella",https://www.continente.pt/dw/image/v2/BDVS_PRD/on/demandware.static/-/Sites-col-master-catalog/default/dwd3cc1d49/images/col/589/5894990-frente.jpg?sw=280&sh=280,emb. 100 gr,https://www.continente.pt/produto/queijo-mozzarella-sem-lactose-galbani-5894990.html,biologicos,2025-04-21,Continente
Iogurte Líquido Proteína Banana,8005064,1.99,"€6,63/kg",Yopro Danone,Laticínios e Ovos/Iogurtes/Iogurtes Proteína,https://www.continente.pt/dw/image/v2/BDVS_PRD/on/demandware.static/-/Sites-col-master-catalog/default/dw01602ac6/images/col/800/8005064-frente.png?sw=280&sh=280,emb. 300 gr,https://www.continente.pt/produto/iogurte-liquido-proteina-banana-yopro-danone-8005064.html,biologicos,2025-04-21,Continente
Bife de Peito de Frango Biológico,7146077,7.99,"€26,63/kg",Biologic,Frescos/Talho/Frango e Peru/Frango,https://www.continente.pt/dw/image/v2/BDVS_PRD/on/demandware.static/-/Sites-col-master-catalog/default/dw6736d861/images/col/714/7146077-cima.jpg?sw=280&sh=280,emb. 300 gr,https://www.continente.pt/produto/bife-de-peito-de-frango-biologico-biologic-7146077.html,biologicos,2025-04-21,Continente
Leite Magro com Amêndoa sem Lactose,6655126,1.39,"€1,39/lt",Mimosa,Laticínios e Ovos/Leite/Leite sem Lactose,https://www.continente.pt/dw/image/v2/BDVS_PRD/on/demandware.static/-/Sites-col-master-catalog/default/dwea11d350/images/col/665/6655126-frente.jpg?sw=280&sh=280,emb. 1 lt,https://www.continente.pt/produto/leite-magro-com-amendoa-sem-lactose-mimosa-6655126.html,biologicos,2025-04-21,Continente
Bolachas Chocolate Chips,6338236,3.89,"€15,56/kg",Gullón,"Mercearia/Bolachas, Biscoitos e Tostas/Bolachas de Chocolate",https://www.continente.pt/dw/image/v2/BDVS_PRD/on/demandware.static/-/Sites-col-master-catalog/default/dw3b66611a/images/col/633/6338236-direito.jpg?sw=280&sh=280,emb. 250 gr,https://www.continente.pt/produto/bolachas-chocolate-chips-gullon-6338236.html,biologicos,2025-04-21,Continente
Flocos Aveia Integral Prensados,6819559,1.29,"€3,23/kg",Continente Bio,Mercearia/Cereais e Barras/Flocos e Papas de Aveia,https://www.continente.pt/dw/image/v2/BDVS_PRD/on/demandware.static/-/Sites-col-master-catalog/default/dw9706d95d/images/col/681/6819559-frente.jpg?sw=280&sh=280,emb.400 gr,https://www.continente.pt/produto/flocos-aveia-integral-prensados-continente-bio-6819559.html,biologicos,2025-04-21,Continente
Iogurte Líquido +Proteína Banana,7449988,1.18,"€4,21/un",Continente,Laticínios e Ovos/Iogurtes/Iogurtes Líquidos,https://www.continente.pt/dw/image/v2/BDVS_PRD/on/demandware.static/-/Sites-col-master-catalog/default/dwf6eba916/images/col/744/7449988-frente.jpg?sw=280&sh=280,emb. 280 gr,https://www.continente.pt/produto/iogurte-liquido-proteina-banana-continente-7449988.html,biologicos,2025-04-21,Continente
Preparado de Carne Picada de Bovino Biológica,7146064,7.99,"€19,98/kg",Biologic,"Bio e Saudável/Biológicos/Peixaria, Talho e Alternativas",https://www.continente.pt/dw/image/v2/BDVS_PRD/on/demandware.static/-/Sites-col-master-catalog/default/dw7f959076/images/col/714/7146064-cima.jpg?sw=280&sh=280,emb. 400 gr,https://www.continente.pt/produto/preparado-de-carne-picada-de-bovino-biologica-biologic-7146064.html,biologicos,2025-04-21,Continente
Couve Brócolo Biológico,7357120,2.39,"€5,98/kg",Continente Bio,"Frescos/Legumes/Couves, Brócolos e Espinafres",https://www.continente.pt/dw/image/v2/BDVS_PRD/on/demandware.static/-/Sites-col-master-catalog/default/dw6ec2712f/images/col/735/7357120-frente.jpg?sw=280&sh=280,emb. 400 gr,https://www.continente.pt/produto/couve-brocolo-biologico-continente-bio-7357120.html,biologicos,2025-04-21,Continente
Iogurte Magro Natural sem Lactose,7404070,1.99,"€4,15/kg",Mimosa,Laticínios e Ovos/Iogurtes/Iogurtes sem Lactose,https://www.continente.pt/dw/image/v2/BDVS_PRD/on/demandware.static/-/Sites-col-master-catalog/default/dw300dcef8/images/col/740/7404070-cima.png?sw=280&sh=280,emb. 480 gr (4 un),https://www.continente.pt/produto/iogurte-magro-natural-sem-lactose-mimosa-7404070.html,biologicos,2025-04-21,Continente
Bebida Vegetal de Arroz e Amêndoa,6437059,1.57,"€1,57/lt",Continente Bio,Laticínios e Ovos/Bebidas Vegetais/Bebida Amêndoa,https://www.continente.pt/dw/image/v2/BDVS_PRD/on/demandware.static/-/Sites-col-master-catalog/default/dw0abf120f/images/col/643/6437059-frente.jpg?sw=280&sh=280,emb. 1 lt,https://www.continente.pt/produto/bebida-vegetal-de-arroz-e-amendoa-continente-bio-6437059.html,biologicos,2025-04-21,Continente
Bolacha Aveia sem Glúten,7545758,3.44,"€15,64/kg",Gullón,"Mercearia/Bolachas, Biscoitos e Tostas/Bolachas com Cobertura e Recheio",https://www.continente.pt/dw/image/v2/BDVS_PRD/on/demandware.static/-/Sites-col-master-catalog/default/dw06126cfe/images/col/754/7545758-direito.jpg?sw=280&sh=280,emb. 220 gr (5 un),https://www.continente.pt/produto/bolacha-aveia-sem-gluten-gullon-7545758.html,biologicos,2025-04-21,Continente
Papel Higiénico Compacto Reciclado,5795754,6.8,"€0,38/un",Continente,Beleza e Higiene/Papel Higiénico/Papel Higiénico Compacto,https://www.continente.pt/dw/image/v2/BDVS_PRD/on/demandware.static/-/Sites-col-master-catalog/default/dw6c9df8de/images/col/579/5795754-frente.jpg?sw=280&sh=280,18 rolos = 36 rolos,https://www.continente.pt/produto/papel-higienico-compacto-reciclado-continente-5795754.html,biologicos,2025-04-21,Continente
Iogurte Aroma Manga e Baunilha,5895827,2.94,"€7,35/kg",Andechser,Laticínios e Ovos/Iogurtes/Iogurtes Aromas e Naturais,https://www.continente.pt/dw/image/v2/BDVS_PRD/on/demandware.static/-/Sites-col-master-catalog/default/dw73919bc5/images/col/589/5895827-frente.jpg?sw=280&sh=280,emb. 400 gr,https://www.continente.pt/produto/iogurte-aroma-manga-e-baunilha-andechser-5895827.html,biologicos,2025-04-21,Continente
Cebola Biológica,7382396,1.99,"€2,65/kg",Continente Bio,"Frescos/Legumes/Cebola, Alho e Nabo",https://www.continente.pt/dw/image/v2/BDVS_PRD/on/demandware.static/-/Sites-col-master-catalog/default/dwbf5c6e07/images/col/738/7382396-frente.jpg?sw=280&sh=280,emb. 750 gr,https://www.continente.pt/produto/cebola-biologica-continente-bio-7382396.html,biologicos,2025-04-21,Continente
Queijo Flamengo sem Lactose Biológico Fatiado,7384221,2.49,"€16,60/kg",Terra Nostra,Bio e Saudável/Biológicos/Charcutaria e Queijos,https://www.continente.pt/dw/image/v2/BDVS_PRD/on/demandware.static/-/Sites-col-master-catalog/default/dw15674f95/images/col/738/7384221-frente.jpg?sw=280&sh=280,emb. 150 gr,https://www.continente.pt/produto/queijo-flamengo-sem-lactose-biologico-fatiado-terra-nostra-7384221.html,biologicos,2025-04-21,Continente
Peito de Frango com Mac and Cheese,7795052,6.49,"€6,49/un",Prozis,Congelados/Refeições Prontas,https://www.continente.pt/dw/image/v2/BDVS_PRD/on/demandware.static/-/Sites-col-master-catalog/default/dw2b8d028d/images/col/779/7795052-frente.jpg?sw=280&sh=280,emb. 360 gr,https://www.continente.pt/produto/peito-de-frango-com-mac-and-cheese-prozis-7795052.html,biologicos,2025-04-21,Continente
Detergente Máquina Loiça Power Gel 0%,7074059,9.99,"€0,17/un",Finish,Limpeza/Cozinha/Detergente Máquina Loiça,https://www.continente.pt/dw/image/v2/BDVS_PRD/on/demandware.static/-/Sites-col-master-catalog/default/dw6c87c95b/images/col/707/7074059-frente.jpg?sw=280&sh=280,60 doses,https://www.continente.pt/produto/detergente-maquina-loica-power-gel-0--finish-7074059.html,biologicos,2025-04-21,Continente
Laranja Zero Desperdício,7998103,3.57,"€1,19/kg",Continente,"Frescos/Frutas/Laranja, Clementina e Limão",https://www.continente.pt/dw/image/v2/BDVS_PRD/on/demandware.static/-/Sites-col-master-catalog/default/dwe2d8d312/images/col/799/7998103-frente.jpg?sw=280&sh=280,emb. 3 kg,https://www.continente.pt/produto/laranja-zero-desperdicio-continente-7998103.html,biologicos,2025-04-21,Continente
Tortellini Fresco de Ricotta e Espinafres,5060932,3.79,"€15,16/kg",Rana,Frescos/Take Away/Massas Frescas/Massas Recheadas,https://www.continente.pt/dw/image/v2/BDVS_PRD/on/demandware.static/-/Sites-col-master-catalog/default/dw0d97e3ec/images/col/506/5060932-frente.jpg?sw=280&sh=280,emb. 250 gr,https://www.continente.pt/produto/tortellini-fresco-de-ricotta-e-espinafres-rana-5060932.html,biologicos,2025-04-21,Continente
Iogurte Aroma Baunilha,5895826,2.62,"€6,55/kg",Andechser,Laticínios e Ovos/Iogurtes/Iogurtes Aromas e Naturais,https://www.continente.pt/dw/image/v2/BDVS_PRD/on/demandware.static/-/Sites-col-master-catalog/default/dw51270d02/images/col/589/5895826-frente.jpg?sw=280&sh=280,emb. 400 gr,https://www.continente.pt/produto/iogurte-aroma-baunilha-andechser-5895826.html,biologicos,2025-04-21,Continente
Proteína Whey Concentrada Baunilha,7949282,42.5,"€53,13/kg",Gold Nutrition,Bio e Saudável/Nutrição Desportiva/Energia e Proteína,https://www.continente.pt/dw/image/v2/BDVS_PRD/on/demandware.static/-/Sites-col-master-catalog/default/dw482744cb/images/col/794/7949282-frente.jpg?sw=280&sh=280,emb. 800 gr,https://www.continente.pt/produto/proteina-whey-concentrada-baunilha-gold-nutrition-7949282.html,biologicos,2025-04-21,Continente
Batata Doce Polpa Laranja Biológica,7382501,2.29,"€2,29/kg",Continente Bio,"Frescos/Legumes/Batata, Batata Doce e Mandioca",https://www.continente.pt/dw/image/v2/BDVS_PRD/on/demandware.static/-/Sites-col-master-catalog/default/dw9d4fc1a1/images/col/738/7382501-frente.jpg?sw=280&sh=280,emb. 1 kg,https://www.continente.pt/produto/batata-doce-polpa-laranja-biologica-continente-bio-7382501.html,biologicos,2025-04-21,Continente
Iogurte Líquido Bifidus Triplo 0% Kiwi e Morango sem Lactose,8048706,3.89,"€3,14/kg",Activia Danone,Laticínios e Ovos/Iogurtes/Iogurtes Bífidus,https://www.continente.pt/dw/image/v2/BDVS_PRD/on/demandware.static/-/Sites-col-master-catalog/default/dw5384d936/images/col/804/8048706-frente.jpg?sw=280&sh=280,emb. 1240 gr (8 un),https://www.continente.pt/produto/iogurte-liquido-bifidus-triplo-0--kiwi-e-morango-sem-lactose-activia-danone-8048706.html,biologicos,2025-04-21,Continente
Limão Zero Desperdício,2669174,1.79,"€1,79/kg",Continente,"Frescos/Frutas/Laranja, Clementina e Limão",https://www.continente.pt/dw/image/v2/BDVS_PRD/on/demandware.static/-/Sites-col-master-catalog/default/dw6da1f60c/images/col/266/2669174-frente.jpg?sw=280&sh=280,emb. 1 kg,https://www.continente.pt/produto/limao-zero-desperdicio-continente-2669174.html,biologicos,2025-04-21,Continente
Leite Meio Gordo Pastagem Açores,7055548,1.39,"€1,39/lt",Milhafre,Laticínios e Ovos/Leite/Leite Meio Gordo,https://www.continente.pt/dw/image/v2/BDVS_PRD/on/demandware.static/-/Sites-col-master-catalog/default/dw0295884f/images/col/705/7055548-frente.jpg?sw=280&sh=280,emb. 1 lt,https://www.continente.pt/produto/leite-meio-gordo-pastagem-acores-milhafre-7055548.html,biologicos,2025-04-21,Continente
Rolo de Cozinha 100% Reciclado,7201089,2.99,"€1,50/un",Continente Eco,Limpeza/Guardanapos e Rolos/Rolos de Cozinha,https://www.continente.pt/dw/image/v2/BDVS_PRD/on/demandware.static/-/Sites-col-master-catalog/default/dwfde14c63/images/col/720/7201089-hero.jpg?sw=280&sh=280,2 rolos = 6 rolos,https://www.continente.pt/produto/rolo-de-cozinha-100--reciclado-continente-eco-7201089.html,biologicos,2025-04-21,Continente
Abacate Biológico,7366685,2.29,"€7,63/kg",Continente Bio,Frescos/Frutas/Uvas e Tropicais,https://www.continente.pt/dw/image/v2/BDVS_PRD/on/demandware.static/-/Sites-col-master-catalog/default/dw91da0322/images/col/736/7366685-frente.jpg?sw=280&sh=280,emb. 300 gr (2 un),https://www.continente.pt/produto/abacate-biologico-continente-bio-7366685.html,biologicos,2025-04-21,Continente
Papel Higiénico 100% Reciclado Compacto,7201086,5.39,"€0,45/un",Continente Eco,Beleza e Higiene/Papel Higiénico/Papel Higiénico Compacto,https://www.continente.pt/dw/image/v2/BDVS_PRD/on/demandware.static/-/Sites-col-master-catalog/default/dw16815cbf/images/col/720/7201086-hero.jpg?sw=280&sh=280,emb. 12 rolos = 24 rolos,https://www.continente.pt/produto/papel-higienico-100--reciclado-compacto-continente-eco-7201086.html,biologicos,2025-04-21,Continente
Iogurte Líquido Frutos Silvestres sem Lactose,7420247,2.19,"€3,42/kg",Yoggi,Laticínios e Ovos/Iogurtes/Iogurtes sem Lactose,https://www.continente.pt/dw/image/v2/BDVS_PRD/on/demandware.static/-/Sites-col-master-catalog/default/dw7242afba/images/col/742/7420247-frente.jpg?sw=280&sh=280,emb. 640 gr (4 un),https://www.continente.pt/produto/iogurte-liquido-frutos-silvestres-sem-lactose-yoggi-7420247.html,biologicos,2025-04-21,Continente
Sacos Lixo Fecho Fácil 100 lt,7536664,1.29,"€0,13/un",Continente,Limpeza/Sacos e Baldes do Lixo/Sacos do Lixo,https://www.continente.pt/dw/image/v2/BDVS_PRD/on/demandware.static/-/Sites-col-master-catalog/default/dwa7f6daa4/images/col/753/7536664-frente.jpg?sw=280&sh=280,emb. 10 un,https://www.continente.pt/produto/sacos-lixo-fecho-facil-100-lt-continente-7536664.html,biologicos,2025-04-21,Continente
"Saqueta Maçã, Morango, Banana e Mirtilo +4M",7411754,1.2,"€12,00/kg",Hero Solo,"Mercearia/Alimentação Infantil/Boiões, Saquetas e Puré de Fruta",https://www.continente.pt/dw/image/v2/BDVS_PRD/on/demandware.static/-/Sites-col-master-catalog/default/dwa2497b36/images/col/741/7411754-frente.jpg?sw=280&sh=280,emb.100 gr,https://www.continente.pt/produto/saqueta-maca-morango-banana-e-mirtilo-4m-hero-solo-7411754.html,biologicos,2025-04-21,Continente
Tagliatelle Fresco Biológico,7551410,2.19,"€2,19/un",Casa Milo,Frescos/Take Away/Massas Frescas/Massas Simples,https://www.continente.pt/dw/image/v2/BDVS_PRD/on/demandware.static/-/Sites-col-master-catalog/default/dw3f88e0b9/images/col/755/7551410-frente.jpg?sw=280&sh=280,emb. 250 gr,https://www.continente.pt/produto/tagliatelle-fresco-biologico-casa-milo-7551410.html,biologicos,2025-04-21,Continente
Sacos Lixo Eco+ Maxi Rolo 30 lt,7439833,4.19,"€0,14/un",Vileda,Limpeza/Sacos e Baldes do Lixo/Sacos do Lixo,https://www.continente.pt/dw/image/v2/BDVS_PRD/on/demandware.static/-/Sites-col-master-catalog/default/dwa209ebc0/images/col/743/7439833-frente.jpg?sw=280&sh=280,emb. 30 un,https://www.continente.pt/produto/sacos-lixo-eco-maxi-rolo-30-lt-vileda-7439833.html,biologicos,2025-04-21,Continente
Leite Meio Gordo sem Lactose,4422019,1.77,"€2,21/lt",Mimosa,Laticínios e Ovos/Leite/Leite sem Lactose,https://www.continente.pt/dw/image/v2/BDVS_PRD/on/demandware.static/-/Sites-col-master-catalog/default/dw2a772217/images/col/442/4422019-hero.png?sw=280&sh=280,emb. 4 x 200 ml,https://www.continente.pt/produto/leite-meio-gordo-sem-lactose-mimosa-4422019.html,biologicos,2025-04-21,Continente
Leite Meio Gordo Fresco sem Lactose,5182928,1.34,"€1,34/lt",Vigor,Laticínios e Ovos/Leite/Leite sem Lactose,https://www.continente.pt/dw/image/v2/BDVS_PRD/on/demandware.static/-/Sites-col-master-catalog/default/dwbf7bf4b2/images/col/518/5182928-frente.jpg?sw=280&sh=280,emb. 1 lt,https://www.continente.pt/produto/leite-meio-gordo-fresco-sem-lactose-vigor-5182928.html,biologicos,2025-04-21,Continente
Bolachas de Chocolate com Recheio de Creme,5058932,4.29,"€9,75/kg",Oreo,"Mercearia/Bolachas, Biscoitos e Tostas/Bolachas com Cobertura e Recheio",https://www.continente.pt/dw/image/v2/BDVS_PRD/on/demandware.static/-/Sites-col-master-catalog/default/dw3a5f6dfd/images/col/505/5058932-frente.png?sw=280&sh=280,emb. 440 gr (10 un),https://www.continente.pt/produto/bolachas-de-chocolate-com-recheio-de-creme-oreo-5058932.html,biologicos,2025-04-21,Continente
Tomate Cherry Biológico,4956901,1.79,"€7,16/kg",Continente Bio,"Frescos/Legumes/Alface, Tomate, Pepino e Pimento",https://www.continente.pt/dw/image/v2/BDVS_PRD/on/demandware.static/-/Sites-col-master-catalog/default/dw7d2e7a68/images/col/495/4956901-frente.jpg?sw=280&sh=280,emb. 250 gr,https://www.continente.pt/produto/tomate-cherry-biologico-continente-bio-4956901.html,biologicos,2025-04-21,Continente
Polpa Tomate Passata,5818170,3.09,"€4,41/kg",Valfrutta,"Mercearia/Conservas/Tomate Polpa, Pelado e Seco",https://www.continente.pt/dw/image/v2/BDVS_PRD/on/demandware.static/-/Sites-col-master-catalog/default/dw49e9c416/images/col/581/5818170-frente.jpg?sw=280&sh=280,emb. 700 gr,https://www.continente.pt/produto/polpa-tomate-passata-valfrutta-5818170.html,biologicos,2025-04-21,Continente
Iogurte Líquido Morango e Banana sem Lactose,8010530,3.99,"€3,12/kg",Yoggi,Laticínios e Ovos/Iogurtes/Iogurtes Líquidos,https://www.continente.pt/dw/image/v2/BDVS_PRD/on/demandware.static/-/Sites-col-master-catalog/default/dw257c5d8b/images/col/801/8010530-frente.png?sw=280&sh=280,emb. 1280 gr (8 un),https://www.continente.pt/produto/iogurte-liquido-morango-e-banana-sem-lactose-yoggi-8010530.html,biologicos,2025-04-21,Continente
Bebida Vegetal de Arroz,8152873,11.49,"€1,92/lt",Alpro,Laticínios e Ovos/Bebidas Vegetais/Bebida Arroz,https://www.continente.pt/dw/image/v2/BDVS_PRD/on/demandware.static/-/Sites-col-master-catalog/default/dwf8ee1edb/images/col/815/8152873-frente.png?sw=280&sh=280,emb. 6 x 1lt,https://www.continente.pt/produto/bebida-vegetal-de-arroz-alpro-8152873.html,biologicos,2025-04-21,Continente
"Saqueta de Fruta Maçã, Banana e Cenoura +4M",7168030,1.2,"€12,00/kg",Hero Solo,"Mercearia/Alimentação Infantil/Boiões, Saquetas e Puré de Fruta",https://www.continente.pt/dw/image/v2/BDVS_PRD/on/demandware.static/-/Sites-col-master-catalog/default/dw4cf408cc/images/col/716/7168030-frente.jpg?sw=280&sh=280,emb. 100 gr,https://www.continente.pt/produto/saqueta-de-fruta-maca-banana-e-cenoura-4m-hero-solo-7168030.html,biologicos,2025-04-21,Continente
Bebida Vegetal de Aveia sem Açúcar,8152828,22.99,"€1,92/lt",Alpro,Laticínios e Ovos/Bebidas Vegetais/Bebida Aveia,https://www.continente.pt/dw/image/v2/BDVS_PRD/on/demandware.static/-/Sites-col-master-catalog/default/dw74b555c3/images/col/815/8152828-frente.png?sw=280&sh=280,emb. 12 x 1 lt,https://www.continente.pt/produto/bebida-vegetal-de-aveia-sem-acucar-alpro-8152828.html,biologicos,2025-04-21,Continente
Iogurte Líquido Bifidus Triplo 0% Frutos Silvestres sem Lactose,7411371,3.89,"€3,14/kg",Activia Danone,Laticínios e Ovos/Iogurtes/Iogurtes Bífidus,https://www.continente.pt/dw/image/v2/BDVS_PRD/on/demandware.static/-/Sites-col-master-catalog/default/dwb9b47451/images/col/741/7411371-frente.jpg?sw=280&sh=280,emb. 1240 gr (8 un),https://www.continente.pt/produto/iogurte-liquido-bifidus-triplo-0--frutos-silvestres-sem-lactose-activia-danone-7411371.html,biologicos,2025-04-21,Continente
Puré de Batata sem Glúten,4905741,2.99,"€11,96/kg",Mousline,"Mercearia/Arroz, Massa e Farinha/Puré",https://www.continente.pt/dw/image/v2/BDVS_PRD/on/demandware.static/-/Sites-col-master-catalog/default/dw766bb579/images/col/490/4905741-frente.png?sw=280&sh=280,emb. 250 gr,https://www.continente.pt/produto/pure-de-batata-sem-gluten-mousline-4905741.html,biologicos,2025-04-21,Continente
Alho Seco Biológico,7486941,1.59,"€10,60/kg",Continente Bio,"Frescos/Legumes/Cebola, Alho e Nabo",https://www.continente.pt/dw/image/v2/BDVS_PRD/on/demandware.static/-/Sites-col-master-catalog/default/dw5ab105cf/images/col/748/7486941-frente.jpg?sw=280&sh=280,emb. 150 gr,https://www.continente.pt/produto/alho-seco-biologico-continente-bio-7486941.html,biologicos,2025-04-21,Continente
Iogurte Líquido Morango e Banana sem Lactose,5830731,2.19,"€3,42/kg",Yoggi,Laticínios e Ovos/Iogurtes/Iogurtes sem Lactose,https://www.continente.pt/dw/image/v2/BDVS_PRD/on/demandware.static/-/Sites-col-master-catalog/default/dw2c889443/images/col/583/5830731-frente.jpg?sw=280&sh=280,emb. 640 gr (4 un),https://www.continente.pt/produto/iogurte-liquido-morango-e-banana-sem-lactose-yoggi-5830731.html,biologicos,2025-04-21,Continente
Papel Higiénico Húmido Fresh,5137013,2.22,"€0,03/un",Scottex,Beleza e Higiene/Papel Higiénico/Papel Higiénico Húmido,https://www.continente.pt/dw/image/v2/BDVS_PRD/on/demandware.static/-/Sites-col-master-catalog/default/dw1313748c/images/col/513/5137013-hero.jpg?sw=280&sh=280,emb. 74 un,https://www.continente.pt/produto/papel-higienico-humido-fresh-scottex-5137013.html,biologicos,2025-04-21,Continente
Bebida Vegetal de Aveia,8152829,22.99,"€1,92/lt",Alpro,Laticínios e Ovos/Bebidas Vegetais/Bebida Aveia,https://www.continente.pt/dw/image/v2/BDVS_PRD/on/demandware.static/-/Sites-col-master-catalog/default/dw5810694c/images/col/815/8152829-frente.png?sw=280&sh=280,emb. 12 x 1 lt,https://www.continente.pt/produto/bebida-vegetal-de-aveia-alpro-8152829.html,biologicos,2025-04-21,Continente
Iogurte Aroma Multifrutos sem Lactose,7406212,1.89,"€3,94/kg",Mimosa,Laticínios e Ovos/Iogurtes/Iogurtes sem Lactose,https://www.continente.pt/dw/image/v2/BDVS_PRD/on/demandware.static/-/Sites-col-master-catalog/default/dw17462d3b/images/col/740/7406212-cima.png?sw=280&sh=280,emb. 480 gr (4 un),https://www.continente.pt/produto/iogurte-aroma-multifrutos-sem-lactose-mimosa-7406212.html,biologicos,2025-04-21,Continente
Espargos Biológicos,6124003,2.99,"€11,96/kg",Continente Bio,"Frescos/Legumes/Cogumelos, Espargos e Exóticos",https://www.continente.pt/dw/image/v2/BDVS_PRD/on/demandware.static/-/Sites-col-master-catalog/default/dw94164a14/images/col/612/6124003-cima.jpg?sw=280&sh=280,emb. 250 gr,https://www.continente.pt/produto/espargos-biologicos-continente-bio-6124003.html,biologicos,2025-04-21,Continente
Queijo Flamengo sem Lactose Light Fatiado,2987708,2.85,"€14,25/kg",Limiano,Frescos/Queijos/Fatiado e Bolas,https://www.continente.pt/dw/image/v2/BDVS_PRD/on/demandware.static/-/Sites-col-master-catalog/default/dwb90d51d9/images/col/298/2987708-frente.jpg?sw=280&sh=280,emb. 200 gr,https://www.continente.pt/produto/queijo-flamengo-sem-lactose-light-fatiado-limiano-2987708.html,biologicos,2025-04-21,Continente
Manteiga de Amendoim Crocante,6715879,7.69,"€7,69/kg",Prozis,Bio e Saudável/Nutrição Desportiva/Cremes de Barrar,https://www.continente.pt/dw/image/v2/BDVS_PRD/on/demandware.static/-/Sites-col-master-catalog/default/dweb23fc7a/images/col/671/6715879-frente.jpg?sw=280&sh=280,emb. 1 kg,https://www.continente.pt/produto/manteiga-de-amendoim-crocante-prozis-6715879.html,biologicos,2025-04-21,Continente
Yofu Soja Pedaços Pêssego e Frutos Exóticos,4431793,2.99,"€5,98/kg",Alpro,Laticínios e Ovos/Iogurtes/Vegegurtes e Yofu,https://www.continente.pt/dw/image/v2/BDVS_PRD/on/demandware.static/-/Sites-col-master-catalog/default/dw31433eab/images/col/443/4431793-frente.jpg?sw=280&sh=280,emb. 500 gr (4 un),https://www.continente.pt/produto/yofu-soja-pedacos-pessego-e-frutos-exoticos-alpro-4431793.html,biologicos,2025-04-21,Continente
Mirtilo Biológico,8420798,2.49,"€19,92/kg",Continente Bio,Frescos/Frutas/Morango e Frutos Vermelhos,https://www.continente.pt/dw/image/v2/BDVS_PRD/on/demandware.static/-/Sites-col-master-catalog/default/dweb611c69/images/col/842/8420798-frente.jpg?sw=280&sh=280,emb. 125 gr,https://www.continente.pt/produto/mirtilo-biologico-continente-bio-8420798.html,biologicos,2025-04-21,Continente
Bolachas Recheadas Choco Flakes,2601427,3.34,"€6,68/kg",Cuétara,"Mercearia/Bolachas, Biscoitos e Tostas/Bolachas Infantis",https://www.continente.pt/dw/image/v2/BDVS_PRD/on/demandware.static/-/Sites-col-master-catalog/default/dwa9fc7b59/images/col/260/2601427-esquerdo.jpg?sw=280&sh=280,emb. 500 gr,https://www.continente.pt/produto/bolachas-recheadas-choco-flakes-cuetara-2601427.html,biologicos,2025-04-21,Continente
Couve Lombarda Biológica,2087126,2.99,"€1,88/un",Continente Bio,"Frescos/Legumes/Couves, Brócolos e Espinafres",https://www.continente.pt/dw/image/v2/BDVS_PRD/on/demandware.static/-/Sites-col-master-catalog/default/dw0d6b5761/images/col/208/2087126-frente.jpg?sw=280&sh=280,emb. 630 gr (1 un),https://www.continente.pt/produto/couve-lombarda-biologica-continente-bio-2087126.html,biologicos,2025-04-21,Continente
Sacos Lixo Eco+ Maxi Rolo Fecho Fácil 50 lt,7429837,4.54,"€0,19/un",Vileda,Limpeza/Sacos e Baldes do Lixo/Sacos do Lixo,https://www.continente.pt/dw/image/v2/BDVS_PRD/on/demandware.static/-/Sites-col-master-catalog/default/dwe50f4607/images/col/742/7429837-frente.jpg?sw=280&sh=280,emb. 24 un,https://www.continente.pt/produto/sacos-lixo-eco-maxi-rolo-fecho-facil-50-lt-vileda-7429837.html,biologicos,2025-04-21,Continente
Mirtilo Biológico,7465846,2.59,"€20,72/kg",Continente Bio,Frescos/Frutas/Morango e Frutos Vermelhos,https://www.continente.pt/dw/image/v2/BDVS_PRD/on/demandware.static/-/Sites-col-master-catalog/default/dw70e89f25/images/col/746/7465846-frente.jpg?sw=280&sh=280,emb. 125 gr,https://www.continente.pt/produto/mirtilo-biologico-continente-bio-7465846.html,biologicos,2025-04-21,Continente
Tofu Fumado Biológico,5885211,3.39,"€16,95/kg",Taifun,"Bio e Saudável/Biológicos/Peixaria, Talho e Alternativas",https://www.continente.pt/dw/image/v2/BDVS_PRD/on/demandware.static/-/Sites-col-master-catalog/default/dwca432d72/images/col/588/5885211-frente.jpg?sw=280&sh=280,emb. 200 gr,https://www.continente.pt/produto/tofu-fumado-biologico-taifun-5885211.html,biologicos,2025-04-21,Continente
Bolachas Mini Dinossauros Cereais,4951641,1.99,"€16,58/kg",Artiach,"Mercearia/Bolachas, Biscoitos e Tostas/Bolachas Infantis",https://www.continente.pt/dw/image/v2/BDVS_PRD/on/demandware.static/-/Sites-col-master-catalog/default/dwf5085336/images/col/495/4951641-direito.jpg?sw=280&sh=280,emb. 120 gr (3 un),https://www.continente.pt/produto/bolachas-mini-dinossauros-cereais-artiach-4951641.html,biologicos,2025-04-21,Continente
Iogurte Líquido Proteína Morango e Framboesa,8210464,11.3,"€6,28/kg",Yopro Danone,Laticínios e Ovos/Iogurtes/Iogurtes Proteína,https://www.continente.pt/dw/image/v2/BDVS_PRD/on/demandware.static/-/Sites-col-master-catalog/default/dw0e89494c/images/col/821/8210464-frente.png?sw=280&sh=280,emb. 6 x 300 gr,https://www.continente.pt/produto/iogurte-liquido-proteina-morango-e-framboesa-yopro-danone-8210464.html,biologicos,2025-04-21,Continente
Azeite Virgem Extra,7057272,19.99,"€10,00/lt",Continente Bio,"Mercearia/Azeite, Óleo e Vinagre/Azeite",https://www.continente.pt/dw/image/v2/BDVS_PRD/on/demandware.static/-/Sites-col-master-catalog/default/dwc56a9fae/images/col/705/7057272-frente.jpg?sw=280&sh=280,emb. 2 lt,https://www.continente.pt/produto/azeite-virgem-extra-continente-bio-7057272.html,biologicos,2025-04-21,Continente
Couve Flor Biológica,7357121,3.59,"€7,18/kg",Continente Bio,"Frescos/Legumes/Couves, Brócolos e Espinafres",https://www.continente.pt/dw/image/v2/BDVS_PRD/on/demandware.static/-/Sites-col-master-catalog/default/dw2c4b3021/images/col/735/7357121-cima.jpg?sw=280&sh=280,emb. 500 gr,https://www.continente.pt/produto/couve-flor-biologica-continente-bio-7357121.html,biologicos,2025-04-21,Continente
Infusão Camomila Saquetas,6581744,0.99,"€0,10/un",Cem Porcento,"Mercearia/Café, Chá e Bebidas Solúveis/Chás e Infusões",https://www.continente.pt/dw/image/v2/BDVS_PRD/on/demandware.static/-/Sites-col-master-catalog/default/dw92f26267/images/col/658/6581744-direito.jpg?sw=280&sh=280,emb. 10 un,https://www.continente.pt/produto/infusao-camomila-saquetas-cem-porcento-6581744.html,biologicos,2025-04-21,Continente
Feijão Encarnado,7727157,3.89,"€8,10/kg",Origens Bio,Mercearia/Conservas/Feijão e Grão de Bico,https://www.continente.pt/dw/image/v2/BDVS_PRD/on/demandware.static/-/Sites-col-master-catalog/default/dwa4cd142e/images/col/772/7727157-frente.jpg?sw=280&sh=280,emb. 660 gr (peso escorrido 480 gr),https://www.continente.pt/produto/feijao-encarnado-origens-bio-7727157.html,biologicos,2025-04-21,Continente
Pera Biológica,7343433,2.79,"€5,58/un",Continente Bio,"Frescos/Frutas/Banana, Maçã e Pera",https://www.continente.pt/dw/image/v2/BDVS_PRD/on/demandware.static/-/Sites-col-master-catalog/default/dw8f7ed148/images/col/734/7343433-frente.jpg?sw=280&sh=280,emb. 500 gr,https://www.continente.pt/produto/pera-biologica-continente-bio-7343433.html,biologicos,2025-04-21,Continente
Azeite Virgem Extra,6579628,8.99,"€11,99/lt",Gallo,"Mercearia/Azeite, Óleo e Vinagre/Azeite",https://www.continente.pt/dw/image/v2/BDVS_PRD/on/demandware.static/-/Sites-col-master-catalog/default/dw4ff1334d/images/col/657/6579628-hero.jpg?sw=280&sh=280,emb. 75 cl,https://www.continente.pt/produto/azeite-virgem-extra-gallo-6579628.html,biologicos,2025-04-21,Continente
Papel Higiénico 3 Folhas Protect Branco,5204303,11.99,"€0,67/un",Colhogar,"Beleza e Higiene/Papel Higiénico/Papel Higiénico 3, 4 e 5 Folhas",https://www.continente.pt/dw/image/v2/BDVS_PRD/on/demandware.static/-/Sites-col-master-catalog/default/dw9aab68eb/images/col/520/5204303-hero.png?sw=280&sh=280,emb. 18 rolos,https://www.continente.pt/produto/papel-higienico-3-folhas-protect-branco-colhogar-5204303.html,biologicos,2025-04-21,Continente
Toalhitas Bebé Aqua Pure,7887535,7.19,"€0,05/un",Dodot,Bebé/Fraldas e Toalhitas/Toalhitas,https://www.continente.pt/dw/image/v2/BDVS_PRD/on/demandware.static/-/Sites-col-master-catalog/default/dwa5c63890/images/col/788/7887535-hero.png?sw=280&sh=280,emb. 144 un (3 x 48 un),https://www.continente.pt/produto/toalhitas-bebe-aqua-pure-dodot-7887535.html,biologicos,2025-04-21,Continente
Natas para Culinária sem Lactose ,7234296,0.89,"€4,45/lt",Continente,Laticínios e Ovos/Natas e Bechamel/Natas Culinárias,https://www.continente.pt/dw/image/v2/BDVS_PRD/on/demandware.static/-/Sites-col-master-catalog/default/dwda597dcc/images/col/723/7234296-frente.jpg?sw=280&sh=280,emb. 200 ml,https://www.continente.pt/produto/natas-para-culinaria-sem-lactose%C2%A0-continente-7234296.html,biologicos,2025-04-21,Continente
Cebola Roxa Biológica,7382494,2.19,"€4,38/kg",Continente Bio,"Frescos/Legumes/Cebola, Alho e Nabo",https://www.continente.pt/dw/image/v2/BDVS_PRD/on/demandware.static/-/Sites-col-master-catalog/default/dwe7b40dc7/images/col/738/7382494-frente.png?sw=280&sh=280,emb. 500 gr,https://www.continente.pt/produto/cebola-roxa-biologica-continente-bio-7382494.html,biologicos,2025-04-21,Continente
Iogurte Líquido Magro Ananás e Coco,6109871,1.89,"€3,05/kg",Corpos Danone,Laticínios e Ovos/Iogurtes/Iogurtes Magros,https://www.continente.pt/dw/image/v2/BDVS_PRD/on/demandware.static/-/Sites-col-master-catalog/default/dwe4b87ea2/images/col/610/6109871-frente.jpg?sw=280&sh=280,emb. 620 gr (4 un),https://www.continente.pt/produto/iogurte-liquido-magro-ananas-e-coco-corpos-danone-6109871.html,biologicos,2025-04-21,Continente
Massa Esparguete,6319590,2.09,"€4,18/kg",Buitoni,"Mercearia/Arroz, Massa e Farinha/Massa",https://www.continente.pt/dw/image/v2/BDVS_PRD/on/demandware.static/-/Sites-col-master-catalog/default/dw74223cd5/images/col/631/6319590-frente.jpg?sw=280&sh=280,emb. 500 gr,https://www.continente.pt/produto/massa-esparguete-buitoni-6319590.html,biologicos,2025-04-21,Continente
Manteiga sem Lactose,7465056,2.74,"€10,96/kg",Mimosa,Laticínios e Ovos/Manteigas e Cremes para Barrar/Manteigas,https://www.continente.pt/dw/image/v2/BDVS_PRD/on/demandware.static/-/Sites-col-master-catalog/default/dw852e3a92/images/col/746/7465056-frente.png?sw=280&sh=280,emb. 250 gr,https://www.continente.pt/produto/manteiga-sem-lactose-mimosa-7465056.html,biologicos,2025-04-21,Continente
Queijo de Mistura sem Lactose Amanteigado Fatiado,5344275,2.75,"€15,28/kg",Limiano,Frescos/Queijos/Fatiado e Bolas,https://www.continente.pt/dw/image/v2/BDVS_PRD/on/demandware.static/-/Sites-col-master-catalog/default/dw3a648737/images/col/534/5344275-frente.jpg?sw=280&sh=280,emb. 180 gr,https://www.continente.pt/produto/queijo-de-mistura-sem-lactose-amanteigado-fatiado-limiano-5344275.html,biologicos,2025-04-21,Continente
Batata Frita Ondulada com Sal sem Glúten,7379477,1.59,"€9,94/kg",Ruffles,Mercearia/Snacks e Batatas Fritas/Batatas Fritas,https://www.continente.pt/dw/image/v2/BDVS_PRD/on/demandware.static/-/Sites-col-master-catalog/default/dw926dc0dd/images/col/737/7379477-hero.png?sw=280&sh=280,emb. 160 gr,https://www.continente.pt/produto/batata-frita-ondulada-com-sal-sem-gluten-ruffles-7379477.html,biologicos,2025-04-21,Continente
Cogumelo Shitake Biológico Fresco,7559257,1.99,"€17,30/kg",Continente Bio,"Frescos/Legumes/Cogumelos, Espargos e Exóticos",https://www.continente.pt/dw/image/v2/BDVS_PRD/on/demandware.static/-/Sites-col-master-catalog/default/dw9fddd1c3/images/col/755/7559257-frente.jpg?sw=280&sh=280,emb. 115 gr,https://www.continente.pt/produto/cogumelo-shitake-biologico-fresco-continente-bio-7559257.html,biologicos,2025-04-21,Continente
Queijo de Vaca Curado,6877045,5.99,"€11,98/kg",Castelões,Frescos/Queijos/Curado,https://www.continente.pt/dw/image/v2/BDVS_PRD/on/demandware.static/-/Sites-col-master-catalog/default/dwaffd354b/images/col/687/6877045-frente.jpg?sw=280&sh=280,emb. 500 gr (aprox.),https://www.continente.pt/produto/queijo-de-vaca-curado-casteloes-6877045.html,biologicos,2025-04-21,Continente
Salada Aromática Biológica,5468867,2.65,"€26,50/kg",Vitacress,"Frescos/Legumes/Saladas, Sopas e Salteados",https://www.continente.pt/dw/image/v2/BDVS_PRD/on/demandware.static/-/Sites-col-master-catalog/default/dw56ad04d7/images/col/546/5468867-frente.jpg?sw=280&sh=280,emb. 100 gr,https://www.continente.pt/produto/salada-aromatica-biologica-vitacress-5468867.html,biologicos,2025-04-21,Continente
Acendalhas Ecológicas,6888813,1.99,"€1,99/un",Continente,"Casa, Bricolage e Jardim/Grelhadores e Barbecues/Acendalhas, Carvão e Fósforos",https://www.continente.pt/dw/image/v2/BDVS_PRD/on/demandware.static/-/Sites-col-master-catalog/default/dw62b789b9/images/col/688/6888813-frente.jpg?sw=280&sh=280,emb. 64 cubos,https://www.continente.pt/produto/acendalhas-ecologicas-continente-6888813.html,biologicos,2025-04-21,Continente
Bolachas Mini Recheadas com Creme,3884674,2.49,"€15,56/kg",Oreo,"Mercearia/Bolachas, Biscoitos e Tostas/Bolachas com Cobertura e Recheio",https://www.continente.pt/dw/image/v2/BDVS_PRD/on/demandware.static/-/Sites-col-master-catalog/default/dwc4316e37/images/col/388/3884674-frente.jpg?sw=280&sh=280,emb. 160 gr (4 un),https://www.continente.pt/produto/bolachas-mini-recheadas-com-creme-oreo-3884674.html,biologicos,2025-04-21,Continente
Bolachas Tostadas,7143964,1.69,"€2,11/kg",Continente,"Mercearia/Bolachas, Biscoitos e Tostas/Maria, Torrada e Biscoitos",https://www.continente.pt/dw/image/v2/BDVS_PRD/on/demandware.static/-/Sites-col-master-catalog/default/dw6af858f7/images/col/714/7143964-hero.jpg?sw=280&sh=280,emb. 800 gr (4 un),https://www.continente.pt/produto/bolachas-tostadas-continente-7143964.html,biologicos,2025-04-21,Continente
Queijo Curado Light Sem Lactose Fatiado,7329390,3.49,"€11,63/kg",Castelões,Frescos/Queijos/Fatiado e Bolas,https://www.continente.pt/dw/image/v2/BDVS_PRD/on/demandware.static/-/Sites-col-master-catalog/default/dw631f77ce/images/col/732/7329390-frente.jpg?sw=280&sh=280,2 un x 150 gr (300 gr),https://www.continente.pt/produto/queijo-curado-light-sem-lactose-fatiado-casteloes-7329390.html,biologicos,2025-04-21,Continente
Infusão Cidreira Saquetas,6581987,0.99,"€0,10/un",Cem Porcento,"Mercearia/Café, Chá e Bebidas Solúveis/Chás e Infusões",https://www.continente.pt/dw/image/v2/BDVS_PRD/on/demandware.static/-/Sites-col-master-catalog/default/dw6306a0d8/images/col/658/6581987-direito.jpg?sw=280&sh=280,emb. 10 un,https://www.continente.pt/produto/infusao-cidreira-saquetas-cem-porcento-6581987.html,biologicos,2025-04-21,Continente
Iogurte aroma Morango e Tutti Frutti sem Lactose,7745731,1.99,"€4,15/kg",Longa Vida,Laticínios e Ovos/Iogurtes/Iogurtes sem Lactose,https://www.continente.pt/dw/image/v2/BDVS_PRD/on/demandware.static/-/Sites-col-master-catalog/default/dw4f2e9d05/images/col/774/7745731-cima.jpg?sw=280&sh=280,emb. 480 gr (4 un),https://www.continente.pt/produto/iogurte-aroma-morango-e-tutti-frutti-sem-lactose-longa-vida-7745731.html,biologicos,2025-04-21,Continente
Iogurte Pedaços Mirtilo,6901775,1.69,"€3,38/kg",Continente Bio,Laticínios e Ovos/Iogurtes/Iogurtes Pedaços,https://www.continente.pt/dw/image/v2/BDVS_PRD/on/demandware.static/-/Sites-col-master-catalog/default/dw42cd268f/images/col/690/6901775-cima.jpg?sw=280&sh=280,emb. 500 gr (4 un),https://www.continente.pt/produto/iogurte-pedacos-mirtilo-continente-bio-6901775.html,biologicos,2025-04-21,Continente
Iogurte Aroma Manga,5958813,1.14,"€7,60/kg",Andechser,Laticínios e Ovos/Iogurtes/Iogurtes Aromas e Naturais,https://www.continente.pt/dw/image/v2/BDVS_PRD/on/demandware.static/-/Sites-col-master-catalog/default/dwd70b8014/images/col/595/5958813-cima.jpg?sw=280&sh=280,emb. 150 gr,https://www.continente.pt/produto/iogurte-aroma-manga-andechser-5958813.html,biologicos,2025-04-21,Continente
Iogurte Líquido +Proteína Manga,7981190,1.18,"€4,21/kg",Continente,Laticínios e Ovos/Iogurtes/Iogurtes Proteína,https://www.continente.pt/dw/image/v2/BDVS_PRD/on/demandware.static/-/Sites-col-master-catalog/default/dw3b190eb6/images/col/798/7981190-frente.jpg?sw=280&sh=280,emb. 280 gr,https://www.continente.pt/produto/iogurte-liquido-proteina-manga-continente-7981190.html,biologicos,2025-04-21,Continente
Proteína Whey Fusion Chocolate,6403753,29.99,"€33,32/kg",Prozis,Bio e Saudável/Nutrição Desportiva/Energia e Proteína,https://www.continente.pt/dw/image/v2/BDVS_PRD/on/demandware.static/-/Sites-col-master-catalog/default/dw77df3137/images/col/640/6403753-frente.jpg?sw=280&sh=280,emb. 900 gr,https://www.continente.pt/produto/proteina-whey-fusion-chocolate-prozis-6403753.html,biologicos,2025-04-21,Continente
Tortitas Vitalday de Arroz Integral Chocolate Negro sem Glúten,5705478,2.24,"€21,33/kg",Gullón,"Mercearia/Bolachas, Biscoitos e Tostas/Tortitas de Arroz e Milho",https://www.continente.pt/dw/image/v2/BDVS_PRD/on/demandware.static/-/Sites-col-master-catalog/default/dwe7d5f485/images/col/570/5705478-frente.jpg?sw=280&sh=280,emb. 105 gr (4 un),https://www.continente.pt/produto/tortitas-vitalday-de-arroz-integral-chocolate-negro-sem-gluten-gullon-5705478.html,biologicos,2025-04-21,Continente
Beringela Biológica,7380498,2.39,"€5,98/kg",Continente Bio,"Frescos/Legumes/Curgete, Beringela e Feijão Verde",https://www.continente.pt/dw/image/v2/BDVS_PRD/on/demandware.static/-/Sites-col-master-catalog/default/dw6b45371d/images/col/738/7380498-cima.jpg?sw=280&sh=280,emb. 400 gr,https://www.continente.pt/produto/beringela-biologica-continente-bio-7380498.html,biologicos,2025-04-21,Continente
Rolo de Cozinha Gigaroll Branco,7584425,3.99,"€3,99/un",Renova,Limpeza/Guardanapos e Rolos/Rolos de Cozinha,https://www.continente.pt/dw/image/v2/BDVS_PRD/on/demandware.static/-/Sites-col-master-catalog/default/dw8739bb8a/images/col/758/7584425-hero.png?sw=280&sh=280,1 rolo,https://www.continente.pt/produto/rolo-de-cozinha-gigaroll-branco-renova-7584425.html,biologicos,2025-04-21,Continente
Bebida Vegetal de Avelã,6116934,3.29,"€3,29/lt",Rude Health,Laticínios e Ovos/Bebidas Vegetais/Outras Bebidas Vegetais,https://www.continente.pt/dw/image/v2/BDVS_PRD/on/demandware.static/-/Sites-col-master-catalog/default/dwc9c3ab33/images/col/611/6116934-frente.jpg?sw=280&sh=280,emb. 1 lt,https://www.continente.pt/produto/bebida-vegetal-de-avela-rude-health-6116934.html,biologicos,2025-04-21,Continente
Lenços Faciais 3 Folhas 100% Recycled,7209838,1.19,"€0,02/un",Renova,Beleza e Higiene/Lenços e Cuidados de Saúde/Lenços de Papel,https://www.continente.pt/dw/image/v2/BDVS_PRD/on/demandware.static/-/Sites-col-master-catalog/default/dw065cf0b6/images/col/720/7209838-frente.jpg?sw=280&sh=280,emb. 72 un,https://www.continente.pt/produto/lencos-faciais-3-folhas-100--recycled-renova-7209838.html,biologicos,2025-04-21,Continente
Massa Fusilli,6818502,1.09,"€2,18/kg",Continente Bio,"Mercearia/Arroz, Massa e Farinha/Massa",https://www.continente.pt/dw/image/v2/BDVS_PRD/on/demandware.static/-/Sites-col-master-catalog/default/dwb6623adf/images/col/681/6818502-frente.jpg?sw=280&sh=280,emb. 500 gr,https://www.continente.pt/produto/massa-fusilli-continente-bio-6818502.html,biologicos,2025-04-21,Continente
Iogurte Líquido Bifidus Triplo 0% Ananás sem Lactose,7772495,1.99,"€3,21/kg",Activia Danone,Laticínios e Ovos/Iogurtes/Iogurtes Bífidus,https://www.continente.pt/dw/image/v2/BDVS_PRD/on/demandware.static/-/Sites-col-master-catalog/default/dw8bb99b44/images/col/777/7772495-frente.png?sw=280&sh=280,emb. 620 gr (4 un),https://www.continente.pt/produto/iogurte-liquido-bifidus-triplo-0--ananas-sem-lactose-activia-danone-7772495.html,biologicos,2025-04-21,Continente
Rolo de Cozinha 100% Reciclado Mega,5139855,3.29,"€3,29/un",Continente,Limpeza/Guardanapos e Rolos/Rolos de Cozinha,https://www.continente.pt/dw/image/v2/BDVS_PRD/on/demandware.static/-/Sites-col-master-catalog/default/dw0b0f01b9/images/col/513/5139855_frente.jpg?sw=280&sh=280,1 rolo = 10 rolos,https://www.continente.pt/produto/rolo-de-cozinha-100--reciclado-mega-continente-5139855.html,biologicos,2025-04-21,Continente
Hambúrguer de Frango sem Glúten,5696986,7.99,"€16,65/kg",Capitão Iglo,Congelados/Hambúrgueres e Almôndegas,https://www.continente.pt/dw/image/v2/BDVS_PRD/on/demandware.static/-/Sites-col-master-catalog/default/dw43318845/images/col/569/5696986-direito.jpg?sw=280&sh=280,emb. 480 gr (8 un),https://www.continente.pt/produto/hamburguer-de-frango-sem-gluten-capitao-iglo-5696986.html,biologicos,2025-04-21,Continente
Polpa Tomate em Cubos,5818176,1.94,"€4,85/kg",Valfrutta,"Mercearia/Conservas/Tomate Polpa, Pelado e Seco",https://www.continente.pt/dw/image/v2/BDVS_PRD/on/demandware.static/-/Sites-col-master-catalog/default/dw9a678bc0/images/col/581/5818176-frente.jpg?sw=280&sh=280,emb. 400 gr,https://www.continente.pt/produto/polpa-tomate-em-cubos-valfrutta-5818176.html,biologicos,2025-04-21,Continente
Tofu Refrigerado Biológico,3047533,4.15,"€8,30/kg",Seara,"Bio e Saudável/Biológicos/Peixaria, Talho e Alternativas",https://www.continente.pt/dw/image/v2/BDVS_PRD/on/demandware.static/-/Sites-col-master-catalog/default/dw25857973/images/col/304/3047533-frente.jpg?sw=280&sh=280,emb. 500 gr,https://www.continente.pt/produto/tofu-refrigerado-biologico-seara-3047533.html,biologicos,2025-04-21,Continente
Lenços Faciais 3 Folhas Active Mini,2056581,0.69,"€0,02/un",Renova,Beleza e Higiene/Lenços e Cuidados de Saúde/Lenços de Papel,https://www.continente.pt/dw/image/v2/BDVS_PRD/on/demandware.static/-/Sites-col-master-catalog/default/dw35c60f5e/images/col/205/2056581-frente.jpg?sw=280&sh=280,emb. 46 un,https://www.continente.pt/produto/lencos-faciais-3-folhas-active-mini-renova-2056581.html,biologicos,2025-04-21,Continente
Iogurte Aroma Baunilha,5958774,1.11,"€7,40/kg",Andechser,Laticínios e Ovos/Iogurtes/Iogurtes Aromas e Naturais,https://www.continente.pt/dw/image/v2/BDVS_PRD/on/demandware.static/-/Sites-col-master-catalog/default/dw6aa38e1a/images/col/595/5958774-frente.jpg?sw=280&sh=280,emb. 150 gr,https://www.continente.pt/produto/iogurte-aroma-baunilha-andechser-5958774.html,biologicos,2025-04-21,Continente
Iogurte Aroma Morango sem Lactose,7406016,1.89,"€3,94/kg",Mimosa,Laticínios e Ovos/Iogurtes/Iogurtes sem Lactose,https://www.continente.pt/dw/image/v2/BDVS_PRD/on/demandware.static/-/Sites-col-master-catalog/default/dwa9797a74/images/col/740/7406016-frente.png?sw=280&sh=280,emb. 480 gr (4 un),https://www.continente.pt/produto/iogurte-aroma-morango-sem-lactose-mimosa-7406016.html,biologicos,2025-04-21,Continente
Snack para Bebé Cereais com Framboesa +8M,7615757,1.76,"€50,29/kg",Gerber,Mercearia/Alimentação Infantil/Snacks e Bolachinhas,https://www.continente.pt/dw/image/v2/BDVS_PRD/on/demandware.static/-/Sites-col-master-catalog/default/dw91487392/images/col/761/7615757-frente.jpg?sw=280&sh=280,emb. 35 gr,https://www.continente.pt/produto/snack-para-bebe-cereais-com-framboesa-8m-gerber-7615757.html,biologicos,2025-04-21,Continente
Bebida Vegetal de Aveia,6116929,2.99,"€2,99/lt",Rude Health,Laticínios e Ovos/Bebidas Vegetais/Bebida Aveia,https://www.continente.pt/dw/image/v2/BDVS_PRD/on/demandware.static/-/Sites-col-master-catalog/default/dw21e583d6/images/col/611/6116929-frente.jpg?sw=280&sh=280,emb. 1 lt,https://www.continente.pt/produto/bebida-vegetal-de-aveia-rude-health-6116929.html,biologicos,2025-04-21,Continente
Saqueta de Fruta Pera +4M,7615766,1.19,"€13,22/kg",Gerber,"Mercearia/Alimentação Infantil/Boiões, Saquetas e Puré de Fruta",https://www.continente.pt/dw/image/v2/BDVS_PRD/on/demandware.static/-/Sites-col-master-catalog/default/dw5e93cb3b/images/col/761/7615766-frente.jpg?sw=280&sh=280,emb. 90 gr,https://www.continente.pt/produto/saqueta-de-fruta-pera-4m-gerber-7615766.html,biologicos,2025-04-21,Continente
Iogurte Cremoso Manga,6523170,1.49,"€11,04/kg",Pastoret,Laticínios e Ovos/Iogurtes/Iogurtes Aromas e Naturais,https://www.continente.pt/dw/image/v2/BDVS_PRD/on/demandware.static/-/Sites-col-master-catalog/default/dw0f4a9b6f/images/col/652/6523170-esquerdo.jpg?sw=280&sh=280,emb. 135 gr,https://www.continente.pt/produto/iogurte-cremoso-manga-pastoret-6523170.html,biologicos,2025-04-21,Continente
Iogurte aroma Natural Açucarado sem Lactose,7745733,1.99,"€4,15/kg",Longa Vida,Laticínios e Ovos/Iogurtes/Iogurtes sem Lactose,https://www.continente.pt/dw/image/v2/BDVS_PRD/on/demandware.static/-/Sites-col-master-catalog/default/dw2664f505/images/col/774/7745733-cima.jpg?sw=280&sh=280,emb. 480 gr (4 un),https://www.continente.pt/produto/iogurte-aroma-natural-acucarado-sem-lactose-longa-vida-7745733.html,biologicos,2025-04-21,Continente
Sabonete Líquido Eco Recarga Original,7501478,4.19,"€5,59/lt",Dove,Beleza e Higiene/Corpo/Sabonetes,https://www.continente.pt/dw/image/v2/BDVS_PRD/on/demandware.static/-/Sites-col-master-catalog/default/dwae784296/images/col/750/7501478-frente.jpg?sw=280&sh=280,emb. 750 ml,https://www.continente.pt/produto/sabonete-liquido-eco-recarga-original-dove-7501478.html,biologicos,2025-04-21,Continente
Tablete de Chocolate Culinária 70% sem Glúten,6301601,3.74,"€22,00/kg",Nestlé Sobremesas,"Mercearia/Chocolate, Gomas e Rebuçados/Cacau e Chocolates de Culinária",https://www.continente.pt/dw/image/v2/BDVS_PRD/on/demandware.static/-/Sites-col-master-catalog/default/dw7520784b/images/col/630/6301601-hero.jpg?sw=280&sh=280,emb. 170 gr,https://www.continente.pt/produto/tablete-de-chocolate-culinaria-70--sem-gluten-nestle-sobremesas-6301601.html,biologicos,2025-04-21,Continente
Lenços de Bolso Compacto,7415775,0.89,"€0,15/un",Colhogar,Beleza e Higiene/Lenços e Cuidados de Saúde/Lenços de Papel,https://www.continente.pt/dw/image/v2/BDVS_PRD/on/demandware.static/-/Sites-col-master-catalog/default/dwb42f7987/images/col/741/7415775-hero.png?sw=280&sh=280,emb. 6 un,https://www.continente.pt/produto/lencos-de-bolso-compacto-colhogar-7415775.html,biologicos,2025-04-21,Continente
Beterraba Cozida Biológica,5103536,1.59,"€3,53/kg",Beterraba Bio,"Frescos/Legumes/Cenoura, Abóbora e Beterraba",https://www.continente.pt/dw/image/v2/BDVS_PRD/on/demandware.static/-/Sites-col-master-catalog/default/dwf23c0742/images/col/510/5103536-cima.jpg?sw=280&sh=280,emb. 450 gr,https://www.continente.pt/produto/beterraba-cozida-biologica-beterraba-bio-5103536.html,biologicos,2025-04-21,Continente
"Tortitas de Aveia, Arroz e Chocolate Negro",6645289,2.24,"€27,32/kg",Gullón,"Mercearia/Bolachas, Biscoitos e Tostas/Tortitas de Arroz e Milho",https://www.continente.pt/dw/image/v2/BDVS_PRD/on/demandware.static/-/Sites-col-master-catalog/default/dw2952c503/images/col/664/6645289-frente.jpg?sw=280&sh=280,emb. 82 gr (4 un),https://www.continente.pt/produto/tortitas-de-aveia-arroz-e-chocolate-negro-gullon-6645289.html,biologicos,2025-04-21,Continente
Iogurte Líquido Morango sem Lactose,7654199,1.99,"€3,29/kg",Mimosa,Laticínios e Ovos/Iogurtes/Iogurtes sem Lactose,https://www.continente.pt/dw/image/v2/BDVS_PRD/on/demandware.static/-/Sites-col-master-catalog/default/dwc369c153/images/col/765/7654199-frente.png?sw=280&sh=280,emb. 604 gr (4 un),https://www.continente.pt/produto/iogurte-liquido-morango-sem-lactose-mimosa-7654199.html,biologicos,2025-04-21,Continente
Saqueta de Fruta Manga +6M,7615802,1.19,"€13,22/kg",Gerber,"Mercearia/Alimentação Infantil/Boiões, Saquetas e Puré de Fruta",https://www.continente.pt/dw/image/v2/BDVS_PRD/on/demandware.static/-/Sites-col-master-catalog/default/dw8d734e4a/images/col/761/7615802-frente.jpg?sw=280&sh=280,emb. 90 gr,https://www.continente.pt/produto/saqueta-de-fruta-manga-6m-gerber-7615802.html,biologicos,2025-04-21,Continente
Infusão Camomila Saquetas,7232469,1.79,"€0,09/un",Continente Bio,"Mercearia/Café, Chá e Bebidas Solúveis/Chás e Infusões",https://www.continente.pt/dw/image/v2/BDVS_PRD/on/demandware.static/-/Sites-col-master-catalog/default/dw5a181fc6/images/col/723/7232469-frente.jpg?sw=280&sh=280,emb. 20 un,https://www.continente.pt/produto/infusao-camomila-saquetas-continente-bio-7232469.html,biologicos,2025-04-21,Continente
Feijão Verde Biológico,7382645,2.99,"€9,97/kg",Continente Bio,"Frescos/Legumes/Curgete, Beringela e Feijão Verde",https://www.continente.pt/dw/image/v2/BDVS_PRD/on/demandware.static/-/Sites-col-master-catalog/default/dwb6d811fc/images/col/738/7382645-frente.jpg?sw=280&sh=280,emb. 300 gr,https://www.continente.pt/produto/feijao-verde-biologico-continente-bio-7382645.html,biologicos,2025-04-21,Continente
Pudding Proteína Caramelo,7588936,1.69,"€11,27/kg",Lindahls,Laticínios e Ovos/Iogurtes/Iogurtes Proteína,https://www.continente.pt/dw/image/v2/BDVS_PRD/on/demandware.static/-/Sites-col-master-catalog/default/dwec042e11/images/col/758/7588936-frente.png?sw=280&sh=280,emb. 150 gr,https://www.continente.pt/produto/pudding-proteina-caramelo-lindahls-7588936.html,biologicos,2025-04-21,Continente
Miolo de Noz Pedaços Zero Desperdício,7854271,1.89,"€9,45/kg",Continente,"Frescos/Frutas/Frutos Secos, Desidratados e Sementes/Frutos Secos",https://www.continente.pt/dw/image/v2/BDVS_PRD/on/demandware.static/-/Sites-col-master-catalog/default/dw406749bd/images/col/785/7854271-frente.jpg?sw=280&sh=280,emb. 200 gr,https://www.continente.pt/produto/miolo-de-noz-pedacos-zero-desperdicio-continente-7854271.html,biologicos,2025-04-21,Continente
Alimento Lácteo Pera sem Glúten +6M,3023130,2.54,"€6,35/kg",Yogolino,Mercearia/Alimentação Infantil/Alimentos Lácteos,https://www.continente.pt/dw/image/v2/BDVS_PRD/on/demandware.static/-/Sites-col-master-catalog/default/dwde08ba14/images/col/302/3023130-direito.jpg?sw=280&sh=280,emb. 4 x 100 gr,https://www.continente.pt/produto/alimento-lacteo-pera-sem-gluten-6m-yogolino-3023130.html,biologicos,2025-04-21,Continente
Fingers de Espinafres,6926220,2.99,"€10,53/kg",Iglo Green Cuisine,Congelados/Vegetariano e Vegan/Nuggets e Panados,https://www.continente.pt/dw/image/v2/BDVS_PRD/on/demandware.static/-/Sites-col-master-catalog/default/dweb6887a8/images/col/692/6926220-frente.jpg?sw=280&sh=280,emb. 284 gr (10 un),https://www.continente.pt/produto/fingers-de-espinafres-iglo-green-cuisine-6926220.html,biologicos,2025-04-21,Continente
Peskitos de Pescada sem Glúten,7929409,10.95,"€10,95/kg",Pescanova,Congelados/Nuggets e Crocantes,https://www.continente.pt/dw/image/v2/BDVS_PRD/on/demandware.static/-/Sites-col-master-catalog/default/dwb835beeb/images/col/792/7929409-frente.jpg?sw=280&sh=280,emb. 1 kg,https://www.continente.pt/produto/peskitos-de-pescada-sem-gluten-pescanova-7929409.html,biologicos,2025-04-21,Continente
Papel Higiénico 2 Folhas 100% Reciclado,4727398,2.39,"€0,20/un",Continente,Beleza e Higiene/Papel Higiénico/Papel Higiénico 2 Folhas,https://www.continente.pt/dw/image/v2/BDVS_PRD/on/demandware.static/-/Sites-col-master-catalog/default/dwa44b8a8e/images/col/472/4727398-frente.jpg?sw=280&sh=280,emb. 12 rolos,https://www.continente.pt/produto/papel-higienico-2-folhas-100--reciclado-continente-4727398.html,biologicos,2025-04-21,Continente
Iogurte Natural,7543689,1.19,"€2,38/kg",Continente Bio,Laticínios e Ovos/Iogurtes/Iogurtes Aromas e Naturais,https://www.continente.pt/dw/image/v2/BDVS_PRD/on/demandware.static/-/Sites-col-master-catalog/default/dw65c5c321/images/col/754/7543689-frente.jpg?sw=280&sh=280,emb. 500 gr (4 un),https://www.continente.pt/produto/iogurte-natural-continente-bio-7543689.html,biologicos,2025-04-21,Continente
Kiwi Verde Biológico,7432878,3.39,"€6,78/kg",Zespri,"Frescos/Frutas/Pêssego, Ameixa e Kiwi",https://www.continente.pt/dw/image/v2/BDVS_PRD/on/demandware.static/-/Sites-col-master-catalog/default/dw448f2f9c/images/col/743/7432878-direito.jpg?sw=280&sh=280,emb. 500 gr,https://www.continente.pt/produto/kiwi-verde-biologico-zespri-7432878.html,biologicos,2025-04-21,Continente
Iogurte Líquido Proteína Manga,7383016,1.99,"€6,63/kg",Yopro Danone,Laticínios e Ovos/Iogurtes/Iogurtes Líquidos,https://www.continente.pt/dw/image/v2/BDVS_PRD/on/demandware.static/-/Sites-col-master-catalog/default/dwef2a64aa/images/col/738/7383016-frente.png?sw=280&sh=280,emb. 300 gr,https://www.continente.pt/produto/iogurte-liquido-proteina-manga-yopro-danone-7383016.html,biologicos,2025-04-21,Continente
Snack para Bebé Cereais com Banana +8M,7615759,1.76,"€50,29/kg",Gerber,Mercearia/Alimentação Infantil/Snacks e Bolachinhas,https://www.continente.pt/dw/image/v2/BDVS_PRD/on/demandware.static/-/Sites-col-master-catalog/default/dw3e281c3d/images/col/761/7615759-frente.jpg?sw=280&sh=280,emb. 35 gr,https://www.continente.pt/produto/snack-para-bebe-cereais-com-banana-8m-gerber-7615759.html,biologicos,2025-04-21,Continente
Iogurte Magro Mirtilo sem Lactose,7452611,1.99,"€4,15/kg",Mimosa,Laticínios e Ovos/Iogurtes/Iogurtes sem Lactose,https://www.continente.pt/dw/image/v2/BDVS_PRD/on/demandware.static/-/Sites-col-master-catalog/default/dw64ba2aac/images/col/745/7452611-frente.png?sw=280&sh=280,emb. 480 gr (4 un),https://www.continente.pt/produto/iogurte-magro-mirtilo-sem-lactose-mimosa-7452611.html,biologicos,2025-04-21,Continente
Massa Fusilli sem Glúten,5884021,3.08,"€7,70/kg",Rummo,"Mercearia/Arroz, Massa e Farinha/Massa",https://www.continente.pt/dw/image/v2/BDVS_PRD/on/demandware.static/-/Sites-col-master-catalog/default/dwd989115a/images/col/588/5884021-frente.jpg?sw=280&sh=280,emb. 400 gr,https://www.continente.pt/produto/massa-fusilli-sem-gluten-rummo-5884021.html,biologicos,2025-04-21,Continente
Bebida Kombucha Chá Maracujá Zero,7410986,2.29,"€5,73/lt",The Gutsy Captain,"Bebidas e Garrafeira/Sumos e Refrigerantes/Ice Tea, Tisanas e Kombuchas",https://www.continente.pt/dw/image/v2/BDVS_PRD/on/demandware.static/-/Sites-col-master-catalog/default/dwfde0fe6b/images/col/741/7410986-frente.jpg?sw=280&sh=280,emb. 40 cl,https://www.continente.pt/produto/bebida-kombucha-cha-maracuja-zero-the-gutsy-captain-7410986.html,biologicos,2025-04-21,Continente
Laranja Biológica,7382507,2.59,"€3,45/kg",Continente Bio,"Frescos/Frutas/Laranja, Clementina e Limão",https://www.continente.pt/dw/image/v2/BDVS_PRD/on/demandware.static/-/Sites-col-master-catalog/default/dwe6f78ad9/images/col/738/7382507-frente.jpg?sw=280&sh=280,emb. 750 gr,https://www.continente.pt/produto/laranja-biologica-continente-bio-7382507.html,biologicos,2025-04-21,Continente
Pudim +Proteína Baunilha,7477482,0.89,"€4,45/kg",Continente,Laticínios e Ovos/Iogurtes/Iogurtes Proteína,https://www.continente.pt/dw/image/v2/BDVS_PRD/on/demandware.static/-/Sites-col-master-catalog/default/dwe9686203/images/col/747/7477482-frente.jpg?sw=280&sh=280,emb. 200 gr,https://www.continente.pt/produto/pudim-proteina-baunilha-continente-7477482.html,biologicos,2025-04-21,Continente
Lava Tudo Perfumado Lavanda,7159515,2.24,"€1,79/lt",Ajax,Limpeza/Limpeza Geral/Lava Tudo,https://www.continente.pt/dw/image/v2/BDVS_PRD/on/demandware.static/-/Sites-col-master-catalog/default/dwe2061deb/images/col/715/7159515-hero.png?sw=280&sh=280,"emb. 1,25 lt",https://www.continente.pt/produto/lava-tudo-perfumado-lavanda-ajax-7159515.html,biologicos,2025-04-21,Continente
Veggie Bowls de Quinoa e Abóbora,6588552,3.99,"€11,40/kg",Iglo Green Cuisine,Congelados/Frutas e Legumes/Misturas de Legumes,https://www.continente.pt/dw/image/v2/BDVS_PRD/on/demandware.static/-/Sites-col-master-catalog/default/dw56b4ca75/images/col/658/6588552-frente.jpg?sw=280&sh=280,emb. 350 gr,https://www.continente.pt/produto/veggie-bowls-de-quinoa-e-abobora-iglo-green-cuisine-6588552.html,biologicos,2025-04-21,Continente
Bolachas Torradas,5762459,1.29,"€6,45/kg",Nacional,"Mercearia/Bolachas, Biscoitos e Tostas/Maria, Torrada e Biscoitos",https://www.continente.pt/dw/image/v2/BDVS_PRD/on/demandware.static/-/Sites-col-master-catalog/default/dwe8fee200/images/col/576/5762459-frente.png?sw=280&sh=280,emb. 200 gr,https://www.continente.pt/produto/bolachas-torradas-nacional-5762459.html,biologicos,2025-04-21,Continente
Bolachas de Água e Sal,2628845,1.99,"€11,85/kg",Vieira,"Mercearia/Bolachas, Biscoitos e Tostas/Bolachas e Biscoitos Salgados",https://www.continente.pt/dw/image/v2/BDVS_PRD/on/demandware.static/-/Sites-col-master-catalog/default/dw2b09f730/images/col/262/2628845-esquerdo.jpg?sw=280&sh=280,emb. 168 gr (12 un),https://www.continente.pt/produto/bolachas-de-agua-e-sal-vieira-2628845.html,biologicos,2025-04-21,Continente
"Saqueta de Fruta Banana, Iogurte, Mirtilo e Aveia +6M",7577571,1.2,"€12,00/kg",Hero Solo,"Mercearia/Alimentação Infantil/Boiões, Saquetas e Puré de Fruta",https://www.continente.pt/dw/image/v2/BDVS_PRD/on/demandware.static/-/Sites-col-master-catalog/default/dw603cb5a9/images/col/757/7577571-frente.jpg?sw=280&sh=280,emb. 100 gr,https://www.continente.pt/produto/saqueta-de-fruta-banana-iogurte-mirtilo-e-aveia-6m-hero-solo-7577571.html,biologicos,2025-04-21,Continente
Veggie Bowls de Couscous e Edamame,7090521,3.99,"€11,40/kg",Iglo Green Cuisine,Congelados/Frutas e Legumes/Misturas de Legumes,https://www.continente.pt/dw/image/v2/BDVS_PRD/on/demandware.static/-/Sites-col-master-catalog/default/dwfe6ae17b/images/col/709/7090521-frente.jpg?sw=280&sh=280,emb. 350 gr,https://www.continente.pt/produto/veggie-bowls-de-couscous-e-edamame-iglo-green-cuisine-7090521.html,biologicos,2025-04-21,Continente
Iogurte Líquido Morango e Banana sem Lactose,7021154,1.49,"€2,33/kg",Continente,Laticínios e Ovos/Iogurtes/Iogurtes sem Lactose,https://www.continente.pt/dw/image/v2/BDVS_PRD/on/demandware.static/-/Sites-col-master-catalog/default/dw4fc81b79/images/col/702/7021154-frente.jpg?sw=280&sh=280,emb. 640 gr (4 un),https://www.continente.pt/produto/iogurte-liquido-morango-e-banana-sem-lactose-continente-7021154.html,biologicos,2025-04-21,Continente
Coentros Biológicos Frescos,6193025,0.99,"€0,99/un",Continente Bio,Frescos/Legumes/Ervas Aromáticas e Especiarias,https://www.continente.pt/dw/image/v2/BDVS_PRD/on/demandware.static/-/Sites-col-master-catalog/default/dw11b405b0/images/col/619/6193025-frente.jpg?sw=280&sh=280,emb. 30 gr,https://www.continente.pt/produto/coentros-biologicos-frescos-continente-bio-6193025.html,biologicos,2025-04-21,Continente
Natas UHT para Culinária sem Lactose,7653005,0.99,"€4,95/lt",Mimosa,Laticínios e Ovos/Natas e Bechamel/Natas Culinárias,https://www.continente.pt/dw/image/v2/BDVS_PRD/on/demandware.static/-/Sites-col-master-catalog/default/dw49245f19/images/col/765/7653005-frente.jpg?sw=280&sh=280,emb. 200 ml,https://www.continente.pt/produto/natas-uht-para-culinaria-sem-lactose-mimosa-7653005.html,biologicos,2025-04-21,Continente
Iogurte Aroma Framboesa sem Lactose,5895795,1.32,"€8,80/kg",Berchtesgadener Land,Laticínios e Ovos/Iogurtes/Iogurtes sem Lactose,https://www.continente.pt/dw/image/v2/BDVS_PRD/on/demandware.static/-/Sites-col-master-catalog/default/dw0217fe52/images/col/589/5895795-frente.jpg?sw=280&sh=280,emb. 150 gr,https://www.continente.pt/produto/iogurte-aroma-framboesa-sem-lactose-berchtesgadener-land-5895795.html,biologicos,2025-04-21,Continente
Gelatina Pronta Vegetal Melancia,4321724,0.84,"€6,46/kg",Koala,Laticínios e Ovos/Sobremesas/Gelatinas,https://www.continente.pt/dw/image/v2/BDVS_PRD/on/demandware.static/-/Sites-col-master-catalog/default/dw5e057368/images/col/432/4321724-frente.png?sw=280&sh=280,emb. 130 gr,https://www.continente.pt/produto/gelatina-pronta-vegetal-melancia-koala-4321724.html,biologicos,2025-04-21,Continente
Pão Clássico de Cereais com Côdea sem Glúten,5296274,3.94,"€13,13/kg",Schär,Frescos/Padaria e Pastelaria/Pão de Forma e Embalado,https://www.continente.pt/dw/image/v2/BDVS_PRD/on/demandware.static/-/Sites-col-master-catalog/default/dw747d46da/images/col/529/5296274-frente.jpg?sw=280&sh=280,emb. 300 gr,https://www.continente.pt/produto/pao-classico-de-cereais-com-codea-sem-gluten-schar-5296274.html,biologicos,2025-04-21,Continente
Iogurte Proteína Framboesa,7760299,0.99,"€6,19/kg",Lindahls,Laticínios e Ovos/Iogurtes/Iogurtes Proteína,https://www.continente.pt/dw/image/v2/BDVS_PRD/on/demandware.static/-/Sites-col-master-catalog/default/dw20652db8/images/col/776/7760299-frente.jpg?sw=280&sh=280,emb. 160 gr,https://www.continente.pt/produto/iogurte-proteina-framboesa-lindahls-7760299.html,biologicos,2025-04-21,Continente
Caprichos do Mar sem Glúten,3730857,8.73,"€8,73/kg",Pescanova,"Congelados/Salgados, Folhados e Pastelaria/Salgados",https://www.continente.pt/dw/image/v2/BDVS_PRD/on/demandware.static/-/Sites-col-master-catalog/default/dw389ed536/images/col/373/3730857-frente.jpg?sw=280&sh=280,emb. 1 kg,https://www.continente.pt/produto/caprichos-do-mar-sem-gluten-pescanova-3730857.html,biologicos,2025-04-21,Continente
Iogurte Líquido Proteína Stracciatella,7591765,1.99,"€6,63/kg",Yopro Danone,Laticínios e Ovos/Iogurtes/Iogurtes Proteína,https://www.continente.pt/dw/image/v2/BDVS_PRD/on/demandware.static/-/Sites-col-master-catalog/default/dwe5518167/images/col/759/7591765-frente.png?sw=280&sh=280,emb. 300 gr,https://www.continente.pt/produto/iogurte-liquido-proteina-stracciatella-yopro-danone-7591765.html,biologicos,2025-04-21,Continente
Bebida Vegetal de Aveia sem Açúcar,8244163,0.99,"€0,99/lt",Continente,Laticínios e Ovos/Bebidas Vegetais/Bebida Aveia,https://www.continente.pt/dw/image/v2/BDVS_PRD/on/demandware.static/-/Sites-col-master-catalog/default/dw4454d074/images/col/824/8244163-hero.jpg?sw=280&sh=280,emb. 1 lt,https://www.continente.pt/produto/bebida-vegetal-de-aveia-sem-acucar-continente-8244163.html,biologicos,2025-04-21,Continente
Abóbora Hokaido Biológica,3865996,2.99,"€3,29/un",Continente Bio,"Frescos/Legumes/Cenoura, Abóbora e Beterraba",https://www.continente.pt/dw/image/v2/BDVS_PRD/on/demandware.static/-/Sites-col-master-catalog/default/dwad9768b0/images/col/386/3865996-frente.jpg?sw=280&sh=280,"Quant. Mínima = 1,1 kg (1 un)",https://www.continente.pt/produto/abobora-hokaido-biologica-continente-bio-3865996.html,biologicos,2025-04-21,Continente
Salada Ibérica Biológica,4159366,2.65,"€26,50/kg",Vitacress,"Frescos/Legumes/Saladas, Sopas e Salteados",https://www.continente.pt/dw/image/v2/BDVS_PRD/on/demandware.static/-/Sites-col-master-catalog/default/dw2c8ea08a/images/col/415/4159366-frente.jpg?sw=280&sh=280,emb. 100 gr,https://www.continente.pt/produto/salada-iberica-biologica-vitacress-4159366.html,biologicos,2025-04-21,Continente
Maçã Candine Biológica,7740733,2.89,"€5,78/kg",Almaverde Bio,"Frescos/Frutas/Banana, Maçã e Pera",https://www.continente.pt/dw/image/v2/BDVS_PRD/on/demandware.static/-/Sites-col-master-catalog/default/dwe2edfdf3/images/col/774/7740733-cima.jpg?sw=280&sh=280,emb. 500 gr (4 un),https://www.continente.pt/produto/maca-candine-biologica-almaverde-bio-7740733.html,biologicos,2025-04-21,Continente
Leite Meio Gordo Pastagem   ,7379406,1.42,"€1,42/lt",Terra Nostra,Laticínios e Ovos/Leite/Leite Meio Gordo,https://www.continente.pt/dw/image/v2/BDVS_PRD/on/demandware.static/-/Sites-col-master-catalog/default/dw568ebd28/images/col/737/7379406-frente.jpg?sw=280&sh=280,emb. 1 lt,https://www.continente.pt/produto/leite-meio-gordo-pastagem--%C2%A0-terra-nostra-7379406.html,biologicos,2025-04-21,Continente
Filetes de Cavala em Azeite Biológico,7728430,1.94,"€21,56/kg",Manná,"Mercearia/Conservas/Sardinha, Cavala, Lulas",https://www.continente.pt/dw/image/v2/BDVS_PRD/on/demandware.static/-/Sites-col-master-catalog/default/dw4341616e/images/col/772/7728430-esquerdo.jpg?sw=280&sh=280,emb. 120 gr (peso escorrido 90 gr),https://www.continente.pt/produto/filetes-de-cavala-em-azeite-biologico-manna-7728430.html,biologicos,2025-04-21,Continente
Iogurte Líquido Bifidus Triplo 0% Aveia e Noz sem Lactose,7772501,1.99,"€3,21/kg",Activia Danone,Laticínios e Ovos/Iogurtes/Iogurtes Bífidus,https://www.continente.pt/dw/image/v2/BDVS_PRD/on/demandware.static/-/Sites-col-master-catalog/default/dwbef8b51c/images/col/777/7772501-frente.png?sw=280&sh=280,emb. 460 gr (4 un),https://www.continente.pt/produto/iogurte-liquido-bifidus-triplo-0--aveia-e-noz-sem-lactose-activia-danone-7772501.html,biologicos,2025-04-21,Continente
Arroz Integral Pronto a Comer sem Glúten,3643622,1.45,"€5,80/kg",Cigala,Mercearia/Sopas e Refeições/Refeições,https://www.continente.pt/dw/image/v2/BDVS_PRD/on/demandware.static/-/Sites-col-master-catalog/default/dw49994a8d/images/col/364/3643622-cima.jpg?sw=280&sh=280,emb. 2 x 125 gr,https://www.continente.pt/produto/arroz-integral-pronto-a-comer-sem-gluten-cigala-3643622.html,biologicos,2025-04-21,Continente
Cominhos Moídos,7203228,2.24,"€101,82/kg",Margão,"Mercearia/Molhos, Temperos e Sal/Especiarias e Ervas Aromáticas",https://www.continente.pt/dw/image/v2/BDVS_PRD/on/demandware.static/-/Sites-col-master-catalog/default/dwcb4fa4a8/images/col/720/7203228-frente.png?sw=280&sh=280,emb. 22 gr,https://www.continente.pt/produto/cominhos-moidos-margao-7203228.html,biologicos,2025-04-21,Continente
Queijo Flamengo Curado sem Lactose Fatiado,7462069,2.25,"€12,50/kg",Terra Nostra,Frescos/Queijos/Fatiado e Bolas,https://www.continente.pt/dw/image/v2/BDVS_PRD/on/demandware.static/-/Sites-col-master-catalog/default/dw91ee5f8d/images/col/746/7462069-frente.jpg?sw=280&sh=280,emb. 180 gr,https://www.continente.pt/produto/queijo-flamengo-curado-sem-lactose-fatiado-terra-nostra-7462069.html,biologicos,2025-04-21,Continente
Iogurte Proteína Mirtilo,8174349,2.99,"€6,23/kg",Yopro Danone,Laticínios e Ovos/Iogurtes/Iogurtes Proteína,https://www.continente.pt/dw/image/v2/BDVS_PRD/on/demandware.static/-/Sites-col-master-catalog/default/dw4f9d8406/images/col/817/8174349-frente.png?sw=280&sh=280,emb. 480 gr (4 un),https://www.continente.pt/produto/iogurte-proteina-mirtilo-yopro-danone-8174349.html,biologicos,2025-04-21,Continente
Bebida Vegetal de Soja Chocolate,3035493,2.19,"€2,92/lt",Alpro,Laticínios e Ovos/Bebidas Vegetais/Bebida Soja,https://www.continente.pt/dw/image/v2/BDVS_PRD/on/demandware.static/-/Sites-col-master-catalog/default/dw25e02eb1/images/col/303/3035493-frente.png?sw=280&sh=280,emb. 3 x 250 ml,https://www.continente.pt/produto/bebida-vegetal-de-soja-chocolate-alpro-3035493.html,biologicos,2025-04-21,Continente
Massa Penne Rigate sem Glúten,5884008,3.08,"€7,70/kg",Rummo,"Mercearia/Arroz, Massa e Farinha/Massa",https://www.continente.pt/dw/image/v2/BDVS_PRD/on/demandware.static/-/Sites-col-master-catalog/default/dw07d153d4/images/col/588/5884008-frente.jpg?sw=280&sh=280,emb. 400 gr,https://www.continente.pt/produto/massa-penne-rigate-sem-gluten-rummo-5884008.html,biologicos,2025-04-21,Continente
Tablete de Chocolate Negro sem Glúten,7244150,4.99,"€18,48/kg",Nestlé,"Mercearia/Chocolate, Gomas e Rebuçados/Chocolates",https://www.continente.pt/dw/image/v2/BDVS_PRD/on/demandware.static/-/Sites-col-master-catalog/default/dwdb461d76/images/col/724/7244150-hero.jpg?sw=280&sh=280,emb. 270 gr,https://www.continente.pt/produto/tablete-de-chocolate-negro-sem-gluten-nestle-7244150.html,biologicos,2025-04-21,Continente
Barras de Cereais Multicereais Chocolate de Leite Sarialis sem Glúten,5210300,4.15,"€53,21/kg",Bicentury,Mercearia/Cereais e Barras/Barras de Cereais,https://www.continente.pt/dw/image/v2/BDVS_PRD/on/demandware.static/-/Sites-col-master-catalog/default/dw3c8f77ea/images/col/521/5210300-direito.jpg?sw=280&sh=280,emb. 120 gr (6 un),https://www.continente.pt/produto/barras-de-cereais-multicereais-chocolate-de-leite-sarialis-sem-gluten-bicentury-5210300.html,biologicos,2025-04-21,Continente
Creme Vegetal de Soja para Culinária,8152875,3.99,"€5,32/lt",Alpro,Laticínios e Ovos/Natas e Bechamel/Cremes Vegetais,https://www.continente.pt/dw/image/v2/BDVS_PRD/on/demandware.static/-/Sites-col-master-catalog/default/dw0b1867ec/images/col/815/8152875-frente.png?sw=280&sh=280,emb. 3 x 250 ml,https://www.continente.pt/produto/creme-vegetal-de-soja-para-culinaria-alpro-8152875.html,biologicos,2025-04-21,Continente
Lenços de Bolso Pure Natural,7254990,1.75,"€0,15/un",Colhogar,Beleza e Higiene/Lenços e Cuidados de Saúde/Lenços de Papel,https://www.continente.pt/dw/image/v2/BDVS_PRD/on/demandware.static/-/Sites-col-master-catalog/default/dw37380d64/images/col/725/7254990-hero.jpg?sw=280&sh=280,emb. 12 un,https://www.continente.pt/produto/lencos-de-bolso-pure-natural-colhogar-7254990.html,biologicos,2025-04-21,Continente
Couve Branca Biológica,7484738,2.29,"€3,27/kg",Continente Bio,"Frescos/Legumes/Couves, Brócolos e Espinafres",https://www.continente.pt/dw/image/v2/BDVS_PRD/on/demandware.static/-/Sites-col-master-catalog/default/dwbe6bf06c/images/col/748/7484738-frente.jpg?sw=280&sh=280,emb. 700 gr,https://www.continente.pt/produto/couve-branca-biologica-continente-bio-7484738.html,biologicos,2025-04-21,Continente
Iogurte Líquido Proteína Melancia e Limão,7771359,1.99,"€6,03/lt",Lindahls,Laticínios e Ovos/Iogurtes/Iogurtes Proteína,https://www.continente.pt/dw/image/v2/BDVS_PRD/on/demandware.static/-/Sites-col-master-catalog/default/dwadf0c356/images/col/777/7771359-frente.jpg?sw=280&sh=280,emb. 330 ml,https://www.continente.pt/produto/iogurte-liquido-proteina-melancia-e-limao-lindahls-7771359.html,biologicos,2025-04-21,Continente
Iogurte Líquido Morango e Banana sem Lactose,8113752,3.69,"€3,05/lt",Mimosa,Laticínios e Ovos/Iogurtes/Iogurtes sem Lactose,https://www.continente.pt/dw/image/v2/BDVS_PRD/on/demandware.static/-/Sites-col-master-catalog/default/dw72539349/images/col/811/8113752-frente.jpg?sw=280&sh=280,emb. 1208 gr (8 un),https://www.continente.pt/produto/iogurte-liquido-morango-e-banana-sem-lactose-mimosa-8113752.html,biologicos,2025-04-21,Continente
Azeite Virgem Extra,2571785,6.19,"€12,38/lt",Oliveira da Serra,"Mercearia/Azeite, Óleo e Vinagre/Azeite",https://www.continente.pt/dw/image/v2/BDVS_PRD/on/demandware.static/-/Sites-col-master-catalog/default/dw442a6679/images/col/257/2571785-frente.jpg?sw=280&sh=280,emb. 50 cl,https://www.continente.pt/produto/azeite-virgem-extra-oliveira-da-serra-2571785.html,biologicos,2025-04-21,Continente
Bebida Vegetal de Aveia e Amêndoa,6331824,2.49,"€2,49/lt",Alpro,Laticínios e Ovos/Bebidas Vegetais/Bebida Aveia,https://www.continente.pt/dw/image/v2/BDVS_PRD/on/demandware.static/-/Sites-col-master-catalog/default/dwc0ba7ffe/images/col/633/6331824-cima.jpg?sw=280&sh=280,emb. 1 lt,https://www.continente.pt/produto/bebida-vegetal-de-aveia-e-amendoa-alpro-6331824.html,biologicos,2025-04-21,Continente
Iogurte Coco sem Lactose,8060448,1.89,"€3,94/kg",Mimosa,Laticínios e Ovos/Iogurtes/Iogurtes sem Lactose,https://www.continente.pt/dw/image/v2/BDVS_PRD/on/demandware.static/-/Sites-col-master-catalog/default/dwd203bb72/images/col/806/8060448-cima.png?sw=280&sh=280,emb. 480 gr (4 un),https://www.continente.pt/produto/iogurte-coco-sem-lactose-mimosa-8060448.html,biologicos,2025-04-21,Continente
Iogurte Liquído Proteína Stracciatella,7771363,1.99,"€6,03/lt",Lindahls,Laticínios e Ovos/Iogurtes/Iogurtes Proteína,https://www.continente.pt/dw/image/v2/BDVS_PRD/on/demandware.static/-/Sites-col-master-catalog/default/dw6163cef9/images/col/777/7771363-frente.jpg?sw=280&sh=280,emb. 330 ml,https://www.continente.pt/produto/iogurte-liquido-proteina-stracciatella-lindahls-7771363.html,biologicos,2025-04-21,Continente
Alface Romana Biológica,7995537,2.49,"€12,45/kg",Continente Bio,"Frescos/Legumes/Alface, Tomate, Pepino e Pimento",https://www.continente.pt/dw/image/v2/BDVS_PRD/on/demandware.static/-/Sites-col-master-catalog/default/dwd09ec3d4/images/col/799/7995537-frente.png?sw=280&sh=280,emb. 200 gr,https://www.continente.pt/produto/alface-romana-biologica-continente-bio-7995537.html,biologicos,2025-04-21,Continente
Toalhitas Bebé Sensitive,7623668,5.63,"€0,02/un",Nunex,Bebé/Fraldas e Toalhitas/Toalhitas,https://www.continente.pt/dw/image/v2/BDVS_PRD/on/demandware.static/-/Sites-col-master-catalog/default/dwc5e17eb3/images/col/762/7623668-frente.jpg?sw=280&sh=280,emb. 270 un (5 x 54 un),https://www.continente.pt/produto/toalhitas-bebe-sensitive-nunex-7623668.html,biologicos,2025-04-21,Continente
Proteína Whey Concentrada de Morango,7794055,26.99,"€26,99/kg",Way Up,Bio e Saudável/Nutrição Desportiva/Energia e Proteína,https://www.continente.pt/dw/image/v2/BDVS_PRD/on/demandware.static/-/Sites-col-master-catalog/default/dwf70cf252/images/col/779/7794055-frente.jpg?sw=280&sh=280,emb. 1 kg,https://www.continente.pt/produto/proteina-whey-concentrada-de-morango-way-up-7794055.html,biologicos,2025-04-21,Continente
Pimento Assado às Tiras Biológico,6418505,3.39,"€13,56/kg",Continente Bio,"Frescos/Legumes/Alface, Tomate, Pepino e Pimento",https://www.continente.pt/dw/image/v2/BDVS_PRD/on/demandware.static/-/Sites-col-master-catalog/default/dwc5a32529/images/col/641/6418505-frente.jpg?sw=280&sh=280,emb. 250 gr,https://www.continente.pt/produto/pimento-assado-as-tiras-biologico-continente-bio-6418505.html,biologicos,2025-04-21,Continente
"Tortitas Vitalday de Arroz, Chocolate e Framboesa sem Glúten",7188269,2.49,"€23,94/kg",Gullón,"Mercearia/Bolachas, Biscoitos e Tostas/Tortitas de Arroz e Milho",https://www.continente.pt/dw/image/v2/BDVS_PRD/on/demandware.static/-/Sites-col-master-catalog/default/dwc4e511b0/images/col/718/7188269-frente.jpg?sw=280&sh=280,"emb. 122,4 gr (4 un)",https://www.continente.pt/produto/tortitas-vitalday-de-arroz-chocolate-e-framboesa-sem-gluten-gullon-7188269.html,biologicos,2025-04-21,Continente
Queijo Mini Light,2915648,2.59,"€21,58/kg",Babybel,Frescos/Queijos/Snacks e Barrar,https://www.continente.pt/dw/image/v2/BDVS_PRD/on/demandware.static/-/Sites-col-master-catalog/default/dwdc9a50fc/images/col/291/2915648-frente.jpg?sw=280&sh=280,6 un x 20 gr (120 gr),https://www.continente.pt/produto/queijo-mini-light-babybel-2915648.html,biologicos,2025-04-21,Continente
Rolo de Cozinha Adapt,6722370,1.99,"€0,99/un",Colhogar,Limpeza/Guardanapos e Rolos/Rolos de Cozinha,https://www.continente.pt/dw/image/v2/BDVS_PRD/on/demandware.static/-/Sites-col-master-catalog/default/dwfb0a2342/images/col/672/6722370-hero.jpg?sw=280&sh=280,2 rolos = 3 rolos,https://www.continente.pt/produto/rolo-de-cozinha-adapt-colhogar-6722370.html,biologicos,2025-04-21,Continente
Snack para Bebé Estrelas de Ananás e Quinoa +12M,7421885,1.28,"€64,00/kg",Blédina,Mercearia/Alimentação Infantil/Snacks e Bolachinhas,https://www.continente.pt/dw/image/v2/BDVS_PRD/on/demandware.static/-/Sites-col-master-catalog/default/dw81063d50/images/col/742/7421885-frente.jpg?sw=280&sh=280,emb. 20 gr,https://www.continente.pt/produto/snack-para-bebe-estrelas-de-ananas-e-quinoa-12m-bledina-7421885.html,biologicos,2025-04-21,Continente
Queijo Flamengo sem Lactose Bola,2545842,6.85,"€11,42/kg",Limiano,Frescos/Queijos/Fatiado e Bolas,https://www.continente.pt/dw/image/v2/BDVS_PRD/on/demandware.static/-/Sites-col-master-catalog/default/dwc8cc4965/images/col/254/2545842-frente.jpg?sw=280&sh=280,emb. 600 gr,https://www.continente.pt/produto/queijo-flamengo-sem-lactose-bola-limiano-2545842.html,biologicos,2025-04-21,Continente
Leite Achocolatado sem Lactose,7478826,2.39,"€2,99/lt",Agros,Laticínios e Ovos/Leite/Leite sem Lactose,https://www.continente.pt/dw/image/v2/BDVS_PRD/on/demandware.static/-/Sites-col-master-catalog/default/dwd35ae668/images/col/747/7478826-frente.jpg?sw=280&sh=280,emb. 4 x 200 ml,https://www.continente.pt/produto/leite-achocolatado-sem-lactose-agros-7478826.html,biologicos,2025-04-21,Continente
Massa Espirais sem Glúten,5356288,1.98,"€3,96/kg",Milaneza,"Mercearia/Arroz, Massa e Farinha/Massa",https://www.continente.pt/dw/image/v2/BDVS_PRD/on/demandware.static/-/Sites-col-master-catalog/default/dwbe852859/images/col/535/5356288-hero.jpg?sw=280&sh=280,emb. 500 gr,https://www.continente.pt/produto/massa-espirais-sem-gluten-milaneza-5356288.html,biologicos,2025-04-21,Continente
Snack para Bebé Flores de Lentilha e Milho +12M,7421842,1.28,"€64,00/kg",Blédina,Mercearia/Alimentação Infantil/Snacks e Bolachinhas,https://www.continente.pt/dw/image/v2/BDVS_PRD/on/demandware.static/-/Sites-col-master-catalog/default/dwa8ccb136/images/col/742/7421842-frente.jpg?sw=280&sh=280,emb. 20 gr,https://www.continente.pt/produto/snack-para-bebe-flores-de-lentilha-e-milho-12m-bledina-7421842.html,biologicos,2025-04-21,Continente
Proteína Whey Concentrada de Baunilha,7794056,26.99,"€26,99/kg",Way Up,Bio e Saudável/Nutrição Desportiva/Energia e Proteína,https://www.continente.pt/dw/image/v2/BDVS_PRD/on/demandware.static/-/Sites-col-master-catalog/default/dwac6dd655/images/col/779/7794056-frente.jpg?sw=280&sh=280,emb. 1 kg,https://www.continente.pt/produto/proteina-whey-concentrada-de-baunilha-way-up-7794056.html,biologicos,2025-04-21,Continente
Tomate Triturado,7474509,2.39,"€5,98/kg",Origens Bio,"Mercearia/Conservas/Tomate Polpa, Pelado e Seco",https://www.continente.pt/dw/image/v2/BDVS_PRD/on/demandware.static/-/Sites-col-master-catalog/default/dw5a4d4203/images/col/747/7474509-frente.jpg?sw=280&sh=280,emb. 400 gr,https://www.continente.pt/produto/tomate-triturado-origens-bio-7474509.html,biologicos,2025-04-21,Continente
Yofu Soja Manga sem Açúcar,6478857,2.54,"€6,35/kg",Alpro,Laticínios e Ovos/Iogurtes/Vegegurtes e Yofu,https://www.continente.pt/dw/image/v2/BDVS_PRD/on/demandware.static/-/Sites-col-master-catalog/default/dw0943d6d4/images/col/647/6478857-frente.png?sw=280&sh=280,emb. 400 gr,https://www.continente.pt/produto/yofu-soja-manga-sem-acucar-alpro-6478857.html,biologicos,2025-04-21,Continente
Lentilhas Encarnadas sem Casca,6869086,1.79,"€3,58/kg",Continente Bio,"Mercearia/Arroz, Massa e Farinha/Feijão, Grão de Bico e Lentilhas",https://www.continente.pt/dw/image/v2/BDVS_PRD/on/demandware.static/-/Sites-col-master-catalog/default/dwa3e546f7/images/col/686/6869086-frente.jpg?sw=280&sh=280,emb. 500 gr,https://www.continente.pt/produto/lentilhas-encarnadas-sem-casca-continente-bio-6869086.html,biologicos,2025-04-21,Continente
Snack para Bebé Manga MiniPuffs +8M,7648474,1.28,"€71,11/kg",Hero Solo,Mercearia/Alimentação Infantil/Snacks e Bolachinhas,https://www.continente.pt/dw/image/v2/BDVS_PRD/on/demandware.static/-/Sites-col-master-catalog/default/dw5a778cba/images/col/764/7648474-frente.jpg?sw=280&sh=280,emb. 18 gr,https://www.continente.pt/produto/snack-para-bebe-manga-minipuffs-8m-hero-solo-7648474.html,biologicos,2025-04-21,Continente
Queijo Flamengo sem Lactose Bola,2126474,9.69,"€9,30/un",Limiano,Frescos/Queijos/Fatiado e Bolas,https://www.continente.pt/dw/image/v2/BDVS_PRD/on/demandware.static/-/Sites-col-master-catalog/default/dwe7b65308/images/col/212/2126474-hero.jpg?sw=280&sh=280,Quant. Mínima = 960 gr (1/2 queijo),https://www.continente.pt/produto/queijo-flamengo-sem-lactose-bola-limiano-2126474.html,biologicos,2025-04-21,Continente
Gelatina Pronta Vegetal Ananás,4321679,0.84,"€6,46/kg",Koala,Laticínios e Ovos/Sobremesas/Gelatinas,https://www.continente.pt/dw/image/v2/BDVS_PRD/on/demandware.static/-/Sites-col-master-catalog/default/dw3ead33d3/images/col/432/4321679-frente.png?sw=280&sh=280,emb. 130 gr,https://www.continente.pt/produto/gelatina-pronta-vegetal-ananas-koala-4321679.html,biologicos,2025-04-21,Continente
Sabonete Líquido Eco Recarga Nourishing Silk,7552684,3.17,"€6,34/lt",Dove,Beleza e Higiene/Corpo/Sabonetes,https://www.continente.pt/dw/image/v2/BDVS_PRD/on/demandware.static/-/Sites-col-master-catalog/default/dw30f78d58/images/col/755/7552684-frente.jpg?sw=280&sh=280,emb. 500 ml,https://www.continente.pt/produto/sabonete-liquido-eco-recarga-nourishing-silk-dove-7552684.html,biologicos,2025-04-21,Continente
Yofu Soja Liquído Morango e Cereja,7837488,3.79,"€5,05/kg",Alpro,Laticínios e Ovos/Iogurtes/Vegegurtes e Yofu,https://www.continente.pt/dw/image/v2/BDVS_PRD/on/demandware.static/-/Sites-col-master-catalog/default/dw605be632/images/col/783/7837488-frente.jpg?sw=280&sh=280,emb. 750 gr,https://www.continente.pt/produto/yofu-soja-liquido-morango-e-cereja-alpro-7837488.html,biologicos,2025-04-21,Continente
Recarga de Lâminas Venus Comfortglide Breeze,7361897,29.99,"€3,75/un",Gillette,Beleza e Higiene/Corpo/Depilação e Descoloração,https://www.continente.pt/dw/image/v2/BDVS_PRD/on/demandware.static/-/Sites-col-master-catalog/default/dw847cca93/images/col/736/7361897-hero.png?sw=280&sh=280,emb. 8 un,https://www.continente.pt/produto/recarga-de-laminas-venus-comfortglide-breeze-gillette-7361897.html,biologicos,2025-04-21,Continente
Pizza Forno Di Pietra Caprese,6771145,4.86,"€13,89/kg",Buitoni Forno di Pietra,Congelados/Pizzas,https://www.continente.pt/dw/image/v2/BDVS_PRD/on/demandware.static/-/Sites-col-master-catalog/default/dw664547cb/images/col/677/6771145-frente.png?sw=280&sh=280,emb. 350 gr,https://www.continente.pt/produto/pizza-forno-di-pietra-caprese-buitoni-forno-di-pietra-6771145.html,biologicos,2025-04-21,Continente
Yofu Soja Natural sem Açúcar,7816838,1.99,"€4,97/kg",Alpro,Laticínios e Ovos/Iogurtes/Vegegurtes e Yofu,https://www.continente.pt/dw/image/v2/BDVS_PRD/on/demandware.static/-/Sites-col-master-catalog/default/dw7e184d75/images/col/781/7816838-frente.jpg?sw=280&sh=280,emb. 400 gr,https://www.continente.pt/produto/yofu-soja-natural-sem-acucar-alpro-7816838.html,biologicos,2025-04-21,Continente
Bolachas Digestivas de Aveia,7447101,1.39,"€3,27/kg",Continente,"Mercearia/Bolachas, Biscoitos e Tostas/Bolachas Fibra e Sem Açúcar",https://www.continente.pt/dw/image/v2/BDVS_PRD/on/demandware.static/-/Sites-col-master-catalog/default/dw78880903/images/col/744/7447101-frente.jpg?sw=280&sh=280,emb. 425 gr,https://www.continente.pt/produto/bolachas-digestivas-de-aveia-continente-7447101.html,biologicos,2025-04-21,Continente
Morango Biológico,7538298,3.69,"€12,30/kg",Continente Bio,Frescos/Frutas/Morango e Frutos Vermelhos,https://www.continente.pt/dw/image/v2/BDVS_PRD/on/demandware.static/-/Sites-col-master-catalog/default/dw8085d04c/images/col/753/7538298-frente.jpg?sw=280&sh=280,emb. 300 gr,https://www.continente.pt/produto/morango-biologico-continente-bio-7538298.html,biologicos,2025-04-21,Continente
Falafel,7207956,4.99,"€11,09/kg",Iglo Green Cuisine,"Congelados/Vegetariano e Vegan/Refeições, Pizzas e Falafel",https://www.continente.pt/dw/image/v2/BDVS_PRD/on/demandware.static/-/Sites-col-master-catalog/default/dw8ce5b468/images/col/720/7207956-frente.jpg?sw=280&sh=280,emb. 450 gr (26 un),https://www.continente.pt/produto/falafel-iglo-green-cuisine-7207956.html,biologicos,2025-04-21,Continente
Arroz Branco,2510588,5.38,"€5,38/kg",Seara,"Mercearia/Arroz, Massa e Farinha/Arroz",https://www.continente.pt/dw/image/v2/BDVS_PRD/on/demandware.static/-/Sites-col-master-catalog/default/dw2d03c173/images/col/251/2510588-frente.jpg?sw=280&sh=280,emb. 1 kg,https://www.continente.pt/produto/arroz-branco-seara-2510588.html,biologicos,2025-04-21,Continente
Couve Kale Biológica,7417510,2.99,"€9,97/kg",Continente Bio,"Frescos/Legumes/Couves, Brócolos e Espinafres",https://www.continente.pt/dw/image/v2/BDVS_PRD/on/demandware.static/-/Sites-col-master-catalog/default/dw4b644a11/images/col/741/7417510-cima-embalagem-granel.jpg?sw=280&sh=280,emb. 300 gr,https://www.continente.pt/produto/couve-kale-biologica-continente-bio-7417510.html,biologicos,2025-04-21,Continente
Fatias Vegetarianas com Vegetais Assados,7453367,1.99,"€19,90/kg",Nobre Vegalia,Bio e Saudável/Vegetariano e Vegan,https://www.continente.pt/dw/image/v2/BDVS_PRD/on/demandware.static/-/Sites-col-master-catalog/default/dw39b173b3/images/col/745/7453367-hero.jpg?sw=280&sh=280,emb. 100 gr,https://www.continente.pt/produto/fatias-vegetarianas-com-vegetais-assados-nobre-vegalia-7453367.html,biologicos,2025-04-21,Continente
Iogurte Natural,5477214,5.76,"€7,68/kg",Pur Natur,Laticínios e Ovos/Iogurtes/Iogurtes Aromas e Naturais,https://www.continente.pt/dw/image/v2/BDVS_PRD/on/demandware.static/-/Sites-col-master-catalog/default/dw314a200e/images/col/547/5477214-cima-direito.jpg?sw=280&sh=280,emb. 750 gr (6 un),https://www.continente.pt/produto/iogurte-natural-pur-natur-5477214.html,biologicos,2025-04-21,Continente
Milho Doce sem Glúten,4878837,3.39,"€12,11/kg",Bonduelle,"Mercearia/Conservas/Cogumelos, Milho, Ervilhas",https://www.continente.pt/dw/image/v2/BDVS_PRD/on/demandware.static/-/Sites-col-master-catalog/default/dw1971af7f/images/col/487/4878837-cima.jpg?sw=280&sh=280,emb. 2 x 150 gr,https://www.continente.pt/produto/milho-doce-sem-gluten-bonduelle-4878837.html,biologicos,2025-04-21,Continente
Queijo de Vaca Curado Meio Gordo,6876991,7.29,"€14,58/kg",Castelões,Frescos/Queijos/Curado,https://www.continente.pt/dw/image/v2/BDVS_PRD/on/demandware.static/-/Sites-col-master-catalog/default/dwc7f83364/images/col/687/6876991-frente.jpg?sw=280&sh=280,emb. 500 gr (aprox.),https://www.continente.pt/produto/queijo-de-vaca-curado-meio-gordo-casteloes-6876991.html,biologicos,2025-04-21,Continente
Iogurte Polpa Manga sem Lactose,7298459,2.69,"€5,60/kg",Nutrégi,Laticínios e Ovos/Iogurtes/Iogurtes sem Lactose,https://www.continente.pt/dw/image/v2/BDVS_PRD/on/demandware.static/-/Sites-col-master-catalog/default/dw30db2802/images/col/729/7298459-frente.jpg?sw=280&sh=280,emb. 480 gr (4 un),https://www.continente.pt/produto/iogurte-polpa-manga-sem-lactose-nutregi-7298459.html,biologicos,2025-04-21,Continente
Iogurte Líquido Proteína Baunilha Bolacha,6892400,1.99,"€6,63/kg",Yopro Danone,Laticínios e Ovos/Iogurtes/Iogurtes Líquidos,https://www.continente.pt/dw/image/v2/BDVS_PRD/on/demandware.static/-/Sites-col-master-catalog/default/dwe2ee64e4/images/col/689/6892400-frente.png?sw=280&sh=280,emb. 300 gr,https://www.continente.pt/produto/iogurte-liquido-proteina-baunilha-bolacha-yopro-danone-6892400.html,biologicos,2025-04-21,Continente
Bolachas de Aveia e Chocolate sem Glúten,7708105,2.59,"€16,19/kg",Nairns,"Mercearia/Bolachas, Biscoitos e Tostas/Bolachas Fibra e Sem Açúcar",https://www.continente.pt/dw/image/v2/BDVS_PRD/on/demandware.static/-/Sites-col-master-catalog/default/dw41acaa99/images/col/770/7708105-esquerdo.jpg?sw=280&sh=280,emb. 160 gr,https://www.continente.pt/produto/bolachas-de-aveia-e-chocolate-sem-gluten-nairns-7708105.html,biologicos,2025-04-21,Continente
Massa Penne Rigate,6831230,1.09,"€2,18/kg",Continente Bio,"Mercearia/Arroz, Massa e Farinha/Massa",https://www.continente.pt/dw/image/v2/BDVS_PRD/on/demandware.static/-/Sites-col-master-catalog/default/dw7e639895/images/col/683/6831230-frente.jpg?sw=280&sh=280,emb. 500 gr,https://www.continente.pt/produto/massa-penne-rigate-continente-bio-6831230.html,biologicos,2025-04-21,Continente
Iogurte Proteína Mirtilo,7182224,1.09,"€6,81/kg",Yopro Danone,Laticínios e Ovos/Iogurtes/Iogurtes Proteína,https://www.continente.pt/dw/image/v2/BDVS_PRD/on/demandware.static/-/Sites-col-master-catalog/default/dwfdc47003/images/col/718/7182224-frente.png?sw=280&sh=280,emb. 160 gr,https://www.continente.pt/produto/iogurte-proteina-mirtilo-yopro-danone-7182224.html,biologicos,2025-04-21,Continente
Bebida Vegetal de Soja Baunilha,2377567,0.99,"€3,96/lt",Alpro,Laticínios e Ovos/Bebidas Vegetais/Bebida Soja,https://www.continente.pt/dw/image/v2/BDVS_PRD/on/demandware.static/-/Sites-col-master-catalog/default/dw95b43d61/images/col/237/2377567-frente.png?sw=280&sh=280,emb. 250 ml,https://www.continente.pt/produto/bebida-vegetal-de-soja-baunilha-alpro-2377567.html,biologicos,2025-04-21,Continente
Biscoitos Coco,5895603,3.29,"€14,95/kg",Seara,"Mercearia/Bolachas, Biscoitos e Tostas/Maria, Torrada e Biscoitos",https://www.continente.pt/dw/image/v2/BDVS_PRD/on/demandware.static/-/Sites-col-master-catalog/default/dwd2cfe9be/images/col/589/5895603-frente.jpg?sw=280&sh=280,emb. 220 gr,https://www.continente.pt/produto/biscoitos-coco-seara-5895603.html,biologicos,2025-04-21,Continente
Iogurte Natural,5752439,4.71,"€6,28/kg",Pur Natur,Laticínios e Ovos/Iogurtes/Iogurtes Aromas e Naturais,https://www.continente.pt/dw/image/v2/BDVS_PRD/on/demandware.static/-/Sites-col-master-catalog/default/dw3e594abe/images/col/575/5752439-cima.jpg?sw=280&sh=280,emb. 750 gr,https://www.continente.pt/produto/iogurte-natural-pur-natur-5752439.html,biologicos,2025-04-21,Continente
Creme para Barrar Original,7621872,2.54,"€6,35/kg",Planta,Laticínios e Ovos/Manteigas e Cremes para Barrar/Cremes para Barrar,https://www.continente.pt/dw/image/v2/BDVS_PRD/on/demandware.static/-/Sites-col-master-catalog/default/dw6ffc9ba0/images/col/762/7621872-frente.jpg?sw=280&sh=280,emb. 400 gr,https://www.continente.pt/produto/creme-para-barrar-original-planta-7621872.html,biologicos,2025-04-21,Continente
Iogurte Proteína Baunilha,7182219,1.09,"€6,81/kg",Yopro Danone,Laticínios e Ovos/Iogurtes/Iogurtes Proteína,https://www.continente.pt/dw/image/v2/BDVS_PRD/on/demandware.static/-/Sites-col-master-catalog/default/dwab64ff00/images/col/718/7182219-frente.png?sw=280&sh=280,emb. 160 gr,https://www.continente.pt/produto/iogurte-proteina-baunilha-yopro-danone-7182219.html,biologicos,2025-04-21,Continente
Massa Esparguete sem Glúten,5884054,3.08,"€7,70/kg",Rummo,"Mercearia/Arroz, Massa e Farinha/Massa",https://www.continente.pt/dw/image/v2/BDVS_PRD/on/demandware.static/-/Sites-col-master-catalog/default/dw3db23978/images/col/588/5884054-frente.jpg?sw=280&sh=280,emb. 400 gr,https://www.continente.pt/produto/massa-esparguete-sem-gluten-rummo-5884054.html,biologicos,2025-04-21,Continente
Hambúrguer de Caril,6561373,3.49,"€21,81/kg",Veg In,Frescos/Take Away/Vegetariano e Vegan/Pronto a Cozinhar,https://www.continente.pt/dw/image/v2/BDVS_PRD/on/demandware.static/-/Sites-col-master-catalog/default/dw67344472/images/col/656/6561373-esquerdo.jpg?sw=280&sh=280,emb. 160 gr (2 un),https://www.continente.pt/produto/hamburguer-de-caril-veg-in-6561373.html,biologicos,2025-04-21,Continente
Bolachas Recheadas com Chocolate Diet Nature,5017343,2.89,"€11,56/kg",Gullón,"Mercearia/Bolachas, Biscoitos e Tostas/Bolachas com Cobertura e Recheio",https://www.continente.pt/dw/image/v2/BDVS_PRD/on/demandware.static/-/Sites-col-master-catalog/default/dw641f93d7/images/col/501/5017343-direito.jpg?sw=280&sh=280,emb. 250 gr,https://www.continente.pt/produto/bolachas-recheadas-com-chocolate-diet-nature-gullon-5017343.html,biologicos,2025-04-21,Continente
Gelatina Pronta Vegetal Manga,4321721,0.84,"€6,46/kg",Koala,Laticínios e Ovos/Sobremesas/Gelatinas,https://www.continente.pt/dw/image/v2/BDVS_PRD/on/demandware.static/-/Sites-col-master-catalog/default/dw5f97d53f/images/col/432/4321721-frente.png?sw=280&sh=280,emb. 130 gr,https://www.continente.pt/produto/gelatina-pronta-vegetal-manga-koala-4321721.html,biologicos,2025-04-21,Continente
Creme Vegetal de Aveia para Culinária,2857586,1.89,"€7,56/lt",Oatly,Laticínios e Ovos/Natas e Bechamel/Cremes Vegetais,https://www.continente.pt/dw/image/v2/BDVS_PRD/on/demandware.static/-/Sites-col-master-catalog/default/dw32d39234/images/col/285/2857586-frente.jpg?sw=280&sh=280,emb. 250 ml,https://www.continente.pt/produto/creme-vegetal-de-aveia-para-culinaria-oatly-2857586.html,biologicos,2025-04-21,Continente
Tablete de Chocolate 92% Cacau com Açúcar de Coco,5884950,3.98,"€49,75/kg",Vivani,"Mercearia/Chocolate, Gomas e Rebuçados/Chocolates",https://www.continente.pt/dw/image/v2/BDVS_PRD/on/demandware.static/-/Sites-col-master-catalog/default/dw3de47d69/images/col/588/5884950-frente.jpg?sw=280&sh=280,emb. 80 gr,https://www.continente.pt/produto/tablete-de-chocolate-92--cacau-com-acucar-de-coco-vivani-5884950.html,biologicos,2025-04-21,Continente
"Saqueta de Fruta Manga, Iogurte e Aveia +6M",7577561,1.2,"€12,00/kg",Hero Solo,"Mercearia/Alimentação Infantil/Boiões, Saquetas e Puré de Fruta",https://www.continente.pt/dw/image/v2/BDVS_PRD/on/demandware.static/-/Sites-col-master-catalog/default/dw4f9949f6/images/col/757/7577561-frente.jpg?sw=280&sh=280,emb. 100 gr,https://www.continente.pt/produto/saqueta-de-fruta-manga-iogurte-e-aveia-6m-hero-solo-7577561.html,biologicos,2025-04-21,Continente
Tiras Braseadas Proteína Vegetal,7011817,3.59,"€20,51/kg",Garden Gourmet,Bio e Saudável/Vegetariano e Vegan/Alternativas Carne e Peixe,https://www.continente.pt/dw/image/v2/BDVS_PRD/on/demandware.static/-/Sites-col-master-catalog/default/dwd70bb9f5/images/col/701/7011817-frente.jpg?sw=280&sh=280,emb. 175 gr (25 un),https://www.continente.pt/produto/tiras-braseadas-proteina-vegetal-garden-gourmet-7011817.html,biologicos,2025-04-21,Continente
Proteína Whey Chocolate,7790122,26.99,"€26,99/kg",Way Up,Bio e Saudável/Nutrição Desportiva/Energia e Proteína,https://www.continente.pt/dw/image/v2/BDVS_PRD/on/demandware.static/-/Sites-col-master-catalog/default/dwa1de8d16/images/col/779/7790122-frente.jpg?sw=280&sh=280,emb. 1 kg,https://www.continente.pt/produto/proteina-whey-chocolate-way-up-7790122.html,biologicos,2025-04-21,Continente
Biscoitos Cacau,5895602,2.89,"€13,14/kg",Seara,"Mercearia/Bolachas, Biscoitos e Tostas/Maria, Torrada e Biscoitos",https://www.continente.pt/dw/image/v2/BDVS_PRD/on/demandware.static/-/Sites-col-master-catalog/default/dw11ca466e/images/col/589/5895602-frente.jpg?sw=280&sh=280,emb. 220 gr,https://www.continente.pt/produto/biscoitos-cacau-seara-5895602.html,biologicos,2025-04-21,Continente
Iogurte Skyr Mirtilo,7450116,0.69,"€4,60/kg",Continente Equilíbrio,Laticínios e Ovos/Iogurtes/Iogurtes Proteína,https://www.continente.pt/dw/image/v2/BDVS_PRD/on/demandware.static/-/Sites-col-master-catalog/default/dw68f6765d/images/col/745/7450116-cima.jpg?sw=280&sh=280,emb. 150 gr,https://www.continente.pt/produto/iogurte-skyr-mirtilo-continente-equilibrio-7450116.html,biologicos,2025-04-21,Continente
Iogurte Líquido Proteína Banana,7771325,1.99,"€6,03/lt",Lindahls,Laticínios e Ovos/Iogurtes/Iogurtes Proteína,https://www.continente.pt/dw/image/v2/BDVS_PRD/on/demandware.static/-/Sites-col-master-catalog/default/dw4e5d7f02/images/col/777/7771325-frente.jpg?sw=280&sh=280,emb. 330 ml,https://www.continente.pt/produto/iogurte-liquido-proteina-banana-lindahls-7771325.html,biologicos,2025-04-21,Continente
Sabonete Sólido Jasmim,8120436,0.59,"€0,59/un",MyLabel,Beleza e Higiene/Corpo/Sabonetes,https://www.continente.pt/dw/image/v2/BDVS_PRD/on/demandware.static/-/Sites-col-master-catalog/default/dwb5a7d1a4/images/col/812/8120436-frente.png?sw=280&sh=280,emb. 90 gr,https://www.continente.pt/produto/sabonete-solido-jasmim-mylabel-8120436.html,biologicos,2025-04-21,Continente
Papel Higiénico 3 Folhas Pure Natural,7255012,3.49,"€0,58/un",Colhogar,"Beleza e Higiene/Papel Higiénico/Papel Higiénico 3, 4 e 5 Folhas",https://www.continente.pt/dw/image/v2/BDVS_PRD/on/demandware.static/-/Sites-col-master-catalog/default/dwece8ac46/images/col/725/7255012-hero.jpg?sw=280&sh=280,emb. 6 rolos,https://www.continente.pt/produto/papel-higienico-3-folhas-pure-natural-colhogar-7255012.html,biologicos,2025-04-21,Continente
Pedaços de Caju Zero Desperdício,7832166,1.99,"€9,95/kg",Continente,"Frescos/Frutas/Frutos Secos, Desidratados e Sementes/Frutos Secos",https://www.continente.pt/dw/image/v2/BDVS_PRD/on/demandware.static/-/Sites-col-master-catalog/default/dwfbd176e7/images/col/783/7832166-frente.png?sw=280&sh=280,emb. 200 gr,https://www.continente.pt/produto/pedacos-de-caju-zero-desperdicio-continente-7832166.html,biologicos,2025-04-21,Continente
Creme Vegetal para Barrar Sabor a Manteiga,7621885,1.79,"€7,96/kg",Planta,Laticínios e Ovos/Manteigas e Cremes para Barrar/Cremes para Barrar,https://www.continente.pt/dw/image/v2/BDVS_PRD/on/demandware.static/-/Sites-col-master-catalog/default/dwf5afef65/images/col/762/7621885-frente.jpg?sw=280&sh=280,emb. 225 gr,https://www.continente.pt/produto/creme-vegetal-para-barrar-sabor-a-manteiga-planta-7621885.html,biologicos,2025-04-21,Continente
Palmiers Mini,8042238,2.0,"€8,00/kg",Virgen del Brezo,Frescos/Padaria e Pastelaria/Biscoitos,https://www.continente.pt/dw/image/v2/BDVS_PRD/on/demandware.static/-/Sites-col-master-catalog/default/dwcdbc3721/images/col/804/8042238-topshot.jpg?sw=280&sh=280,emb. 180 gr,https://www.continente.pt/produto/palmiers-mini-virgen-del-brezo-8042238.html,biologicos,2025-04-21,Continente
Bolachas Wafers de Limão Cubos,5687470,1.69,"€13,52/kg",Vieira,"Mercearia/Bolachas, Biscoitos e Tostas/Bolachas com Cobertura e Recheio",https://www.continente.pt/dw/image/v2/BDVS_PRD/on/demandware.static/-/Sites-col-master-catalog/default/dw8b57b835/images/col/568/5687470-frente.jpg?sw=280&sh=280,emb. 125 gr,https://www.continente.pt/produto/bolachas-wafers-de-limao-cubos-vieira-5687470.html,biologicos,2025-04-21,Continente
Espinafre Biológico,7382576,1.69,"€5,63/kg",Continente Bio,"Frescos/Legumes/Couves, Brócolos e Espinafres",https://www.continente.pt/dw/image/v2/BDVS_PRD/on/demandware.static/-/Sites-col-master-catalog/default/dwa2755122/images/col/738/7382576-frente.jpg?sw=280&sh=280,emb. 300 gr,https://www.continente.pt/produto/espinafre-biologico-continente-bio-7382576.html,biologicos,2025-04-21,Continente
Bolachas Digestivas,4778667,0.99,"€2,48/kg",Continente,"Mercearia/Bolachas, Biscoitos e Tostas/Bolachas Fibra e Sem Açúcar",https://www.continente.pt/dw/image/v2/BDVS_PRD/on/demandware.static/-/Sites-col-master-catalog/default/dw8bec71b9/images/col/477/4778667-hero.jpg?sw=280&sh=280,emb. 400 gr,https://www.continente.pt/produto/bolachas-digestivas-continente-4778667.html,biologicos,2025-04-21,Continente
Estufado de Grão com Tofu,7647840,10.99,"€2,75/un",Cozinha Continente,Bio e Saudável/Vegetariano e Vegan/Refeições,https://www.continente.pt/dw/image/v2/BDVS_PRD/on/demandware.static/-/Sites-col-master-catalog/default/dwb9460390/images/col/764/7647840-amb.jpg?sw=280&sh=280,Quant. Mínima = 250 gr,https://www.continente.pt/produto/estufado-de-grao-com-tofu-cozinha-continente-7647840.html,biologicos,2025-04-21,Continente
Biscoitos Limão e Chia,5995534,2.89,"€13,14/kg",Seara,"Mercearia/Bolachas, Biscoitos e Tostas/Maria, Torrada e Biscoitos",https://www.continente.pt/dw/image/v2/BDVS_PRD/on/demandware.static/-/Sites-col-master-catalog/default/dw781cd92b/images/col/599/5995534-frente.jpg?sw=280&sh=280,emb. 220 gr,https://www.continente.pt/produto/biscoitos-limao-e-chia-seara-5995534.html,biologicos,2025-04-21,Continente
Iogurte Líquido Proteína Pêssego e Maracujá,7591767,1.99,"€6,63/kg",Yopro Danone,Laticínios e Ovos/Iogurtes/Iogurtes Proteína,https://www.continente.pt/dw/image/v2/BDVS_PRD/on/demandware.static/-/Sites-col-master-catalog/default/dwc7452c87/images/col/759/7591767-frente.png?sw=280&sh=280,emb. 300 gr,https://www.continente.pt/produto/iogurte-liquido-proteina-pessego-e-maracuja-yopro-danone-7591767.html,biologicos,2025-04-21,Continente
Yofu Soja Ananás e Maracujá Sem Açúcar,7525582,2.54,"€6,35/kg",Alpro,Laticínios e Ovos/Iogurtes/Vegegurtes e Yofu,https://www.continente.pt/dw/image/v2/BDVS_PRD/on/demandware.static/-/Sites-col-master-catalog/default/dw8f351035/images/col/752/7525582-frente.png?sw=280&sh=280,emb. 400 gr,https://www.continente.pt/produto/yofu-soja-ananas-e-maracuja-sem-acucar-alpro-7525582.html,biologicos,2025-04-21,Continente
Cogumelo Pleurotus Biológico Fresco,7559249,1.99,"€13,27/kg",Continente Bio,"Frescos/Legumes/Cogumelos, Espargos e Exóticos",https://www.continente.pt/dw/image/v2/BDVS_PRD/on/demandware.static/-/Sites-col-master-catalog/default/dw90ba2790/images/col/755/7559249-frente.jpg?sw=280&sh=280,emb. 150 gr,https://www.continente.pt/produto/cogumelo-pleurotus-biologico-fresco-continente-bio-7559249.html,biologicos,2025-04-21,Continente
Bebida Vegetal de Soja Baunilha,2757310,2.49,"€2,49/lt",Alpro,Laticínios e Ovos/Bebidas Vegetais/Bebida Soja,https://www.continente.pt/dw/image/v2/BDVS_PRD/on/demandware.static/-/Sites-col-master-catalog/default/dw1765e9f9/images/col/275/2757310-frente.jpg?sw=280&sh=280,emb. 1 lt,https://www.continente.pt/produto/bebida-vegetal-de-soja-baunilha-alpro-2757310.html,biologicos,2025-04-21,Continente
Bolachas Waffer Chocolate Diet Nature,7264559,2.44,"€13,56/kg",Gullón,"Mercearia/Bolachas, Biscoitos e Tostas/Bolachas Fibra e Sem Açúcar",https://www.continente.pt/dw/image/v2/BDVS_PRD/on/demandware.static/-/Sites-col-master-catalog/default/dw5aa586b9/images/col/726/7264559-frente.jpg?sw=280&sh=280,emb. 180 gr (3 un),https://www.continente.pt/produto/bolachas-waffer-chocolate-diet-nature-gullon-7264559.html,biologicos,2025-04-21,Continente
Pizza Ristorante de Salame sem Glúten,5962602,4.19,"€13,30/kg",Ristorante,Congelados/Pizzas,https://www.continente.pt/dw/image/v2/BDVS_PRD/on/demandware.static/-/Sites-col-master-catalog/default/dw5ba3ab52/images/col/596/5962602-direito.png?sw=280&sh=280,emb. 315 gr,https://www.continente.pt/produto/pizza-ristorante-de-salame-sem-gluten-ristorante-5962602.html,biologicos,2025-04-21,Continente
Snack para Bebé Milho e Aveia Puffs +8M,7577612,1.45,"€58,00/kg",Hero Solo,Mercearia/Alimentação Infantil/Snacks e Bolachinhas,https://www.continente.pt/dw/image/v2/BDVS_PRD/on/demandware.static/-/Sites-col-master-catalog/default/dwd7b66e77/images/col/757/7577612-frente.jpg?sw=280&sh=280,emb. 25 gr,https://www.continente.pt/produto/snack-para-bebe-milho-e-aveia-puffs-8m-hero-solo-7577612.html,biologicos,2025-04-21,Continente
Yofu Soja Liquído Manga e Maracujá,7837486,3.79,"€5,05/kg",Alpro,Laticínios e Ovos/Iogurtes/Vegegurtes e Yofu,https://www.continente.pt/dw/image/v2/BDVS_PRD/on/demandware.static/-/Sites-col-master-catalog/default/dwace0d25a/images/col/783/7837486-frente.jpg?sw=280&sh=280,emb. 750 gr,https://www.continente.pt/produto/yofu-soja-liquido-manga-e-maracuja-alpro-7837486.html,biologicos,2025-04-21,Continente
Tofu Fumado,5344100,2.99,"€14,95/kg",Joya,Bio e Saudável/Vegetariano/Tofu e Seitan,https://www.continente.pt/dw/image/v2/BDVS_PRD/on/demandware.static/-/Sites-col-master-catalog/default/dwf95106fd/images/col/534/5344100-frente.png?sw=280&sh=280,emb. 200 gr,https://www.continente.pt/produto/tofu-fumado-joya-5344100.html,biologicos,2025-04-21,Continente
Gelatina Pronta Vegetal Banana,4321693,0.84,"€6,46/kg",Koala,Laticínios e Ovos/Sobremesas/Gelatinas,https://www.continente.pt/dw/image/v2/BDVS_PRD/on/demandware.static/-/Sites-col-master-catalog/default/dwf10e6072/images/col/432/4321693-frente.png?sw=280&sh=280,emb. 130 gr,https://www.continente.pt/produto/gelatina-pronta-vegetal-banana-koala-4321693.html,biologicos,2025-04-21,Continente
Bolachas de Aveia e Frutos Vermelhos sem Glúten,7708104,2.59,"€16,19/kg",Nairns,"Mercearia/Bolachas, Biscoitos e Tostas/Bolachas Fibra e Sem Açúcar",https://www.continente.pt/dw/image/v2/BDVS_PRD/on/demandware.static/-/Sites-col-master-catalog/default/dwd165f30c/images/col/770/7708104-esquerdo.jpg?sw=280&sh=280,emb. 160 gr,https://www.continente.pt/produto/bolachas-de-aveia-e-frutos-vermelhos-sem-gluten-nairns-7708104.html,biologicos,2025-04-21,Continente
"Tortitas Vitalday de Arroz, Iogurte e Framboesa sem Glúten",7188280,2.49,"€22,23/kg",Gullón,"Mercearia/Bolachas, Biscoitos e Tostas/Tortitas de Arroz e Milho",https://www.continente.pt/dw/image/v2/BDVS_PRD/on/demandware.static/-/Sites-col-master-catalog/default/dw55d1f831/images/col/718/7188280-frente.jpg?sw=280&sh=280,emb. 112 gr (4 un),https://www.continente.pt/produto/tortitas-vitalday-de-arroz-iogurte-e-framboesa-sem-gluten-gullon-7188280.html,biologicos,2025-04-21,Continente
Pudim Proteico Caramelo,8290953,1.69,"€11,27/kg",Yopro Danone,Laticínios e Ovos/Iogurtes/Iogurtes Proteína,https://www.continente.pt/dw/image/v2/BDVS_PRD/on/demandware.static/-/Sites-col-master-catalog/default/dw4310e275/images/col/829/8290953-frente.png?sw=280&sh=280,emb. 150 gr,https://www.continente.pt/produto/pudim-proteico-caramelo-yopro-danone-8290953.html,biologicos,2025-04-21,Continente
Tortitas de Milho,4876371,0.94,"€7,23/kg",Salutem,"Mercearia/Bolachas, Biscoitos e Tostas/Tortitas de Arroz e Milho",https://www.continente.pt/dw/image/v2/BDVS_PRD/on/demandware.static/-/Sites-col-master-catalog/default/dwa3d3f869/images/col/487/4876371-frente.jpg?sw=280&sh=280,emb. 130 gr,https://www.continente.pt/produto/tortitas-de-milho-salutem-4876371.html,biologicos,2025-04-21,Continente
Leite Proteína Cacau sem Lactose,6661374,2.69,"€3,59/lt",Mimosa,Laticínios e Ovos/Leite/Leite sem Lactose,https://www.continente.pt/dw/image/v2/BDVS_PRD/on/demandware.static/-/Sites-col-master-catalog/default/dw420ed529/images/col/666/6661374-frente.png?sw=280&sh=280,emb. 3 x 250 ml,https://www.continente.pt/produto/leite-proteina-cacau-sem-lactose-mimosa-6661374.html,biologicos,2025-04-21,Continente
Iogurte Natural Açucarado sem Lactose,5810711,0.98,"€2,04/kg",Continente,Laticínios e Ovos/Iogurtes/Iogurtes sem Lactose,https://www.continente.pt/dw/image/v2/BDVS_PRD/on/demandware.static/-/Sites-col-master-catalog/default/dw25780911/images/col/581/5810711-cima.jpg?sw=280&sh=280,emb. 480 gr (4 un),https://www.continente.pt/produto/iogurte-natural-acucarado-sem-lactose-continente-5810711.html,biologicos,2025-04-21,Continente
Creme Vegetal de Soja para Culinária,5458646,0.95,"€4,75/lt",Shoyce Hug,Laticínios e Ovos/Natas e Bechamel/Cremes Vegetais,https://www.continente.pt/dw/image/v2/BDVS_PRD/on/demandware.static/-/Sites-col-master-catalog/default/dw4c865466/images/col/545/5458646-frente.png?sw=280&sh=280,emb. 200 ml,https://www.continente.pt/produto/creme-vegetal-de-soja-para-culinaria-shoyce-hug-5458646.html,biologicos,2025-04-21,Continente
Iogurte Skyr Banana e Canela,6934346,0.69,"€4,60/kg",Continente Equilíbrio,Laticínios e Ovos/Iogurtes/Iogurtes Proteína,https://www.continente.pt/dw/image/v2/BDVS_PRD/on/demandware.static/-/Sites-col-master-catalog/default/dw22a18a6d/images/col/693/6934346-cima.jpg?sw=280&sh=280,emb. 150 gr,https://www.continente.pt/produto/iogurte-skyr-banana-e-canela-continente-equilibrio-6934346.html,biologicos,2025-04-21,Continente
Fraldas Cuidado Total 11-16kg T5,7454733,14.99,"€0,42/un",Dodot,Bebé/Fraldas e Toalhitas/Fraldas 13-18kg/+18kg (T5 e T6),https://www.continente.pt/dw/image/v2/BDVS_PRD/on/demandware.static/-/Sites-col-master-catalog/default/dwdf1d8fea/images/col/745/7454733-hero.jpg?sw=280&sh=280,emb. 36 un,https://www.continente.pt/produto/fraldas-cuidado-total-11-16kg-t5-dodot-7454733.html,biologicos,2025-04-21,Continente
Ravioli Ricotta e Espinafres com Molho de Tomate,7943899,2.99,"€9,97/kg",Iglo,Congelados/Refeições Prontas,https://www.continente.pt/dw/image/v2/BDVS_PRD/on/demandware.static/-/Sites-col-master-catalog/default/dwe8bc8dd9/images/col/794/7943899-frente.jpg?sw=280&sh=280,emb. 300 gr,https://www.continente.pt/produto/ravioli-ricotta-e-espinafres-com-molho-de-tomate-iglo-7943899.html,biologicos,2025-04-21,Continente
Creme Vegetal para Barrar sabor a Manteiga,6884630,1.69,"€3,38/kg",Continente,Laticínios e Ovos/Manteigas e Cremes para Barrar/Cremes para Barrar,https://www.continente.pt/dw/image/v2/BDVS_PRD/on/demandware.static/-/Sites-col-master-catalog/default/dw1ed7d596/images/col/688/6884630-hero.jpg?sw=280&sh=280,emb. 500 gr,https://www.continente.pt/produto/creme-vegetal-para-barrar-sabor-a-manteiga-continente-6884630.html,biologicos,2025-04-21,Continente
Noodles de Legumes ao Vapor,7740636,3.99,"€12,28/kg",Cozinha Continente,Frescos/Take Away/Refeições Prontas/Vegetariano e Vegan,https://www.continente.pt/dw/image/v2/BDVS_PRD/on/demandware.static/-/Sites-col-master-catalog/default/dwce9820c9/images/col/774/7740636-frente.jpg?sw=280&sh=280,emb. 325 gr,https://www.continente.pt/produto/noodles-de-legumes-ao-vapor-cozinha-continente-7740636.html,biologicos,2025-04-21,Continente
Pudding Proteína Chocolate,7405354,1.69,"€11,27/kg",Lindahls,Laticínios e Ovos/Iogurtes/Iogurtes Proteína,https://www.continente.pt/dw/image/v2/BDVS_PRD/on/demandware.static/-/Sites-col-master-catalog/default/dw4324aa01/images/col/740/7405354-frente.png?sw=280&sh=280,emb. 150 gr,https://www.continente.pt/produto/pudding-proteina-chocolate-lindahls-7405354.html,biologicos,2025-04-21,Continente
Creme Vegetal para Barrar,6387319,1.35,"€2,70/kg",Continente,Laticínios e Ovos/Manteigas e Cremes para Barrar/Cremes Vegetais e Margarinas,https://www.continente.pt/dw/image/v2/BDVS_PRD/on/demandware.static/-/Sites-col-master-catalog/default/dw7ada8e0a/images/col/638/6387319-hero.jpg?sw=280&sh=280,emb. 500 gr,https://www.continente.pt/produto/creme-vegetal-para-barrar-continente-6387319.html,biologicos,2025-04-21,Continente
Bolachas Tostadas Diet Nature,7264564,3.19,"€7,98/kg",Gullón,"Mercearia/Bolachas, Biscoitos e Tostas/Maria, Torrada e Biscoitos",https://www.continente.pt/dw/image/v2/BDVS_PRD/on/demandware.static/-/Sites-col-master-catalog/default/dwf2d0c3cd/images/col/726/7264564-direito.jpg?sw=280&sh=280,emb. 400 gr,https://www.continente.pt/produto/bolachas-tostadas-diet-nature-gullon-7264564.html,biologicos,2025-04-21,Continente
Yofu Soja Pêssego,8005061,1.99,"€4,97/kg",Alpro,Laticínios e Ovos/Iogurtes/Vegegurtes e Yofu,https://www.continente.pt/dw/image/v2/BDVS_PRD/on/demandware.static/-/Sites-col-master-catalog/default/dw7c0925c3/images/col/800/8005061-frente.jpg?sw=280&sh=280,emb. 400 gr,https://www.continente.pt/produto/yofu-soja-pessego-alpro-8005061.html,biologicos,2025-04-21,Continente
Creme com Esponja Autobrilhante Castanho,4083463,1.89,"€37,80/lt",Búfalo,Limpeza/Roupa/Limpeza do Calçado/Autobrilhantador,https://www.continente.pt/dw/image/v2/BDVS_PRD/on/demandware.static/-/Sites-col-master-catalog/default/dw39d39975/images/col/408/4083463-frente.jpg?sw=280&sh=280,emb. 50 ml,https://www.continente.pt/produto/creme-com-esponja-autobrilhante-castanho-bufalo-4083463.html,biologicos,2025-04-21,Continente
Bolachas com Cobertura Chocolate Leite Finas,7545583,3.19,"€21,27/kg",Gullón,"Mercearia/Bolachas, Biscoitos e Tostas/Bolachas Fibra e Sem Açúcar",https://www.continente.pt/dw/image/v2/BDVS_PRD/on/demandware.static/-/Sites-col-master-catalog/default/dw4d0dd16e/images/col/754/7545583-frente.jpg?sw=280&sh=280,emb. 150 gr,https://www.continente.pt/produto/bolachas-com-cobertura-chocolate-leite-finas-gullon-7545583.html,biologicos,2025-04-21,Continente
Crackies de Milho com Chocolate Preto sem Glúten,7094414,2.09,"€23,22/kg",Caçarola,"Mercearia/Bolachas, Biscoitos e Tostas/Tortitas de Arroz e Milho",https://www.continente.pt/dw/image/v2/BDVS_PRD/on/demandware.static/-/Sites-col-master-catalog/default/dwd6d683f2/images/col/709/7094414-frente.jpg?sw=280&sh=280,emb. 90 gr,https://www.continente.pt/produto/crackies-de-milho-com-chocolate-preto-sem-gluten-cacarola-7094414.html,biologicos,2025-04-21,Continente
Tablete de Chocolate Culinária 85% sem Glúten,6688386,6.34,"€31,70/kg",Pantagruel,"Mercearia/Chocolate, Gomas e Rebuçados/Cacau e Chocolates de Culinária",https://www.continente.pt/dw/image/v2/BDVS_PRD/on/demandware.static/-/Sites-col-master-catalog/default/dw7bf545cf/images/col/668/6688386-frente.jpg?sw=280&sh=280,emb. 200 gr,https://www.continente.pt/produto/tablete-de-chocolate-culinaria-85--sem-gluten-pantagruel-6688386.html,biologicos,2025-04-21,Continente
Iogurte Líquido Proteína Morango e Framboesa,6892594,1.99,"€6,63/kg",Yopro Danone,Laticínios e Ovos/Iogurtes/Iogurtes Líquidos,https://www.continente.pt/dw/image/v2/BDVS_PRD/on/demandware.static/-/Sites-col-master-catalog/default/dw5a14b477/images/col/689/6892594-frente.png?sw=280&sh=280,emb. 300 gr,https://www.continente.pt/produto/iogurte-liquido-proteina-morango-e-framboesa-yopro-danone-6892594.html,biologicos,2025-04-21,Continente
Massa Penne Integral,5884009,2.65,"€5,30/kg",Rummo,"Mercearia/Arroz, Massa e Farinha/Massa",https://www.continente.pt/dw/image/v2/BDVS_PRD/on/demandware.static/-/Sites-col-master-catalog/default/dw6b0d7fea/images/col/588/5884009-frente.jpg?sw=280&sh=280,emb. 500 gr,https://www.continente.pt/produto/massa-penne-integral-rummo-5884009.html,biologicos,2025-04-21,Continente
Waffles Cobertos com Chocolate,7321848,6.99,"€38,83/kg",Prozis,Bio e Saudável/Nutrição Desportiva/Barras e Snacks,https://www.continente.pt/dw/image/v2/BDVS_PRD/on/demandware.static/-/Sites-col-master-catalog/default/dw37712272/images/col/732/7321848-esquerdo.jpg?sw=280&sh=280,emb. 6 x 30 gr,https://www.continente.pt/produto/waffles-cobertos-com-chocolate-prozis-7321848.html,biologicos,2025-04-21,Continente
Toalhitas Bebé Biodegradáveis,7666988,3.5,"€0,02/un",Nunex,Bebé/Fraldas e Toalhitas/Toalhitas,https://www.continente.pt/dw/image/v2/BDVS_PRD/on/demandware.static/-/Sites-col-master-catalog/default/dw9910f88d/images/col/766/7666988-frente.jpg?sw=280&sh=280,emb. 162 un (3 x 54 un),https://www.continente.pt/produto/toalhitas-bebe-biodegradaveis-nunex-7666988.html,biologicos,2025-04-21,Continente
Queijo Curado sem Lactose Light Fatiado,6278262,2.25,"€15,00/kg",Castelões,Frescos/Queijos/Fatiado e Bolas,https://www.continente.pt/dw/image/v2/BDVS_PRD/on/demandware.static/-/Sites-col-master-catalog/default/dw79b0cd22/images/col/627/6278262-frente.jpg?sw=280&sh=280,emb. 150 gr,https://www.continente.pt/produto/queijo-curado-sem-lactose-light-fatiado-casteloes-6278262.html,biologicos,2025-04-21,Continente
Bebida Vegetal de Aveia e Chocolate,7303008,2.69,"€2,69/lt",Oatly,Laticínios e Ovos/Bebidas Vegetais/Bebida Aveia,https://www.continente.pt/dw/image/v2/BDVS_PRD/on/demandware.static/-/Sites-col-master-catalog/default/dwfad47366/images/col/730/7303008-esquerdo.jpg?sw=280&sh=280,emb. 1 Lt,https://www.continente.pt/produto/bebida-vegetal-de-aveia-e-chocolate-oatly-7303008.html,biologicos,2025-04-21,Continente
Iogurte Proteína Morango,7646228,1.09,"€6,81/kg",Yopro Danone,Laticínios e Ovos/Iogurtes/Iogurtes Proteína,https://www.continente.pt/dw/image/v2/BDVS_PRD/on/demandware.static/-/Sites-col-master-catalog/default/dwd64db2d4/images/col/764/7646228-frente.png?sw=280&sh=280,emb. 160 gr,https://www.continente.pt/produto/iogurte-proteina-morango-yopro-danone-7646228.html,biologicos,2025-04-21,Continente
Pão Clássico com Côdea sem Glúten,5296290,3.69,"€12,30/kg",Schär,Frescos/Padaria e Pastelaria/Pão de Forma e Embalado,https://www.continente.pt/dw/image/v2/BDVS_PRD/on/demandware.static/-/Sites-col-master-catalog/default/dw87cf2575/images/col/529/5296290-frente.jpg?sw=280&sh=280,emb. 300 gr,https://www.continente.pt/produto/pao-classico-com-codea-sem-gluten-schar-5296290.html,biologicos,2025-04-21,Continente
Barras de Cereais Chocolate Negro e Amendoim,4402173,1.49,"€11,92/kg",Continente,Mercearia/Cereais e Barras/Barras de Cereais,https://www.continente.pt/dw/image/v2/BDVS_PRD/on/demandware.static/-/Sites-col-master-catalog/default/dwaf42e7db/images/col/440/4402173-frente.jpg?sw=280&sh=280,emb. 126 gr (6 un),https://www.continente.pt/produto/barras-de-cereais-chocolate-negro-e-amendoim-continente-4402173.html,biologicos,2025-04-21,Continente
Bolachas Golden Recheio de Creme,5597483,1.99,"€12,92/kg",Oreo,"Mercearia/Bolachas, Biscoitos e Tostas/Bolachas com Cobertura e Recheio",https://www.continente.pt/dw/image/v2/BDVS_PRD/on/demandware.static/-/Sites-col-master-catalog/default/dw1bba980d/images/col/559/5597483-frente.png?sw=280&sh=280,emb. 154 gr,https://www.continente.pt/produto/bolachas-golden-recheio-de-creme-oreo-5597483.html,biologicos,2025-04-21,Continente
Creme Vegetal de Soja para Culinária,7100475,1.35,"€6,75/lt",Joya,Laticínios e Ovos/Natas e Bechamel/Cremes Vegetais,https://www.continente.pt/dw/image/v2/BDVS_PRD/on/demandware.static/-/Sites-col-master-catalog/default/dwc6142b7e/images/col/710/7100475-frente.png?sw=280&sh=280,emb. 200 ml,https://www.continente.pt/produto/creme-vegetal-de-soja-para-culinaria-joya-7100475.html,biologicos,2025-04-21,Continente
Bolachas Digestivas com Chocolate Diet Nature,3749312,4.39,"€16,26/kg",Gullón,"Mercearia/Bolachas, Biscoitos e Tostas/Bolachas Fibra e Sem Açúcar",https://www.continente.pt/dw/image/v2/BDVS_PRD/on/demandware.static/-/Sites-col-master-catalog/default/dw360419fa/images/col/374/3749312-direito.jpg?sw=280&sh=280,emb. 270 gr,https://www.continente.pt/produto/bolachas-digestivas-com-chocolate-diet-nature-gullon-3749312.html,biologicos,2025-04-21,Continente
Leite Meio Gordo Infantil sem Lactose +3A,5442641,2.19,"€2,74/lt",Mimosa,Laticínios e Ovos/Leite/Leite sem Lactose,https://www.continente.pt/dw/image/v2/BDVS_PRD/on/demandware.static/-/Sites-col-master-catalog/default/dw7537944a/images/col/544/5442641-frente.jpg?sw=280&sh=280,emb. 4 x 200 ml,https://www.continente.pt/produto/leite-meio-gordo-infantil-sem-lactose-3a-mimosa-5442641.html,biologicos,2025-04-21,Continente
Grão de Bico,5895732,3.18,"€6,36/kg",Seara,"Mercearia/Arroz, Massa e Farinha/Feijão, Grão de Bico e Lentilhas",https://www.continente.pt/dw/image/v2/BDVS_PRD/on/demandware.static/-/Sites-col-master-catalog/default/dwcd29ab61/images/col/589/5895732-frente.jpg?sw=280&sh=280,emb. 500 gr,https://www.continente.pt/produto/grao-de-bico-seara-5895732.html,biologicos,2025-04-21,Continente
Bolachas Marinheiras Clássicas,8081122,1.69,"€9,39/kg",Continente,"Mercearia/Bolachas, Biscoitos e Tostas/Bolachas e Biscoitos Salgados",https://www.continente.pt/dw/image/v2/BDVS_PRD/on/demandware.static/-/Sites-col-master-catalog/default/dw51537985/images/col/808/8081122-frente.jpg?sw=280&sh=280,emb. 180 gr,https://www.continente.pt/produto/bolachas-marinheiras-classicas-continente-8081122.html,biologicos,2025-04-21,Continente
Cheróvia Biológica,7382699,1.49,"€4,26/kg",Continente Bio,"Frescos/Legumes/Cogumelos, Espargos e Exóticos",https://www.continente.pt/dw/image/v2/BDVS_PRD/on/demandware.static/-/Sites-col-master-catalog/default/dw4fc23364/images/col/738/7382699-frente.jpg?sw=280&sh=280,emb. 350 gr,https://www.continente.pt/produto/cherovia-biologica-continente-bio-7382699.html,biologicos,2025-04-21,Continente
Yofu Soja Exótico Estilo Skyr,7735381,2.54,"€6,35/kg",Alpro,Laticínios e Ovos/Iogurtes/Vegegurtes e Yofu,https://www.continente.pt/dw/image/v2/BDVS_PRD/on/demandware.static/-/Sites-col-master-catalog/default/dwf5dde419/images/col/773/7735381-frente.png?sw=280&sh=280,emb. 400 gr,https://www.continente.pt/produto/yofu-soja-exotico-estilo-skyr-alpro-7735381.html,biologicos,2025-04-21,Continente
Gelado Mochi Coco sem Glúten,7889479,5.99,"€31,20/kg",Little Moons,Congelados/Gelados/Mini Bites e Sandwich,https://www.continente.pt/dw/image/v2/BDVS_PRD/on/demandware.static/-/Sites-col-master-catalog/default/dwf4986d86/images/col/788/7889479-frente.jpg?sw=280&sh=280,emb. 6 un,https://www.continente.pt/produto/gelado-mochi-coco-sem-gluten-little-moons-7889479.html,biologicos,2025-04-21,Continente
Fatiado Sabor a Frango,7579203,2.99,"€29,90/kg",Violife,Bio e Saudável/Vegetariano e Vegan,https://www.continente.pt/dw/image/v2/BDVS_PRD/on/demandware.static/-/Sites-col-master-catalog/default/dw7a1533fe/images/col/757/7579203-frente.png?sw=280&sh=280,emb. 100 gr,https://www.continente.pt/produto/fatiado-sabor-a-frango-violife-7579203.html,biologicos,2025-04-21,Continente
Gratinado De Peixe Limão e Ervas sem Glúten,6916887,4.99,"€13,13/kg",Iglo,Congelados/Refeições Prontas,https://www.continente.pt/dw/image/v2/BDVS_PRD/on/demandware.static/-/Sites-col-master-catalog/default/dw1dfa0249/images/col/691/6916887-direito.jpg?sw=280&sh=280,emb. 380 gr (2 un),https://www.continente.pt/produto/gratinado-de-peixe-limao-e-ervas-sem-gluten-iglo-6916887.html,biologicos,2025-04-21,Continente
Maçã Vermelha Biológica,7439666,2.19,"€4,38/kg",Continente Bio,Campanhas/Sabores e Aromas de Outono,https://www.continente.pt/dw/image/v2/BDVS_PRD/on/demandware.static/-/Sites-col-master-catalog/default/dw1824aa7e/images/col/743/7439666-cima.jpg?sw=280&sh=280,emb. 500 gr,https://www.continente.pt/produto/maca-vermelha-biologica-continente-bio-7439666.html,biologicos,2025-04-21,Continente
Bolachas Recheadas Flakes,4522983,3.34,"€6,68/kg",Cuétara,"Mercearia/Bolachas, Biscoitos e Tostas/Bolachas Infantis",https://www.continente.pt/dw/image/v2/BDVS_PRD/on/demandware.static/-/Sites-col-master-catalog/default/dwee21c27c/images/col/452/4522983-direito.jpg?sw=280&sh=280,emb. 500 gr,https://www.continente.pt/produto/bolachas-recheadas-flakes-cuetara-4522983.html,biologicos,2025-04-21,Continente
Queijo Fresco Longa Duração sem Lactose,7600641,1.99,"€9,21/kg",Matinal,"Frescos/Queijos/Fresco, Requeijão e Mozzarella",https://www.continente.pt/dw/image/v2/BDVS_PRD/on/demandware.static/-/Sites-col-master-catalog/default/dw8508827d/images/col/760/7600641-topshot.jpg?sw=280&sh=280,3 un x 72 gr (216 gr),https://www.continente.pt/produto/queijo-fresco-longa-duracao-sem-lactose-matinal-7600641.html,biologicos,2025-04-21,Continente
Iogurte Proteína Baunilha,8174334,2.99,"€6,23/kg",Yopro Danone,Laticínios e Ovos/Iogurtes/Iogurtes Proteína,https://www.continente.pt/dw/image/v2/BDVS_PRD/on/demandware.static/-/Sites-col-master-catalog/default/dwed156132/images/col/817/8174334-frente.png?sw=280&sh=280,emb. 480 gr (4 un),https://www.continente.pt/produto/iogurte-proteina-baunilha-yopro-danone-8174334.html,biologicos,2025-04-21,Continente
Ervilhas,7486293,1.99,"€6,63/kg",Origens Bio,Congelados/Frutas e Legumes/Legumes,https://www.continente.pt/dw/image/v2/BDVS_PRD/on/demandware.static/-/Sites-col-master-catalog/default/dw630356f4/images/col/748/7486293-frente.jpg?sw=280&sh=280,emb. 300 gr,https://www.continente.pt/produto/ervilhas-origens-bio-7486293.html,biologicos,2025-04-21,Continente
Leite Achocolatado sem Lactose,7648867,1.35,"€2,25/lt",Continente,Laticínios e Ovos/Leite/Leite sem Lactose,https://www.continente.pt/dw/image/v2/BDVS_PRD/on/demandware.static/-/Sites-col-master-catalog/default/dw62ff7751/images/col/764/7648867-frente.jpg?sw=280&sh=280,emb. 3 x 200 ml,https://www.continente.pt/produto/leite-achocolatado-sem-lactose-continente-7648867.html,biologicos,2025-04-21,Continente
Escalopes de Bovino Biológicos,7395060,5.99,"€19,97/kg",Biologic,"Bio e Saudável/Biológicos/Peixaria, Talho e Alternativas",https://www.continente.pt/dw/image/v2/BDVS_PRD/on/demandware.static/-/Sites-col-master-catalog/default/dwbc356094/images/col/739/7395060-cima.jpg?sw=280&sh=280,emb. 300 gr,https://www.continente.pt/produto/escalopes-de-bovino-biologicos-biologic-7395060.html,biologicos,2025-04-21,Continente
Leite de Coco,5870516,2.24,"€5,60/lt",Origens Bio,Mercearia/Açúcar e Sobremesas/Leite Condensado e Leite de Coco,https://www.continente.pt/dw/image/v2/BDVS_PRD/on/demandware.static/-/Sites-col-master-catalog/default/dw2eaec600/images/col/587/5870516-frente.png?sw=280&sh=280,emb. 400 ml,https://www.continente.pt/produto/leite-de-coco-origens-bio-5870516.html,biologicos,2025-04-21,Continente
Snack para Bebé Ervilha e Queijo +8M,7399130,0.89,"€44,50/kg",Continente do Bebé,Mercearia/Alimentação Infantil/Snacks e Bolachinhas,https://www.continente.pt/dw/image/v2/BDVS_PRD/on/demandware.static/-/Sites-col-master-catalog/default/dwde3a4eeb/images/col/739/7399130-frente.jpg?sw=280&sh=280,emb. 20 gr,https://www.continente.pt/produto/snack-para-bebe-ervilha-e-queijo-8m-continente-do-bebe-7399130.html,biologicos,2025-04-21,Continente
Abrasivo Sanitário Gel Pinho,6321683,1.49,"€1,49/lt",Continente Eco,Limpeza/Casa de Banho/Abrasivos Sanitários,https://www.continente.pt/dw/image/v2/BDVS_PRD/on/demandware.static/-/Sites-col-master-catalog/default/dw15ef6946/images/col/632/6321683-hero.jpg?sw=280&sh=280,emb. 1 lt,https://www.continente.pt/produto/abrasivo-sanitario-gel-pinho-continente-eco-6321683.html,biologicos,2025-04-21,Continente
Puré Tropical Saqueta,6991392,1.09,"€10,90/kg",Seara,"Mercearia/Alimentação Infantil/Boiões, Saquetas e Puré de Fruta",https://www.continente.pt/dw/image/v2/BDVS_PRD/on/demandware.static/-/Sites-col-master-catalog/default/dw21e51556/images/col/699/6991392-frente.jpg?sw=280&sh=280,emb. 100 gr,https://www.continente.pt/produto/pure-tropical-saqueta-seara-6991392.html,biologicos,2025-04-21,Continente
Creme Vegetal de Soja Light para Culinária,2922836,1.49,"€5,96/lt",Alpro,Laticínios e Ovos/Natas e Bechamel/Cremes Vegetais,https://www.continente.pt/dw/image/v2/BDVS_PRD/on/demandware.static/-/Sites-col-master-catalog/default/dw2fc1f7b2/images/col/292/2922836-frente.png?sw=280&sh=280,emb. 250 ml,https://www.continente.pt/produto/creme-vegetal-de-soja-light-para-culinaria-alpro-2922836.html,biologicos,2025-04-21,Continente
Bebida Vegetal de Arroz Original,5990838,1.79,"€2,98/lt",Shoyce Hug,Laticínios e Ovos/Bebidas Vegetais/Bebida Arroz,https://www.continente.pt/dw/image/v2/BDVS_PRD/on/demandware.static/-/Sites-col-master-catalog/default/dwf4fc26de/images/col/599/5990838-frente.png?sw=280&sh=280,emb. 3 x 200 ml,https://www.continente.pt/produto/bebida-vegetal-de-arroz-original-shoyce-hug-5990838.html,biologicos,2025-04-21,Continente
Bebida Vegetal de Amêndoa e Aveia Torrada,7483833,3.19,"€3,19/lt",Rude Health,Laticínios e Ovos/Bebidas Vegetais/Bebida Amêndoa,https://www.continente.pt/dw/image/v2/BDVS_PRD/on/demandware.static/-/Sites-col-master-catalog/default/dwdca51a9b/images/col/748/7483833-frente.jpg?sw=280&sh=280,emb. 1 lt,https://www.continente.pt/produto/bebida-vegetal-de-amendoa-e-aveia-torrada-rude-health-7483833.html,biologicos,2025-04-21,Continente
Farinha de Trigo Branca,5896405,1.69,"€3,38/kg",Seara,"Mercearia/Arroz, Massa e Farinha/Farinha e Pão Ralado",https://www.continente.pt/dw/image/v2/BDVS_PRD/on/demandware.static/-/Sites-col-master-catalog/default/dw23c22dbd/images/col/589/5896405-frente.jpg?sw=280&sh=280,emb. 500 gr,https://www.continente.pt/produto/farinha-de-trigo-branca-seara-5896405.html,biologicos,2025-04-21,Continente
Iogurte Proteína Ananás e Coco,8391026,0.99,"€6,19/kg",Lindahls,Laticínios e Ovos/Iogurtes/Iogurtes Proteína,https://www.continente.pt/dw/image/v2/BDVS_PRD/on/demandware.static/-/Sites-col-master-catalog/default/dw750119fd/images/col/839/8391026-frente-cima.jpg?sw=280&sh=280,emb. 160 gr,https://www.continente.pt/produto/iogurte-proteina-ananas-e-coco-lindahls-8391026.html,biologicos,2025-04-21,Continente
Cebolinho,6831338,2.01,"€502,50/kg",Margão,"Mercearia/Molhos, Temperos e Sal/Especiarias e Ervas Aromáticas",https://www.continente.pt/dw/image/v2/BDVS_PRD/on/demandware.static/-/Sites-col-master-catalog/default/dw274d435b/images/col/683/6831338-frente.png?sw=280&sh=280,emb. 4 gr,https://www.continente.pt/produto/cebolinho-margao-6831338.html,biologicos,2025-04-21,Continente
Bebida Vegetal de Soja Frutos Vermelhos,4804709,2.19,"€2,92/lt",Alpro,Laticínios e Ovos/Bebidas Vegetais/Bebida Soja,https://www.continente.pt/dw/image/v2/BDVS_PRD/on/demandware.static/-/Sites-col-master-catalog/default/dw733f8f6d/images/col/480/4804709-frente.png?sw=280&sh=280,emb. 3 x 250 ml,https://www.continente.pt/produto/bebida-vegetal-de-soja-frutos-vermelhos-alpro-4804709.html,biologicos,2025-04-21,Continente
Tablete de Chocolate Escuro 99% Cacau,5884942,4.19,"€52,38/kg",Vivani,"Mercearia/Chocolate, Gomas e Rebuçados/Chocolates",https://www.continente.pt/dw/image/v2/BDVS_PRD/on/demandware.static/-/Sites-col-master-catalog/default/dw4437d8f8/images/col/588/5884942-frente.jpg?sw=280&sh=280,emb. 80 gr,https://www.continente.pt/produto/tablete-de-chocolate-escuro-99--cacau-vivani-5884942.html,biologicos,2025-04-21,Continente
Massinha Letrinhas sem Glúten,7887203,1.99,"€7,96/kg",Seitz,"Mercearia/Arroz, Massa e Farinha/Massa",https://www.continente.pt/dw/image/v2/BDVS_PRD/on/demandware.static/-/Sites-col-master-catalog/default/dwd4212682/images/col/788/7887203-frente.jpg?sw=280&sh=280,emb. 250 gr,https://www.continente.pt/produto/massinha-letrinhas-sem-gluten-seitz-7887203.html,biologicos,2025-04-21,Continente
Bebida Vegetal de Coco,6116933,3.39,"€3,39/lt",Rude Health,Laticínios e Ovos/Bebidas Vegetais/Outras Bebidas Vegetais,https://www.continente.pt/dw/image/v2/BDVS_PRD/on/demandware.static/-/Sites-col-master-catalog/default/dw5bb2cfcf/images/col/611/6116933-frente.jpg?sw=280&sh=280,emb. 1 lt,https://www.continente.pt/produto/bebida-vegetal-de-coco-rude-health-6116933.html,biologicos,2025-04-21,Continente
Bolachas Integrais,5000349,1.19,"€5,95/kg",Continente Equilíbrio,"Mercearia/Bolachas, Biscoitos e Tostas/Bolachas Fibra e Sem Açúcar",https://www.continente.pt/dw/image/v2/BDVS_PRD/on/demandware.static/-/Sites-col-master-catalog/default/dw5411f60e/images/col/500/5000349-hero.jpg?sw=280&sh=280,emb. 200 gr (4 un),https://www.continente.pt/produto/bolachas-integrais-continente-equilibrio-5000349.html,biologicos,2025-04-21,Continente
Snacks de Milho sem Glúten,6826186,0.89,"€44,50/kg",Fiorentini,"Mercearia/Bolachas, Biscoitos e Tostas/Bolachas e Biscoitos Salgados",https://www.continente.pt/dw/image/v2/BDVS_PRD/on/demandware.static/-/Sites-col-master-catalog/default/dw57f88b61/images/col/682/6826186-frente.jpg?sw=280&sh=280,emb. 20 gr,https://www.continente.pt/produto/snacks-de-milho-sem-gluten-fiorentini-6826186.html,biologicos,2025-04-21,Continente
Refeição para Bebé Legumes e Vitela +6M,7615803,2.49,"€13,11/kg",Gerber,Mercearia/Alimentação Infantil/Refeições,https://www.continente.pt/dw/image/v2/BDVS_PRD/on/demandware.static/-/Sites-col-master-catalog/default/dw955a66b3/images/col/761/7615803-frente.jpg?sw=280&sh=280,emb. 190 gr,https://www.continente.pt/produto/refeicao-para-bebe-legumes-e-vitela-6m-gerber-7615803.html,biologicos,2025-04-21,Continente
Iogurte Líquido +Proteína Café,7449990,1.18,"€4,21/kg",Continente,Laticínios e Ovos/Iogurtes/Iogurtes Líquidos,https://www.continente.pt/dw/image/v2/BDVS_PRD/on/demandware.static/-/Sites-col-master-catalog/default/dw6223445f/images/col/744/7449990-frente.jpg?sw=280&sh=280,emb. 280 gr,https://www.continente.pt/produto/iogurte-liquido-proteina-cafe-continente-7449990.html,biologicos,2025-04-21,Continente
Especialidade de Tofu Lata 8 un sem Glúten,7298540,2.79,"€17,44/kg",Nobre Vegalia,Mercearia/Conservas/Salsichas,https://www.continente.pt/dw/image/v2/BDVS_PRD/on/demandware.static/-/Sites-col-master-catalog/default/dw3a166a3b/images/col/729/7298540-hero.jpg?sw=280&sh=280,emb. 424 gr (peso escorrido 160 gr),https://www.continente.pt/produto/especialidade-de-tofu-lata-8-un-sem-gluten-nobre-vegalia-7298540.html,biologicos,2025-04-21,Continente
Papel Higiénico 3 Folhas Protect Branco,5204299,4.09,"€0,68/un",Colhogar,"Beleza e Higiene/Papel Higiénico/Papel Higiénico 3, 4 e 5 Folhas",https://www.continente.pt/dw/image/v2/BDVS_PRD/on/demandware.static/-/Sites-col-master-catalog/default/dw238eece0/images/col/520/5204299-hero.png?sw=280&sh=280,emb. 6 rolos,https://www.continente.pt/produto/papel-higienico-3-folhas-protect-branco-colhogar-5204299.html,biologicos,2025-04-21,Continente
Manjericão,6831305,2.01,"€182,73/kg",Margão,"Mercearia/Molhos, Temperos e Sal/Especiarias e Ervas Aromáticas",https://www.continente.pt/dw/image/v2/BDVS_PRD/on/demandware.static/-/Sites-col-master-catalog/default/dw7c0d6909/images/col/683/6831305-frente.png?sw=280&sh=280,emb. 11 gr,https://www.continente.pt/produto/manjericao-margao-6831305.html,biologicos,2025-04-21,Continente
Massa Fusilli,6331837,2.29,"€4,58/kg",Buitoni,"Mercearia/Arroz, Massa e Farinha/Massa",https://www.continente.pt/dw/image/v2/BDVS_PRD/on/demandware.static/-/Sites-col-master-catalog/default/dw11d6d3a2/images/col/633/6331837-frente.jpg?sw=280&sh=280,emb. 500 gr,https://www.continente.pt/produto/massa-fusilli-buitoni-6331837.html,biologicos,2025-04-21,Continente
"Saqueta de Maçã, Quark, Morango, Banana e Aveia Super Breakfast sem Adição de Açúcar",7731020,0.99,"€8,25/kg",Continente Equilíbrio,"Mercearia/Alimentação Infantil/Boiões, Saquetas e Puré de Fruta",https://www.continente.pt/dw/image/v2/BDVS_PRD/on/demandware.static/-/Sites-col-master-catalog/default/dw7e853f26/images/col/773/7731020-frente.jpg?sw=280&sh=280,emb. 120 gr,https://www.continente.pt/produto/saqueta-de-maca-quark-morango-banana-e-aveia-super-breakfast-sem-adicao-de-acucar-continente-equilibrio-7731020.html,biologicos,2025-04-21,Continente
"Saqueta de Maçã, Aveia e Ameixa Seca Super Breakfast sem Adição de Açúcar",7731018,0.99,"€8,25/kg",Continente Equilíbrio,"Mercearia/Alimentação Infantil/Boiões, Saquetas e Puré de Fruta",https://www.continente.pt/dw/image/v2/BDVS_PRD/on/demandware.static/-/Sites-col-master-catalog/default/dw8a867505/images/col/773/7731018-frente.jpg?sw=280&sh=280,emb. 120 gr,https://www.continente.pt/produto/saqueta-de-maca-aveia-e-ameixa-seca-super-breakfast-sem-adicao-de-acucar-continente-equilibrio-7731018.html,biologicos,2025-04-21,Continente
Gel de Banho Amêndoas Doces Bio,8054266,3.49,"€5,37/lt",Le Petit Marseillais,Beleza e Higiene/Corpo/Gel de Banho,https://www.continente.pt/dw/image/v2/BDVS_PRD/on/demandware.static/-/Sites-col-master-catalog/default/dw430e050b/images/col/805/8054266-frente.png?sw=280&sh=280,emb. 650 ml,https://www.continente.pt/produto/gel-de-banho-amendoas-doces-bio-le-petit-marseillais-8054266.html,biologicos,2025-04-21,Continente
Detergente Máquina Loiça Pastilhas Tudo em 1,6806108,11.99,"€0,40/un",LArbre Vert,Limpeza/Cozinha/Detergente Máquina Loiça,https://www.continente.pt/dw/image/v2/BDVS_PRD/on/demandware.static/-/Sites-col-master-catalog/default/dw46dada2d/images/col/680/6806108-cima.jpg?sw=280&sh=280,30 doses,https://www.continente.pt/produto/detergente-maquina-loica-pastilhas-tudo-em-1-larbre-vert-6806108.html,biologicos,2025-04-21,Continente
Boião de Fruta Pera e Maçã +4M,7168016,1.28,"€10,67/kg",Hero Baby,"Mercearia/Alimentação Infantil/Boiões, Saquetas e Puré de Fruta",https://www.continente.pt/dw/image/v2/BDVS_PRD/on/demandware.static/-/Sites-col-master-catalog/default/dwdd8f3813/images/col/716/7168016-frente.jpg?sw=280&sh=280,emb. 120 gr,https://www.continente.pt/produto/boiao-de-fruta-pera-e-maca-4m-hero-baby-7168016.html,biologicos,2025-04-21,Continente
Bebida Vegetal de Aveia,7484746,2.15,"€2,15/lt",Provida,Laticínios e Ovos/Bebidas Vegetais/Bebida Aveia,https://www.continente.pt/dw/image/v2/BDVS_PRD/on/demandware.static/-/Sites-col-master-catalog/default/dwd0f9169d/images/col/748/7484746-frente.jpg?sw=280&sh=280,emb. 1 lt,https://www.continente.pt/produto/bebida-vegetal-de-aveia-provida-7484746.html,biologicos,2025-04-21,Continente
Gelatina Pronta Vegetal Morango,4321726,0.84,"€6,46/kg",Koala,Laticínios e Ovos/Sobremesas/Gelatinas,https://www.continente.pt/dw/image/v2/BDVS_PRD/on/demandware.static/-/Sites-col-master-catalog/default/dw011e36ce/images/col/432/4321726-frente.png?sw=280&sh=280,emb. 130 gr,https://www.continente.pt/produto/gelatina-pronta-vegetal-morango-koala-4321726.html,biologicos,2025-04-21,Continente
Molho de Soja,6331858,5.49,"€21,96/lt",Kikkoman,"Mercearia/Molhos, Temperos e Sal/Molhos",https://www.continente.pt/dw/image/v2/BDVS_PRD/on/demandware.static/-/Sites-col-master-catalog/default/dwdb56fe96/images/col/633/6331858-frente.jpg?sw=280&sh=280,emb. 250 gr,https://www.continente.pt/produto/molho-de-soja-kikkoman-6331858.html,biologicos,2025-04-21,Continente
Bebida Vegetal de Arroz,5053759,2.49,"€2,49/lt",Alpro,Laticínios e Ovos/Bebidas Vegetais/Bebida Arroz,https://www.continente.pt/dw/image/v2/BDVS_PRD/on/demandware.static/-/Sites-col-master-catalog/default/dwa6f7156b/images/col/505/5053759-frente.png?sw=280&sh=280,emb. 1 lt,https://www.continente.pt/produto/bebida-vegetal-de-arroz-alpro-5053759.html,biologicos,2025-04-21,Continente
Iogurte Líquido +Proteína Morango,7599431,1.18,"€4,21/kg",Continente,Laticínios e Ovos/Iogurtes/Iogurtes Proteína,https://www.continente.pt/dw/image/v2/BDVS_PRD/on/demandware.static/-/Sites-col-master-catalog/default/dw2adbdb94/images/col/759/7599431-frente.jpg?sw=280&sh=280,emb. 280 gr,https://www.continente.pt/produto/iogurte-liquido-proteina-morango-continente-7599431.html,biologicos,2025-04-21,Continente
Bebida Vegetal de Aveia Sabor a Leite,7632255,2.59,"€2,59/lt",Alpro,Laticínios e Ovos/Bebidas Vegetais/Bebida Aveia,https://www.continente.pt/dw/image/v2/BDVS_PRD/on/demandware.static/-/Sites-col-master-catalog/default/dw4ad11b46/images/col/763/7632255-frente.jpg?sw=280&sh=280,emb. 1 lt,https://www.continente.pt/produto/bebida-vegetal-de-aveia-sabor-a-leite-alpro-7632255.html,biologicos,2025-04-21,Continente
Bolachas Mini Choco Chips,7227866,1.19,"€15,87/kg",Gullón,"Mercearia/Bolachas, Biscoitos e Tostas/Bolachas de Chocolate",https://www.continente.pt/dw/image/v2/BDVS_PRD/on/demandware.static/-/Sites-col-master-catalog/default/dw17d3ef31/images/col/722/7227866-direito.jpg?sw=280&sh=280,emb. 75 gr,https://www.continente.pt/produto/bolachas-mini-choco-chips-gullon-7227866.html,biologicos,2025-04-21,Continente
Detergente Líquido Roupa Peles Sensíveis,8090136,7.99,"€0,24/dos",LArbre Vert,Limpeza/Roupa/Detergente Máquina,https://www.continente.pt/dw/image/v2/BDVS_PRD/on/demandware.static/-/Sites-col-master-catalog/default/dw649de21e/images/col/809/8090136-frente.png?sw=280&sh=280,34 doses,https://www.continente.pt/produto/detergente-liquido-roupa-peles-sensiveis-larbre-vert-8090136.html,biologicos,2025-04-21,Continente
Bebida Vegetal de Amêndoa Torrada,5254417,2.49,"€2,49/lt",Alpro,Laticínios e Ovos/Bebidas Vegetais/Bebida Amêndoa,https://www.continente.pt/dw/image/v2/BDVS_PRD/on/demandware.static/-/Sites-col-master-catalog/default/dwd1807752/images/col/525/5254417-cima.jpg?sw=280&sh=280,emb. 1 lt,https://www.continente.pt/produto/bebida-vegetal-de-amendoa-torrada-alpro-5254417.html,biologicos,2025-04-21,Continente
Salsa Folhas,6831341,1.86,"€265,71/kg",Margão,"Mercearia/Molhos, Temperos e Sal/Especiarias e Ervas Aromáticas",https://www.continente.pt/dw/image/v2/BDVS_PRD/on/demandware.static/-/Sites-col-master-catalog/default/dw719718c3/images/col/683/6831341-frente.png?sw=280&sh=280,emb. 7 gr,https://www.continente.pt/produto/salsa-folhas-margao-6831341.html,biologicos,2025-04-21,Continente
Tablete de Chocolate Negro sem Glúten,5918466,3.39,"€27,12/kg",Nestlé,"Mercearia/Chocolate, Gomas e Rebuçados/Chocolates",https://www.continente.pt/dw/image/v2/BDVS_PRD/on/demandware.static/-/Sites-col-master-catalog/default/dwbcbf468b/images/col/591/5918466-hero.jpg?sw=280&sh=280,emb. 125 gr,https://www.continente.pt/produto/tablete-de-chocolate-negro-sem-gluten-nestle-5918466.html,biologicos,2025-04-21,Continente
Salsichas Veggie Lovers Frasco 5 un,7222277,3.56,"€16,18/kg",Izidoro,Mercearia/Conservas/Salsichas,https://www.continente.pt/dw/image/v2/BDVS_PRD/on/demandware.static/-/Sites-col-master-catalog/default/dw7666680d/images/col/722/7222277-frente.jpg?sw=280&sh=280,emb. 680 gr (peso escorrido 220 gr),https://www.continente.pt/produto/salsichas-veggie-lovers-frasco-5-un-izidoro-7222277.html,biologicos,2025-04-21,Continente
"Tortitas Vitalday de Arroz, Chocolate e Coco sem Glúten",7188279,2.64,"€22,56/kg",Gullón,"Mercearia/Bolachas, Biscoitos e Tostas/Tortitas de Arroz e Milho",https://www.continente.pt/dw/image/v2/BDVS_PRD/on/demandware.static/-/Sites-col-master-catalog/default/dw97599dee/images/col/718/7188279-frente.jpg?sw=280&sh=280,"emb. 117,6 gr (4 un)",https://www.continente.pt/produto/tortitas-vitalday-de-arroz-chocolate-e-coco-sem-gluten-gullon-7188279.html,biologicos,2025-04-21,Continente
Iogurte Líquido Natural Açucarado sem Lactose,5726251,2.99,"€4,40/kg",Nutrégi,Laticínios e Ovos/Iogurtes/Iogurtes sem Lactose,https://www.continente.pt/dw/image/v2/BDVS_PRD/on/demandware.static/-/Sites-col-master-catalog/default/dw401ac967/images/col/572/5726251-esquerdo.jpg?sw=280&sh=280,emb. 680 gr (4 un),https://www.continente.pt/produto/iogurte-liquido-natural-acucarado-sem-lactose-nutregi-5726251.html,biologicos,2025-04-21,Continente
Tortitas de Arroz sem Sal sem Glúten,7183105,0.79,"€6,08/kg",Continente Equilíbrio,"Mercearia/Bolachas, Biscoitos e Tostas/Tortitas de Arroz e Milho",https://www.continente.pt/dw/image/v2/BDVS_PRD/on/demandware.static/-/Sites-col-master-catalog/default/dw15f22356/images/col/718/7183105-frente.jpg?sw=280&sh=280,emb. 130 gr,https://www.continente.pt/produto/tortitas-de-arroz-sem-sal-sem-gluten-continente-equilibrio-7183105.html,biologicos,2025-04-21,Continente
Nuggets de Pescada Panada sem Glúten,7944188,11.32,"€11,32/kg",Pescanova,Congelados/Nuggets e Crocantes,https://www.continente.pt/dw/image/v2/BDVS_PRD/on/demandware.static/-/Sites-col-master-catalog/default/dwe5254311/images/col/794/7944188-frente.jpg?sw=280&sh=280,emb. 1 kg,https://www.continente.pt/produto/nuggets-de-pescada-panada-sem-gluten-pescanova-7944188.html,biologicos,2025-04-21,Continente
Bolachas Choco Tablet Diet Nature,7059567,4.39,"€29,27/kg",Gullón,"Mercearia/Bolachas, Biscoitos e Tostas/Bolachas Fibra e Sem Açúcar",https://www.continente.pt/dw/image/v2/BDVS_PRD/on/demandware.static/-/Sites-col-master-catalog/default/dw71d2983c/images/col/705/7059567-cima.jpg?sw=280&sh=280,emb. 150 gr (4 un),https://www.continente.pt/produto/bolachas-choco-tablet-diet-nature-gullon-7059567.html,biologicos,2025-04-21,Continente
Bolachas Digestivas Diet Nature,3749324,3.29,"€8,23/kg",Gullón,"Mercearia/Bolachas, Biscoitos e Tostas/Bolachas Fibra e Sem Açúcar",https://www.continente.pt/dw/image/v2/BDVS_PRD/on/demandware.static/-/Sites-col-master-catalog/default/dw004b3877/images/col/374/3749324-direito.jpg?sw=280&sh=280,emb. 400 gr,https://www.continente.pt/produto/bolachas-digestivas-diet-nature-gullon-3749324.html,biologicos,2025-04-21,Continente
Barras Cruas de Limão e Aveia sem Glúten,7969910,1.99,"€18,95/kg",Continente Equilíbrio,Mercearia/Cereais e Barras,https://www.continente.pt/dw/image/v2/BDVS_PRD/on/demandware.static/-/Sites-col-master-catalog/default/dwa4b35f6b/images/col/796/7969910-frente.jpg?sw=280&sh=280,emb. 105 gr (3 un),https://www.continente.pt/produto/barras-cruas-de-limao-e-aveia-sem-gluten-continente-equilibrio-7969910.html,biologicos,2025-04-21,Continente
Bebida Vegetal de Avelã,7491341,2.59,"€2,59/lt",Alpro,Laticínios e Ovos/Bebidas Vegetais/Outras Bebidas Vegetais,https://www.continente.pt/dw/image/v2/BDVS_PRD/on/demandware.static/-/Sites-col-master-catalog/default/dw104c5bbb/images/col/749/7491341-cima.jpg?sw=280&sh=280,emb. 1 lt,https://www.continente.pt/produto/bebida-vegetal-de-avela-alpro-7491341.html,biologicos,2025-04-21,Continente
Compressas de Algodão Orgânico 10 x 10 cm,7995883,1.89,"€0,02/un",Continente do Bebé,Bebé/Banho e Higiene/Saúde e Bem-Estar,https://www.continente.pt/dw/image/v2/BDVS_PRD/on/demandware.static/-/Sites-col-master-catalog/default/dwb72b1f83/images/col/799/7995883-frente.png?sw=280&sh=280,emb. 100 un,https://www.continente.pt/produto/compressas-de-algodao-organico-10-x-10-cm-continente-do-bebe-7995883.html,biologicos,2025-04-21,Continente
Yofu Soja Natural Estilo Skyr,7100168,2.54,"€6,35/kg",Alpro,Laticínios e Ovos/Iogurtes/Vegegurtes e Yofu,https://www.continente.pt/dw/image/v2/BDVS_PRD/on/demandware.static/-/Sites-col-master-catalog/default/dw50b9cf1f/images/col/710/7100168-cima.jpg?sw=280&sh=280,emb. 400 gr,https://www.continente.pt/produto/yofu-soja-natural-estilo-skyr-alpro-7100168.html,biologicos,2025-04-21,Continente
Cereais Corn Flakes Go Free sem Glúten,5429761,3.49,"€9,31/kg",Nestlé,Mercearia/Cereais e Barras/Corn Flakes,https://www.continente.pt/dw/image/v2/BDVS_PRD/on/demandware.static/-/Sites-col-master-catalog/default/dwbe09d78c/images/col/542/5429761-hero.jpg?sw=280&sh=280,emb. 375 gr,https://www.continente.pt/produto/cereais-corn-flakes-go-free-sem-gluten-nestle-5429761.html,biologicos,2025-04-21,Continente
Sabonete Sólido Coco,8120437,0.59,"€0,59/un",MyLabel,Beleza e Higiene/Corpo/Sabonetes,https://www.continente.pt/dw/image/v2/BDVS_PRD/on/demandware.static/-/Sites-col-master-catalog/default/dw5260ba23/images/col/812/8120437-frente.png?sw=280&sh=280,emb. 90 gr,https://www.continente.pt/produto/sabonete-solido-coco-mylabel-8120437.html,biologicos,2025-04-21,Continente
Bebida Vegetal de Aveia Light Sabor a Leite,7632276,2.59,"€2,59/lt",Alpro,Laticínios e Ovos/Bebidas Vegetais/Bebida Aveia,https://www.continente.pt/dw/image/v2/BDVS_PRD/on/demandware.static/-/Sites-col-master-catalog/default/dw87ec93ea/images/col/763/7632276-frente.png?sw=280&sh=280,emb. 1 lt,https://www.continente.pt/produto/bebida-vegetal-de-aveia-light-sabor-a-leite-alpro-7632276.html,biologicos,2025-04-21,Continente
Puré de Pera Saqueta sem Adição de Açúcar,6559345,1.09,"€10,90/kg",Seara,"Mercearia/Alimentação Infantil/Boiões, Saquetas e Puré de Fruta",https://www.continente.pt/dw/image/v2/BDVS_PRD/on/demandware.static/-/Sites-col-master-catalog/default/dwad0a3d5f/images/col/655/6559345-frente.jpg?sw=280&sh=280,emb. 100 gr,https://www.continente.pt/produto/pure-de-pera-saqueta-sem-adicao-de-acucar-seara-6559345.html,biologicos,2025-04-21,Continente
Iogurte Skyr Maracujá,8113861,1.29,"€8,60/kg",Ehrmann,Laticínios e Ovos/Iogurtes/Iogurtes Proteína,https://www.continente.pt/dw/image/v2/BDVS_PRD/on/demandware.static/-/Sites-col-master-catalog/default/dweefa527d/images/col/811/8113861-cima.png?sw=280&sh=280,emb. 150 gr,https://www.continente.pt/produto/iogurte-skyr-maracuja-ehrmann-8113861.html,biologicos,2025-04-21,Continente
Hambúrguer Abóbora,6561372,3.49,"€21,81/kg",Veg In,Frescos/Take Away/Vegetariano e Vegan/Pronto a Cozinhar,https://www.continente.pt/dw/image/v2/BDVS_PRD/on/demandware.static/-/Sites-col-master-catalog/default/dw431c0d6b/images/col/656/6561372-esquerdo.jpg?sw=280&sh=280,emb. 160 gr (2 un),https://www.continente.pt/produto/hamburguer-abobora-veg-in-6561372.html,biologicos,2025-04-21,Continente
Mix Pimentos Zero Desperdício,5821474,2.99,"€1,99/kg",Continente,"Frescos/Legumes/Alface, Tomate, Pepino e Pimento",https://www.continente.pt/dw/image/v2/BDVS_PRD/on/demandware.static/-/Sites-col-master-catalog/default/dw6648622c/images/col/582/5821474-frente.png?sw=280&sh=280,"emb. 1,5 kg",https://www.continente.pt/produto/mix-pimentos-zero-desperdicio-continente-5821474.html,biologicos,2025-04-21,Continente
Bebida Vegetal de Aveia Light,5429780,2.55,"€2,55/lt",Isola Bio,Laticínios e Ovos/Bebidas Vegetais/Bebida Aveia,https://www.continente.pt/dw/image/v2/BDVS_PRD/on/demandware.static/-/Sites-col-master-catalog/default/dw5711b1bf/images/col/542/5429780-frente.jpg?sw=280&sh=280,emb. 1 lt,https://www.continente.pt/produto/bebida-vegetal-de-aveia-light-isola-bio-5429780.html,biologicos,2025-04-21,Continente
Manteiga de Amendoim Crocante,6211747,3.95,"€7,90/kg",Prozis,Bio e Saudável/Nutrição Desportiva/Cremes de Barrar,https://www.continente.pt/dw/image/v2/BDVS_PRD/on/demandware.static/-/Sites-col-master-catalog/default/dwd93f1b59/images/col/621/6211747-frente.jpg?sw=280&sh=280,emb. 500 gr,https://www.continente.pt/produto/manteiga-de-amendoim-crocante-prozis-6211747.html,biologicos,2025-04-21,Continente
Biscoitos de Canela Sem Glúten,8037346,2.99,"€27,18/kg",Museu do Pão,Frescos/Padaria e Pastelaria/Biscoitos,https://www.continente.pt/dw/image/v2/BDVS_PRD/on/demandware.static/-/Sites-col-master-catalog/default/dwf5ff9d22/images/col/803/8037346-frente.jpg?sw=280&sh=280,emb. 110 gr,https://www.continente.pt/produto/biscoitos-de-canela-sem-gluten-museu-do-pao-8037346.html,biologicos,2025-04-21,Continente
Pudim Proteína Chocolate,7368599,1.89,"€9,45/kg",Ehrmann,Laticínios e Ovos/Iogurtes/Iogurtes Proteína,https://www.continente.pt/dw/image/v2/BDVS_PRD/on/demandware.static/-/Sites-col-master-catalog/default/dw501e5da6/images/col/736/7368599-cima.png?sw=280&sh=280,emb. 200 gr,https://www.continente.pt/produto/pudim-proteina-chocolate-ehrmann-7368599.html,biologicos,2025-04-21,Continente
Gomas Ursinhos sem Glúten,7324691,1.69,"€5,63/kg",Continente Infantil,"Mercearia/Chocolate, Gomas e Rebuçados/Gomas, Pastilhas e Rebuçados",https://www.continente.pt/dw/image/v2/BDVS_PRD/on/demandware.static/-/Sites-col-master-catalog/default/dw7c95faa8/images/col/732/7324691-frente.jpg?sw=280&sh=280,emb. 300 gr,https://www.continente.pt/produto/gomas-ursinhos-sem-gluten-continente-infantil-7324691.html,biologicos,2025-04-21,Continente
Toalhitas Bebé Nature Biodegradáveis,7579213,1.27,"€0,02/un",Nunex,Bebé/Fraldas e Toalhitas/Toalhitas,https://www.continente.pt/dw/image/v2/BDVS_PRD/on/demandware.static/-/Sites-col-master-catalog/default/dwd0ae2fe2/images/col/757/7579213-frente.jpg?sw=280&sh=280,emb. 54 un,https://www.continente.pt/produto/toalhitas-bebe-nature-biodegradaveis-nunex-7579213.html,biologicos,2025-04-21,Continente
Soja em Pedaços Molho Mediterrâneo,7064813,4.99,"€27,72/kg",Heura,Congelados/Refeições Prontas,https://www.continente.pt/dw/image/v2/BDVS_PRD/on/demandware.static/-/Sites-col-master-catalog/default/dwd2ba5130/images/col/706/7064813-direito.jpg?sw=280&sh=280,emb. 180 gr,https://www.continente.pt/produto/soja-em-pedacos-molho-mediterraneo-heura-7064813.html,biologicos,2025-04-21,Continente
Bolachas Cacau Recheadas com Creme Diet Nature,5717192,3.29,"€15,67/kg",Gullón,"Mercearia/Bolachas, Biscoitos e Tostas/Bolachas com Cobertura e Recheio",https://www.continente.pt/dw/image/v2/BDVS_PRD/on/demandware.static/-/Sites-col-master-catalog/default/dw21a640cf/images/col/571/5717192-direito.jpg?sw=280&sh=280,emb. 210 gr (5 un),https://www.continente.pt/produto/bolachas-cacau-recheadas-com-creme-diet-nature-gullon-5717192.html,biologicos,2025-04-21,Continente
Suplemento ZMA Cápsulas,5344022,23.99,"€0,27/un",Gold Nutrition,Bio e Saudável/Nutrição Desportiva/Suplementação,https://www.continente.pt/dw/image/v2/BDVS_PRD/on/demandware.static/-/Sites-col-master-catalog/default/dwd058413b/images/col/534/5344022-frente.jpg?sw=280&sh=280,emb. 90 un,https://www.continente.pt/produto/suplemento-zma-capsulas-gold-nutrition-5344022.html,biologicos,2025-04-21,Continente
Bolachas Vitalday Crocante Original,5511709,1.29,"€4,87/kg",Gullón,"Mercearia/Bolachas, Biscoitos e Tostas/Bolachas Fibra e Sem Açúcar",https://www.continente.pt/dw/image/v2/BDVS_PRD/on/demandware.static/-/Sites-col-master-catalog/default/dwa79a76d7/images/col/551/5511709-direito.jpg?sw=280&sh=280,emb. 265 gr,https://www.continente.pt/produto/bolachas-vitalday-crocante-original-gullon-5511709.html,biologicos,2025-04-21,Continente
Desodorizante Spray 0% Alumínio Rose,7719787,2.24,"€14,93/lt",Bioten,Beleza e Higiene/Corpo/Desodorizantes,https://www.continente.pt/dw/image/v2/BDVS_PRD/on/demandware.static/-/Sites-col-master-catalog/default/dwa344a805/images/col/771/7719787-frente.jpg?sw=280&sh=280,emb. 150 ml,https://www.continente.pt/produto/desodorizante-spray-0--aluminio-rose-bioten-7719787.html,biologicos,2025-04-21,Continente
Iogurte Grego Natural Açucarado sem Lactose,7127129,1.59,"€6,63/kg",Continente,Laticínios e Ovos/Iogurtes/Iogurtes sem Lactose,https://www.continente.pt/dw/image/v2/BDVS_PRD/on/demandware.static/-/Sites-col-master-catalog/default/dwf5a13f94/images/col/712/7127129-frente.jpg?sw=280&sh=280,emb. 240 gr (2 un),https://www.continente.pt/produto/iogurte-grego-natural-acucarado-sem-lactose-continente-7127129.html,biologicos,2025-04-21,Continente
Bebida Vegetal de Soja,3035597,2.19,"€2,92/lt",Alpro,Laticínios e Ovos/Bebidas Vegetais/Bebida Soja,https://www.continente.pt/dw/image/v2/BDVS_PRD/on/demandware.static/-/Sites-col-master-catalog/default/dw17e49afa/images/col/303/3035597-direito.jpg?sw=280&sh=280,emb. 3 x 250 ml,https://www.continente.pt/produto/bebida-vegetal-de-soja-alpro-3035597.html,biologicos,2025-04-21,Continente
Iogurte Pedaços Frutos do Bosque,5477246,1.84,"€12,27/kg",Pur Natur,Laticínios e Ovos/Iogurtes/Iogurtes Pedaços,https://www.continente.pt/dw/image/v2/BDVS_PRD/on/demandware.static/-/Sites-col-master-catalog/default/dw6c9d6ab5/images/col/547/5477246-cima.jpg?sw=280&sh=280,emb. 150 gr,https://www.continente.pt/produto/iogurte-pedacos-frutos-do-bosque-pur-natur-5477246.html,biologicos,2025-04-21,Continente
Suplemento Alimentar em Pó Café com sabor Caramelo e Flor de Sal,7991231,27.5,"€125,00/kg",Desincoffee,Bio e Saudável/Suplementos e Vitaminas/Controlo de Peso e Drenantes,https://www.continente.pt/dw/image/v2/BDVS_PRD/on/demandware.static/-/Sites-col-master-catalog/default/dwecfe4384/images/col/799/7991231-frente.jpg?sw=280&sh=280,emb. 220 gr,https://www.continente.pt/produto/suplemento-alimentar-em-po-cafe-com-sabor-caramelo-e-flor-de-sal-desincoffee-7991231.html,biologicos,2025-04-21,Continente
Pudim Proteína Caramelo,7368849,1.89,"€9,45/kg",Ehrmann,Laticínios e Ovos/Iogurtes/Iogurtes Proteína,https://www.continente.pt/dw/image/v2/BDVS_PRD/on/demandware.static/-/Sites-col-master-catalog/default/dw64b3ca95/images/col/736/7368849-cima.jpg?sw=280&sh=280,emb. 200 gr,https://www.continente.pt/produto/pudim-proteina-caramelo-ehrmann-7368849.html,biologicos,2025-04-21,Continente
Barrinhas de Salmão sem Glúten,5893654,4.65,"€15,50/kg",Pescanova,Congelados/Douradinhos e Filetes,https://www.continente.pt/dw/image/v2/BDVS_PRD/on/demandware.static/-/Sites-col-master-catalog/default/dw9ce5b927/images/col/589/5893654-direito.jpg?sw=280&sh=280,emb. 300 gr (10 un),https://www.continente.pt/produto/barrinhas-de-salmao-sem-gluten-pescanova-5893654.html,biologicos,2025-04-21,Continente
Hambúrguer Goji,6561374,3.49,"€21,81/kg",Veg In,Frescos/Take Away/Vegetariano e Vegan/Pronto a Cozinhar,https://www.continente.pt/dw/image/v2/BDVS_PRD/on/demandware.static/-/Sites-col-master-catalog/default/dw3cdc2aa4/images/col/656/6561374-esquerdo.jpg?sw=280&sh=280,emb. 160 gr (2 un),https://www.continente.pt/produto/hamburguer-goji-veg-in-6561374.html,biologicos,2025-04-21,Continente
Natas UHT para Bater sem Lactose,6119254,1.09,"€5,45/lt",Parmalat,Laticínios e Ovos/Natas e Bechamel/Natas para Bater e Chantilly,https://www.continente.pt/dw/image/v2/BDVS_PRD/on/demandware.static/-/Sites-col-master-catalog/default/dw7a27713f/images/col/611/6119254-frente.jpg?sw=280&sh=280,emb. 200 ml,https://www.continente.pt/produto/natas-uht-para-bater-sem-lactose-parmalat-6119254.html,biologicos,2025-04-21,Continente
"Iogurte Liquído Magro Probiótico Manga, Cenoura, Quinoa e Canela sem Lactose",7923041,2.19,"€3,63/kg",Mimosa,Laticínios e Ovos/Iogurtes/Iogurtes sem Lactose,https://www.continente.pt/dw/image/v2/BDVS_PRD/on/demandware.static/-/Sites-col-master-catalog/default/dw2809bdf5/images/col/792/7923041-frente.png?sw=280&sh=280,emb. 604 gr (4 un),https://www.continente.pt/produto/iogurte-liquido-magro-probiotico-manga-cenoura-quinoa-e-canela-sem-lactose-mimosa-7923041.html,biologicos,2025-04-21,Continente
Abóbora Biológica,2080668,2.19,"€1,25/un",Continente Bio,"Frescos/Legumes/Cenoura, Abóbora e Beterraba",https://www.continente.pt/dw/image/v2/BDVS_PRD/on/demandware.static/-/Sites-col-master-catalog/default/dwfe248109/images/col/208/2080668-frente.jpg?sw=280&sh=280,Quant. Mínima = 570 gr (1 un),https://www.continente.pt/produto/abobora-biologica-continente-bio-2080668.html,biologicos,2025-04-21,Continente
Bebida Vegetal de Soja Barista,7491342,2.14,"€2,14/lt",Alpro,Laticínios e Ovos/Bebidas Vegetais/Bebida Soja,https://www.continente.pt/dw/image/v2/BDVS_PRD/on/demandware.static/-/Sites-col-master-catalog/default/dwd4590232/images/col/749/7491342-cima.jpg?sw=280&sh=280,emb. 1 lt,https://www.continente.pt/produto/bebida-vegetal-de-soja-barista-alpro-7491342.html,biologicos,2025-04-21,Continente
Bebida Kombucha Gengibre e Limão,6801519,2.29,"€5,73/lt",The Gutsy Captain,"Bebidas e Garrafeira/Sumos e Refrigerantes/Ice Tea, Tisanas e Kombuchas",https://www.continente.pt/dw/image/v2/BDVS_PRD/on/demandware.static/-/Sites-col-master-catalog/default/dw9cfbc024/images/col/680/6801519-frente.jpg?sw=280&sh=280,emb. 40 cl,https://www.continente.pt/produto/bebida-kombucha-gengibre-e-limao-the-gutsy-captain-6801519.html,biologicos,2025-04-21,Continente
Mousse Proteína Chocolate,7443184,1.99,"€9,95/kg",Ehrmann,Laticínios e Ovos/Iogurtes/Iogurtes Proteína,https://www.continente.pt/dw/image/v2/BDVS_PRD/on/demandware.static/-/Sites-col-master-catalog/default/dwef4b38a9/images/col/744/7443184-cima.png?sw=280&sh=280,emb. 200 gr,https://www.continente.pt/produto/mousse-proteina-chocolate-ehrmann-7443184.html,biologicos,2025-04-21,Continente
Tortitas de Milho e Chia sem Glúten,5883535,2.59,"€21,58/kg",Fiorentini,"Mercearia/Bolachas, Biscoitos e Tostas/Tortitas de Arroz e Milho",https://www.continente.pt/dw/image/v2/BDVS_PRD/on/demandware.static/-/Sites-col-master-catalog/default/dw56c93da1/images/col/588/5883535-frente.jpg?sw=280&sh=280,emb. 120 gr,https://www.continente.pt/produto/tortitas-de-milho-e-chia-sem-gluten-fiorentini-5883535.html,biologicos,2025-04-21,Continente
Tofu Refrigerado Biológico,3047531,2.25,"€9,00/kg",Seara,"Bio e Saudável/Biológicos/Peixaria, Talho e Alternativas",https://www.continente.pt/dw/image/v2/BDVS_PRD/on/demandware.static/-/Sites-col-master-catalog/default/dw3e82b817/images/col/304/3047531-frente.jpg?sw=280&sh=280,emb. 250 gr,https://www.continente.pt/produto/tofu-refrigerado-biologico-seara-3047531.html,biologicos,2025-04-21,Continente
Granola Frutos Vermelhos Orgânica,7443667,5.99,"€14,98/kg",Rude Health,Mercearia/Cereais e Barras/Muesli e Granola,https://www.continente.pt/dw/image/v2/BDVS_PRD/on/demandware.static/-/Sites-col-master-catalog/default/dwf61f4944/images/col/744/7443667-frente.png?sw=280&sh=280,emb. 400 gr,https://www.continente.pt/produto/granola-frutos-vermelhos-organica-rude-health-7443667.html,biologicos,2025-04-21,Continente
Tortitas de Milho e Chocolate Negro Vitalday sem Glúten,7095887,2.94,"€29,40/kg",Gullón,"Mercearia/Bolachas, Biscoitos e Tostas/Tortitas de Arroz e Milho",https://www.continente.pt/dw/image/v2/BDVS_PRD/on/demandware.static/-/Sites-col-master-catalog/default/dw5f3c8ecf/images/col/709/7095887-frente.jpg?sw=280&sh=280,emb. 100 gr (4 un),https://www.continente.pt/produto/tortitas-de-milho-e-chocolate-negro-vitalday-sem-gluten-gullon-7095887.html,biologicos,2025-04-21,Continente
Bolachas Mini Cookies,5253111,2.49,"€20,75/kg",Marbú,"Mercearia/Bolachas, Biscoitos e Tostas/Bolachas Fibra e Sem Açúcar",https://www.continente.pt/dw/image/v2/BDVS_PRD/on/demandware.static/-/Sites-col-master-catalog/default/dwd216467d/images/col/525/5253111-frente.jpg?sw=280&sh=280,emb. 120 gr (4 un),https://www.continente.pt/produto/bolachas-mini-cookies-marbu-5253111.html,biologicos,2025-04-21,Continente
Lima Biológica,7675756,2.19,"€8,76/kg",Continente Bio,"Frescos/Frutas/Laranja, Clementina e Limão",https://www.continente.pt/dw/image/v2/BDVS_PRD/on/demandware.static/-/Sites-col-master-catalog/default/dw88d78500/images/col/767/7675756-frente.jpg?sw=280&sh=280,emb. 250 gr,https://www.continente.pt/produto/lima-biologica-continente-bio-7675756.html,biologicos,2025-04-21,Continente
Hambúrguer de Frango sem Glúten,5696985,7.49,"€31,21/kg",Capitão Iglo,Congelados/Hambúrgueres e Almôndegas,https://www.continente.pt/dw/image/v2/BDVS_PRD/on/demandware.static/-/Sites-col-master-catalog/default/dw06cde04b/images/col/569/5696985-direito.jpg?sw=280&sh=280,emb. 240 gr (4 un),https://www.continente.pt/produto/hamburguer-de-frango-sem-gluten-capitao-iglo-5696985.html,biologicos,2025-04-21,Continente
Tortitas Mini de Milho Presunto Ibérico sem Glúten,5037729,1.99,"€28,43/kg",Bicentury,"Mercearia/Bolachas, Biscoitos e Tostas/Tortitas de Arroz e Milho",https://www.continente.pt/dw/image/v2/BDVS_PRD/on/demandware.static/-/Sites-col-master-catalog/default/dwfb569a6f/images/col/503/5037729-frente.jpg?sw=280&sh=280,emb. 70 gr,https://www.continente.pt/produto/tortitas-mini-de-milho-presunto-iberico-sem-gluten-bicentury-5037729.html,biologicos,2025-04-21,Continente
Barra Sementes de Sésamo sem Glúten,6753397,1.59,"€21,20/kg",Continente Bio,Mercearia/Cereais e Barras/Barras de Cereais,https://www.continente.pt/dw/image/v2/BDVS_PRD/on/demandware.static/-/Sites-col-master-catalog/default/dwdfc93cb2/images/col/675/6753397-frente.jpg?sw=280&sh=280,emb. 75 gr (3 un),https://www.continente.pt/produto/barra-sementes-de-sesamo-sem-gluten-continente-bio-6753397.html,biologicos,2025-04-21,Continente
Bebida Vegetal de Coco Barista,7777707,2.99,"€2,99/lt",Rude Health,Laticínios e Ovos/Bebidas Vegetais/Outras Bebidas Vegetais,https://www.continente.pt/dw/image/v2/BDVS_PRD/on/demandware.static/-/Sites-col-master-catalog/default/dw5b84bb6e/images/col/777/7777707-frente.jpg?sw=280&sh=280,emb. 1 lt,https://www.continente.pt/produto/bebida-vegetal-de-coco-barista-rude-health-7777707.html,biologicos,2025-04-21,Continente
Detergente Manual Loiça Concentrado Bosque,7210857,1.69,"€3,38/lt",Continente Eco,Limpeza/Cozinha/Detergente Manual Loiça,https://www.continente.pt/dw/image/v2/BDVS_PRD/on/demandware.static/-/Sites-col-master-catalog/default/dwd7b0ca31/images/col/721/7210857-hero.jpg?sw=280&sh=280,emb. 500 ml,https://www.continente.pt/produto/detergente-manual-loica-concentrado-bosque-continente-eco-7210857.html,biologicos,2025-04-21,Continente
Gomas Sortido Açúcar sem Glúten,7324689,1.69,"€5,63/kg",Continente Infantil,"Mercearia/Chocolate, Gomas e Rebuçados/Gomas, Pastilhas e Rebuçados",https://www.continente.pt/dw/image/v2/BDVS_PRD/on/demandware.static/-/Sites-col-master-catalog/default/dwf68ab6af/images/col/732/7324689-frente.jpg?sw=280&sh=280,emb. 300 gr,https://www.continente.pt/produto/gomas-sortido-acucar-sem-gluten-continente-infantil-7324689.html,biologicos,2025-04-21,Continente
Snack para Bebé Ervilhas e Milho +10M,7785313,2.15,"€53,75/kg",Hero Solo,Mercearia/Alimentação Infantil/Snacks e Bolachinhas,https://www.continente.pt/dw/image/v2/BDVS_PRD/on/demandware.static/-/Sites-col-master-catalog/default/dw308408c1/images/col/778/7785313-frente.png?sw=280&sh=280,emb. 40 gr,https://www.continente.pt/produto/snack-para-bebe-ervilhas-e-milho-10m-hero-solo-7785313.html,biologicos,2025-04-21,Continente
Bolachas Maria Diet Nature,2904884,3.19,"€7,98/kg",Gullón,"Mercearia/Bolachas, Biscoitos e Tostas/Maria, Torrada e Biscoitos",https://www.continente.pt/dw/image/v2/BDVS_PRD/on/demandware.static/-/Sites-col-master-catalog/default/dwdc055253/images/col/290/2904884-direito.jpg?sw=280&sh=280,emb. 400 gr,https://www.continente.pt/produto/bolachas-maria-diet-nature-gullon-2904884.html,biologicos,2025-04-21,Continente
Bolachas Digestivas de Aveia e Chocolate,4069044,3.89,"€9,15/kg",Gullón,"Mercearia/Bolachas, Biscoitos e Tostas/Bolachas Fibra e Sem Açúcar",https://www.continente.pt/dw/image/v2/BDVS_PRD/on/demandware.static/-/Sites-col-master-catalog/default/dw06f40b88/images/col/406/4069044-direito.jpg?sw=280&sh=280,emb. 425 gr,https://www.continente.pt/produto/bolachas-digestivas-de-aveia-e-chocolate-gullon-4069044.html,biologicos,2025-04-21,Continente
Chá Dia e Noite Drenante sem Glúten,7577489,19.92,"€0,33/un",Desinchá,Bio e Saudável/Suplementos e Vitaminas,https://www.continente.pt/dw/image/v2/BDVS_PRD/on/demandware.static/-/Sites-col-master-catalog/default/dw2701a3e9/images/col/757/7577489-direito.jpg?sw=280&sh=280,emb. 60 un,https://www.continente.pt/produto/cha-dia-e-noite-drenante-sem-gluten-desincha-7577489.html,biologicos,2025-04-21,Continente
Gomas Minhocas sem Glúten,7324746,1.69,"€5,63/kg",Continente,"Mercearia/Chocolate, Gomas e Rebuçados/Gomas, Pastilhas e Rebuçados",https://www.continente.pt/dw/image/v2/BDVS_PRD/on/demandware.static/-/Sites-col-master-catalog/default/dw68bfb8e8/images/col/732/7324746-frente.jpg?sw=280&sh=280,emb. 300 gr,https://www.continente.pt/produto/gomas-minhocas-sem-gluten-continente-7324746.html,biologicos,2025-04-21,Continente
Toalhitas Bebé Sensitive,4999886,5.99,"€0,03/un",Dodot,Bebé/Fraldas e Toalhitas/Toalhitas,https://www.continente.pt/dw/image/v2/BDVS_PRD/on/demandware.static/-/Sites-col-master-catalog/default/dwa032eeba/images/col/499/4999886-hero.jpg?sw=280&sh=280,emb. 216 un (4 x 54 un),https://www.continente.pt/produto/toalhitas-bebe-sensitive-dodot-4999886.html,biologicos,2025-04-21,Continente
Hambúrguer Vegan Sabor a Carne,7520873,3.99,"€18,30/kg",The Vegetarian Butcher,Congelados/Hambúrgueres e Almôndegas,https://www.continente.pt/dw/image/v2/BDVS_PRD/on/demandware.static/-/Sites-col-master-catalog/default/dw95d2b60e/images/col/752/7520873-hero.jpg?sw=280&sh=280,emb. 218 gr,https://www.continente.pt/produto/hamburguer-vegan-sabor-a-carne-the-vegetarian-butcher-7520873.html,biologicos,2025-04-21,Continente
Condicionador Ultra Suave Delicadeza de Aveia,5717125,3.77,"€9,42/lt",Garnier,Beleza e Higiene/Cabelo/Condicionadores,https://www.continente.pt/dw/image/v2/BDVS_PRD/on/demandware.static/-/Sites-col-master-catalog/default/dwe2f2b51e/images/col/571/5717125-hero.jpg?sw=280&sh=280,emb. 400 ml,https://www.continente.pt/produto/condicionador-ultra-suave-delicadeza-de-aveia-garnier-5717125.html,biologicos,2025-04-21,Continente
Pasta de Azeitona Preta,6825380,3.6,"€40,00/kg",Prisca,Mercearia/Conservas/Patês,https://www.continente.pt/dw/image/v2/BDVS_PRD/on/demandware.static/-/Sites-col-master-catalog/default/dwbbce5445/images/col/682/6825380-frente.jpg?sw=280&sh=280,emb. 90 gr,https://www.continente.pt/produto/pasta-de-azeitona-preta-prisca-6825380.html,biologicos,2025-04-21,Continente
Yofu Soja Tarte de Maçã,8161212,1.99,"€4,97/kg",Alpro,Laticínios e Ovos/Iogurtes/Vegegurtes e Yofu,https://www.continente.pt/dw/image/v2/BDVS_PRD/on/demandware.static/-/Sites-col-master-catalog/default/dw200f4493/images/col/816/8161212-frente.png?sw=280&sh=280,emb. 400 gr,https://www.continente.pt/produto/yofu-soja-tarte-de-maca-alpro-8161212.html,biologicos,2025-04-21,Continente
Marmelada,7576427,1.99,"€7,96/kg",Continente Bio,"Mercearia/Compotas, Cremes e Mel/Marmeladas e Goiabadas",https://www.continente.pt/dw/image/v2/BDVS_PRD/on/demandware.static/-/Sites-col-master-catalog/default/dwe5443c6a/images/col/757/7576427-frente.jpg?sw=280&sh=280,emb. 250 gr,https://www.continente.pt/produto/marmelada-continente-bio-7576427.html,biologicos,2025-04-21,Continente
Cabaz de Legumes Biológico,7650451,9.99,"€2,00/kg",Continente Bio,Frescos/Frutas/Cabazes de Frutas e Legumes,https://www.continente.pt/dw/image/v2/BDVS_PRD/on/demandware.static/-/Sites-col-master-catalog/default/dw779f19f7/images/col/765/7650451-frente.jpg?sw=280&sh=280,emb. 5 kg,https://www.continente.pt/produto/cabaz-de-legumes-biologico-continente-bio-7650451.html,biologicos,2025-04-21,Continente
Pudim Proteico Baunilha,8291018,1.69,"€11,27/kg",Yopro Danone,Laticínios e Ovos/Iogurtes/Iogurtes Proteína,https://www.continente.pt/dw/image/v2/BDVS_PRD/on/demandware.static/-/Sites-col-master-catalog/default/dw0352aa66/images/col/829/8291018-frente.png?sw=280&sh=280,emb. 150 gr,https://www.continente.pt/produto/pudim-proteico-baunilha-yopro-danone-8291018.html,biologicos,2025-04-21,Continente
Doce Abóbora,4762917,2.69,"€10,76/kg",Prisca,"Mercearia/Compotas, Cremes e Mel/Doces e Compotas",https://www.continente.pt/dw/image/v2/BDVS_PRD/on/demandware.static/-/Sites-col-master-catalog/default/dw2750850f/images/col/476/4762917-frente.jpg?sw=280&sh=280,emb. 230 gr,https://www.continente.pt/produto/doce-abobora-prisca-4762917.html,biologicos,2025-04-21,Continente
Lasanha de Vegetais,7722652,2.49,"€6,23/kg",Continente,Frescos/Take Away/Refeições Prontas/Italianas,https://www.continente.pt/dw/image/v2/BDVS_PRD/on/demandware.static/-/Sites-col-master-catalog/default/dw3e4a869b/images/col/772/7722652-cima.jpg?sw=280&sh=280,emb. 400 gr,https://www.continente.pt/produto/lasanha-de-vegetais-continente-7722652.html,biologicos,2025-04-21,Continente
Fatiado Vegan Sabor a Cheddar,7402216,2.19,"€13,69/kg",Nurishh,Bio e Saudável/Vegetariano e Vegan,https://www.continente.pt/dw/image/v2/BDVS_PRD/on/demandware.static/-/Sites-col-master-catalog/default/dw2c8ab4bb/images/col/740/7402216-frente.jpg?sw=280&sh=280,emb. 160 gr,https://www.continente.pt/produto/fatiado-vegan-sabor-a-cheddar-nurishh-7402216.html,biologicos,2025-04-21,Continente
Hambúrguer de Cogumelos,6173733,3.49,"€21,81/kg",Veg In,Frescos/Take Away/Vegetariano e Vegan/Pronto a Cozinhar,https://www.continente.pt/dw/image/v2/BDVS_PRD/on/demandware.static/-/Sites-col-master-catalog/default/dw7068f53c/images/col/617/6173733-esquerdo.jpg?sw=280&sh=280,emb. 160 gr (2 un),https://www.continente.pt/produto/hamburguer-de-cogumelos-veg-in-6173733.html,biologicos,2025-04-21,Continente
Mel de Flores,7375862,6.19,"€17,69/kg",Origens Bio,"Mercearia/Compotas, Cremes e Mel/Mel",https://www.continente.pt/dw/image/v2/BDVS_PRD/on/demandware.static/-/Sites-col-master-catalog/default/dw3cb4f220/images/col/737/7375862-frente.jpg?sw=280&sh=280,emb. 350 gr,https://www.continente.pt/produto/mel-de-flores-origens-bio-7375862.html,biologicos,2025-04-21,Continente
Sabores do Mediterrâneo,7062756,2.29,"€9,16/kg",Natura,Campanhas/Cozinhas do Mundo,https://www.continente.pt/dw/image/v2/BDVS_PRD/on/demandware.static/-/Sites-col-master-catalog/default/dwcc7429e4/images/col/706/7062756-frente.png?sw=280&sh=280,emb. 250 gr,https://www.continente.pt/produto/sabores-do-mediterraneo-natura-7062756.html,biologicos,2025-04-21,Continente
Tablete de Chocolate 85% Cacau sem Glúten,5632667,3.29,"€32,90/kg",Lacasa,"Mercearia/Chocolate, Gomas e Rebuçados/Chocolates",https://www.continente.pt/dw/image/v2/BDVS_PRD/on/demandware.static/-/Sites-col-master-catalog/default/dw8e2853e3/images/col/563/5632667-direito.jpg?sw=280&sh=280,emb. 100 gr,https://www.continente.pt/produto/tablete-de-chocolate-85--cacau-sem-gluten-lacasa-5632667.html,biologicos,2025-04-21,Continente
Tortitas de Arroz com Chocolate Preto,7080452,2.27,"€18,92/kg",Prozis,Bio e Saudável/Nutrição Desportiva/Barras e Snacks,https://www.continente.pt/dw/image/v2/BDVS_PRD/on/demandware.static/-/Sites-col-master-catalog/default/dw763b4c52/images/col/708/7080452-frente.jpg?sw=280&sh=280,emb. 4 x 30 gr,https://www.continente.pt/produto/tortitas-de-arroz-com-chocolate-preto-prozis-7080452.html,biologicos,2025-04-21,Continente
Bebida Vegetal de Soja com Chocolate Proteína,7924108,1.59,"€1,59/un",Alpro,Laticínios e Ovos/Bebidas Vegetais/Bebida Soja,https://www.continente.pt/dw/image/v2/BDVS_PRD/on/demandware.static/-/Sites-col-master-catalog/default/dw6fabdc3b/images/col/792/7924108-cima.jpg?sw=280&sh=280,emb. 750 ml,https://www.continente.pt/produto/bebida-vegetal-de-soja-com-chocolate-proteina-alpro-7924108.html,biologicos,2025-04-21,Continente
Chocolate em Pó sem Glúten,2005271,1.89,"€15,12/kg",Pantagruel,Mercearia/Açúcar e Sobremesas/Cacau e Chocolates de Culinária,https://www.continente.pt/dw/image/v2/BDVS_PRD/on/demandware.static/-/Sites-col-master-catalog/default/dwab12dc22/images/col/200/2005271-frente.jpg?sw=280&sh=280,emb. 125 gr,https://www.continente.pt/produto/chocolate-em-po-sem-gluten-pantagruel-2005271.html,biologicos,2025-04-21,Continente
Mousse +Proteína Baunilha,7852695,1.19,"€7,93/kg",Continente,Laticínios e Ovos/Iogurtes/Iogurtes Proteína,https://www.continente.pt/dw/image/v2/BDVS_PRD/on/demandware.static/-/Sites-col-master-catalog/default/dwc0a7d5c4/images/col/785/7852695-frente.jpg?sw=280&sh=280,emb. 150 gr,https://www.continente.pt/produto/mousse-proteina-baunilha-continente-7852695.html,biologicos,2025-04-21,Continente
Sementes de Chia Biológicas,7625008,2.69,"€17,93/kg",Origens Bio,"Frescos/Frutas/Frutos Secos, Desidratados e Sementes/Sementes e Pevides",https://www.continente.pt/dw/image/v2/BDVS_PRD/on/demandware.static/-/Sites-col-master-catalog/default/dw88896aea/images/col/762/7625008-frente.png?sw=280&sh=280,emb. 150 gr,https://www.continente.pt/produto/sementes-de-chia-biologicas-origens-bio-7625008.html,biologicos,2025-04-21,Continente
Bolachas Digestivas de Aveia,4637127,4.49,"€10,95/kg",Gullón,"Mercearia/Bolachas, Biscoitos e Tostas/Bolachas Fibra e Sem Açúcar",https://www.continente.pt/dw/image/v2/BDVS_PRD/on/demandware.static/-/Sites-col-master-catalog/default/dwb9663dee/images/col/463/4637127-direito.jpg?sw=280&sh=280,emb. 410 gr,https://www.continente.pt/produto/bolachas-digestivas-de-aveia-gullon-4637127.html,biologicos,2025-04-21,Continente
Bebida Vegetal de Aveia e Chocolate,7827840,2.59,"€2,59/lt",Shoyce Hug,Laticínios e Ovos/Bebidas Vegetais/Bebida Aveia,https://www.continente.pt/dw/image/v2/BDVS_PRD/on/demandware.static/-/Sites-col-master-catalog/default/dwebc4d116/images/col/782/7827840-frente.png?sw=280&sh=280,emb. 1 lt,https://www.continente.pt/produto/bebida-vegetal-de-aveia-e-chocolate-shoyce-hug-7827840.html,biologicos,2025-04-21,Continente
Sabonete Líquido Eco Recarga Hidratante,2431083,3.17,"€6,34/lt",Dove,Beleza e Higiene/Corpo/Sabonetes,https://www.continente.pt/dw/image/v2/BDVS_PRD/on/demandware.static/-/Sites-col-master-catalog/default/dw12019b14/images/col/243/2431083-hero.jpg?sw=280&sh=280,emb. 500 ml,https://www.continente.pt/produto/sabonete-liquido-eco-recarga-hidratante-dove-2431083.html,biologicos,2025-04-21,Continente
Leite Proteína Café sem Lactose,7595234,2.69,"€3,59/lt",Mimosa,Laticínios e Ovos/Leite/Leite Achocolatado e Aromatizado,https://www.continente.pt/dw/image/v2/BDVS_PRD/on/demandware.static/-/Sites-col-master-catalog/default/dw9f860d04/images/col/759/7595234-frente.png?sw=280&sh=280,emb. 3 x 250 ml,https://www.continente.pt/produto/leite-proteina-cafe-sem-lactose-mimosa-7595234.html,biologicos,2025-04-21,Continente
Pudim Proteico Baunilha,7978642,2.99,"€6,23/kg",Danone,Laticínios e Ovos/Iogurtes/Iogurtes Proteína,https://www.continente.pt/dw/image/v2/BDVS_PRD/on/demandware.static/-/Sites-col-master-catalog/default/dw4c8fe607/images/col/797/7978642-frente.png?sw=280&sh=280,emb. 480 gr (4 un),https://www.continente.pt/produto/pudim-proteico-baunilha-danone-7978642.html,biologicos,2025-04-21,Continente
Iogurte Líquido Proteína Frutos Tropicais,7866707,1.69,"€6,76/kg",Mimosa,Laticínios e Ovos/Iogurtes/Iogurtes Líquidos,https://www.continente.pt/dw/image/v2/BDVS_PRD/on/demandware.static/-/Sites-col-master-catalog/default/dwa734d7b9/images/col/786/7866707-frente.png?sw=280&sh=280,emb. 250 gr,https://www.continente.pt/produto/iogurte-liquido-proteina-frutos-tropicais-mimosa-7866707.html,biologicos,2025-04-21,Continente
Tostas Multicereais sem Glúten,8069687,2.99,"€33,22/kg",Museu do Pão,"Frescos/Padaria e Pastelaria/Tostas, Gressinos e Croutons",https://www.continente.pt/dw/image/v2/BDVS_PRD/on/demandware.static/-/Sites-col-master-catalog/default/dw360b0ddf/images/col/806/8069687-cima.jpg?sw=280&sh=280,emb. 90 gr,https://www.continente.pt/produto/tostas-multicereais-sem-gluten-museu-do-pao-8069687.html,biologicos,2025-04-21,Continente
Farinha de Amêndoa sem Glúten,7334303,11.19,"€27,97/kg",Origens Bio,"Mercearia/Arroz, Massa e Farinha/Farinha e Pão Ralado",https://www.continente.pt/dw/image/v2/BDVS_PRD/on/demandware.static/-/Sites-col-master-catalog/default/dw2a35be03/images/col/733/7334303-frente.png?sw=280&sh=280,emb. 400 gr,https://www.continente.pt/produto/farinha-de-amendoa-sem-gluten-origens-bio-7334303.html,biologicos,2025-04-21,Continente
Creme para Barrar Vegan,8042756,2.99,"€19,93/kg",Violife,Bio e Saudável/Vegetariano e Vegan,https://www.continente.pt/dw/image/v2/BDVS_PRD/on/demandware.static/-/Sites-col-master-catalog/default/dw622a529b/images/col/804/8042756-cima-esquerdo.jpg?sw=280&sh=280,emb. 150 gr,https://www.continente.pt/produto/creme-para-barrar-vegan-violife-8042756.html,biologicos,2025-04-21,Continente
Iogurte Líquido Magro Probiótico Kiwi e Morango sem Lactose,7923112,2.19,"€3,63/kg",Mimosa,Laticínios e Ovos/Iogurtes/Iogurtes sem Lactose,https://www.continente.pt/dw/image/v2/BDVS_PRD/on/demandware.static/-/Sites-col-master-catalog/default/dwb321d893/images/col/792/7923112-frente.png?sw=280&sh=280,emb. 604 gr (4 un),https://www.continente.pt/produto/iogurte-liquido-magro-probiotico-kiwi-e-morango-sem-lactose-mimosa-7923112.html,biologicos,2025-04-21,Continente
Acendalhas Ecológicas,2625730,1.15,"€1,15/un",Continente,"Casa, Bricolage e Jardim/Grelhadores e Barbecues/Acendalhas, Carvão e Fósforos",https://www.continente.pt/dw/image/v2/BDVS_PRD/on/demandware.static/-/Sites-col-master-catalog/default/dwc617fc57/images/col/262/2625730-frente.jpg?sw=280&sh=280,emb. 32 un,https://www.continente.pt/produto/acendalhas-ecologicas-continente-2625730.html,biologicos,2025-04-21,Continente
Granola Frutos Silvestres,6094241,5.55,"€14,80/kg",Barnhouse,Mercearia/Cereais e Barras/Muesli e Granola,https://www.continente.pt/dw/image/v2/BDVS_PRD/on/demandware.static/-/Sites-col-master-catalog/default/dw082aefdb/images/col/609/6094241-frente.jpg?sw=280&sh=280,emb. 375 gr,https://www.continente.pt/produto/granola-frutos-silvestres-barnhouse-6094241.html,biologicos,2025-04-21,Continente
Milkshake Proteína Morango sem Lactose,8082139,2.59,"€7,85/lt",Barebells,"Bio e Saudável/Nutrição Desportiva/Iogurtes, Pudins e Bebidas Proteicas",https://www.continente.pt/dw/image/v2/BDVS_PRD/on/demandware.static/-/Sites-col-master-catalog/default/dw234c776d/images/col/808/8082139-frente.jpg?sw=280&sh=280,emb. 33 cl,https://www.continente.pt/produto/milkshake-proteina-morango-sem-lactose-barebells-8082139.html,biologicos,2025-04-21,Continente
Mariscada sem Glúten Congelada,7469019,6.99,"€8,74/kg",Continente Seleção,Frescos/Peixaria/Marisco/Congelado,https://www.continente.pt/dw/image/v2/BDVS_PRD/on/demandware.static/-/Sites-col-master-catalog/default/dw29e5784a/images/col/746/7469019-frente.jpg?sw=280&sh=280,emb. 800 gr,https://www.continente.pt/produto/mariscada-sem-gluten-congelada-continente-selecao-7469019.html,biologicos,2025-04-21,Continente
Sumo Natural Cenoura,4878561,1.09,"€5,45/lt",Cem Porcento,Bebidas e Garrafeira/Sumos e Refrigerantes/Sumos de Fruta,https://www.continente.pt/dw/image/v2/BDVS_PRD/on/demandware.static/-/Sites-col-master-catalog/default/dwd1c42d60/images/col/487/4878561-frente.jpg?sw=280&sh=280,emb. 20 cl,https://www.continente.pt/produto/sumo-natural-cenoura-cem-porcento-4878561.html,biologicos,2025-04-21,Continente
Nuggets Vegan de Proteína Vegetal,7619444,5.49,"€18,30/kg",Garden Gourmet,Congelados/Vegetariano e Vegan/Nuggets e Panados,https://www.continente.pt/dw/image/v2/BDVS_PRD/on/demandware.static/-/Sites-col-master-catalog/default/dwd185e870/images/col/761/7619444-frente.jpg?sw=280&sh=280,emb. 300 gr,https://www.continente.pt/produto/nuggets-vegan-de-proteina-vegetal-garden-gourmet-7619444.html,biologicos,2025-04-21,Continente
Gel de Banho Chá Verde Açores,8094866,2.25,"€4,98/lt",Feno,Beleza e Higiene/Corpo/Gel de Banho,https://www.continente.pt/dw/image/v2/BDVS_PRD/on/demandware.static/-/Sites-col-master-catalog/default/dwe6729197/images/col/809/8094866-frente.png?sw=280&sh=280,emb. 450 ml,https://www.continente.pt/produto/gel-de-banho-cha-verde-acores-feno-8094866.html,biologicos,2025-04-21,Continente
Barras Proteicas de Frutos Secos com Caramelo Salgado sem Glúten,6553176,2.64,"€16,50/kg",Nature Valley,Mercearia/Cereais e Barras/Barras de Cereais,https://www.continente.pt/dw/image/v2/BDVS_PRD/on/demandware.static/-/Sites-col-master-catalog/default/dw2b382757/images/col/655/6553176-frente.jpg?sw=280&sh=280,emb. 160 gr (4 un),https://www.continente.pt/produto/barras-proteicas-de-frutos-secos-com-caramelo-salgado-sem-gluten-nature-valley-6553176.html,biologicos,2025-04-21,Continente
Bolachas de Aveia e Caramelo Salgado,7703704,2.59,"€12,95/kg",Nairns,"Mercearia/Bolachas, Biscoitos e Tostas/Bolachas Fibra e Sem Açúcar",https://www.continente.pt/dw/image/v2/BDVS_PRD/on/demandware.static/-/Sites-col-master-catalog/default/dwc6d18511/images/col/770/7703704-direito.jpg?sw=280&sh=280,emb. 200 gr,https://www.continente.pt/produto/bolachas-de-aveia-e-caramelo-salgado-nairns-7703704.html,biologicos,2025-04-21,Continente
Pepitas de Chocolate 43% Cacau sem Glúten,6798895,4.04,"€20,20/kg",Pantagruel,"Mercearia/Chocolate, Gomas e Rebuçados/Cacau e Chocolates de Culinária",https://www.continente.pt/dw/image/v2/BDVS_PRD/on/demandware.static/-/Sites-col-master-catalog/default/dwc72d4702/images/col/679/6798895-frente.jpg?sw=280&sh=280,emb. 200 gr,https://www.continente.pt/produto/pepitas-de-chocolate-43--cacau-sem-gluten-pantagruel-6798895.html,biologicos,2025-04-21,Continente
Detergente Manual Loiça Concentrado Alecrim,7635783,2.99,"€3,99/lt",Frosch,Limpeza/Cozinha/Detergente Manual Loiça,https://www.continente.pt/dw/image/v2/BDVS_PRD/on/demandware.static/-/Sites-col-master-catalog/default/dw82cb43ed/images/col/763/7635783-frente.jpg?sw=280&sh=280,emb. 750 ml,https://www.continente.pt/produto/detergente-manual-loica-concentrado-alecrim-frosch-7635783.html,biologicos,2025-04-21,Continente
Iogurte Líquido Magro Frutos Vermelhos sem Lactose,7621337,1.59,"€2,48/kg",Continente,Laticínios e Ovos/Iogurtes/Iogurtes sem Lactose,https://www.continente.pt/dw/image/v2/BDVS_PRD/on/demandware.static/-/Sites-col-master-catalog/default/dwd56fb41a/images/col/762/7621337-frente.jpg?sw=280&sh=280,emb. 640 gr (4 un),https://www.continente.pt/produto/iogurte-liquido-magro-frutos-vermelhos-sem-lactose-continente-7621337.html,biologicos,2025-04-21,Continente
Champô Ultra Suave Crianças Alperce,2115614,3.69,"€14,76/lt",Garnier,Beleza e Higiene/Cabelo/Criança,https://www.continente.pt/dw/image/v2/BDVS_PRD/on/demandware.static/-/Sites-col-master-catalog/default/dw744e4837/images/col/211/2115614-hero.jpg?sw=280&sh=280,emb. 250 ml,https://www.continente.pt/produto/champo-ultra-suave-criancas-alperce-garnier-2115614.html,biologicos,2025-04-21,Continente
Picos sem Glúten,8030112,1.6,"€16,00/kg",Continente,"Frescos/Padaria e Pastelaria/Tostas, Gressinos e Croutons",https://www.continente.pt/dw/image/v2/BDVS_PRD/on/demandware.static/-/Sites-col-master-catalog/default/dw0334e57b/images/col/803/8030112-frente.jpg?sw=280&sh=280,emb. 100 gr,https://www.continente.pt/produto/picos-sem-gluten-continente-8030112.html,biologicos,2025-04-21,Continente
Tostas de Mistura sem Glúten,8069625,2.99,"€33,22/kg",Museu do Pão,"Frescos/Padaria e Pastelaria/Tostas, Gressinos e Croutons",https://www.continente.pt/dw/image/v2/BDVS_PRD/on/demandware.static/-/Sites-col-master-catalog/default/dw5279e23e/images/col/806/8069625-cima.jpg?sw=280&sh=280,emb. 90 gr,https://www.continente.pt/produto/tostas-de-mistura-sem-gluten-museu-do-pao-8069625.html,biologicos,2025-04-21,Continente
Azeite Virgem Extra,7403870,10.99,"€21,98/lt",Herdade do Esporão,"Mercearia/Azeite, Óleo e Vinagre/Azeite",https://www.continente.pt/dw/image/v2/BDVS_PRD/on/demandware.static/-/Sites-col-master-catalog/default/dwbf5c65d1/images/col/740/7403870-frente.png?sw=280&sh=280,emb. 50 cl,https://www.continente.pt/produto/azeite-virgem-extra-herdade-do-esporao-7403870.html,biologicos,2025-04-21,Continente
Box Toalhitas Bebé Sensitive XXL,7656587,14.99,"€0,02/un",Nunex,Bebé/Fraldas e Toalhitas/Toalhitas,https://www.continente.pt/dw/image/v2/BDVS_PRD/on/demandware.static/-/Sites-col-master-catalog/default/dw949df0b9/images/col/765/7656587-frente-1.jpg?sw=280&sh=280,emb. 756 un (14 x 54 un),https://www.continente.pt/produto/box-toalhitas-bebe-sensitive-xxl-nunex-7656587.html,biologicos,2025-04-21,Continente
Bebida Vegetal de Aveia,6437057,1.18,"€1,18/lt",Continente Bio,Laticínios e Ovos/Bebidas Vegetais/Bebida Aveia,https://www.continente.pt/dw/image/v2/BDVS_PRD/on/demandware.static/-/Sites-col-master-catalog/default/dw21970af9/images/col/643/6437057-frente.jpg?sw=280&sh=280,emb. 1 lt,https://www.continente.pt/produto/bebida-vegetal-de-aveia-continente-bio-6437057.html,biologicos,2025-04-21,Continente
Tortitas de Milho,4876377,0.94,"€7,23/kg",Salutem,"Mercearia/Bolachas, Biscoitos e Tostas/Tortitas de Arroz e Milho",https://www.continente.pt/dw/image/v2/BDVS_PRD/on/demandware.static/-/Sites-col-master-catalog/default/dw543960d3/images/col/487/4876377-frente.png?sw=280&sh=280,emb. 130 gr,https://www.continente.pt/produto/tortitas-de-milho-salutem-4876377.html,biologicos,2025-04-21,Continente
Palmiers com Chocolate Mini,8042239,2.0,"€10,00/kg",Virgen del Brezo,Frescos/Padaria e Pastelaria/Biscoitos,https://www.continente.pt/dw/image/v2/BDVS_PRD/on/demandware.static/-/Sites-col-master-catalog/default/dwda588c26/images/col/804/8042239-topshot.jpg?sw=280&sh=280,emb. 180 gr,https://www.continente.pt/produto/palmiers-com-chocolate-mini-virgen-del-brezo-8042239.html,biologicos,2025-04-21,Continente
Iogurte +Proteína Mirtilo,7599435,0.75,"€4,17/kg",Continente,Laticínios e Ovos/Iogurtes/Iogurtes Proteína,https://www.continente.pt/dw/image/v2/BDVS_PRD/on/demandware.static/-/Sites-col-master-catalog/default/dw183a9bef/images/col/759/7599435-frente.jpg?sw=280&sh=280,emb. 180 gr,https://www.continente.pt/produto/iogurte-proteina-mirtilo-continente-7599435.html,biologicos,2025-04-21,Continente
Iogurte Proteína Natural,7978645,3.29,"€6,85/kg",Yopro Danone,Laticínios e Ovos/Iogurtes/Iogurtes Proteína,https://www.continente.pt/dw/image/v2/BDVS_PRD/on/demandware.static/-/Sites-col-master-catalog/default/dw75f1a35b/images/col/797/7978645-frente.jpg?sw=280&sh=280,emb. 480 gr,https://www.continente.pt/produto/iogurte-proteina-natural-yopro-danone-7978645.html,biologicos,2025-04-21,Continente
Tablete de Chocolate Negro 74%,6769287,2.49,"€24,90/kg",Continente Bio,"Mercearia/Chocolate, Gomas e Rebuçados/Chocolates",https://www.continente.pt/dw/image/v2/BDVS_PRD/on/demandware.static/-/Sites-col-master-catalog/default/dwecd04c5b/images/col/676/6769287-frente.jpg?sw=280&sh=280,emb. 100 gr,https://www.continente.pt/produto/tablete-de-chocolate-negro-74--continente-bio-6769287.html,biologicos,2025-04-21,Continente
Gomas Bananas sem Glúten,5461222,1.19,"€13,22/kg",Fini,"Mercearia/Chocolate, Gomas e Rebuçados/Gomas, Pastilhas e Rebuçados",https://www.continente.pt/dw/image/v2/BDVS_PRD/on/demandware.static/-/Sites-col-master-catalog/default/dw83d26136/images/col/546/5461222-frente.jpg?sw=280&sh=280,emb. 90 gr,https://www.continente.pt/produto/gomas-bananas-sem-gluten-fini-5461222.html,biologicos,2025-04-21,Continente
Saqueta de Fruta Multifrutos +6M,8071836,0.73,"€8,11/kg",Continente do Bebé,"Mercearia/Alimentação Infantil/Boiões, Saquetas e Puré de Fruta",https://www.continente.pt/dw/image/v2/BDVS_PRD/on/demandware.static/-/Sites-col-master-catalog/default/dwe3b8e2a9/images/col/807/8071836-frente.jpg?sw=280&sh=280,emb. 90 gr,https://www.continente.pt/produto/saqueta-de-fruta-multifrutos-6m-continente-do-bebe-8071836.html,biologicos,2025-04-21,Continente
Creme Vegetal de Soja para Barrar,5079711,1.89,"€8,40/kg",Alpro,Laticínios e Ovos/Manteigas e Cremes para Barrar/Cremes Vegetais e Margarinas,https://www.continente.pt/dw/image/v2/BDVS_PRD/on/demandware.static/-/Sites-col-master-catalog/default/dwfe36c97d/images/col/507/5079711-direito.jpg?sw=280&sh=280,emb. 225 gr,https://www.continente.pt/produto/creme-vegetal-de-soja-para-barrar-alpro-5079711.html,biologicos,2025-04-21,Continente
Iogurte Natural sem Lactose,5895797,1.15,"€7,67/kg",Berchtesgadener Land,Laticínios e Ovos/Iogurtes/Iogurtes sem Lactose,https://www.continente.pt/dw/image/v2/BDVS_PRD/on/demandware.static/-/Sites-col-master-catalog/default/dwf6a327d4/images/col/589/5895797-frente.jpg?sw=280&sh=280,emb. 150 gr,https://www.continente.pt/produto/iogurte-natural-sem-lactose-berchtesgadener-land-5895797.html,biologicos,2025-04-21,Continente
Sacos Lixo Tytan Flex 60 lt,7673262,2.69,"€0,27/un",Fino,Limpeza/Sacos e Baldes do Lixo/Sacos do Lixo,https://www.continente.pt/dw/image/v2/BDVS_PRD/on/demandware.static/-/Sites-col-master-catalog/default/dw03a9acc6/images/col/767/7673262-frente.jpg?sw=280&sh=280,emb. 10 un,https://www.continente.pt/produto/sacos-lixo-tytan-flex-60-lt-fino-7673262.html,biologicos,2025-04-21,Continente
Flocos Aveia Integral Finos,6819560,1.29,"€3,23/kg",Continente Bio,Mercearia/Cereais e Barras/Flocos e Papas de Aveia,https://www.continente.pt/dw/image/v2/BDVS_PRD/on/demandware.static/-/Sites-col-master-catalog/default/dw52c37068/images/col/681/6819560-frente.jpg?sw=280&sh=280,emb.400 gr,https://www.continente.pt/produto/flocos-aveia-integral-finos-continente-bio-6819560.html,biologicos,2025-04-21,Continente
Bebida Vegetal de Aveia Barista,7486235,2.65,"€2,65/lt",Joya,Laticínios e Ovos/Bebidas Vegetais/Bebida Aveia,https://www.continente.pt/dw/image/v2/BDVS_PRD/on/demandware.static/-/Sites-col-master-catalog/default/dw4ae4d58d/images/col/748/7486235-frente.png?sw=280&sh=280,emb. 1 lt,https://www.continente.pt/produto/bebida-vegetal-de-aveia-barista-joya-7486235.html,biologicos,2025-04-21,Continente
Cereais Bolinhas de Cacau +12M,7399132,2.99,"€23,92/kg",Continente do Bebé,Mercearia/Alimentação Infantil/Snacks e Bolachinhas,https://www.continente.pt/dw/image/v2/BDVS_PRD/on/demandware.static/-/Sites-col-master-catalog/default/dw805cc5b1/images/col/739/7399132-frente.jpg?sw=280&sh=280,emb. 125 gr,https://www.continente.pt/produto/cereais-bolinhas-de-cacau-12m-continente-do-bebe-7399132.html,biologicos,2025-04-21,Continente
Tremoço e Flor de Sal Biológicos,7843058,2.99,"€11,07/kg",Agrinemus,Frescos/Legumes/Tremoços e Azeitonas,https://www.continente.pt/dw/image/v2/BDVS_PRD/on/demandware.static/-/Sites-col-master-catalog/default/dw7c366ba4/images/col/784/7843058-frente.png?sw=280&sh=280,emb. 270 gr,https://www.continente.pt/produto/tremoco-e-flor-de-sal-biologicos-agrinemus-7843058.html,biologicos,2025-04-21,Continente
Salsichas de Soja Lata 8 un,7298531,2.79,"€17,44/kg",Nobre Vegalia,Mercearia/Conservas/Salsichas,https://www.continente.pt/dw/image/v2/BDVS_PRD/on/demandware.static/-/Sites-col-master-catalog/default/dwd2cb3e63/images/col/729/7298531-hero.jpg?sw=280&sh=280,emb. 350 gr (peso escorrido 160 gr),https://www.continente.pt/produto/salsichas-de-soja-lata-8-un-nobre-vegalia-7298531.html,biologicos,2025-04-21,Continente
Bebida Vegetal de Aveia Sabor a Leite,8013166,1.29,"€1,29/un",Continente Equilíbrio,Laticínios e Ovos/Bebidas Vegetais/Bebida Aveia,https://www.continente.pt/dw/image/v2/BDVS_PRD/on/demandware.static/-/Sites-col-master-catalog/default/dw4f28438d/images/col/801/8013166-frente.png?sw=280&sh=280,emb. 1 lt,https://www.continente.pt/produto/bebida-vegetal-de-aveia-sabor-a-leite-continente-equilibrio-8013166.html,biologicos,2025-04-21,Continente
Soda Artesanal Pêssego e Gengibre,7536008,1.85,"€5,61/lt",Why Not,Bebidas e Garrafeira/Sumos e Refrigerantes/Refrigerantes com Gás,https://www.continente.pt/dw/image/v2/BDVS_PRD/on/demandware.static/-/Sites-col-master-catalog/default/dw5590c4d9/images/col/753/7536008-frente.png?sw=280&sh=280,garrafa 33 cl,https://www.continente.pt/produto/soda-artesanal-pessego-e-gengibre-why-not-7536008.html,biologicos,2025-04-21,Continente
Barra Proteína Baunilha,8091607,1.99,"€39,80/kg",Corny,Mercearia/Cereais e Barras/Barras de Cereais,https://www.continente.pt/dw/image/v2/BDVS_PRD/on/demandware.static/-/Sites-col-master-catalog/default/dw9c138385/images/col/809/8091607-frente.jpg?sw=280&sh=280,emb. 50 gr,https://www.continente.pt/produto/barra-proteina-baunilha-corny-8091607.html,biologicos,2025-04-21,Continente
Farinha Amido de Milho sem Glúten,5422341,2.6,"€6,50/kg",Maizena,"Mercearia/Arroz, Massa e Farinha/Farinha e Pão Ralado",https://www.continente.pt/dw/image/v2/BDVS_PRD/on/demandware.static/-/Sites-col-master-catalog/default/dwd8135e76/images/col/542/5422341-hero.jpg?sw=280&sh=280,emb. 400 gr,https://www.continente.pt/produto/farinha-amido-de-milho-sem-gluten-maizena-5422341.html,biologicos,2025-04-21,Continente
Suplemento Gold Colagénio + Ácido Hialurónico Sabor Bolacha Maria,7407644,23.8,"€52,89/kg",EU Nutrition,Bio e Saudável/Nutrição Desportiva/Energia e Proteína,https://www.continente.pt/dw/image/v2/BDVS_PRD/on/demandware.static/-/Sites-col-master-catalog/default/dw98675edb/images/col/740/7407644-frente.jpg?sw=280&sh=280,emb. 450 gr,https://www.continente.pt/produto/suplemento-gold-colagenio-acido-hialuronico-sabor-bolacha-maria-eu-nutrition-7407644.html,biologicos,2025-04-21,Continente
Barra Proteína Caramelo Zero,7720584,1.59,"€39,75/kg",Prozis,Mercearia/Cereais e Barras/Barras de Cereais,https://www.continente.pt/dw/image/v2/BDVS_PRD/on/demandware.static/-/Sites-col-master-catalog/default/dwfef12d5c/images/col/772/7720584-frente.jpg?sw=280&sh=280,emb. 40 gr,https://www.continente.pt/produto/barra-proteina-caramelo-zero-prozis-7720584.html,biologicos,2025-04-21,Continente
Iogurte Aroma Banana,6618252,3.39,"€6,78/kg",Pastoret,Laticínios e Ovos/Iogurtes/Iogurtes Aromas e Naturais,https://www.continente.pt/dw/image/v2/BDVS_PRD/on/demandware.static/-/Sites-col-master-catalog/default/dw8961d17e/images/col/661/6618252-frente.jpg?sw=280&sh=280,emb. 500 gr,https://www.continente.pt/produto/iogurte-aroma-banana-pastoret-6618252.html,biologicos,2025-04-21,Continente
Óleo de Coco Virgem,5870491,8.78,"€17,56/lt",Origens Bio,"Mercearia/Azeite, Óleo e Vinagre/Óleo Alimentar",https://www.continente.pt/dw/image/v2/BDVS_PRD/on/demandware.static/-/Sites-col-master-catalog/default/dw2589f93a/images/col/587/5870491-frente.png?sw=280&sh=280,emb. 500 ml,https://www.continente.pt/produto/oleo-de-coco-virgem-origens-bio-5870491.html,biologicos,2025-04-21,Continente
Tampão Digital Organic Normal Bio,7376260,3.99,"€0,25/un",O.b.,Beleza e Higiene/Higiene Íntima/Tampões,https://www.continente.pt/dw/image/v2/BDVS_PRD/on/demandware.static/-/Sites-col-master-catalog/default/dwcdc6fd4f/images/col/737/7376260-frente.jpg?sw=280&sh=280,emb. 16 un,https://www.continente.pt/produto/tampao-digital-organic-normal-bio-o.b.-7376260.html,biologicos,2025-04-21,Continente
Bebida Vegetal de Coco sem Açúcar,7484790,2.29,"€2,29/lt",Provida,Laticínios e Ovos/Bebidas Vegetais/Outras Bebidas Vegetais,https://www.continente.pt/dw/image/v2/BDVS_PRD/on/demandware.static/-/Sites-col-master-catalog/default/dwde6fdd97/images/col/748/7484790-frente.jpg?sw=280&sh=280,emb. 1 lt,https://www.continente.pt/produto/bebida-vegetal-de-coco-sem-acucar-provida-7484790.html,biologicos,2025-04-21,Continente
Sal Rosa dos Himalaias Fino,6522770,1.89,"€3,78/kg",Origens Bio,"Mercearia/Molhos, Temperos e Sal/Sal",https://www.continente.pt/dw/image/v2/BDVS_PRD/on/demandware.static/-/Sites-col-master-catalog/default/dwff4b1060/images/col/652/6522770-frente.png?sw=280&sh=280,emb. 500 gr,https://www.continente.pt/produto/sal-rosa-dos-himalaias-fino-origens-bio-6522770.html,biologicos,2025-04-21,Continente
Tapioca Hidratada sem Glúten,7595283,2.99,"€5,98/kg",Continente,"Mercearia/Arroz, Massa e Farinha/Farinha e Pão Ralado",https://www.continente.pt/dw/image/v2/BDVS_PRD/on/demandware.static/-/Sites-col-master-catalog/default/dw6960cc51/images/col/759/7595283-frente.jpg?sw=280&sh=280,emb. 500 gr,https://www.continente.pt/produto/tapioca-hidratada-sem-gluten-continente-7595283.html,biologicos,2025-04-21,Continente
"Doce Maçã, Canela e Gengibre",7140425,2.99,"€10,68/kg",Continente Equilíbrio,"Mercearia/Compotas, Cremes e Mel/Doces e Compotas",https://www.continente.pt/dw/image/v2/BDVS_PRD/on/demandware.static/-/Sites-col-master-catalog/default/dw44339c6e/images/col/714/7140425-frente.jpg?sw=280&sh=280,emb. 280 gr,https://www.continente.pt/produto/doce-maca-canela-e-gengibre-continente-equilibrio-7140425.html,biologicos,2025-04-21,Continente
Pasta de Dentes Júnior Pump 6 a 12 Anos,8066050,7.99,"€53,27/lt",Jordan,Beleza e Higiene/Higiene Oral/Higiene Oral Infantil,https://www.continente.pt/dw/image/v2/BDVS_PRD/on/demandware.static/-/Sites-col-master-catalog/default/dw0e2d5307/images/col/806/8066050-frente.jpg?sw=280&sh=280,emb. 150 ml,https://www.continente.pt/produto/pasta-de-dentes-junior-pump-6-a-12-anos-jordan-8066050.html,biologicos,2025-04-21,Continente
Banana da Madeira Biológica,6324589,4.29,"€3,69/un",Continente Bio,"Frescos/Frutas/Banana, Maçã e Pera",https://www.continente.pt/dw/image/v2/BDVS_PRD/on/demandware.static/-/Sites-col-master-catalog/default/dw79509e6f/images/col/632/6324589-frente.jpg?sw=280&sh=280,emb. 860 gr,https://www.continente.pt/produto/banana-da-madeira-biologica-continente-bio-6324589.html,biologicos,2025-04-21,Continente
Creme Vegetal de Soja Light para Culinária,6292991,1.03,"€5,15/lt",Shoyce Hug,Laticínios e Ovos/Natas e Bechamel/Cremes Vegetais,https://www.continente.pt/dw/image/v2/BDVS_PRD/on/demandware.static/-/Sites-col-master-catalog/default/dw3a262b5e/images/col/629/6292991-frente.png?sw=280&sh=280,emb. 200 ml,https://www.continente.pt/produto/creme-vegetal-de-soja-light-para-culinaria-shoyce-hug-6292991.html,biologicos,2025-04-21,Continente
Iogurte Grego Natural com Saqueta Chocolate e Avelãs Desidratadas,7998691,1.59,"€12,23/kg",Yonest,Laticínios e Ovos/Iogurtes/Iogurtes Gregos,https://www.continente.pt/dw/image/v2/BDVS_PRD/on/demandware.static/-/Sites-col-master-catalog/default/dw970a3586/images/col/799/7998691-cima.jpg?sw=280&sh=280,emb. 130 gr,https://www.continente.pt/produto/iogurte-grego-natural-com-saqueta-chocolate-e-avelas-desidratadas-yonest-7998691.html,biologicos,2025-04-21,Continente
Queijo Gouda sem Lactose Fatiado,5582241,1.79,"€11,93/kg",Continente,Frescos/Queijos/Fatiado e Bolas,https://www.continente.pt/dw/image/v2/BDVS_PRD/on/demandware.static/-/Sites-col-master-catalog/default/dw549b4adc/images/col/558/5582241-frente.jpg?sw=280&sh=280,emb. 150 gr,https://www.continente.pt/produto/queijo-gouda-sem-lactose-fatiado-continente-5582241.html,biologicos,2025-04-21,Continente
Detergente Máquina Roupa Líquido Origem Natural Citrus,7104665,9.99,"€0,29/dos",Botanical Origin,Limpeza/Roupa/Detergente Máquina,https://www.continente.pt/dw/image/v2/BDVS_PRD/on/demandware.static/-/Sites-col-master-catalog/default/dw3d8251b6/images/col/710/7104665-frente.jpg?sw=280&sh=280,35 doses,https://www.continente.pt/produto/detergente-maquina-roupa-liquido-origem-natural-citrus-botanical-origin-7104665.html,biologicos,2025-04-21,Continente
Soda Artesanal Framboesa e Tomilho,7536000,1.85,"€5,61/lt",Why Not,Bebidas e Garrafeira/Sumos e Refrigerantes/Refrigerantes com Gás,https://www.continente.pt/dw/image/v2/BDVS_PRD/on/demandware.static/-/Sites-col-master-catalog/default/dwb5e76b53/images/col/753/7536000-frente.png?sw=280&sh=280,garrafa 33 cl,https://www.continente.pt/produto/soda-artesanal-framboesa-e-tomilho-why-not-7536000.html,biologicos,2025-04-21,Continente
Champô Caracóis,7257667,4.01,"€9,11/lt",Syoss,Beleza e Higiene/Cabelo/Champôs,https://www.continente.pt/dw/image/v2/BDVS_PRD/on/demandware.static/-/Sites-col-master-catalog/default/dwed1ea01a/images/col/725/7257667-frente.jpg?sw=280&sh=280,emb. 440 ml,https://www.continente.pt/produto/champo-caracois-syoss-7257667.html,biologicos,2025-04-21,Continente
Champô Fructis Força e Brilho,7445835,6.49,"€9,41/lt",Garnier,Beleza e Higiene/Cabelo/Champôs,https://www.continente.pt/dw/image/v2/BDVS_PRD/on/demandware.static/-/Sites-col-master-catalog/default/dw9670ebe7/images/col/744/7445835-hero.jpg?sw=280&sh=280,emb. 690 ml,https://www.continente.pt/produto/champo-fructis-forca-e-brilho-garnier-7445835.html,biologicos,2025-04-21,Continente
Doce Pêssego,7165414,3.09,"€11,04/kg",Casa de Mateus,"Mercearia/Compotas, Cremes e Mel/Doces e Compotas",https://www.continente.pt/dw/image/v2/BDVS_PRD/on/demandware.static/-/Sites-col-master-catalog/default/dw3fa07916/images/col/716/7165414-cima.jpg?sw=280&sh=280,emb. 280 gr,https://www.continente.pt/produto/doce-pessego-casa-de-mateus-7165414.html,biologicos,2025-04-21,Continente
Snacks de Milho com Tomate e Manjericão sem Glúten,8124496,1.34,"€26,80/kg",Fiorentini,"Mercearia/Bolachas, Biscoitos e Tostas/Tortitas de Arroz e Milho",https://www.continente.pt/dw/image/v2/BDVS_PRD/on/demandware.static/-/Sites-col-master-catalog/default/dwda9f062c/images/col/812/8124496-frente.png?sw=280&sh=280,emb. 50 gr,https://www.continente.pt/produto/snacks-de-milho-com-tomate-e-manjericao-sem-gluten-fiorentini-8124496.html,biologicos,2025-04-21,Continente
Bebida Vegetal de Arroz 0%,5783692,1.79,"€1,79/lt",Shoyce Hug,Laticínios e Ovos/Bebidas Vegetais/Bebida Arroz,https://www.continente.pt/dw/image/v2/BDVS_PRD/on/demandware.static/-/Sites-col-master-catalog/default/dw29b1f9eb/images/col/578/5783692-frente.png?sw=280&sh=280,emb. 1 lt,https://www.continente.pt/produto/bebida-vegetal-de-arroz-0--shoyce-hug-5783692.html,biologicos,2025-04-21,Continente
Bolachas de Chocolate com Recheio de Creme,5247119,2.65,"€12,05/kg",Oreo,"Mercearia/Bolachas, Biscoitos e Tostas/Bolachas com Cobertura e Recheio",https://www.continente.pt/dw/image/v2/BDVS_PRD/on/demandware.static/-/Sites-col-master-catalog/default/dwa87df9da/images/col/524/5247119-frente.jpg?sw=280&sh=280,emb. 220 gr (5 un),https://www.continente.pt/produto/bolachas-de-chocolate-com-recheio-de-creme-oreo-5247119.html,biologicos,2025-04-21,Continente
Doce de Abóbora,6818472,3.29,"€13,71/kg",Prisca,"Mercearia/Compotas, Cremes e Mel/Doces e Compotas",https://www.continente.pt/dw/image/v2/BDVS_PRD/on/demandware.static/-/Sites-col-master-catalog/default/dwbb2f7fbf/images/col/681/6818472-frente.jpg?sw=280&sh=280,emb. 240 gr,https://www.continente.pt/produto/doce-de-abobora-prisca-6818472.html,biologicos,2025-04-21,Continente
Bolachas de Chocolate com Recheio Brownie,6290306,1.99,"€12,92/kg",Oreo,"Mercearia/Bolachas, Biscoitos e Tostas/Bolachas com Cobertura e Recheio",https://www.continente.pt/dw/image/v2/BDVS_PRD/on/demandware.static/-/Sites-col-master-catalog/default/dw3dc023db/images/col/629/6290306-frente.png?sw=280&sh=280,emb. 154 gr,https://www.continente.pt/produto/bolachas-de-chocolate-com-recheio-brownie-oreo-6290306.html,biologicos,2025-04-21,Continente
Flocos de Aveia Grossos sem Glúten,7394721,1.98,"€4,95/kg",Cem Porcento,Mercearia/Cereais e Barras/Flocos e Papas de Aveia,https://www.continente.pt/dw/image/v2/BDVS_PRD/on/demandware.static/-/Sites-col-master-catalog/default/dw22cd47c3/images/col/739/7394721-frente.jpg?sw=280&sh=280,emb. 400 gr,https://www.continente.pt/produto/flocos-de-aveia-grossos-sem-gluten-cem-porcento-7394721.html,biologicos,2025-04-21,Continente
Leite UHT Magro sem Lactose,8167261,1.35,"€1,35/lt",Parmalat,Laticínios e Ovos/Leite/Leite sem Lactose,https://www.continente.pt/dw/image/v2/BDVS_PRD/on/demandware.static/-/Sites-col-master-catalog/default/dw530b4bc9/images/col/816/8167261-frente.png?sw=280&sh=280,emb. 1 lt,https://www.continente.pt/produto/leite-uht-magro-sem-lactose-parmalat-8167261.html,biologicos,2025-04-21,Continente
Gelatina Pronta Vegetal Maracujá,6692314,0.89,"€6,85/kg",Koala,Laticínios e Ovos/Sobremesas/Gelatinas,https://www.continente.pt/dw/image/v2/BDVS_PRD/on/demandware.static/-/Sites-col-master-catalog/default/dw8fa9b632/images/col/669/6692314-frente.png?sw=280&sh=280,emb. 130 gr,https://www.continente.pt/produto/gelatina-pronta-vegetal-maracuja-koala-6692314.html,biologicos,2025-04-21,Continente
Muffins sem Glúten,5675796,4.85,"€21,56/kg",Schär,Frescos/Padaria e Pastelaria/Pastelaria Sortida,https://www.continente.pt/dw/image/v2/BDVS_PRD/on/demandware.static/-/Sites-col-master-catalog/default/dwea297cb9/images/col/567/5675796-frente.jpg?sw=280&sh=280,emb. 260 gr (4 un),https://www.continente.pt/produto/muffins-sem-gluten-schar-5675796.html,biologicos,2025-04-21,Continente
Champô Ultra Suave Delicadeza de Aveia Criança 2 em 1,7312846,3.83,"€9,57/lt",Garnier,Beleza e Higiene/Cabelo/Criança,https://www.continente.pt/dw/image/v2/BDVS_PRD/on/demandware.static/-/Sites-col-master-catalog/default/dwc9a8812c/images/col/731/7312846-hero.jpg?sw=280&sh=280,emb. 400 ml,https://www.continente.pt/produto/champo-ultra-suave-delicadeza-de-aveia-crianca-2-em-1-garnier-7312846.html,biologicos,2025-04-21,Continente
Queijo Fresco para Barrar sem Lactose,8068516,1.99,"€13,27/kg",Santiago,"Frescos/Queijos/Fresco, Requeijão e Mozzarella",https://www.continente.pt/dw/image/v2/BDVS_PRD/on/demandware.static/-/Sites-col-master-catalog/default/dw37f98163/images/col/806/8068516-frente.jpg?sw=280&sh=280,emb. 150 gr,https://www.continente.pt/produto/queijo-fresco-para-barrar-sem-lactose-santiago-8068516.html,biologicos,2025-04-21,Continente
Tortilhas sem Glúten,6917735,3.89,"€18,01/kg",Old El Paso,"Frescos/Padaria e Pastelaria/Pão de Hambúrguer, Cachorro e Wraps",https://www.continente.pt/dw/image/v2/BDVS_PRD/on/demandware.static/-/Sites-col-master-catalog/default/dw97206bb2/images/col/691/6917735-frente.jpg?sw=280&sh=280,emb. 216 gr (6 un),https://www.continente.pt/produto/tortilhas-sem-gluten-old-el-paso-6917735.html,biologicos,2025-04-21,Continente
Creme para Barrar Original,7621871,1.79,"€7,96/kg",Planta,Laticínios e Ovos/Manteigas e Cremes para Barrar/Cremes para Barrar,https://www.continente.pt/dw/image/v2/BDVS_PRD/on/demandware.static/-/Sites-col-master-catalog/default/dwa71180ee/images/col/762/7621871-frente.jpg?sw=280&sh=280,emb. 225 gr,https://www.continente.pt/produto/creme-para-barrar-original-planta-7621871.html,biologicos,2025-04-21,Continente
Bebida Vegetal de Coco,7745367,1.79,"€1,79/lt",Pleno,Laticínios e Ovos/Bebidas Vegetais/Outras Bebidas Vegetais,https://www.continente.pt/dw/image/v2/BDVS_PRD/on/demandware.static/-/Sites-col-master-catalog/default/dw7b5c5d23/images/col/774/7745367-frente.jpg?sw=280&sh=280,emb. 1 lt,https://www.continente.pt/produto/bebida-vegetal-de-coco-pleno-7745367.html,biologicos,2025-04-21,Continente
Almôndegas Vegan de Proteína Vegetal,7619442,5.49,"€18,30/kg",Garden Gourmet,Congelados/Hambúrgueres e Almôndegas,https://www.continente.pt/dw/image/v2/BDVS_PRD/on/demandware.static/-/Sites-col-master-catalog/default/dw3c418505/images/col/761/7619442-frente.jpg?sw=280&sh=280,emb. 300 gr,https://www.continente.pt/produto/almondegas-vegan-de-proteina-vegetal-garden-gourmet-7619442.html,biologicos,2025-04-21,Continente
Barras de Cereais Go Free Corn Flakes sem Glúten,7393891,1.99,"€22,61/kg",Nestlé,Mercearia/Cereais e Barras/Barras de Cereais,https://www.continente.pt/dw/image/v2/BDVS_PRD/on/demandware.static/-/Sites-col-master-catalog/default/dwb4cb0be3/images/col/739/7393891-hero.jpg?sw=280&sh=280,emb. 88 gr (4 un),https://www.continente.pt/produto/barras-de-cereais-go-free-corn-flakes-sem-gluten-nestle-7393891.html,biologicos,2025-04-21,Continente
Desodorizante Spray Vitamin C,7719753,2.24,"€14,93/lt",Bioten,Beleza e Higiene/Corpo/Desodorizantes,https://www.continente.pt/dw/image/v2/BDVS_PRD/on/demandware.static/-/Sites-col-master-catalog/default/dw4fed5cce/images/col/771/7719753-frente.jpg?sw=280&sh=280,emb. 150 ml,https://www.continente.pt/produto/desodorizante-spray-vitamin-c-bioten-7719753.html,biologicos,2025-04-21,Continente
Saqueta Manga Desidratada,8003331,0.69,"€69,00/kg",Yonest,"Frescos/Frutas/Frutos Secos, Desidratados e Sementes/Frutos Desidratados",https://www.continente.pt/dw/image/v2/BDVS_PRD/on/demandware.static/-/Sites-col-master-catalog/default/dw3c1ea5ba/images/col/800/8003331-frente.png?sw=280&sh=280,emb. 10 gr,https://www.continente.pt/produto/saqueta-manga-desidratada-yonest-8003331.html,biologicos,2025-04-21,Continente
Leite Proteína sem Lactose,7652960,1.99,"€1,99/lt",Mimosa,Laticínios e Ovos/Leite/Leite sem Lactose,https://www.continente.pt/dw/image/v2/BDVS_PRD/on/demandware.static/-/Sites-col-master-catalog/default/dwdaf1759e/images/col/765/7652960-frente.png?sw=280&sh=280,emb. 1 lt,https://www.continente.pt/produto/leite-proteina-sem-lactose-mimosa-7652960.html,biologicos,2025-04-21,Continente
Escova de Dentes Sustentável Bambu Suave,7015957,1.99,"€1,99/un",Colgate,Beleza e Higiene/Higiene Oral/Escovas de Dentes,https://www.continente.pt/dw/image/v2/BDVS_PRD/on/demandware.static/-/Sites-col-master-catalog/default/dw705fe81b/images/col/701/7015957-frente-1.png?sw=280&sh=280,emb. 1 un,https://www.continente.pt/produto/escova-de-dentes-sustentavel-bambu-suave-colgate-7015957.html,biologicos,2025-04-21,Continente
Detergente Manual Loiça Concentrado Neutro,7311746,1.69,"€3,38/lt",Continente Eco,Limpeza/Cozinha/Detergente Manual Loiça,https://www.continente.pt/dw/image/v2/BDVS_PRD/on/demandware.static/-/Sites-col-master-catalog/default/dw300b16ab/images/col/731/7311746-hero.jpg?sw=280&sh=280,emb. 500 ml,https://www.continente.pt/produto/detergente-manual-loica-concentrado-neutro-continente-eco-7311746.html,biologicos,2025-04-21,Continente
Vegegurte Grego Morango e Framboesa,8072418,1.29,"€8,60/kg",Alpro,Laticínios e Ovos/Iogurtes/Vegegurtes e Yofu,https://www.continente.pt/dw/image/v2/BDVS_PRD/on/demandware.static/-/Sites-col-master-catalog/default/dw646d8f04/images/col/807/8072418-frente.png?sw=280&sh=280,emb. 150 gr,https://www.continente.pt/produto/vegegurte-grego-morango-e-framboesa-alpro-8072418.html,biologicos,2025-04-21,Continente
Barra Proteína Whey&Aveia Framboesa,6403752,1.69,"€21,13/kg",Prozis,Bio e Saudável/Nutrição Desportiva/Barras e Snacks,https://www.continente.pt/dw/image/v2/BDVS_PRD/on/demandware.static/-/Sites-col-master-catalog/default/dw5e0426e8/images/col/640/6403752-frente.jpg?sw=280&sh=280,emb. 80 gr,https://www.continente.pt/produto/barra-proteina-whey-aveia-framboesa-prozis-6403752.html,biologicos,2025-04-21,Continente
Gomas Colas Brilho sem Glúten,7327118,1.69,"€5,63/kg",Continente Infantil,"Mercearia/Chocolate, Gomas e Rebuçados/Gomas, Pastilhas e Rebuçados",https://www.continente.pt/dw/image/v2/BDVS_PRD/on/demandware.static/-/Sites-col-master-catalog/default/dwbde0d332/images/col/732/7327118-frente.jpg?sw=280&sh=280,emb. 300 gr,https://www.continente.pt/produto/gomas-colas-brilho-sem-gluten-continente-infantil-7327118.html,biologicos,2025-04-21,Continente
Doce Abóbora,7140423,2.99,"€10,68/kg",Continente Equilíbrio,"Mercearia/Compotas, Cremes e Mel/Doces e Compotas",https://www.continente.pt/dw/image/v2/BDVS_PRD/on/demandware.static/-/Sites-col-master-catalog/default/dw4782ad52/images/col/714/7140423-frente.jpg?sw=280&sh=280,emb. 280 gr,https://www.continente.pt/produto/doce-abobora-continente-equilibrio-7140423.html,biologicos,2025-04-21,Continente
Granola Chocolate,7132080,4.57,"€15,23/kg",Seara,Mercearia/Cereais e Barras/Muesli e Granola,https://www.continente.pt/dw/image/v2/BDVS_PRD/on/demandware.static/-/Sites-col-master-catalog/default/dw123ed38c/images/col/713/7132080-cima.jpg?sw=280&sh=280,emb. 300 gr,https://www.continente.pt/produto/granola-chocolate-seara-7132080.html,biologicos,2025-04-21,Continente
Toalhitas Bebé Aqua Pure,7757308,14.7,"€0,05/un",Dodot,Bebé/Fraldas e Toalhitas/Toalhitas,https://www.continente.pt/dw/image/v2/BDVS_PRD/on/demandware.static/-/Sites-col-master-catalog/default/dw72ce2d10/images/col/775/7757308-hero.png?sw=280&sh=280,emb. 288 un (6 x 48 un),https://www.continente.pt/produto/toalhitas-bebe-aqua-pure-dodot-7757308.html,biologicos,2025-04-21,Continente
Gressinos sem Glúten,4370861,4.99,"€33,27/kg",Schär,"Frescos/Padaria e Pastelaria/Tostas, Gressinos e Croutons",https://www.continente.pt/dw/image/v2/BDVS_PRD/on/demandware.static/-/Sites-col-master-catalog/default/dw1cb2a4f6/images/col/437/4370861-frente.jpg?sw=280&sh=280,emb. 150 gr,https://www.continente.pt/produto/gressinos-sem-gluten-schar-4370861.html,biologicos,2025-04-21,Continente
Bebida Vegetal de Aveia sem Açúcar,5783673,2.11,"€2,11/lt",Shoyce Hug,Laticínios e Ovos/Bebidas Vegetais/Bebida Aveia,https://www.continente.pt/dw/image/v2/BDVS_PRD/on/demandware.static/-/Sites-col-master-catalog/default/dwb55145ba/images/col/578/5783673-frente.png?sw=280&sh=280,emb. 1 lt,https://www.continente.pt/produto/bebida-vegetal-de-aveia-sem-acucar-shoyce-hug-5783673.html,biologicos,2025-04-21,Continente
Açúcar de Coco,7110625,4.39,"€8,78/kg",Continente Bio,Mercearia/Açúcar e Sobremesas/Açúcar e Adoçante,https://www.continente.pt/dw/image/v2/BDVS_PRD/on/demandware.static/-/Sites-col-master-catalog/default/dw5d45be8a/images/col/711/7110625-frente.jpg?sw=280&sh=280,emb. 500 gr,https://www.continente.pt/produto/acucar-de-coco-continente-bio-7110625.html,biologicos,2025-04-21,Continente
Mini Hambúrgueres de Vegetais,7808386,6.69,"€14,74/kg",Iglo Green Cuisine,Congelados/Hambúrgueres e Almôndegas,https://www.continente.pt/dw/image/v2/BDVS_PRD/on/demandware.static/-/Sites-col-master-catalog/default/dwac4a58cf/images/col/780/7808386-cima-direito.jpg?sw=280&sh=280,emb. 454 gr (4 un),https://www.continente.pt/produto/mini-hamburgueres-de-vegetais-iglo-green-cuisine-7808386.html,biologicos,2025-04-21,Continente
Iogurte +Proteína Baunilha,7599434,0.75,"€4,17/kg",Continente,Laticínios e Ovos/Iogurtes/Iogurtes Proteína,https://www.continente.pt/dw/image/v2/BDVS_PRD/on/demandware.static/-/Sites-col-master-catalog/default/dwc7c27603/images/col/759/7599434-frente.jpg?sw=280&sh=280,emb. 180 gr,https://www.continente.pt/produto/iogurte-proteina-baunilha-continente-7599434.html,biologicos,2025-04-21,Continente
Doce de Pêssego,6813396,3.29,"€13,71/kg",Prisca,"Mercearia/Compotas, Cremes e Mel/Doces e Compotas",https://www.continente.pt/dw/image/v2/BDVS_PRD/on/demandware.static/-/Sites-col-master-catalog/default/dwb6193317/images/col/681/6813396-frente.jpg?sw=280&sh=280,emb. 240 gr,https://www.continente.pt/produto/doce-de-pessego-prisca-6813396.html,biologicos,2025-04-21,Continente
Seitan Vegetal,5078565,2.89,"€9,63/kg",Cem Porcento,Bio e Saudável/Vegetariano/Tofu e Seitan,https://www.continente.pt/dw/image/v2/BDVS_PRD/on/demandware.static/-/Sites-col-master-catalog/default/dw7cc397f7/images/col/507/5078565-direito.png?sw=280&sh=280,emb. 300 gr,https://www.continente.pt/produto/seitan-vegetal-cem-porcento-5078565.html,biologicos,2025-04-21,Continente
Bolachas de Fibra Integrais Diet Nature,2601429,3.19,"€18,76/kg",Gullón,"Mercearia/Bolachas, Biscoitos e Tostas/Bolachas Fibra e Sem Açúcar",https://www.continente.pt/dw/image/v2/BDVS_PRD/on/demandware.static/-/Sites-col-master-catalog/default/dw3e660ba9/images/col/260/2601429-direito.jpg?sw=280&sh=280,emb. 150 gr,https://www.continente.pt/produto/bolachas-de-fibra-integrais-diet-nature-gullon-2601429.html,biologicos,2025-04-21,Continente
Almôndegas de Proteína Vegetal,8170036,3.59,"€17,95/kg",Garden Gourmet,Frescos/Take Away/Vegetariano e Vegan/Pronto a Cozinhar,https://www.continente.pt/dw/image/v2/BDVS_PRD/on/demandware.static/-/Sites-col-master-catalog/default/dw3a811226/images/col/817/8170036-frente.jpg?sw=280&sh=280,emb. 200 gr,https://www.continente.pt/produto/almondegas-de-proteina-vegetal-garden-gourmet-8170036.html,biologicos,2025-04-21,Continente
Bolachas Choco Chip sem Glúten,5104736,3.54,"€17,70/kg",Schär,"Mercearia/Bolachas, Biscoitos e Tostas/Bolachas de Chocolate",https://www.continente.pt/dw/image/v2/BDVS_PRD/on/demandware.static/-/Sites-col-master-catalog/default/dwb2cc2e0c/images/col/510/5104736-frente.jpg?sw=280&sh=280,emb. 200 gr,https://www.continente.pt/produto/bolachas-choco-chip-sem-gluten-schar-5104736.html,biologicos,2025-04-21,Continente
Barra Proteína Vegetal Chocolate Negro de Framboesa Zero,7612912,1.99,"€36,18/kg",Bettery,Mercearia/Cereais e Barras/Barras de Cereais,https://www.continente.pt/dw/image/v2/BDVS_PRD/on/demandware.static/-/Sites-col-master-catalog/default/dw602468b3/images/col/761/7612912-frente.jpg?sw=280&sh=280,emb. 55 gr,https://www.continente.pt/produto/barra-proteina-vegetal-chocolate-negro-de-framboesa-zero-bettery-7612912.html,biologicos,2025-04-21,Continente
Bebida Vegetal de Amêndoa,7745364,1.79,"€1,79/lt",Pleno,Laticínios e Ovos/Bebidas Vegetais/Bebida Amêndoa,https://www.continente.pt/dw/image/v2/BDVS_PRD/on/demandware.static/-/Sites-col-master-catalog/default/dw107880e7/images/col/774/7745364-frente.jpg?sw=280&sh=280,emb. 1 lt,https://www.continente.pt/produto/bebida-vegetal-de-amendoa-pleno-7745364.html,biologicos,2025-04-21,Continente
Protetor Solar FPS 50+ Bio,7983868,19.99,"€19,99/un",Tocobo,Beleza e Higiene/Rosto/Proteção Solar,https://www.continente.pt/dw/image/v2/BDVS_PRD/on/demandware.static/-/Sites-col-master-catalog/default/dwcdf20961/images/col/798/7983868-frente.jpg?sw=280&sh=280,emb. 50 ml,https://www.continente.pt/produto/protetor-solar-fps-50-bio-tocobo-7983868.html,biologicos,2025-04-21,Continente
Bebida Vegetal de Caju,6116936,3.59,"€3,59/lt",Rude Health,Laticínios e Ovos/Bebidas Vegetais/Outras Bebidas Vegetais,https://www.continente.pt/dw/image/v2/BDVS_PRD/on/demandware.static/-/Sites-col-master-catalog/default/dwdbf860ea/images/col/611/6116936-frente.jpg?sw=280&sh=280,emb. 1 lt,https://www.continente.pt/produto/bebida-vegetal-de-caju-rude-health-6116936.html,biologicos,2025-04-21,Continente
Bebida Vegetal de Soja Original,2456593,1.69,"€1,69/lt",Alpro,Laticínios e Ovos/Bebidas Vegetais/Bebida Soja,https://www.continente.pt/dw/image/v2/BDVS_PRD/on/demandware.static/-/Sites-col-master-catalog/default/dw80f46e74/images/col/245/2456593-cima.jpg?sw=280&sh=280,emb. 1 lt,https://www.continente.pt/produto/bebida-vegetal-de-soja-original-alpro-2456593.html,biologicos,2025-04-21,Continente
Escova de Dentes Green Clean Criança 5 a 10 Anos,6939754,2.24,"€2,24/un",Jordan,Beleza e Higiene/Higiene Oral/Higiene Oral Infantil,https://www.continente.pt/dw/image/v2/BDVS_PRD/on/demandware.static/-/Sites-col-master-catalog/default/dw553b1f48/images/col/693/6939754-frente-01.jpg?sw=280&sh=280,emb. 1 un,https://www.continente.pt/produto/escova-de-dentes-green-clean-crianca-5-a-10-anos-jordan-6939754.html,biologicos,2025-04-21,Continente
Pão de Forma com Sementes com Côdea sem Glúten,7519998,3.74,"€13,36/kg",Bimbo,Frescos/Padaria e Pastelaria/Pão de Forma e Embalado,https://www.continente.pt/dw/image/v2/BDVS_PRD/on/demandware.static/-/Sites-col-master-catalog/default/dw60cc448b/images/col/751/7519998-frente.jpg?sw=280&sh=280,emb. 280 gr,https://www.continente.pt/produto/pao-de-forma-com-sementes-com-codea-sem-gluten-bimbo-7519998.html,biologicos,2025-04-21,Continente
Iogurte Skyr Natural,7636307,1.65,"€4,13/kg",Continente Equilíbrio,Laticínios e Ovos/Iogurtes/Iogurtes Proteína,https://www.continente.pt/dw/image/v2/BDVS_PRD/on/demandware.static/-/Sites-col-master-catalog/default/dw04abcf10/images/col/763/7636307-frente.jpg?sw=280&sh=280,emb. 400 gr,https://www.continente.pt/produto/iogurte-skyr-natural-continente-equilibrio-7636307.html,biologicos,2025-04-21,Continente
Bebida Vegetal de Soja e Baunilha,8244136,0.94,"€0,94/lt",Continente,Laticínios e Ovos/Bebidas Vegetais/Bebida Soja,https://www.continente.pt/dw/image/v2/BDVS_PRD/on/demandware.static/-/Sites-col-master-catalog/default/dwa8f944e5/images/col/824/8244136-hero.jpg?sw=280&sh=280,emb. 1 lt,https://www.continente.pt/produto/bebida-vegetal-de-soja-e-baunilha-continente-8244136.html,biologicos,2025-04-21,Continente
Bebida de Chocolate Solúvel Extra Choco sem Glúten,5141177,4.89,"€12,54/kg",Nesquik,"Mercearia/Café, Chá e Bebidas Solúveis/Chocolate Solúvel",https://www.continente.pt/dw/image/v2/BDVS_PRD/on/demandware.static/-/Sites-col-master-catalog/default/dwd48d0a9c/images/col/514/5141177-hero.jpg?sw=280&sh=280,emb. 390 gr,https://www.continente.pt/produto/bebida-de-chocolate-soluvel-extra-choco-sem-gluten-nesquik-5141177.html,biologicos,2025-04-21,Continente
Snack de Chocolate Negro com Amendoim 50% Cacau,7329339,1.1,"€36,67/kg",Not Guilty,"Mercearia/Chocolate, Gomas e Rebuçados/Snacks de Chocolate",https://www.continente.pt/dw/image/v2/BDVS_PRD/on/demandware.static/-/Sites-col-master-catalog/default/dwc483dd58/images/col/732/7329339-frente.jpg?sw=280&sh=280,emb. 30 gr,https://www.continente.pt/produto/snack-de-chocolate-negro-com-amendoim-50--cacau-not-guilty-7329339.html,biologicos,2025-04-21,Continente
Bebida de Chocolate Solúvel Intenso 40% Cacau sem Glúten,7320898,5.24,"€15,88/kg",Nestlé,"Mercearia/Café, Chá e Bebidas Solúveis/Chocolate Solúvel",https://www.continente.pt/dw/image/v2/BDVS_PRD/on/demandware.static/-/Sites-col-master-catalog/default/dw5e736076/images/col/732/7320898-hero.jpg?sw=280&sh=280,emb. 330 gr,https://www.continente.pt/produto/bebida-de-chocolate-soluvel-intenso-40--cacau-sem-gluten-nestle-7320898.html,biologicos,2025-04-21,Continente
Bebida Vegetal de Soja Chocolate,7539355,1.19,"€1,98/lt",Continente,Laticínios e Ovos/Bebidas Vegetais/Bebida Soja,https://www.continente.pt/dw/image/v2/BDVS_PRD/on/demandware.static/-/Sites-col-master-catalog/default/dw31d61a53/images/col/753/7539355-frente.jpg?sw=280&sh=280,emb. 3 x 200 ml,https://www.continente.pt/produto/bebida-vegetal-de-soja-chocolate-continente-7539355.html,biologicos,2025-04-21,Continente
Almôndegas Vegetarianas com Tomate,7463220,3.55,"€3,55/un",Revolugreen,Frescos/Take Away/Vegetariano e Vegan/Pronto a Cozinhar,https://www.continente.pt/dw/image/v2/BDVS_PRD/on/demandware.static/-/Sites-col-master-catalog/default/dwb391a372/images/col/746/7463220-frente.jpg?sw=280&sh=280,emb. 250 gr,https://www.continente.pt/produto/almondegas-vegetarianas-com-tomate-revolugreen-7463220.html,biologicos,2025-04-21,Continente
Compota 4 Frutos Vermelhos,5568725,5.19,"€14,03/kg",Pur Natur,"Mercearia/Compotas, Cremes e Mel/Doces e Compotas",https://www.continente.pt/dw/image/v2/BDVS_PRD/on/demandware.static/-/Sites-col-master-catalog/default/dw1456f85c/images/col/556/5568725-frente.jpg?sw=280&sh=280,emb. 370 gr,https://www.continente.pt/produto/compota-4-frutos-vermelhos-pur-natur-5568725.html,biologicos,2025-04-21,Continente
Condicionador Ultra Suave Leite de Coco e Macadâmia,6175089,3.77,"€9,42/lt",Garnier,Beleza e Higiene/Cabelo/Condicionadores,https://www.continente.pt/dw/image/v2/BDVS_PRD/on/demandware.static/-/Sites-col-master-catalog/default/dwf1ab5641/images/col/617/6175089-hero.jpg?sw=280&sh=280,emb. 400 ml,https://www.continente.pt/produto/condicionador-ultra-suave-leite-de-coco-e-macadamia-garnier-6175089.html,biologicos,2025-04-21,Continente
Bolachas de Chocolate com Recheio de Creme,4288821,1.99,"€12,92/kg",Oreo,"Mercearia/Bolachas, Biscoitos e Tostas/Bolachas com Cobertura e Recheio",https://www.continente.pt/dw/image/v2/BDVS_PRD/on/demandware.static/-/Sites-col-master-catalog/default/dw7d80ac89/images/col/428/4288821-frente.png?sw=280&sh=280,emb. 154 gr,https://www.continente.pt/produto/bolachas-de-chocolate-com-recheio-de-creme-oreo-4288821.html,biologicos,2025-04-21,Continente
Creme Vegetal Coco para Culinária,7909996,1.3,"€6,50/lt",Mimosa,Laticínios e Ovos/Manteigas e Cremes para Barrar/Cremes Culinários,https://www.continente.pt/dw/image/v2/BDVS_PRD/on/demandware.static/-/Sites-col-master-catalog/default/dw88ea8ea5/images/col/790/7909996-frente.jpg?sw=280&sh=280,emb. 200 gr,https://www.continente.pt/produto/creme-vegetal-coco-para-culinaria-mimosa-7909996.html,biologicos,2025-04-21,Continente
Compota Figo,5895582,5.19,"€14,03/kg",Pur Natur,"Mercearia/Compotas, Cremes e Mel/Doces e Compotas",https://www.continente.pt/dw/image/v2/BDVS_PRD/on/demandware.static/-/Sites-col-master-catalog/default/dwcde6b55d/images/col/589/5895582-frente.jpg?sw=280&sh=280,emb. 370 gr,https://www.continente.pt/produto/compota-figo-pur-natur-5895582.html,biologicos,2025-04-21,Continente
Champô Ultra Suave Carvão,8023422,8.29,"€13,82/lt",Garnier,Beleza e Higiene/Cabelo/Champôs,https://www.continente.pt/dw/image/v2/BDVS_PRD/on/demandware.static/-/Sites-col-master-catalog/default/dw0a2dec75/images/col/802/8023422-hero.jpg?sw=280&sh=280,emb. 600 ml,https://www.continente.pt/produto/champo-ultra-suave-carvao-garnier-8023422.html,biologicos,2025-04-21,Continente
Bebida Vegetal de Amêndoa sem açúcar,7759689,3.09,"€3,09/lt",Rude Health,Laticínios e Ovos/Bebidas Vegetais/Bebida Amêndoa,https://www.continente.pt/dw/image/v2/BDVS_PRD/on/demandware.static/-/Sites-col-master-catalog/default/dw013e3ece/images/col/775/7759689-frente.jpg?sw=280&sh=280,emb. 1 lt,https://www.continente.pt/produto/bebida-vegetal-de-amendoa-sem-acucar-rude-health-7759689.html,biologicos,2025-04-21,Continente
Gel de Banho Cacau e Macadâmia,7052643,3.5,"€5,00/lt",Bioten,Beleza e Higiene/Corpo/Gel de Banho,https://www.continente.pt/dw/image/v2/BDVS_PRD/on/demandware.static/-/Sites-col-master-catalog/default/dw9ea07d28/images/col/705/7052643-frente.jpg?sw=280&sh=280,emb. 700 ml,https://www.continente.pt/produto/gel-de-banho-cacau-e-macadamia-bioten-7052643.html,biologicos,2025-04-21,Continente
Bebida Vegetal de Aveia,7302999,2.39,"€2,39/lt",Oatly,Laticínios e Ovos/Bebidas Vegetais/Bebida Aveia,https://www.continente.pt/dw/image/v2/BDVS_PRD/on/demandware.static/-/Sites-col-master-catalog/default/dw6e011de3/images/col/730/7302999-esquerdo.jpg?sw=280&sh=280,emb. 1 Lt,https://www.continente.pt/produto/bebida-vegetal-de-aveia-oatly-7302999.html,biologicos,2025-04-21,Continente
Iogurte Líquido Mirtilo e Chá Verde sem Lactose,7677792,2.09,"€3,46/kg",Mimosa,Laticínios e Ovos/Iogurtes/Iogurtes sem Lactose,https://www.continente.pt/dw/image/v2/BDVS_PRD/on/demandware.static/-/Sites-col-master-catalog/default/dwa48be13a/images/col/767/7677792-frente.png?sw=280&sh=280,emb. 604 gr (4 un),https://www.continente.pt/produto/iogurte-liquido-mirtilo-e-cha-verde-sem-lactose-mimosa-7677792.html,biologicos,2025-04-21,Continente
Lasanha Proteína Vegetal,7721681,5.34,"€13,35/kg",Iglo Green Cuisine,Congelados/Refeições Prontas,https://www.continente.pt/dw/image/v2/BDVS_PRD/on/demandware.static/-/Sites-col-master-catalog/default/dw78204dd4/images/col/772/7721681-direito.jpg?sw=280&sh=280,emb. 400 gr,https://www.continente.pt/produto/lasanha-proteina-vegetal-iglo-green-cuisine-7721681.html,biologicos,2025-04-21,Continente
Pão de Forma de Cereais com Côdea sem Glúten,7431756,4.09,"€8,18/kg",Garcia,Frescos/Padaria e Pastelaria/Pão de Forma e Embalado,https://www.continente.pt/dw/image/v2/BDVS_PRD/on/demandware.static/-/Sites-col-master-catalog/default/dw362b1a79/images/col/743/7431756-frente.jpg?sw=280&sh=280,emb. 500 gr,https://www.continente.pt/produto/pao-de-forma-de-cereais-com-codea-sem-gluten-garcia-7431756.html,biologicos,2025-04-21,Continente
Bebida Vegetal de Aveia,7745365,1.79,"€1,79/lt",Pleno,Laticínios e Ovos/Bebidas Vegetais/Bebida Aveia,https://www.continente.pt/dw/image/v2/BDVS_PRD/on/demandware.static/-/Sites-col-master-catalog/default/dwc36b74e1/images/col/774/7745365-frente.jpg?sw=280&sh=280,emb. 1 lt,https://www.continente.pt/produto/bebida-vegetal-de-aveia-pleno-7745365.html,biologicos,2025-04-21,Continente
Tostas sem Glúten,4370854,4.74,"€31,60/kg",Schär,"Frescos/Padaria e Pastelaria/Tostas, Gressinos e Croutons",https://www.continente.pt/dw/image/v2/BDVS_PRD/on/demandware.static/-/Sites-col-master-catalog/default/dwe2913414/images/col/437/4370854-direito.jpg?sw=280&sh=280,emb. 150 gr,https://www.continente.pt/produto/tostas-sem-gluten-schar-4370854.html,biologicos,2025-04-21,Continente
Farinha de Espelta Integral,5896406,1.98,"€3,96/kg",Seara,"Mercearia/Arroz, Massa e Farinha/Farinha e Pão Ralado",https://www.continente.pt/dw/image/v2/BDVS_PRD/on/demandware.static/-/Sites-col-master-catalog/default/dw6961ba58/images/col/589/5896406-frente.jpg?sw=280&sh=280,emb. 500 gr,https://www.continente.pt/produto/farinha-de-espelta-integral-seara-5896406.html,biologicos,2025-04-21,Continente
Bolachas Crackers Arroz Sabor Queijo sem Glúten,7844709,2.49,"€29,29/kg",Nature Addicts,"Mercearia/Bolachas, Biscoitos e Tostas/Bolachas e Biscoitos Salgados",https://www.continente.pt/dw/image/v2/BDVS_PRD/on/demandware.static/-/Sites-col-master-catalog/default/dwe64b354a/images/col/784/7844709-frente.jpg?sw=280&sh=280,emb. 85 gr,https://www.continente.pt/produto/bolachas-crackers-arroz-sabor-queijo-sem-gluten-nature-addicts-7844709.html,biologicos,2025-04-21,Continente
Suplemento Magnésio Comprimidos,7721588,19.99,"€0,20/un",Natures Bounty,Bio e Saudável/Suplementos e Vitaminas,https://www.continente.pt/dw/image/v2/BDVS_PRD/on/demandware.static/-/Sites-col-master-catalog/default/dw791397d7/images/col/772/7721588-frente.jpg?sw=280&sh=280,emb. 100 un,https://www.continente.pt/produto/suplemento-magnesio-comprimidos-natures-bounty-7721588.html,biologicos,2025-04-21,Continente
Doce de Framboesa,6919362,3.89,"€16,21/kg",Prisca,"Mercearia/Compotas, Cremes e Mel/Doces e Compotas",https://www.continente.pt/dw/image/v2/BDVS_PRD/on/demandware.static/-/Sites-col-master-catalog/default/dwde069459/images/col/691/6919362-cima.jpg?sw=280&sh=280,emb. 240 gr,https://www.continente.pt/produto/doce-de-framboesa-prisca-6919362.html,biologicos,2025-04-21,Continente
Pepitas de Chocolate 100% Cacau sem Glúten,7308600,7.59,"€37,95/kg",Pantagruel,"Mercearia/Chocolate, Gomas e Rebuçados/Cacau e Chocolates de Culinária",https://www.continente.pt/dw/image/v2/BDVS_PRD/on/demandware.static/-/Sites-col-master-catalog/default/dw7a28c564/images/col/730/7308600-frente.jpg?sw=280&sh=280,emb. 200 gr,https://www.continente.pt/produto/pepitas-de-chocolate-100--cacau-sem-gluten-pantagruel-7308600.html,biologicos,2025-04-21,Continente
Spray Desengordurante,7311757,1.49,"€1,99/lt",Continente Eco,Limpeza/Cozinha/Multisuperfícies,https://www.continente.pt/dw/image/v2/BDVS_PRD/on/demandware.static/-/Sites-col-master-catalog/default/dwb0390299/images/col/731/7311757-hero.jpg?sw=280&sh=280,emb. 750 ml,https://www.continente.pt/produto/spray-desengordurante-continente-eco-7311757.html,biologicos,2025-04-21,Continente
Farinha de Aveia,2962925,1.39,"€2,78/kg",Seara,"Mercearia/Arroz, Massa e Farinha/Farinha e Pão Ralado",https://www.continente.pt/dw/image/v2/BDVS_PRD/on/demandware.static/-/Sites-col-master-catalog/default/dw5f8c0ed1/images/col/296/2962925-frente.jpg?sw=280&sh=280,emb. 500 gr,https://www.continente.pt/produto/farinha-de-aveia-seara-2962925.html,biologicos,2025-04-21,Continente
Iogurte Natural sem Lactose,5686269,2.74,"€6,85/kg",Minus L,Laticínios e Ovos/Iogurtes/Iogurtes sem Lactose,https://www.continente.pt/dw/image/v2/BDVS_PRD/on/demandware.static/-/Sites-col-master-catalog/default/dwfaa93667/images/col/568/5686269-frente.jpg?sw=280&sh=280,emb. 400 gr,https://www.continente.pt/produto/iogurte-natural-sem-lactose-minus-l-5686269.html,biologicos,2025-04-21,Continente
Pão de Forma Rústico com Côdea sem Glúten,7431754,4.09,"€8,18/kg",Garcia,Frescos/Padaria e Pastelaria/Pão de Forma e Embalado,https://www.continente.pt/dw/image/v2/BDVS_PRD/on/demandware.static/-/Sites-col-master-catalog/default/dw134ae9c0/images/col/743/7431754-frente.jpg?sw=280&sh=280,emb. 500 gr,https://www.continente.pt/produto/pao-de-forma-rustico-com-codea-sem-gluten-garcia-7431754.html,biologicos,2025-04-21,Continente
Acelga Biológica,7382585,2.19,"€4,38/kg",Continente Bio,"Frescos/Legumes/Saladas, Sopas e Salteados",https://www.continente.pt/dw/image/v2/BDVS_PRD/on/demandware.static/-/Sites-col-master-catalog/default/dwcafd1bcc/images/col/738/7382585-frente.jpg?sw=280&sh=280,emb. 500 gr,https://www.continente.pt/produto/acelga-biologica-continente-bio-7382585.html,biologicos,2025-04-21,Continente
Barra Proteína Vegetal Cacau e Chocolate Zero sem Glúten,7612911,1.99,"€36,18/kg",Bettery,Bio e Saudável/Nutrição Desportiva/Barras e Snacks,https://www.continente.pt/dw/image/v2/BDVS_PRD/on/demandware.static/-/Sites-col-master-catalog/default/dw259e21a0/images/col/761/7612911-frente.jpg?sw=280&sh=280,emb. 55 gr,https://www.continente.pt/produto/barra-proteina-vegetal-cacau-e-chocolate-zero-sem-gluten-bettery-7612911.html,biologicos,2025-04-21,Continente
Suplemento Péptidos de Colagénio Sabor Neutro sem Glúten Saquetas,7803491,12.37,"€1,24/un",Vital Proteins,Bio e Saudável/Suplementos e Vitaminas,https://www.continente.pt/dw/image/v2/BDVS_PRD/on/demandware.static/-/Sites-col-master-catalog/default/dwf1d6f3b9/images/col/780/7803491-frente.jpg?sw=280&sh=280,emb. 10 x 10 gr,https://www.continente.pt/produto/suplemento-peptidos-de-colagenio-sabor-neutro-sem-gluten-saquetas-vital-proteins-7803491.html,biologicos,2025-04-21,Continente
Bolachas Cacau Dibus Sharkies sem Glúten,5731448,2.99,"€11,96/kg",Gullón,"Mercearia/Bolachas, Biscoitos e Tostas/Bolachas Infantis",https://www.continente.pt/dw/image/v2/BDVS_PRD/on/demandware.static/-/Sites-col-master-catalog/default/dwb2c1d1de/images/col/573/5731448-direito.jpg?sw=280&sh=280,emb. 250 gr,https://www.continente.pt/produto/bolachas-cacau-dibus-sharkies-sem-gluten-gullon-5731448.html,biologicos,2025-04-21,Continente
Mistura para Panquecas com Pepitas de Chocolate em Pó,7836666,19.99,"€15,99/kg",Way Up,Mercearia/Açúcar e Sobremesas/Preparados para Mousses e Bolos,https://www.continente.pt/dw/image/v2/BDVS_PRD/on/demandware.static/-/Sites-col-master-catalog/default/dwcbccc1f2/images/col/783/7836666-frente.jpg?sw=280&sh=280,"emb. 1,25 kg",https://www.continente.pt/produto/mistura-para-panquecas-com-pepitas-de-chocolate-em-po-way-up-7836666.html,biologicos,2025-04-21,Continente
Gelado Mochi Maracujá e Manga Vegan,7893268,5.99,"€31,20/kg",Little Moons,Congelados/Gelados/Mini Bites e Sandwich,https://www.continente.pt/dw/image/v2/BDVS_PRD/on/demandware.static/-/Sites-col-master-catalog/default/dwf6e50872/images/col/789/7893268-frente.jpg?sw=280&sh=280,emb. 6 un,https://www.continente.pt/produto/gelado-mochi-maracuja-e-manga-vegan-little-moons-7893268.html,biologicos,2025-04-21,Continente
Mini Muffin de Limão Sem Glúten,8037351,2.49,"€20,75/kg",Museu do Pão,Frescos/Padaria e Pastelaria/Pastelaria Sortida,https://www.continente.pt/dw/image/v2/BDVS_PRD/on/demandware.static/-/Sites-col-master-catalog/default/dwca7a20b2/images/col/803/8037351-frente.jpg?sw=280&sh=280,emb. 120 gr,https://www.continente.pt/produto/mini-muffin-de-limao-sem-gluten-museu-do-pao-8037351.html,biologicos,2025-04-21,Continente
Gelado Mochi Pistáchio Torrado com Mel sem Glúten,7893272,5.99,"€31,20/kg",Little Moons,Congelados/Gelados/Mini Bites e Sandwich,https://www.continente.pt/dw/image/v2/BDVS_PRD/on/demandware.static/-/Sites-col-master-catalog/default/dw6ad231cd/images/col/789/7893272-frente.jpg?sw=280&sh=280,emb. 6 un,https://www.continente.pt/produto/gelado-mochi-pistachio-torrado-com-mel-sem-gluten-little-moons-7893272.html,biologicos,2025-04-21,Continente
Pizza Fresca Vegetariana,7554204,2.79,"€6,98/kg",Continente,Frescos/Take Away/Pizzas,https://www.continente.pt/dw/image/v2/BDVS_PRD/on/demandware.static/-/Sites-col-master-catalog/default/dwb9048487/images/col/755/7554204-frente.png?sw=280&sh=280,emb. 400 gr,https://www.continente.pt/produto/pizza-fresca-vegetariana-continente-7554204.html,biologicos,2025-04-21,Continente
Moinho 4 Bagas,6831361,3.36,"€134,40/kg",Margão,"Mercearia/Molhos, Temperos e Sal/Especiarias e Ervas Aromáticas",https://www.continente.pt/dw/image/v2/BDVS_PRD/on/demandware.static/-/Sites-col-master-catalog/default/dw1fddf42e/images/col/683/6831361-frente.png?sw=280&sh=280,emb. 25 gr,https://www.continente.pt/produto/moinho-4-bagas-margao-6831361.html,biologicos,2025-04-21,Continente
Crackies Mini de Milho com Sal sem Glúten,7094371,1.99,"€9,95/kg",Caçarola,"Mercearia/Bolachas, Biscoitos e Tostas/Tortitas de Arroz e Milho",https://www.continente.pt/dw/image/v2/BDVS_PRD/on/demandware.static/-/Sites-col-master-catalog/default/dw4fd05f8f/images/col/709/7094371-frente.jpg?sw=280&sh=280,emb. 200 gr (8 un),https://www.continente.pt/produto/crackies-mini-de-milho-com-sal-sem-gluten-cacarola-7094371.html,biologicos,2025-04-21,Continente
Detergente Manual Loiça Limão,7646162,2.79,"€3,72/lt",Frosch,Bio e Saudável/Escolhas + Sustentáveis/Limpeza/Detergentes para Loiça,https://www.continente.pt/dw/image/v2/BDVS_PRD/on/demandware.static/-/Sites-col-master-catalog/default/dw873bc01d/images/col/764/7646162-frente.jpg?sw=280&sh=280,emb. 750 ml,https://www.continente.pt/produto/detergente-manual-loica-limao-frosch-7646162.html,biologicos,2025-04-21,Continente
Biscoitos Gengibre e Canela,5186561,2.69,"€10,76/kg",Cem Porcento,"Mercearia/Bolachas, Biscoitos e Tostas/Maria, Torrada e Biscoitos",https://www.continente.pt/dw/image/v2/BDVS_PRD/on/demandware.static/-/Sites-col-master-catalog/default/dw41361560/images/col/518/5186561-frente.jpg?sw=280&sh=280,emb. 250 gr,https://www.continente.pt/produto/biscoitos-gengibre-e-canela-cem-porcento-5186561.html,biologicos,2025-04-21,Continente
Queijo de Vaca Curado Amanteigado,7856300,5.59,"€12,42/kg",Limiano,Frescos/Queijos/Curado,https://www.continente.pt/dw/image/v2/BDVS_PRD/on/demandware.static/-/Sites-col-master-catalog/default/dw93fa6aa5/images/col/785/7856300-topshot.jpg?sw=280&sh=280,emb. 450 gr,https://www.continente.pt/produto/queijo-de-vaca-curado-amanteigado-limiano-7856300.html,biologicos,2025-04-21,Continente
Creme Vegetal Arroz para Culinária,7778960,1.35,"€6,75/lt",Joya,Laticínios e Ovos/Natas e Bechamel/Cremes Vegetais,https://www.continente.pt/dw/image/v2/BDVS_PRD/on/demandware.static/-/Sites-col-master-catalog/default/dw86d7a886/images/col/777/7778960-frente.png?sw=280&sh=280,emb. 200 ml,https://www.continente.pt/produto/creme-vegetal-arroz-para-culinaria-joya-7778960.html,biologicos,2025-04-21,Continente
Barra Proteína Vegetal Chocolate Zero,7944081,1.99,"€36,18/kg",Bettery,Bio e Saudável/Nutrição Desportiva/Barras e Snacks,https://www.continente.pt/dw/image/v2/BDVS_PRD/on/demandware.static/-/Sites-col-master-catalog/default/dwf1e0cc5a/images/col/794/7944081-frente.jpg?sw=280&sh=280,emb. 55 gr,https://www.continente.pt/produto/barra-proteina-vegetal-chocolate-zero-bettery-7944081.html,biologicos,2025-04-21,Continente
Óleo de Coco Virgem,6619082,4.99,"€9,98/lt",Continente Bio,"Mercearia/Azeite, Óleo e Vinagre/Óleo Alimentar",https://www.continente.pt/dw/image/v2/BDVS_PRD/on/demandware.static/-/Sites-col-master-catalog/default/dw846a7e7b/images/col/661/6619082-frente.jpg?sw=280&sh=280,emb. 500 ml,https://www.continente.pt/produto/oleo-de-coco-virgem-continente-bio-6619082.html,biologicos,2025-04-21,Continente
Taboulé Oriental,7496383,2.29,"€4,58/kg",Continente,Frescos/Take Away/Grab&Go/Saladas,https://www.continente.pt/dw/image/v2/BDVS_PRD/on/demandware.static/-/Sites-col-master-catalog/default/dwee49dd39/images/col/749/7496383-frente.jpg?sw=280&sh=280,emb. 500 gr,https://www.continente.pt/produto/taboule-oriental-continente-7496383.html,biologicos,2025-04-21,Continente
Bebida Vegetal de Aveia sem açúcar,7759690,3.09,"€3,09/lt",Rude Health,Laticínios e Ovos/Bebidas Vegetais/Bebida Aveia,https://www.continente.pt/dw/image/v2/BDVS_PRD/on/demandware.static/-/Sites-col-master-catalog/default/dw40beb558/images/col/775/7759690-frente.jpg?sw=280&sh=280,emb. 1 lt,https://www.continente.pt/produto/bebida-vegetal-de-aveia-sem-acucar-rude-health-7759690.html,biologicos,2025-04-21,Continente
Detergente Máquina Roupa Cápsulas,7802157,4.99,"€0,18/dos",Continente Eco,Limpeza/Roupa/Detergente Máquina,https://www.continente.pt/dw/image/v2/BDVS_PRD/on/demandware.static/-/Sites-col-master-catalog/default/dwad3f8e01/images/col/780/7802157-frente.jpg?sw=280&sh=280,28 doses,https://www.continente.pt/produto/detergente-maquina-roupa-capsulas-continente-eco-7802157.html,biologicos,2025-04-21,Continente
Creme Vegetal para Barrar sem Sal Vioblock,7442202,2.99,"€11,96/kg",Violife,Laticínios e Ovos/Manteigas e Cremes para Barrar/Cremes Vegetais e Margarinas,https://www.continente.pt/dw/image/v2/BDVS_PRD/on/demandware.static/-/Sites-col-master-catalog/default/dw2991a64b/images/col/744/7442202-direito.jpg?sw=280&sh=280,emb. 250 gr,https://www.continente.pt/produto/creme-vegetal-para-barrar-sem-sal-vioblock-violife-7442202.html,biologicos,2025-04-21,Continente
Bebida de Leite UHT Livre Magro Sem Lactose,8295262,1.25,"€1,25/lt",Matinal,Laticínios e Ovos/Leite/Leite sem Lactose,https://www.continente.pt/dw/image/v2/BDVS_PRD/on/demandware.static/-/Sites-col-master-catalog/default/dw35682118/images/col/829/8295262-frente.jpg?sw=280&sh=280,emb. 1 lt,https://www.continente.pt/produto/bebida-de-leite-uht-livre-magro-sem-lactose-matinal-8295262.html,biologicos,2025-04-21,Continente
"Bolachas de Aveia, Coco e Chia",7267899,2.59,"€12,95/kg",Nairns,"Mercearia/Bolachas, Biscoitos e Tostas/Bolachas Fibra e Sem Açúcar",https://www.continente.pt/dw/image/v2/BDVS_PRD/on/demandware.static/-/Sites-col-master-catalog/default/dw28c5a179/images/col/726/7267899-esquerdo.jpg?sw=280&sh=280,emb. 200 gr,https://www.continente.pt/produto/bolachas-de-aveia-coco-e-chia-nairns-7267899.html,biologicos,2025-04-21,Continente
Iogurte Líquido Bifidus Triplo 0% Ananás e Coco sem Lactose,8383879,1.59,"€2,48/kg",Continente,Laticínios e Ovos/Iogurtes/Iogurtes Bífidus,https://www.continente.pt/dw/image/v2/BDVS_PRD/on/demandware.static/-/Sites-col-master-catalog/default/dw979df5d5/images/col/838/8383879-frente.jpg?sw=280&sh=280,emb. 640 gr (4 un),https://www.continente.pt/produto/iogurte-liquido-bifidus-triplo-0--ananas-e-coco-sem-lactose-continente-8383879.html,biologicos,2025-04-21,Continente
Creme para Barrar Vegan,7801615,2.99,"€20,62/gr",Philadelphia,Bio e Saudável/Vegetariano e Vegan,https://www.continente.pt/dw/image/v2/BDVS_PRD/on/demandware.static/-/Sites-col-master-catalog/default/dw8697d888/images/col/780/7801615-frente.png?sw=280&sh=280,emb. 145 gr,https://www.continente.pt/produto/creme-para-barrar-vegan-philadelphia-7801615.html,biologicos,2025-04-21,Continente
Tortitas de Milho Multicereais sem Glúten,6709787,1.29,"€9,92/kg",Continente Equilíbrio,"Mercearia/Bolachas, Biscoitos e Tostas/Tortitas de Arroz e Milho",https://www.continente.pt/dw/image/v2/BDVS_PRD/on/demandware.static/-/Sites-col-master-catalog/default/dwf8f57c19/images/col/670/6709787-frente.jpg?sw=280&sh=280,emb. 130 gr,https://www.continente.pt/produto/tortitas-de-milho-multicereais-sem-gluten-continente-equilibrio-6709787.html,biologicos,2025-04-21,Continente
Toalhitas Bebé Pure Cuida e Protege Calêndula,8004681,7.19,"€0,05/un",Dodot,Bebé/Fraldas e Toalhitas/Toalhitas,https://www.continente.pt/dw/image/v2/BDVS_PRD/on/demandware.static/-/Sites-col-master-catalog/default/dw6d69ba6a/images/col/800/8004681-hero.png?sw=280&sh=280,emb. 132 un (3 x 44 un),https://www.continente.pt/produto/toalhitas-bebe-pure-cuida-e-protege-calendula-dodot-8004681.html,biologicos,2025-04-21,Continente
Tempeh Refrigerado Biológico,5036216,3.99,"€15,96/kg",Seara,"Bio e Saudável/Biológicos/Peixaria, Talho e Alternativas",https://www.continente.pt/dw/image/v2/BDVS_PRD/on/demandware.static/-/Sites-col-master-catalog/default/dwfe4ddc62/images/col/503/5036216-frente.jpg?sw=280&sh=280,emb. 250 gr,https://www.continente.pt/produto/tempeh-refrigerado-biologico-seara-5036216.html,biologicos,2025-04-21,Continente
Pizza Fresca Vegetariana,7630250,4.59,"€12,75/kg",Nobre Vegalia,Frescos/Take Away/Pizzas,https://www.continente.pt/dw/image/v2/BDVS_PRD/on/demandware.static/-/Sites-col-master-catalog/default/dw1c5862b4/images/col/763/7630250-hero.jpg?sw=280&sh=280,emb. 360 gr,https://www.continente.pt/produto/pizza-fresca-vegetariana-nobre-vegalia-7630250.html,biologicos,2025-04-21,Continente
Tiras de Coco Biológicas,7181882,2.29,"€22,90/kg",Continente Bio,"Frescos/Frutas/Frutos Secos, Desidratados e Sementes/Frutos Desidratados",https://www.continente.pt/dw/image/v2/BDVS_PRD/on/demandware.static/-/Sites-col-master-catalog/default/dw2e60bbc3/images/col/718/7181882-frente.jpg?sw=280&sh=280,emb. 100 gr,https://www.continente.pt/produto/tiras-de-coco-biologicas-continente-bio-7181882.html,biologicos,2025-04-21,Continente
Mistura para Panquecas Clássico em Pó,7836665,19.99,"€15,99/kg",Way Up,Mercearia/Açúcar e Sobremesas/Preparados para Mousses e Bolos,https://www.continente.pt/dw/image/v2/BDVS_PRD/on/demandware.static/-/Sites-col-master-catalog/default/dwdbda9ffd/images/col/783/7836665-frente.jpg?sw=280&sh=280,"emb. 1,25 kg",https://www.continente.pt/produto/mistura-para-panquecas-classico-em-po-way-up-7836665.html,biologicos,2025-04-21,Continente
Tablete de Chocolate de Leite com Amêndoa Extrafino sem Glúten,5874435,2.79,"€22,68/kg",Nestlé,"Mercearia/Chocolate, Gomas e Rebuçados/Chocolates",https://www.continente.pt/dw/image/v2/BDVS_PRD/on/demandware.static/-/Sites-col-master-catalog/default/dw645014fc/images/col/587/5874435-frente.png?sw=280&sh=280,emb. 123 gr,https://www.continente.pt/produto/tablete-de-chocolate-de-leite-com-amendoa-extrafino-sem-gluten-nestle-5874435.html,biologicos,2025-04-21,Continente
Toalhitas Bebé Pure Calma e Protege Aloe Vera,8004676,7.19,"€0,05/un",Dodot,Bebé/Fraldas e Toalhitas/Toalhitas,https://www.continente.pt/dw/image/v2/BDVS_PRD/on/demandware.static/-/Sites-col-master-catalog/default/dw307fe681/images/col/800/8004676-hero.png?sw=280&sh=280,emb. 138 un (3 x 46 un),https://www.continente.pt/produto/toalhitas-bebe-pure-calma-e-protege-aloe-vera-dodot-8004676.html,biologicos,2025-04-21,Continente
Yofu Coco e Stracciatella,7831243,3.29,"€9,68/kg",Alpro,Laticínios e Ovos/Iogurtes/Vegegurtes e Yofu,https://www.continente.pt/dw/image/v2/BDVS_PRD/on/demandware.static/-/Sites-col-master-catalog/default/dw62a7911d/images/col/783/7831243-frente.jpg?sw=280&sh=280,emb. 340 gr,https://www.continente.pt/produto/yofu-coco-e-stracciatella-alpro-7831243.html,biologicos,2025-04-21,Continente
Preparado para Mariscada Ultracongelado,7346636,4.99,"€7,13/kg",Continente,Frescos/Peixaria/Marisco/Congelado,https://www.continente.pt/dw/image/v2/BDVS_PRD/on/demandware.static/-/Sites-col-master-catalog/default/dw604b7347/images/col/734/7346636-frente.jpg?sw=280&sh=280,emb. 700 gr,https://www.continente.pt/produto/preparado-para-mariscada-ultracongelado-continente-7346636.html,biologicos,2025-04-21,Continente
Soda Artesanal Cola Natural,7525132,1.85,"€5,61/lt",Why Not,Bebidas e Garrafeira/Sumos e Refrigerantes/Refrigerantes com Gás,https://www.continente.pt/dw/image/v2/BDVS_PRD/on/demandware.static/-/Sites-col-master-catalog/default/dwdd735811/images/col/752/7525132-frente.png?sw=280&sh=280,garrafa 33 cl,https://www.continente.pt/produto/soda-artesanal-cola-natural-why-not-7525132.html,biologicos,2025-04-21,Continente
Café Moído Torrado Moagem Universal Lote Biológico Int 10,8037030,3.49,"€13,96/kg",Continente Bio,"Mercearia/Café, Chá e Bebidas Solúveis/Café Torrado",https://www.continente.pt/dw/image/v2/BDVS_PRD/on/demandware.static/-/Sites-col-master-catalog/default/dw79195297/images/col/803/8037030-frente.jpg?sw=280&sh=280,emb. 250 gr,https://www.continente.pt/produto/cafe-moido-torrado-moagem-universal-lote-biologico-int-10-continente-bio-8037030.html,biologicos,2025-04-21,Continente
Infusão Menta Saquetas,6671495,1.09,"€0,11/un",Cem Porcento,"Mercearia/Café, Chá e Bebidas Solúveis/Chás e Infusões",https://www.continente.pt/dw/image/v2/BDVS_PRD/on/demandware.static/-/Sites-col-master-catalog/default/dw27820af3/images/col/667/6671495-direito.jpg?sw=280&sh=280,emb. 10 un,https://www.continente.pt/produto/infusao-menta-saquetas-cem-porcento-6671495.html,biologicos,2025-04-21,Continente
Massa Tagliatelle Integral,7417452,2.25,"€9,00/kg",Delverde,"Mercearia/Arroz, Massa e Farinha/Massa",https://www.continente.pt/dw/image/v2/BDVS_PRD/on/demandware.static/-/Sites-col-master-catalog/default/dw000bba31/images/col/741/7417452-frente.jpg?sw=280&sh=280,emb. 250 gr,https://www.continente.pt/produto/massa-tagliatelle-integral-delverde-7417452.html,biologicos,2025-04-21,Continente
"Refeição para Bebé Batata Doce, Tomate e Frango +8M",8037930,2.49,"€2,49/un",Gerber,Mercearia/Alimentação Infantil/Refeições,https://www.continente.pt/dw/image/v2/BDVS_PRD/on/demandware.static/-/Sites-col-master-catalog/default/dwa1482746/images/col/803/8037930-frente.jpg?sw=280&sh=280,emb. 190 gr,https://www.continente.pt/produto/refeicao-para-bebe-batata-doce-tomate-e-frango-8m-gerber-8037930.html,biologicos,2025-04-21,Continente
Biscoitos Integrais de Canela,5418185,2.99,"€14,95/kg",Cem Porcento,"Mercearia/Bolachas, Biscoitos e Tostas/Maria, Torrada e Biscoitos",https://www.continente.pt/dw/image/v2/BDVS_PRD/on/demandware.static/-/Sites-col-master-catalog/default/dw9ece0739/images/col/541/5418185-frente.jpg?sw=280&sh=280,emb. 200 gr,https://www.continente.pt/produto/biscoitos-integrais-de-canela-cem-porcento-5418185.html,biologicos,2025-04-21,Continente
Bebida Vegetal de Aveia,5990691,2.11,"€3,52/lt",Shoyce Hug,Laticínios e Ovos/Bebidas Vegetais/Bebida Aveia,https://www.continente.pt/dw/image/v2/BDVS_PRD/on/demandware.static/-/Sites-col-master-catalog/default/dw6ddb5eeb/images/col/599/5990691-frente.jpg?sw=280&sh=280,emb. 3 x 200 ml,https://www.continente.pt/produto/bebida-vegetal-de-aveia-shoyce-hug-5990691.html,biologicos,2025-04-21,Continente
Quinoa e Lentilhas ao Estilo Mexicano sem Glúten,7062751,2.29,"€9,16/kg",Natura,"Mercearia/Arroz, Massa e Farinha/Couscous, Quinoa, Bulgur e Outros",https://www.continente.pt/dw/image/v2/BDVS_PRD/on/demandware.static/-/Sites-col-master-catalog/default/dw08e1c71e/images/col/706/7062751-frente.png?sw=280&sh=280,emb. 250 gr,https://www.continente.pt/produto/quinoa-e-lentilhas-ao-estilo-mexicano-sem-gluten-natura-7062751.html,biologicos,2025-04-21,Continente
Gelado Straccia-Coco Vegan sem Glúten,7759366,7.39,"€15,40/lt",Pink Albatross,Congelados/Gelados/Gelados Americanos,https://www.continente.pt/dw/image/v2/BDVS_PRD/on/demandware.static/-/Sites-col-master-catalog/default/dw8df27d99/images/col/775/7759366-frente.jpg?sw=280&sh=280,emb. 480 ml,https://www.continente.pt/produto/gelado-straccia-coco-vegan-sem-gluten-pink-albatross-7759366.html,biologicos,2025-04-21,Continente
Bebida Vegetal de Amêndoa,6116932,3.19,"€3,19/lt",Rude Health,Laticínios e Ovos/Bebidas Vegetais/Bebida Amêndoa,https://www.continente.pt/dw/image/v2/BDVS_PRD/on/demandware.static/-/Sites-col-master-catalog/default/dw7e5d705e/images/col/611/6116932-frente.png?sw=280&sh=280,emb. 1 lt,https://www.continente.pt/produto/bebida-vegetal-de-amendoa-rude-health-6116932.html,biologicos,2025-04-21,Continente
Gomas Sortido Ácido sem Glúten,4491887,1.94,"€12,93/kg",Interdoces,"Mercearia/Chocolate, Gomas e Rebuçados/Gomas, Pastilhas e Rebuçados",https://www.continente.pt/dw/image/v2/BDVS_PRD/on/demandware.static/-/Sites-col-master-catalog/default/dw54c80078/images/col/449/4491887-frente.jpg?sw=280&sh=280,emb. 150 gr,https://www.continente.pt/produto/gomas-sortido-acido-sem-gluten-interdoces-4491887.html,biologicos,2025-04-21,Continente
Penne sem Glúten,7416999,2.99,"€7,48/kg",Delverde,"Mercearia/Arroz, Massa e Farinha/Massa",https://www.continente.pt/dw/image/v2/BDVS_PRD/on/demandware.static/-/Sites-col-master-catalog/default/dwca28eb00/images/col/741/7416999-frente.jpg?sw=280&sh=280,emb. 400 gr,https://www.continente.pt/produto/penne-sem-gluten-delverde-7416999.html,biologicos,2025-04-21,Continente
Empanadilha Espinafres e Queijo,5948636,4.39,"€13,30/kg",Veggis,"Congelados/Salgados, Folhados e Pastelaria/Salgados",https://www.continente.pt/dw/image/v2/BDVS_PRD/on/demandware.static/-/Sites-col-master-catalog/default/dw79ab2f78/images/col/594/5948636-frente.jpg?sw=280&sh=280,emb. 330 gr (2 un),https://www.continente.pt/produto/empanadilha-espinafres-e-queijo-veggis-5948636.html,biologicos,2025-04-21,Continente
Biscoitos de Amêndoa,2232384,3.09,"€14,05/kg",Seara,"Mercearia/Bolachas, Biscoitos e Tostas/Maria, Torrada e Biscoitos",https://www.continente.pt/dw/image/v2/BDVS_PRD/on/demandware.static/-/Sites-col-master-catalog/default/dw6c26777e/images/col/223/2232384-frente.jpg?sw=280&sh=280,emb. 250 gr,https://www.continente.pt/produto/biscoitos-de-amendoa-seara-2232384.html,biologicos,2025-04-21,Continente
Drageias de Fruta sem Glúten,5316690,2.4,"€20,00/kg",Mentos,"Mercearia/Chocolate, Gomas e Rebuçados/Gomas, Pastilhas e Rebuçados",https://www.continente.pt/dw/image/v2/BDVS_PRD/on/demandware.static/-/Sites-col-master-catalog/default/dw2838782d/images/col/531/5316690-frente.jpg?sw=280&sh=280,emb. 120 gr,https://www.continente.pt/produto/drageias-de-fruta-sem-gluten-mentos-5316690.html,biologicos,2025-04-21,Continente
Bolonhesa de Lentilhas,8041021,2.95,"€8,19/kg",Compal da Horta,Mercearia/Sopas e Refeições/Refeições,https://www.continente.pt/dw/image/v2/BDVS_PRD/on/demandware.static/-/Sites-col-master-catalog/default/dwe8ec51dd/images/col/804/8041021-hero.jpg?sw=280&sh=280,emb. 360 gr,https://www.continente.pt/produto/bolonhesa-de-lentilhas-compal-da-horta-8041021.html,biologicos,2025-04-21,Continente
Crackies de Milho sem Sal sem Glúten,4807622,1.64,"€12,62/kg",Caçarola,"Mercearia/Bolachas, Biscoitos e Tostas/Tortitas de Arroz e Milho",https://www.continente.pt/dw/image/v2/BDVS_PRD/on/demandware.static/-/Sites-col-master-catalog/default/dw4ca69158/images/col/480/4807622-frente.jpg?sw=280&sh=280,emb. 130 gr,https://www.continente.pt/produto/crackies-de-milho-sem-sal-sem-gluten-cacarola-4807622.html,biologicos,2025-04-21,Continente
Massa de Lentilhas Vermelhas sem Glúten,6903966,3.72,"€14,88/kg",Dalla Costa,"Mercearia/Arroz, Massa e Farinha/Massa",https://www.continente.pt/dw/image/v2/BDVS_PRD/on/demandware.static/-/Sites-col-master-catalog/default/dwa9b08609/images/col/690/6903966-direito.jpg?sw=280&sh=280,emb. 250 gr,https://www.continente.pt/produto/massa-de-lentilhas-vermelhas-sem-gluten-dalla-costa-6903966.html,biologicos,2025-04-21,Continente
Barras Cruas de Maçã e Canela sem Glúten,7178385,1.99,"€18,95/kg",Continente Equilíbrio,Mercearia/Cereais e Barras/Barras de Cereais,https://www.continente.pt/dw/image/v2/BDVS_PRD/on/demandware.static/-/Sites-col-master-catalog/default/dw40b07599/images/col/717/7178385-frente.jpg?sw=280&sh=280,emb. 105 gr (3 un),https://www.continente.pt/produto/barras-cruas-de-maca-e-canela-sem-gluten-continente-equilibrio-7178385.html,biologicos,2025-04-21,Continente
Iogurte Líquido Bifidus Triplo 0% Frutos Silvestres sem Lactose,8383885,1.59,"€2,48/kg",Continente,Laticínios e Ovos/Iogurtes/Iogurtes Bífidus,https://www.continente.pt/dw/image/v2/BDVS_PRD/on/demandware.static/-/Sites-col-master-catalog/default/dw9ce4061e/images/col/838/8383885-frente.jpg?sw=280&sh=280,emb. 640 gr (4 un),https://www.continente.pt/produto/iogurte-liquido-bifidus-triplo-0--frutos-silvestres-sem-lactose-continente-8383885.html,biologicos,2025-04-21,Continente
Cereais Corn Flakes,6984728,2.59,"€10,36/kg",Origens Bio,Mercearia/Cereais e Barras/Corn Flakes,https://www.continente.pt/dw/image/v2/BDVS_PRD/on/demandware.static/-/Sites-col-master-catalog/default/dwdd8ea542/images/col/698/6984728-frente.png?sw=280&sh=280,emb. 250 gr,https://www.continente.pt/produto/cereais-corn-flakes-origens-bio-6984728.html,biologicos,2025-04-21,Continente
Farinha de Mandioca sem Glúten,2003439,2.79,"€5,58/kg",Ferbar,"Mercearia/Arroz, Massa e Farinha/Farinha e Pão Ralado",https://www.continente.pt/dw/image/v2/BDVS_PRD/on/demandware.static/-/Sites-col-master-catalog/default/dwec2f3b40/images/col/200/2003439-frente.jpg?sw=280&sh=280,emb. 500 gr,https://www.continente.pt/produto/farinha-de-mandioca-sem-gluten-ferbar-2003439.html,biologicos,2025-04-21,Continente
Gel de Banho Leite e Baunilha Bio,8054254,3.49,"€5,37/lt",Le Petit Marseillais,Beleza e Higiene/Corpo/Gel de Banho,https://www.continente.pt/dw/image/v2/BDVS_PRD/on/demandware.static/-/Sites-col-master-catalog/default/dwd9e6e8a8/images/col/805/8054254-frente.png?sw=280&sh=280,emb. 650 ml,https://www.continente.pt/produto/gel-de-banho-leite-e-baunilha-bio-le-petit-marseillais-8054254.html,biologicos,2025-04-21,Continente
Barra Proteína Chocolate e Amendoim,7925709,1.15,"€23,00/kg",Way Up,Bio e Saudável/Nutrição Desportiva/Barras e Snacks,https://www.continente.pt/dw/image/v2/BDVS_PRD/on/demandware.static/-/Sites-col-master-catalog/default/dwb3380594/images/col/792/7925709-hero.jpg?sw=280&sh=280,emb. 50 gr,https://www.continente.pt/produto/barra-proteina-chocolate-e-amendoim-way-up-7925709.html,biologicos,2025-04-21,Continente
Mousse Proteína Pistácio,8113878,1.99,"€9,95/kg",Ehrmann,Laticínios e Ovos/Iogurtes/Iogurtes Proteína,https://www.continente.pt/dw/image/v2/BDVS_PRD/on/demandware.static/-/Sites-col-master-catalog/default/dw356c58ea/images/col/811/8113878-cima.png?sw=280&sh=280,emb. 200 gr,https://www.continente.pt/produto/mousse-proteina-pistacio-ehrmann-8113878.html,biologicos,2025-04-21,Continente
Seitan,6244397,2.65,"€10,60/kg",Veg In,Bio e Saudável/Vegetariano/Tofu e Seitan,https://www.continente.pt/dw/image/v2/BDVS_PRD/on/demandware.static/-/Sites-col-master-catalog/default/dw5ae7c6c7/images/col/624/6244397-frente.jpg?sw=280&sh=280,emb. 250 gr,https://www.continente.pt/produto/seitan-veg-in-6244397.html,biologicos,2025-04-21,Continente
Bebida Vegetal de Amêndoa Barista sem Açúcar,7100540,2.79,"€2,79/lt",Joya,Laticínios e Ovos/Bebidas Vegetais/Bebida Amêndoa,https://www.continente.pt/dw/image/v2/BDVS_PRD/on/demandware.static/-/Sites-col-master-catalog/default/dw31471672/images/col/710/7100540-frente.png?sw=280&sh=280,emb. 1 lt,https://www.continente.pt/produto/bebida-vegetal-de-amendoa-barista-sem-acucar-joya-7100540.html,biologicos,2025-04-21,Continente
Snack Proteína Cacau,8145288,2.99,"€24,92/kg",Lindahls,Bio e Saudável/Nutrição Desportiva/Barras e Snacks,https://www.continente.pt/dw/image/v2/BDVS_PRD/on/demandware.static/-/Sites-col-master-catalog/default/dw60d0e45f/images/col/814/8145288-frente.jpg?sw=280&sh=280,emb. 120 gr (3 un),https://www.continente.pt/produto/snack-proteina-cacau-lindahls-8145288.html,biologicos,2025-04-21,Continente
Iogurte Líquido Magro Kiwi sem Lactose,7655207,2.09,"€3,46/kg",Mimosa,Laticínios e Ovos/Iogurtes/Iogurtes sem Lactose,https://www.continente.pt/dw/image/v2/BDVS_PRD/on/demandware.static/-/Sites-col-master-catalog/default/dwa4a90818/images/col/765/7655207-frente.png?sw=280&sh=280,emb. 604 gr (4 un),https://www.continente.pt/produto/iogurte-liquido-magro-kiwi-sem-lactose-mimosa-7655207.html,biologicos,2025-04-21,Continente
Corn Flakes sem Glúten,7645844,2.09,"€5,57/kg",Nacional,Mercearia/Cereais e Barras/Corn Flakes,https://www.continente.pt/dw/image/v2/BDVS_PRD/on/demandware.static/-/Sites-col-master-catalog/default/dw7ac5cb4b/images/col/764/7645844-frente.jpg?sw=280&sh=280,emb. 375 gr,https://www.continente.pt/produto/corn-flakes-sem-gluten-nacional-7645844.html,biologicos,2025-04-21,Continente
Mini Muffin de Chocolate Sem Glúten,8037353,2.49,"€20,75/kg",Museu do Pão,Frescos/Padaria e Pastelaria/Pastelaria Sortida,https://www.continente.pt/dw/image/v2/BDVS_PRD/on/demandware.static/-/Sites-col-master-catalog/default/dwb5ac35b0/images/col/803/8037353-frente.jpg?sw=280&sh=280,emb. 120 gr,https://www.continente.pt/produto/mini-muffin-de-chocolate-sem-gluten-museu-do-pao-8037353.html,biologicos,2025-04-21,Continente
Iogurte Magro Probiótico Kiwi sem Lactose,7889337,2.09,"€4,54/kg",Mimosa,Laticínios e Ovos/Iogurtes/Iogurtes sem Lactose,https://www.continente.pt/dw/image/v2/BDVS_PRD/on/demandware.static/-/Sites-col-master-catalog/default/dwe94c52d6/images/col/788/7889337-frente.png?sw=280&sh=280,emb. 460 gr (4 un),https://www.continente.pt/produto/iogurte-magro-probiotico-kiwi-sem-lactose-mimosa-7889337.html,biologicos,2025-04-21,Continente
Champô Fructis Hidra Caracóis,7445834,6.49,"€9,41/lt",Garnier,Beleza e Higiene/Cabelo/Champôs,https://www.continente.pt/dw/image/v2/BDVS_PRD/on/demandware.static/-/Sites-col-master-catalog/default/dw57f9b74d/images/col/744/7445834-hero.jpg?sw=280&sh=280,emb. 690 ml,https://www.continente.pt/produto/champo-fructis-hidra-caracois-garnier-7445834.html,biologicos,2025-04-21,Continente
Creme Chocolate,6616638,1.97,"€19,70/kg",Pastoret,Laticínios e Ovos/Sobremesas/Mousses e Pudins,https://www.continente.pt/dw/image/v2/BDVS_PRD/on/demandware.static/-/Sites-col-master-catalog/default/dw2a6dcb98/images/col/661/6616638-cima.jpg?sw=280&sh=280,emb. 100 gr,https://www.continente.pt/produto/creme-chocolate-pastoret-6616638.html,biologicos,2025-04-21,Continente
Saqueta Chocolate e Avelãs Desidratadas,8003341,0.69,"€69,00/kg",Yonest,"Frescos/Frutas/Frutos Secos, Desidratados e Sementes/Frutos Desidratados",https://www.continente.pt/dw/image/v2/BDVS_PRD/on/demandware.static/-/Sites-col-master-catalog/default/dw5fb46694/images/col/800/8003341-frente.png?sw=280&sh=280,emb. 10 gr,https://www.continente.pt/produto/saqueta-chocolate-e-avelas-desidratadas-yonest-8003341.html,biologicos,2025-04-21,Continente
Iogurte Líquido Proteína Caramelo,7866705,1.69,"€6,76/kg",Mimosa,Laticínios e Ovos/Iogurtes/Iogurtes Líquidos,https://www.continente.pt/dw/image/v2/BDVS_PRD/on/demandware.static/-/Sites-col-master-catalog/default/dwcc8a6e98/images/col/786/7866705-frente.png?sw=280&sh=280,emb. 250 gr,https://www.continente.pt/produto/iogurte-liquido-proteina-caramelo-mimosa-7866705.html,biologicos,2025-04-21,Continente
Frango Mel e Mostarda com Arroz,7826655,6.75,"€15,52/kg",Prozis,Congelados/Refeições Prontas,https://www.continente.pt/dw/image/v2/BDVS_PRD/on/demandware.static/-/Sites-col-master-catalog/default/dw7e110b8e/images/col/782/7826655-frente.jpg?sw=280&sh=280,emb. 435 gr,https://www.continente.pt/produto/frango-mel-e-mostarda-com-arroz-prozis-7826655.html,biologicos,2025-04-21,Continente
Sorbet Limão sem Lactose,6592516,2.19,"€2,19/lt",Continente,Congelados/Gelados/Gelados Familiares,https://www.continente.pt/dw/image/v2/BDVS_PRD/on/demandware.static/-/Sites-col-master-catalog/default/dw91f3c058/images/col/659/6592516-frente.jpg?sw=280&sh=280,emb. 1 lt,https://www.continente.pt/produto/sorbet-limao-sem-lactose-continente-6592516.html,biologicos,2025-04-21,Continente
Feijão Preto,5895678,2.97,"€5,94/kg",Seara,"Mercearia/Arroz, Massa e Farinha/Feijão, Grão de Bico e Lentilhas",https://www.continente.pt/dw/image/v2/BDVS_PRD/on/demandware.static/-/Sites-col-master-catalog/default/dwdf92dbaa/images/col/589/5895678-frente.jpg?sw=280&sh=280,emb. 500 gr,https://www.continente.pt/produto/feijao-preto-seara-5895678.html,biologicos,2025-04-21,Continente
Hambúrgueres de Soja e Ervilhas,8398833,3.99,"€2,00/un",Iglo Green Cuisine,Congelados/Hambúrgueres e Almôndegas,https://www.continente.pt/dw/image/v2/BDVS_PRD/on/demandware.static/-/Sites-col-master-catalog/default/dweae65340/images/col/839/8398833-frente.png?sw=280&sh=280,emb. 209 gr (2 un),https://www.continente.pt/produto/hamburgueres-de-soja-e-ervilhas-iglo-green-cuisine-8398833.html,biologicos,2025-04-21,Continente
Lasanha de Frango,7795046,6.19,"€18,21/kg",Prozis,Congelados/Refeições Prontas,https://www.continente.pt/dw/image/v2/BDVS_PRD/on/demandware.static/-/Sites-col-master-catalog/default/dw168a4ab0/images/col/779/7795046-frente.jpg?sw=280&sh=280,emb. 340 gr,https://www.continente.pt/produto/lasanha-de-frango-prozis-7795046.html,biologicos,2025-04-21,Continente
Bebida Vegetal de Amêndoa sem Açúcar,6880930,2.11,"€2,11/lt",Shoyce Hug,Laticínios e Ovos/Bebidas Vegetais/Bebida Amêndoa,https://www.continente.pt/dw/image/v2/BDVS_PRD/on/demandware.static/-/Sites-col-master-catalog/default/dwb79b8b57/images/col/688/6880930-frente.png?sw=280&sh=280,emb. 1 lt,https://www.continente.pt/produto/bebida-vegetal-de-amendoa-sem-acucar-shoyce-hug-6880930.html,biologicos,2025-04-21,Continente
"Barras de Cereais Proteína Coco, Cacau e Caju Special K",6493706,2.59,"€23,12/kg",Kelloggs,Mercearia/Cereais e Barras/Barras de Cereais,https://www.continente.pt/dw/image/v2/BDVS_PRD/on/demandware.static/-/Sites-col-master-catalog/default/dw75290592/images/col/649/6493706-hero.jpg?sw=280&sh=280,emb. 112 gr (4 un),https://www.continente.pt/produto/barras-de-cereais-proteina-coco-cacau-e-caju-special-k-kelloggs-6493706.html,biologicos,2025-04-21,Continente
Bolachas de Aveia com Pepitas de Chocolate Negro,7267897,2.59,"€12,95/kg",Nairns,"Mercearia/Bolachas, Biscoitos e Tostas/Bolachas Fibra e Sem Açúcar",https://www.continente.pt/dw/image/v2/BDVS_PRD/on/demandware.static/-/Sites-col-master-catalog/default/dwe24448fe/images/col/726/7267897-esquerdo.jpg?sw=280&sh=280,emb. 200 gr,https://www.continente.pt/produto/bolachas-de-aveia-com-pepitas-de-chocolate-negro-nairns-7267897.html,biologicos,2025-04-21,Continente
Pão de Centeio Biológico,2834855,3.01,"€6,02/kg",Mestemacher,Bio e Saudável/Biológicos/Padaria e Pastelaria,https://www.continente.pt/dw/image/v2/BDVS_PRD/on/demandware.static/-/Sites-col-master-catalog/default/dwac78b514/images/col/283/2834855-frente.jpg?sw=280&sh=280,emb. 500 gr,https://www.continente.pt/produto/pao-de-centeio-biologico-mestemacher-2834855.html,biologicos,2025-04-21,Continente
Tortitas de Arroz,6453843,1.39,"€10,69/kg",Salutem,"Mercearia/Bolachas, Biscoitos e Tostas/Tortitas de Arroz e Milho",https://www.continente.pt/dw/image/v2/BDVS_PRD/on/demandware.static/-/Sites-col-master-catalog/default/dw87cbc6c3/images/col/645/6453843-frente.jpg?sw=280&sh=280,emb. 130 gr,https://www.continente.pt/produto/tortitas-de-arroz-salutem-6453843.html,biologicos,2025-04-21,Continente
Gengibre Moído,6831306,3.21,"€100,31/kg",Margão,"Mercearia/Molhos, Temperos e Sal/Especiarias e Ervas Aromáticas",https://www.continente.pt/dw/image/v2/BDVS_PRD/on/demandware.static/-/Sites-col-master-catalog/default/dwfcc31824/images/col/683/6831306-frente.png?sw=280&sh=280,emb. 32 gr,https://www.continente.pt/produto/gengibre-moido-margao-6831306.html,biologicos,2025-04-21,Continente
Rissóis de Cogumelos,6470470,4.59,"€16,39/kg",Veggis,"Congelados/Salgados, Folhados e Pastelaria/Salgados",https://www.continente.pt/dw/image/v2/BDVS_PRD/on/demandware.static/-/Sites-col-master-catalog/default/dwdc3b4547/images/col/647/6470470-frente.jpg?sw=280&sh=280,emb. 280 gr (4 un),https://www.continente.pt/produto/rissois-de-cogumelos-veggis-6470470.html,biologicos,2025-04-21,Continente
Champô Ultra Suave Abacate e Carité,5813482,8.29,"€13,82/lt",Garnier,Beleza e Higiene/Cabelo/Champôs,https://www.continente.pt/dw/image/v2/BDVS_PRD/on/demandware.static/-/Sites-col-master-catalog/default/dw2d3cda02/images/col/581/5813482-hero.jpg?sw=280&sh=280,emb. 600 ml,https://www.continente.pt/produto/champo-ultra-suave-abacate-e-carite-garnier-5813482.html,biologicos,2025-04-21,Continente
Detergente Manual Lava Biberões e Tetinas,7645776,2.99,"€5,98/lt",Frosch,Limpeza/Cozinha/Detergente Manual Loiça,https://www.continente.pt/dw/image/v2/BDVS_PRD/on/demandware.static/-/Sites-col-master-catalog/default/dwed0a89f8/images/col/764/7645776-frente.jpg?sw=280&sh=280,emb. 500 ml,https://www.continente.pt/produto/detergente-manual-lava-biberoes-e-tetinas-frosch-7645776.html,biologicos,2025-04-21,Continente
Pão Rústico Fatiado sem Glúten,6539984,3.68,"€14,72/kg",Schär,Frescos/Padaria e Pastelaria/Pão de Forma e Embalado,https://www.continente.pt/dw/image/v2/BDVS_PRD/on/demandware.static/-/Sites-col-master-catalog/default/dwa95a163a/images/col/653/6539984-esquerdo.jpg?sw=280&sh=280,emb. 250 gr,https://www.continente.pt/produto/pao-rustico-fatiado-sem-gluten-schar-6539984.html,biologicos,2025-04-21,Continente
Pensos Higiénicos Normal com Abas Algodão Orgânico,7811637,1.39,"€0,10/un",Continente,Beleza e Higiene/Higiene Íntima/Pensos e Cuecas Menstruais,https://www.continente.pt/dw/image/v2/BDVS_PRD/on/demandware.static/-/Sites-col-master-catalog/default/dwd533dda7/images/col/781/7811637-frente.jpg?sw=280&sh=280,emb. 14 un,https://www.continente.pt/produto/pensos-higienicos-normal-com-abas-algodao-organico-continente-7811637.html,biologicos,2025-04-21,Continente
Vale do Rocim Alicante Bouschet Biológico Regional Alentejano Vinho Tinto,7625023,7.99,"€10,65/lt",Vale do Rocim,Bebidas e Garrafeira/Vinhos/Vinho Tinto,https://www.continente.pt/dw/image/v2/BDVS_PRD/on/demandware.static/-/Sites-col-master-catalog/default/dwa59de891/images/col/762/7625023-frente.jpg?sw=280&sh=280,garrafa 75 cl,https://www.continente.pt/produto/vale-do-rocim-alicante-bouschet-biologico-regional-alentejano-vinho-tinto-vale-do-rocim-7625023.html,biologicos,2025-04-21,Continente
V-Protein Banana,6413504,14.99,"€62,46/kg",Gold Nutrition,Bio e Saudável/Nutrição Desportiva/Energia e Proteína,https://www.continente.pt/dw/image/v2/BDVS_PRD/on/demandware.static/-/Sites-col-master-catalog/default/dw9f4eeb85/images/col/641/6413504-frente.jpg?sw=280&sh=280,emb. 240 gr,https://www.continente.pt/produto/v-protein-banana-gold-nutrition-6413504.html,biologicos,2025-04-21,Continente
Massa Penne Integral,7417450,2.25,"€4,50/kg",Delverde,"Mercearia/Arroz, Massa e Farinha/Massa",https://www.continente.pt/dw/image/v2/BDVS_PRD/on/demandware.static/-/Sites-col-master-catalog/default/dw1ea81ad2/images/col/741/7417450-frente.jpg?sw=280&sh=280,emb. 500 gr,https://www.continente.pt/produto/massa-penne-integral-delverde-7417450.html,biologicos,2025-04-21,Continente
Tofu Natural,5344104,2.99,"€11,96/kg",Joya,Frescos/Take Away/Vegetariano e Vegan/Tofu e Seitan,https://www.continente.pt/dw/image/v2/BDVS_PRD/on/demandware.static/-/Sites-col-master-catalog/default/dw9afd4084/images/col/534/5344104-frente.png?sw=280&sh=280,emb. 250 gr,https://www.continente.pt/produto/tofu-natural-joya-5344104.html,biologicos,2025-04-21,Continente
Condicionador Fortalece e Repara Fibra de Bambu,7132191,7.49,"€19,45/lt",Maui Moisture,Beleza e Higiene/Cabelo/Condicionadores,https://www.continente.pt/dw/image/v2/BDVS_PRD/on/demandware.static/-/Sites-col-master-catalog/default/dw860045ec/images/col/713/7132191-frente.jpg?sw=280&sh=280,emb. 385 ml,https://www.continente.pt/produto/condicionador-fortalece-e-repara-fibra-de-bambu-maui-moisture-7132191.html,biologicos,2025-04-21,Continente
Iogurte Proteína Manga e Maracujá,8190446,1.69,"€6,04/kg",Mimosa,Laticínios e Ovos/Iogurtes/Iogurtes Proteína,https://www.continente.pt/dw/image/v2/BDVS_PRD/on/demandware.static/-/Sites-col-master-catalog/default/dw2a7dbe1d/images/col/819/8190446-frente.png?sw=280&sh=280,emb. 280 gr (2 un),https://www.continente.pt/produto/iogurte-proteina-manga-e-maracuja-mimosa-8190446.html,biologicos,2025-04-21,Continente
Barra Low Sugar Morango e Chocolate,7521664,1.89,"€63,00/kg",Gold Nutrition,Bio e Saudável/Nutrição Desportiva/Barras e Snacks,https://www.continente.pt/dw/image/v2/BDVS_PRD/on/demandware.static/-/Sites-col-master-catalog/default/dwc5e757ac/images/col/752/7521664-frente.jpg?sw=280&sh=280,emb. 30 gr,https://www.continente.pt/produto/barra-low-sugar-morango-e-chocolate-gold-nutrition-7521664.html,biologicos,2025-04-21,Continente
Champô Fructis Vitamin Force,7526143,4.19,"€10,47/lt",Garnier,Beleza e Higiene/Cabelo/Champôs,https://www.continente.pt/dw/image/v2/BDVS_PRD/on/demandware.static/-/Sites-col-master-catalog/default/dw3a49cf45/images/col/752/7526143-frente.jpg?sw=280&sh=280,emb. 400 ml,https://www.continente.pt/produto/champo-fructis-vitamin-force-garnier-7526143.html,biologicos,2025-04-21,Continente
Vinagre de Sidra,7399643,2.89,"€11,56/lt",Gallo,"Mercearia/Azeite, Óleo e Vinagre/Vinagre",https://www.continente.pt/dw/image/v2/BDVS_PRD/on/demandware.static/-/Sites-col-master-catalog/default/dw7d1d55fb/images/col/739/7399643-hero.jpg?sw=280&sh=280,emb. 250 ml,https://www.continente.pt/produto/vinagre-de-sidra-gallo-7399643.html,biologicos,2025-04-21,Continente
Manteiga de Amendoim com Pedaços,7961550,2.99,"€5,98/kg",Way Up,Bio e Saudável/Nutrição Desportiva/Cremes de Barrar,https://www.continente.pt/dw/image/v2/BDVS_PRD/on/demandware.static/-/Sites-col-master-catalog/default/dw489a274f/images/col/796/7961550-frente.jpg?sw=280&sh=280,emb. 500 gr,https://www.continente.pt/produto/manteiga-de-amendoim-com-pedacos-way-up-7961550.html,biologicos,2025-04-21,Continente
Bolachas Pastas sem Glúten,3576460,2.99,"€14,95/kg",Gullón,"Mercearia/Bolachas, Biscoitos e Tostas/Bolachas Fibra e Sem Açúcar",https://www.continente.pt/dw/image/v2/BDVS_PRD/on/demandware.static/-/Sites-col-master-catalog/default/dw1dedb1dd/images/col/357/3576460-direito.jpg?sw=280&sh=280,emb. 200 gr,https://www.continente.pt/produto/bolachas-pastas-sem-gluten-gullon-3576460.html,biologicos,2025-04-21,Continente
Manteiga de Amendoim Crunchy sem Glúten,7096539,4.89,"€14,38/kg",Origens Bio,"Mercearia/Compotas, Cremes e Mel/Nutella e Cremes de Barrar",https://www.continente.pt/dw/image/v2/BDVS_PRD/on/demandware.static/-/Sites-col-master-catalog/default/dw327df42e/images/col/709/7096539-frente.png?sw=280&sh=280,emb. 340 gr,https://www.continente.pt/produto/manteiga-de-amendoim-crunchy-sem-gluten-origens-bio-7096539.html,biologicos,2025-04-21,Continente
Desodorizante Spray Hyaluronic,7719752,2.24,"€14,93/lt",Bioten,Beleza e Higiene/Corpo/Desodorizantes,https://www.continente.pt/dw/image/v2/BDVS_PRD/on/demandware.static/-/Sites-col-master-catalog/default/dw844abdab/images/col/771/7719752-frente.jpg?sw=280&sh=280,emb. 150 ml,https://www.continente.pt/produto/desodorizante-spray-hyaluronic-bioten-7719752.html,biologicos,2025-04-21,Continente
Óleo de Sésamo,5036358,10.73,"€21,46/lt",Emile Noël,"Mercearia/Azeite, Óleo e Vinagre/Óleo Alimentar",https://www.continente.pt/dw/image/v2/BDVS_PRD/on/demandware.static/-/Sites-col-master-catalog/default/dw60fdd5e8/images/col/503/5036358-frente.jpg?sw=280&sh=280,emb. 500 ml,https://www.continente.pt/produto/oleo-de-sesamo-emile-no%C3%ABl-5036358.html,biologicos,2025-04-21,Continente
Saqueta Amendoins e Pedaços de Cacau,8003333,0.79,"€79,00/kg",Yonest,"Frescos/Frutas/Frutos Secos, Desidratados e Sementes/Frutos Desidratados",https://www.continente.pt/dw/image/v2/BDVS_PRD/on/demandware.static/-/Sites-col-master-catalog/default/dwfe8ee6d9/images/col/800/8003333-frente.png?sw=280&sh=280,emb. 12 gr,https://www.continente.pt/produto/saqueta-amendoins-e-pedacos-de-cacau-yonest-8003333.html,biologicos,2025-04-21,Continente
Granola Proteína Chocolate e Avelãs,7380483,4.99,"€18,15/kg",Prozis,Mercearia/Cereais e Barras/Muesli e Granola,https://www.continente.pt/dw/image/v2/BDVS_PRD/on/demandware.static/-/Sites-col-master-catalog/default/dw38346624/images/col/738/7380483-frente.jpg?sw=280&sh=280,emb. 275 gr,https://www.continente.pt/produto/granola-proteina-chocolate-e-avelas-prozis-7380483.html,biologicos,2025-04-21,Continente
Galetes de Arroz com Sal Finíssimas sem Glúten,4876369,0.94,"€7,23/kg",Salutem,"Mercearia/Bolachas, Biscoitos e Tostas/Tortitas de Arroz e Milho",https://www.continente.pt/dw/image/v2/BDVS_PRD/on/demandware.static/-/Sites-col-master-catalog/default/dw73f7e650/images/col/487/4876369-frente.jpg?sw=280&sh=280,emb. 130 gr,https://www.continente.pt/produto/galetes-de-arroz-com-sal-finissimas-sem-gluten-salutem-4876369.html,biologicos,2025-04-21,Continente
Quinoa Tricolor,7078007,3.99,"€7,98/kg",Continente Bio,"Mercearia/Arroz, Massa e Farinha/Couscous, Quinoa, Bulgur e Outros",https://www.continente.pt/dw/image/v2/BDVS_PRD/on/demandware.static/-/Sites-col-master-catalog/default/dwd68ab020/images/col/707/7078007-frente.jpg?sw=280&sh=280,emb. 500 gr,https://www.continente.pt/produto/quinoa-tricolor-continente-bio-7078007.html,biologicos,2025-04-21,Continente
Bebida Kombucha Pêssego e Ananás,7673261,1.59,"€4,30/lt",Continente Bio,"Bebidas e Garrafeira/Sumos e Refrigerantes/Ice Tea, Tisanas e Kombuchas",https://www.continente.pt/dw/image/v2/BDVS_PRD/on/demandware.static/-/Sites-col-master-catalog/default/dwb5b82fa5/images/col/767/7673261-hero.jpg?sw=280&sh=280,emb. 37 cl,https://www.continente.pt/produto/bebida-kombucha-pessego-e-ananas-continente-bio-7673261.html,biologicos,2025-04-21,Continente
Preparado Picado Vegan,7594146,7.99,"€15,98/kg",Linda McCartneys,Congelados/Refeições Prontas,https://www.continente.pt/dw/image/v2/BDVS_PRD/on/demandware.static/-/Sites-col-master-catalog/default/dw14b9c360/images/col/759/7594146-frente.jpg?sw=280&sh=280,emb. 500 gr,https://www.continente.pt/produto/preparado-picado-vegan-linda-mccartneys-7594146.html,biologicos,2025-04-21,Continente
Coco Ralado sem Glúten,6919365,2.29,"€11,45/kg",Origens Bio,Mercearia/Açúcar e Sobremesas/Preparados para Mousses e Bolos,https://www.continente.pt/dw/image/v2/BDVS_PRD/on/demandware.static/-/Sites-col-master-catalog/default/dwcd06e79f/images/col/691/6919365-frente.jpg?sw=280&sh=280,emb. 200 gr,https://www.continente.pt/produto/coco-ralado-sem-gluten-origens-bio-6919365.html,biologicos,2025-04-21,Continente
100% Whey Isso & Go Bolacha Maria,7447072,18.99,"€37,98/kg",EU Nutrition,Bio e Saudável/Nutrição Desportiva/Energia e Proteína,https://www.continente.pt/dw/image/v2/BDVS_PRD/on/demandware.static/-/Sites-col-master-catalog/default/dwc15779cc/images/col/744/7447072-frente.jpg?sw=280&sh=280,emb. 500 gr,https://www.continente.pt/produto/100--whey-isso-go-bolacha-maria-eu-nutrition-7447072.html,biologicos,2025-04-21,Continente
Creme Corpo Hidratante,6272174,13.76,"€13,76/lt",Soft&Co,Beleza e Higiene/Corpo/Cremes e Loções,https://www.continente.pt/dw/image/v2/BDVS_PRD/on/demandware.static/-/Sites-col-master-catalog/default/dwe6a81f4a/images/col/627/6272174-frente.jpg?sw=280&sh=280,emb. 1 lt,https://www.continente.pt/produto/creme-corpo-hidratante-soft-co-6272174.html,biologicos,2025-04-21,Continente
Frango Parmegiana,7795038,6.65,"€17,97/kg",Prozis,Congelados/Refeições Prontas,https://www.continente.pt/dw/image/v2/BDVS_PRD/on/demandware.static/-/Sites-col-master-catalog/default/dwec6d6fb4/images/col/779/7795038-frente.jpg?sw=280&sh=280,emb. 370 gr,https://www.continente.pt/produto/frango-parmegiana-prozis-7795038.html,biologicos,2025-04-21,Continente
Burrito Frango,7795023,4.79,"€21,29/kg",Prozis,Congelados/Refeições Prontas,https://www.continente.pt/dw/image/v2/BDVS_PRD/on/demandware.static/-/Sites-col-master-catalog/default/dw375b64f7/images/col/779/7795023-frente.jpg?sw=280&sh=280,emb. 225 gr,https://www.continente.pt/produto/burrito-frango-prozis-7795023.html,biologicos,2025-04-21,Continente
Sumo 100% Limão Biológico,7396947,1.79,"€14,32/lt",Polenghi,Bebidas e Garrafeira/Sumos e Refrigerantes/Sumos de Fruta,https://www.continente.pt/dw/image/v2/BDVS_PRD/on/demandware.static/-/Sites-col-master-catalog/default/dwa38e36a8/images/col/739/7396947-frente.jpg?sw=280&sh=280,"emb. 12,5 cl",https://www.continente.pt/produto/sumo-100--limao-biologico-polenghi-7396947.html,biologicos,2025-04-21,Continente
Snack Proteína Avelã e Caramelo sem Glúten,8079334,2.18,"€2,18/un",Enervit,Bio e Saudável/Suplementos e Vitaminas/Controlo de Peso e Drenantes,https://www.continente.pt/dw/image/v2/BDVS_PRD/on/demandware.static/-/Sites-col-master-catalog/default/dw230e03ad/images/col/807/8079334-frente.png?sw=280&sh=280,emb. 35 gr,https://www.continente.pt/produto/snack-proteina-avela-e-caramelo-sem-gluten-enervit-8079334.html,biologicos,2025-04-21,Continente
Gelado Cookies com Cookie Dough Vegan sem Lactose,8083311,3.89,"€8,37/lt",Ben & Jerrys,Congelados/Gelados/Gelados Americanos,https://www.continente.pt/dw/image/v2/BDVS_PRD/on/demandware.static/-/Sites-col-master-catalog/default/dw4bfcd5c1/images/col/808/8083311-frente.png?sw=280&sh=280,emb. 465 ml,https://www.continente.pt/produto/gelado-cookies-com-cookie-dough-vegan-sem-lactose-ben-jerrys-8083311.html,biologicos,2025-04-21,Continente
São Luiz Organic Bio DOC Douro Vinho Tinto,7706499,7.49,"€9,99/lt",São Luiz,Bebidas e Garrafeira/Vinhos/Vinho Tinto,https://www.continente.pt/dw/image/v2/BDVS_PRD/on/demandware.static/-/Sites-col-master-catalog/default/dwcc63efb8/images/col/770/7706499-frente.jpg?sw=280&sh=280,,https://www.continente.pt/produto/sao-luiz-organic-bio-doc-douro-vinho-tinto-sao-luiz-7706499.html,biologicos,2025-04-21,Continente
Pensos Higiénicos Super com Abas,7811954,1.39,"€0,12/un",Continente,Beleza e Higiene/Higiene Íntima/Pensos e Cuecas Menstruais,https://www.continente.pt/dw/image/v2/BDVS_PRD/on/demandware.static/-/Sites-col-master-catalog/default/dw9b9bfeef/images/col/781/7811954-frente.jpg?sw=280&sh=280,emb. 12 un,https://www.continente.pt/produto/pensos-higienicos-super-com-abas-continente-7811954.html,biologicos,2025-04-21,Continente
Hambúrguer de Bovino com Legumes Monstrinhos,7923640,3.99,"€11,08/kg",Continente Equilíbrio,Congelados/Hambúrgueres e Almôndegas,https://www.continente.pt/dw/image/v2/BDVS_PRD/on/demandware.static/-/Sites-col-master-catalog/default/dwdaec1eea/images/col/792/7923640-frente.jpg?sw=280&sh=280,emb. 360 gr (6 un),https://www.continente.pt/produto/hamburguer-de-bovino-com-legumes-monstrinhos-continente-equilibrio-7923640.html,biologicos,2025-04-21,Continente
Cacau Cru em Pepitas sem Glúten,5367284,3.19,"€31,90/kg",Seara,Mercearia/Açúcar e Sobremesas/Preparados para Mousses e Bolos,https://www.continente.pt/dw/image/v2/BDVS_PRD/on/demandware.static/-/Sites-col-master-catalog/default/dwf535fa85/images/col/536/5367284-frente.jpg?sw=280&sh=280,emb. 100 gr,https://www.continente.pt/produto/cacau-cru-em-pepitas-sem-gluten-seara-5367284.html,biologicos,2025-04-21,Continente
Queijo de Cabra Curado,7627367,9.99,"€21,03/kg",Côvo,Frescos/Queijos/Curado,https://www.continente.pt/dw/image/v2/BDVS_PRD/on/demandware.static/-/Sites-col-master-catalog/default/dw659bb7b5/images/col/762/7627367-frente.jpg?sw=280&sh=280,emb. 580 gr (aprox.),https://www.continente.pt/produto/queijo-de-cabra-curado-covo-7627367.html,biologicos,2025-04-21,Continente
Tablete de Chocolate Negro 72% Cacau sem Glúten,5964294,2.39,"€23,90/kg",Cem Porcento,"Mercearia/Chocolate, Gomas e Rebuçados/Chocolates",https://www.continente.pt/dw/image/v2/BDVS_PRD/on/demandware.static/-/Sites-col-master-catalog/default/dw648c8013/images/col/596/5964294-direito.jpg?sw=280&sh=280,emb. 100 gr,https://www.continente.pt/produto/tablete-de-chocolate-negro-72--cacau-sem-gluten-cem-porcento-5964294.html,biologicos,2025-04-21,Continente
Palmiers com Chocolate,8042225,2.5,"€8,33/kg",Virgen del Brezo,Frescos/Padaria e Pastelaria/Biscoitos,https://www.continente.pt/dw/image/v2/BDVS_PRD/on/demandware.static/-/Sites-col-master-catalog/default/dwa0c252e3/images/col/804/8042225-topshot.jpg?sw=280&sh=280,emb. 300 gr,https://www.continente.pt/produto/palmiers-com-chocolate-virgen-del-brezo-8042225.html,biologicos,2025-04-21,Continente
Puré de Maçã para Sobremesas sem Glúten,2559542,2.84,"€3,79/kg",Andros,Mercearia/Açúcar e Sobremesas/Preparados para Mousses e Bolos,https://www.continente.pt/dw/image/v2/BDVS_PRD/on/demandware.static/-/Sites-col-master-catalog/default/dw901fcaae/images/col/255/2559542-cima.jpg?sw=280&sh=280,emb. 750 gr,https://www.continente.pt/produto/pure-de-maca-para-sobremesas-sem-gluten-andros-2559542.html,biologicos,2025-04-21,Continente
Pão Integral Fatiado sem Glúten,7523163,5.58,"€16,41/kg",Nutrifree,Frescos/Padaria e Pastelaria/Pão de Forma e Embalado,https://www.continente.pt/dw/image/v2/BDVS_PRD/on/demandware.static/-/Sites-col-master-catalog/default/dw59c338e9/images/col/752/7523163-frente.jpg?sw=280&sh=280,emb. 340 gr,https://www.continente.pt/produto/pao-integral-fatiado-sem-gluten-nutrifree-7523163.html,biologicos,2025-04-21,Continente
Gel Higiene Íntima Sensitive Bio,6767303,6.49,"€25,96/lt",Corine de Farme,Beleza e Higiene/Higiene Íntima/Gel e Sabonetes Íntimos,https://www.continente.pt/dw/image/v2/BDVS_PRD/on/demandware.static/-/Sites-col-master-catalog/default/dw6915b94b/images/col/676/6767303-frente.jpg?sw=280&sh=280,emb. 250 ml,https://www.continente.pt/produto/gel-higiene-intima-sensitive-bio-corine-de-farme-6767303.html,biologicos,2025-04-21,Continente
Vegetal Líquido Morango,7887763,2.79,"€4,62/kg",Mimosa,Laticínios e Ovos/Iogurtes/Vegegurtes e Yofu,https://www.continente.pt/dw/image/v2/BDVS_PRD/on/demandware.static/-/Sites-col-master-catalog/default/dw90102795/images/col/788/7887763-frente.png?sw=280&sh=280,emb. 604 gr (4 un),https://www.continente.pt/produto/vegetal-liquido-morango-mimosa-7887763.html,biologicos,2025-04-21,Continente
Granola Chocolate,6984678,4.99,"€16,63/kg",Origens Bio,Mercearia/Cereais e Barras/Muesli e Granola,https://www.continente.pt/dw/image/v2/BDVS_PRD/on/demandware.static/-/Sites-col-master-catalog/default/dw5ee56c7b/images/col/698/6984678-frente.png?sw=280&sh=280,emb. 300 gr,https://www.continente.pt/produto/granola-chocolate-origens-bio-6984678.html,biologicos,2025-04-21,Continente
Panado de Espinafres e Queijo Proteína Vegetal,7011818,3.99,"€22,17/kg",Garden Gourmet,Bio e Saudável/Vegetariano e Vegan/Alternativas Carne e Peixe,https://www.continente.pt/dw/image/v2/BDVS_PRD/on/demandware.static/-/Sites-col-master-catalog/default/dw88011318/images/col/701/7011818-frente.jpg?sw=280&sh=280,emb. 180 gr (2 un),https://www.continente.pt/produto/panado-de-espinafres-e-queijo-proteina-vegetal-garden-gourmet-7011818.html,biologicos,2025-04-21,Continente
Multisuperfícies Spray,7622158,1.99,"€2,65/lt",Continente Eco,Limpeza/Limpeza Geral/Multisuperfícies,https://www.continente.pt/dw/image/v2/BDVS_PRD/on/demandware.static/-/Sites-col-master-catalog/default/dw23020b58/images/col/762/7622158-frente.jpg?sw=280&sh=280,emb. 750 ml,https://www.continente.pt/produto/multisuperficies-spray-continente-eco-7622158.html,biologicos,2025-04-21,Continente
Proteína Vegetal Cacau,7932732,16.9,"€42,25/kg",Tarwi,Bio e Saudável/Nutrição Desportiva/Energia e Proteína,https://www.continente.pt/dw/image/v2/BDVS_PRD/on/demandware.static/-/Sites-col-master-catalog/default/dw2cd420d3/images/col/793/7932732-frente.jpg?sw=280&sh=280,emb. 400 gr,https://www.continente.pt/produto/proteina-vegetal-cacau-tarwi-7932732.html,biologicos,2025-04-21,Continente
Queijo de Vaca Curado Meio Gordo sem Lactose,5248755,3.89,"€15,56/kg",Continente,Frescos/Queijos/Curado,https://www.continente.pt/dw/image/v2/BDVS_PRD/on/demandware.static/-/Sites-col-master-catalog/default/dw6523c467/images/col/524/5248755-frente.jpg?sw=280&sh=280,emb. 250 gr,https://www.continente.pt/produto/queijo-de-vaca-curado-meio-gordo-sem-lactose-continente-5248755.html,biologicos,2025-04-21,Continente
Falafel de Proteína Vegetal,7253922,3.99,"€21,00/kg",Garden Gourmet,Bio e Saudável/Vegetariano e Vegan/Alternativas Carne e Peixe,https://www.continente.pt/dw/image/v2/BDVS_PRD/on/demandware.static/-/Sites-col-master-catalog/default/dwba3ce798/images/col/725/7253922-frente.jpg?sw=280&sh=280,emb. 190 gr (9 un),https://www.continente.pt/produto/falafel-de-proteina-vegetal-garden-gourmet-7253922.html,biologicos,2025-04-21,Continente
Bolachas de Chocolate com Recheio de Creme e Pepitas Coloridas Birthday Party,6515409,1.99,"€12,92/kg",Oreo,"Mercearia/Bolachas, Biscoitos e Tostas/Bolachas com Cobertura e Recheio",https://www.continente.pt/dw/image/v2/BDVS_PRD/on/demandware.static/-/Sites-col-master-catalog/default/dw98ad9505/images/col/651/6515409-frente.jpg?sw=280&sh=280,emb. 154 gr,https://www.continente.pt/produto/bolachas-de-chocolate-com-recheio-de-creme-e-pepitas-coloridas-birthday-party-oreo-6515409.html,biologicos,2025-04-21,Continente
Champô Ultra Suave Delicadeza de Aveia,5716514,3.77,"€9,42/lt",Garnier,Beleza e Higiene/Cabelo/Champôs,https://www.continente.pt/dw/image/v2/BDVS_PRD/on/demandware.static/-/Sites-col-master-catalog/default/dw6e62e6c0/images/col/571/5716514-frente.jpg?sw=280&sh=280,emb. 400 ml,https://www.continente.pt/produto/champo-ultra-suave-delicadeza-de-aveia-garnier-5716514.html,biologicos,2025-04-21,Continente
Cápsulas de Café Int 7,6335939,3.99,"€0,40/un",Delta Q,"Mercearia/Café, Chá e Bebidas Solúveis/Café em Cápsulas",https://www.continente.pt/dw/image/v2/BDVS_PRD/on/demandware.static/-/Sites-col-master-catalog/default/dw64a52c25/images/col/633/6335939-hero.jpg?sw=280&sh=280,emb. 10 un,https://www.continente.pt/produto/capsulas-de-cafe-int-7-delta-q-6335939.html,biologicos,2025-04-21,Continente
Granola Alfarroba e Morango,7941134,4.49,"€14,97/kg",Grand Carob,Mercearia/Cereais e Barras/Muesli e Granola,https://www.continente.pt/dw/image/v2/BDVS_PRD/on/demandware.static/-/Sites-col-master-catalog/default/dw2acb2ce3/images/col/794/7941134-frente.png?sw=280&sh=280,emb. 300 gr,https://www.continente.pt/produto/granola-alfarroba-e-morango-grand-carob-7941134.html,biologicos,2025-04-21,Continente
Vegegurte Banana,7986604,1.62,"€10,80/lt",Ave Vege Bakoma,Laticínios e Ovos/Iogurtes/Vegegurtes e Yofu,https://www.continente.pt/dw/image/v2/BDVS_PRD/on/demandware.static/-/Sites-col-master-catalog/default/dwbb29f890/images/col/798/7986604-frente.jpg?sw=280&sh=280,emb. 150 gr,https://www.continente.pt/produto/vegegurte-banana-ave-vege-bakoma-7986604.html,biologicos,2025-04-21,Continente
V-Protein Baunilha,7323417,14.99,"€62,46/kg",Gold Nutrition,Bio e Saudável/Nutrição Desportiva/Energia e Proteína,https://www.continente.pt/dw/image/v2/BDVS_PRD/on/demandware.static/-/Sites-col-master-catalog/default/dw559fc2dc/images/col/732/7323417-frente.jpg?sw=280&sh=280,emb. 240 gr,https://www.continente.pt/produto/v-protein-baunilha-gold-nutrition-7323417.html,biologicos,2025-04-21,Continente
Bolachas Wafers de Famboesa,5637268,1.96,"€13,07/kg",Vieira,"Mercearia/Bolachas, Biscoitos e Tostas/Bolachas com Cobertura e Recheio",https://www.continente.pt/dw/image/v2/BDVS_PRD/on/demandware.static/-/Sites-col-master-catalog/default/dw4eaa5877/images/col/563/5637268-esquerdo.jpg?sw=280&sh=280,emb. 150 gr,https://www.continente.pt/produto/bolachas-wafers-de-famboesa-vieira-5637268.html,biologicos,2025-04-21,Continente
Suplemento Multivitaminas,6593967,17.5,"€0,29/un",Gold Nutrition,Bio e Saudável/Nutrição Desportiva/Energia e Proteína,https://www.continente.pt/dw/image/v2/BDVS_PRD/on/demandware.static/-/Sites-col-master-catalog/default/dw2bdffcae/images/col/659/6593967-frente.jpg?sw=280&sh=280,emb. 60 un,https://www.continente.pt/produto/suplemento-multivitaminas-gold-nutrition-6593967.html,biologicos,2025-04-21,Continente
Flocos Milho,6819471,2.69,"€8,97/kg",Continente Bio,Mercearia/Cereais e Barras/Flocos e Papas de Aveia,https://www.continente.pt/dw/image/v2/BDVS_PRD/on/demandware.static/-/Sites-col-master-catalog/default/dwe4bd4819/images/col/681/6819471-frente.jpg?sw=280&sh=280,emb. 300 gr,https://www.continente.pt/produto/flocos-milho-continente-bio-6819471.html,biologicos,2025-04-21,Continente
Toalhitas Bebé Sensitive Biodegradáveis,7305321,1.22,"€0,02/un",Nunex,Bebé/Fraldas e Toalhitas/Toalhitas,https://www.continente.pt/dw/image/v2/BDVS_PRD/on/demandware.static/-/Sites-col-master-catalog/default/dw9db97cd4/images/col/730/7305321-frente.jpg?sw=280&sh=280,emb. 54 un,https://www.continente.pt/produto/toalhitas-bebe-sensitive-biodegradaveis-nunex-7305321.html,biologicos,2025-04-21,Continente
Barra Proteica de Noz e Chocolate Negro,7144647,2.49,"€49,80/kg",Be-Kind,Mercearia/Cereais e Barras/Barras de Cereais,https://www.continente.pt/dw/image/v2/BDVS_PRD/on/demandware.static/-/Sites-col-master-catalog/default/dwdff05c6b/images/col/714/7144647-frente.jpg?sw=280&sh=280,emb. 50 gr,https://www.continente.pt/produto/barra-proteica-de-noz-e-chocolate-negro-be-kind-7144647.html,biologicos,2025-04-21,Continente
Massa Lasanha sem Glúten,6479656,2.83,"€11,32/kg",Milaneza,"Mercearia/Arroz, Massa e Farinha/Massa",https://www.continente.pt/dw/image/v2/BDVS_PRD/on/demandware.static/-/Sites-col-master-catalog/default/dweef57d93/images/col/647/6479656-frente.png?sw=280&sh=280,emb. 250 gr,https://www.continente.pt/produto/massa-lasanha-sem-gluten-milaneza-6479656.html,biologicos,2025-04-21,Continente
Fraldas Proteção e Conforto 4-10kg T3,7304391,8.49,"€0,15/un",Continente do Bebé,Bebé/Fraldas e Toalhitas/Fraldas 4-11kg/9-15kg (T3 e T4),https://www.continente.pt/dw/image/v2/BDVS_PRD/on/demandware.static/-/Sites-col-master-catalog/default/dwfa900409/images/col/730/7304391-hero.jpg?sw=280&sh=280,emb. 56 un,https://www.continente.pt/produto/fraldas-protecao-e-conforto-4-10kg-t3-continente-do-bebe-7304391.html,biologicos,2025-04-21,Continente
Pasta 100% Cajú sem Glúten,7412941,3.99,"€22,17/kg",Continente,"Mercearia/Compotas, Cremes e Mel/Nutella e Cremes de Barrar",https://www.continente.pt/dw/image/v2/BDVS_PRD/on/demandware.static/-/Sites-col-master-catalog/default/dwf1ede739/images/col/741/7412941-frente.jpg?sw=280&sh=280,emb. 180 gr,https://www.continente.pt/produto/pasta-100--caju-sem-gluten-continente-7412941.html,biologicos,2025-04-21,Continente
Barra Proteína Zero Wafer Baunilha,7180339,1.69,"€42,25/kg",Prozis,Bio e Saudável/Nutrição Desportiva/Barras e Snacks,https://www.continente.pt/dw/image/v2/BDVS_PRD/on/demandware.static/-/Sites-col-master-catalog/default/dwf5bb3fe8/images/col/718/7180339-frente.jpg?sw=280&sh=280,emb. 40 gr,https://www.continente.pt/produto/barra-proteina-zero-wafer-baunilha-prozis-7180339.html,biologicos,2025-04-21,Continente
Vegegurte Powered By Plants Coco Framboesa Cremoso,7963850,1.39,"€6,04/kg",Continente,Laticínios e Ovos/Iogurtes/Vegegurtes e Yofu,https://www.continente.pt/dw/image/v2/BDVS_PRD/on/demandware.static/-/Sites-col-master-catalog/default/dw493fafc5/images/col/796/7963850-frente.jpg?sw=280&sh=280,emb. 250 gr (2 un),https://www.continente.pt/produto/vegegurte-powered-by-plants-coco-framboesa-cremoso-continente-7963850.html,biologicos,2025-04-21,Continente
Barra Proteica de Amendoim Billion,7642161,1.61,"€24,77/kg",Prozis,Bio e Saudável/Nutrição Desportiva/Barras e Snacks,https://www.continente.pt/dw/image/v2/BDVS_PRD/on/demandware.static/-/Sites-col-master-catalog/default/dw998c0839/images/col/764/7642161-frente.jpg?sw=280&sh=280,emb. 65 gr,https://www.continente.pt/produto/barra-proteica-de-amendoim-billion-prozis-7642161.html,biologicos,2025-04-21,Continente
Suplemento Alimentar Seca Barriga Dia e Noite,6482402,18.02,"€0,30/un",Mais Saudável,Bio e Saudável/Suplementos e Vitaminas,https://www.continente.pt/dw/image/v2/BDVS_PRD/on/demandware.static/-/Sites-col-master-catalog/default/dw385b473f/images/col/648/6482402-esquerdo.jpg?sw=280&sh=280,emb. 30 un + 30 un,https://www.continente.pt/produto/suplemento-alimentar-seca-barriga-dia-e-noite-mais-saudavel-6482402.html,biologicos,2025-04-21,Continente
Hambúrguer Vegetariano de Beringela,7026831,4.39,"€27,44/kg",Nobre Vegalia,Frescos/Take Away/Vegetariano e Vegan/Pronto a Cozinhar,https://www.continente.pt/dw/image/v2/BDVS_PRD/on/demandware.static/-/Sites-col-master-catalog/default/dw544bf32e/images/col/702/7026831-frente.jpg?sw=280&sh=280,emb. 160 gr (2 un),https://www.continente.pt/produto/hamburguer-vegetariano-de-beringela-nobre-vegalia-7026831.html,biologicos,2025-04-21,Continente
Fraldas Ecológicas 6-10kg T3,7800150,12.39,"€0,39/un",Kit&Kin,Bebé/Fraldas e Toalhitas/Fraldas 4-11kg/9-15kg (T3 e T4),https://www.continente.pt/dw/image/v2/BDVS_PRD/on/demandware.static/-/Sites-col-master-catalog/default/dw0d474962/images/col/780/7800150-frente.jpg?sw=280&sh=280,emb. 32 un,https://www.continente.pt/produto/fraldas-ecologicas-6-10kg-t3-kit-kin-7800150.html,biologicos,2025-04-21,Continente
Bifes de Soja com Molho Tomate,4228857,4.49,"€17,96/kg",Cem Porcento,Bio e Saudável/Vegetariano e Vegan/Alternativas Carne e Peixe,https://www.continente.pt/dw/image/v2/BDVS_PRD/on/demandware.static/-/Sites-col-master-catalog/default/dwc149f94d/images/col/422/4228857-direito.jpg?sw=280&sh=280,emb. 250 gr,https://www.continente.pt/produto/bifes-de-soja-com-molho-tomate-cem-porcento-4228857.html,biologicos,2025-04-21,Continente
Óleo de Coco Virgem,6616066,2.49,"€12,45/lt",Continente Bio,"Mercearia/Azeite, Óleo e Vinagre/Óleo Alimentar",https://www.continente.pt/dw/image/v2/BDVS_PRD/on/demandware.static/-/Sites-col-master-catalog/default/dw86902747/images/col/661/6616066-frente.jpg?sw=280&sh=280,emb. 200 ml,https://www.continente.pt/produto/oleo-de-coco-virgem-continente-bio-6616066.html,biologicos,2025-04-21,Continente
Condicionador Ultra Suave Carvão,7698109,3.69,"€18,45/lt",Garnier,Beleza e Higiene/Cabelo/Condicionadores,https://www.continente.pt/dw/image/v2/BDVS_PRD/on/demandware.static/-/Sites-col-master-catalog/default/dw63c2db58/images/col/769/7698109-hero.jpg?sw=280&sh=280,emb. 200 ml,https://www.continente.pt/produto/condicionador-ultra-suave-carvao-garnier-7698109.html,biologicos,2025-04-21,Continente
Tapioca Hidratada sem Glúten,7143385,3.99,"€7,98/kg",Ferbar,"Mercearia/Arroz, Massa e Farinha/Farinha e Pão Ralado",https://www.continente.pt/dw/image/v2/BDVS_PRD/on/demandware.static/-/Sites-col-master-catalog/default/dwf3341dad/images/col/714/7143385-frente.jpg?sw=280&sh=280,emb. 500 gr,https://www.continente.pt/produto/tapioca-hidratada-sem-gluten-ferbar-7143385.html,biologicos,2025-04-21,Continente
Pizza Marguerita Vegan,7400531,4.19,"€12,32/kg",Ristorante,Congelados/Pizzas,https://www.continente.pt/dw/image/v2/BDVS_PRD/on/demandware.static/-/Sites-col-master-catalog/default/dw9358bd15/images/col/740/7400531-direito.png?sw=280&sh=280,emb. 340 gr,https://www.continente.pt/produto/pizza-marguerita-vegan-ristorante-7400531.html,biologicos,2025-04-21,Continente
Champô Fructis Hidra Caracóis,5830319,3.89,"€9,72/lt",Garnier,Beleza e Higiene/Cabelo/Champôs,https://www.continente.pt/dw/image/v2/BDVS_PRD/on/demandware.static/-/Sites-col-master-catalog/default/dwaf4cdbdd/images/col/583/5830319-frente.jpg?sw=280&sh=280,emb. 400 ml,https://www.continente.pt/produto/champo-fructis-hidra-caracois-garnier-5830319.html,biologicos,2025-04-21,Continente
Bebida Vegetal de Amêndoa,6437996,1.59,"€2,65/lt",Continente Bio,Laticínios e Ovos/Bebidas Vegetais/Bebida Amêndoa,https://www.continente.pt/dw/image/v2/BDVS_PRD/on/demandware.static/-/Sites-col-master-catalog/default/dw22d6add1/images/col/643/6437996-frente.jpg?sw=280&sh=280,emb. 3 x 200 ml,https://www.continente.pt/produto/bebida-vegetal-de-amendoa-continente-bio-6437996.html,biologicos,2025-04-21,Continente
Lentilhas Vermelhas sem Casca,7170365,3.69,"€7,38/kg",Origens Bio,"Mercearia/Arroz, Massa e Farinha/Feijão, Grão de Bico e Lentilhas",https://www.continente.pt/dw/image/v2/BDVS_PRD/on/demandware.static/-/Sites-col-master-catalog/default/dw36f79635/images/col/717/7170365-frente.png?sw=280&sh=280,emb. 500 gr,https://www.continente.pt/produto/lentilhas-vermelhas-sem-casca-origens-bio-7170365.html,biologicos,2025-04-21,Continente
Gelado Manga 100% Fruta,7184412,2.49,"€10,38/lt",Continente Equilíbrio,Congelados/Gelados/Gelados Infantis,https://www.continente.pt/dw/image/v2/BDVS_PRD/on/demandware.static/-/Sites-col-master-catalog/default/dw96d238b7/images/col/718/7184412-hero.jpg?sw=280&sh=280,emb. 240 ml (4 un),https://www.continente.pt/produto/gelado-manga-100--fruta-continente-equilibrio-7184412.html,biologicos,2025-04-21,Continente
Desodorizante Roll On Vitamina C,7719751,2.24,"€44,80/lt",Bioten,Beleza e Higiene/Corpo/Desodorizantes,https://www.continente.pt/dw/image/v2/BDVS_PRD/on/demandware.static/-/Sites-col-master-catalog/default/dw06add9d0/images/col/771/7719751-frente.jpg?sw=280&sh=280,emb. 50 ml,https://www.continente.pt/produto/desodorizante-roll-on-vitamina-c-bioten-7719751.html,biologicos,2025-04-21,Continente
Muffin de Chocolate sem Glúten,7102750,0.99,"€11,00/kg",Continente,Frescos/Padaria e Pastelaria/Pastelaria Sortida,https://www.continente.pt/dw/image/v2/BDVS_PRD/on/demandware.static/-/Sites-col-master-catalog/default/dw790d9dc0/images/col/710/7102750-frente.jpg?sw=280&sh=280,2 un x 45 gr (90 gr),https://www.continente.pt/produto/muffin-de-chocolate-sem-gluten-continente-7102750.html,biologicos,2025-04-21,Continente
Chouriço Vegan,6244605,4.19,"€20,95/kg",Veg In,Bio e Saudável/Vegetariano e Vegan,https://www.continente.pt/dw/image/v2/BDVS_PRD/on/demandware.static/-/Sites-col-master-catalog/default/dw48862bf7/images/col/624/6244605-frente.jpg?sw=280&sh=280,emb. 200 gr,https://www.continente.pt/produto/chourico-vegan-veg-in-6244605.html,biologicos,2025-04-21,Continente
Farinha de Trigo Integral,2964824,1.65,"€3,30/kg",Seara,"Mercearia/Arroz, Massa e Farinha/Farinha e Pão Ralado",https://www.continente.pt/dw/image/v2/BDVS_PRD/on/demandware.static/-/Sites-col-master-catalog/default/dw9b4c9227/images/col/296/2964824-frente.jpg?sw=280&sh=280,emb. 500 gr,https://www.continente.pt/produto/farinha-de-trigo-integral-seara-2964824.html,biologicos,2025-04-21,Continente
Couscous,2758470,2.99,"€5,98/kg",Seara,"Mercearia/Arroz, Massa e Farinha/Couscous, Quinoa, Bulgur e Outros",https://www.continente.pt/dw/image/v2/BDVS_PRD/on/demandware.static/-/Sites-col-master-catalog/default/dw0fbc1922/images/col/275/2758470-frente.jpg?sw=280&sh=280,emb. 500 gr,https://www.continente.pt/produto/couscous-seara-2758470.html,biologicos,2025-04-21,Continente
Rebuçados com Recheio de Mel sem Glúten,5093499,2.99,"€11,96/kg",Penha,"Mercearia/Chocolate, Gomas e Rebuçados/Gomas, Pastilhas e Rebuçados",https://www.continente.pt/dw/image/v2/BDVS_PRD/on/demandware.static/-/Sites-col-master-catalog/default/dw0e98f123/images/col/509/5093499-frente.jpg?sw=280&sh=280,emb. 250 gr,https://www.continente.pt/produto/rebucados-com-recheio-de-mel-sem-gluten-penha-5093499.html,biologicos,2025-04-21,Continente
Tortilha Wrap Biológica,5297245,3.1,"€12,92/kg",Seara,"Frescos/Padaria e Pastelaria/Pão de Hambúrguer, Cachorro e Wraps",https://www.continente.pt/dw/image/v2/BDVS_PRD/on/demandware.static/-/Sites-col-master-catalog/default/dw03f14cd7/images/col/529/5297245-frente.jpg?sw=280&sh=280,emb. 240 gr (6 un),https://www.continente.pt/produto/tortilha-wrap-biologica-seara-5297245.html,biologicos,2025-04-21,Continente
Champô Ultra Suave Carvão,7698105,3.69,"€14,76/lt",Garnier,Beleza e Higiene/Cabelo/Champôs,https://www.continente.pt/dw/image/v2/BDVS_PRD/on/demandware.static/-/Sites-col-master-catalog/default/dw48823249/images/col/769/7698105-hero.jpg?sw=280&sh=280,emb. 250 ml,https://www.continente.pt/produto/champo-ultra-suave-carvao-garnier-7698105.html,biologicos,2025-04-21,Continente
Massa Penne de Lentilhas Vermelhas sem Glúten,6903963,3.72,"€14,88/kg",Dalla Costa,"Mercearia/Arroz, Massa e Farinha/Massa",https://www.continente.pt/dw/image/v2/BDVS_PRD/on/demandware.static/-/Sites-col-master-catalog/default/dw45c9d7e7/images/col/690/6903963-frente.jpg?sw=280&sh=280,emb. 250 gr,https://www.continente.pt/produto/massa-penne-de-lentilhas-vermelhas-sem-gluten-dalla-costa-6903963.html,biologicos,2025-04-21,Continente
Waffle sem Glúten,7096120,4.94,"€49,40/kg",Schär,Frescos/Padaria e Pastelaria/Pastelaria Sortida,https://www.continente.pt/dw/image/v2/BDVS_PRD/on/demandware.static/-/Sites-col-master-catalog/default/dwbd6a19c6/images/col/709/7096120-cima.jpg?sw=280&sh=280,emb. 100 gr (4 un),https://www.continente.pt/produto/waffle-sem-gluten-schar-7096120.html,biologicos,2025-04-21,Continente
Gelado Double Chocolate Vegan sem Glúten,7759362,7.39,"€15,40/lt",Pink Albatross,Congelados/Gelados/Gelados Americanos,https://www.continente.pt/dw/image/v2/BDVS_PRD/on/demandware.static/-/Sites-col-master-catalog/default/dwbf56ec3c/images/col/775/7759362-frente.jpg?sw=280&sh=280,emb. 480 ml,https://www.continente.pt/produto/gelado-double-chocolate-vegan-sem-gluten-pink-albatross-7759362.html,biologicos,2025-04-21,Continente
Recarga de Lâminas Venus Comfortglide Spa Breeze,7361898,8.0,"€2,00/un",Gillette,Beleza e Higiene/Corpo/Depilação e Descoloração,https://www.continente.pt/dw/image/v2/BDVS_PRD/on/demandware.static/-/Sites-col-master-catalog/default/dwbbe410e3/images/col/736/7361898-hero.png?sw=280&sh=280,emb. 4 un,https://www.continente.pt/produto/recarga-de-laminas-venus-comfortglide-spa-breeze-gillette-7361898.html,biologicos,2025-04-21,Continente
Gomas Marshmallows Tubo sem Glúten,4751268,1.04,"€11,56/kg",Haribo,"Mercearia/Chocolate, Gomas e Rebuçados/Gomas, Pastilhas e Rebuçados",https://www.continente.pt/dw/image/v2/BDVS_PRD/on/demandware.static/-/Sites-col-master-catalog/default/dw3f09037d/images/col/475/4751268-frente.jpg?sw=280&sh=280,emb. 90 gr,https://www.continente.pt/produto/gomas-marshmallows-tubo-sem-gluten-haribo-4751268.html,biologicos,2025-04-21,Continente
Magnésio 600 MG Cápsulas,5568611,13.99,"€0,23/un",Gold Nutrition,Bio e Saudável/Nutrição Desportiva/Energia e Proteína,https://www.continente.pt/dw/image/v2/BDVS_PRD/on/demandware.static/-/Sites-col-master-catalog/default/dw6d33d78c/images/col/556/5568611-frente.jpg?sw=280&sh=280,emb. 60 un,https://www.continente.pt/produto/magnesio-600-mg-capsulas-gold-nutrition-5568611.html,biologicos,2025-04-21,Continente
Barra Crua Coco e Chia sem Glúten,6753462,2.59,"€28,78/kg",Continente Bio,Mercearia/Cereais e Barras/Barras de Cereais,https://www.continente.pt/dw/image/v2/BDVS_PRD/on/demandware.static/-/Sites-col-master-catalog/default/dw5efe0c58/images/col/675/6753462-frente.jpg?sw=280&sh=280,emb. 90 gr (3 un),https://www.continente.pt/produto/barra-crua-coco-e-chia-sem-gluten-continente-bio-6753462.html,biologicos,2025-04-21,Continente
Proteína Vegan Chocolate sem Glúten,8136348,15.95,"€45,57/kg",Natruly,Bio e Saudável/Nutrição Desportiva/Energia e Proteína,https://www.continente.pt/dw/image/v2/BDVS_PRD/on/demandware.static/-/Sites-col-master-catalog/default/dw8277680c/images/col/813/8136348-frente.jpg?sw=280&sh=280,emb. 370 gr,https://www.continente.pt/produto/proteina-vegan-chocolate-sem-gluten-natruly-8136348.html,biologicos,2025-04-21,Continente
Soda Artesanal Limão e Mate,6955518,1.85,"€5,61/lt",Why Not,Bebidas e Garrafeira/Sumos e Refrigerantes/Refrigerantes com Gás,https://www.continente.pt/dw/image/v2/BDVS_PRD/on/demandware.static/-/Sites-col-master-catalog/default/dwaf96d20e/images/col/695/6955518-frente.png?sw=280&sh=280,garrafa 33 cl,https://www.continente.pt/produto/soda-artesanal-limao-e-mate-why-not-6955518.html,biologicos,2025-04-21,Continente
Infusão Digest Saquetas,6582014,1.09,"€0,11/un",Cem Porcento,"Mercearia/Café, Chá e Bebidas Solúveis/Chás e Infusões",https://www.continente.pt/dw/image/v2/BDVS_PRD/on/demandware.static/-/Sites-col-master-catalog/default/dw59d03fd6/images/col/658/6582014-direito.jpg?sw=280&sh=280,emb. 10 un,https://www.continente.pt/produto/infusao-digest-saquetas-cem-porcento-6582014.html,biologicos,2025-04-21,Continente
Puré de Beterraba,8020282,3.49,"€9,97/kg",Continente Equilíbrio,Congelados/Batata Frita e Puré,https://www.continente.pt/dw/image/v2/BDVS_PRD/on/demandware.static/-/Sites-col-master-catalog/default/dwbe7c3133/images/col/802/8020282-frente.jpg?sw=280&sh=280,emb. 350 gr (2 un),https://www.continente.pt/produto/pure-de-beterraba-continente-equilibrio-8020282.html,biologicos,2025-04-21,Continente
Curcuma,6823923,2.69,"€64,05/kg",Margão,"Mercearia/Molhos, Temperos e Sal/Especiarias e Ervas Aromáticas",https://www.continente.pt/dw/image/v2/BDVS_PRD/on/demandware.static/-/Sites-col-master-catalog/default/dw5ec27d59/images/col/682/6823923-frente.png?sw=280&sh=280,emb. 42 gr,https://www.continente.pt/produto/curcuma-margao-6823923.html,biologicos,2025-04-21,Continente
Sabonete Líquido Elimina Odor,7626451,2.24,"€7,47/lt",Clean Essence,Limpeza/Cozinha/Detergente Manual Loiça,https://www.continente.pt/dw/image/v2/BDVS_PRD/on/demandware.static/-/Sites-col-master-catalog/default/dw6a9895b0/images/col/762/7626451-frente.jpg?sw=280&sh=280,emb. 300 ml,https://www.continente.pt/produto/sabonete-liquido-elimina-odor-clean-essence-7626451.html,biologicos,2025-04-21,Continente
Gelado Soja Sandwich Vegan,6582990,4.59,"€14,34/kg",Valsoia,Congelados/Gelados/Mini Bites e Sandwich,https://www.continente.pt/dw/image/v2/BDVS_PRD/on/demandware.static/-/Sites-col-master-catalog/default/dw2bfee745/images/col/658/6582990-frente.jpg?sw=280&sh=280,emb. 320 gr,https://www.continente.pt/produto/gelado-soja-sandwich-vegan-valsoia-6582990.html,biologicos,2025-04-21,Continente
Pão com Sarraceno Biológico,7696305,2.59,"€5,18/kg",,Bio e Saudável/Biológicos/Padaria e Pastelaria,https://www.continente.pt/dw/image/v2/BDVS_PRD/on/demandware.static/-/Sites-col-master-catalog/default/dw81edb803/images/col/769/7696305-cima.jpg?sw=280&sh=280,emb. 500 gr (1 un),https://www.continente.pt/produto/pao-com-sarraceno-biologico-7696305.html,biologicos,2025-04-21,Continente
Condicionador Manteiga de Karité,7132192,7.49,"€19,45/lt",Maui Moisture,Beleza e Higiene/Cabelo/Condicionadores,https://www.continente.pt/dw/image/v2/BDVS_PRD/on/demandware.static/-/Sites-col-master-catalog/default/dwc320c222/images/col/713/7132192-frente.jpg?sw=280&sh=280,emb. 385 ml,https://www.continente.pt/produto/condicionador-manteiga-de-karite-maui-moisture-7132192.html,biologicos,2025-04-21,Continente
Bolo Mármore sem Glúten,5296379,4.99,"€19,96/kg",Schär,Frescos/Padaria e Pastelaria/Bolos e Sobremesas,https://www.continente.pt/dw/image/v2/BDVS_PRD/on/demandware.static/-/Sites-col-master-catalog/default/dw6edce221/images/col/529/5296379-cima.jpg?sw=280&sh=280,emb. 250 gr,https://www.continente.pt/produto/bolo-marmore-sem-gluten-schar-5296379.html,biologicos,2025-04-21,Continente
"Barra de Noz, Chocolate Negro e Sal Marinho sem Glúten",6927060,1.99,"€49,75/kg",Be-Kind,Mercearia/Cereais e Barras/Barras de Cereais,https://www.continente.pt/dw/image/v2/BDVS_PRD/on/demandware.static/-/Sites-col-master-catalog/default/dw8b3235d4/images/col/692/6927060-frente.jpg?sw=280&sh=280,emb. 40 gr,https://www.continente.pt/produto/barra-de-noz-chocolate-negro-e-sal-marinho-sem-gluten-be-kind-6927060.html,biologicos,2025-04-21,Continente
Muesli Fibra,6857966,5.99,"€15,97/kg",Bjorg,Mercearia/Cereais e Barras/Muesli e Granola,https://www.continente.pt/dw/image/v2/BDVS_PRD/on/demandware.static/-/Sites-col-master-catalog/default/dw55ffd159/images/col/685/6857966-esquerdo.jpg?sw=280&sh=280,emb. 375 gr,https://www.continente.pt/produto/muesli-fibra-bjorg-6857966.html,biologicos,2025-04-21,Continente
Tablete de Chocolate Negro 85% Cacau sem Glúten,6148708,2.69,"€26,90/kg",Cem Porcento,"Mercearia/Chocolate, Gomas e Rebuçados/Chocolates",https://www.continente.pt/dw/image/v2/BDVS_PRD/on/demandware.static/-/Sites-col-master-catalog/default/dwe8163763/images/col/614/6148708-direito.jpg?sw=280&sh=280,emb. 100 gr,https://www.continente.pt/produto/tablete-de-chocolate-negro-85--cacau-sem-gluten-cem-porcento-6148708.html,biologicos,2025-04-21,Continente
Iogurte Bifidus Magro Cremoso Morango,7930003,2.35,"€9,40/kg",Casa Grande de Xanceda,Laticínios e Ovos/Iogurtes/Iogurtes Bífidus,https://www.continente.pt/dw/image/v2/BDVS_PRD/on/demandware.static/-/Sites-col-master-catalog/default/dw5ee91ac0/images/col/793/7930003-frente.png?sw=280&sh=280,emb. 250 gr (2 un),https://www.continente.pt/produto/iogurte-bifidus-magro-cremoso-morango-casa-grande-de-xanceda-7930003.html,biologicos,2025-04-21,Continente
Gelado Avelã Torrada Vegan sem Glúten,7757069,7.39,"€15,40/lt",Pink Albatross,Congelados/Gelados/Gelados Americanos,https://www.continente.pt/dw/image/v2/BDVS_PRD/on/demandware.static/-/Sites-col-master-catalog/default/dw9dc51a60/images/col/775/7757069-frente.jpg?sw=280&sh=280,emb. 480 ml,https://www.continente.pt/produto/gelado-avela-torrada-vegan-sem-gluten-pink-albatross-7757069.html,biologicos,2025-04-21,Continente
Iogurte Cremoso Natural,7930000,2.09,"€8,36/kg",Casa Grande de Xanceda,Laticínios e Ovos/Iogurtes/Iogurtes Aromas e Naturais,https://www.continente.pt/dw/image/v2/BDVS_PRD/on/demandware.static/-/Sites-col-master-catalog/default/dwe97d179c/images/col/793/7930000-cima.jpg?sw=280&sh=280,emb. 250 gr (2 un),https://www.continente.pt/produto/iogurte-cremoso-natural-casa-grande-de-xanceda-7930000.html,biologicos,2025-04-21,Continente
Mousse base de Coco Chocolate,8088006,2.25,"€20,45/kg",Andros,Laticínios e Ovos/Sobremesas/Mousses e Pudins,https://www.continente.pt/dw/image/v2/BDVS_PRD/on/demandware.static/-/Sites-col-master-catalog/default/dw4e5f9166/images/col/808/8088006-esquerdo.jpg?sw=280&sh=280,emb. 110 gr (2 un),https://www.continente.pt/produto/mousse-base-de-coco-chocolate-andros-8088006.html,biologicos,2025-04-21,Continente
Cocktail de Marisco Congelado,7577623,4.49,"€11,23/kg",Continente,Frescos/Peixaria/Marisco/Congelado,https://www.continente.pt/dw/image/v2/BDVS_PRD/on/demandware.static/-/Sites-col-master-catalog/default/dw6a4352e0/images/col/757/7577623-cima.jpg?sw=280&sh=280,emb. 400 gr,https://www.continente.pt/produto/cocktail-de-marisco-congelado-continente-7577623.html,biologicos,2025-04-21,Continente
Barra Proteína Chocolate Negro sem Glúten,8079297,2.39,"€43,45/kg",Enervit,Bio e Saudável/Nutrição Desportiva/Barras e Snacks,https://www.continente.pt/dw/image/v2/BDVS_PRD/on/demandware.static/-/Sites-col-master-catalog/default/dw523bf051/images/col/807/8079297-frente.jpg?sw=280&sh=280,emb. 55 gr,https://www.continente.pt/produto/barra-proteina-chocolate-negro-sem-gluten-enervit-8079297.html,biologicos,2025-04-21,Continente
Arroz Basmati,8394456,1.49,"€1,49/un",Oriente,"Mercearia/Arroz, Massa e Farinha/Arroz",https://www.continente.pt/dw/image/v2/BDVS_PRD/on/demandware.static/-/Sites-col-master-catalog/default/dw1f16e4d1/images/col/839/8394456-frente.png?sw=280&sh=280,emb. 500 gr,https://www.continente.pt/produto/arroz-basmati-oriente-8394456.html,biologicos,2025-04-21,Continente
Hambúrguer de Frango com Legumes Monstrinhos,7923641,3.99,"€11,08/kg",Continente Equilíbrio,Congelados/Hambúrgueres e Almôndegas,https://www.continente.pt/dw/image/v2/BDVS_PRD/on/demandware.static/-/Sites-col-master-catalog/default/dwe3bb0f02/images/col/792/7923641-frente.jpg?sw=280&sh=280,emb. 360 gr (6 un),https://www.continente.pt/produto/hamburguer-de-frango-com-legumes-monstrinhos-continente-equilibrio-7923641.html,biologicos,2025-04-21,Continente
Caramelos com Pinhão sem Glúten,2188765,4.18,"€20,90/kg",El Caserio,"Mercearia/Chocolate, Gomas e Rebuçados/Gomas, Pastilhas e Rebuçados",https://www.continente.pt/dw/image/v2/BDVS_PRD/on/demandware.static/-/Sites-col-master-catalog/default/dw5c4f8599/images/col/218/2188765-frente.jpg?sw=280&sh=280,emb. 200 gr,https://www.continente.pt/produto/caramelos-com-pinhao-sem-gluten-el-caserio-2188765.html,biologicos,2025-04-21,Continente
Couscous,7078003,2.19,"€4,38/kg",Continente Bio,"Mercearia/Arroz, Massa e Farinha/Couscous, Quinoa, Bulgur e Outros",https://www.continente.pt/dw/image/v2/BDVS_PRD/on/demandware.static/-/Sites-col-master-catalog/default/dw4330a73f/images/col/707/7078003-frente.jpg?sw=280&sh=280,emb. 500 gr,https://www.continente.pt/produto/couscous-continente-bio-7078003.html,biologicos,2025-04-21,Continente
Creme com Esponja Autobrilhante Incolor,5614888,2.24,"€2,24/un",Búfalo,Limpeza/Roupa/Limpeza do Calçado/Produtos de Limpeza do Calçado,https://www.continente.pt/dw/image/v2/BDVS_PRD/on/demandware.static/-/Sites-col-master-catalog/default/dw5c8062c1/images/col/561/5614888-frente.jpg?sw=280&sh=280,emb. 1 un,https://www.continente.pt/produto/creme-com-esponja-autobrilhante-incolor-bufalo-5614888.html,biologicos,2025-04-21,Continente
Suplemento Alimentar Vitamina C Cápsulas,7523124,1.95,"€0,10/un",Supla,Bio e Saudável/Suplementos e Vitaminas,https://www.continente.pt/dw/image/v2/BDVS_PRD/on/demandware.static/-/Sites-col-master-catalog/default/dw4552a0db/images/col/752/7523124-frente.jpg?sw=280&sh=280,emb. 20 un,https://www.continente.pt/produto/suplemento-alimentar-vitamina-c-capsulas-supla-7523124.html,biologicos,2025-04-21,Continente
Flocos Aveia Finos,6474473,2.25,"€5,63/kg",Seara,Mercearia/Cereais e Barras/Flocos e Papas de Aveia,https://www.continente.pt/dw/image/v2/BDVS_PRD/on/demandware.static/-/Sites-col-master-catalog/default/dwe9da438c/images/col/647/6474473-frente.jpg?sw=280&sh=280,emb. 400 gr,https://www.continente.pt/produto/flocos-aveia-finos-seara-6474473.html,biologicos,2025-04-21,Continente
Escova de Dentes Green Clean Suave,6741325,2.24,"€2,24/un",Jordan,Beleza e Higiene/Higiene Oral/Escovas de Dentes,https://www.continente.pt/dw/image/v2/BDVS_PRD/on/demandware.static/-/Sites-col-master-catalog/default/dw19351036/images/col/674/6741325-frente-01.jpg?sw=280&sh=280,emb. 1 un,https://www.continente.pt/produto/escova-de-dentes-green-clean-suave-jordan-6741325.html,biologicos,2025-04-21,Continente
Granola Alfarroba e Coco,7941092,4.49,"€14,97/kg",Grand Carob,Mercearia/Cereais e Barras/Muesli e Granola,https://www.continente.pt/dw/image/v2/BDVS_PRD/on/demandware.static/-/Sites-col-master-catalog/default/dwadc71243/images/col/794/7941092-frente.png?sw=280&sh=280,emb. 300 gr,https://www.continente.pt/produto/granola-alfarroba-e-coco-grand-carob-7941092.html,biologicos,2025-04-21,Continente
Tofu Natural,4228882,2.99,"€8,54/kg",Cem Porcento,Bio e Saudável/Vegetariano/Tofu e Seitan,https://www.continente.pt/dw/image/v2/BDVS_PRD/on/demandware.static/-/Sites-col-master-catalog/default/dwd182257a/images/col/422/4228882-direito.png?sw=280&sh=280,emb. 350 gr,https://www.continente.pt/produto/tofu-natural-cem-porcento-4228882.html,biologicos,2025-04-21,Continente
Champô Ultra Suave Abacate e Carité,3608664,3.69,"€14,76/lt",Garnier,Beleza e Higiene/Cabelo/Champôs,https://www.continente.pt/dw/image/v2/BDVS_PRD/on/demandware.static/-/Sites-col-master-catalog/default/dwfe4e1e90/images/col/360/3608664-hero.jpg?sw=280&sh=280,emb. 250 ml,https://www.continente.pt/produto/champo-ultra-suave-abacate-e-carite-garnier-3608664.html,biologicos,2025-04-21,Continente
Tostas de Cacau Biológicas sem Glúten,5979826,4.79,"€29,94/kg",Le Pain Fleurs,"Frescos/Padaria e Pastelaria/Tostas, Gressinos e Croutons",https://www.continente.pt/dw/image/v2/BDVS_PRD/on/demandware.static/-/Sites-col-master-catalog/default/dwdf5405bc/images/col/597/5979826-frente.jpg?sw=280&sh=280,emb.160 gr,https://www.continente.pt/produto/tostas-de-cacau-biologicas-sem-gluten-le-pain-fleurs-5979826.html,biologicos,2025-04-21,Continente
"Super Pequeno Almoço Aveia, Chia e Amendoim sem Glúten",6725440,3.99,"€13,30/kg",Shine,Mercearia/Cereais e Barras/Flocos e Papas de Aveia,https://www.continente.pt/dw/image/v2/BDVS_PRD/on/demandware.static/-/Sites-col-master-catalog/default/dwc4d5f278/images/col/672/6725440-frente.jpg?sw=280&sh=280,emb. 300 gr,https://www.continente.pt/produto/super-pequeno-almoco-aveia-chia-e-amendoim-sem-gluten-shine-6725440.html,biologicos,2025-04-21,Continente
Proteína Vegetal Baunilha,7932733,16.9,"€42,25/kg",Tarwi,Bio e Saudável/Nutrição Desportiva/Energia e Proteína,https://www.continente.pt/dw/image/v2/BDVS_PRD/on/demandware.static/-/Sites-col-master-catalog/default/dw4e8c8dfe/images/col/793/7932733-frente.jpg?sw=280&sh=280,emb. 400 gr,https://www.continente.pt/produto/proteina-vegetal-baunilha-tarwi-7932733.html,biologicos,2025-04-21,Continente
Tablete de Chocolate de Leite Culinária sem Glúten,7464716,3.74,"€22,00/kg",Nestlé Sobremesas,"Mercearia/Chocolate, Gomas e Rebuçados/Cacau e Chocolates de Culinária",https://www.continente.pt/dw/image/v2/BDVS_PRD/on/demandware.static/-/Sites-col-master-catalog/default/dw5009af14/images/col/746/7464716-hero.jpg?sw=280&sh=280,emb. 170 gr,https://www.continente.pt/produto/tablete-de-chocolate-de-leite-culinaria-sem-gluten-nestle-sobremesas-7464716.html,biologicos,2025-04-21,Continente
Creme para Barrar Planteiga sem Sal,8174892,1.79,"€7,96/kg",Planta,Laticínios e Ovos/Manteigas e Cremes para Barrar/Cremes para Barrar,https://www.continente.pt/dw/image/v2/BDVS_PRD/on/demandware.static/-/Sites-col-master-catalog/default/dwbc426cc4/images/col/817/8174892-frente.jpg?sw=280&sh=280,emb. 225 gr,https://www.continente.pt/produto/creme-para-barrar-planteiga-sem-sal-planta-8174892.html,biologicos,2025-04-21,Continente
Pão de Forma Clássico Branco com Côdea sem Glúten,7102759,2.49,"€7,11/kg",Continente,Frescos/Padaria e Pastelaria/Pão de Forma e Embalado,https://www.continente.pt/dw/image/v2/BDVS_PRD/on/demandware.static/-/Sites-col-master-catalog/default/dwa4205f2b/images/col/710/7102759-frente.jpg?sw=280&sh=280,emb. 350 gr,https://www.continente.pt/produto/pao-de-forma-classico-branco-com-codea-sem-gluten-continente-7102759.html,biologicos,2025-04-21,Continente
Barra Proteína Vegetal Cookies & Cream Zero,7612915,1.99,"€36,18/kg",Bettery,Bio e Saudável/Nutrição Desportiva/Barras e Snacks,https://www.continente.pt/dw/image/v2/BDVS_PRD/on/demandware.static/-/Sites-col-master-catalog/default/dw59f8dca0/images/col/761/7612915-frente.jpg?sw=280&sh=280,emb. 55 gr,https://www.continente.pt/produto/barra-proteina-vegetal-cookies-cream-zero-bettery-7612915.html,biologicos,2025-04-21,Continente
Toalhitas Bebé Biodegradáveis,8018593,2.24,"€0,05/un",Waterwipes,Bebé/Fraldas e Toalhitas/Toalhitas,https://www.continente.pt/dw/image/v2/BDVS_PRD/on/demandware.static/-/Sites-col-master-catalog/default/dwf30ffc50/images/col/801/8018593-frente.jpg?sw=280&sh=280,emb. 48 un,https://www.continente.pt/produto/toalhitas-bebe-biodegradaveis-waterwipes-8018593.html,biologicos,2025-04-21,Continente
Papa Infantil Farinha Láctea Maçã +4M sem Glúten,7486895,3.65,"€14,60/kg",Nutribén,Mercearia/Alimentação Infantil/Papas Infantis,https://www.continente.pt/dw/image/v2/BDVS_PRD/on/demandware.static/-/Sites-col-master-catalog/default/dw20cbd166/images/col/748/7486895-frente.png?sw=280&sh=280,emb. 250 gr,https://www.continente.pt/produto/papa-infantil-farinha-lactea-maca-4m-sem-gluten-nutriben-7486895.html,biologicos,2025-04-21,Continente
Farinha de Amêndoa com Pele,6773403,5.49,"€27,45/kg",Seara,"Mercearia/Arroz, Massa e Farinha/Farinha e Pão Ralado",https://www.continente.pt/dw/image/v2/BDVS_PRD/on/demandware.static/-/Sites-col-master-catalog/default/dw02896195/images/col/677/6773403-frente.jpg?sw=280&sh=280,emb. 200 gr,https://www.continente.pt/produto/farinha-de-amendoa-com-pele-seara-6773403.html,biologicos,2025-04-21,Continente
Fraldas Ecológicas 14+kg T6,7800159,12.99,"€0,54/un",Kit&Kin,Bebé/Fraldas e Toalhitas/Fraldas 13-18kg/+18kg (T5 e T6),https://www.continente.pt/dw/image/v2/BDVS_PRD/on/demandware.static/-/Sites-col-master-catalog/default/dw08b77d60/images/col/780/7800159-frente.jpg?sw=280&sh=280,emb. 24 un,https://www.continente.pt/produto/fraldas-ecologicas-14kg-t6-kit-kin-7800159.html,biologicos,2025-04-21,Continente
Enchido de Proteína Vegetal,7816845,3.69,"€41,00/kg",AlterVego,Bio e Saudável/Vegetariano e Vegan/Alternativas Carne e Peixe,https://www.continente.pt/dw/image/v2/BDVS_PRD/on/demandware.static/-/Sites-col-master-catalog/default/dweff8fc8d/images/col/781/7816845-frente.jpg?sw=280&sh=280,emb. 90 gr,https://www.continente.pt/produto/enchido-de-proteina-vegetal-altervego-7816845.html,biologicos,2025-04-21,Continente
Arroz Integral Longo,2963044,5.08,"€5,08/kg",Seara,"Mercearia/Arroz, Massa e Farinha/Arroz",https://www.continente.pt/dw/image/v2/BDVS_PRD/on/demandware.static/-/Sites-col-master-catalog/default/dw8034beb1/images/col/296/2963044-frente.jpg?sw=280&sh=280,emb. 1 kg,https://www.continente.pt/produto/arroz-integral-longo-seara-2963044.html,biologicos,2025-04-21,Continente
Hambúrguer Powered By Plants,7421333,3.59,"€17,95/kg",Continente,Frescos/Take Away/Vegetariano e Vegan/Pronto a Cozinhar,https://www.continente.pt/dw/image/v2/BDVS_PRD/on/demandware.static/-/Sites-col-master-catalog/default/dwdb8331af/images/col/742/7421333-frente.jpg?sw=280&sh=280,2 un x 100 gr (200 gr),https://www.continente.pt/produto/hamburguer-powered-by-plants-continente-7421333.html,biologicos,2025-04-21,Continente
Gorduras Dia e Noite Refeições,6253204,12.94,"€0,16/un",Planta Natur,Bio e Saudável/Suplementos e Vitaminas,https://www.continente.pt/dw/image/v2/BDVS_PRD/on/demandware.static/-/Sites-col-master-catalog/default/dw67a41d07/images/col/625/6253204-direito.jpg?sw=280&sh=280,emb. 80 un,https://www.continente.pt/produto/gorduras-dia-e-noite-refeicoes-planta-natur-6253204.html,biologicos,2025-04-21,Continente
Monte Velho Biológico DOC Alentejo Vinho Branco,7577939,5.99,"€7,99/lt",Monte Velho,Bebidas e Garrafeira/Vinhos/Vinho Branco,https://www.continente.pt/dw/image/v2/BDVS_PRD/on/demandware.static/-/Sites-col-master-catalog/default/dw1625a35a/images/col/757/7577939-frente.jpg?sw=280&sh=280,garrafa 75 cl,https://www.continente.pt/produto/monte-velho-biologico-doc-alentejo-vinho-branco-monte-velho-7577939.html,biologicos,2025-04-21,Continente
Champô Hair Care Reparação Intensa,7778728,1.89,"€4,73/un",MyLabel,Beleza e Higiene/Cabelo/Champôs,https://www.continente.pt/dw/image/v2/BDVS_PRD/on/demandware.static/-/Sites-col-master-catalog/default/dwda226bc9/images/col/777/7778728-frente.jpg?sw=280&sh=280,emb. 400 ml,https://www.continente.pt/produto/champo-hair-care-reparacao-intensa-mylabel-7778728.html,biologicos,2025-04-21,Continente
Bebida Vegetal Coco e Soja Barista sem Açúcar,7775230,2.89,"€2,89/lt",Joya,Laticínios e Ovos/Bebidas Vegetais/Outras Bebidas Vegetais,https://www.continente.pt/dw/image/v2/BDVS_PRD/on/demandware.static/-/Sites-col-master-catalog/default/dwbfcf9660/images/col/777/7775230-frente.png?sw=280&sh=280,emb. 1 lt,https://www.continente.pt/produto/bebida-vegetal-coco-e-soja-barista-sem-acucar-joya-7775230.html,biologicos,2025-04-21,Continente
Condicionador Ultra Suave Delicadeza de Aveia,5716513,3.69,"€18,45/lt",Garnier,Beleza e Higiene/Cabelo/Condicionadores,https://www.continente.pt/dw/image/v2/BDVS_PRD/on/demandware.static/-/Sites-col-master-catalog/default/dw55705262/images/col/571/5716513-hero.jpg?sw=280&sh=280,emb. 200 ml,https://www.continente.pt/produto/condicionador-ultra-suave-delicadeza-de-aveia-garnier-5716513.html,biologicos,2025-04-21,Continente
Focaccia sem Glúten,7638266,4.99,"€29,35/kg",Nutrifree,Frescos/Padaria e Pastelaria/Pão de Forma e Embalado,https://www.continente.pt/dw/image/v2/BDVS_PRD/on/demandware.static/-/Sites-col-master-catalog/default/dwdb98c70b/images/col/763/7638266_direita.jpg?sw=280&sh=280,emb. 170 gr,https://www.continente.pt/produto/focaccia-sem-gluten-nutrifree-7638266.html,biologicos,2025-04-21,Continente
Bocados Mediterrâneos,7463222,3.95,"€3,95/un",Revolugreen,Bio e Saudável/Vegetariano e Vegan/Alternativas Carne e Peixe,https://www.continente.pt/dw/image/v2/BDVS_PRD/on/demandware.static/-/Sites-col-master-catalog/default/dw09882604/images/col/746/7463222-frente.jpg?sw=280&sh=280,emb. 160 gr,https://www.continente.pt/produto/bocados-mediterraneos-revolugreen-7463222.html,biologicos,2025-04-21,Continente
Champô Anticaspa Fructis,5830211,5.99,"€14,98/lt",Garnier,Beleza e Higiene/Cabelo/Champôs,https://www.continente.pt/dw/image/v2/BDVS_PRD/on/demandware.static/-/Sites-col-master-catalog/default/dwfc9e2269/images/col/583/5830211-frente.jpg?sw=280&sh=280,emb. 400 ml,https://www.continente.pt/produto/champo-anticaspa-fructis-garnier-5830211.html,biologicos,2025-04-21,Continente
Chilli Vegetal,6244386,4.64,"€14,50/kg",Veg In,Mercearia/Sopas e Refeições/Refeições,https://www.continente.pt/dw/image/v2/BDVS_PRD/on/demandware.static/-/Sites-col-master-catalog/default/dw24b2a477/images/col/624/6244386-cima.jpg?sw=280&sh=280,emb. 320 gr,https://www.continente.pt/produto/chilli-vegetal-veg-in-6244386.html,biologicos,2025-04-21,Continente
Caramelos de Fruta sem Glúten,2003827,2.99,"€11,96/kg",Penha,"Mercearia/Chocolate, Gomas e Rebuçados/Gomas, Pastilhas e Rebuçados",https://www.continente.pt/dw/image/v2/BDVS_PRD/on/demandware.static/-/Sites-col-master-catalog/default/dw98921a15/images/col/200/2003827-frente.jpg?sw=280&sh=280,emb. 250 gr,https://www.continente.pt/produto/caramelos-de-fruta-sem-gluten-penha-2003827.html,biologicos,2025-04-21,Continente
Condicionador Fructis Hidra Liso & Suave,7944732,3.7,"€14,80/lt",Garnier,Beleza e Higiene/Cabelo/Condicionadores,https://www.continente.pt/dw/image/v2/BDVS_PRD/on/demandware.static/-/Sites-col-master-catalog/default/dw792b9efd/images/col/794/7944732-frente.png?sw=280&sh=280,emb. 250 ml,https://www.continente.pt/produto/condicionador-fructis-hidra-liso-suave-garnier-7944732.html,biologicos,2025-04-21,Continente
Champô Hair Care Anticaspa,7778647,1.69,"€4,23/un",MyLabel,Beleza e Higiene/Cabelo/Champôs,https://www.continente.pt/dw/image/v2/BDVS_PRD/on/demandware.static/-/Sites-col-master-catalog/default/dw1c86ddae/images/col/777/7778647-frente.jpg?sw=280&sh=280,emb. 400 ml,https://www.continente.pt/produto/champo-hair-care-anticaspa-mylabel-7778647.html,biologicos,2025-04-21,Continente
Proteína Vegetal Cacau,7613020,11.65,"€48,54/kg",Bettery,Bio e Saudável/Nutrição Desportiva/Energia e Proteína,https://www.continente.pt/dw/image/v2/BDVS_PRD/on/demandware.static/-/Sites-col-master-catalog/default/dwb3ed82e0/images/col/761/7613020-frente.jpg?sw=280&sh=280,emb. 240 gr,https://www.continente.pt/produto/proteina-vegetal-cacau-bettery-7613020.html,biologicos,2025-04-21,Continente
Mistura de Farinha com Cacau sem Glúten,8195510,6.99,"€17,48/kg",Donys,"Mercearia/Arroz, Massa e Farinha/Farinha e Pão Ralado",https://www.continente.pt/dw/image/v2/BDVS_PRD/on/demandware.static/-/Sites-col-master-catalog/default/dwf305b50b/images/col/819/8195510-frente.png?sw=280&sh=280,emb. 400 gr,https://www.continente.pt/produto/mistura-de-farinha-com-cacau-sem-gluten-donys-8195510.html,biologicos,2025-04-21,Continente
Xarope de Tãmara,7375864,6.29,"€25,16/kg",Origens Bio,"Mercearia/Compotas, Cremes e Mel/Doces e Compotas",https://www.continente.pt/dw/image/v2/BDVS_PRD/on/demandware.static/-/Sites-col-master-catalog/default/dw12a116be/images/col/737/7375864-frente.png?sw=280&sh=280,emb. 250 gr,https://www.continente.pt/produto/xarope-de-tamara-origens-bio-7375864.html,biologicos,2025-04-21,Continente
Desodorizante Roll On 0% Alumínio Rose,7719785,2.24,"€44,80/lt",Bioten,Beleza e Higiene/Corpo/Desodorizantes,https://www.continente.pt/dw/image/v2/BDVS_PRD/on/demandware.static/-/Sites-col-master-catalog/default/dwf6042bb8/images/col/771/7719785-frente.jpg?sw=280&sh=280,emb. 50 ml,https://www.continente.pt/produto/desodorizante-roll-on-0--aluminio-rose-bioten-7719785.html,biologicos,2025-04-21,Continente
Creatina Creapure,7931137,14.99,"€99,93/kg",Way Up,Bio e Saudável/Nutrição Desportiva/Suplementação,https://www.continente.pt/dw/image/v2/BDVS_PRD/on/demandware.static/-/Sites-col-master-catalog/default/dwa67e7389/images/col/793/7931137-frente.jpg?sw=280&sh=280,emb. 150 gr,https://www.continente.pt/produto/creatina-creapure-way-up-7931137.html,biologicos,2025-04-21,Continente
Empadas Vegan,6814054,4.99,"€13,13/kg",Linda McCartneys,"Congelados/Salgados, Folhados e Pastelaria/Salgados",https://www.continente.pt/dw/image/v2/BDVS_PRD/on/demandware.static/-/Sites-col-master-catalog/default/dw72b8fc39/images/col/681/6814054-esquerdo.jpg?sw=280&sh=280,emb. 380 gr,https://www.continente.pt/produto/empadas-vegan-linda-mccartneys-6814054.html,biologicos,2025-04-21,Continente
Gel de Banho Micelar Bio,6850966,7.99,"€15,98/lt",Corine de Farme,Bebé/Banho e Higiene/Gel de Banho,https://www.continente.pt/dw/image/v2/BDVS_PRD/on/demandware.static/-/Sites-col-master-catalog/default/dwdc3cb694/images/col/685/6850966-frente.jpg?sw=280&sh=280,emb. 500 ml,https://www.continente.pt/produto/gel-de-banho-micelar-bio-corine-de-farme-6850966.html,biologicos,2025-04-21,Continente
Patê de Atum com Ingredientes Biológicos,7285378,2.48,"€33,07/kg",Minerva,Mercearia/Conservas/Patês,https://www.continente.pt/dw/image/v2/BDVS_PRD/on/demandware.static/-/Sites-col-master-catalog/default/dwab0b8836/images/col/728/7285378-frente.jpg?sw=280&sh=280,emb. 75 gr,https://www.continente.pt/produto/pate-de-atum-com-ingredientes-biologicos-minerva-7285378.html,biologicos,2025-04-21,Continente
"Granola Alfarroba, Laranja e Amêndoa",7941188,4.49,"€14,97/kg",Grand Carob,Mercearia/Cereais e Barras/Muesli e Granola,https://www.continente.pt/dw/image/v2/BDVS_PRD/on/demandware.static/-/Sites-col-master-catalog/default/dw4560d50a/images/col/794/7941188-frente.png?sw=280&sh=280,emb. 300 gr,https://www.continente.pt/produto/granola-alfarroba-laranja-e-amendoa-grand-carob-7941188.html,biologicos,2025-04-21,Continente
Suplemento Alimentar Seca Barriga,6207203,16.94,"€33,88/un",Mais Saudável,Bio e Saudável/Suplementos e Vitaminas,https://www.continente.pt/dw/image/v2/BDVS_PRD/on/demandware.static/-/Sites-col-master-catalog/default/dwd984d479/images/col/620/6207203-direito.jpg?sw=280&sh=280,emb. 500 ml,https://www.continente.pt/produto/suplemento-alimentar-seca-barriga-mais-saudavel-6207203.html,biologicos,2025-04-21,Continente
Puff de Trigo,6819585,1.89,"€12,60/kg",Continente Bio,Mercearia/Cereais e Barras/Flocos e Papas de Aveia,https://www.continente.pt/dw/image/v2/BDVS_PRD/on/demandware.static/-/Sites-col-master-catalog/default/dw016196bf/images/col/681/6819585-frente.jpg?sw=280&sh=280,emb.150 gr,https://www.continente.pt/produto/puff-de-trigo-continente-bio-6819585.html,biologicos,2025-04-21,Continente
Pão Fatiado sem Glúten,7523162,5.49,"€18,30/kg",Nutrifree,Frescos/Padaria e Pastelaria/Pão de Forma e Embalado,https://www.continente.pt/dw/image/v2/BDVS_PRD/on/demandware.static/-/Sites-col-master-catalog/default/dw56d1bcdf/images/col/752/7523162-frente.jpg?sw=280&sh=280,emb. 300 gr,https://www.continente.pt/produto/pao-fatiado-sem-gluten-nutrifree-7523162.html,biologicos,2025-04-21,Continente
Creatina Monohidratada,7960451,14.99,"€74,95/kg",Gold Nutrition,Bio e Saudável/Nutrição Desportiva/Suplementação,https://www.continente.pt/dw/image/v2/BDVS_PRD/on/demandware.static/-/Sites-col-master-catalog/default/dw690ae8e7/images/col/796/7960451-frente.jpg?sw=280&sh=280,emb. 200 gr,https://www.continente.pt/produto/creatina-monohidratada-gold-nutrition-7960451.html,biologicos,2025-04-21,Continente
Risotto com Trufa Pronto a Comer,7475619,2.78,"€9,93/kg",Continente Seleção,"Mercearia/Arroz, Massa e Farinha/Arroz",https://www.continente.pt/dw/image/v2/BDVS_PRD/on/demandware.static/-/Sites-col-master-catalog/default/dw6017a1a1/images/col/747/7475619-frente.jpg?sw=280&sh=280,emb. 280 gr,https://www.continente.pt/produto/risotto-com-trufa-pronto-a-comer-continente-selecao-7475619.html,biologicos,2025-04-21,Continente
Tortitas de Arroz Integral e Quinoa sem Glúten,6968460,1.49,"€11,46/kg",Continente Bio,"Mercearia/Bolachas, Biscoitos e Tostas/Tortitas de Arroz e Milho",https://www.continente.pt/dw/image/v2/BDVS_PRD/on/demandware.static/-/Sites-col-master-catalog/default/dwb7743b84/images/col/696/6968460-frente.jpg?sw=280&sh=280,emb. 130 gr,https://www.continente.pt/produto/tortitas-de-arroz-integral-e-quinoa-sem-gluten-continente-bio-6968460.html,biologicos,2025-04-21,Continente
Gelado Cheesecake de Frutos Vermelhos Vegan Sem Lactose,7411098,3.49,"€6,98/lt",Oh My Moo,Congelados/Gelados/Gelados Americanos,https://www.continente.pt/dw/image/v2/BDVS_PRD/on/demandware.static/-/Sites-col-master-catalog/default/dwa8282f25/images/col/741/7411098-frente.jpg?sw=280&sh=280,emb. 500 ml,https://www.continente.pt/produto/gelado-cheesecake-de-frutos-vermelhos-vegan-sem-lactose-oh-my-moo-7411098.html,biologicos,2025-04-21,Continente
Creme Vegetal de Amêndoa e Coco para Bater,7483272,1.51,"€1,51/lt",Joya,Laticínios e Ovos/Natas e Bechamel/Cremes Vegetais,https://www.continente.pt/dw/image/v2/BDVS_PRD/on/demandware.static/-/Sites-col-master-catalog/default/dw83ba5694/images/col/748/7483272-esquerdo.jpg?sw=280&sh=280,emb. 200 ml,https://www.continente.pt/produto/creme-vegetal-de-amendoa-e-coco-para-bater-joya-7483272.html,biologicos,2025-04-21,Continente
V-Protein Avelã,6413573,14.99,"€62,46/kg",Gold Nutrition,Bio e Saudável/Nutrição Desportiva/Energia e Proteína,https://www.continente.pt/dw/image/v2/BDVS_PRD/on/demandware.static/-/Sites-col-master-catalog/default/dwe137f8b3/images/col/641/6413573-frente.jpg?sw=280&sh=280,emb. 240 gr,https://www.continente.pt/produto/v-protein-avela-gold-nutrition-6413573.html,biologicos,2025-04-21,Continente
Iogurte Skyr Natural,6306839,1.25,"€8,33/kg",Ehrmann,Laticínios e Ovos/Iogurtes/Iogurtes Proteína,https://www.continente.pt/dw/image/v2/BDVS_PRD/on/demandware.static/-/Sites-col-master-catalog/default/dw3455d5ca/images/col/630/6306839-cima.jpg?sw=280&sh=280,emb. 150 gr,https://www.continente.pt/produto/iogurte-skyr-natural-ehrmann-6306839.html,biologicos,2025-04-21,Continente
Granola Proteica Chocolate,7640422,4.79,"€17,42/kg",Origens Bio,Mercearia/Cereais e Barras/Muesli e Granola,https://www.continente.pt/dw/image/v2/BDVS_PRD/on/demandware.static/-/Sites-col-master-catalog/default/dw43012eaa/images/col/764/7640422-frente.jpg?sw=280&sh=280,emb. 275 gr,https://www.continente.pt/produto/granola-proteica-chocolate-origens-bio-7640422.html,biologicos,2025-04-21,Continente
Pão de Forma Branco com Côdea sem Glúten,7431777,4.09,"€8,18/kg",Garcia,Frescos/Padaria e Pastelaria/Pão de Forma e Embalado,https://www.continente.pt/dw/image/v2/BDVS_PRD/on/demandware.static/-/Sites-col-master-catalog/default/dw19750db7/images/col/743/7431777-frente.jpg?sw=280&sh=280,emb. 500 gr,https://www.continente.pt/produto/pao-de-forma-branco-com-codea-sem-gluten-garcia-7431777.html,biologicos,2025-04-21,Continente
Barras de Cereais Avelã e Cacau sem Glúten,8123169,2.99,"€3,02/kg",Salutem,Mercearia/Cereais e Barras/Barras de Cereais,https://www.continente.pt/dw/image/v2/BDVS_PRD/on/demandware.static/-/Sites-col-master-catalog/default/dw9849eedc/images/col/812/8123169-cima-esquerdo.jpg?sw=280&sh=280,emb. 3 x 33 gr,https://www.continente.pt/produto/barras-de-cereais-avela-e-cacau-sem-gluten-salutem-8123169.html,biologicos,2025-04-21,Continente
Bebida de Chocolate Solúvel sem Glúten,7722337,6.99,"€21,84/kg",Nesquik,"Mercearia/Café, Chá e Bebidas Solúveis/Chocolate Solúvel",https://www.continente.pt/dw/image/v2/BDVS_PRD/on/demandware.static/-/Sites-col-master-catalog/default/dw72d0bf54/images/col/772/7722337-frente.jpg?sw=280&sh=280,emb. 320 gr,https://www.continente.pt/produto/bebida-de-chocolate-soluvel-sem-gluten-nesquik-7722337.html,biologicos,2025-04-21,Continente
Bocados Mediterrâneos de Proteína Vegetal,7812186,4.49,"€28,06/kg",Heura,Frescos/Take Away/Vegetariano e Vegan/Pronto a Cozinhar,https://www.continente.pt/dw/image/v2/BDVS_PRD/on/demandware.static/-/Sites-col-master-catalog/default/dwc4614ac6/images/col/781/7812186-frente.jpg?sw=280&sh=280,emb.160 gr,https://www.continente.pt/produto/bocados-mediterraneos-de-proteina-vegetal-heura-7812186.html,biologicos,2025-04-21,Continente
Bebida Kombucha Original,6847515,2.29,"€5,73/lt",The Gutsy Captain,"Bebidas e Garrafeira/Sumos e Refrigerantes/Ice Tea, Tisanas e Kombuchas",https://www.continente.pt/dw/image/v2/BDVS_PRD/on/demandware.static/-/Sites-col-master-catalog/default/dw64591c29/images/col/684/6847515-frente.jpg?sw=280&sh=280,emb. 40 cl,https://www.continente.pt/produto/bebida-kombucha-original-the-gutsy-captain-6847515.html,biologicos,2025-04-21,Continente
Esporão Colheita Regional Alentejano Vinho Tinto,6418500,7.99,"€10,65/lt",Herdade do Esporão,Bebidas e Garrafeira/Vinhos/Vinho Tinto,https://www.continente.pt/dw/image/v2/BDVS_PRD/on/demandware.static/-/Sites-col-master-catalog/default/dwd685ae9b/images/col/641/6418500-frente.png?sw=280&sh=280,garrafa 75 cl,https://www.continente.pt/produto/esporao-colheita-regional-alentejano-vinho-tinto-herdade-do-esporao-6418500.html,biologicos,2025-04-21,Continente
Fraldas Cuidado Ecológico T4 9-15kg,7575208,5.79,"€0,20/un",Continente do Bebé,Bebé/Fraldas e Toalhitas/Fraldas 4-11kg/9-15kg (T3 e T4),https://www.continente.pt/dw/image/v2/BDVS_PRD/on/demandware.static/-/Sites-col-master-catalog/default/dw40ad694f/images/col/757/7575208-hero.jpg?sw=280&sh=280,emb. 29 un,https://www.continente.pt/produto/fraldas-cuidado-ecologico-t4-9-15kg-continente-do-bebe-7575208.html,biologicos,2025-04-21,Continente
Iogurte Líquido Proteína Cookie sem Lactose,8114059,1.99,"€7,96/lt",Ehrmann,Laticínios e Ovos/Iogurtes/Iogurtes Proteína,https://www.continente.pt/dw/image/v2/BDVS_PRD/on/demandware.static/-/Sites-col-master-catalog/default/dw5c044738/images/col/811/8114059-frente.jpg?sw=280&sh=280,emb. 250 ml,https://www.continente.pt/produto/iogurte-liquido-proteina-cookie-sem-lactose-ehrmann-8114059.html,biologicos,2025-04-21,Continente
Pão Proteico sem Glúten Biológico,6838264,3.64,"€12,13/kg",Pachamama,Frescos/Padaria e Pastelaria/Pão de Forma e Embalado,https://www.continente.pt/dw/image/v2/BDVS_PRD/on/demandware.static/-/Sites-col-master-catalog/default/dw979870ae/images/col/683/6838264-frente.jpg?sw=280&sh=280,emb. 300 gr (1 un),https://www.continente.pt/produto/pao-proteico-sem-gluten-biologico-pachamama-6838264.html,biologicos,2025-04-21,Continente
Creme Soja e Cacau com Avelã sem Açúcar,7402089,4.29,"€21,45/kg",Valsoia,"Mercearia/Compotas, Cremes e Mel/Nutella e Cremes de Barrar",https://www.continente.pt/dw/image/v2/BDVS_PRD/on/demandware.static/-/Sites-col-master-catalog/default/dw3af41ad5/images/col/740/7402089-frente.jpg?sw=280&sh=280,emb. 200 gr,https://www.continente.pt/produto/creme-soja-e-cacau-com-avela-sem-acucar-valsoia-7402089.html,biologicos,2025-04-21,Continente
Sabonete Líquido Glicerina,6645013,7.3,"€14,60/lt",Soft&Co,Beleza e Higiene/Corpo/Sabonetes,https://www.continente.pt/dw/image/v2/BDVS_PRD/on/demandware.static/-/Sites-col-master-catalog/default/dwb3f966fa/images/col/664/6645013-frente.jpg?sw=280&sh=280,emb. 500 ml,https://www.continente.pt/produto/sabonete-liquido-glicerina-soft-co-6645013.html,biologicos,2025-04-21,Continente
Tampão com Aplicador Cotton Protection Super,7021364,5.29,"€0,33/un",Tampax,Beleza e Higiene/Higiene Íntima/Tampões,https://www.continente.pt/dw/image/v2/BDVS_PRD/on/demandware.static/-/Sites-col-master-catalog/default/dw4c013688/images/col/702/7021364-hero.jpg?sw=280&sh=280,emb. 16 un,https://www.continente.pt/produto/tampao-com-aplicador-cotton-protection-super-tampax-7021364.html,biologicos,2025-04-21,Continente
Vallado Douro Superior DOC Douro Vinho Tinto,5886258,11.24,"€14,99/lt",Vallado,Bebidas e Garrafeira/Vinhos/Vinho Tinto,https://www.continente.pt/dw/image/v2/BDVS_PRD/on/demandware.static/-/Sites-col-master-catalog/default/dwa155c50b/images/col/588/5886258-frente.jpg?sw=280&sh=280,garrafa 75 cl,https://www.continente.pt/produto/vallado-douro-superior-doc-douro-vinho-tinto-vallado-5886258.html,biologicos,2025-04-21,Continente
Suplemento Pré treino de Laranja,7522320,15.99,"€43,22/kg",Zumub,Bio e Saudável/Nutrição Desportiva/Suplementação,https://www.continente.pt/dw/image/v2/BDVS_PRD/on/demandware.static/-/Sites-col-master-catalog/default/dw54b67391/images/col/752/7522320-frente.JPG?sw=280&sh=280,emb. 300 gr,https://www.continente.pt/produto/suplemento-pre-treino-de-laranja-zumub-7522320.html,biologicos,2025-04-21,Continente
Proteína Vegetal,7932731,14.6,"€36,50/kg",Tarwi,Bio e Saudável/Nutrição Desportiva/Energia e Proteína,https://www.continente.pt/dw/image/v2/BDVS_PRD/on/demandware.static/-/Sites-col-master-catalog/default/dwec833c44/images/col/793/7932731-frente.jpg?sw=280&sh=280,emb. 400 gr,https://www.continente.pt/produto/proteina-vegetal-tarwi-7932731.html,biologicos,2025-04-21,Continente
Hambúrguer Cenoura e Algas,5248537,3.49,"€21,81/kg",Cem Porcento,Frescos/Take Away/Vegetariano e Vegan/Pronto a Cozinhar,https://www.continente.pt/dw/image/v2/BDVS_PRD/on/demandware.static/-/Sites-col-master-catalog/default/dw58436243/images/col/524/5248537-direito.jpg?sw=280&sh=280,emb. 150 gr,https://www.continente.pt/produto/hamburguer-cenoura-e-algas-cem-porcento-5248537.html,biologicos,2025-04-21,Continente
Bolacha Proteína com Recheio Caramelo Salgado e Cobertura Chocolate de Leite,8035326,1.49,"€27,59/kg",Way Up,Bio e Saudável/Nutrição Desportiva/Barras e Snacks,https://www.continente.pt/dw/image/v2/BDVS_PRD/on/demandware.static/-/Sites-col-master-catalog/default/dw63cf18ca/images/col/803/8035326-frente.jpg?sw=280&sh=280,emb. 54 gr,https://www.continente.pt/produto/bolacha-proteina-com-recheio-caramelo-salgado-e-cobertura-chocolate-de-leite-way-up-8035326.html,biologicos,2025-04-21,Continente
Chupas Mini Sortido sem Glúten,5316679,3.6,"€30,00/kg",Chupa Chups,"Mercearia/Chocolate, Gomas e Rebuçados/Gomas, Pastilhas e Rebuçados",https://www.continente.pt/dw/image/v2/BDVS_PRD/on/demandware.static/-/Sites-col-master-catalog/default/dw31db58f3/images/col/531/5316679-frente.jpg?sw=280&sh=280,emb. 120 gr (20 un),https://www.continente.pt/produto/chupas-mini-sortido-sem-gluten-chupa-chups-5316679.html,biologicos,2025-04-21,Continente
Condicionador Ultra Suave Óleos de Argão e Camélia,5365191,3.77,"€9,42/lt",Garnier,Beleza e Higiene/Cabelo/Condicionadores,https://www.continente.pt/dw/image/v2/BDVS_PRD/on/demandware.static/-/Sites-col-master-catalog/default/dwe54d71c9/images/col/536/5365191-hero.jpg?sw=280&sh=280,emb. 400 ml,https://www.continente.pt/produto/condicionador-ultra-suave-oleos-de-argao-e-camelia-garnier-5365191.html,biologicos,2025-04-21,Continente
Condicionador Caracóis Perfeitos Óleo de Coco,7132074,7.49,"€19,45/lt",Maui Moisture,Beleza e Higiene/Cabelo/Condicionadores,https://www.continente.pt/dw/image/v2/BDVS_PRD/on/demandware.static/-/Sites-col-master-catalog/default/dwd1968f71/images/col/713/7132074-frente.jpg?sw=280&sh=280,emb. 385 ml,https://www.continente.pt/produto/condicionador-caracois-perfeitos-oleo-de-coco-maui-moisture-7132074.html,biologicos,2025-04-21,Continente
Champô Fructis Hair Food Papaia,7487207,12.85,"€12,24/lt",Garnier,Beleza e Higiene/Cabelo/Champôs,https://www.continente.pt/dw/image/v2/BDVS_PRD/on/demandware.static/-/Sites-col-master-catalog/default/dw3b12e2a6/images/col/748/7487207-hero.jpg?sw=280&sh=280,emb. 3 x 350 ml,https://www.continente.pt/produto/champo-fructis-hair-food-papaia-garnier-7487207.html,biologicos,2025-04-21,Continente
Leite UHT Meio Gordo Manhã Levíssima sem Lactose,8079015,1.63,"€2,72/lt",Parmalat,Laticínios e Ovos/Leite/Leite Meio Gordo,https://www.continente.pt/dw/image/v2/BDVS_PRD/on/demandware.static/-/Sites-col-master-catalog/default/dw272ca160/images/col/807/8079015-frente.jpg?sw=280&sh=280,emb. 3 x 200 ml,https://www.continente.pt/produto/leite-uht-meio-gordo-manha-levissima-sem-lactose-parmalat-8079015.html,biologicos,2025-04-21,Continente
Champô Cor,7257666,4.01,"€9,11/lt",Syoss,Beleza e Higiene/Cabelo/Champôs,https://www.continente.pt/dw/image/v2/BDVS_PRD/on/demandware.static/-/Sites-col-master-catalog/default/dw866fcfe0/images/col/725/7257666-frente.jpg?sw=280&sh=280,emb. 440 ml,https://www.continente.pt/produto/champo-cor-syoss-7257666.html,biologicos,2025-04-21,Continente
Fingers Vegan,7715985,4.39,"€27,44/kg",Nobre Vegalia,Bio e Saudável/Vegan/Refeições Fáceis,https://www.continente.pt/dw/image/v2/BDVS_PRD/on/demandware.static/-/Sites-col-master-catalog/default/dw177d1e9a/images/col/771/7715985-hero.jpg?sw=280&sh=280,emb. 160 gr,https://www.continente.pt/produto/fingers-vegan-nobre-vegalia-7715985.html,biologicos,2025-04-21,Continente
Topping de Chocolate sem Glúten,6469301,2.19,"€7,42/kg",Continente,Mercearia/Açúcar e Sobremesas/Aromas e Toppings,https://www.continente.pt/dw/image/v2/BDVS_PRD/on/demandware.static/-/Sites-col-master-catalog/default/dw558ec276/images/col/646/6469301-cima.jpg?sw=280&sh=280,emb. 295 gr,https://www.continente.pt/produto/topping-de-chocolate-sem-gluten-continente-6469301.html,biologicos,2025-04-21,Continente
Arroz Basmati Longo,6866580,1.98,"€3,96/kg",Continente Bio,"Mercearia/Arroz, Massa e Farinha/Arroz",https://www.continente.pt/dw/image/v2/BDVS_PRD/on/demandware.static/-/Sites-col-master-catalog/default/dw30ffa946/images/col/686/6866580-frente.jpg?sw=280&sh=280,emb. 500 gr,https://www.continente.pt/produto/arroz-basmati-longo-continente-bio-6866580.html,biologicos,2025-04-21,Continente
Anti-Calcário Power Gel,7739584,10.49,"€8,74/lt",Calgon,Limpeza/Roupa/Tratamento Máquina Roupa,https://www.continente.pt/dw/image/v2/BDVS_PRD/on/demandware.static/-/Sites-col-master-catalog/default/dw970254cf/images/col/773/7739584-frente.jpg?sw=280&sh=280,"emb. 1,2 lt",https://www.continente.pt/produto/anti-calcario-power-gel-calgon-7739584.html,biologicos,2025-04-21,Continente
Atum Posta em Azeite,7285406,2.48,"€31,79/kg",Minerva,Mercearia/Conservas/Atum,https://www.continente.pt/dw/image/v2/BDVS_PRD/on/demandware.static/-/Sites-col-master-catalog/default/dwd4c5879d/images/col/728/7285406-frente.jpg?sw=280&sh=280,emb. 120 gr (peso escorrido 78 gr),https://www.continente.pt/produto/atum-posta-em-azeite-minerva-7285406.html,biologicos,2025-04-21,Continente
Farinha Centeio Integral,3638198,1.49,"€2,98/kg",Seara,"Mercearia/Arroz, Massa e Farinha/Farinha e Pão Ralado",https://www.continente.pt/dw/image/v2/BDVS_PRD/on/demandware.static/-/Sites-col-master-catalog/default/dw618c1acc/images/col/363/3638198-frente.jpg?sw=280&sh=280,emb. 500 gr,https://www.continente.pt/produto/farinha-centeio-integral-seara-3638198.html,biologicos,2025-04-21,Continente
Queijo Ricotta Proteína,8059701,2.99,"€11,96/kg",Granarolo,"Frescos/Queijos/Fresco, Requeijão e Mozzarella",https://www.continente.pt/dw/image/v2/BDVS_PRD/on/demandware.static/-/Sites-col-master-catalog/default/dw0fa90689/images/col/805/8059701-cima.jpg?sw=280&sh=280,emb. 250 gr,https://www.continente.pt/produto/queijo-ricotta-proteina-granarolo-8059701.html,biologicos,2025-04-21,Continente
Iogurte Proteína Morango com Creatina,8251510,1.79,"€11,93/kg",Premyer,Laticínios e Ovos/Iogurtes/Iogurtes Proteína,https://www.continente.pt/dw/image/v2/BDVS_PRD/on/demandware.static/-/Sites-col-master-catalog/default/dw5dbb0d94/images/col/825/8251510-cima.jpg?sw=280&sh=280,emb. 150 gr,https://www.continente.pt/produto/iogurte-proteina-morango-com-creatina-premyer-8251510.html,biologicos,2025-04-21,Continente
"Papas de Aveia, Maçã e Canela",6537478,4.99,"€16,63/kg",Origens Bio,Mercearia/Cereais e Barras/Flocos e Papas de Aveia,https://www.continente.pt/dw/image/v2/BDVS_PRD/on/demandware.static/-/Sites-col-master-catalog/default/dw40e661e5/images/col/653/6537478-frente.jpg?sw=280&sh=280,emb. 300 gr,https://www.continente.pt/produto/papas-de-aveia-maca-e-canela-origens-bio-6537478.html,biologicos,2025-04-21,Continente
Barra Proteína Chocolate Branco sem Glúten,8079299,2.39,"€43,45/kg",Enervit,Bio e Saudável/Nutrição Desportiva/Barras e Snacks,https://www.continente.pt/dw/image/v2/BDVS_PRD/on/demandware.static/-/Sites-col-master-catalog/default/dw4068f2b5/images/col/807/8079299-frente.jpg?sw=280&sh=280,emb. 55 gr,https://www.continente.pt/produto/barra-proteina-chocolate-branco-sem-gluten-enervit-8079299.html,biologicos,2025-04-21,Continente
Máscara Cabelo Ultra Suave Abacate e Carité,7704251,4.75,"€13,97/lt",Garnier,Beleza e Higiene/Cabelo/Máscaras e Tratamentos,https://www.continente.pt/dw/image/v2/BDVS_PRD/on/demandware.static/-/Sites-col-master-catalog/default/dw43559f47/images/col/770/7704251-frente.jpg?sw=280&sh=280,emb. 340 ml,https://www.continente.pt/produto/mascara-cabelo-ultra-suave-abacate-e-carite-garnier-7704251.html,biologicos,2025-04-21,Continente
Infusão Melancia H2O,7675601,2.69,"€0,34/un",Prozis,Bio e Saudável/Nutrição Desportiva/Energia e Proteína,https://www.continente.pt/dw/image/v2/BDVS_PRD/on/demandware.static/-/Sites-col-master-catalog/default/dw0f5451a7/images/col/767/7675601-esquerdo.jpg?sw=280&sh=280,emb. 8 x 9 gr,https://www.continente.pt/produto/infusao-melancia-h2o-prozis-7675601.html,biologicos,2025-04-21,Continente
Gelado Tropical Manga Vegan sem Glúten,7759364,7.39,"€15,40/lt",Pink Albatross,Congelados/Gelados/Gelados Americanos,https://www.continente.pt/dw/image/v2/BDVS_PRD/on/demandware.static/-/Sites-col-master-catalog/default/dwdf369c68/images/col/775/7759364-frente.jpg?sw=280&sh=280,emb. 480 ml,https://www.continente.pt/produto/gelado-tropical-manga-vegan-sem-gluten-pink-albatross-7759364.html,biologicos,2025-04-21,Continente
Gelado Magnífico Cookies Vegan,7781533,2.49,"€9,22/lt",Continente,Congelados/Gelados/Gelados de Pauzinho,https://www.continente.pt/dw/image/v2/BDVS_PRD/on/demandware.static/-/Sites-col-master-catalog/default/dw3a971847/images/col/778/7781533-frente.jpg?sw=280&sh=280,emb. 270 ml (3 un),https://www.continente.pt/produto/gelado-magnifico-cookies-vegan-continente-7781533.html,biologicos,2025-04-21,Continente
Nestum Morango Proteína,8052401,3.45,"€13,80/kg",Nestum,Mercearia/Cereais e Barras/Flocos e Papas de Aveia,https://www.continente.pt/dw/image/v2/BDVS_PRD/on/demandware.static/-/Sites-col-master-catalog/default/dwfa862e17/images/col/805/8052401-frente.jpg?sw=280&sh=280,emb. 250 gr,https://www.continente.pt/produto/nestum-morango-proteina-nestum-8052401.html,biologicos,2025-04-21,Continente
Vegegurte Manga,7986598,1.62,"€10,80/lt",Ave Vege Bakoma,Laticínios e Ovos/Iogurtes/Vegegurtes e Yofu,https://www.continente.pt/dw/image/v2/BDVS_PRD/on/demandware.static/-/Sites-col-master-catalog/default/dw23bd19e4/images/col/798/7986598-frente.jpg?sw=280&sh=280,emb. 150 gr,https://www.continente.pt/produto/vegegurte-manga-ave-vege-bakoma-7986598.html,biologicos,2025-04-21,Continente
Máquina Depilatória Venus Extra Smooth Swirl com 2 Recargas,7866740,16.99,"€16,99/un",Gillette,Beleza e Higiene/Corpo/Depilação e Descoloração,https://www.continente.pt/dw/image/v2/BDVS_PRD/on/demandware.static/-/Sites-col-master-catalog/default/dw7039c310/images/col/786/7866740-hero.png?sw=280&sh=280,emb. 1 un,https://www.continente.pt/produto/maquina-depilatoria-venus-extra-smooth-swirl-com-2-recargas-gillette-7866740.html,biologicos,2025-04-21,Continente
Farelo de Aveia,5581304,2.13,"€8,52/kg",Seara,Mercearia/Cereais e Barras/Flocos e Papas de Aveia,https://www.continente.pt/dw/image/v2/BDVS_PRD/on/demandware.static/-/Sites-col-master-catalog/default/dw3500c85f/images/col/558/5581304-frente.jpg?sw=280&sh=280,emb. 250 gr,https://www.continente.pt/produto/farelo-de-aveia-seara-5581304.html,biologicos,2025-04-21,Continente
Cabriz DOC Dão Vinho Branco,6801512,5.99,"€7,99/lt",Quinta de Cabriz,Bebidas e Garrafeira/Vinhos/Vinho Branco,https://www.continente.pt/dw/image/v2/BDVS_PRD/on/demandware.static/-/Sites-col-master-catalog/default/dw89613a18/images/col/680/6801512-frente.jpg?sw=280&sh=280,garrafa 75 cl,https://www.continente.pt/produto/cabriz-doc-dao-vinho-branco-quinta-de-cabriz-6801512.html,biologicos,2025-04-21,Continente
Crocantes Mini Veggie Mexican,8212461,2.99,"€12,46/kg",Bonduelle,Congelados/Nuggets e Crocantes,https://www.continente.pt/dw/image/v2/BDVS_PRD/on/demandware.static/-/Sites-col-master-catalog/default/dwbcb06c6d/images/col/821/8212461-direito.jpg?sw=280&sh=280,emb. 240 gr,https://www.continente.pt/produto/crocantes-mini-veggie-mexican-bonduelle-8212461.html,biologicos,2025-04-21,Continente
Máscara Cabelo Ultra Suave Carvão,7698112,4.75,"€13,97/lt",Garnier,Beleza e Higiene/Cabelo/Máscaras e Tratamentos,https://www.continente.pt/dw/image/v2/BDVS_PRD/on/demandware.static/-/Sites-col-master-catalog/default/dwb9fd7124/images/col/769/7698112-hero.jpg?sw=280&sh=280,emb. 340 ml,https://www.continente.pt/produto/mascara-cabelo-ultra-suave-carvao-garnier-7698112.html,biologicos,2025-04-21,Continente
Tablete de Chocolate 100% Cacau sem Glúten,7338463,4.39,"€43,90/kg",Regina,"Mercearia/Chocolate, Gomas e Rebuçados/Chocolates",https://www.continente.pt/dw/image/v2/BDVS_PRD/on/demandware.static/-/Sites-col-master-catalog/default/dwe02e6ee0/images/col/733/7338463-frente.jpg?sw=280&sh=280,emb. 100 gr,https://www.continente.pt/produto/tablete-de-chocolate-100--cacau-sem-gluten-regina-7338463.html,biologicos,2025-04-21,Continente
Iogurte Líquido Proteína Manga e Maracujá com Creatina,8113862,2.99,"€5,98/kg",Premyer,Laticínios e Ovos/Iogurtes/Iogurtes Proteína,https://www.continente.pt/dw/image/v2/BDVS_PRD/on/demandware.static/-/Sites-col-master-catalog/default/dw8bb4d5b4/images/col/811/8113862-frente.png?sw=280&sh=280,emb. 500 gr,https://www.continente.pt/produto/iogurte-liquido-proteina-manga-e-maracuja-com-creatina-premyer-8113862.html,biologicos,2025-04-21,Continente
Quinoa Branca,6083185,3.39,"€13,56/kg",Origens Bio,"Mercearia/Arroz, Massa e Farinha/Couscous, Quinoa, Bulgur e Outros",https://www.continente.pt/dw/image/v2/BDVS_PRD/on/demandware.static/-/Sites-col-master-catalog/default/dwc1a98980/images/col/608/6083185-frente.png?sw=280&sh=280,emb. 250 gr,https://www.continente.pt/produto/quinoa-branca-origens-bio-6083185.html,biologicos,2025-04-21,Continente
Barra de Chocolate Negro e Manteiga de Amendoim sem Glúten,6927042,1.99,"€49,75/kg",Be-Kind,Mercearia/Cereais e Barras/Barras de Cereais,https://www.continente.pt/dw/image/v2/BDVS_PRD/on/demandware.static/-/Sites-col-master-catalog/default/dw6e857e80/images/col/692/6927042-frente.jpg?sw=280&sh=280,emb. 40 gr,https://www.continente.pt/produto/barra-de-chocolate-negro-e-manteiga-de-amendoim-sem-gluten-be-kind-6927042.html,biologicos,2025-04-21,Continente
D-Pur,7925318,13.99,"€27,98/lt",NaturScience,Bio e Saudável/Suplementos e Vitaminas/Controlo de Peso e Drenantes,https://www.continente.pt/dw/image/v2/BDVS_PRD/on/demandware.static/-/Sites-col-master-catalog/default/dw3330d395/images/col/792/7925318-esquerdo.jpg?sw=280&sh=280,emb. 500 ml,https://www.continente.pt/produto/d-pur-naturscience-7925318.html,biologicos,2025-04-21,Continente
Barra Proteína Brownie,7721704,2.5,"€33,33/kg",My Protein,Bio e Saudável/Nutrição Desportiva/Barras e Snacks,https://www.continente.pt/dw/image/v2/BDVS_PRD/on/demandware.static/-/Sites-col-master-catalog/default/dwdfcf612a/images/col/772/7721704-frente.jpg?sw=280&sh=280,emb. 75 gr,https://www.continente.pt/produto/barra-proteina-brownie-my-protein-7721704.html,biologicos,2025-04-21,Continente
Granola Coco e Goji,7131363,4.79,"€15,97/kg",Origens Bio,Mercearia/Cereais e Barras/Muesli e Granola,https://www.continente.pt/dw/image/v2/BDVS_PRD/on/demandware.static/-/Sites-col-master-catalog/default/dwbb444d10/images/col/713/7131363-frente.png?sw=280&sh=280,emb. 300 gr,https://www.continente.pt/produto/granola-coco-e-goji-origens-bio-7131363.html,biologicos,2025-04-21,Continente
Pão Multicereal Fatiado sem Glúten,7523164,4.46,"€13,94/kg",Nutrifree,Frescos/Padaria e Pastelaria/Pão de Forma e Embalado,https://www.continente.pt/dw/image/v2/BDVS_PRD/on/demandware.static/-/Sites-col-master-catalog/default/dw61e1cf33/images/col/752/7523164-frente.jpg?sw=280&sh=280,emb. 320 gr,https://www.continente.pt/produto/pao-multicereal-fatiado-sem-gluten-nutrifree-7523164.html,biologicos,2025-04-21,Continente
Champô Repair,7257646,4.01,"€9,11/lt",Syoss,Beleza e Higiene/Cabelo/Champôs,https://www.continente.pt/dw/image/v2/BDVS_PRD/on/demandware.static/-/Sites-col-master-catalog/default/dwd62c8ae0/images/col/725/7257646-frente.jpg?sw=280&sh=280,emb. 440 ml,https://www.continente.pt/produto/champo-repair-syoss-7257646.html,biologicos,2025-04-21,Continente
Patê Vegetal de Cebola Caramelizada,8365763,2.99,"€29,90/kg",Delicass,Mercearia/Conservas/Patês,https://www.continente.pt/dw/image/v2/BDVS_PRD/on/demandware.static/-/Sites-col-master-catalog/default/dw76464d1d/images/col/836/8365763-frente.jpg?sw=280&sh=280,emb. 100 gr,https://www.continente.pt/produto/pate-vegetal-de-cebola-caramelizada-delicass-8365763.html,biologicos,2025-04-21,Continente
Tablete de Chocolate Negro com Amêndoa 85% Cacau sem Glúten,6997478,4.49,"€22,45/kg",Lacasa,"Mercearia/Chocolate, Gomas e Rebuçados/Chocolates",https://www.continente.pt/dw/image/v2/BDVS_PRD/on/demandware.static/-/Sites-col-master-catalog/default/dw14bafeea/images/col/699/6997478-direito.jpg?sw=280&sh=280,emb. 200 gr,https://www.continente.pt/produto/tablete-de-chocolate-negro-com-amendoa-85--cacau-sem-gluten-lacasa-6997478.html,biologicos,2025-04-21,Continente
Cereais de Cacau Milly Magic sem Glúten,4370906,5.3,"€21,20/kg",Schär,Mercearia/Cereais e Barras/Cereais Infantis,https://www.continente.pt/dw/image/v2/BDVS_PRD/on/demandware.static/-/Sites-col-master-catalog/default/dw615376dd/images/col/437/4370906-frente.jpg?sw=280&sh=280,emb. 250 gr,https://www.continente.pt/produto/cereais-de-cacau-milly-magic-sem-gluten-schar-4370906.html,biologicos,2025-04-21,Continente
Sérum Facial Colagénio Vegan,7983878,14.9,"€14,90/un",Stay Well,Beleza e Higiene/Rosto/Hidratação,https://www.continente.pt/dw/image/v2/BDVS_PRD/on/demandware.static/-/Sites-col-master-catalog/default/dw4fdd8346/images/col/798/7983878-frente.jpg?sw=280&sh=280,emb. 50 ml,https://www.continente.pt/produto/serum-facial-colagenio-vegan-stay-well-7983878.html,biologicos,2025-04-21,Continente
Risotto de Cogumelos Pronto a Comer,7475617,2.78,"€9,93/kg",Continente Seleção,"Mercearia/Arroz, Massa e Farinha/Arroz",https://www.continente.pt/dw/image/v2/BDVS_PRD/on/demandware.static/-/Sites-col-master-catalog/default/dw011f2845/images/col/747/7475617-frente.jpg?sw=280&sh=280,emb. 280 gr,https://www.continente.pt/produto/risotto-de-cogumelos-pronto-a-comer-continente-selecao-7475617.html,biologicos,2025-04-21,Continente
Máquina Depilatória Venus Snap Extra Smooth com 1 Recarga,7361211,12.49,"€12,49/un",Gillette,Beleza e Higiene/Corpo/Depilação e Descoloração,https://www.continente.pt/dw/image/v2/BDVS_PRD/on/demandware.static/-/Sites-col-master-catalog/default/dwaf63584c/images/col/736/7361211-hero.png?sw=280&sh=280,emb. 1 un,https://www.continente.pt/produto/maquina-depilatoria-venus-snap-extra-smooth-com-1-recarga-gillette-7361211.html,biologicos,2025-04-21,Continente
Bolachas Cereais Integrais Diet Nature,5515663,3.29,"€15,23/kg",Gullón,"Mercearia/Bolachas, Biscoitos e Tostas/Bolachas Fibra e Sem Açúcar",https://www.continente.pt/dw/image/v2/BDVS_PRD/on/demandware.static/-/Sites-col-master-catalog/default/dw623ce355/images/col/551/5515663-direito.jpg?sw=280&sh=280,emb. 216 gr (6 un),https://www.continente.pt/produto/bolachas-cereais-integrais-diet-nature-gullon-5515663.html,biologicos,2025-04-21,Continente
Vegegurte base de Coco Natural,8087987,2.65,"€6,63/kg",Andros,Laticínios e Ovos/Iogurtes/Vegegurtes e Yofu,https://www.continente.pt/dw/image/v2/BDVS_PRD/on/demandware.static/-/Sites-col-master-catalog/default/dwa20dffa9/images/col/808/8087987-frente.jpg?sw=280&sh=280,emb. 400 gr,https://www.continente.pt/produto/vegegurte-base-de-coco-natural-andros-8087987.html,biologicos,2025-04-21,Continente
Cereais Bolas de Cacau Monstrinhos,7642093,2.99,"€23,92/kg",Continente Equilíbrio,Mercearia/Cereais e Barras/Cereais Infantis,https://www.continente.pt/dw/image/v2/BDVS_PRD/on/demandware.static/-/Sites-col-master-catalog/default/dw11055efa/images/col/764/7642093-frente.jpg?sw=280&sh=280,emb. 125 gr,https://www.continente.pt/produto/cereais-bolas-de-cacau-monstrinhos-continente-equilibrio-7642093.html,biologicos,2025-04-21,Continente
Leite Evaporado sem Glúten,7362989,1.35,"€3,29/kg",Continente,Mercearia/Açúcar e Sobremesas/Leite Condensado e Leite de Coco,https://www.continente.pt/dw/image/v2/BDVS_PRD/on/demandware.static/-/Sites-col-master-catalog/default/dwd00c6197/images/col/736/7362989-frente.jpg?sw=280&sh=280,emb. 410 gr,https://www.continente.pt/produto/leite-evaporado-sem-gluten-continente-7362989.html,biologicos,2025-04-21,Continente
Creme Vegetal de Soja para Bater,4921424,1.59,"€6,36/lt",Alpro,Laticínios e Ovos/Natas e Bechamel/Cremes Vegetais,https://www.continente.pt/dw/image/v2/BDVS_PRD/on/demandware.static/-/Sites-col-master-catalog/default/dw058b6acb/images/col/492/4921424-frente.png?sw=280&sh=280,emb. 250 ml,https://www.continente.pt/produto/creme-vegetal-de-soja-para-bater-alpro-4921424.html,biologicos,2025-04-21,Continente
Snacks Simple Pops Grão e Cenoura,8087824,1.59,"€39,75/kg",SnackIn For You,Mercearia/Snacks e Batatas Fritas/Aperitivos e Snacks,https://www.continente.pt/dw/image/v2/BDVS_PRD/on/demandware.static/-/Sites-col-master-catalog/default/dweb831a91/images/col/808/8087824-frente.jpg?sw=280&sh=280,emb. 40 gr,https://www.continente.pt/produto/snacks-simple-pops-grao-e-cenoura-snackin-for-you-8087824.html,biologicos,2025-04-21,Continente
Aveia Instantânea Cookie,8045136,8.99,"€8,99/kg",Prozis,Mercearia/Cereais e Barras/Flocos e Papas de Aveia,https://www.continente.pt/dw/image/v2/BDVS_PRD/on/demandware.static/-/Sites-col-master-catalog/default/dw258b5727/images/col/804/8045136-frente.jpg?sw=280&sh=280,emb. 1 kg,https://www.continente.pt/produto/aveia-instantanea-cookie-prozis-8045136.html,biologicos,2025-04-21,Continente
Bebida Vegetal de Arroz,4814556,2.49,"€2,49/lt",Joya,Laticínios e Ovos/Bebidas Vegetais/Bebida Arroz,https://www.continente.pt/dw/image/v2/BDVS_PRD/on/demandware.static/-/Sites-col-master-catalog/default/dw7bf1fa65/images/col/481/4814556-frente.png?sw=280&sh=280,emb. 1 l,https://www.continente.pt/produto/bebida-vegetal-de-arroz-joya-4814556.html,biologicos,2025-04-21,Continente
Polvilho Azedo sem Glúten,7143283,3.19,"€6,38/kg",Ferbar,"Mercearia/Arroz, Massa e Farinha/Farinha e Pão Ralado",https://www.continente.pt/dw/image/v2/BDVS_PRD/on/demandware.static/-/Sites-col-master-catalog/default/dw1296b6cc/images/col/714/7143283-frente.jpg?sw=280&sh=280,emb. 500 gr,https://www.continente.pt/produto/polvilho-azedo-sem-gluten-ferbar-7143283.html,biologicos,2025-04-21,Continente
Gel Corpo Anti-celulite Bioactive Caffeine,6761274,7.03,"€351,50/lt",Bioten,Beleza e Higiene/Corpo/Cremes e Loções,https://www.continente.pt/dw/image/v2/BDVS_PRD/on/demandware.static/-/Sites-col-master-catalog/default/dw58c115ec/images/col/676/6761274-frente.jpg?sw=280&sh=280,emb. 20 ml,https://www.continente.pt/produto/gel-corpo-anti-celulite-bioactive-caffeine-bioten-6761274.html,biologicos,2025-04-21,Continente
Beyra Biológico DOC Beira Branco,5833107,5.59,"€7,45/lt",Beyra,Bebidas e Garrafeira/Vinhos/Vinho Branco,https://www.continente.pt/dw/image/v2/BDVS_PRD/on/demandware.static/-/Sites-col-master-catalog/default/dwc6b1d56e/images/col/583/5833107-frente.jpg?sw=280&sh=280,garrafa 75 cl,https://www.continente.pt/produto/beyra-biologico-doc-beira-branco-beyra-5833107.html,biologicos,2025-04-21,Continente
Manteiga de Amendoim Cremosa,7961552,2.99,"€5,98/kg",Way Up,Bio e Saudável/Nutrição Desportiva/Cremes de Barrar,https://www.continente.pt/dw/image/v2/BDVS_PRD/on/demandware.static/-/Sites-col-master-catalog/default/dw736e2be0/images/col/796/7961552-frente.jpg?sw=280&sh=280,emb. 500 gr,https://www.continente.pt/produto/manteiga-de-amendoim-cremosa-way-up-7961552.html,biologicos,2025-04-21,Continente
Empadas de Soja,5948660,4.59,"€17,65/kg",Veggis,"Congelados/Salgados, Folhados e Pastelaria/Salgados",https://www.continente.pt/dw/image/v2/BDVS_PRD/on/demandware.static/-/Sites-col-master-catalog/default/dw3f16ec44/images/col/594/5948660-frente.jpg?sw=280&sh=280,emb. 260 gr (4 un),https://www.continente.pt/produto/empadas-de-soja-veggis-5948660.html,biologicos,2025-04-21,Continente
Snacks de Queijo sem Glúten,8136328,2.95,"€42,14/kg",Natruly,Mercearia/Snacks e Batatas Fritas/Aperitivos e Snacks,https://www.continente.pt/dw/image/v2/BDVS_PRD/on/demandware.static/-/Sites-col-master-catalog/default/dw67471ec9/images/col/813/8136328-frente.jpg?sw=280&sh=280,emb. 70 gr,https://www.continente.pt/produto/snacks-de-queijo-sem-gluten-natruly-8136328.html,biologicos,2025-04-21,Continente
Ananás dos Açores Biológico,7059245,9.99,"€12,99/un",Continente Bio,Frescos/Frutas/Uvas e Tropicais,https://www.continente.pt/dw/image/v2/BDVS_PRD/on/demandware.static/-/Sites-col-master-catalog/default/dw2df5fd6c/images/col/705/7059245-direito.jpg?sw=280&sh=280,"Quant. Mínima = 1,3 kg (1 un)",https://www.continente.pt/produto/ananas-dos-acores-biologico-continente-bio-7059245.html,biologicos,2025-04-21,Continente
Gelado Caramelo Brownie Vegan Sem Lactose,7411096,3.49,"€6,98/lt",Oh My Moo,Congelados/Gelados/Gelados Americanos,https://www.continente.pt/dw/image/v2/BDVS_PRD/on/demandware.static/-/Sites-col-master-catalog/default/dw6bade5fd/images/col/741/7411096-frente.jpg?sw=280&sh=280,emb. 500 ml,https://www.continente.pt/produto/gelado-caramelo-brownie-vegan-sem-lactose-oh-my-moo-7411096.html,biologicos,2025-04-21,Continente
Sabonete Líquido Aquarium,8175584,3.79,"€12,63/lt",Palmolive,Beleza e Higiene/Corpo/Sabonetes,https://www.continente.pt/dw/image/v2/BDVS_PRD/on/demandware.static/-/Sites-col-master-catalog/default/dwb93f1a85/images/col/817/8175584-hero.png?sw=280&sh=280,emb. 300 ml,https://www.continente.pt/produto/sabonete-liquido-aquarium-palmolive-8175584.html,biologicos,2025-04-21,Continente
Condicionador Força e Anti-Quebra Agave,7132063,6.49,"€16,86/lt",Maui Moisture,Beleza e Higiene/Cabelo/Condicionadores,https://www.continente.pt/dw/image/v2/BDVS_PRD/on/demandware.static/-/Sites-col-master-catalog/default/dwb7e92127/images/col/713/7132063-frente.jpg?sw=280&sh=280,emb. 385 ml,https://www.continente.pt/produto/condicionador-forca-e-anti-quebra-agave-maui-moisture-7132063.html,biologicos,2025-04-21,Continente
Pimenta Preta Moída,6618833,2.61,"€60,70/kg",Margão,"Mercearia/Molhos, Temperos e Sal/Especiarias e Ervas Aromáticas",https://www.continente.pt/dw/image/v2/BDVS_PRD/on/demandware.static/-/Sites-col-master-catalog/default/dw8783ce9c/images/col/661/6618833-frente.png?sw=280&sh=280,emb. 43 gr,https://www.continente.pt/produto/pimenta-preta-moida-margao-6618833.html,biologicos,2025-04-21,Continente
Máscara Cabelo Fructis Hidra Caracóis Proteína,7759444,6.99,"€21,84/lt",Garnier,Beleza e Higiene/Cabelo/Máscaras e Tratamentos,https://www.continente.pt/dw/image/v2/BDVS_PRD/on/demandware.static/-/Sites-col-master-catalog/default/dw94abdbf3/images/col/775/7759444-frente.jpg?sw=280&sh=280,emb. 320 ml,https://www.continente.pt/produto/mascara-cabelo-fructis-hidra-caracois-proteina-garnier-7759444.html,biologicos,2025-04-21,Continente
Tablete de Chocolate Negro com Mel e Amêndoas,2005661,3.14,"€31,40/kg",Toblerone,"Mercearia/Chocolate, Gomas e Rebuçados/Snacks de Chocolate",https://www.continente.pt/dw/image/v2/BDVS_PRD/on/demandware.static/-/Sites-col-master-catalog/default/dw283fe386/images/col/200/2005661-direito.png?sw=280&sh=280,emb. 100 gr,https://www.continente.pt/produto/tablete-de-chocolate-negro-com-mel-e-amendoas-toblerone-2005661.html,biologicos,2025-04-21,Continente
Massa Tagliatelle sem Glúten,5779346,3.74,"€7,48/kg",Seitz,"Mercearia/Arroz, Massa e Farinha/Massa",https://www.continente.pt/dw/image/v2/BDVS_PRD/on/demandware.static/-/Sites-col-master-catalog/default/dw6eaf2060/images/col/577/5779346-frente.jpg?sw=280&sh=280,emb. 500 gr,https://www.continente.pt/produto/massa-tagliatelle-sem-gluten-seitz-5779346.html,biologicos,2025-04-21,Continente
Zinco Max Pot Comprimidos,7721581,14.49,"€0,14/un",Natures Bounty,Bio e Saudável/Suplementos e Vitaminas,https://www.continente.pt/dw/image/v2/BDVS_PRD/on/demandware.static/-/Sites-col-master-catalog/default/dw3f1ebc6a/images/col/772/7721581-frente.jpg?sw=280&sh=280,emb. 100 un,https://www.continente.pt/produto/zinco-max-pot-comprimidos-natures-bounty-7721581.html,biologicos,2025-04-21,Continente
Manteiga de Amendoim com Chocolate,7380481,3.99,"€15,96/kg",Prozis,Bio e Saudável/Nutrição Desportiva/Cremes de Barrar,https://www.continente.pt/dw/image/v2/BDVS_PRD/on/demandware.static/-/Sites-col-master-catalog/default/dwc0bc81c1/images/col/738/7380481-frente.jpg?sw=280&sh=280,emb. 250 gr,https://www.continente.pt/produto/manteiga-de-amendoim-com-chocolate-prozis-7380481.html,biologicos,2025-04-21,Continente
Arroz Puff Expandido,5895572,2.49,"€16,60/kg",Seara,Mercearia/Cereais e Barras/Flocos e Papas de Aveia,https://www.continente.pt/dw/image/v2/BDVS_PRD/on/demandware.static/-/Sites-col-master-catalog/default/dw6a6a6447/images/col/589/5895572-frente.jpg?sw=280&sh=280,emb. 150 gr,https://www.continente.pt/produto/arroz-puff-expandido-seara-5895572.html,biologicos,2025-04-21,Continente
Champô Ultra Suave Abacate e Carité,3766092,3.77,"€9,42/lt",Garnier,Beleza e Higiene/Cabelo/Champôs,https://www.continente.pt/dw/image/v2/BDVS_PRD/on/demandware.static/-/Sites-col-master-catalog/default/dw5c9505bb/images/col/376/3766092-hero.jpg?sw=280&sh=280,emb. 400 ml,https://www.continente.pt/produto/champo-ultra-suave-abacate-e-carite-garnier-3766092.html,biologicos,2025-04-21,Continente
Croissant Cornetti com Chocolate sem Glúten,7584616,5.99,"€24,96/kg",Nutrifree,Frescos/Padaria e Pastelaria/Croissants e Pães de Leite,https://www.continente.pt/dw/image/v2/BDVS_PRD/on/demandware.static/-/Sites-col-master-catalog/default/dw59d87dbf/images/col/758/7584616-frente.png?sw=280&sh=280,4 un x 50 gr (200 gr),https://www.continente.pt/produto/croissant-cornetti-com-chocolate-sem-gluten-nutrifree-7584616.html,biologicos,2025-04-21,Continente
Granola Amêndoa e Sementes Abóbora,7131362,4.79,"€15,97/kg",Origens Bio,Mercearia/Cereais e Barras/Muesli e Granola,https://www.continente.pt/dw/image/v2/BDVS_PRD/on/demandware.static/-/Sites-col-master-catalog/default/dwd2aae13b/images/col/713/7131362-frente.png?sw=280&sh=280,emb. 300 gr,https://www.continente.pt/produto/granola-amendoa-e-sementes-abobora-origens-bio-7131362.html,biologicos,2025-04-21,Continente
Tampão Digital Normal,7812055,2.09,"€0,13/un",Continente,Beleza e Higiene/Higiene Íntima/Tampões,https://www.continente.pt/dw/image/v2/BDVS_PRD/on/demandware.static/-/Sites-col-master-catalog/default/dw299e6485/images/col/781/7812055-frente.jpg?sw=280&sh=280,emb. 16 un,https://www.continente.pt/produto/tampao-digital-normal-continente-7812055.html,biologicos,2025-04-21,Continente
Suplemento Proteína de Banana,7522325,12.99,"€25,98/kg",Zumub,Bio e Saudável/Nutrição Desportiva/Energia e Proteína,https://www.continente.pt/dw/image/v2/BDVS_PRD/on/demandware.static/-/Sites-col-master-catalog/default/dwd7de455c/images/col/752/7522325-frente.jpg?sw=280&sh=280,emb. 500 gr,https://www.continente.pt/produto/suplemento-proteina-de-banana-zumub-7522325.html,biologicos,2025-04-21,Continente
Iogurte Kefir 14 Cremoso Magro Natural,7931294,2.3,"€9,20/kg",Casa Grande de Xanceda,Laticínios e Ovos/Iogurtes/Iogurtes Kefir,https://www.continente.pt/dw/image/v2/BDVS_PRD/on/demandware.static/-/Sites-col-master-catalog/default/dwafdd0028/images/col/793/7931294-cima.jpg?sw=280&sh=280,emb. 250 gr (2 un),https://www.continente.pt/produto/iogurte-kefir-14-cremoso-magro-natural-casa-grande-de-xanceda-7931294.html,biologicos,2025-04-21,Continente
Granola sem Açúcar,8061093,3.99,"€13,30/kg",Why Foods,Mercearia/Cereais e Barras/Muesli e Granola,https://www.continente.pt/dw/image/v2/BDVS_PRD/on/demandware.static/-/Sites-col-master-catalog/default/dw2b47cc76/images/col/806/8061093-frente.jpg?sw=280&sh=280,emb. 300 gr,https://www.continente.pt/produto/granola-sem-acucar-why-foods-8061093.html,biologicos,2025-04-21,Continente
Gelado Morango sem Lactose,7757019,2.99,"€5,98/lt",Nutrégi,Congelados/Gelados/Gelados Americanos,https://www.continente.pt/dw/image/v2/BDVS_PRD/on/demandware.static/-/Sites-col-master-catalog/default/dwd6a763a7/images/col/775/7757019-frente.jpg?sw=280&sh=280,emb. 500 ml,https://www.continente.pt/produto/gelado-morango-sem-lactose-nutregi-7757019.html,biologicos,2025-04-21,Continente
Muesli Proteína,6857940,5.99,"€15,97/kg",Bjorg,Mercearia/Cereais e Barras/Muesli e Granola,https://www.continente.pt/dw/image/v2/BDVS_PRD/on/demandware.static/-/Sites-col-master-catalog/default/dw3b3eb341/images/col/685/6857940-esquerdo.jpg?sw=280&sh=280,emb. 375 gr,https://www.continente.pt/produto/muesli-proteina-bjorg-6857940.html,biologicos,2025-04-21,Continente
Bolo de Aniversário Infantil sem Glúten,7889331,14.29,"€19,05/kg",San Martín,Frescos/Padaria e Pastelaria/Bolos e Sobremesas,https://www.continente.pt/dw/image/v2/BDVS_PRD/on/demandware.static/-/Sites-col-master-catalog/default/dwb37d3629/images/col/788/7889331-cima-direito-1.jpg?sw=280&sh=280,emb. 750 gr,https://www.continente.pt/produto/bolo-de-aniversario-infantil-sem-gluten-san-martin-7889331.html,biologicos,2025-04-21,Continente
Iogurte de Leite de Cabra Natural,7978654,2.4,"€9,60/kg",Naturlan,Laticínios e Ovos/Iogurtes/Iogurtes Aromas e Naturais,https://www.continente.pt/dw/image/v2/BDVS_PRD/on/demandware.static/-/Sites-col-master-catalog/default/dw5edfc397/images/col/797/7978654-direito.jpg?sw=280&sh=280,emb. 250 gr (2 un),https://www.continente.pt/produto/iogurte-de-leite-de-cabra-natural-naturlan-7978654.html,biologicos,2025-04-21,Continente
Açúcar de Coco,7698208,2.79,"€11,16/kg",Salutem,Mercearia/Açúcar e Sobremesas/Açúcar e Adoçante,https://www.continente.pt/dw/image/v2/BDVS_PRD/on/demandware.static/-/Sites-col-master-catalog/default/dw4d63dde9/images/col/769/7698208-esquerdo.jpg?sw=280&sh=280,emb. 250 gr,https://www.continente.pt/produto/acucar-de-coco-salutem-7698208.html,biologicos,2025-04-21,Continente
Francesinha Vegan,8234525,5.95,"€14,88/kg",Ibau,Congelados/Refeições Prontas,https://www.continente.pt/dw/image/v2/BDVS_PRD/on/demandware.static/-/Sites-col-master-catalog/default/dwfcd4db72/images/col/823/8234525-cima.jpg?sw=280&sh=280,emb. 400 gr,https://www.continente.pt/produto/francesinha-vegan-ibau-8234525.html,biologicos,2025-04-21,Continente
Gelado Caramelo Salgado Vegan Sem Lactose,7411521,3.49,"€6,98/lt",Oh My Moo,Congelados/Gelados/Gelados Americanos,https://www.continente.pt/dw/image/v2/BDVS_PRD/on/demandware.static/-/Sites-col-master-catalog/default/dwc2a59958/images/col/741/7411521-frente.jpg?sw=280&sh=280,emb. 500 ml,https://www.continente.pt/produto/gelado-caramelo-salgado-vegan-sem-lactose-oh-my-moo-7411521.html,biologicos,2025-04-21,Continente
Condicionador Fructis Adeus Danos,7970241,3.7,"€14,80/lt",Garnier,Beleza e Higiene/Cabelo/Condicionadores,https://www.continente.pt/dw/image/v2/BDVS_PRD/on/demandware.static/-/Sites-col-master-catalog/default/dwc2a2c462/images/col/797/7970241-hero.jpg?sw=280&sh=280,emb. 250 ml,https://www.continente.pt/produto/condicionador-fructis-adeus-danos-garnier-7970241.html,biologicos,2025-04-21,Continente
Baguete Clássica sem Glúten Biológico,5979866,5.35,"€14,86/kg",Schnitzer,Frescos/Padaria e Pastelaria/Pão de Forma e Embalado,https://www.continente.pt/dw/image/v2/BDVS_PRD/on/demandware.static/-/Sites-col-master-catalog/default/dwac2444c2/images/col/597/5979866-direito.png?sw=280&sh=280,emb. 360 gr,https://www.continente.pt/produto/baguete-classica-sem-gluten-biologico-schnitzer-5979866.html,biologicos,2025-04-21,Continente
Pão Alemão Integral de Centeio Biológico,7290359,3.0,"€6,00/kg",Pema,Frescos/Padaria e Pastelaria/Pão de Forma e Embalado,https://www.continente.pt/dw/image/v2/BDVS_PRD/on/demandware.static/-/Sites-col-master-catalog/default/dweaa464fb/images/col/729/7290359-frente.jpg?sw=280&sh=280,emb. 500 gr,https://www.continente.pt/produto/pao-alemao-integral-de-centeio-biologico-pema-7290359.html,biologicos,2025-04-21,Continente
Bebida Vegetal de Amêndoa,5776885,2.15,"€2,15/lt",Joya,Laticínios e Ovos/Bebidas Vegetais/Bebida Amêndoa,https://www.continente.pt/dw/image/v2/BDVS_PRD/on/demandware.static/-/Sites-col-master-catalog/default/dwbb240291/images/col/577/5776885-frente.png?sw=280&sh=280,emb. 1 lt,https://www.continente.pt/produto/bebida-vegetal-de-amendoa-joya-5776885.html,biologicos,2025-04-21,Continente
Patê Vegetal de Pimentos Vermelhos Assados,8365745,2.99,"€29,90/kg",Delicass,Mercearia/Conservas/Patês,https://www.continente.pt/dw/image/v2/BDVS_PRD/on/demandware.static/-/Sites-col-master-catalog/default/dwd23cedc1/images/col/836/8365745-frente.jpg?sw=280&sh=280,emb. 100 gr,https://www.continente.pt/produto/pate-vegetal-de-pimentos-vermelhos-assados-delicass-8365745.html,biologicos,2025-04-21,Continente
Tapioca Hidratada sem Glúten,6928244,3.99,"€7,98/kg",Mani,"Mercearia/Arroz, Massa e Farinha/Farinha e Pão Ralado",https://www.continente.pt/dw/image/v2/BDVS_PRD/on/demandware.static/-/Sites-col-master-catalog/default/dw3a3bdf82/images/col/692/6928244-frente.jpg?sw=280&sh=280,emb. 500 gr,https://www.continente.pt/produto/tapioca-hidratada-sem-gluten-mani-6928244.html,biologicos,2025-04-21,Continente
Mini Bolo de Arroz Sem Glúten,8037354,2.49,"€20,75/kg",Museu do Pão,Frescos/Padaria e Pastelaria/Pastelaria Sortida,https://www.continente.pt/dw/image/v2/BDVS_PRD/on/demandware.static/-/Sites-col-master-catalog/default/dw8f93e002/images/col/803/8037354-frente.jpg?sw=280&sh=280,emb. 120 gr,https://www.continente.pt/produto/mini-bolo-de-arroz-sem-gluten-museu-do-pao-8037354.html,biologicos,2025-04-21,Continente
Limpa Frigoríficos Spray Eco,7445790,2.99,"€5,98/lt",Clean Essence,"Limpeza/Cozinha/Limpeza Fogão, Forno e Frigorífico",https://www.continente.pt/dw/image/v2/BDVS_PRD/on/demandware.static/-/Sites-col-master-catalog/default/dw354d1e11/images/col/744/7445790-frente.jpg?sw=280&sh=280,emb. 500 ml,https://www.continente.pt/produto/limpa-frigorificos-spray-eco-clean-essence-7445790.html,biologicos,2025-04-21,Continente
Pizza Heura com base de Couve Flor Vegan,8017871,4.19,"€9,11/kg",Coliflow,Congelados/Pizzas,https://www.continente.pt/dw/image/v2/BDVS_PRD/on/demandware.static/-/Sites-col-master-catalog/default/dw9c19497f/images/col/801/8017871-frente.jpg?sw=280&sh=280,emb. 460 gr,https://www.continente.pt/produto/pizza-heura-com-base-de-couve-flor-vegan-coliflow-8017871.html,biologicos,2025-04-21,Continente
Bebida Vegetal de Soja Crescimento 1-3 Anos,2660011,2.49,"€2,49/lt",Alpro,Laticínios e Ovos/Bebidas Vegetais/Bebida Soja,https://www.continente.pt/dw/image/v2/BDVS_PRD/on/demandware.static/-/Sites-col-master-catalog/default/dwdb042f20/images/col/266/2660011-direito.jpg?sw=280&sh=280,emb. 1 lt,https://www.continente.pt/produto/bebida-vegetal-de-soja-crescimento-1-3-anos-alpro-2660011.html,biologicos,2025-04-21,Continente
Latte Macchiato To Go Chill sem Lactose,7618144,1.19,"€5,17/lt",Delta,Laticínios e Ovos/Leite/Leite Achocolatado e Aromatizado,https://www.continente.pt/dw/image/v2/BDVS_PRD/on/demandware.static/-/Sites-col-master-catalog/default/dwc075457f/images/col/761/7618144-frente.jpg?sw=280&sh=280,emb. 230 ml,https://www.continente.pt/produto/latte-macchiato-to-go-chill-sem-lactose-delta-7618144.html,biologicos,2025-04-21,Continente
Creme de Pentear Fructis Hidra Caracóis,6864178,5.59,"€13,97/lt",Garnier,"Beleza e Higiene/Cabelo/Spray, Espuma, Creme e Gel",https://www.continente.pt/dw/image/v2/BDVS_PRD/on/demandware.static/-/Sites-col-master-catalog/default/dw0a901a58/images/col/686/6864178-hero.jpg?sw=280&sh=280,emb. 400 ml,https://www.continente.pt/produto/creme-de-pentear-fructis-hidra-caracois-garnier-6864178.html,biologicos,2025-04-21,Continente
Papa Infantil Láctea Multifrutos 1ª Papa +6M sem Glúten,4315750,3.74,"€14,96/kg",Cerelac,Mercearia/Alimentação Infantil/Papas Infantis,https://www.continente.pt/dw/image/v2/BDVS_PRD/on/demandware.static/-/Sites-col-master-catalog/default/dw87353c82/images/col/431/4315750-frente.png?sw=280&sh=280,emb. 250 gr,https://www.continente.pt/produto/papa-infantil-lactea-multifrutos-1-papa-6m-sem-gluten-cerelac-4315750.html,biologicos,2025-04-21,Continente
Cereais Crunchy Kids Espelta,7227587,2.99,"€23,92/kg",Origens Bio,Mercearia/Cereais e Barras/Cereais Infantis,https://www.continente.pt/dw/image/v2/BDVS_PRD/on/demandware.static/-/Sites-col-master-catalog/default/dwa70524ab/images/col/722/7227587-frente.png?sw=280&sh=280,emb. 125 gr,https://www.continente.pt/produto/cereais-crunchy-kids-espelta-origens-bio-7227587.html,biologicos,2025-04-21,Continente
Farinha de Arroz,6556965,1.79,"€8,95/kg",Origens Bio,"Mercearia/Arroz, Massa e Farinha/Farinha e Pão Ralado",https://www.continente.pt/dw/image/v2/BDVS_PRD/on/demandware.static/-/Sites-col-master-catalog/default/dwf51c5d04/images/col/655/6556965-frente.png?sw=280&sh=280,emb. 200 gr,https://www.continente.pt/produto/farinha-de-arroz-origens-bio-6556965.html,biologicos,2025-04-21,Continente
Barra Proteína Low Sugar Double Chocolate,6593816,2.99,"€49,83/kg",Gold Nutrition,Bio e Saudável/Nutrição Desportiva/Barras e Snacks,https://www.continente.pt/dw/image/v2/BDVS_PRD/on/demandware.static/-/Sites-col-master-catalog/default/dw88f1925f/images/col/659/6593816-frente.jpg?sw=280&sh=280,emb. 60 gr,https://www.continente.pt/produto/barra-proteina-low-sugar-double-chocolate-gold-nutrition-6593816.html,biologicos,2025-04-21,Continente
Condicionador Ultra Suave Água de Arroz,7970245,3.69,"€18,45/lt",Garnier,Beleza e Higiene/Cabelo/Condicionadores,https://www.continente.pt/dw/image/v2/BDVS_PRD/on/demandware.static/-/Sites-col-master-catalog/default/dwd95793f8/images/col/797/7970245-hero.jpg?sw=280&sh=280,emb. 200 ml,https://www.continente.pt/produto/condicionador-ultra-suave-agua-de-arroz-garnier-7970245.html,biologicos,2025-04-21,Continente
Óleo de Linhaça Virgem,2963759,8.06,"€32,24/lt",Seara,"Mercearia/Azeite, Óleo e Vinagre/Óleo Alimentar",https://www.continente.pt/dw/image/v2/BDVS_PRD/on/demandware.static/-/Sites-col-master-catalog/default/dw381c54ed/images/col/296/2963759-frente.jpg?sw=280&sh=280,emb. 250 ml,https://www.continente.pt/produto/oleo-de-linhaca-virgem-seara-2963759.html,biologicos,2025-04-21,Continente
Tapioca Hidratada sem Glúten,7431636,4.79,"€11,98/kg",Ferbar,"Mercearia/Arroz, Massa e Farinha/Farinha e Pão Ralado",https://www.continente.pt/dw/image/v2/BDVS_PRD/on/demandware.static/-/Sites-col-master-catalog/default/dwbb13e5b8/images/col/743/7431636-frente.jpg?sw=280&sh=280,emb. 5 x 80 gr,https://www.continente.pt/produto/tapioca-hidratada-sem-gluten-ferbar-7431636.html,biologicos,2025-04-21,Continente
Proteína Vegetal Baunilha,7613018,11.65,"€48,54/kg",Bettery,Bio e Saudável/Nutrição Desportiva/Energia e Proteína,https://www.continente.pt/dw/image/v2/BDVS_PRD/on/demandware.static/-/Sites-col-master-catalog/default/dw379c0494/images/col/761/7613018-frente.jpg?sw=280&sh=280,emb. 240 gr,https://www.continente.pt/produto/proteina-vegetal-baunilha-bettery-7613018.html,biologicos,2025-04-21,Continente
Trigo Puff Expandido,5895869,2.38,"€15,87/kg",Seara,Mercearia/Cereais e Barras/Muesli e Granola,https://www.continente.pt/dw/image/v2/BDVS_PRD/on/demandware.static/-/Sites-col-master-catalog/default/dwc13776a0/images/col/589/5895869-frente.jpg?sw=280&sh=280,emb. 150 gr,https://www.continente.pt/produto/trigo-puff-expandido-seara-5895869.html,biologicos,2025-04-21,Continente
Mistura para Brownie sem Glúten,7227861,5.24,"€14,97/kg",Shine,Mercearia/Açúcar e Sobremesas/Preparados para Mousses e Bolos,https://www.continente.pt/dw/image/v2/BDVS_PRD/on/demandware.static/-/Sites-col-master-catalog/default/dw829b7dab/images/col/722/7227861-frente.jpg?sw=280&sh=280,emb. 350 gr,https://www.continente.pt/produto/mistura-para-brownie-sem-gluten-shine-7227861.html,biologicos,2025-04-21,Continente
Creatina Monohidratada,8048678,10.99,"€61,06/kg",Way Up,Bio e Saudável/Nutrição Desportiva/Suplementação,https://www.continente.pt/dw/image/v2/BDVS_PRD/on/demandware.static/-/Sites-col-master-catalog/default/dw5bc42cfb/images/col/804/8048678-frente.jpg?sw=280&sh=280,emb. 180 gr,https://www.continente.pt/produto/creatina-monohidratada-way-up-8048678.html,biologicos,2025-04-21,Continente
Bebida Vitaminada Lima e Limão,7983701,1.99,"€3,98/lt",Vitamin Well,Bio e Saudável/Food Lab,https://www.continente.pt/dw/image/v2/BDVS_PRD/on/demandware.static/-/Sites-col-master-catalog/default/dw067611b5/images/col/798/7983701-frente.jpg?sw=280&sh=280,emb. 50 cl,https://www.continente.pt/produto/bebida-vitaminada-lima-e-limao-vitamin-well-7983701.html,biologicos,2025-04-21,Continente
Barra Proteína Wafer Chocolate,6618092,1.99,"€49,75/kg",Prozis,Bio e Saudável/Nutrição Desportiva/Barras e Snacks,https://www.continente.pt/dw/image/v2/BDVS_PRD/on/demandware.static/-/Sites-col-master-catalog/default/dw32bfa08a/images/col/661/6618092-direito.jpg?sw=280&sh=280,emb. 40 gr,https://www.continente.pt/produto/barra-proteina-wafer-chocolate-prozis-6618092.html,biologicos,2025-04-21,Continente
Champô Keratina,7257669,4.01,"€9,11/lt",Syoss,Beleza e Higiene/Cabelo/Champôs,https://www.continente.pt/dw/image/v2/BDVS_PRD/on/demandware.static/-/Sites-col-master-catalog/default/dw0247f171/images/col/725/7257669-frente.jpg?sw=280&sh=280,emb. 440 ml,https://www.continente.pt/produto/champo-keratina-syoss-7257669.html,biologicos,2025-04-21,Continente
Cereais Corn Flakes Proteicos Choco Duo,8081888,3.19,"€18,23/kg",Prozis,Mercearia/Cereais e Barras/Corn Flakes,https://www.continente.pt/dw/image/v2/BDVS_PRD/on/demandware.static/-/Sites-col-master-catalog/default/dw96b3d099/images/col/808/8081888-frente.png?sw=280&sh=280,emb. 175 gr,https://www.continente.pt/produto/cereais-corn-flakes-proteicos-choco-duo-prozis-8081888.html,biologicos,2025-04-21,Continente
Champô Fructis Hidra Liso & Suave,6169277,5.99,"€14,98/lt",Garnier,Beleza e Higiene/Cabelo/Champôs,https://www.continente.pt/dw/image/v2/BDVS_PRD/on/demandware.static/-/Sites-col-master-catalog/default/dw7de031bb/images/col/616/6169277-frente.jpg?sw=280&sh=280,emb. 400 ml,https://www.continente.pt/produto/champo-fructis-hidra-liso-suave-garnier-6169277.html,biologicos,2025-04-21,Continente
Gomas Vitamina D3,7721577,12.49,"€0,21/un",Natures Bounty,Bio e Saudável/Suplementos e Vitaminas,https://www.continente.pt/dw/image/v2/BDVS_PRD/on/demandware.static/-/Sites-col-master-catalog/default/dw27b5a3da/images/col/772/7721577-frente.jpg?sw=280&sh=280,emb. 60 un,https://www.continente.pt/produto/gomas-vitamina-d3-natures-bounty-7721577.html,biologicos,2025-04-21,Continente
Água Micelar Pele Sensível,5979357,4.47,"€11,17/lt",Nivea,Beleza e Higiene/Rosto/Limpeza,https://www.continente.pt/dw/image/v2/BDVS_PRD/on/demandware.static/-/Sites-col-master-catalog/default/dwd3d1df0f/images/col/597/5979357-frente.jpg?sw=280&sh=280,emb. 400 ml,https://www.continente.pt/produto/agua-micelar-pele-sensivel-nivea-5979357.html,biologicos,2025-04-21,Continente
Tahini Claro sem Glúten,6719113,2.99,"€13,29/kg",Continente Bio,"Mercearia/Compotas, Cremes e Mel/Nutella e Cremes de Barrar",https://www.continente.pt/dw/image/v2/BDVS_PRD/on/demandware.static/-/Sites-col-master-catalog/default/dw2a0ed0c4/images/col/671/6719113-frente.jpg?sw=280&sh=280,emb. 225 gr,https://www.continente.pt/produto/tahini-claro-sem-gluten-continente-bio-6719113.html,biologicos,2025-04-21,Continente
Água Micelar Bifásica Profissional Pele Sensível,6488994,4.39,"€10,97/lt",Nivea,Beleza e Higiene/Rosto/Limpeza,https://www.continente.pt/dw/image/v2/BDVS_PRD/on/demandware.static/-/Sites-col-master-catalog/default/dwe0ec5e4d/images/col/648/6488994-hero.jpg?sw=280&sh=280,emb. 400 ml,https://www.continente.pt/produto/agua-micelar-bifasica-profissional-pele-sensivel-nivea-6488994.html,biologicos,2025-04-21,Continente
Condicionador Fructis Hair Food Papaia,7091997,3.95,"€11,29/lt",Garnier,Beleza e Higiene/Cabelo/Condicionadores,https://www.continente.pt/dw/image/v2/BDVS_PRD/on/demandware.static/-/Sites-col-master-catalog/default/dwc42a2f79/images/col/709/7091997-hero.jpg?sw=280&sh=280,emb. 350 ml,https://www.continente.pt/produto/condicionador-fructis-hair-food-papaia-garnier-7091997.html,biologicos,2025-04-21,Continente
Monte Velho Regional Alentejano Biológico Vinho Tinto,7577938,5.99,"€7,99/lt",Monte Velho,Bebidas e Garrafeira/Vinhos/Vinho Tinto,https://www.continente.pt/dw/image/v2/BDVS_PRD/on/demandware.static/-/Sites-col-master-catalog/default/dw06ca68ca/images/col/757/7577938-frente.jpg?sw=280&sh=280,Garrafa 75 cl,https://www.continente.pt/produto/monte-velho-regional-alentejano-biologico-vinho-tinto-monte-velho-7577938.html,biologicos,2025-04-21,Continente
Lasanha de Vegetais,5005223,6.39,"€18,79/kg",Origens Bio,Congelados/Refeições Prontas,https://www.continente.pt/dw/image/v2/BDVS_PRD/on/demandware.static/-/Sites-col-master-catalog/default/dw18608dd1/images/col/500/5005223-direito.jpg?sw=280&sh=280,emb. 340 gr,https://www.continente.pt/produto/lasanha-de-vegetais-origens-bio-5005223.html,biologicos,2025-04-21,Continente
Mini Bolas Proteicas Brownie,7443512,1.79,"€49,72/kg",Origens Bio,Bio e Saudável/Nutrição Desportiva/Barras e Snacks,https://www.continente.pt/dw/image/v2/BDVS_PRD/on/demandware.static/-/Sites-col-master-catalog/default/dw5b514aa6/images/col/744/7443512-frente.jpg?sw=280&sh=280,emb. 3 x 12 gr,https://www.continente.pt/produto/mini-bolas-proteicas-brownie-origens-bio-7443512.html,biologicos,2025-04-21,Continente
Vitamina C e Ácido Hialurónico,7721594,9.99,"€0,33/un",Natures Bounty,Bio e Saudável/Suplementos e Vitaminas,https://www.continente.pt/dw/image/v2/BDVS_PRD/on/demandware.static/-/Sites-col-master-catalog/default/dw23c21256/images/col/772/7721594-frente.jpg?sw=280&sh=280,emb. 30 un,https://www.continente.pt/produto/vitamina-c-e-acido-hialuronico-natures-bounty-7721594.html,biologicos,2025-04-21,Continente
Máscara Cabelo Ultra Suave Delicadeza de Aveia,7712524,4.75,"€13,97/lt",Garnier,Beleza e Higiene/Cabelo/Máscaras e Tratamentos,https://www.continente.pt/dw/image/v2/BDVS_PRD/on/demandware.static/-/Sites-col-master-catalog/default/dw190ae993/images/col/771/7712524-frente.jpg?sw=280&sh=280,emb. 340 ml,https://www.continente.pt/produto/mascara-cabelo-ultra-suave-delicadeza-de-aveia-garnier-7712524.html,biologicos,2025-04-21,Continente
Termo Drena,6253220,9.74,"€19,48/lt",Planta Natur,Bio e Saudável/Suplementos e Vitaminas,https://www.continente.pt/dw/image/v2/BDVS_PRD/on/demandware.static/-/Sites-col-master-catalog/default/dwdf28f4d6/images/col/625/6253220-frente.jpg?sw=280&sh=280,emb. 500 ml,https://www.continente.pt/produto/termo-drena-planta-natur-6253220.html,biologicos,2025-04-21,Continente
Vitamina C + Zinco,7261252,6.79,"€0,34/un",Planta Natur,Bio e Saudável/Suplementos e Vitaminas,https://www.continente.pt/dw/image/v2/BDVS_PRD/on/demandware.static/-/Sites-col-master-catalog/default/dw23032562/images/col/726/7261252-direito.jpg?sw=280&sh=280,emb. 20 un,https://www.continente.pt/produto/vitamina-c-zinco-planta-natur-7261252.html,biologicos,2025-04-21,Continente
Leite +Proteína Café sem Lactose,8235346,2.67,"€3,56/lt",Continente,Laticínios e Ovos/Leite/Leite Achocolatado e Aromatizado,https://www.continente.pt/dw/image/v2/BDVS_PRD/on/demandware.static/-/Sites-col-master-catalog/default/dw08a36b0d/images/col/823/8235346-frente.jpg?sw=280&sh=280,emb. 3 x 250 ml,https://www.continente.pt/produto/leite-proteina-cafe-sem-lactose-continente-8235346.html,biologicos,2025-04-21,Continente
Milkshake Proteína Chocolate sem Lactose,8119858,2.59,"€7,85/un",Barebells,"Bio e Saudável/Nutrição Desportiva/Iogurtes, Pudins e Bebidas Proteicas",https://www.continente.pt/dw/image/v2/BDVS_PRD/on/demandware.static/-/Sites-col-master-catalog/default/dw6b087eeb/images/col/811/8119858-frente.jpg?sw=280&sh=280,emb. 33 cl,https://www.continente.pt/produto/milkshake-proteina-chocolate-sem-lactose-barebells-8119858.html,biologicos,2025-04-21,Continente
Manteiga de Amendoim Pedaços sem Glúten,6807023,1.99,"€9,95/kg",Cem Porcento,"Mercearia/Compotas, Cremes e Mel/Nutella e Cremes de Barrar",https://www.continente.pt/dw/image/v2/BDVS_PRD/on/demandware.static/-/Sites-col-master-catalog/default/dw47a3132d/images/col/680/6807023-frente.jpg?sw=280&sh=280,emb. 200 gr,https://www.continente.pt/produto/manteiga-de-amendoim-pedacos-sem-gluten-cem-porcento-6807023.html,biologicos,2025-04-21,Continente
Gel Corpo Anti-celulite,6131985,7.03,"€35,15/lt",Bioten,Beleza e Higiene/Corpo/Cremes e Loções,https://www.continente.pt/dw/image/v2/BDVS_PRD/on/demandware.static/-/Sites-col-master-catalog/default/dw75e33999/images/col/613/6131985-frente.jpg?sw=280&sh=280,emb. 200 ml,https://www.continente.pt/produto/gel-corpo-anti-celulite-bioten-6131985.html,biologicos,2025-04-21,Continente
Flocos de Aveia,7439672,1.49,"€3,97/kg",Salutem,Mercearia/Cereais e Barras/Flocos e Papas de Aveia,https://www.continente.pt/dw/image/v2/BDVS_PRD/on/demandware.static/-/Sites-col-master-catalog/default/dwbc4a4c07/images/col/743/7439672-esquerdo.jpg?sw=280&sh=280,emb. 375 gr,https://www.continente.pt/produto/flocos-de-aveia-salutem-7439672.html,biologicos,2025-04-21,Continente
Espanador XXL com 2 Jack Junior,5783030,5.99,"€5,99/un",Swiffer,"Limpeza/Mopas, Esfregonas e Vassouras/Mopas e Espanadores",https://www.continente.pt/dw/image/v2/BDVS_PRD/on/demandware.static/-/Sites-col-master-catalog/default/dw706e564d/images/col/578/5783030-hero.png?sw=280&sh=280,1 espanador + 2 recargas,https://www.continente.pt/produto/espanador-xxl-com-2-jack-junior-swiffer-5783030.html,biologicos,2025-04-21,Continente
Suplemento Block Carbs & Fats,7525727,13.24,"€0,22/un",EU Nutrition,Bio e Saudável/Suplementos e Vitaminas,https://www.continente.pt/dw/image/v2/BDVS_PRD/on/demandware.static/-/Sites-col-master-catalog/default/dweb2a8fb5/images/col/752/7525727-frente.jpg?sw=280&sh=280,emb. 60 un,https://www.continente.pt/produto/suplemento-block-carbs-fats-eu-nutrition-7525727.html,biologicos,2025-04-21,Continente
Farinha Mix Pão sem Glúten,4874100,5.9,"€5,90/kg",Schär,"Mercearia/Arroz, Massa e Farinha/Farinha e Pão Ralado",https://www.continente.pt/dw/image/v2/BDVS_PRD/on/demandware.static/-/Sites-col-master-catalog/default/dw1ce3ec40/images/col/487/4874100-frente.jpg?sw=280&sh=280,emb. 1 kg,https://www.continente.pt/produto/farinha-mix-pao-sem-gluten-schar-4874100.html,biologicos,2025-04-21,Continente
Farofa Pronta de Mandioca sem Glúten,7824594,2.05,"€8,20/kg",Sinhá,"Mercearia/Arroz, Massa e Farinha/Farinha e Pão Ralado",https://www.continente.pt/dw/image/v2/BDVS_PRD/on/demandware.static/-/Sites-col-master-catalog/default/dw0f53ab50/images/col/782/7824594-frente.jpg?sw=280&sh=280,emb. 250 gr,https://www.continente.pt/produto/farofa-pronta-de-mandioca-sem-gluten-sinha-7824594.html,biologicos,2025-04-21,Continente
Flocos Cevada,2963819,2.88,"€7,20/kg",Seara,Mercearia/Cereais e Barras/Flocos e Papas de Aveia,https://www.continente.pt/dw/image/v2/BDVS_PRD/on/demandware.static/-/Sites-col-master-catalog/default/dw779fa5a2/images/col/296/2963819-frente.jpg?sw=280&sh=280,emb. 400 gr,https://www.continente.pt/produto/flocos-cevada-seara-2963819.html,biologicos,2025-04-21,Continente
Máquina Depilatória Venus Smooth Sensitive com 1 Recarga,7361867,8.49,"€8,49/un",Gillette,Beleza e Higiene/Corpo/Depilação e Descoloração,https://www.continente.pt/dw/image/v2/BDVS_PRD/on/demandware.static/-/Sites-col-master-catalog/default/dwdb3e010c/images/col/736/7361867-hero.png?sw=280&sh=280,emb. 1 un,https://www.continente.pt/produto/maquina-depilatoria-venus-smooth-sensitive-com-1-recarga-gillette-7361867.html,biologicos,2025-04-21,Continente
Frango Inteiro com Miúdos Biológico,7461790,6.99,"€15,73/un",Campoaves,"Bio e Saudável/Biológicos/Peixaria, Talho e Alternativas",https://www.continente.pt/dw/image/v2/BDVS_PRD/on/demandware.static/-/Sites-col-master-catalog/default/dw5a9526ed/images/col/746/7461790-frente.jpg?sw=280&sh=280,"emb. 2,25 kg (aprox.)",https://www.continente.pt/produto/frango-inteiro-com-miudos-biologico-campoaves-7461790.html,biologicos,2025-04-21,Continente
Contemporal Biológico DOC Beira Interior Tinto,7435444,3.35,"€4,47/lt",Contemporal,Bebidas e Garrafeira/Vinhos/Vinho Tinto,https://www.continente.pt/dw/image/v2/BDVS_PRD/on/demandware.static/-/Sites-col-master-catalog/default/dwbd97340f/images/col/743/7435444-frente.jpg?sw=280&sh=280,garrafa 75 cl,https://www.continente.pt/produto/contemporal-biologico-doc-beira-interior-tinto-contemporal-7435444.html,biologicos,2025-04-21,Continente
Bolachas Diet Fibra Integrais,2134725,2.74,"€10,96/kg",Gullón,"Mercearia/Bolachas, Biscoitos e Tostas/Bolachas Fibra e Sem Açúcar",https://www.continente.pt/dw/image/v2/BDVS_PRD/on/demandware.static/-/Sites-col-master-catalog/default/dw5ed2189c/images/col/213/2134725-direito.jpg?sw=280&sh=280,emb. 250 gr,https://www.continente.pt/produto/bolachas-diet-fibra-integrais-gullon-2134725.html,biologicos,2025-04-21,Continente
Massa Bolonhesa Pot,8160618,2.89,"€44,46/kg",Plantastic,Mercearia/Sopas e Refeições/Refeições,https://www.continente.pt/dw/image/v2/BDVS_PRD/on/demandware.static/-/Sites-col-master-catalog/default/dwd84a45b2/images/col/816/8160618-frente.jpg?sw=280&sh=280,emb. 68 gr,https://www.continente.pt/produto/massa-bolonhesa-pot-plantastic-8160618.html,biologicos,2025-04-21,Continente
Snack Salgado Proteína Alho e Ervas,8034349,1.15,"€57,50/kg",Way Up,Bio e Saudável/Nutrição Desportiva/Barras e Snacks,https://www.continente.pt/dw/image/v2/BDVS_PRD/on/demandware.static/-/Sites-col-master-catalog/default/dw49902387/images/col/803/8034349-frente.jpg?sw=280&sh=280,emb. 20 gr,https://www.continente.pt/produto/snack-salgado-proteina-alho-e-ervas-way-up-8034349.html,biologicos,2025-04-21,Continente
Barra Proteína Chocolate Vegan sem Glúten,8079300,2.39,"€59,75/kg",Enervit,Bio e Saudável/Nutrição Desportiva/Barras e Snacks,https://www.continente.pt/dw/image/v2/BDVS_PRD/on/demandware.static/-/Sites-col-master-catalog/default/dw55b62707/images/col/807/8079300-frente.png?sw=280&sh=280,emb. 40 gr,https://www.continente.pt/produto/barra-proteina-chocolate-vegan-sem-gluten-enervit-8079300.html,biologicos,2025-04-21,Continente
Spray WC Limpeza Eficaz,7462724,1.49,"€1,99/lt",Continente Eco,Limpeza/Casa de Banho/Multisuperfícies,https://www.continente.pt/dw/image/v2/BDVS_PRD/on/demandware.static/-/Sites-col-master-catalog/default/dwd30d2002/images/col/746/7462724-frente.jpg?sw=280&sh=280,emb. 750 ml,https://www.continente.pt/produto/spray-wc-limpeza-eficaz-continente-eco-7462724.html,biologicos,2025-04-21,Continente
Creme Corpo Gordo,7801754,11.99,"€47,96/lt",Soft&Co,Beleza e Higiene/Corpo/Cremes e Loções,https://www.continente.pt/dw/image/v2/BDVS_PRD/on/demandware.static/-/Sites-col-master-catalog/default/dw5a465edd/images/col/780/7801754-frente.jpg?sw=280&sh=280,emb. 250 ml,https://www.continente.pt/produto/creme-corpo-gordo-soft-co-7801754.html,biologicos,2025-04-21,Continente
Bebida Vegetal de Soja Proteína,7924100,1.59,"€2,12/kg",Alpro,Laticínios e Ovos/Bebidas Vegetais/Bebida Soja,https://www.continente.pt/dw/image/v2/BDVS_PRD/on/demandware.static/-/Sites-col-master-catalog/default/dw8f176d43/images/col/792/7924100-frente.jpg?sw=280&sh=280,emb.750 ml,https://www.continente.pt/produto/bebida-vegetal-de-soja-proteina-alpro-7924100.html,biologicos,2025-04-21,Continente
Meenteiga Vegetal Amêndoa e Azeite Vegan,7599045,2.99,"€24,92/kg",Yogan,Laticínios e Ovos/Manteigas e Cremes para Barrar/Manteigas,https://www.continente.pt/dw/image/v2/BDVS_PRD/on/demandware.static/-/Sites-col-master-catalog/default/dwc02a1483/images/col/759/7599045-cima.jpg?sw=280&sh=280,emb. 120 gr,https://www.continente.pt/produto/meenteiga-vegetal-amendoa-e-azeite-vegan-yogan-7599045.html,biologicos,2025-04-21,Continente
Água Micelar Detox,6482692,3.89,"€9,72/lt",Bioten,Beleza e Higiene/Rosto/Limpeza,https://www.continente.pt/dw/image/v2/BDVS_PRD/on/demandware.static/-/Sites-col-master-catalog/default/dwb387eb6a/images/col/648/6482692-frente.jpg?sw=280&sh=280,emb. 400 ml,https://www.continente.pt/produto/agua-micelar-detox-bioten-6482692.html,biologicos,2025-04-21,Continente
Gomas Brilho Sortido sem Glúten,4491883,1.94,"€12,93/kg",Interdoces,"Mercearia/Chocolate, Gomas e Rebuçados/Gomas, Pastilhas e Rebuçados",https://www.continente.pt/dw/image/v2/BDVS_PRD/on/demandware.static/-/Sites-col-master-catalog/default/dw9bece707/images/col/449/4491883-frente.jpg?sw=280&sh=280,emb. 150 gr,https://www.continente.pt/produto/gomas-brilho-sortido-sem-gluten-interdoces-4491883.html,biologicos,2025-04-21,Continente
Açaí Orgânico,6924270,6.59,,Sambazon,Congelados/Frutas e Legumes/Frutas,https://www.continente.pt/dw/image/v2/BDVS_PRD/on/demandware.static/-/Sites-col-master-catalog/default/dw69f25f74/images/col/692/6924270-frente.jpg?sw=280&sh=280,emb. 500 ml,https://www.continente.pt/produto/acai-organico-sambazon-6924270.html,biologicos,2025-04-21,Continente
Flocos Aveia Integral Finos sem Glúten,6819558,2.19,"€5,48/kg",Continente Bio,Mercearia/Cereais e Barras/Flocos e Papas de Aveia,https://www.continente.pt/dw/image/v2/BDVS_PRD/on/demandware.static/-/Sites-col-master-catalog/default/dw1ee2e5f0/images/col/681/6819558-frente.jpg?sw=280&sh=280,emb. 400 gr,https://www.continente.pt/produto/flocos-aveia-integral-finos-sem-gluten-continente-bio-6819558.html,biologicos,2025-04-21,Continente
Óleo de Unhas e Cutículas Bio,6830806,4.79,"€399,17/lt",Eveline,Beleza e Higiene/Corpo/Cuidados de Mãos e Pés,https://www.continente.pt/dw/image/v2/BDVS_PRD/on/demandware.static/-/Sites-col-master-catalog/default/dw90a4ac31/images/col/683/6830806-frente.jpg?sw=280&sh=280,emb. 12 ml,https://www.continente.pt/produto/oleo-de-unhas-e-cuticulas-bio-eveline-6830806.html,biologicos,2025-04-21,Continente
Pomada para Calçado Preta,5614940,2.89,"€38,53/lt",Búfalo,Limpeza/Roupa/Limpeza do Calçado/Cremes,https://www.continente.pt/dw/image/v2/BDVS_PRD/on/demandware.static/-/Sites-col-master-catalog/default/dw3910cc70/images/col/561/5614940-cima.jpg?sw=280&sh=280,emb. 75 ml,https://www.continente.pt/produto/pomada-para-calcado-preta-bufalo-5614940.html,biologicos,2025-04-21,Continente
Maias DOC Dão Vinho Tinto,5472664,7.49,"€9,99/lt",Quinta dos Maias,Bebidas e Garrafeira/Vinhos/Vinho Tinto,https://www.continente.pt/dw/image/v2/BDVS_PRD/on/demandware.static/-/Sites-col-master-catalog/default/dwce6272f1/images/col/547/5472664-frente.jpg?sw=280&sh=280,garrafa 75 cl,https://www.continente.pt/produto/maias-doc-dao-vinho-tinto-quinta-dos-maias-5472664.html,biologicos,2025-04-21,Continente
Bebida Vegetal de Amêndoa sem Açúcar,5895638,4.45,"€4,45/lt",Bjorg,Laticínios e Ovos/Bebidas Vegetais/Bebida Amêndoa,https://www.continente.pt/dw/image/v2/BDVS_PRD/on/demandware.static/-/Sites-col-master-catalog/default/dw611b2a8d/images/col/589/5895638-frente.jpg?sw=280&sh=280,emb. 1 lt,https://www.continente.pt/produto/bebida-vegetal-de-amendoa-sem-acucar-bjorg-5895638.html,biologicos,2025-04-21,Continente
Condicionador Repair,7257717,4.01,"€9,11/lt",Syoss,Beleza e Higiene/Cabelo/Condicionadores,https://www.continente.pt/dw/image/v2/BDVS_PRD/on/demandware.static/-/Sites-col-master-catalog/default/dw5321b893/images/col/725/7257717-frente.jpg?sw=280&sh=280,emb. 440 ml,https://www.continente.pt/produto/condicionador-repair-syoss-7257717.html,biologicos,2025-04-21,Continente
Profiteroles com Caramelo Salgado,7490246,2.99,"€12,46/un",Continente Seleção,Congelados/Sobremesas,https://www.continente.pt/dw/image/v2/BDVS_PRD/on/demandware.static/-/Sites-col-master-catalog/default/dwb670505b/images/col/749/7490246-hero.jpg?sw=280&sh=280,emb. 240 gr,https://www.continente.pt/produto/profiteroles-com-caramelo-salgado-continente-selecao-7490246.html,biologicos,2025-04-21,Continente
Gressinos de Sésamo sem Glúten,8093471,2.99,"€33,22/kg",Museu do Pão,"Frescos/Padaria e Pastelaria/Tostas, Gressinos e Croutons",https://www.continente.pt/dw/image/v2/BDVS_PRD/on/demandware.static/-/Sites-col-master-catalog/default/dwf4aa6d49/images/col/809/8093471-topshot.jpg?sw=280&sh=280,emb. 90 gr,https://www.continente.pt/produto/gressinos-de-sesamo-sem-gluten-museu-do-pao-8093471.html,biologicos,2025-04-21,Continente
Champô Fructis Aloe Vera Hydra Bomb,6420844,5.99,"€14,98/lt",Garnier,Beleza e Higiene/Cabelo/Champôs,https://www.continente.pt/dw/image/v2/BDVS_PRD/on/demandware.static/-/Sites-col-master-catalog/default/dwaef6d5b1/images/col/642/6420844-frente.jpg?sw=280&sh=280,emb. 400 ml,https://www.continente.pt/produto/champo-fructis-aloe-vera-hydra-bomb-garnier-6420844.html,biologicos,2025-04-21,Continente
Crackies de Arroz Integral sem Sal sem Glúten,4807620,1.69,"€13,00/kg",Caçarola,"Mercearia/Bolachas, Biscoitos e Tostas/Tortitas de Arroz e Milho",https://www.continente.pt/dw/image/v2/BDVS_PRD/on/demandware.static/-/Sites-col-master-catalog/default/dw9a9f429e/images/col/480/4807620-frente.jpg?sw=280&sh=280,emb. 130 gr,https://www.continente.pt/produto/crackies-de-arroz-integral-sem-sal-sem-gluten-cacarola-4807620.html,biologicos,2025-04-21,Continente
Gomas Melatonina sem Açúcar,8385640,7.99,"€76,10/kg",Vitaldin,Bio e Saudável/Suplementos e Vitaminas/Outros Suplementos,https://www.continente.pt/dw/image/v2/BDVS_PRD/on/demandware.static/-/Sites-col-master-catalog/default/dw0c34f3ce/images/col/838/8385640-frente.jpg?sw=280&sh=280,emb. 35 un,https://www.continente.pt/produto/gomas-melatonina-sem-acucar-vitaldin-8385640.html,biologicos,2025-04-21,Continente
Massa Noodles,6817204,2.99,"€11,96/kg",Alb-Gold,"Mercearia/Arroz, Massa e Farinha/Massa",https://www.continente.pt/dw/image/v2/BDVS_PRD/on/demandware.static/-/Sites-col-master-catalog/default/dw594c5213/images/col/681/6817204-frente.png?sw=280&sh=280,emb. 250 gr,https://www.continente.pt/produto/massa-noodles-alb-gold-6817204.html,biologicos,2025-04-21,Continente
Máscara Facial Collagen,6881318,2.49,"€2,49/un",Bioten,Beleza e Higiene/Rosto/Máscaras,https://www.continente.pt/dw/image/v2/BDVS_PRD/on/demandware.static/-/Sites-col-master-catalog/default/dw8ac7058a/images/col/688/6881318-frente.jpg?sw=280&sh=280,emb. 1 un,https://www.continente.pt/produto/mascara-facial-collagen-bioten-6881318.html,biologicos,2025-04-21,Continente
Champô Bouncy Curls,7853882,5.19,"€17,30/lt",Aussie,Beleza e Higiene/Cabelo/Champôs,https://www.continente.pt/dw/image/v2/BDVS_PRD/on/demandware.static/-/Sites-col-master-catalog/default/dw5048e671/images/col/785/7853882-frente.jpg?sw=280&sh=280,emb. 300 ml,https://www.continente.pt/produto/champo-bouncy-curls-aussie-7853882.html,biologicos,2025-04-21,Continente
Hambúrguer de Tofu e Cogumelos,4228877,3.49,"€21,81/kg",Cem Porcento,Frescos/Take Away/Vegetariano e Vegan/Pronto a Cozinhar,https://www.continente.pt/dw/image/v2/BDVS_PRD/on/demandware.static/-/Sites-col-master-catalog/default/dwab71ef88/images/col/422/4228877-direito.jpg?sw=280&sh=280,emb. 150 gr,https://www.continente.pt/produto/hamburguer-de-tofu-e-cogumelos-cem-porcento-4228877.html,biologicos,2025-04-21,Continente
Super Pequeno Almoço Banana e Cacau sem Glúten,6453855,5.99,"€19,97/kg",Origens Bio,Mercearia/Cereais e Barras/Cereais Linha e Fibra,https://www.continente.pt/dw/image/v2/BDVS_PRD/on/demandware.static/-/Sites-col-master-catalog/default/dwa7579f92/images/col/645/6453855-frente.png?sw=280&sh=280,emb. 300 gr,https://www.continente.pt/produto/super-pequeno-almoco-banana-e-cacau-sem-gluten-origens-bio-6453855.html,biologicos,2025-04-21,Continente
Óleo Cabelo Ultra Suave Óleos de Argão e Camélia,5034242,6.29,"€41,93/lt",Garnier,Beleza e Higiene/Cabelo/Máscaras e Tratamentos,https://www.continente.pt/dw/image/v2/BDVS_PRD/on/demandware.static/-/Sites-col-master-catalog/default/dw91fe8e9e/images/col/503/5034242-frente.jpg?sw=280&sh=280,emb. 150 ml,https://www.continente.pt/produto/oleo-cabelo-ultra-suave-oleos-de-argao-e-camelia-garnier-5034242.html,biologicos,2025-04-21,Continente
Máscara Cabelo Fructis Método Caracóis,7970672,6.74,"€18,22/lt",Garnier,Beleza e Higiene/Cabelo/Máscaras e Tratamentos,https://www.continente.pt/dw/image/v2/BDVS_PRD/on/demandware.static/-/Sites-col-master-catalog/default/dw45923e99/images/col/797/7970672-hero.jpg?sw=280&sh=280,emb. 370 ml,https://www.continente.pt/produto/mascara-cabelo-fructis-metodo-caracois-garnier-7970672.html,biologicos,2025-04-21,Continente
Leite Proteína Baunilha sem Lactose,8110957,1.39,"€5,56/lt",Lindahls,Laticínios e Ovos/Leite/Leite sem Lactose,https://www.continente.pt/dw/image/v2/BDVS_PRD/on/demandware.static/-/Sites-col-master-catalog/default/dwe6b46bda/images/col/811/8110957-frente.png?sw=280&sh=280,emb. 250 ml,https://www.continente.pt/produto/leite-proteina-baunilha-sem-lactose-lindahls-8110957.html,biologicos,2025-04-21,Continente
Chá Moro e Hibisco Saquetas,7724414,4.64,"€0,46/un",Desinchá,Bio e Saudável/Suplementos e Vitaminas,https://www.continente.pt/dw/image/v2/BDVS_PRD/on/demandware.static/-/Sites-col-master-catalog/default/dwf89f6578/images/col/772/7724414-frente.jpg?sw=280&sh=280,emb. 10 un,https://www.continente.pt/produto/cha-moro-e-hibisco-saquetas-desincha-7724414.html,biologicos,2025-04-21,Continente
Pasta de Dentes Tastepaste Manga e Menta Fresca,8066014,1.86,"€37,20/lt",Jordan,Beleza e Higiene/Higiene Oral/Pastas de Dentes,https://www.continente.pt/dw/image/v2/BDVS_PRD/on/demandware.static/-/Sites-col-master-catalog/default/dw6e6835ca/images/col/806/8066014-frente.jpg?sw=280&sh=280,emb. 50 ml,https://www.continente.pt/produto/pasta-de-dentes-tastepaste-manga-e-menta-fresca-jordan-8066014.html,biologicos,2025-04-21,Continente
Fermento sem Glúten,7375916,1.24,"€15,50/kg",Royal,Mercearia/Açúcar e Sobremesas/Fermento,https://www.continente.pt/dw/image/v2/BDVS_PRD/on/demandware.static/-/Sites-col-master-catalog/default/dw2868f34b/images/col/737/7375916-frente.png?sw=280&sh=280,emb. 80 gr,https://www.continente.pt/produto/fermento-sem-gluten-royal-7375916.html,biologicos,2025-04-21,Continente
Creme de Mãos Xpress Absorb,6831243,1.98,"€19,80/lt",Bioten,Beleza e Higiene/Corpo/Cuidados de Mãos e Pés,https://www.continente.pt/dw/image/v2/BDVS_PRD/on/demandware.static/-/Sites-col-master-catalog/default/dwdd25ec64/images/col/683/6831243-frente.jpg?sw=280&sh=280,emb. 100 ml,https://www.continente.pt/produto/creme-de-maos-xpress-absorb-bioten-6831243.html,biologicos,2025-04-21,Continente
Papa Infantil Farinha Láctea 1ª Papa +4M sem Glúten,7486892,3.65,"€14,60/kg",Nutribén,Mercearia/Alimentação Infantil/Papas Infantis,https://www.continente.pt/dw/image/v2/BDVS_PRD/on/demandware.static/-/Sites-col-master-catalog/default/dw9669347a/images/col/748/7486892-frente.png?sw=280&sh=280,emb. 250 gr,https://www.continente.pt/produto/papa-infantil-farinha-lactea-1-papa-4m-sem-gluten-nutriben-7486892.html,biologicos,2025-04-21,Continente
Pão Branco Fatiado sem Glúten,6541632,3.13,"€12,52/kg",Schär,Frescos/Padaria e Pastelaria/Pão de Forma e Embalado,https://www.continente.pt/dw/image/v2/BDVS_PRD/on/demandware.static/-/Sites-col-master-catalog/default/dw78d67593/images/col/654/6541632-esquerdo.jpg?sw=280&sh=280,emb. 250 gr,https://www.continente.pt/produto/pao-branco-fatiado-sem-gluten-schar-6541632.html,biologicos,2025-04-21,Continente
Bebida Vegetal de Arroz Natural,7554091,2.65,"€2,65/lt",Isola Bio,Laticínios e Ovos/Bebidas Vegetais/Bebida Arroz,https://www.continente.pt/dw/image/v2/BDVS_PRD/on/demandware.static/-/Sites-col-master-catalog/default/dw08e97150/images/col/755/7554091-frente.jpg?sw=280&sh=280,emb. 1 lt,https://www.continente.pt/produto/bebida-vegetal-de-arroz-natural-isola-bio-7554091.html,biologicos,2025-04-21,Continente
Caramelos de Fruta sem Glúten,6523894,2.34,"€15,60/kg",Sugus,"Mercearia/Chocolate, Gomas e Rebuçados/Gomas, Pastilhas e Rebuçados",https://www.continente.pt/dw/image/v2/BDVS_PRD/on/demandware.static/-/Sites-col-master-catalog/default/dw6ad07c3e/images/col/652/6523894-frente.jpg?sw=280&sh=280,emb. 150 gr,https://www.continente.pt/produto/caramelos-de-fruta-sem-gluten-sugus-6523894.html,biologicos,2025-04-21,Continente
Massa Fettuccine Integral,7417460,2.25,"€9,00/kg",Delverde,"Mercearia/Arroz, Massa e Farinha/Massa",https://www.continente.pt/dw/image/v2/BDVS_PRD/on/demandware.static/-/Sites-col-master-catalog/default/dwaaca258a/images/col/741/7417460-frente.jpg?sw=280&sh=280,emb. 250 gr,https://www.continente.pt/produto/massa-fettuccine-integral-delverde-7417460.html,biologicos,2025-04-21,Continente
"Pequeno Almoço Aveia, Framboesa e Banana sem Glúten",6866543,3.99,"€13,30/kg",Shine,Mercearia/Cereais e Barras/Flocos e Papas de Aveia,https://www.continente.pt/dw/image/v2/BDVS_PRD/on/demandware.static/-/Sites-col-master-catalog/default/dwbd915863/images/col/686/6866543-frente.jpg?sw=280&sh=280,emb. 300 gr,https://www.continente.pt/produto/pequeno-almoco-aveia-framboesa-e-banana-sem-gluten-shine-6866543.html,biologicos,2025-04-21,Continente
Creme Corpo Hidratante,7144286,7.99,"€15,98/lt",Soft&Co,Beleza e Higiene/Corpo/Cremes e Loções,https://www.continente.pt/dw/image/v2/BDVS_PRD/on/demandware.static/-/Sites-col-master-catalog/default/dwa77f10b5/images/col/714/7144286-frente.jpg?sw=280&sh=280,emb. 500 ml,https://www.continente.pt/produto/creme-corpo-hidratante-soft-co-7144286.html,biologicos,2025-04-21,Continente
Rebuçados Peitorais sem Glúten,4117177,1.85,"€9,25/kg",Villa,"Mercearia/Chocolate, Gomas e Rebuçados/Gomas, Pastilhas e Rebuçados",https://www.continente.pt/dw/image/v2/BDVS_PRD/on/demandware.static/-/Sites-col-master-catalog/default/dwf8827614/images/col/411/4117177-frente.jpg?sw=280&sh=280,emb. 200 gr,https://www.continente.pt/produto/rebucados-peitorais-sem-gluten-villa-4117177.html,biologicos,2025-04-21,Continente
Coloração Permanente Olia Louro Escuro Dourado 6.3,5037107,8.39,"€8,39/un",Garnier,Beleza e Higiene/Cabelo/Colorações,https://www.continente.pt/dw/image/v2/BDVS_PRD/on/demandware.static/-/Sites-col-master-catalog/default/dw13410688/images/col/503/5037107-direito.jpg?sw=280&sh=280,emb. 1 un,https://www.continente.pt/produto/coloracao-permanente-olia-louro-escuro-dourado-6.3-garnier-5037107.html,biologicos,2025-04-21,Continente
Aveia Instantânea,8061071,4.49,"€4,49/kg",Prozis,Mercearia/Cereais e Barras/Flocos e Papas de Aveia,https://www.continente.pt/dw/image/v2/BDVS_PRD/on/demandware.static/-/Sites-col-master-catalog/default/dw9c9d0635/images/col/806/8061071-frente.png?sw=280&sh=280,emb. 1 kg,https://www.continente.pt/produto/aveia-instantanea-prozis-8061071.html,biologicos,2025-04-21,Continente
Máscara Cabelo Fructis Hair Food Melancia,7795751,5.84,"€14,60/lt",Garnier,Beleza e Higiene/Cabelo/Máscaras e Tratamentos,https://www.continente.pt/dw/image/v2/BDVS_PRD/on/demandware.static/-/Sites-col-master-catalog/default/dw5a56e73b/images/col/779/7795751-hero.jpg?sw=280&sh=280,emb. 400 ml,https://www.continente.pt/produto/mascara-cabelo-fructis-hair-food-melancia-garnier-7795751.html,biologicos,2025-04-21,Continente
Infusão Relax Saquetas,6582052,1.09,"€0,11/un",Cem Porcento,"Mercearia/Café, Chá e Bebidas Solúveis/Chás e Infusões",https://www.continente.pt/dw/image/v2/BDVS_PRD/on/demandware.static/-/Sites-col-master-catalog/default/dwb091c70e/images/col/658/6582052-direito.jpg?sw=280&sh=280,emb. 10 un,https://www.continente.pt/produto/infusao-relax-saquetas-cem-porcento-6582052.html,biologicos,2025-04-21,Continente
Hepa Bem-Estar do Fígado,7925363,9.99,"€0,33/un",NaturScience,Bio e Saudável/Suplementos e Vitaminas/Outros Suplementos,https://www.continente.pt/dw/image/v2/BDVS_PRD/on/demandware.static/-/Sites-col-master-catalog/default/dwa59b679f/images/col/792/7925363-esquerdo.jpg?sw=280&sh=280,emb. 30 un,https://www.continente.pt/produto/hepa-bem-estar-do-figado-naturscience-7925363.html,biologicos,2025-04-21,Continente
Noodles Satay Pimento Vermelho,8160626,2.89,"€42,50/kg",Plantastic,"Mercearia/Arroz, Massa e Farinha/Noodles",https://www.continente.pt/dw/image/v2/BDVS_PRD/on/demandware.static/-/Sites-col-master-catalog/default/dw678281dc/images/col/816/8160626-frente.jpg?sw=280&sh=280,emb. 68 gr,https://www.continente.pt/produto/noodles-satay-pimento-vermelho-plantastic-8160626.html,biologicos,2025-04-21,Continente
Suplemento Alimentar Magnésio + Vitaminas Extra,6253205,8.45,"€0,28/un",Planta Natur,Bio e Saudável/Suplementos e Vitaminas,https://www.continente.pt/dw/image/v2/BDVS_PRD/on/demandware.static/-/Sites-col-master-catalog/default/dw69d174dd/images/col/625/6253205-direito.jpg?sw=280&sh=280,emb. 30 un,https://www.continente.pt/produto/suplemento-alimentar-magnesio-vitaminas-extra-planta-natur-6253205.html,biologicos,2025-04-21,Continente
Creme Corpo Skin Nutries Aloe e Cânhamo,7712670,3.85,"€15,36/lt",Bioten,Beleza e Higiene/Corpo/Cremes e Loções,https://www.continente.pt/dw/image/v2/BDVS_PRD/on/demandware.static/-/Sites-col-master-catalog/default/dwbec15fb5/images/col/771/7712670-frente.jpg?sw=280&sh=280,emb. 250 ml,https://www.continente.pt/produto/creme-corpo-skin-nutries-aloe-e-canhamo-bioten-7712670.html,biologicos,2025-04-21,Continente
Sérum Facial Pure Active Anti-Imperfeições Carvão,7650404,12.79,"€426,33/lt",Garnier,Beleza e Higiene/Rosto/Hidratação,https://www.continente.pt/dw/image/v2/BDVS_PRD/on/demandware.static/-/Sites-col-master-catalog/default/dw45e2a71b/images/col/765/7650404-frente.jpg?sw=280&sh=280,emb. 30 ml,https://www.continente.pt/produto/serum-facial-pure-active-anti-imperfeicoes-carvao-garnier-7650404.html,biologicos,2025-04-21,Continente
Mistura de Farinha Arandos e Coco sem Glúten,8195509,6.99,"€17,48/kg",Donys,"Mercearia/Arroz, Massa e Farinha/Farinha e Pão Ralado",https://www.continente.pt/dw/image/v2/BDVS_PRD/on/demandware.static/-/Sites-col-master-catalog/default/dw4370996c/images/col/819/8195509-frente.png?sw=280&sh=280,emb. 400 gr,https://www.continente.pt/produto/mistura-de-farinha-arandos-e-coco-sem-gluten-donys-8195509.html,biologicos,2025-04-21,Continente
Aroma de Baunilha em Pó sem Glúten,5220292,0.89,"€74,17/kg",Condi,Mercearia/Açúcar e Sobremesas/Aromas e Toppings,https://www.continente.pt/dw/image/v2/BDVS_PRD/on/demandware.static/-/Sites-col-master-catalog/default/dwa743312f/images/col/522/5220292-hero.jpg?sw=280&sh=280,emb. 12 gr,https://www.continente.pt/produto/aroma-de-baunilha-em-po-sem-gluten-condi-5220292.html,biologicos,2025-04-21,Continente
Sais em Pó Efervescente de Limão,2608608,5.03,"€0,50/un",Eno,Bio e Saudável/Suplementos e Vitaminas,https://www.continente.pt/dw/image/v2/BDVS_PRD/on/demandware.static/-/Sites-col-master-catalog/default/dw8b82c8ea/images/col/260/2608608-direito.jpg?sw=280&sh=280,emb. 10 x 5 gr,https://www.continente.pt/produto/sais-em-po-efervescente-de-limao-eno-2608608.html,biologicos,2025-04-21,Continente
Sais de Pés,8122037,7.99,"€30,73/kg",Soft&Co,Beleza e Higiene/Corpo/Cuidados de Mãos e Pés,https://www.continente.pt/dw/image/v2/BDVS_PRD/on/demandware.static/-/Sites-col-master-catalog/default/dw5b29479b/images/col/812/8122037-cima-frente.png?sw=280&sh=280,emb. 260 gr,https://www.continente.pt/produto/sais-de-pes-soft-co-8122037.html,biologicos,2025-04-21,Continente
Muffins com Pepitas de Chocolate sem Glúten,7383295,5.55,"€24,67/kg",Schär,Frescos/Padaria e Pastelaria/Pastelaria Sortida,https://www.continente.pt/dw/image/v2/BDVS_PRD/on/demandware.static/-/Sites-col-master-catalog/default/dw139535a5/images/col/738/7383295-cima.jpg?sw=280&sh=280,emb. 240 gr (6 un),https://www.continente.pt/produto/muffins-com-pepitas-de-chocolate-sem-gluten-schar-7383295.html,biologicos,2025-04-21,Continente
Suplemento Alimentar Detox Rapid,6402387,9.74,"€19,48/lt",Planta Natur,Bio e Saudável/Suplementos e Vitaminas,https://www.continente.pt/dw/image/v2/BDVS_PRD/on/demandware.static/-/Sites-col-master-catalog/default/dw255a6a7d/images/col/640/6402387-frente.jpg?sw=280&sh=280,emb. 500 ml,https://www.continente.pt/produto/suplemento-alimentar-detox-rapid-planta-natur-6402387.html,biologicos,2025-04-21,Continente
"Muesli Coco, Cacau e Noz-Pecã Relax sem Adição de Açúcar e sem Glúten",7797541,5.49,"€13,73/kg",Simple,Mercearia/Cereais e Barras/Muesli e Granola,https://www.continente.pt/dw/image/v2/BDVS_PRD/on/demandware.static/-/Sites-col-master-catalog/default/dw73eb0281/images/col/779/7797541-frente.jpg?sw=280&sh=280,emb. 400 gr,https://www.continente.pt/produto/muesli-coco-cacau-e-noz-peca-relax-sem-adicao-de-acucar-e-sem-gluten-simple-7797541.html,biologicos,2025-04-21,Continente
Gelado Bombom Chocolate Negro e Baunilha Vegan,8145417,3.99,"€55,42/kg",Over the Moo,Congelados/Gelados/Mini Bites e Sandwich,https://www.continente.pt/dw/image/v2/BDVS_PRD/on/demandware.static/-/Sites-col-master-catalog/default/dw659206d9/images/col/814/8145417-frente.jpg?sw=280&sh=280,emb. 60 gr,https://www.continente.pt/produto/gelado-bombom-chocolate-negro-e-baunilha-vegan-over-the-moo-8145417.html,biologicos,2025-04-21,Continente
Preparado para Massada de Marisco Congelado,7577540,7.99,"€9,99/kg",Continente,Frescos/Peixaria/Marisco/Congelado,https://www.continente.pt/dw/image/v2/BDVS_PRD/on/demandware.static/-/Sites-col-master-catalog/default/dw8344acfb/images/col/757/7577540-cima.jpg?sw=280&sh=280,emb. 800 gr,https://www.continente.pt/produto/preparado-para-massada-de-marisco-congelado-continente-7577540.html,biologicos,2025-04-21,Continente
Exfoliante de Arroz Aloe Vera Bio,6982734,7.29,"€97,20/lt",Nivea,Beleza e Higiene/Rosto/Limpeza,https://www.continente.pt/dw/image/v2/BDVS_PRD/on/demandware.static/-/Sites-col-master-catalog/default/dw5a702a86/images/col/698/6982734-hero.jpg?sw=280&sh=280,emb. 75 ml,https://www.continente.pt/produto/exfoliante-de-arroz-aloe-vera-bio-nivea-6982734.html,biologicos,2025-04-21,Continente
Multivitaminas 50+,6253207,8.45,"€0,28/un",Planta Natur,Bio e Saudável/Suplementos e Vitaminas,https://www.continente.pt/dw/image/v2/BDVS_PRD/on/demandware.static/-/Sites-col-master-catalog/default/dw2534133e/images/col/625/6253207-direito.jpg?sw=280&sh=280,emb. 30 un,https://www.continente.pt/produto/multivitaminas-50-planta-natur-6253207.html,biologicos,2025-04-21,Continente
Farinha Culinária sem Glúten,5778929,2.27,"€4,54/kg",Nacional,"Mercearia/Arroz, Massa e Farinha/Farinha e Pão Ralado",https://www.continente.pt/dw/image/v2/BDVS_PRD/on/demandware.static/-/Sites-col-master-catalog/default/dw3553e8cb/images/col/577/5778929-frente.jpg?sw=280&sh=280,emb. 500 gr,https://www.continente.pt/produto/farinha-culinaria-sem-gluten-nacional-5778929.html,biologicos,2025-04-21,Continente
Hambúrguer Chickn Fill,7706550,5.89,"€21,81/kg",Linda McCartneys,Congelados/Hambúrgueres e Almôndegas,https://www.continente.pt/dw/image/v2/BDVS_PRD/on/demandware.static/-/Sites-col-master-catalog/default/dw5e225497/images/col/770/7706550-frente.jpg?sw=280&sh=280,emb. 270 gr (2 un),https://www.continente.pt/produto/hamburguer-chickn-fill-linda-mccartneys-7706550.html,biologicos,2025-04-21,Continente
Salsicha Vegetariana de Cenoura e Caril,8365852,4.99,"€27,72/kg",AlterVego,Bio e Saudável/Vegetariano e Vegan,https://www.continente.pt/dw/image/v2/BDVS_PRD/on/demandware.static/-/Sites-col-master-catalog/default/dw75a1b607/images/col/836/8365852-frente.jpg?sw=280&sh=280,emb. 180 gr,https://www.continente.pt/produto/salsicha-vegetariana-de-cenoura-e-caril-altervego-8365852.html,biologicos,2025-04-21,Continente
Crackies de Arroz Integral Sabor Iogurte e Chocolate Branco sem Glúten,7094365,3.39,"€26,08/kg",Caçarola,"Mercearia/Bolachas, Biscoitos e Tostas/Tortitas de Arroz e Milho",https://www.continente.pt/dw/image/v2/BDVS_PRD/on/demandware.static/-/Sites-col-master-catalog/default/dw032e208f/images/col/709/7094365-frente.jpg?sw=280&sh=280,emb. 130 gr,https://www.continente.pt/produto/crackies-de-arroz-integral-sabor-iogurte-e-chocolate-branco-sem-gluten-cacarola-7094365.html,biologicos,2025-04-21,Continente
Gomas Vitamina C sem Açúcar,8385644,7.99,"€85,91/kg",Vitaldin,Bio e Saudável/Suplementos e Vitaminas/Outros Suplementos,https://www.continente.pt/dw/image/v2/BDVS_PRD/on/demandware.static/-/Sites-col-master-catalog/default/dw03ca5bf1/images/col/838/8385644-frente.jpg?sw=280&sh=280,emb. 36 un,https://www.continente.pt/produto/gomas-vitamina-c-sem-acucar-vitaldin-8385644.html,biologicos,2025-04-21,Continente
Chá Frutos Vermelhos Saquetas,7722165,4.64,"€0,46/un",Desinchá,Bio e Saudável/Suplementos e Vitaminas,https://www.continente.pt/dw/image/v2/BDVS_PRD/on/demandware.static/-/Sites-col-master-catalog/default/dwf3937980/images/col/772/7722165-frente.jpg?sw=280&sh=280,emb. 10 un,https://www.continente.pt/produto/cha-frutos-vermelhos-saquetas-desincha-7722165.html,biologicos,2025-04-21,Continente
Sérum Cabelo Fructis Método Caracóis,7970687,6.74,"€44,93/lt",Garnier,Beleza e Higiene/Cabelo/Máscaras e Tratamentos,https://www.continente.pt/dw/image/v2/BDVS_PRD/on/demandware.static/-/Sites-col-master-catalog/default/dw2bee9633/images/col/797/7970687-hero.jpg?sw=280&sh=280,emb. 150 ml,https://www.continente.pt/produto/serum-cabelo-fructis-metodo-caracois-garnier-7970687.html,biologicos,2025-04-21,Continente
Bebida Aloé Vera com Maçã,7534361,4.49,"€4,49/lt",Continente Bio,"Bebidas e Garrafeira/Sumos e Refrigerantes/Ice Tea, Tisanas e Kombuchas",https://www.continente.pt/dw/image/v2/BDVS_PRD/on/demandware.static/-/Sites-col-master-catalog/default/dw001b4bb6/images/col/753/7534361-frente.jpg?sw=280&sh=280,emb. 1 lt,https://www.continente.pt/produto/bebida-aloe-vera-com-maca-continente-bio-7534361.html,biologicos,2025-04-21,Continente
Sabonete Sólido Purificante Carvão,8120440,0.99,"€0,99/un",MyLabel,Beleza e Higiene/Corpo/Sabonetes,https://www.continente.pt/dw/image/v2/BDVS_PRD/on/demandware.static/-/Sites-col-master-catalog/default/dw399f02e9/images/col/812/8120440-frente.png?sw=280&sh=280,emb. 90 gr,https://www.continente.pt/produto/sabonete-solido-purificante-carvao-mylabel-8120440.html,biologicos,2025-04-21,Continente
Barra Proteína Low Sugar Crunchy Peanut,6593794,2.99,"€49,83/kg",Gold Nutrition,Bio e Saudável/Nutrição Desportiva/Barras e Snacks,https://www.continente.pt/dw/image/v2/BDVS_PRD/on/demandware.static/-/Sites-col-master-catalog/default/dwfbe65d88/images/col/659/6593794-frente.jpg?sw=280&sh=280,emb. 60 gr,https://www.continente.pt/produto/barra-proteina-low-sugar-crunchy-peanut-gold-nutrition-6593794.html,biologicos,2025-04-21,Continente
Doce de Frutos Vermelhos,6919364,3.89,"€16,21/kg",Prisca,"Mercearia/Compotas, Cremes e Mel/Doces e Compotas",https://www.continente.pt/dw/image/v2/BDVS_PRD/on/demandware.static/-/Sites-col-master-catalog/default/dw51e43978/images/col/691/6919364-frente.jpg?sw=280&sh=280,emb. 240 gr,https://www.continente.pt/produto/doce-de-frutos-vermelhos-prisca-6919364.html,biologicos,2025-04-21,Continente
Sumo Manga,5874005,4.49,"€4,49/lt",Delizum,Bebidas e Garrafeira/Sumos e Refrigerantes/Sumos de Fruta,https://www.continente.pt/dw/image/v2/BDVS_PRD/on/demandware.static/-/Sites-col-master-catalog/default/dwbabf08b9/col/587/5874005.jpg?sw=280&sh=280,emb. 1 lt,https://www.continente.pt/produto/sumo-manga-delizum-5874005.html,biologicos,2025-04-21,Continente
Creme de Pés Hidratação Profunda,7801617,5.99,"€59,90/lt",Soft&Co,Beleza e Higiene/Corpo/Cuidados de Mãos e Pés,https://www.continente.pt/dw/image/v2/BDVS_PRD/on/demandware.static/-/Sites-col-master-catalog/default/dwf5162766/images/col/780/7801617-frente.jpg?sw=280&sh=280,emb. 100 ml,https://www.continente.pt/produto/creme-de-pes-hidratacao-profunda-soft-co-7801617.html,biologicos,2025-04-21,Continente
Suplemento Alimentar Geleia Kids,7523143,4.95,"€0,41/un",Supla,Bio e Saudável/Suplementos e Vitaminas,https://www.continente.pt/dw/image/v2/BDVS_PRD/on/demandware.static/-/Sites-col-master-catalog/default/dwe8ff634c/images/col/752/7523143-frente.jpg?sw=280&sh=280,emb. 12 un,https://www.continente.pt/produto/suplemento-alimentar-geleia-kids-supla-7523143.html,biologicos,2025-04-21,Continente
Farinha para Pão sem Glúten,7116704,2.69,"€2,69/kg",Continente,"Mercearia/Arroz, Massa e Farinha/Farinha e Pão Ralado",https://www.continente.pt/dw/image/v2/BDVS_PRD/on/demandware.static/-/Sites-col-master-catalog/default/dwa5670cbc/images/col/711/7116704-frente.jpg?sw=280&sh=280,emb. 1 kg,https://www.continente.pt/produto/farinha-para-pao-sem-gluten-continente-7116704.html,biologicos,2025-04-21,Continente
Barra Energética Gelatina Maçã,7978709,1.65,"€55,00/kg",Gold Nutrition,Bio e Saudável/Nutrição Desportiva/Barras e Snacks,https://www.continente.pt/dw/image/v2/BDVS_PRD/on/demandware.static/-/Sites-col-master-catalog/default/dw3a71ab35/images/col/797/7978709-frente.jpg?sw=280&sh=280,emb. 30 gr,https://www.continente.pt/produto/barra-energetica-gelatina-maca-gold-nutrition-7978709.html,biologicos,2025-04-21,Continente
Creme de Pés Anti-Calosidades,7801616,6.99,"€69,90/lt",Soft&Co,Beleza e Higiene/Corpo/Cuidados de Mãos e Pés,https://www.continente.pt/dw/image/v2/BDVS_PRD/on/demandware.static/-/Sites-col-master-catalog/default/dw766e196c/images/col/780/7801616-frente.jpg?sw=280&sh=280,emb. 100 ml,https://www.continente.pt/produto/creme-de-pes-anti-calosidades-soft-co-7801616.html,biologicos,2025-04-21,Continente
Piadina sem Glúten,8091436,3.59,"€17,95/kg",Nutrifree,"Frescos/Padaria e Pastelaria/Pão de Hambúrguer, Cachorro e Wraps",https://www.continente.pt/dw/image/v2/BDVS_PRD/on/demandware.static/-/Sites-col-master-catalog/default/dw86f6b1f8/images/col/809/8091436-frente.png?sw=280&sh=280,emb. 200 gr,https://www.continente.pt/produto/piadina-sem-gluten-nutrifree-8091436.html,biologicos,2025-04-21,Continente
Óleo Corpo Camelina,8122046,9.99,"€249,75/lt",Soft&Co,Beleza e Higiene/Corpo/Cremes e Loções,https://www.continente.pt/dw/image/v2/BDVS_PRD/on/demandware.static/-/Sites-col-master-catalog/default/dw63abc56d/images/col/812/8122046-frente.png?sw=280&sh=280,emb. 40 ml,https://www.continente.pt/produto/oleo-corpo-camelina-soft-co-8122046.html,biologicos,2025-04-21,Continente
Tortilhas sem Glúten,7640107,3.49,"€16,16/kg",Mission,"Frescos/Padaria e Pastelaria/Pão de Hambúrguer, Cachorro e Wraps",https://www.continente.pt/dw/image/v2/BDVS_PRD/on/demandware.static/-/Sites-col-master-catalog/default/dw55d331f5/images/col/764/7640107-frente.jpg?sw=280&sh=280,emb. 216 gr (6 un),https://www.continente.pt/produto/tortilhas-sem-gluten-mission-7640107.html,biologicos,2025-04-21,Continente
Condicionador Sem Sal Água de Hibisco,7132079,7.49,"€19,45/lt",Maui Moisture,Beleza e Higiene/Cabelo/Condicionadores,https://www.continente.pt/dw/image/v2/BDVS_PRD/on/demandware.static/-/Sites-col-master-catalog/default/dwde896184/images/col/713/7132079-frente.jpg?sw=280&sh=280,emb. 385 ml,https://www.continente.pt/produto/condicionador-sem-sal-agua-de-hibisco-maui-moisture-7132079.html,biologicos,2025-04-21,Continente
Óleo Corpo Bakuchiol,8122039,9.99,"€249,75/lt",Soft&Co,Beleza e Higiene/Corpo/Cremes e Loções,https://www.continente.pt/dw/image/v2/BDVS_PRD/on/demandware.static/-/Sites-col-master-catalog/default/dw25d08815/images/col/812/8122039-frente.png?sw=280&sh=280,emb. 40 ml,https://www.continente.pt/produto/oleo-corpo-bakuchiol-soft-co-8122039.html,biologicos,2025-04-21,Continente
Couve Roxa Biológica,7724899,2.49,"€4,98/kg",Horto S. Silvestre,"Frescos/Legumes/Couves, Brócolos e Espinafres",https://www.continente.pt/dw/image/v2/BDVS_PRD/on/demandware.static/-/Sites-col-master-catalog/default/dwb86c9095/images/col/772/7724899-frente.jpg?sw=280&sh=280,emb. 500 gr,https://www.continente.pt/produto/couve-roxa-biologica-horto-s.-silvestre-7724899.html,biologicos,2025-04-21,Continente
Chupas Original sem Glúten,2451347,3.4,"€28,33/kg",Chupa Chups,"Mercearia/Chocolate, Gomas e Rebuçados/Gomas, Pastilhas e Rebuçados",https://www.continente.pt/dw/image/v2/BDVS_PRD/on/demandware.static/-/Sites-col-master-catalog/default/dw7384fdab/images/col/245/2451347-frente.jpg?sw=280&sh=280,emb. 120 gr (10 un),https://www.continente.pt/produto/chupas-original-sem-gluten-chupa-chups-2451347.html,biologicos,2025-04-21,Continente
Exfoliante Corpo Arroz e Óleo de Coco,7144279,7.35,"€36,75/lt",Body Natur,Beleza e Higiene/Corpo/Cremes e Loções,https://www.continente.pt/dw/image/v2/BDVS_PRD/on/demandware.static/-/Sites-col-master-catalog/default/dwd4c3a61b/images/col/714/7144279-frente.jpg?sw=280&sh=280,emb. 200 ml,https://www.continente.pt/produto/exfoliante-corpo-arroz-e-oleo-de-coco-body-natur-7144279.html,biologicos,2025-04-21,Continente
Matcha em Pó,7522852,5.99,"€85,57/kg",Supla,Bio e Saudável/Suplementos e Vitaminas/Outros Suplementos,https://www.continente.pt/dw/image/v2/BDVS_PRD/on/demandware.static/-/Sites-col-master-catalog/default/dw772e32c9/images/col/752/7522852-frente.jpg?sw=280&sh=280,emb. 70 gr,https://www.continente.pt/produto/matcha-em-po-supla-7522852.html,biologicos,2025-04-21,Continente
Mistura de Farinha de Amêndoa sem Glúten,8195502,6.99,"€17,48/kg",Donys,"Mercearia/Arroz, Massa e Farinha/Farinha e Pão Ralado",https://www.continente.pt/dw/image/v2/BDVS_PRD/on/demandware.static/-/Sites-col-master-catalog/default/dw26ad0055/images/col/819/8195502-frente.png?sw=280&sh=280,emb. 400 gr,https://www.continente.pt/produto/mistura-de-farinha-de-amendoa-sem-gluten-donys-8195502.html,biologicos,2025-04-21,Continente
Suplemento Alimentar Extra Vitaminas de A a Z,6253203,7.89,"€0,26/un",Planta Natur,Bio e Saudável/Suplementos e Vitaminas,https://www.continente.pt/dw/image/v2/BDVS_PRD/on/demandware.static/-/Sites-col-master-catalog/default/dwf31ddfe7/images/col/625/6253203-direito.jpg?sw=280&sh=280,emb. 30 un,https://www.continente.pt/produto/suplemento-alimentar-extra-vitaminas-de-a-a-z-planta-natur-6253203.html,biologicos,2025-04-21,Continente
Bebida Vegetal de Soja Cálcio,7924564,2.09,"€2,09/lt",Happy Soya,Laticínios e Ovos/Bebidas Vegetais/Bebida Soja,https://www.continente.pt/dw/image/v2/BDVS_PRD/on/demandware.static/-/Sites-col-master-catalog/default/dw229dd017/images/col/792/7924564-esquerdo.jpg?sw=280&sh=280,emb. 1 lt,https://www.continente.pt/produto/bebida-vegetal-de-soja-calcio-happy-soya-7924564.html,biologicos,2025-04-21,Continente
Creme de Mãos Hyaluronic Boost,7052650,1.98,"€19,80/lt",Bioten,Beleza e Higiene/Corpo/Cuidados de Mãos e Pés,https://www.continente.pt/dw/image/v2/BDVS_PRD/on/demandware.static/-/Sites-col-master-catalog/default/dw60bed4b3/images/col/705/7052650-frente.jpg?sw=280&sh=280,emb. 100 ml,https://www.continente.pt/produto/creme-de-maos-hyaluronic-boost-bioten-7052650.html,biologicos,2025-04-21,Continente
Tofu Natural,7274196,3.49,"€11,63/kg",Origens Bio,Bio e Saudável/Vegetariano/Tofu e Seitan,https://www.continente.pt/dw/image/v2/BDVS_PRD/on/demandware.static/-/Sites-col-master-catalog/default/dwa379e386/images/col/727/7274196-frente.jpg?sw=280&sh=280,emb. 300 gr,https://www.continente.pt/produto/tofu-natural-origens-bio-7274196.html,biologicos,2025-04-21,Continente
Foodie Chocolate,7802735,4.85,"€12,13/lt",Ehrmann,Frescos/Take Away,https://www.continente.pt/dw/image/v2/BDVS_PRD/on/demandware.static/-/Sites-col-master-catalog/default/dw16bc3069/images/col/780/7802735-frente.png?sw=280&sh=280,emb. 400 ml,https://www.continente.pt/produto/foodie-chocolate-ehrmann-7802735.html,biologicos,2025-04-21,Continente
"Mistura para Muffins Maçã, Canela e Gengibre sem Glúten",7227860,5.24,"€14,97/kg",Shine,Mercearia/Açúcar e Sobremesas/Preparados para Mousses e Bolos,https://www.continente.pt/dw/image/v2/BDVS_PRD/on/demandware.static/-/Sites-col-master-catalog/default/dwf2526605/images/col/722/7227860-frente.jpg?sw=280&sh=280,emb. 350 gr,https://www.continente.pt/produto/mistura-para-muffins-maca-canela-e-gengibre-sem-gluten-shine-7227860.html,biologicos,2025-04-21,Continente
Barra Energética Gelatina Cola com Cafeína,7978721,1.65,"€55,00/kg",Gold Nutrition,Bio e Saudável/Nutrição Desportiva/Barras e Snacks,https://www.continente.pt/dw/image/v2/BDVS_PRD/on/demandware.static/-/Sites-col-master-catalog/default/dw22b16872/images/col/797/7978721-frente.jpg?sw=280&sh=280,emb. 30 gr,https://www.continente.pt/produto/barra-energetica-gelatina-cola-com-cafeina-gold-nutrition-7978721.html,biologicos,2025-04-21,Continente
Aveia Instantânea,7831516,3.49,"€2,79/kg",Way Up,Mercearia/Cereais e Barras/Flocos e Papas de Aveia,https://www.continente.pt/dw/image/v2/BDVS_PRD/on/demandware.static/-/Sites-col-master-catalog/default/dw48192b63/images/col/783/7831516-frente.jpg?sw=280&sh=280,"emb. 1,25 kg",https://www.continente.pt/produto/aveia-instantanea-way-up-7831516.html,biologicos,2025-04-21,Continente
Infusão Ananás e Gengibre H2O Anti-Ox,7986618,4.99,"€69,31/kg",Prozis,Bio e Saudável/Nutrição Desportiva,https://www.continente.pt/dw/image/v2/BDVS_PRD/on/demandware.static/-/Sites-col-master-catalog/default/dw33012468/images/col/798/7986618-esquerdo.jpg?sw=280&sh=280,emb. 8 x 9 gr,https://www.continente.pt/produto/infusao-ananas-e-gengibre-h2o-anti-ox-prozis-7986618.html,biologicos,2025-04-21,Continente
Milho Painço Millet,2758489,2.59,"€5,18/kg",Seara,"Mercearia/Arroz, Massa e Farinha/Couscous, Quinoa, Bulgur e Outros",https://www.continente.pt/dw/image/v2/BDVS_PRD/on/demandware.static/-/Sites-col-master-catalog/default/dwe1a701c7/images/col/275/2758489-frente.jpg?sw=280&sh=280,emb. 500 gr,https://www.continente.pt/produto/milho-painco-millet-seara-2758489.html,biologicos,2025-04-21,Continente
Máquina Depilatória Venus Comfortglide Breeze com 2 Recargas,7866816,6.0,"€6,00/un",Gillette,Beleza e Higiene/Corpo/Depilação e Descoloração,https://www.continente.pt/dw/image/v2/BDVS_PRD/on/demandware.static/-/Sites-col-master-catalog/default/dw3ad2616f/images/col/786/7866816-hero.png?sw=280&sh=280,emb. 1 un,https://www.continente.pt/produto/maquina-depilatoria-venus-comfortglide-breeze-com-2-recargas-gillette-7866816.html,biologicos,2025-04-21,Continente
Muesli Proteína Chocolate,7461729,5.39,"€13,47/kg",Prozis,Mercearia/Cereais e Barras/Muesli e Granola,https://www.continente.pt/dw/image/v2/BDVS_PRD/on/demandware.static/-/Sites-col-master-catalog/default/dwd3c878bf/images/col/746/7461729-frente.jpg?sw=280&sh=280,emb. 400 gr,https://www.continente.pt/produto/muesli-proteina-chocolate-prozis-7461729.html,biologicos,2025-04-21,Continente
Farinha de Mandioca Fubá sem Glúten,7286806,2.24,"€4,48/kg",Yoki,"Mercearia/Arroz, Massa e Farinha/Farinha e Pão Ralado",https://www.continente.pt/dw/image/v2/BDVS_PRD/on/demandware.static/-/Sites-col-master-catalog/default/dw1092d8c8/images/col/728/7286806-frente.jpg?sw=280&sh=280,emb. 500 gr,https://www.continente.pt/produto/farinha-de-mandioca-fuba-sem-gluten-yoki-7286806.html,biologicos,2025-04-21,Continente
Champô Nutre e Hidrata Leite de Coco,7132096,7.49,"€19,45/lt",Maui Moisture,Beleza e Higiene/Cabelo/Champôs,https://www.continente.pt/dw/image/v2/BDVS_PRD/on/demandware.static/-/Sites-col-master-catalog/default/dw9f41d438/images/col/713/7132096-frente.jpg?sw=280&sh=280,emb. 385 ml,https://www.continente.pt/produto/champo-nutre-e-hidrata-leite-de-coco-maui-moisture-7132096.html,biologicos,2025-04-21,Continente
Geleia de Agave,4668254,7.05,"€14,10/kg",Seara,Mercearia/Açúcar e Sobremesas/Açúcar e Adoçante,https://www.continente.pt/dw/image/v2/BDVS_PRD/on/demandware.static/-/Sites-col-master-catalog/default/dw01345622/images/col/466/4668254-frente.jpg?sw=280&sh=280,emb. 500 gr,https://www.continente.pt/produto/geleia-de-agave-seara-4668254.html,biologicos,2025-04-21,Continente
Massa com Molho Cremoso de Cogumelos,8366656,2.32,"€15,47/kg",Knorr,Mercearia/Sopas e Refeições/Refeições,https://www.continente.pt/dw/image/v2/BDVS_PRD/on/demandware.static/-/Sites-col-master-catalog/default/dwca507f43/images/col/836/8366656-hero.jpg?sw=280&sh=280,emb. 150 gr,https://www.continente.pt/produto/massa-com-molho-cremoso-de-cogumelos-knorr-8366656.html,biologicos,2025-04-21,Continente
Papa Infantil Farinha Não Láctea Cereais +4M sem Glúten,7487817,3.99,"€11,74/kg",Hero Baby,Mercearia/Alimentação Infantil/Papas Infantis,https://www.continente.pt/dw/image/v2/BDVS_PRD/on/demandware.static/-/Sites-col-master-catalog/default/dwfd0f4687/images/col/748/7487817-esquerdo.jpg?sw=280&sh=280,emb. 340 gr,https://www.continente.pt/produto/papa-infantil-farinha-nao-lactea-cereais-4m-sem-gluten-hero-baby-7487817.html,biologicos,2025-04-21,Continente
Suplemento Alimentar Maca,6226936,10.3,"€0,17/un",Mais Saudável,Bio e Saudável/Suplementos e Vitaminas,https://www.continente.pt/dw/image/v2/BDVS_PRD/on/demandware.static/-/Sites-col-master-catalog/default/dw427a8d17/images/col/622/6226936-direito.jpg?sw=280&sh=280,emb. 60 un,https://www.continente.pt/produto/suplemento-alimentar-maca-mais-saudavel-6226936.html,biologicos,2025-04-21,Continente
Gomas Imunidade Vitamina C,8052159,9.99,"€0,20/un",V-Gummies,undefined,https://www.continente.pt/dw/image/v2/BDVS_PRD/on/demandware.static/-/Sites-col-master-catalog/default/dw16fe6e2b/images/col/805/8052159-frente.png?sw=280&sh=280,emb. 50 un,https://www.continente.pt/produto/gomas-imunidade-vitamina-c-v-gummies-8052159.html,biologicos,2025-04-21,Continente
Creme Muda Fraldas Calmante Bio,7506191,7.99,"€79,90/lt",Corine de Farme,Bebé/Banho e Higiene/Proteção e Hidratação,https://www.continente.pt/dw/image/v2/BDVS_PRD/on/demandware.static/-/Sites-col-master-catalog/default/dw18f9b05e/images/col/750/7506191-frente.jpg?sw=280&sh=280,emb. 100 ml,https://www.continente.pt/produto/creme-muda-fraldas-calmante-bio-corine-de-farme-7506191.html,biologicos,2025-04-21,Continente
Ultra Cardo Mariano,6253221,7.95,"€0,27/un",Planta Natur,Bio e Saudável/Suplementos e Vitaminas,https://www.continente.pt/dw/image/v2/BDVS_PRD/on/demandware.static/-/Sites-col-master-catalog/default/dwe7427ef8/images/col/625/6253221-direito.jpg?sw=280&sh=280,emb. 30 un,https://www.continente.pt/produto/ultra-cardo-mariano-planta-natur-6253221.html,biologicos,2025-04-21,Continente
Máscara Cabelo Fructis Hair Food Papaia,7759424,5.84,"€14,60/lt",Garnier,Beleza e Higiene/Cabelo/Máscaras e Tratamentos,https://www.continente.pt/dw/image/v2/BDVS_PRD/on/demandware.static/-/Sites-col-master-catalog/default/dwf47c8a11/images/col/775/7759424-hero.jpg?sw=280&sh=280,emb. 400 ml,https://www.continente.pt/produto/mascara-cabelo-fructis-hair-food-papaia-garnier-7759424.html,biologicos,2025-04-21,Continente
Mistura para Banana Bread Biológica sem Glúten,7227855,5.59,"€15,97/kg",Shine,Bio e Saudável/Nutrição Desportiva/Aveia Instantânea e Preparados,https://www.continente.pt/dw/image/v2/BDVS_PRD/on/demandware.static/-/Sites-col-master-catalog/default/dw0adbe14b/images/col/722/7227855-frente.jpg?sw=280&sh=280,emb. 350 gr,https://www.continente.pt/produto/mistura-para-banana-bread-biologica-sem-gluten-shine-7227855.html,biologicos,2025-04-21,Continente
Exfoliante Corpo,7801755,8.99,"€35,96/lt",Soft&Co,Beleza e Higiene/Corpo/Cremes e Loções,https://www.continente.pt/dw/image/v2/BDVS_PRD/on/demandware.static/-/Sites-col-master-catalog/default/dwbf443a7b/images/col/780/7801755-frente.jpg?sw=280&sh=280,emb. 250 ml,https://www.continente.pt/produto/exfoliante-corpo-soft-co-7801755.html,biologicos,2025-04-21,Continente
Gomas Sortido Party Mix sem Glúten,6043643,3.19,"€7,60/kg",Continente Infantil,"Mercearia/Chocolate, Gomas e Rebuçados/Gomas, Pastilhas e Rebuçados",https://www.continente.pt/dw/image/v2/BDVS_PRD/on/demandware.static/-/Sites-col-master-catalog/default/dwaf8a17d2/images/col/604/6043643-frente.jpg?sw=280&sh=280,emb. 420 gr,https://www.continente.pt/produto/gomas-sortido-party-mix-sem-gluten-continente-infantil-6043643.html,biologicos,2025-04-21,Continente
Proteína Whey Chocolate Saqueta,7795357,0.99,"€33,00/kg",Way Up,Bio e Saudável/Nutrição Desportiva/Energia e Proteína,https://www.continente.pt/dw/image/v2/BDVS_PRD/on/demandware.static/-/Sites-col-master-catalog/default/dw29dbc2ec/images/col/779/7795357-frente.jpg?sw=280&sh=280,emb. 30 gr,https://www.continente.pt/produto/proteina-whey-chocolate-saqueta-way-up-7795357.html,biologicos,2025-04-21,Continente
Óleo Corpo Hidratação Coco,7619736,6.99,"€6,99/un",Soft&Co,Beleza e Higiene/Corpo/Cremes e Loções,https://www.continente.pt/dw/image/v2/BDVS_PRD/on/demandware.static/-/Sites-col-master-catalog/default/dw0ae38ffc/images/col/761/7619736-frente.jpg?sw=280&sh=280,emb. 100 ml,https://www.continente.pt/produto/oleo-corpo-hidratacao-coco-soft-co-7619736.html,biologicos,2025-04-21,Continente
Suplemento L-Carnitina,7523137,8.99,"€0,60/m",Way Up,Bio e Saudável/Nutrição Desportiva/Energia e Proteína,https://www.continente.pt/dw/image/v2/BDVS_PRD/on/demandware.static/-/Sites-col-master-catalog/default/dw385a9101/images/col/752/7523137-hero.jpg?sw=280&sh=280,emb. 15 un,https://www.continente.pt/produto/suplemento-l-carnitina-way-up-7523137.html,biologicos,2025-04-21,Continente
Pão Ancestral Biológico,6531313,3.64,"€9,10/kg",Pachamama,Bio e Saudável/Biológicos/Padaria e Pastelaria,https://www.continente.pt/dw/image/v2/BDVS_PRD/on/demandware.static/-/Sites-col-master-catalog/default/dw3c881726/images/col/653/6531313-frente.jpg?sw=280&sh=280,emb. 400 gr (1 un),https://www.continente.pt/produto/pao-ancestral-biologico-pachamama-6531313.html,biologicos,2025-04-21,Continente
Bebida Vegetal de Aveia,6613182,2.99,"€2,99/lt",Bjorg,Laticínios e Ovos/Bebidas Vegetais/Bebida Aveia,https://www.continente.pt/dw/image/v2/BDVS_PRD/on/demandware.static/-/Sites-col-master-catalog/default/dw1ff98109/images/col/661/6613182-frente.JPG?sw=280&sh=280,emb. 1 lt,https://www.continente.pt/produto/bebida-vegetal-de-aveia-bjorg-6613182.html,biologicos,2025-04-21,Continente
Creme para Barrar Proteico Chocolate e Avelã,7925720,3.99,"€19,95/kg",Way Up,"Mercearia/Compotas, Cremes e Mel/Nutella e Cremes de Barrar",https://www.continente.pt/dw/image/v2/BDVS_PRD/on/demandware.static/-/Sites-col-master-catalog/default/dw2c970199/images/col/792/7925720-frente.jpg?sw=280&sh=280,emb. 200 gr,https://www.continente.pt/produto/creme-para-barrar-proteico-chocolate-e-avela-way-up-7925720.html,biologicos,2025-04-21,Continente
Máscara Cabelo Fructis Hair Food Banana,7746224,5.84,"€14,60/lt",Garnier,Beleza e Higiene/Cabelo/Máscaras e Tratamentos,https://www.continente.pt/dw/image/v2/BDVS_PRD/on/demandware.static/-/Sites-col-master-catalog/default/dwaec05db4/images/col/774/7746224-hero.png?sw=280&sh=280,emb. 400 ml,https://www.continente.pt/produto/mascara-cabelo-fructis-hair-food-banana-garnier-7746224.html,biologicos,2025-04-21,Continente
Bolo com Creme de Ovo sem Glúten,7917120,8.99,"€21,93/kg",San Martín,Frescos/Padaria e Pastelaria/Bolos e Sobremesas,https://www.continente.pt/dw/image/v2/BDVS_PRD/on/demandware.static/-/Sites-col-master-catalog/default/dw85a45474/images/col/791/7917120-cima-direito.png?sw=280&sh=280,emb. 410 gr,https://www.continente.pt/produto/bolo-com-creme-de-ovo-sem-gluten-san-martin-7917120.html,biologicos,2025-04-21,Continente
Farinha Mistura Culinária sem Glúten,7116708,2.69,"€2,69/kg",Continente,"Mercearia/Arroz, Massa e Farinha/Farinha e Pão Ralado",https://www.continente.pt/dw/image/v2/BDVS_PRD/on/demandware.static/-/Sites-col-master-catalog/default/dw92174fc6/images/col/711/7116708-frente.jpg?sw=280&sh=280,emb. 1 kg,https://www.continente.pt/produto/farinha-mistura-culinaria-sem-gluten-continente-7116708.html,biologicos,2025-04-21,Continente
Gel Corpo Anti-celulite Slim,6131969,7.69,"€51,27/lt",Bioten,Beleza e Higiene/Corpo/Cremes e Loções,https://www.continente.pt/dw/image/v2/BDVS_PRD/on/demandware.static/-/Sites-col-master-catalog/default/dw603d3ee5/images/col/613/6131969-frente.jpg?sw=280&sh=280,emb. 150 ml,https://www.continente.pt/produto/gel-corpo-anti-celulite-slim-bioten-6131969.html,biologicos,2025-04-21,Continente
Máscara Cabelo Ultra Suave Água de Arroz,7970698,4.75,"€13,97/lt",Garnier,Beleza e Higiene/Cabelo/Máscaras e Tratamentos,https://www.continente.pt/dw/image/v2/BDVS_PRD/on/demandware.static/-/Sites-col-master-catalog/default/dwd80c4857/images/col/797/7970698-hero.jpg?sw=280&sh=280,emb. 340 ml,https://www.continente.pt/produto/mascara-cabelo-ultra-suave-agua-de-arroz-garnier-7970698.html,biologicos,2025-04-21,Continente
Suplemento de Colagénio,7523146,7.99,"€0,27/un",Supla,Bio e Saudável/Suplementos e Vitaminas,https://www.continente.pt/dw/image/v2/BDVS_PRD/on/demandware.static/-/Sites-col-master-catalog/default/dw46bf36ec/images/col/752/7523146-frente.jpg?sw=280&sh=280,emb. 30 un,https://www.continente.pt/produto/suplemento-de-colagenio-supla-7523146.html,biologicos,2025-04-21,Continente
Proteína Vegetal Cacau,7714536,1.75,"€54,69/kg",Bettery,Bio e Saudável/Nutrição Desportiva/Energia e Proteína,https://www.continente.pt/dw/image/v2/BDVS_PRD/on/demandware.static/-/Sites-col-master-catalog/default/dwf862b7a3/images/col/771/7714536-frente.jpg?sw=280&sh=280,emb. 32 gr,https://www.continente.pt/produto/proteina-vegetal-cacau-bettery-7714536.html,biologicos,2025-04-21,Continente
Creme para Barrar,7657295,1.79,"€7,62/kg",St Hubert,Laticínios e Ovos/Manteigas e Cremes para Barrar/Cremes para Barrar,https://www.continente.pt/dw/image/v2/BDVS_PRD/on/demandware.static/-/Sites-col-master-catalog/default/dw213d8e7b/images/col/765/7657295-frente.jpg?sw=280&sh=280,emb. 235 gr,https://www.continente.pt/produto/creme-para-barrar-st-hubert-7657295.html,biologicos,2025-04-21,Continente
Snack Proteína Pistácio e Chocolate Branco sem Glúten,8079336,1.68,"€62,22/kg",Enervit,Bio e Saudável/Suplementos e Vitaminas/Controlo de Peso e Drenantes,https://www.continente.pt/dw/image/v2/BDVS_PRD/on/demandware.static/-/Sites-col-master-catalog/default/dwe5dd9ecf/images/col/807/8079336-frente.png?sw=280&sh=280,emb. 27 gr,https://www.continente.pt/produto/snack-proteina-pistacio-e-chocolate-branco-sem-gluten-enervit-8079336.html,biologicos,2025-04-21,Continente
Kit Cabelo Super Alisamento,7847222,9.99,"€9,99/un",Happy Anne,Beleza e Higiene/Cabelo/Máscaras e Tratamentos,https://www.continente.pt/dw/image/v2/BDVS_PRD/on/demandware.static/-/Sites-col-master-catalog/default/dwfde2598e/images/col/784/7847222-frente.jpg?sw=280&sh=280,emb. 1 un,https://www.continente.pt/produto/kit-cabelo-super-alisamento-happy-anne-7847222.html,biologicos,2025-04-21,Continente
Máscara Cabelo Fructis Hair Food Cacau,7526142,5.84,"€14,97/lt",Garnier,Beleza e Higiene/Cabelo/Máscaras e Tratamentos,https://www.continente.pt/dw/image/v2/BDVS_PRD/on/demandware.static/-/Sites-col-master-catalog/default/dwa0c32a23/images/col/752/7526142-hero.jpg?sw=280&sh=280,emb. 390 ml,https://www.continente.pt/produto/mascara-cabelo-fructis-hair-food-cacau-garnier-7526142.html,biologicos,2025-04-21,Continente
Suplemento Alimentar Onagra,6226941,7.09,"€0,24/un",Mais Saudável,Bio e Saudável/Suplementos e Vitaminas,https://www.continente.pt/dw/image/v2/BDVS_PRD/on/demandware.static/-/Sites-col-master-catalog/default/dw86c5c4bb/images/col/622/6226941-direito.jpg?sw=280&sh=280,emb. 30 un,https://www.continente.pt/produto/suplemento-alimentar-onagra-mais-saudavel-6226941.html,biologicos,2025-04-21,Continente
Hambúrguer de Soja com Aveia,4086851,3.49,"€21,81/kg",Cem Porcento,Frescos/Take Away/Vegetariano e Vegan/Pronto a Cozinhar,https://www.continente.pt/dw/image/v2/BDVS_PRD/on/demandware.static/-/Sites-col-master-catalog/default/dwf884cebc/images/col/408/4086851-direito.jpg?sw=280&sh=280,emb. 150 gr,https://www.continente.pt/produto/hamburguer-de-soja-com-aveia-cem-porcento-4086851.html,biologicos,2025-04-21,Continente
Spray Limpa e Protege Peles,2924231,5.19,"€20,76/lt",Búfalo,Limpeza/Roupa/Limpeza do Calçado/Produtos de Limpeza do Calçado,https://www.continente.pt/dw/image/v2/BDVS_PRD/on/demandware.static/-/Sites-col-master-catalog/default/dwab55b0a1/images/col/292/2924231-frente.jpg?sw=280&sh=280,emb. 250 ml,https://www.continente.pt/produto/spray-limpa-e-protege-peles-bufalo-2924231.html,biologicos,2025-04-21,Continente
Pão Redondo Biológico,7696298,2.49,"€6,23/kg",,Bio e Saudável/Biológicos/Padaria e Pastelaria,https://www.continente.pt/dw/image/v2/BDVS_PRD/on/demandware.static/-/Sites-col-master-catalog/default/dw7b4fbcd9/images/col/769/7696298-cima.jpg?sw=280&sh=280,emb. 400 gr (1 un),https://www.continente.pt/produto/pao-redondo-biologico-7696298.html,biologicos,2025-04-21,Continente
Condicionador sem Sal Ultra Nutritivo,7847223,5.25,"€5,25/un",Happy Anne,Beleza e Higiene/Cabelo/Condicionadores,https://www.continente.pt/dw/image/v2/BDVS_PRD/on/demandware.static/-/Sites-col-master-catalog/default/dw2a00333e/images/col/784/7847223-frente.jpg?sw=280&sh=280,emb. 340 ml,https://www.continente.pt/produto/condicionador-sem-sal-ultra-nutritivo-happy-anne-7847223.html,biologicos,2025-04-21,Continente
Champô Ultra Suave Leite de Coco e Macadâmia,6175081,3.69,"€14,76/lt",Garnier,Beleza e Higiene/Cabelo/Champôs,https://www.continente.pt/dw/image/v2/BDVS_PRD/on/demandware.static/-/Sites-col-master-catalog/default/dwa5a1eb5d/images/col/617/6175081-frente.jpg?sw=280&sh=280,emb. 250 ml,https://www.continente.pt/produto/champo-ultra-suave-leite-de-coco-e-macadamia-garnier-6175081.html,biologicos,2025-04-21,Continente
Saqueta de Fruta Proteína Frutos Vermelhos,8200104,1.39,"€1,39/un",Way Up,Bio e Saudável/Nutrição Desportiva/Energia e Proteína,https://www.continente.pt/dw/image/v2/BDVS_PRD/on/demandware.static/-/Sites-col-master-catalog/default/dw996b1b1a/images/col/820/8200104-frente.jpg?sw=280&sh=280,emb. 120 gr,https://www.continente.pt/produto/saqueta-de-fruta-proteina-frutos-vermelhos-way-up-8200104.html,biologicos,2025-04-21,Continente
Rebuçados de Limão e Melisa sem Glúten,4022143,2.59,"€25,90/kg",Mentolin,"Mercearia/Chocolate, Gomas e Rebuçados/Gomas, Pastilhas e Rebuçados",https://www.continente.pt/dw/image/v2/BDVS_PRD/on/demandware.static/-/Sites-col-master-catalog/default/dw46fdf646/images/col/402/4022143-frente.jpg?sw=280&sh=280,emb. 100 gr,https://www.continente.pt/produto/rebucados-de-limao-e-melisa-sem-gluten-mentolin-4022143.html,biologicos,2025-04-21,Continente
Óleo Corpo Essencial de Lavanda,7379729,5.24,"€131,00/lt",Soft&Co,Beleza e Higiene/Corpo/Cremes e Loções,https://www.continente.pt/dw/image/v2/BDVS_PRD/on/demandware.static/-/Sites-col-master-catalog/default/dwdb212426/images/col/737/7379729-frente.jpg?sw=280&sh=280,emb. 40 ml,https://www.continente.pt/produto/oleo-corpo-essencial-de-lavanda-soft-co-7379729.html,biologicos,2025-04-21,Continente
Gel Corpo Anti-celulite,4878301,7.03,"€35,15/lt",Bioten,Beleza e Higiene/Corpo/Cremes e Loções,https://www.continente.pt/dw/image/v2/BDVS_PRD/on/demandware.static/-/Sites-col-master-catalog/default/dwd4e2fc61/images/col/487/4878301-frente.jpg?sw=280&sh=280,emb. 200 ml,https://www.continente.pt/produto/gel-corpo-anti-celulite-bioten-4878301.html,biologicos,2025-04-21,Continente
Suplemento Calcium+Magnesium,7413818,6.99,"€0,08/un",Zumub,Bio e Saudável/Nutrição Desportiva/Energia e Proteína,https://www.continente.pt/dw/image/v2/BDVS_PRD/on/demandware.static/-/Sites-col-master-catalog/default/dw61cb497c/images/col/741/7413818-frente.jpg?sw=280&sh=280,emb.90 cápsulas,https://www.continente.pt/produto/suplemento-calciummagnesium-zumub-7413818.html,biologicos,2025-04-21,Continente
Papa Infantil Láctea Arroz 1ª Papa +6M sem Glúten,4315746,3.04,"€12,16/kg",Cerelac,Mercearia/Alimentação Infantil/Papas Infantis,https://www.continente.pt/dw/image/v2/BDVS_PRD/on/demandware.static/-/Sites-col-master-catalog/default/dwcf551a43/images/col/431/4315746-frente.png?sw=280&sh=280,emb. 250 gr,https://www.continente.pt/produto/papa-infantil-lactea-arroz-1-papa-6m-sem-gluten-cerelac-4315746.html,biologicos,2025-04-21,Continente
Probacil Equilíbrio e Bem-Estar,7925365,8.29,"€0,28/un",NaturScience,Bio e Saudável/Suplementos e Vitaminas/Outros Suplementos,https://www.continente.pt/dw/image/v2/BDVS_PRD/on/demandware.static/-/Sites-col-master-catalog/default/dwccc0b6f2/images/col/792/7925365-esquerdo.jpg?sw=280&sh=280,emb. 30 un,https://www.continente.pt/produto/probacil-equilibrio-e-bem-estar-naturscience-7925365.html,biologicos,2025-04-21,Continente
Gel Corpo Bodyshape Total Remodeler,5844342,7.03,"€35,15/lt",Bioten,Beleza e Higiene/Corpo/Cremes e Loções,https://www.continente.pt/dw/image/v2/BDVS_PRD/on/demandware.static/-/Sites-col-master-catalog/default/dw0707b514/images/col/584/5844342-frente.jpg?sw=280&sh=280,emb. 200 ml,https://www.continente.pt/produto/gel-corpo-bodyshape-total-remodeler-bioten-5844342.html,biologicos,2025-04-21,Continente
Sérum Facial Glow Lifting,7801739,6.99,"€233,00/lt",Soft&Co,Beleza e Higiene/Rosto/Antirrugas e Refirmantes,https://www.continente.pt/dw/image/v2/BDVS_PRD/on/demandware.static/-/Sites-col-master-catalog/default/dwc1a25636/images/col/780/7801739-frente.jpg?sw=280&sh=280,emb. 30 ml,https://www.continente.pt/produto/serum-facial-glow-lifting-soft-co-7801739.html,biologicos,2025-04-21,Continente
Levedura de Cerveja em Flocos,7522760,3.99,"€31,92/kg",Supla,Bio e Saudável/Suplementos e Vitaminas/Outros Suplementos,https://www.continente.pt/dw/image/v2/BDVS_PRD/on/demandware.static/-/Sites-col-master-catalog/default/dw37476858/images/col/752/7522760-frente.jpg?sw=280&sh=280,emb. 125 gr,https://www.continente.pt/produto/levedura-de-cerveja-em-flocos-supla-7522760.html,biologicos,2025-04-21,Continente
Champô SOS Blonde & Hydrate,8048818,6.96,"€23,20/lt",Aussie,Beleza e Higiene/Cabelo/Champôs,https://www.continente.pt/dw/image/v2/BDVS_PRD/on/demandware.static/-/Sites-col-master-catalog/default/dwe3f24c13/images/col/804/8048818-hero.jpg?sw=280&sh=280,emb. 300 ml,https://www.continente.pt/produto/champo-sos-blonde-hydrate-aussie-8048818.html,biologicos,2025-04-21,Continente
Sérum Cabelo Fructis Hair Drink Banana,7704553,7.49,"€37,45/lt",Garnier,Beleza e Higiene/Cabelo/Máscaras e Tratamentos,https://www.continente.pt/dw/image/v2/BDVS_PRD/on/demandware.static/-/Sites-col-master-catalog/default/dw2df0baa7/images/col/770/7704553-frente-1.jpg?sw=280&sh=280,emb. 200 ml,https://www.continente.pt/produto/serum-cabelo-fructis-hair-drink-banana-garnier-7704553.html,biologicos,2025-04-21,Continente
Farinha de Coco,7501310,1.11,"€5,55/kg",Salutem,"Mercearia/Arroz, Massa e Farinha/Farinha e Pão Ralado",https://www.continente.pt/dw/image/v2/BDVS_PRD/on/demandware.static/-/Sites-col-master-catalog/default/dwe04b5a58/images/col/750/7501310-frente.jpg?sw=280&sh=280,emb. 200 gr,https://www.continente.pt/produto/farinha-de-coco-salutem-7501310.html,biologicos,2025-04-21,Continente
Escova Camurças,5614860,4.15,"€4,15/un",Búfalo,Limpeza/Roupa/Limpeza do Calçado/Produtos de Limpeza do Calçado,https://www.continente.pt/dw/image/v2/BDVS_PRD/on/demandware.static/-/Sites-col-master-catalog/default/dw06700f63/images/col/561/5614860-frente.jpg?sw=280&sh=280,emb. 1 un,https://www.continente.pt/produto/escova-camurcas-bufalo-5614860.html,biologicos,2025-04-21,Continente
Champô Fructis Hair Food Banana,7093594,3.95,"€11,29/lt",Garnier,Beleza e Higiene/Cabelo/Champôs,https://www.continente.pt/dw/image/v2/BDVS_PRD/on/demandware.static/-/Sites-col-master-catalog/default/dw8260f66d/images/col/709/7093594-hero.jpg?sw=280&sh=280,emb. 350 ml,https://www.continente.pt/produto/champo-fructis-hair-food-banana-garnier-7093594.html,biologicos,2025-04-21,Continente
Curcuma Latte sem Glúten,6733435,3.99,"€26,60/kg",Shine,Bio e Saudável/Suplementos e Vitaminas/Outros Suplementos,https://www.continente.pt/dw/image/v2/BDVS_PRD/on/demandware.static/-/Sites-col-master-catalog/default/dwc80c5d44/images/col/673/6733435-frente.jpg?sw=280&sh=280,emb. 150 gr,https://www.continente.pt/produto/curcuma-latte-sem-gluten-shine-6733435.html,biologicos,2025-04-21,Continente
Infusão Tropical H2O Burn,7986937,4.99,"€69,31/kg",Prozis,Bio e Saudável/Nutrição Desportiva,https://www.continente.pt/dw/image/v2/BDVS_PRD/on/demandware.static/-/Sites-col-master-catalog/default/dw1b83312f/images/col/798/7986937-esquerdo.jpg?sw=280&sh=280,emb. 8 x 9 gr,https://www.continente.pt/produto/infusao-tropical-h2o-burn-prozis-7986937.html,biologicos,2025-04-21,Continente
Bebida Aloé Vera Com Polpa,7534359,4.89,"€4,89/lt",Continente Bio,Bebidas e Garrafeira/Sumos e Refrigerantes/Sumos de Fruta,https://www.continente.pt/dw/image/v2/BDVS_PRD/on/demandware.static/-/Sites-col-master-catalog/default/dw84d189c2/images/col/753/7534359-frente.jpg?sw=280&sh=280,emb. 1 lt,https://www.continente.pt/produto/bebida-aloe-vera-com-polpa-continente-bio-7534359.html,biologicos,2025-04-21,Continente
Champô Ultra Suave Água de Arroz,7970244,3.77,"€9,42/lt",Garnier,Beleza e Higiene/Cabelo/Champôs,https://www.continente.pt/dw/image/v2/BDVS_PRD/on/demandware.static/-/Sites-col-master-catalog/default/dw7ce6217e/images/col/797/7970244-hero.jpg?sw=280&sh=280,emb. 400 ml,https://www.continente.pt/produto/champo-ultra-suave-agua-de-arroz-garnier-7970244.html,biologicos,2025-04-21,Continente
Champô Fructis Adeus Danos,7970690,5.99,"€14,98/lt",Garnier,Beleza e Higiene/Cabelo/Champôs,https://www.continente.pt/dw/image/v2/BDVS_PRD/on/demandware.static/-/Sites-col-master-catalog/default/dw70565a23/images/col/797/7970690-hero.jpg?sw=280&sh=280,emb. 400 ml,https://www.continente.pt/produto/champo-fructis-adeus-danos-garnier-7970690.html,biologicos,2025-04-21,Continente
Saqueta de Fruta Proteína Frutos Tropicais,8200106,1.39,"€1,39/un",Way Up,Bio e Saudável/Nutrição Desportiva/Energia e Proteína,https://www.continente.pt/dw/image/v2/BDVS_PRD/on/demandware.static/-/Sites-col-master-catalog/default/dw30d1f607/images/col/820/8200106-frente.jpg?sw=280&sh=280,emb. 120 gr,https://www.continente.pt/produto/saqueta-de-fruta-proteina-frutos-tropicais-way-up-8200106.html,biologicos,2025-04-21,Continente
Óleo Corpo Puro Rosa Mosqueta,7050790,5.99,"€149,75/lt",Soft&Co,Beleza e Higiene/Corpo/Cremes e Loções,https://www.continente.pt/dw/image/v2/BDVS_PRD/on/demandware.static/-/Sites-col-master-catalog/default/dw8fcdcbac/images/col/705/7050790-frente.jpg?sw=280&sh=280,emb. 40 ml,https://www.continente.pt/produto/oleo-corpo-puro-rosa-mosqueta-soft-co-7050790.html,biologicos,2025-04-21,Continente
Infusão Pêssego H2O,7675759,2.99,"€41,53/kg",Prozis,Bio e Saudável/Nutrição Desportiva/Energia e Proteína,https://www.continente.pt/dw/image/v2/BDVS_PRD/on/demandware.static/-/Sites-col-master-catalog/default/dwc8540161/images/col/767/7675759-esquerdo.jpg?sw=280&sh=280,emb. 8 x 9 gr,https://www.continente.pt/produto/infusao-pessego-h2o-prozis-7675759.html,biologicos,2025-04-21,Continente
Sumo Laranja,5882050,4.49,"€4,49/lt",Delizum,Bebidas e Garrafeira/Sumos e Refrigerantes/Sumos de Fruta,https://www.continente.pt/dw/image/v2/BDVS_PRD/on/demandware.static/-/Sites-col-master-catalog/default/dwb4258809/col/588/5882050.jpg?sw=280&sh=280,emb. 1 lt,https://www.continente.pt/produto/sumo-laranja-delizum-5882050.html,biologicos,2025-04-21,Continente
Iogurte Grego Proteína Natural,7996569,1.49,"€106,43/kg",Yonest,Laticínios e Ovos/Iogurtes/Iogurtes Gregos,https://www.continente.pt/dw/image/v2/BDVS_PRD/on/demandware.static/-/Sites-col-master-catalog/default/dwcab7a5a0/images/col/799/7996569-cima.jpg?sw=280&sh=280,emb. 312 ml (4 un),https://www.continente.pt/produto/iogurte-grego-proteina-natural-yonest-7996569.html,biologicos,2025-04-21,Continente
Fraldas Suavidade 2-5kg T1,5449658,3.39,"€0,12/un",Continente do Bebé,"Bebé/Fraldas e Toalhitas/Fraldas <2kg/2-5kg/3-6kg (T0, T1 e T2)",https://www.continente.pt/dw/image/v2/BDVS_PRD/on/demandware.static/-/Sites-col-master-catalog/default/dw53b8fecf/images/col/544/5449658-hero.jpg?sw=280&sh=280,emb. 28 un,https://www.continente.pt/produto/fraldas-suavidade-2-5kg-t1-continente-do-bebe-5449658.html,biologicos,2025-04-21,Continente
Super Articulações,6253210,8.29,"€0,28/un",Planta Natur,Bio e Saudável/Suplementos e Vitaminas,https://www.continente.pt/dw/image/v2/BDVS_PRD/on/demandware.static/-/Sites-col-master-catalog/default/dw998ef24b/images/col/625/6253210-direito.jpg?sw=280&sh=280,emb. 30 un,https://www.continente.pt/produto/super-articulacoes-planta-natur-6253210.html,biologicos,2025-04-21,Continente
Loção Corpo Hidratante,7801753,2.5,"€10,00/lt",Soft&Co,Beleza e Higiene/Corpo/Cremes e Loções,https://www.continente.pt/dw/image/v2/BDVS_PRD/on/demandware.static/-/Sites-col-master-catalog/default/dw05214754/images/col/780/7801753-frente.jpg?sw=280&sh=280,emb. 250 ml,https://www.continente.pt/produto/locao-corpo-hidratante-soft-co-7801753.html,biologicos,2025-04-21,Continente
Iogurte Bifidus Triplo 0% Natural sem Lactose,8413889,1.39,"€2,78/kg",Continente,Laticínios e Ovos/Iogurtes/Iogurtes Bífidus,https://www.continente.pt/dw/image/v2/BDVS_PRD/on/demandware.static/-/Sites-col-master-catalog/default/dw8875f23d/images/col/841/8413889-frente.jpg?sw=280&sh=280,emb. 500 gr (4 un),https://www.continente.pt/produto/iogurte-bifidus-triplo-0--natural-sem-lactose-continente-8413889.html,biologicos,2025-04-21,Continente
Champô SOS Soothe & Hydrate,8048880,6.96,"€23,20/lt",Aussie,Beleza e Higiene/Cabelo/Champôs,https://www.continente.pt/dw/image/v2/BDVS_PRD/on/demandware.static/-/Sites-col-master-catalog/default/dwfcc0b20a/images/col/804/8048880-frente.jpg?sw=280&sh=280,emb. 300 ml,https://www.continente.pt/produto/champo-sos-soothe-hydrate-aussie-8048880.html,biologicos,2025-04-21,Continente
Máscara Cabelo Fructis Hidra Liso & Suave,7760283,6.99,"€21,84/lt",Garnier,Beleza e Higiene/Cabelo/Máscaras e Tratamentos,https://www.continente.pt/dw/image/v2/BDVS_PRD/on/demandware.static/-/Sites-col-master-catalog/default/dw367ca221/images/col/776/7760283-frente.jpg?sw=280&sh=280,emb. 320 ml,https://www.continente.pt/produto/mascara-cabelo-fructis-hidra-liso-suave-garnier-7760283.html,biologicos,2025-04-21,Continente
Champô Força e Anti-Quebra Agave,7132180,6.49,"€16,86/lt",Maui Moisture,Beleza e Higiene/Cabelo/Champôs,https://www.continente.pt/dw/image/v2/BDVS_PRD/on/demandware.static/-/Sites-col-master-catalog/default/dw19f92410/images/col/713/7132180-frente.jpg?sw=280&sh=280,emb. 385 ml,https://www.continente.pt/produto/champo-forca-e-anti-quebra-agave-maui-moisture-7132180.html,biologicos,2025-04-21,Continente
Psílio em Pó,7522857,4.99,"€24,95/kg",Supla,Bio e Saudável/Suplementos e Vitaminas,https://www.continente.pt/dw/image/v2/BDVS_PRD/on/demandware.static/-/Sites-col-master-catalog/default/dw2af4e0b7/images/col/752/7522857-frente.jpg?sw=280&sh=280,emb. 200 gr,https://www.continente.pt/produto/psilio-em-po-supla-7522857.html,biologicos,2025-04-21,Continente
Suplemento Ómega 3 Cápsulas,7523148,5.99,,Way Up,Bio e Saudável/Nutrição Desportiva/Energia e Proteína,https://www.continente.pt/dw/image/v2/BDVS_PRD/on/demandware.static/-/Sites-col-master-catalog/default/dw3dce03a3/images/col/752/7523148-hero.jpg?sw=280&sh=280,emb. 90 un,https://www.continente.pt/produto/suplemento-omega-3-capsulas-way-up-7523148.html,biologicos,2025-04-21,Continente
Gelatina em Pó de Frutos Vermelhos Proteína,7521197,3.99,"€49,88/kg",Condi,Mercearia/Açúcar e Sobremesas/Gelatinas e Pudins,https://www.continente.pt/dw/image/v2/BDVS_PRD/on/demandware.static/-/Sites-col-master-catalog/default/dw1cb80cdd/images/col/752/7521197-frente.jpg?sw=280&sh=280,emb. 80 gr,https://www.continente.pt/produto/gelatina-em-po-de-frutos-vermelhos-proteina-condi-7521197.html,biologicos,2025-04-21,Continente
Bebida Vegetal de Arroz sem Açúcar,7068570,1.91,"€1,91/lt",Joya,Laticínios e Ovos/Bebidas Vegetais/Bebida Arroz,https://www.continente.pt/dw/image/v2/BDVS_PRD/on/demandware.static/-/Sites-col-master-catalog/default/dw65ac25c2/images/col/706/7068570-frente.png?sw=280&sh=280,emb. 1 lt,https://www.continente.pt/produto/bebida-vegetal-de-arroz-sem-acucar-joya-7068570.html,biologicos,2025-04-21,Continente
Papa Infantil Farinha Não Láctea Creme de Arroz +4M sem Glúten,7487818,2.49,"€11,32/kg",Hero Baby,Mercearia/Alimentação Infantil/Papas Infantis,https://www.continente.pt/dw/image/v2/BDVS_PRD/on/demandware.static/-/Sites-col-master-catalog/default/dw94384063/images/col/748/7487818-esquerdo.jpg?sw=280&sh=280,emb. 220 gr,https://www.continente.pt/produto/papa-infantil-farinha-nao-lactea-creme-de-arroz-4m-sem-gluten-hero-baby-7487818.html,biologicos,2025-04-21,Continente
Gel Corpo Aloe Vera,6272171,8.29,"€16,92/lt",Soft&Co,Beleza e Higiene/Corpo/Cremes e Loções,https://www.continente.pt/dw/image/v2/BDVS_PRD/on/demandware.static/-/Sites-col-master-catalog/default/dwd0e9add4/images/col/627/6272171-frente.jpg?sw=280&sh=280,emb. 490 ml,https://www.continente.pt/produto/gel-corpo-aloe-vera-soft-co-6272171.html,biologicos,2025-04-21,Continente
Noodles Fit de Konjac Sport sem Glúten,7191092,2.99,"€11,07/kg",Origens Bio,Bio e Saudável/Suplementos e Vitaminas/Controlo de Peso e Drenantes,https://www.continente.pt/dw/image/v2/BDVS_PRD/on/demandware.static/-/Sites-col-master-catalog/default/dw9413cedf/images/col/719/7191092-frente.png?sw=280&sh=280,emb. 270 gr,https://www.continente.pt/produto/noodles-fit-de-konjac-sport-sem-gluten-origens-bio-7191092.html,biologicos,2025-04-21,Continente
Óleo Corpo Puro de Abacate,7379727,5.99,"€149,75/lt",Soft&Co,Beleza e Higiene/Corpo/Cremes e Loções,https://www.continente.pt/dw/image/v2/BDVS_PRD/on/demandware.static/-/Sites-col-master-catalog/default/dw1ceb1df5/images/col/737/7379727-frente.jpg?sw=280&sh=280,emb. 40 ml,https://www.continente.pt/produto/oleo-corpo-puro-de-abacate-soft-co-7379727.html,biologicos,2025-04-21,Continente
,,0.0,"€13,97/lt",,,https://www.continente.pt/dw/image/v2/BDVS_PRD/on/demandware.static/-/Sites-col-master-catalog/default/dw4f56d805/images/col/771/7716336-frente.jpg?sw=280&sh=280,emb. 340 ml,https://www.continente.pt/produto/mascara-cabelo-ultra-suave-riqueza-dargao-garnier-7716336.html,biologicos,2025-04-21,Continente
Creme de Pentear Fructis Aloe Vera Hydra Bomb,6420872,5.99,"€14,97/lt",Garnier,"Beleza e Higiene/Cabelo/Spray, Espuma, Creme e Gel",https://www.continente.pt/dw/image/v2/BDVS_PRD/on/demandware.static/-/Sites-col-master-catalog/default/dwc814999e/images/col/642/6420872-frente.jpg?sw=280&sh=280,emb. 400 ml,https://www.continente.pt/produto/creme-de-pentear-fructis-aloe-vera-hydra-bomb-garnier-6420872.html,biologicos,2025-04-21,Continente
"Gomas Suplemento Biotina e Zinco para Cabelo, Pele e Unhas",8148611,7.99,"€0,27/un",Vitaldin,Bio e Saudável/Suplementos e Vitaminas/Nutricosmética,https://www.continente.pt/dw/image/v2/BDVS_PRD/on/demandware.static/-/Sites-col-master-catalog/default/dw65411989/images/col/814/8148611-frente.png?sw=280&sh=280,emb. 30 un,https://www.continente.pt/produto/gomas-suplemento-biotina-e-zinco-para-cabelo-pele-e-unhas-vitaldin-8148611.html,biologicos,2025-04-21,Continente
Snacks Salgados com Salicórnia,8381559,1.79,"€21,06/kg",Unboring,Mercearia/Snacks e Batatas Fritas/Aperitivos e Snacks,https://www.continente.pt/dw/image/v2/BDVS_PRD/on/demandware.static/-/Sites-col-master-catalog/default/dw34c63b6e/images/col/838/8381559-frente.png?sw=280&sh=280,emb. 85 gr,https://www.continente.pt/produto/snacks-salgados-com-salicornia-unboring-8381559.html,biologicos,2025-04-21,Continente
Massa Noodles de Arroz sem Glúten,7714908,2.69,"€10,76/kg",Koala,"Mercearia/Arroz, Massa e Farinha/Noodles",https://www.continente.pt/dw/image/v2/BDVS_PRD/on/demandware.static/-/Sites-col-master-catalog/default/dwac8e1a44/images/col/771/7714908-frente.png?sw=280&sh=280,emb. 250 gr,https://www.continente.pt/produto/massa-noodles-de-arroz-sem-gluten-koala-7714908.html,biologicos,2025-04-21,Continente
Creme de Pentear Fructis Adeus Danos,7970697,6.39,"€15,97/lt",Garnier,Beleza e Higiene/Cabelo/Máscaras e Tratamentos,https://www.continente.pt/dw/image/v2/BDVS_PRD/on/demandware.static/-/Sites-col-master-catalog/default/dwce82d041/images/col/797/7970697-hero.jpg?sw=280&sh=280,emb. 400 ml,https://www.continente.pt/produto/creme-de-pentear-fructis-adeus-danos-garnier-7970697.html,biologicos,2025-04-21,Continente
Bebida Energética Manga sem Açúcar,7983824,1.99,"€6,03/lt",Nocco,Bebidas e Garrafeira/Bebidas Energéticas e Isotónicas,https://www.continente.pt/dw/image/v2/BDVS_PRD/on/demandware.static/-/Sites-col-master-catalog/default/dw4b109e91/images/col/798/7983824-frente.jpg?sw=280&sh=280,emb. 33 cl,https://www.continente.pt/produto/bebida-energetica-manga-sem-acucar-nocco-7983824.html,biologicos,2025-04-21,Continente
Champô Suaviza e Repara Vagem de Baunilha,7406553,6.49,"€16,86/lt",Maui Moisture,Beleza e Higiene/Cabelo/Champôs,https://www.continente.pt/dw/image/v2/BDVS_PRD/on/demandware.static/-/Sites-col-master-catalog/default/dw2e801fbe/images/col/740/7406553-frente.jpg?sw=280&sh=280,emb. 385 ml,https://www.continente.pt/produto/champo-suaviza-e-repara-vagem-de-baunilha-maui-moisture-7406553.html,biologicos,2025-04-21,Continente
Champô Fructis Hair Food Melancia,7302234,3.95,"€11,29/lt",Garnier,Beleza e Higiene/Cabelo/Champôs,https://www.continente.pt/dw/image/v2/BDVS_PRD/on/demandware.static/-/Sites-col-master-catalog/default/dw5789a27f/images/col/730/7302234-hero.jpg?sw=280&sh=280,emb. 350 ml,https://www.continente.pt/produto/champo-fructis-hair-food-melancia-garnier-7302234.html,biologicos,2025-04-21,Continente
Maca Choco Latte,7619774,3.19,"€0,03/un",Origens Bio,Bio e Saudável/Biológicos/Café e Chá,https://www.continente.pt/dw/image/v2/BDVS_PRD/on/demandware.static/-/Sites-col-master-catalog/default/dw08d93e99/images/col/761/7619774-frente.png?sw=280&sh=280,emb. 100 gr,https://www.continente.pt/produto/maca-choco-latte-origens-bio-7619774.html,biologicos,2025-04-21,Continente
Algas Aromáticas Mix Biológicas,7815150,3.69,"€92,25/kg",Wissi,"Mercearia/Molhos, Temperos e Sal/Especiarias e Ervas Aromáticas",https://www.continente.pt/dw/image/v2/BDVS_PRD/on/demandware.static/-/Sites-col-master-catalog/default/dw484dacdc/images/col/781/7815150-frente.png?sw=280&sh=280,emb. 40 gr,https://www.continente.pt/produto/algas-aromaticas-mix-biologicas-wissi-7815150.html,biologicos,2025-04-21,Continente
Suplemento Alimentar de Alcachofra,7523780,4.49,"€0,07/un",Supla,Bio e Saudável/Suplementos e Vitaminas,https://www.continente.pt/dw/image/v2/BDVS_PRD/on/demandware.static/-/Sites-col-master-catalog/default/dw9500a30c/images/col/752/7523780-frente.jpg?sw=280&sh=280,emb. 60 un,https://www.continente.pt/produto/suplemento-alimentar-de-alcachofra-supla-7523780.html,biologicos,2025-04-21,Continente
Óleo Vegetal Puro de Cannabis Sativa,7619732,6.74,"€6,74/un",Soft&Co,Beleza e Higiene/Corpo/Cremes e Loções,https://www.continente.pt/dw/image/v2/BDVS_PRD/on/demandware.static/-/Sites-col-master-catalog/default/dwd8677e56/images/col/761/7619732-frente.jpg?sw=280&sh=280,emb. 40 ml,https://www.continente.pt/produto/oleo-vegetal-puro-de-cannabis-sativa-soft-co-7619732.html,biologicos,2025-04-21,Continente
Aveia Instantânea sem Glúten,7731006,1.99,"€3,98/kg",Continente Equilíbrio,Mercearia/Cereais e Barras/Flocos e Papas de Aveia,https://www.continente.pt/dw/image/v2/BDVS_PRD/on/demandware.static/-/Sites-col-master-catalog/default/dwc969eed8/images/col/773/7731006-frente.jpg?sw=280&sh=280,emb. 500 gr,https://www.continente.pt/produto/aveia-instantanea-sem-gluten-continente-equilibrio-7731006.html,biologicos,2025-04-21,Continente
Tratamento Cabelo Intensivo Fructis Adeus Danos,7970659,7.64,"€38,20/lt",Garnier,Beleza e Higiene/Cabelo/Máscaras e Tratamentos,https://www.continente.pt/dw/image/v2/BDVS_PRD/on/demandware.static/-/Sites-col-master-catalog/default/dweec640f3/images/col/797/7970659-hero.jpg?sw=280&sh=280,emb. 200 ml,https://www.continente.pt/produto/tratamento-cabelo-intensivo-fructis-adeus-danos-garnier-7970659.html,biologicos,2025-04-21,Continente
Golden Milk sem Glúten,7619782,3.19,"€39,88/kg",Origens Bio,Bio e Saudável/Suplementos e Vitaminas,https://www.continente.pt/dw/image/v2/BDVS_PRD/on/demandware.static/-/Sites-col-master-catalog/default/dw79481033/images/col/761/7619782-frente.jpg?sw=280&sh=280,emb. 80 gr,https://www.continente.pt/produto/golden-milk-sem-gluten-origens-bio-7619782.html,biologicos,2025-04-21,Continente
Bolachas Wafers de Chocolate Stracciatella Cubos,5687484,1.69,"€13,52/kg",Vieira,"Mercearia/Bolachas, Biscoitos e Tostas/Bolachas de Chocolate",https://www.continente.pt/dw/image/v2/BDVS_PRD/on/demandware.static/-/Sites-col-master-catalog/default/dw30766ecb/images/col/568/5687484-frente.jpg?sw=280&sh=280,emb. 125 gr,https://www.continente.pt/produto/bolachas-wafers-de-chocolate-stracciatella-cubos-vieira-5687484.html,biologicos,2025-04-21,Continente
Condicionador Ultra Suave Leite de Coco e Macadâmia,6210656,3.69,"€18,45/lt",Garnier,Beleza e Higiene/Cabelo/Condicionadores,https://www.continente.pt/dw/image/v2/BDVS_PRD/on/demandware.static/-/Sites-col-master-catalog/default/dwd467f724/images/col/621/6210656-hero.jpg?sw=280&sh=280,emb. 200 ml,https://www.continente.pt/produto/condicionador-ultra-suave-leite-de-coco-e-macadamia-garnier-6210656.html,biologicos,2025-04-21,Continente
Spirulina em Pó,7522858,3.99,"€26,60/kg",Supla,Bio e Saudável/Suplementos e Vitaminas/Outros Suplementos,https://www.continente.pt/dw/image/v2/BDVS_PRD/on/demandware.static/-/Sites-col-master-catalog/default/dw2f79d7a0/images/col/752/7522858-frente.jpg?sw=280&sh=280,emb. 150 gr,https://www.continente.pt/produto/spirulina-em-po-supla-7522858.html,biologicos,2025-04-21,Continente
Infusão Laranja H2O Burn com Cafeína,7986936,4.99,"€69,31/kg",Prozis,Bio e Saudável/Nutrição Desportiva,https://www.continente.pt/dw/image/v2/BDVS_PRD/on/demandware.static/-/Sites-col-master-catalog/default/dw7bf043e9/images/col/798/7986936-esquerdo.jpg?sw=280&sh=280,emb. 8 x 9 gr,https://www.continente.pt/produto/infusao-laranja-h2o-burn-com-cafeina-prozis-7986936.html,biologicos,2025-04-21,Continente
Loção Corpo Skin Nutries Aloe e Cânhamo,7712612,3.99,"€9,97/lt",Bioten,Beleza e Higiene/Corpo/Cremes e Loções,https://www.continente.pt/dw/image/v2/BDVS_PRD/on/demandware.static/-/Sites-col-master-catalog/default/dw76cd4888/images/col/771/7712612-frente.jpg?sw=280&sh=280,emb. 400 ml,https://www.continente.pt/produto/locao-corpo-skin-nutries-aloe-e-canhamo-bioten-7712612.html,biologicos,2025-04-21,Continente
"Preparado Super Breakfast Mix Aveia, Pepitas de Cacau, Chia e Banana sem Glúten",8239177,2.29,"€7,63/kg",Continente Equilíbrio,Mercearia/Cereais e Barras/Flocos e Papas de Aveia,https://www.continente.pt/dw/image/v2/BDVS_PRD/on/demandware.static/-/Sites-col-master-catalog/default/dw815751f0/images/col/823/8239177-frente.jpg?sw=280&sh=280,emb. 300 gr,https://www.continente.pt/produto/preparado-super-breakfast-mix-aveia-pepitas-de-cacau-chia-e-banana-sem-gluten-continente-equilibrio-8239177.html,biologicos,2025-04-21,Continente
Cápsulas de Café Classico Int 9,6660211,4.79,"€0,30/un",Continente Bio,"Mercearia/Café, Chá e Bebidas Solúveis/Café em Cápsulas",https://www.continente.pt/dw/image/v2/BDVS_PRD/on/demandware.static/-/Sites-col-master-catalog/default/dwd384c77d/images/col/666/6660211-frente.jpg?sw=280&sh=280,emb. 16 un,https://www.continente.pt/produto/capsulas-de-cafe-classico-int-9-continente-bio-6660211.html,biologicos,2025-04-21,Continente
Água Micelar Pure Active Carvão,7692294,5.59,"€13,97/lt",Garnier,Beleza e Higiene/Rosto/Limpeza,https://www.continente.pt/dw/image/v2/BDVS_PRD/on/demandware.static/-/Sites-col-master-catalog/default/dw16bd79bc/images/col/769/7692294-frente.jpg?sw=280&sh=280,emb. 400 ml,https://www.continente.pt/produto/agua-micelar-pure-active-carvao-garnier-7692294.html,biologicos,2025-04-21,Continente
Algas Esparguete do Mar Biológicas,7472965,3.99,"€133,00/kg",Wissi,"Frescos/Legumes/Saladas, Sopas e Salteados",https://www.continente.pt/dw/image/v2/BDVS_PRD/on/demandware.static/-/Sites-col-master-catalog/default/dwe67eb0b7/images/col/747/7472965-frente.jpg?sw=280&sh=280,emb. 30 gr,https://www.continente.pt/produto/algas-esparguete-do-mar-biologicas-wissi-7472965.html,biologicos,2025-04-21,Continente
Algas Aromáticas em Folhas Biológicas,7815143,2.99,"€299,00/kg",Wissi,"Mercearia/Molhos, Temperos e Sal/Especiarias e Ervas Aromáticas",https://www.continente.pt/dw/image/v2/BDVS_PRD/on/demandware.static/-/Sites-col-master-catalog/default/dw1bdc4221/images/col/781/7815143-frente.png?sw=280&sh=280,emb. 10 gr,https://www.continente.pt/produto/algas-aromaticas-em-folhas-biologicas-wissi-7815143.html,biologicos,2025-04-21,Continente
Mistura para Panquecas com Pepitas de Chocolate em Pó,8114743,0.99,"€19,80/kg",Way Up,Bio e Saudável/Nutrição Desportiva,https://www.continente.pt/dw/image/v2/BDVS_PRD/on/demandware.static/-/Sites-col-master-catalog/default/dw159f80ce/images/col/811/8114743-frente.jpg?sw=280&sh=280,emb. 50 gr,https://www.continente.pt/produto/mistura-para-panquecas-com-pepitas-de-chocolate-em-po-way-up-8114743.html,biologicos,2025-04-21,Continente
Creme para Barrar Planteiga com Sal Wrapper,8025681,1.79,"€7,16/kg",Planta,Laticínios e Ovos/Manteigas e Cremes para Barrar/Cremes para Barrar,https://www.continente.pt/dw/image/v2/BDVS_PRD/on/demandware.static/-/Sites-col-master-catalog/default/dwe795d83b/images/col/802/8025681-frente.jpg?sw=280&sh=280,emb. 250 gr,https://www.continente.pt/produto/creme-para-barrar-planteiga-com-sal-wrapper-planta-8025681.html,biologicos,2025-04-21,Continente
Bebida Vegetal De Arroz Com Amêndoa,7554092,3.85,"€3,85/lt",Isola Bio,Laticínios e Ovos/Bebidas Vegetais/Bebida Arroz,https://www.continente.pt/dw/image/v2/BDVS_PRD/on/demandware.static/-/Sites-col-master-catalog/default/dwedacba36/images/col/755/7554092-frente.jpg?sw=280&sh=280,emb. 1 lt,https://www.continente.pt/produto/bebida-vegetal-de-arroz-com-amendoa-isola-bio-7554092.html,biologicos,2025-04-21,Continente
Suplemento Alimentar Ginseng,7523144,4.95,"€0,41/un",Supla,Bio e Saudável/Suplementos e Vitaminas,https://www.continente.pt/dw/image/v2/BDVS_PRD/on/demandware.static/-/Sites-col-master-catalog/default/dwe2e79024/images/col/752/7523144-frente.jpg?sw=280&sh=280,emb. 12 un,https://www.continente.pt/produto/suplemento-alimentar-ginseng-supla-7523144.html,biologicos,2025-04-21,Continente
Óleo Vegetal Puro de Grainha de Uva,7619734,5.99,"€5,99/un",Soft&Co,Beleza e Higiene/Corpo/Cremes e Loções,https://www.continente.pt/dw/image/v2/BDVS_PRD/on/demandware.static/-/Sites-col-master-catalog/default/dw189f054c/images/col/761/7619734-frente.jpg?sw=280&sh=280,emb. 40 ml,https://www.continente.pt/produto/oleo-vegetal-puro-de-grainha-de-uva-soft-co-7619734.html,biologicos,2025-04-21,Continente
Suplemento Alimentar Mix Stress,7523139,4.69,"€0,39/un",Supla,Bio e Saudável/Suplementos e Vitaminas,https://www.continente.pt/dw/image/v2/BDVS_PRD/on/demandware.static/-/Sites-col-master-catalog/default/dwa7266922/images/col/752/7523139-frente.jpg?sw=280&sh=280,emb. 12 un,https://www.continente.pt/produto/suplemento-alimentar-mix-stress-supla-7523139.html,biologicos,2025-04-21,Continente
Condicionador sem Sal Liso e Brilhante,7847224,5.25,"€5,25/un",Happy Anne,Beleza e Higiene/Cabelo/Condicionadores,https://www.continente.pt/dw/image/v2/BDVS_PRD/on/demandware.static/-/Sites-col-master-catalog/default/dw08c8c6cf/images/col/784/7847224-frente.jpg?sw=280&sh=280,emb. 340 ml,https://www.continente.pt/produto/condicionador-sem-sal-liso-e-brilhante-happy-anne-7847224.html,biologicos,2025-04-21,Continente
Mini Tarteletes,7618384,2.59,"€35,97/kg",3 Toques,Frescos/Padaria e Pastelaria/Pastelaria Sortida,https://www.continente.pt/dw/image/v2/BDVS_PRD/on/demandware.static/-/Sites-col-master-catalog/default/dw0675b594/images/col/761/7618384-frente.png?sw=280&sh=280,emb. 72 gr (12 un),https://www.continente.pt/produto/mini-tarteletes-3-toques-7618384.html,biologicos,2025-04-21,Continente
Papas de Aveia com Proteína Whey e Chocolate de Leite,8005610,2.49,"€41,50/kg",Prozis,Mercearia/Cereais e Barras/Flocos e Papas de Aveia,https://www.continente.pt/dw/image/v2/BDVS_PRD/on/demandware.static/-/Sites-col-master-catalog/default/dwd15c3e99/images/col/800/8005610-frente.jpg?sw=280&sh=280,emb. 60 gr,https://www.continente.pt/produto/papas-de-aveia-com-proteina-whey-e-chocolate-de-leite-prozis-8005610.html,biologicos,2025-04-21,Continente
Bebida Vegetal de Aveia,5954396,2.79,"€2,79/lt",Joya,Laticínios e Ovos/Bebidas Vegetais/Bebida Aveia,https://www.continente.pt/dw/image/v2/BDVS_PRD/on/demandware.static/-/Sites-col-master-catalog/default/dwe86b1b2c/images/col/595/5954396-frente.png?sw=280&sh=280,emb. 1 lt,https://www.continente.pt/produto/bebida-vegetal-de-aveia-joya-5954396.html,biologicos,2025-04-21,Continente
Óleo Corpo Puro de Rícino,7379723,3.74,"€93,50/lt",Soft&Co,Beleza e Higiene/Corpo/Cremes e Loções,https://www.continente.pt/dw/image/v2/BDVS_PRD/on/demandware.static/-/Sites-col-master-catalog/default/dw9dc3e044/images/col/737/7379723-frente.jpg?sw=280&sh=280,emb. 40 ml,https://www.continente.pt/produto/oleo-corpo-puro-de-ricino-soft-co-7379723.html,biologicos,2025-04-21,Continente
Suplemento Alimentar Mix + Energia,7523774,5.79,"€0,19/un",Supla,Bio e Saudável/Suplementos e Vitaminas,https://www.continente.pt/dw/image/v2/BDVS_PRD/on/demandware.static/-/Sites-col-master-catalog/default/dwa21452ac/images/col/752/7523774-frente.jpg?sw=280&sh=280,emb. 30 un,https://www.continente.pt/produto/suplemento-alimentar-mix-energia-supla-7523774.html,biologicos,2025-04-21,Continente
Gelificante Ágar Orgânico,7748034,2.39,"€79,67/kg",Ruf,Mercearia/Açúcar e Sobremesas/Gelatinas e Pudins,https://www.continente.pt/dw/image/v2/BDVS_PRD/on/demandware.static/-/Sites-col-master-catalog/default/dwc3026114/images/col/774/7748034-direito.jpg?sw=280&sh=280,emb. 2 x 15 gr,https://www.continente.pt/produto/gelificante-agar-organico-ruf-7748034.html,biologicos,2025-04-21,Continente
Suplemento Alimentar Mix Digestão Cápsulas,7523151,1.99,,Supla,Bio e Saudável/Suplementos e Vitaminas,https://www.continente.pt/dw/image/v2/BDVS_PRD/on/demandware.static/-/Sites-col-master-catalog/default/dwfde406f5/images/col/752/7523151-frente.jpg?sw=280&sh=280,emb. 40 un,https://www.continente.pt/produto/suplemento-alimentar-mix-digestao-capsulas-supla-7523151.html,biologicos,2025-04-21,Continente
Creme com Esponja Autobrilhante Branco,4083481,1.89,"€37,80/lt",Búfalo,Limpeza/Roupa/Limpeza do Calçado/Autobrilhantador,https://www.continente.pt/dw/image/v2/BDVS_PRD/on/demandware.static/-/Sites-col-master-catalog/default/dwba85d79c/images/col/408/4083481-frente.jpg?sw=280&sh=280,emb. 50 ml,https://www.continente.pt/produto/creme-com-esponja-autobrilhante-branco-bufalo-4083481.html,biologicos,2025-04-21,Continente
Iogurte Proteína Natural com Creatina,8251548,1.75,"€11,67/kg",Premyer,Laticínios e Ovos/Iogurtes/Iogurtes Proteína,https://www.continente.pt/dw/image/v2/BDVS_PRD/on/demandware.static/-/Sites-col-master-catalog/default/dwc65f1248/images/col/825/8251548-cima.jpg?sw=280&sh=280,emb. 150 gr,https://www.continente.pt/produto/iogurte-proteina-natural-com-creatina-premyer-8251548.html,biologicos,2025-04-21,Continente
Champô Auto Concentrado Eco,6911051,2.99,"€2,99/lt",Boost Eco,"Casa, Bricolage e Jardim/Automóvel e Motos/Limpeza e Manutenção Exterior",https://www.continente.pt/dw/image/v2/BDVS_PRD/on/demandware.static/-/Sites-col-master-catalog/default/dwbc7eddb5/images/col/691/6911051-frente.jpg?sw=280&sh=280,emb. 1 lt,https://www.continente.pt/produto/champo-auto-concentrado-eco-boost-eco-6911051.html,biologicos,2025-04-21,Continente
Forma Cabelo Unhas Cápsulas,4613450,4.29,"€0,14/un",Forma+,Bio e Saudável/Suplementos e Vitaminas,https://www.continente.pt/dw/image/v2/BDVS_PRD/on/demandware.static/-/Sites-col-master-catalog/default/dwe781f650/images/col/461/4613450-direito.jpg?sw=280&sh=280,emb. 30 un,https://www.continente.pt/produto/forma-cabelo-unhas-capsulas-forma-4613450.html,biologicos,2025-04-21,Continente
Maca Cacau em Pó,7522855,3.99,"€26,60/kg",Supla,Bio e Saudável/Suplementos e Vitaminas/Outros Suplementos,https://www.continente.pt/dw/image/v2/BDVS_PRD/on/demandware.static/-/Sites-col-master-catalog/default/dwd3c2ff2c/images/col/752/7522855-frente.jpg?sw=280&sh=280,emb. 150 gr,https://www.continente.pt/produto/maca-cacau-em-po-supla-7522855.html,biologicos,2025-04-21,Continente
Sérum Facial Glow Peeling,7801741,6.99,"€233,00/lt",Soft&Co,Beleza e Higiene/Rosto/Antirrugas e Refirmantes,https://www.continente.pt/dw/image/v2/BDVS_PRD/on/demandware.static/-/Sites-col-master-catalog/default/dwe8ff4bdf/images/col/780/7801741-frente.jpg?sw=280&sh=280,emb. 30 ml,https://www.continente.pt/produto/serum-facial-glow-peeling-soft-co-7801741.html,biologicos,2025-04-21,Continente
Loção Corpo Beloved Baunilha,6524338,2.91,"€11,64/lt",Bioten,Beleza e Higiene/Corpo/Cremes e Loções,https://www.continente.pt/dw/image/v2/BDVS_PRD/on/demandware.static/-/Sites-col-master-catalog/default/dwbf89bb72/images/col/652/6524338-frente.jpg?sw=280&sh=280,emb. 250 ml,https://www.continente.pt/produto/locao-corpo-beloved-baunilha-bioten-6524338.html,biologicos,2025-04-21,Continente
Salsicha Vegetariana de Espinafres,8365855,4.99,"€27,72/kg",AlterVego,Bio e Saudável/Vegetariano e Vegan,https://www.continente.pt/dw/image/v2/BDVS_PRD/on/demandware.static/-/Sites-col-master-catalog/default/dw5e8a61cf/images/col/836/8365855-frente.jpg?sw=280&sh=280,emb. 180 gr,https://www.continente.pt/produto/salsicha-vegetariana-de-espinafres-altervego-8365855.html,biologicos,2025-04-21,Continente
Pão Integral 3 Cereais Biológico,3641058,4.18,"€8,36/kg",Bjorg,Frescos/Padaria e Pastelaria/Pão de Forma e Embalado,https://www.continente.pt/dw/image/v2/BDVS_PRD/on/demandware.static/-/Sites-col-master-catalog/default/dw0d7b17ea/images/col/364/3641058-frente.jpg?sw=280&sh=280,emb. 500 gr,https://www.continente.pt/produto/pao-integral-3-cereais-biologico-bjorg-3641058.html,biologicos,2025-04-21,Continente
Loção Corpo Beloved Musk,7201819,2.91,"€11,64/lt",Bioten,Beleza e Higiene/Corpo/Cremes e Loções,https://www.continente.pt/dw/image/v2/BDVS_PRD/on/demandware.static/-/Sites-col-master-catalog/default/dwbd701d0c/images/col/720/7201819-frente.jpg?sw=280&sh=280,emb. 250 ml,https://www.continente.pt/produto/locao-corpo-beloved-musk-bioten-7201819.html,biologicos,2025-04-21,Continente
Suplemento Zinco Cápsulas,7523154,2.99,,Supla,Bio e Saudável/Suplementos e Vitaminas,https://www.continente.pt/dw/image/v2/BDVS_PRD/on/demandware.static/-/Sites-col-master-catalog/default/dw9550c754/images/col/752/7523154-frente.jpg?sw=280&sh=280,emb. 40 un,https://www.continente.pt/produto/suplemento-zinco-capsulas-supla-7523154.html,biologicos,2025-04-21,Continente
"Barra Proteica Tenebrio, Maçã e Canela",7443778,1.64,"€46,86/kg",Corial Foods,Bio e Saudável/Nutrição Desportiva/Barras e Snacks,https://www.continente.pt/dw/image/v2/BDVS_PRD/on/demandware.static/-/Sites-col-master-catalog/default/dwed4d7b3b/images/col/744/7443778-frente.png?sw=280&sh=280,emb. 35 gr,https://www.continente.pt/produto/barra-proteica-tenebrio-maca-e-canela-corial-foods-7443778.html,biologicos,2025-04-21,Continente
Mix Curcuma em Pó,7522850,3.99,"€26,60/kg",Supla,Bio e Saudável/Suplementos e Vitaminas/Outros Suplementos,https://www.continente.pt/dw/image/v2/BDVS_PRD/on/demandware.static/-/Sites-col-master-catalog/default/dwb8c61c7a/images/col/752/7522850-frente.jpg?sw=280&sh=280,emb. 150 gr,https://www.continente.pt/produto/mix-curcuma-em-po-supla-7522850.html,biologicos,2025-04-21,Continente
Barra Proteína Chocolate Negro e Sal Marinho,8237382,2.75,"€42,97/kg",My Protein,Mercearia/Cereais e Barras/Barras de Cereais,https://www.continente.pt/dw/image/v2/BDVS_PRD/on/demandware.static/-/Sites-col-master-catalog/default/dw3ae48b39/images/col/823/8237382-frente.jpg?sw=280&sh=280,emb. 64 gr,https://www.continente.pt/produto/barra-proteina-chocolate-negro-e-sal-marinho-my-protein-8237382.html,biologicos,2025-04-21,Continente
Suplemento Alimentar Magnésio,7523122,3.49,"€0,17/un",Supla,Bio e Saudável/Suplementos e Vitaminas,https://www.continente.pt/dw/image/v2/BDVS_PRD/on/demandware.static/-/Sites-col-master-catalog/default/dw571b3ca4/images/col/752/7523122-frente.jpg?sw=280&sh=280,emb. 20 un,https://www.continente.pt/produto/suplemento-alimentar-magnesio-supla-7523122.html,biologicos,2025-04-21,Continente
Gelificante Natural Agar-Agar,4916138,3.14,"€392,50/kg",Vahiné,Mercearia/Açúcar e Sobremesas/Preparados para Mousses e Bolos,https://www.continente.pt/dw/image/v2/BDVS_PRD/on/demandware.static/-/Sites-col-master-catalog/default/dwcd85b1da/images/col/491/4916138-frente.jpg?sw=280&sh=280,emb. 8 gr,https://www.continente.pt/produto/gelificante-natural-agar-agar-vahine-4916138.html,biologicos,2025-04-21,Continente
Suplemento Alimentar Mix Mulher,7523776,3.85,"€0,13/un",Supla,Bio e Saudável/Suplementos e Vitaminas,https://www.continente.pt/dw/image/v2/BDVS_PRD/on/demandware.static/-/Sites-col-master-catalog/default/dwa7acf8c3/images/col/752/7523776-frente.jpg?sw=280&sh=280,emb. 30 un,https://www.continente.pt/produto/suplemento-alimentar-mix-mulher-supla-7523776.html,biologicos,2025-04-21,Continente
Spray Limpa Tablier Eco,6911060,2.99,"€5,98/lt",Boost Eco,"Casa, Bricolage e Jardim/Automóvel e Motos/Limpeza Interior",https://www.continente.pt/dw/image/v2/BDVS_PRD/on/demandware.static/-/Sites-col-master-catalog/default/dwaf61d32e/images/col/691/6911060-frente.jpg?sw=280&sh=280,emb. 500 ml,https://www.continente.pt/produto/spray-limpa-tablier-eco-boost-eco-6911060.html,biologicos,2025-04-21,Continente
Refeição Completa em Pó Banana,8210622,2.99,"€29,90/kg",Izzee,Bio e Saudável/Suplementos e Vitaminas/Controlo de Peso e Drenantes,https://www.continente.pt/dw/image/v2/BDVS_PRD/on/demandware.static/-/Sites-col-master-catalog/default/dw67f8b19e/images/col/821/8210622-frente.png?sw=280&sh=280,emb. 100 gr,https://www.continente.pt/produto/refeicao-completa-em-po-banana-izzee-8210622.html,biologicos,2025-04-21,Continente
Spray Limpa Estofos Eco,6911057,2.99,"€5,98/lt",Boost Eco,"Casa, Bricolage e Jardim/Automóvel e Motos/Limpeza Interior",https://www.continente.pt/dw/image/v2/BDVS_PRD/on/demandware.static/-/Sites-col-master-catalog/default/dwb92cc859/images/col/691/6911057-frente.jpg?sw=280&sh=280,emb. 500 ml,https://www.continente.pt/produto/spray-limpa-estofos-eco-boost-eco-6911057.html,biologicos,2025-04-21,Continente
Água Purificada,8067183,1.49,"€14,90/lt",MyLabel,Beleza e Higiene/Rosto/Limpeza,https://www.continente.pt/dw/image/v2/BDVS_PRD/on/demandware.static/-/Sites-col-master-catalog/default/dwd72e9c11/images/col/806/8067183-frente.png?sw=280&sh=280,emb. 100 ml,https://www.continente.pt/produto/agua-purificada-mylabel-8067183.html,biologicos,2025-04-21,Continente
Suplemento Alimentar Mix Sono Cápsulas,7523157,2.99,,Supla,Bio e Saudável/Suplementos e Vitaminas,https://www.continente.pt/dw/image/v2/BDVS_PRD/on/demandware.static/-/Sites-col-master-catalog/default/dw26d3bb75/images/col/752/7523157-frente.jpg?sw=280&sh=280,emb. 30 un,https://www.continente.pt/produto/suplemento-alimentar-mix-sono-capsulas-supla-7523157.html,biologicos,2025-04-21,Continente
Bebida Vegetal de Soja -30% Açúcares,5917695,0.79,"€0,79/lt",Continente Equilíbrio,Laticínios e Ovos/Bebidas Vegetais/Bebida Soja,https://www.continente.pt/dw/image/v2/BDVS_PRD/on/demandware.static/-/Sites-col-master-catalog/default/dw0e9da33d/images/col/591/5917695-hero.jpg?sw=280&sh=280,emb. 1 lt,https://www.continente.pt/produto/bebida-vegetal-de-soja--30--acucares-continente-equilibrio-5917695.html,biologicos,2025-04-21,Continente
Champô Fructis Hair Food Ananás,7654895,3.95,"€11,29/lt",Garnier,Beleza e Higiene/Cabelo/Champôs,https://www.continente.pt/dw/image/v2/BDVS_PRD/on/demandware.static/-/Sites-col-master-catalog/default/dw61d5003f/images/col/765/7654895-frente.jpg?sw=280&sh=280,emb. 350 ml,https://www.continente.pt/produto/champo-fructis-hair-food-ananas-garnier-7654895.html,biologicos,2025-04-21,Continente
Suplemento Alimentar Mix Obstipação Cápsulas,7523150,2.49,,Supla,Bio e Saudável/Suplementos e Vitaminas,https://www.continente.pt/dw/image/v2/BDVS_PRD/on/demandware.static/-/Sites-col-master-catalog/default/dw63c3ab85/images/col/752/7523150-frente.jpg?sw=280&sh=280,emb. 40 un,https://www.continente.pt/produto/suplemento-alimentar-mix-obstipacao-capsulas-supla-7523150.html,biologicos,2025-04-21,Continente
Multivitamínico Cápsulas,7523140,3.19,"€0,27/un",Supla,Bio e Saudável/Suplementos e Vitaminas,https://www.continente.pt/dw/image/v2/BDVS_PRD/on/demandware.static/-/Sites-col-master-catalog/default/dw420c0490/images/col/752/7523140-frente.jpg?sw=280&sh=280,emb. 12 un,https://www.continente.pt/produto/multivitaminico-capsulas-supla-7523140.html,biologicos,2025-04-21,Continente
Gel Energy Morango e Lima,8118828,1.99,"€49,75/kg",Gold Nutrition,Bio e Saudável/Nutrição Desportiva/Suplementação,https://www.continente.pt/dw/image/v2/BDVS_PRD/on/demandware.static/-/Sites-col-master-catalog/default/dw6054fbcf/images/col/811/8118828-frente.jpg?sw=280&sh=280,emb. 40 gr,https://www.continente.pt/produto/gel-energy-morango-e-lima-gold-nutrition-8118828.html,biologicos,2025-04-21,Continente
Bebida Vegetal Aveia Mlik Gordo e Cálcio,7639563,2.79,"€2,79/lt",Joya,Laticínios e Ovos/Bebidas Vegetais/Bebida Aveia,https://www.continente.pt/dw/image/v2/BDVS_PRD/on/demandware.static/-/Sites-col-master-catalog/default/dw5279fd09/images/col/763/7639563-frente.png?sw=280&sh=280,emb. 1 lt,https://www.continente.pt/produto/bebida-vegetal-aveia-mlik-gordo-e-calcio-joya-7639563.html,biologicos,2025-04-21,Continente
Vitamina C Laranja,8174879,3.99,"€0,07/un",Way Up,Bio e Saudável/Nutrição Desportiva/Energia e Proteína,https://www.continente.pt/dw/image/v2/BDVS_PRD/on/demandware.static/-/Sites-col-master-catalog/default/dw886602ad/images/col/817/8174879-frente.jpg?sw=280&sh=280,emb. 60 un,https://www.continente.pt/produto/vitamina-c-laranja-way-up-8174879.html,biologicos,2025-04-21,Continente
