Product Name,Product ID,Price,Price per unit,Brand,Category,Image URL,Minimum Quantity,Product Link,cgid,tracking_date,source
Guardanapos 2 Folhas Art de la Table Branco,2210147,1.39,"€0,02/un",Renova,Limpeza/Guardanapos e Rolos/Guardanapos,https://www.continente.pt/dw/image/v2/BDVS_PRD/on/demandware.static/-/Sites-col-master-catalog/default/dw23e4b63f/images/col/221/2210147-frente.png?sw=280&sh=280,emb. 90 un,https://www.continente.pt/produto/guardanapos-2-folhas-art-de-la-table-branco-renova-2210147.html,limpeza,2025-04-21,Continente
Detergente Máquina Roupa Líquido Active Clean,7784982,14.99,"€0,15/dos",Skip,Limpeza/Roupa/Detergente Máquina,https://www.continente.pt/dw/image/v2/BDVS_PRD/on/demandware.static/-/Sites-col-master-catalog/default/dw99c9851c/images/col/778/7784982-hero.png?sw=280&sh=280,100 doses,https://www.continente.pt/produto/detergente-maquina-roupa-liquido-active-clean-skip-7784982.html,limpeza,2025-04-21,Continente
Detergente Máquina Loiça Pastilhas Power Limão,7816822,15.99,"€0,16/un",Finish,Limpeza/Cozinha/Detergente Máquina Loiça,https://www.continente.pt/dw/image/v2/BDVS_PRD/on/demandware.static/-/Sites-col-master-catalog/default/dw30d3b16c/images/col/781/7816822-frente.jpg?sw=280&sh=280,100 doses,https://www.continente.pt/produto/detergente-maquina-loica-pastilhas-power-limao-finish-7816822.html,limpeza,2025-04-21,Continente
Detergente Manual Loiça Ultra Limão,5039180,2.99,"€4,86/lt",Fairy,Limpeza/Cozinha/Detergente Manual Loiça,https://www.continente.pt/dw/image/v2/BDVS_PRD/on/demandware.static/-/Sites-col-master-catalog/default/dw04823e08/images/col/503/5039180-frente.jpg?sw=280&sh=280,emb. 615 ml,https://www.continente.pt/produto/detergente-manual-loica-ultra-limao-fairy-5039180.html,limpeza,2025-04-21,Continente
Papel Higiénico 3 Folhas Acolchoado,5405536,9.59,"€0,40/un",Scottex,"Beleza e Higiene/Papel Higiénico/Papel Higiénico 3, 4 e 5 Folhas",https://www.continente.pt/dw/image/v2/BDVS_PRD/on/demandware.static/-/Sites-col-master-catalog/default/dw9d849171/images/col/540/5405536-hero.png?sw=280&sh=280,emb. 24 rolos,https://www.continente.pt/produto/papel-higienico-3-folhas-acolchoado-scottex-5405536.html,limpeza,2025-04-21,Continente
Rolo de Cozinha Max Absorption Extra XXL,5582328,1.98,"€0,99/un",Renova,Limpeza/Guardanapos e Rolos/Rolos de Cozinha,https://www.continente.pt/dw/image/v2/BDVS_PRD/on/demandware.static/-/Sites-col-master-catalog/default/dwe3feb0ec/images/col/558/5582328-frente.png?sw=280&sh=280,2 rolos,https://www.continente.pt/produto/rolo-de-cozinha-max-absorption-extra-xxl-renova-5582328.html,limpeza,2025-04-21,Continente
Detergente Máquina Roupa Líquido Sabão Azul e Branco,7684656,33.99,"€0,11/dos",Persil,Limpeza/Roupa/Detergente Máquina,https://www.continente.pt/dw/image/v2/BDVS_PRD/on/demandware.static/-/Sites-col-master-catalog/default/dwfb1d4beb/images/col/768/7684656-hero.jpg?sw=280&sh=280,emb. 3 x 100 doses,https://www.continente.pt/produto/detergente-maquina-roupa-liquido-sabao-azul-e-branco-persil-7684656.html,limpeza,2025-04-21,Continente
Detergente Manual Loiça Ultra Original,5039197,2.99,"€4,86/lt",Fairy,Limpeza/Cozinha/Detergente Manual Loiça,https://www.continente.pt/dw/image/v2/BDVS_PRD/on/demandware.static/-/Sites-col-master-catalog/default/dwd52965cb/images/col/503/5039197-frente.jpg?sw=280&sh=280,emb. 615 ml,https://www.continente.pt/produto/detergente-manual-loica-ultra-original-fairy-5039197.html,limpeza,2025-04-21,Continente
Papel Higiénico 2 Folhas Super,2919350,9.49,"€0,20/un",Renova,Beleza e Higiene/Papel Higiénico/Papel Higiénico 2 Folhas,https://www.continente.pt/dw/image/v2/BDVS_PRD/on/demandware.static/-/Sites-col-master-catalog/default/dwefcd5cfa/images/col/291/2919350-frente.png?sw=280&sh=280,emb. 48 rolos,https://www.continente.pt/produto/papel-higienico-2-folhas-super-renova-2919350.html,limpeza,2025-04-21,Continente
Detergente Manual Loiça Ultra Limão,7654326,6.29,"€5,03/lt",Fairy,Limpeza/Cozinha/Detergente Manual Loiça,https://www.continente.pt/dw/image/v2/BDVS_PRD/on/demandware.static/-/Sites-col-master-catalog/default/dw5a2089d8/images/col/765/7654326-frente.jpg?sw=280&sh=280,"emb. 1,25 lt",https://www.continente.pt/produto/detergente-manual-loica-ultra-limao-fairy-7654326.html,limpeza,2025-04-21,Continente
Papel Higiénico Ultra Suave XXL Compacto,6646118,11.44,"€0,48/un",Colhogar,Beleza e Higiene/Papel Higiénico/Papel Higiénico Compacto,https://www.continente.pt/dw/image/v2/BDVS_PRD/on/demandware.static/-/Sites-col-master-catalog/default/dwbe01d4e1/images/col/664/6646118-hero.png?sw=280&sh=280,emb. 24 rolos = 48 rolos,https://www.continente.pt/produto/papel-higienico-ultra-suave-xxl-compacto-colhogar-6646118.html,limpeza,2025-04-21,Continente
Multisuperfícies Spray Lixívia e Higiene,7523810,6.11,"€4,07/lt",Cillit Bang,Limpeza/Limpeza Geral/Multisuperfícies,https://www.continente.pt/dw/image/v2/BDVS_PRD/on/demandware.static/-/Sites-col-master-catalog/default/dw30445e73/images/col/752/7523810-hero.jpg?sw=280&sh=280,emb. 3 x 500 ml,https://www.continente.pt/produto/multisuperficies-spray-lixivia-e-higiene-cillit-bang-7523810.html,limpeza,2025-04-21,Continente
Ambientador Recarga Elétrico Delícias de Verão,7397807,7.99,"€2,66/un",Air Wick,Limpeza/Velas e Ambientadores/Ambientadores Elétricos,https://www.continente.pt/dw/image/v2/BDVS_PRD/on/demandware.static/-/Sites-col-master-catalog/default/dwbbd6919f/images/col/739/7397807-frente.jpg?sw=280&sh=280,emb. 3 un,https://www.continente.pt/produto/ambientador-recarga-eletrico-delicias-de-verao-air-wick-7397807.html,limpeza,2025-04-21,Continente
Amaciador Roupa Concentrado Essência Azul,7772512,3.99,"€0,04/dos",Comfort,Limpeza/Roupa/Amaciador e Intensificador Perfume,https://www.continente.pt/dw/image/v2/BDVS_PRD/on/demandware.static/-/Sites-col-master-catalog/default/dw950cbd5d/images/col/777/7772512-frente.jpg?sw=280&sh=280,100 doses,https://www.continente.pt/produto/amaciador-roupa-concentrado-essencia-azul-comfort-7772512.html,limpeza,2025-04-21,Continente
Rolo de Cozinha Design XXL,5182883,1.99,"€0,66/un",Renova,Limpeza/Guardanapos e Rolos/Rolos de Cozinha,https://www.continente.pt/dw/image/v2/BDVS_PRD/on/demandware.static/-/Sites-col-master-catalog/default/dwe59f16ed/images/col/518/5182883-frente.jpg?sw=280&sh=280,3 rolo,https://www.continente.pt/produto/rolo-de-cozinha-design-xxl-renova-5182883.html,limpeza,2025-04-21,Continente
Detergente Máquina Roupa Líquido Sabão Azul e Branco,7684441,11.99,"€0,12/dos",Persil,Limpeza/Roupa/Detergente Máquina,https://www.continente.pt/dw/image/v2/BDVS_PRD/on/demandware.static/-/Sites-col-master-catalog/default/dw1ecb990f/images/col/768/7684441-frente.jpg?sw=280&sh=280,100 doses,https://www.continente.pt/produto/detergente-maquina-roupa-liquido-sabao-azul-e-branco-persil-7684441.html,limpeza,2025-04-21,Continente
Rolo de Cozinha Profissional,4421787,3.99,"€3,99/un",Foxy,Limpeza/Guardanapos e Rolos/Rolos de Cozinha,https://www.continente.pt/dw/image/v2/BDVS_PRD/on/demandware.static/-/Sites-col-master-catalog/default/dwd9c04fa0/images/col/442/4421787-frente.jpg?sw=280&sh=280,1 rolo = 10 rolos,https://www.continente.pt/produto/rolo-de-cozinha-profissional-foxy-4421787.html,limpeza,2025-04-21,Continente
Bloco Sanitário Poder Ativo Pinho,7805416,6.99,"€1,17/un",Bref Sonasol,Limpeza/Casa de Banho/Blocos Sanitários,https://www.continente.pt/dw/image/v2/BDVS_PRD/on/demandware.static/-/Sites-col-master-catalog/default/dwcc5431c9/images/col/780/7805416-frente.jpg?sw=280&sh=280,emb. 6 un,https://www.continente.pt/produto/bloco-sanitario-poder-ativo-pinho-bref-sonasol-7805416.html,limpeza,2025-04-21,Continente
Creme de Limpeza Original,5392344,2.69,"€3,84/lt",Cif,Limpeza/Limpeza Geral/Multisuperfícies,https://www.continente.pt/dw/image/v2/BDVS_PRD/on/demandware.static/-/Sites-col-master-catalog/default/dw3b98bc61/images/col/539/5392344-hero.png?sw=280&sh=280,emb. 700 ml,https://www.continente.pt/produto/creme-de-limpeza-original-cif-5392344.html,limpeza,2025-04-21,Continente
Detergente Máquina Roupa Pó Active Clean,7791880,17.99,"€0,18/dos",Skip,Limpeza/Roupa/Detergente Máquina,https://www.continente.pt/dw/image/v2/BDVS_PRD/on/demandware.static/-/Sites-col-master-catalog/default/dw1fcfa63d/images/col/779/7791880-direito.jpg?sw=280&sh=280,100 doses,https://www.continente.pt/produto/detergente-maquina-roupa-po-active-clean-skip-7791880.html,limpeza,2025-04-21,Continente
Remove Bolores Spray Perfect Finish,6507125,2.49,"€5,72/lt",Cif,Limpeza/Limpeza Geral/Multisuperfícies,https://www.continente.pt/dw/image/v2/BDVS_PRD/on/demandware.static/-/Sites-col-master-catalog/default/dwee88ae4d/images/col/650/6507125-frente.jpg?sw=280&sh=280,emb. 435 ml,https://www.continente.pt/produto/remove-bolores-spray-perfect-finish-cif-6507125.html,limpeza,2025-04-21,Continente
Abrilhantador Máquina Loiça,7684648,8.99,"€7,82/lt",Finish,Limpeza/Cozinha/Aditivos Máquina Loiça,https://www.continente.pt/dw/image/v2/BDVS_PRD/on/demandware.static/-/Sites-col-master-catalog/default/dwb0844994/images/col/768/7684648-frente.jpg?sw=280&sh=280,"emb. 1,15 lt",https://www.continente.pt/produto/abrilhantador-maquina-loica-finish-7684648.html,limpeza,2025-04-21,Continente
Lava Tudo Líquido Brilhante Madeiras Efeito Reparador,7520448,7.78,"€2,36/lt",Sonasol,Limpeza/Limpeza Geral/Madeiras,https://www.continente.pt/dw/image/v2/BDVS_PRD/on/demandware.static/-/Sites-col-master-catalog/default/dwdf1a4313/images/col/752/7520448-hero.jpg?sw=280&sh=280,"emb. 3 x 1,1 lt",https://www.continente.pt/produto/lava-tudo-liquido-brilhante-madeiras-efeito-reparador-sonasol-7520448.html,limpeza,2025-04-21,Continente
Lixívia Tradicional,2232064,2.99,"€0,75/lt",Neoblanc,Limpeza/Limpeza Geral/Lixívias,https://www.continente.pt/dw/image/v2/BDVS_PRD/on/demandware.static/-/Sites-col-master-catalog/default/dw787da846/images/col/223/2232064-frente.jpg?sw=280&sh=280,emb. 4 lt,https://www.continente.pt/produto/lixivia-tradicional-neoblanc-2232064.html,limpeza,2025-04-21,Continente
Ambientador Recarga Difusor Lavanda,7660294,7.59,"€2,53/un",Air Wick,Limpeza/Velas e Ambientadores/Ambientadores Automáticos,https://www.continente.pt/dw/image/v2/BDVS_PRD/on/demandware.static/-/Sites-col-master-catalog/default/dw5ded0f0c/images/col/766/7660294-frente.jpg?sw=280&sh=280,emb. 3 un,https://www.continente.pt/produto/ambientador-recarga-difusor-lavanda-air-wick-7660294.html,limpeza,2025-04-21,Continente
Detergente Máquina Loiça Power Gel 0%,7074059,9.99,"€0,17/un",Finish,Limpeza/Cozinha/Detergente Máquina Loiça,https://www.continente.pt/dw/image/v2/BDVS_PRD/on/demandware.static/-/Sites-col-master-catalog/default/dw6c87c95b/images/col/707/7074059-frente.jpg?sw=280&sh=280,60 doses,https://www.continente.pt/produto/detergente-maquina-loica-power-gel-0--finish-7074059.html,limpeza,2025-04-21,Continente
Recarga Espanador,7682005,10.49,"€0,58/un",Swiffer,"Limpeza/Mopas, Esfregonas e Vassouras/Mopas e Espanadores",https://www.continente.pt/dw/image/v2/BDVS_PRD/on/demandware.static/-/Sites-col-master-catalog/default/dw2ff162f7/images/col/768/7682005-hero.png?sw=280&sh=280,emb. 18 un,https://www.continente.pt/produto/recarga-espanador-swiffer-7682005.html,limpeza,2025-04-21,Continente
Lixívia Delicada Gentil,4879762,4.49,"€2,25/lt",Neoblanc,Limpeza/Roupa/Aditivos e Auxiliares,https://www.continente.pt/dw/image/v2/BDVS_PRD/on/demandware.static/-/Sites-col-master-catalog/default/dwa59f85bc/images/col/487/4879762-frente.jpg?sw=280&sh=280,emb. 2 lt,https://www.continente.pt/produto/lixivia-delicada-gentil-neoblanc-4879762.html,limpeza,2025-04-21,Continente
Lenços de Bolso 4 Folhas Sensitive Pure,5473048,2.65,"€0,15/un",Renova,Beleza e Higiene/Lenços e Cuidados de Saúde/Lenços de Papel,https://www.continente.pt/dw/image/v2/BDVS_PRD/on/demandware.static/-/Sites-col-master-catalog/default/dw8204d570/images/col/547/5473048-frente.jpg?sw=280&sh=280,emb. 18 un,https://www.continente.pt/produto/lencos-de-bolso-4-folhas-sensitive-pure-renova-5473048.html,limpeza,2025-04-21,Continente
Amaciador Roupa Ouro e Orquídea Branca,7804945,6.04,"€0,05/dos",Quanto,Limpeza/Roupa/Amaciador e Intensificador Perfume,https://www.continente.pt/dw/image/v2/BDVS_PRD/on/demandware.static/-/Sites-col-master-catalog/default/dw8501d6eb/images/col/780/7804945-frente.jpg?sw=280&sh=280,132 doses,https://www.continente.pt/produto/amaciador-roupa-ouro-e-orquidea-branca-quanto-7804945.html,limpeza,2025-04-21,Continente
Desentupidor Canos Gel Turbo+,4855381,5.84,"€5,84/lt",Destop,Limpeza/Casa de Banho/Desentupidores,https://www.continente.pt/dw/image/v2/BDVS_PRD/on/demandware.static/-/Sites-col-master-catalog/default/dw1f6cf060/images/col/485/4855381-frente.jpg?sw=280&sh=280,emb. 1 lt,https://www.continente.pt/produto/desentupidor-canos-gel-turbo-destop-4855381.html,limpeza,2025-04-21,Continente
Lava Tudo Líquido Brilhante Madeiras Efeito Reparador,5305840,2.79,"€2,54/lt",Sonasol,Limpeza/Limpeza Geral/Madeiras,https://www.continente.pt/dw/image/v2/BDVS_PRD/on/demandware.static/-/Sites-col-master-catalog/default/dw6ca2d27f/images/col/530/5305840-hero.jpg?sw=280&sh=280,"emb. 1,1 lt",https://www.continente.pt/produto/lava-tudo-liquido-brilhante-madeiras-efeito-reparador-sonasol-5305840.html,limpeza,2025-04-21,Continente
Ambientador Absorve Odores Origins Oceano,7805449,3.99,"€2,00/un",Ambipur,Limpeza/Velas e Ambientadores/Absorve Odores,https://www.continente.pt/dw/image/v2/BDVS_PRD/on/demandware.static/-/Sites-col-master-catalog/default/dwce118941/images/col/780/7805449-frente.jpg?sw=280&sh=280,emb. 2 un,https://www.continente.pt/produto/ambientador-absorve-odores-origins-oceano-ambipur-7805449.html,limpeza,2025-04-21,Continente
Discos Sanitários Ativos Recargas Lima,4905301,3.49,"€0,29/dos",Pato,Limpeza/Casa de Banho/Blocos Sanitários,https://www.continente.pt/dw/image/v2/BDVS_PRD/on/demandware.static/-/Sites-col-master-catalog/default/dw867467cd/images/col/490/4905301-frente.jpg?sw=280&sh=280,2 x 6 doses,https://www.continente.pt/produto/discos-sanitarios-ativos-recargas-lima-pato-4905301.html,limpeza,2025-04-21,Continente
Anti-Bolores Spray Sujidade,6984311,2.49,"€4,98/lt",Cillit Bang,Limpeza/Limpeza Geral/Multisuperfícies,https://www.continente.pt/dw/image/v2/BDVS_PRD/on/demandware.static/-/Sites-col-master-catalog/default/dwc9225064/images/col/698/6984311-frente.png?sw=280&sh=280,emb. 500 ml,https://www.continente.pt/produto/anti-bolores-spray-sujidade-cillit-bang-6984311.html,limpeza,2025-04-21,Continente
Lenços Faciais,5978959,1.35,"€0,02/un",Scottex,Beleza e Higiene/Lenços e Cuidados de Saúde/Lenços de Papel,https://www.continente.pt/dw/image/v2/BDVS_PRD/on/demandware.static/-/Sites-col-master-catalog/default/dwf3a80d8f/images/col/597/5978959-direito-azul.jpg?sw=280&sh=280,emb. 70 un,https://www.continente.pt/produto/lencos-faciais-scottex-5978959.html,limpeza,2025-04-21,Continente
Rolo de Cozinha 2 Folhas Multiusos Mega,6781864,3.49,"€3,49/un",Continente,Limpeza/Guardanapos e Rolos/Rolos de Cozinha,https://www.continente.pt/dw/image/v2/BDVS_PRD/on/demandware.static/-/Sites-col-master-catalog/default/dwc11dcc58/images/col/678/6781864-frente.jpg?sw=280&sh=280,1 rolo = 10 rolos,https://www.continente.pt/produto/rolo-de-cozinha-2-folhas-multiusos-mega-continente-6781864.html,limpeza,2025-04-21,Continente
Guardanapos 2 Folhas Branco,5037445,1.29,"€0,01/un",Continente,Limpeza/Guardanapos e Rolos/Guardanapos,https://www.continente.pt/dw/image/v2/BDVS_PRD/on/demandware.static/-/Sites-col-master-catalog/default/dw08bca7eb/images/col/503/5037445-frente.jpg?sw=280&sh=280,100 un,https://www.continente.pt/produto/guardanapos-2-folhas-branco-continente-5037445.html,limpeza,2025-04-21,Continente
Sacos Lixo Fecho Fácil 30 lt,7536679,2.99,"€0,05/un",Continente,Limpeza/Sacos e Baldes do Lixo/Sacos do Lixo,https://www.continente.pt/dw/image/v2/BDVS_PRD/on/demandware.static/-/Sites-col-master-catalog/default/dw02edfd52/images/col/753/7536679-frente.jpg?sw=280&sh=280,emb. 3 x 20 un,https://www.continente.pt/produto/sacos-lixo-fecho-facil-30-lt-continente-7536679.html,limpeza,2025-04-21,Continente
Papel Higiénico Ultra Suave XXL Compacto,6021279,6.3,"€0,53/un",Colhogar,Beleza e Higiene/Papel Higiénico/Papel Higiénico Compacto,https://www.continente.pt/dw/image/v2/BDVS_PRD/on/demandware.static/-/Sites-col-master-catalog/default/dw3a8f9e86/images/col/602/6021279-hero.png?sw=280&sh=280,emb. 12 rolos = 24 rolos,https://www.continente.pt/produto/papel-higienico-ultra-suave-xxl-compacto-colhogar-6021279.html,limpeza,2025-04-21,Continente
Lixívia Tradicional Pack Poupança,7263789,1.69,"€0,34/lt",Continente,Limpeza/Limpeza Geral/Lixívias,https://www.continente.pt/dw/image/v2/BDVS_PRD/on/demandware.static/-/Sites-col-master-catalog/default/dwd49aa921/images/col/726/7263789-hero.jpg?sw=280&sh=280,emb. 5 lt,https://www.continente.pt/produto/lixivia-tradicional-pack-poupanca-continente-7263789.html,limpeza,2025-04-21,Continente
Sacos Lixo Perfumados Fecho Fácil 30 lt,7536681,2.29,"€0,06/un",Continente,Limpeza/Sacos e Baldes do Lixo/Sacos do Lixo,https://www.continente.pt/dw/image/v2/BDVS_PRD/on/demandware.static/-/Sites-col-master-catalog/default/dw888473fb/images/col/753/7536681-frente.jpg?sw=280&sh=280,emb. 2 x 20 un,https://www.continente.pt/produto/sacos-lixo-perfumados-fecho-facil-30-lt-continente-7536681.html,limpeza,2025-04-21,Continente
Papel Higiénico Húmido,7399004,1.8,"€0,04/un",Renova,Beleza e Higiene/Papel Higiénico/Papel Higiénico Húmido,https://www.continente.pt/dw/image/v2/BDVS_PRD/on/demandware.static/-/Sites-col-master-catalog/default/dwaff1112f/images/col/739/7399004-frente.jpg?sw=280&sh=280,emb. 40 un + 20 un GRÁTIS,https://www.continente.pt/produto/papel-higienico-humido-renova-7399004.html,limpeza,2025-04-21,Continente
Papel Higiénico 4 Folhas Sublime,6188514,5.05,"€0,42/un",Continente,"Beleza e Higiene/Papel Higiénico/Papel Higiénico 3, 4 e 5 Folhas",https://www.continente.pt/dw/image/v2/BDVS_PRD/on/demandware.static/-/Sites-col-master-catalog/default/dw1d044871/images/col/618/6188514-frente.jpg?sw=280&sh=280,emb. 12 rolos,https://www.continente.pt/produto/papel-higienico-4-folhas-sublime-continente-6188514.html,limpeza,2025-04-21,Continente
Guardanapos 1 Folha Pack Poupança,8027719,1.19,"€0,01/un",Continente,Limpeza/Guardanapos e Rolos/Guardanapos,https://www.continente.pt/dw/image/v2/BDVS_PRD/on/demandware.static/-/Sites-col-master-catalog/default/dw00349378/images/col/802/8027719-frente.jpg?sw=280&sh=280,emb. 200 un,https://www.continente.pt/produto/guardanapos-1-folha-pack-poupanca-continente-8027719.html,limpeza,2025-04-21,Continente
Papel Higiénico 3 Folhas Ultra Suave Talco,5879135,4.99,"€0,42/un",Continente,"Beleza e Higiene/Papel Higiénico/Papel Higiénico 3, 4 e 5 Folhas",https://www.continente.pt/dw/image/v2/BDVS_PRD/on/demandware.static/-/Sites-col-master-catalog/default/dw328c0f15/images/col/587/5879135-frente.png?sw=280&sh=280,emb. 12 rolos,https://www.continente.pt/produto/papel-higienico-3-folhas-ultra-suave-talco-continente-5879135.html,limpeza,2025-04-21,Continente
Papel Higiénico Super Compact,4883883,2.29,"€0,57/un",Renova,Beleza e Higiene/Papel Higiénico/Papel Higiénico Compacto,https://www.continente.pt/dw/image/v2/BDVS_PRD/on/demandware.static/-/Sites-col-master-catalog/default/dwc893edd8/images/col/488/4883883-hero.jpg?sw=280&sh=280,emb. 4 rolos = 12 rolos,https://www.continente.pt/produto/papel-higienico-super-compact-renova-4883883.html,limpeza,2025-04-21,Continente
Sacos Lixo Fecho Fácil 100 lt,7536664,1.29,"€0,13/un",Continente,Limpeza/Sacos e Baldes do Lixo/Sacos do Lixo,https://www.continente.pt/dw/image/v2/BDVS_PRD/on/demandware.static/-/Sites-col-master-catalog/default/dwa7f6daa4/images/col/753/7536664-frente.jpg?sw=280&sh=280,emb. 10 un,https://www.continente.pt/produto/sacos-lixo-fecho-facil-100-lt-continente-7536664.html,limpeza,2025-04-21,Continente
Papel Higiénico Compacto Maxi,5782642,2.39,"€0,60/un",Continente,Beleza e Higiene/Papel Higiénico/Papel Higiénico Compacto,https://www.continente.pt/dw/image/v2/BDVS_PRD/on/demandware.static/-/Sites-col-master-catalog/default/dw3b936f05/images/col/578/5782642-frente.jpg?sw=280&sh=280,emb. 4 rolos = 12 rolos,https://www.continente.pt/produto/papel-higienico-compacto-maxi-continente-5782642.html,limpeza,2025-04-21,Continente
Detergente Máquina Roupa Líquido Sensitive,7827166,14.99,"€0,15/dos",Skip,Limpeza/Roupa/Detergente Máquina,https://www.continente.pt/dw/image/v2/BDVS_PRD/on/demandware.static/-/Sites-col-master-catalog/default/dwd36e9756/images/col/782/7827166-frente.jpg?sw=280&sh=280,100 doses,https://www.continente.pt/produto/detergente-maquina-roupa-liquido-sensitive-skip-7827166.html,limpeza,2025-04-21,Continente
Guardanapos 1 Folha Branco,4278726,0.65,"€0,01/un",Continente,Limpeza/Guardanapos e Rolos/Guardanapos,https://www.continente.pt/dw/image/v2/BDVS_PRD/on/demandware.static/-/Sites-col-master-catalog/default/dwd05f7184/images/col/427/4278726-frente.jpg?sw=280&sh=280,100 un,https://www.continente.pt/produto/guardanapos-1-folha-branco-continente-4278726.html,limpeza,2025-04-21,Continente
Guardanapos 3 Folhas,7201733,1.59,"€0,02/un",Continente,Limpeza/Guardanapos e Rolos/Guardanapos,https://www.continente.pt/dw/image/v2/BDVS_PRD/on/demandware.static/-/Sites-col-master-catalog/default/dw7b32bff4/images/col/720/7201733-frente.png?sw=280&sh=280,emb. 70 un,https://www.continente.pt/produto/guardanapos-3-folhas-continente-7201733.html,limpeza,2025-04-21,Continente
Papel Higiénico Compacto Reciclado,5795754,6.8,"€0,38/un",Continente,Beleza e Higiene/Papel Higiénico/Papel Higiénico Compacto,https://www.continente.pt/dw/image/v2/BDVS_PRD/on/demandware.static/-/Sites-col-master-catalog/default/dw6c9df8de/images/col/579/5795754-frente.jpg?sw=280&sh=280,18 rolos = 36 rolos,https://www.continente.pt/produto/papel-higienico-compacto-reciclado-continente-5795754.html,limpeza,2025-04-21,Continente
Rolo de Cozinha Compacto Plus,6227493,1.69,"€0,85/un",Continente,Limpeza/Guardanapos e Rolos/Rolos de Cozinha,https://www.continente.pt/dw/image/v2/BDVS_PRD/on/demandware.static/-/Sites-col-master-catalog/default/dw5fbbf688/images/col/622/6227493-frente.png?sw=280&sh=280,2 rolos = 6 rolos,https://www.continente.pt/produto/rolo-de-cozinha-compacto-plus-continente-6227493.html,limpeza,2025-04-21,Continente
Rolo de Cozinha 100% Reciclado,7201089,2.99,"€1,50/un",Continente Eco,Limpeza/Guardanapos e Rolos/Rolos de Cozinha,https://www.continente.pt/dw/image/v2/BDVS_PRD/on/demandware.static/-/Sites-col-master-catalog/default/dwfde14c63/images/col/720/7201089-hero.jpg?sw=280&sh=280,2 rolos = 6 rolos,https://www.continente.pt/produto/rolo-de-cozinha-100--reciclado-continente-eco-7201089.html,limpeza,2025-04-21,Continente
Rolo de Cozinha Pack Poupança,7374740,2.9,"€0,73/un",Continente,Limpeza/Guardanapos e Rolos/Rolos de Cozinha,https://www.continente.pt/dw/image/v2/BDVS_PRD/on/demandware.static/-/Sites-col-master-catalog/default/dwa8d16641/images/col/737/7374740-frente.png?sw=280&sh=280,4 rolos = 12 rolos,https://www.continente.pt/produto/rolo-de-cozinha-pack-poupanca-continente-7374740.html,limpeza,2025-04-21,Continente
Papel Higiénico 3 Folhas Acolchoado,5405623,3.99,"€0,44/un",Scottex,"Beleza e Higiene/Papel Higiénico/Papel Higiénico 3, 4 e 5 Folhas",https://www.continente.pt/dw/image/v2/BDVS_PRD/on/demandware.static/-/Sites-col-master-catalog/default/dwffcfb902/images/col/540/5405623-amb-hero.png?sw=280&sh=280,emb. 9 rolos,https://www.continente.pt/produto/papel-higienico-3-folhas-acolchoado-scottex-5405623.html,limpeza,2025-04-21,Continente
Detergente Máquina Loiça Pastilhas Quantum,8147558,14.99,"€0,17/un",Finish,Limpeza/Cozinha/Detergente Máquina Loiça,https://www.continente.pt/dw/image/v2/BDVS_PRD/on/demandware.static/-/Sites-col-master-catalog/default/dw3fb442eb/images/col/814/8147558-frente.png?sw=280&sh=280,90 doses,https://www.continente.pt/produto/detergente-maquina-loica-pastilhas-quantum-finish-8147558.html,limpeza,2025-04-21,Continente
Guardanapos 1 Folha Red Label Brancos,2210146,0.79,"€0,01/un",Renova,Limpeza/Guardanapos e Rolos/Guardanapos,https://www.continente.pt/dw/image/v2/BDVS_PRD/on/demandware.static/-/Sites-col-master-catalog/default/dwba4d35b1/images/col/221/2210146-frente.jpg?sw=280&sh=280,emb. 70 un,https://www.continente.pt/produto/guardanapos-1-folha-red-label-brancos-renova-2210146.html,limpeza,2025-04-21,Continente
Lenços Faciais Colletion,7476557,1.49,"€0,03/un",Kleenex,Beleza e Higiene/Lenços e Cuidados de Saúde/Lenços de Papel,https://www.continente.pt/dw/image/v2/BDVS_PRD/on/demandware.static/-/Sites-col-master-catalog/default/dw87af2553/images/col/747/7476557-esquerdo.jpg?sw=280&sh=280,emb. 56 un,https://www.continente.pt/produto/lencos-faciais-colletion-kleenex-7476557.html,limpeza,2025-04-21,Continente
Rolo de Cozinha Maxi Absorption Extra XXL,4534090,1.19,"€1,19/un",Renova,Limpeza/Guardanapos e Rolos/Rolos de Cozinha,https://www.continente.pt/dw/image/v2/BDVS_PRD/on/demandware.static/-/Sites-col-master-catalog/default/dw3f25ef9e/images/col/453/4534090-frente.jpg?sw=280&sh=280,1 rolo,https://www.continente.pt/produto/rolo-de-cozinha-maxi-absorption-extra-xxl-renova-4534090.html,limpeza,2025-04-21,Continente
Papel Higiénico Húmido Fresh,5137013,2.22,"€0,03/un",Scottex,Beleza e Higiene/Papel Higiénico/Papel Higiénico Húmido,https://www.continente.pt/dw/image/v2/BDVS_PRD/on/demandware.static/-/Sites-col-master-catalog/default/dw1313748c/images/col/513/5137013-hero.jpg?sw=280&sh=280,emb. 74 un,https://www.continente.pt/produto/papel-higienico-humido-fresh-scottex-5137013.html,limpeza,2025-04-21,Continente
Amaciador Roupa Concentrado Essência Pure,7835108,3.99,"€0,04/dos",Comfort,Limpeza/Roupa/Amaciador e Intensificador Perfume,https://www.continente.pt/dw/image/v2/BDVS_PRD/on/demandware.static/-/Sites-col-master-catalog/default/dwe746d0fc/images/col/783/7835108-frente.jpg?sw=280&sh=280,100 doses,https://www.continente.pt/produto/amaciador-roupa-concentrado-essencia-pure-comfort-7835108.html,limpeza,2025-04-21,Continente
Papel Higiénico Húmido Sensitive,6051440,2.22,"€0,03/un",Scottex,Beleza e Higiene/Papel Higiénico/Papel Higiénico Húmido,https://www.continente.pt/dw/image/v2/BDVS_PRD/on/demandware.static/-/Sites-col-master-catalog/default/dwb0faa833/images/col/605/6051440-hero.jpg?sw=280&sh=280,emb. 66 un,https://www.continente.pt/produto/papel-higienico-humido-sensitive-scottex-6051440.html,limpeza,2025-04-21,Continente
Sacos Lixo Eco+ Maxi Rolo 30 lt,7439833,4.19,"€0,14/un",Vileda,Limpeza/Sacos e Baldes do Lixo/Sacos do Lixo,https://www.continente.pt/dw/image/v2/BDVS_PRD/on/demandware.static/-/Sites-col-master-catalog/default/dwa209ebc0/images/col/743/7439833-frente.jpg?sw=280&sh=280,emb. 30 un,https://www.continente.pt/produto/sacos-lixo-eco-maxi-rolo-30-lt-vileda-7439833.html,limpeza,2025-04-21,Continente
Rolo de Cozinha Maxi Absorption,2210299,1.95,"€0,49/un",Renova,Limpeza/Guardanapos e Rolos/Rolos de Cozinha,https://www.continente.pt/dw/image/v2/BDVS_PRD/on/demandware.static/-/Sites-col-master-catalog/default/dwce501e15/images/col/221/2210299-frente.jpg?sw=280&sh=280,4 un,https://www.continente.pt/produto/rolo-de-cozinha-maxi-absorption-renova-2210299.html,limpeza,2025-04-21,Continente
Guardanapos 2 Folhas BLK Branco,4529792,2.39,"€0,03/un",Renova,Limpeza/Guardanapos e Rolos/Guardanapos,https://www.continente.pt/dw/image/v2/BDVS_PRD/on/demandware.static/-/Sites-col-master-catalog/default/dw99eb38e7/images/col/452/4529792-frente.jpg?sw=280&sh=280,emb. 75 un,https://www.continente.pt/produto/guardanapos-2-folhas-blk-branco-renova-4529792.html,limpeza,2025-04-21,Continente
Toalhitas Proteção Cores,6160785,4.99,"€0,25/un",Woolite,Limpeza/Roupa/Aditivos e Auxiliares,https://www.continente.pt/dw/image/v2/BDVS_PRD/on/demandware.static/-/Sites-col-master-catalog/default/dw4cbf814d/images/col/616/6160785-frente.jpg?sw=280&sh=280,emb. 20 un,https://www.continente.pt/produto/toalhitas-protecao-cores-woolite-6160785.html,limpeza,2025-04-21,Continente
Lenços Faciais Design Pop Cosy,5844270,1.69,"€0,03/un",Renova,Beleza e Higiene/Lenços e Cuidados de Saúde/Lenços de Papel,https://www.continente.pt/dw/image/v2/BDVS_PRD/on/demandware.static/-/Sites-col-master-catalog/default/dwfbc3c905/images/col/584/5844270-hero.png?sw=280&sh=280,emb. 50 un,https://www.continente.pt/produto/lencos-faciais-design-pop-cosy-renova-5844270.html,limpeza,2025-04-21,Continente
Sacos Lixo WC 10 lt,7708490,0.89,"€0,03/un",Continente,Limpeza/Sacos e Baldes do Lixo/Sacos do Lixo,https://www.continente.pt/dw/image/v2/BDVS_PRD/on/demandware.static/-/Sites-col-master-catalog/default/dwfc58c44a/images/col/770/7708490-frente.jpg?sw=280&sh=280,emb. 30 un,https://www.continente.pt/produto/sacos-lixo-wc-10-lt-continente-7708490.html,limpeza,2025-04-21,Continente
Rolo de Cozinha Maxi Absorption XXL Ultra Power,7409866,2.15,"€1,08/un",Renova,Limpeza/Guardanapos e Rolos/Rolos de Cozinha,https://www.continente.pt/dw/image/v2/BDVS_PRD/on/demandware.static/-/Sites-col-master-catalog/default/dwb5446484/images/col/740/7409866-hero.jpg?sw=280&sh=280,2 rolos,https://www.continente.pt/produto/rolo-de-cozinha-maxi-absorption-xxl-ultra-power-renova-7409866.html,limpeza,2025-04-21,Continente
Sal Máquina Loiça,2388486,1.49,"€1,49/kg",Sun,Limpeza/Cozinha/Aditivos Máquina Loiça,https://www.continente.pt/dw/image/v2/BDVS_PRD/on/demandware.static/-/Sites-col-master-catalog/default/dwaafb6ae2/images/col/238/2388486-frente.jpg?sw=280&sh=280,emb. 1 kg,https://www.continente.pt/produto/sal-maquina-loica-sun-2388486.html,limpeza,2025-04-21,Continente
Bloco Sanitário Floral Pack Poupança,8016779,2.19,"€0,73/un",Continente,Limpeza/Casa de Banho/Blocos Sanitários,https://www.continente.pt/dw/image/v2/BDVS_PRD/on/demandware.static/-/Sites-col-master-catalog/default/dwc4463f3e/images/col/801/8016779-frente.jpg?sw=280&sh=280,emb. 3 un,https://www.continente.pt/produto/bloco-sanitario-floral-pack-poupanca-continente-8016779.html,limpeza,2025-04-21,Continente
Tira Nódoas Pó Oxi Action Cores,8088335,12.99,"€8,96/kg",Vanish,Limpeza/Roupa/Aditivos e Auxiliares,https://www.continente.pt/dw/image/v2/BDVS_PRD/on/demandware.static/-/Sites-col-master-catalog/default/dw9864ec91/images/col/808/8088335-frente.png?sw=280&sh=280,"emb. 1,45 kg",https://www.continente.pt/produto/tira-nodoas-po-oxi-action-cores-vanish-8088335.html,limpeza,2025-04-21,Continente
Limpa Vidros Recarga Cristal,2177307,1.79,"€3,58/lt",Ajax,Limpeza/Limpeza Geral/Limpa Vidros,https://www.continente.pt/dw/image/v2/BDVS_PRD/on/demandware.static/-/Sites-col-master-catalog/default/dw3c4bede8/images/col/217/2177307-hero.png?sw=280&sh=280,emb. 500 ml,https://www.continente.pt/produto/limpa-vidros-recarga-cristal-ajax-2177307.html,limpeza,2025-04-21,Continente
Bloco Sanitário Blue Active Eucalipto,6481332,2.99,"€1,50/un",Bref Sonasol,Limpeza/Casa de Banho/Blocos Sanitários,https://www.continente.pt/dw/image/v2/BDVS_PRD/on/demandware.static/-/Sites-col-master-catalog/default/dwfaf63209/images/col/648/6481332-frente.jpg?sw=280&sh=280,emb. 2 un,https://www.continente.pt/produto/bloco-sanitario-blue-active-eucalipto-bref-sonasol-6481332.html,limpeza,2025-04-21,Continente
Luvas Descartáveis Látex Natural M/L,5622110,1.85,"€0,18/un",Vileda,"Limpeza/Panos, Esfregões e Luvas/Luvas",https://www.continente.pt/dw/image/v2/BDVS_PRD/on/demandware.static/-/Sites-col-master-catalog/default/dw6aa23fe0/images/col/562/5622110-direito.jpg?sw=280&sh=280,10 pares,https://www.continente.pt/produto/luvas-descartaveis-latex-natural-m-l-vileda-5622110.html,limpeza,2025-04-21,Continente
Papel Higiénico Húmido Pure,6593368,2.37,"€0,03/un",Colhogar,Beleza e Higiene/Papel Higiénico/Papel Higiénico Húmido,https://www.continente.pt/dw/image/v2/BDVS_PRD/on/demandware.static/-/Sites-col-master-catalog/default/dw476d312d/images/col/659/6593368-hero.jpg?sw=280&sh=280,emb. 80 un,https://www.continente.pt/produto/papel-higienico-humido-pure-colhogar-6593368.html,limpeza,2025-04-21,Continente
Lenços Faciais 3 Folhas Active Mini,2056581,0.69,"€0,02/un",Renova,Beleza e Higiene/Lenços e Cuidados de Saúde/Lenços de Papel,https://www.continente.pt/dw/image/v2/BDVS_PRD/on/demandware.static/-/Sites-col-master-catalog/default/dw35c60f5e/images/col/205/2056581-frente.jpg?sw=280&sh=280,emb. 46 un,https://www.continente.pt/produto/lencos-faciais-3-folhas-active-mini-renova-2056581.html,limpeza,2025-04-21,Continente
Detergente Manual Loiça Clássico,7953254,0.89,"€0,89/lt",Continente,Limpeza/Cozinha/Detergente Manual Loiça,https://www.continente.pt/dw/image/v2/BDVS_PRD/on/demandware.static/-/Sites-col-master-catalog/default/dwb18fc295/images/col/795/7953254-frente.png?sw=280&sh=280,emb. 1 lt,https://www.continente.pt/produto/detergente-manual-loica-classico-continente-7953254.html,limpeza,2025-04-21,Continente
Toalhitas Proteção Cores,6396569,5.99,"€0,19/un",Vanish,Limpeza/Roupa/Aditivos e Auxiliares,https://www.continente.pt/dw/image/v2/BDVS_PRD/on/demandware.static/-/Sites-col-master-catalog/default/dw26a72331/images/col/639/6396569-frente.jpg?sw=280&sh=280,emb. 32 un,https://www.continente.pt/produto/toalhitas-protecao-cores-vanish-6396569.html,limpeza,2025-04-21,Continente
Detergente Manual Loiça Limão,7946224,0.89,"€0,89/lt",Continente,Limpeza/Cozinha/Detergente Manual Loiça,https://www.continente.pt/dw/image/v2/BDVS_PRD/on/demandware.static/-/Sites-col-master-catalog/default/dw4e4746d7/images/col/794/7946224-frente.png?sw=280&sh=280,emb. 1 lt,https://www.continente.pt/produto/detergente-manual-loica-limao-continente-7946224.html,limpeza,2025-04-21,Continente
Lava Tudo Perfumado Lavanda,5780865,0.99,"€0,50/lt",Continente,Limpeza/Limpeza Geral/Lava Tudo,https://www.continente.pt/dw/image/v2/BDVS_PRD/on/demandware.static/-/Sites-col-master-catalog/default/dwf109f84a/images/col/578/5780865-frente.jpg?sw=280&sh=280,emb. 2 lt,https://www.continente.pt/produto/lava-tudo-perfumado-lavanda-continente-5780865.html,limpeza,2025-04-21,Continente
Lenços de Bolso Collection 4 Folhas,4304756,1.99,"€0,13/un",Kleenex,Beleza e Higiene/Lenços e Cuidados de Saúde/Lenços de Papel,https://www.continente.pt/dw/image/v2/BDVS_PRD/on/demandware.static/-/Sites-col-master-catalog/default/dw022da544/images/col/430/4304756-direito.jpg?sw=280&sh=280,emb. 15 un,https://www.continente.pt/produto/lencos-de-bolso-collection-4-folhas-kleenex-4304756.html,limpeza,2025-04-21,Continente
Toalhitas de Limpeza Desinfetantes,7854064,2.14,"€0,07/un",Cif,Limpeza/Limpeza Geral/Multisuperfícies,https://www.continente.pt/dw/image/v2/BDVS_PRD/on/demandware.static/-/Sites-col-master-catalog/default/dw2a71db3e/images/col/785/7854064-frente.jpg?sw=280&sh=280,emb. 30 un,https://www.continente.pt/produto/toalhitas-de-limpeza-desinfetantes-cif-7854064.html,limpeza,2025-04-21,Continente
Sacos Lixo Super+ Maxi Rolo Fecho Fácil 50 lt,7014645,3.49,"€0,17/un",Vileda,Limpeza/Sacos e Baldes do Lixo/Sacos do Lixo,https://www.continente.pt/dw/image/v2/BDVS_PRD/on/demandware.static/-/Sites-col-master-catalog/default/dw023ebb1d/images/col/701/7014645-frente.jpg?sw=280&sh=280,emb. 20 un,https://www.continente.pt/produto/sacos-lixo-super-maxi-rolo-fecho-facil-50-lt-vileda-7014645.html,limpeza,2025-04-21,Continente
Lava Tudo Magic Lavanda,6118063,2.09,"€1,61/lt",Sonasol,Limpeza/Limpeza Geral/Lava Tudo,https://www.continente.pt/dw/image/v2/BDVS_PRD/on/demandware.static/-/Sites-col-master-catalog/default/dw5af72327/images/col/611/6118063-hero.jpg?sw=280&sh=280,"emb. 1,3 lt",https://www.continente.pt/produto/lava-tudo-magic-lavanda-sonasol-6118063.html,limpeza,2025-04-21,Continente
Lava Tudo Perfumado Marinho,7797485,1.99,"€1,53/lt",Cif,Limpeza/Limpeza Geral/Lava Tudo,https://www.continente.pt/dw/image/v2/BDVS_PRD/on/demandware.static/-/Sites-col-master-catalog/default/dwec25216c/images/col/779/7797485-frente.jpg?sw=280&sh=280,"emb. 1,3 lt",https://www.continente.pt/produto/lava-tudo-perfumado-marinho-cif-7797485.html,limpeza,2025-04-21,Continente
Papel Higiénico 3 Folhas Skin Care Puríssimo,5688935,4.99,"€0,42/un",Renova,"Beleza e Higiene/Papel Higiénico/Papel Higiénico 3, 4 e 5 Folhas",https://www.continente.pt/dw/image/v2/BDVS_PRD/on/demandware.static/-/Sites-col-master-catalog/default/dwb8df8d7d/images/col/568/5688935-frente.png?sw=280&sh=280,emb. 12 rolos,https://www.continente.pt/produto/papel-higienico-3-folhas-skin-care-purissimo-renova-5688935.html,limpeza,2025-04-21,Continente
Lenços Faciais 3 Folhas 100% Recycled,7209838,1.19,"€0,02/un",Renova,Beleza e Higiene/Lenços e Cuidados de Saúde/Lenços de Papel,https://www.continente.pt/dw/image/v2/BDVS_PRD/on/demandware.static/-/Sites-col-master-catalog/default/dw065cf0b6/images/col/720/7209838-frente.jpg?sw=280&sh=280,emb. 72 un,https://www.continente.pt/produto/lencos-faciais-3-folhas-100--recycled-renova-7209838.html,limpeza,2025-04-21,Continente
Lava Tudo Perfumado Marinho,5780862,0.99,"€0,50/lt",Continente,Limpeza/Limpeza Geral/Lava Tudo,https://www.continente.pt/dw/image/v2/BDVS_PRD/on/demandware.static/-/Sites-col-master-catalog/default/dw387bac84/images/col/578/5780862-hero.jpg?sw=280&sh=280,emb. 2 lt,https://www.continente.pt/produto/lava-tudo-perfumado-marinho-continente-5780862.html,limpeza,2025-04-21,Continente
Lenços de Bolso Compacto,7415775,0.89,"€0,15/un",Colhogar,Beleza e Higiene/Lenços e Cuidados de Saúde/Lenços de Papel,https://www.continente.pt/dw/image/v2/BDVS_PRD/on/demandware.static/-/Sites-col-master-catalog/default/dwb42f7987/images/col/741/7415775-hero.png?sw=280&sh=280,emb. 6 un,https://www.continente.pt/produto/lencos-de-bolso-compacto-colhogar-7415775.html,limpeza,2025-04-21,Continente
Sacos Lixo Super+ Perfumados Limão 30 lt,7022537,1.74,"€0,12/un",Vileda,Limpeza/Sacos e Baldes do Lixo/Sacos do Lixo,https://www.continente.pt/dw/image/v2/BDVS_PRD/on/demandware.static/-/Sites-col-master-catalog/default/dw5662fa91/images/col/702/7022537-frente.jpg?sw=280&sh=280,emb. 15 un,https://www.continente.pt/produto/sacos-lixo-super-perfumados-limao-30-lt-vileda-7022537.html,limpeza,2025-04-21,Continente
Amaciador Roupa Concentrado Creations Jasmim e Mirtilo,7772356,4.49,"€0,04/dos",Comfort,Limpeza/Roupa/Amaciador e Intensificador Perfume,https://www.continente.pt/dw/image/v2/BDVS_PRD/on/demandware.static/-/Sites-col-master-catalog/default/dweaa97248/images/col/777/7772356-frente.jpg?sw=280&sh=280,105 doses,https://www.continente.pt/produto/amaciador-roupa-concentrado-creations-jasmim-e-mirtilo-comfort-7772356.html,limpeza,2025-04-21,Continente
Lixívia Gel Original,7848409,1.94,"€2,59/lt",Domestos,Limpeza/Limpeza Geral/Lixívias,https://www.continente.pt/dw/image/v2/BDVS_PRD/on/demandware.static/-/Sites-col-master-catalog/default/dw44102a33/images/col/784/7848409-frente.jpg?sw=280&sh=280,emb. 750 ml,https://www.continente.pt/produto/lixivia-gel-original-domestos-7848409.html,limpeza,2025-04-21,Continente
Sacos Lixo Super+ Perfumados Limão 50 lt,6951221,2.09,"€0,21/un",Vileda,Limpeza/Sacos e Baldes do Lixo/Sacos do Lixo,https://www.continente.pt/dw/image/v2/BDVS_PRD/on/demandware.static/-/Sites-col-master-catalog/default/dwa896a1f4/images/col/695/6951221-frente.jpg?sw=280&sh=280,emb. 10 un,https://www.continente.pt/produto/sacos-lixo-super-perfumados-limao-50-lt-vileda-6951221.html,limpeza,2025-04-21,Continente
Bloco Sanitário Deluxe Magnólia,8188556,3.39,"€1,70/un",Bref Sonasol,Limpeza/Casa de Banho/Blocos Sanitários,https://www.continente.pt/dw/image/v2/BDVS_PRD/on/demandware.static/-/Sites-col-master-catalog/default/dwf85e8b70/images/col/818/8188556-frente.png?sw=280&sh=280,emb. 2 un,https://www.continente.pt/produto/bloco-sanitario-deluxe-magnolia-bref-sonasol-8188556.html,limpeza,2025-04-21,Continente
Abrasivo Sanitário Gel com Lixívia,5005055,0.99,"€0,99/lt",Continente,Limpeza/Casa de Banho/Abrasivos Sanitários,https://www.continente.pt/dw/image/v2/BDVS_PRD/on/demandware.static/-/Sites-col-master-catalog/default/dwbc1872f5/images/col/500/5005055-frente.jpg?sw=280&sh=280,emb. 1 lt,https://www.continente.pt/produto/abrasivo-sanitario-gel-com-lixivia-continente-5005055.html,limpeza,2025-04-21,Continente
Sacos Lixo WC 5 lt,4017490,1.19,"€0,04/un",Silvex,Limpeza/Sacos e Baldes do Lixo/Sacos do Lixo,https://www.continente.pt/dw/image/v2/BDVS_PRD/on/demandware.static/-/Sites-col-master-catalog/default/dwb5d625dd/images/col/401/4017490-direito.jpg?sw=280&sh=280,emb. 30 un,https://www.continente.pt/produto/sacos-lixo-wc-5-lt-silvex-4017490.html,limpeza,2025-04-21,Continente
Sacos Lixo Fecho Fácil Perfumados 50 lt,7536666,1.89,"€0,13/un",Continente,Limpeza/Sacos e Baldes do Lixo/Sacos do Lixo,https://www.continente.pt/dw/image/v2/BDVS_PRD/on/demandware.static/-/Sites-col-master-catalog/default/dwd47b1200/images/col/753/7536666-frente.jpg?sw=280&sh=280,emb. 15 un,https://www.continente.pt/produto/sacos-lixo-fecho-facil-perfumados-50-lt-continente-7536666.html,limpeza,2025-04-21,Continente
Película Aderente 50m,2997361,2.99,"€0,06/m",Vileda,Limpeza/Cozinha/Películas e Sacos de Conservação,https://www.continente.pt/dw/image/v2/BDVS_PRD/on/demandware.static/-/Sites-col-master-catalog/default/dw982f1888/images/col/299/2997361-esquerdo.jpg?sw=280&sh=280,emb. 1 un,https://www.continente.pt/produto/pelicula-aderente-50m-vileda-2997361.html,limpeza,2025-04-21,Continente
Toalhitas Proteção Cores,7423621,1.59,"€0,08/un",Continente,Limpeza/Roupa/Aditivos e Auxiliares,https://www.continente.pt/dw/image/v2/BDVS_PRD/on/demandware.static/-/Sites-col-master-catalog/default/dw1fe3941c/images/col/742/7423621-frente.jpg?sw=280&sh=280,emb. 20 un,https://www.continente.pt/produto/toalhitas-protecao-cores-continente-7423621.html,limpeza,2025-04-21,Continente
Sal Máquina Loiça,4757898,0.79,"€0,40/kg",Continente,Limpeza/Cozinha/Aditivos Máquina Loiça,https://www.continente.pt/dw/image/v2/BDVS_PRD/on/demandware.static/-/Sites-col-master-catalog/default/dw468a413f/images/col/475/4757898-hero.jpg?sw=280&sh=280,emb. 2 kg,https://www.continente.pt/produto/sal-maquina-loica-continente-4757898.html,limpeza,2025-04-21,Continente
Detergente Máquina Loiça Pastilhas Power+ All in One,7708099,6.99,"€0,10/dos",Continente,Limpeza/Cozinha/Detergente Máquina Loiça,https://www.continente.pt/dw/image/v2/BDVS_PRD/on/demandware.static/-/Sites-col-master-catalog/default/dw3106dc58/images/col/770/7708099-frente.jpg?sw=280&sh=280,emb. 70 un,https://www.continente.pt/produto/detergente-maquina-loica-pastilhas-power-all-in-one-continente-7708099.html,limpeza,2025-04-21,Continente
Amaciador Roupa Concentrado Ouro e Orquídea Branca,7807350,3.99,"€0,04/dos",Quanto,Limpeza/Roupa/Amaciador e Intensificador Perfume,https://www.continente.pt/dw/image/v2/BDVS_PRD/on/demandware.static/-/Sites-col-master-catalog/default/dwaf44145d/images/col/780/7807350-frente.jpg?sw=280&sh=280,95 doses,https://www.continente.pt/produto/amaciador-roupa-concentrado-ouro-e-orquidea-branca-quanto-7807350.html,limpeza,2025-04-21,Continente
Detergente Máquina Loiça Pastilhas Original Tudo em 1 Limão,7995296,12.99,"€0,18/un",Fairy,Limpeza/Cozinha/Detergente Máquina Loiça,https://www.continente.pt/dw/image/v2/BDVS_PRD/on/demandware.static/-/Sites-col-master-catalog/default/dw1cbf2c0a/images/col/799/7995296-frente.jpg?sw=280&sh=280,71 doses,https://www.continente.pt/produto/detergente-maquina-loica-pastilhas-original-tudo-em-1-limao-fairy-7995296.html,limpeza,2025-04-21,Continente
Sacos Lixo Fecho Fácil 20 lt,7536663,1.29,"€0,04/un",Continente,Limpeza/Sacos e Baldes do Lixo/Sacos do Lixo,https://www.continente.pt/dw/image/v2/BDVS_PRD/on/demandware.static/-/Sites-col-master-catalog/default/dw62006c50/images/col/753/7536663-frente.jpg?sw=280&sh=280,emb. 30 un,https://www.continente.pt/produto/sacos-lixo-fecho-facil-20-lt-continente-7536663.html,limpeza,2025-04-21,Continente
Tira Nódoas Pó Oxi Action Roupa Branca,8088486,12.99,"€8,96/kg",Vanish,Limpeza/Roupa/Aditivos e Auxiliares,https://www.continente.pt/dw/image/v2/BDVS_PRD/on/demandware.static/-/Sites-col-master-catalog/default/dw0f3fa576/images/col/808/8088486-frente.png?sw=280&sh=280,"emb. 1,45 kg",https://www.continente.pt/produto/tira-nodoas-po-oxi-action-roupa-branca-vanish-8088486.html,limpeza,2025-04-21,Continente
Ambientador Spray Montanha,6445515,0.99,"€3,30/lt",Continente,Limpeza/Velas e Ambientadores/Sprays,https://www.continente.pt/dw/image/v2/BDVS_PRD/on/demandware.static/-/Sites-col-master-catalog/default/dwcf5e59fd/images/col/644/6445515-frente.jpg?sw=280&sh=280,emb. 300 ml,https://www.continente.pt/produto/ambientador-spray-montanha-continente-6445515.html,limpeza,2025-04-21,Continente
Detergente Máquina Loiça Pastilhas Ultimate,8079613,14.99,"€0,21/dos",Finish,Limpeza/Cozinha/Detergente Máquina Loiça,https://www.continente.pt/dw/image/v2/BDVS_PRD/on/demandware.static/-/Sites-col-master-catalog/default/dw837f11ab/images/col/807/8079613-frente.jpg?sw=280&sh=280,70 doses,https://www.continente.pt/produto/detergente-maquina-loica-pastilhas-ultimate-finish-8079613.html,limpeza,2025-04-21,Continente
Abrasivo Sanitário Gel Brisa,5005073,0.99,"€0,99/lt",Continente,Limpeza/Casa de Banho/Abrasivos Sanitários,https://www.continente.pt/dw/image/v2/BDVS_PRD/on/demandware.static/-/Sites-col-master-catalog/default/dw207919ea/images/col/500/5005073-frente.jpg?sw=280&sh=280,emb. 1 lt,https://www.continente.pt/produto/abrasivo-sanitario-gel-brisa-continente-5005073.html,limpeza,2025-04-21,Continente
Rolo de Cozinha 100% Reciclado,7340469,4.29,"€4,29/un",Continente Eco,Limpeza/Guardanapos e Rolos/Rolos de Cozinha,https://www.continente.pt/dw/image/v2/BDVS_PRD/on/demandware.static/-/Sites-col-master-catalog/default/dw571f795b/images/col/734/7340469-frente.png?sw=280&sh=280,1 rolo = 10 rolos,https://www.continente.pt/produto/rolo-de-cozinha-100--reciclado-continente-eco-7340469.html,limpeza,2025-04-21,Continente
Detergente Manual Loiça Plus Citrinos,5781319,2.74,"€2,74/lt",Super Pop,Limpeza/Cozinha/Detergente Manual Loiça,https://www.continente.pt/dw/image/v2/BDVS_PRD/on/demandware.static/-/Sites-col-master-catalog/default/dwd2db7dd7/images/col/578/5781319-frente.jpg?sw=280&sh=280,emb. 1 lt,https://www.continente.pt/produto/detergente-manual-loica-plus-citrinos-super-pop-5781319.html,limpeza,2025-04-21,Continente
Detergente Manual Loiça Concentrado Power+ Maçã,7076300,2.39,"€2,39/lt",Continente,Limpeza/Cozinha/Detergente Manual Loiça,https://www.continente.pt/dw/image/v2/BDVS_PRD/on/demandware.static/-/Sites-col-master-catalog/default/dw0bf31fd2/images/col/707/7076300-frente.png?sw=280&sh=280,emb. 1 lt,https://www.continente.pt/produto/detergente-manual-loica-concentrado-power-maca-continente-7076300.html,limpeza,2025-04-21,Continente
Lixívia Gel Perfumada Pinho,7179892,1.15,"€0,58/lt",Continente,Limpeza/Limpeza Geral/Lixívias,https://www.continente.pt/dw/image/v2/BDVS_PRD/on/demandware.static/-/Sites-col-master-catalog/default/dw32485dd4/images/col/717/7179892-frente.jpg?sw=280&sh=280,emb. 2 lt,https://www.continente.pt/produto/lixivia-gel-perfumada-pinho-continente-7179892.html,limpeza,2025-04-21,Continente
Rolo de Cozinha Paratodo XXL Triplo com Meia Folha,6834790,9.29,"€1,55/un",Colhogar,Limpeza/Guardanapos e Rolos/Rolos de Cozinha,https://www.continente.pt/dw/image/v2/BDVS_PRD/on/demandware.static/-/Sites-col-master-catalog/default/dw5b9bab76/images/col/683/6834790-hero.jpg?sw=280&sh=280,6 rolos = 18 rolos,https://www.continente.pt/produto/rolo-de-cozinha-paratodo-xxl-triplo-com-meia-folha-colhogar-6834790.html,limpeza,2025-04-21,Continente
Detergente Máquina Roupa Líquido Active Clean,7778800,9.99,"€0,18/dos",Skip,Limpeza/Roupa/Detergente Máquina,https://www.continente.pt/dw/image/v2/BDVS_PRD/on/demandware.static/-/Sites-col-master-catalog/default/dw35d2b064/images/col/777/7778800-hero.png?sw=280&sh=280,56 doses,https://www.continente.pt/produto/detergente-maquina-roupa-liquido-active-clean-skip-7778800.html,limpeza,2025-04-21,Continente
Ambientador Spray Lavanda,6554460,0.99,"€3,30/lt",Continente,Limpeza/Velas e Ambientadores/Sprays,https://www.continente.pt/dw/image/v2/BDVS_PRD/on/demandware.static/-/Sites-col-master-catalog/default/dwbf638485/images/col/655/6554460-frente.jpg?sw=280&sh=280,emb. 300 ml,https://www.continente.pt/produto/ambientador-spray-lavanda-continente-6554460.html,limpeza,2025-04-21,Continente
Rolo de Cozinha Maxi Absorption XXL,4342817,1.79,"€0,90/un",Renova,Limpeza/Guardanapos e Rolos/Rolos de Cozinha,https://www.continente.pt/dw/image/v2/BDVS_PRD/on/demandware.static/-/Sites-col-master-catalog/default/dw970ba1e6/images/col/434/4342817-hero.png?sw=280&sh=280,emb. 2 rolos = 4 rolos,https://www.continente.pt/produto/rolo-de-cozinha-maxi-absorption-xxl-renova-4342817.html,limpeza,2025-04-21,Continente
Bloco Sanitário Multiativo Limão,8024465,1.64,"€0,82/un",Continente,Limpeza/Casa de Banho/Blocos Sanitários,https://www.continente.pt/dw/image/v2/BDVS_PRD/on/demandware.static/-/Sites-col-master-catalog/default/dw05d33a38/images/col/802/8024465-frente.png?sw=280&sh=280,emb. 2 un,https://www.continente.pt/produto/bloco-sanitario-multiativo-limao-continente-8024465.html,limpeza,2025-04-21,Continente
Luvas Multiusos M/L,6607912,0.69,"€0,69/un",Continente,"Limpeza/Panos, Esfregões e Luvas/Luvas",https://www.continente.pt/dw/image/v2/BDVS_PRD/on/demandware.static/-/Sites-col-master-catalog/default/dw04d50e4b/images/col/660/6607912-frente.jpg?sw=280&sh=280,1 par,https://www.continente.pt/produto/luvas-multiusos-m-l-continente-6607912.html,limpeza,2025-04-21,Continente
Amaciador Roupa Concentrado Maldivas,8137946,3.99,"€0,05/dos",Vernel,Limpeza/Roupa/Amaciador e Intensificador Perfume,https://www.continente.pt/dw/image/v2/BDVS_PRD/on/demandware.static/-/Sites-col-master-catalog/default/dw2bede75f/images/col/813/8137946-frente.png?sw=280&sh=280,80 doses,https://www.continente.pt/produto/amaciador-roupa-concentrado-maldivas-vernel-8137946.html,limpeza,2025-04-21,Continente
Rolo de Cozinha Paratodo XXL Triplo com Meia Folha,6724199,3.15,"€1,57/un",Colhogar,Limpeza/Guardanapos e Rolos/Rolos de Cozinha,https://www.continente.pt/dw/image/v2/BDVS_PRD/on/demandware.static/-/Sites-col-master-catalog/default/dw9dec49a9/images/col/672/6724199-hero.jpg?sw=280&sh=280,2 rolos = 6 rolos,https://www.continente.pt/produto/rolo-de-cozinha-paratodo-xxl-triplo-com-meia-folha-colhogar-6724199.html,limpeza,2025-04-21,Continente
Vinagre de Limpeza Multiusos,7923716,0.95,"€0,95/lt",Continente,Limpeza/Limpeza Geral/Lava Tudo,https://www.continente.pt/dw/image/v2/BDVS_PRD/on/demandware.static/-/Sites-col-master-catalog/default/dw7dc396b4/images/col/792/7923716-frente.png?sw=280&sh=280,emb. 1 lt,https://www.continente.pt/produto/vinagre-de-limpeza-multiusos-continente-7923716.html,limpeza,2025-04-21,Continente
Sacos Lixo Reciclagem 30 lt,7057182,2.19,"€0,06/un",Continente,Limpeza/Sacos e Baldes do Lixo/Sacos do Lixo,https://www.continente.pt/dw/image/v2/BDVS_PRD/on/demandware.static/-/Sites-col-master-catalog/default/dw0a2de351/images/col/705/7057182-frente.jpg?sw=280&sh=280,emb. 3 x 12 un,https://www.continente.pt/produto/sacos-lixo-reciclagem-30-lt-continente-7057182.html,limpeza,2025-04-21,Continente
Detergente Manual Loiça Concentrado Power+ Derma Aloe,7371414,1.69,"€3,38/lt",Continente,Limpeza/Cozinha/Detergente Manual Loiça,https://www.continente.pt/dw/image/v2/BDVS_PRD/on/demandware.static/-/Sites-col-master-catalog/default/dwfd8303f9/images/col/737/7371414-frente.jpg?sw=280&sh=280,emb. 500 ml,https://www.continente.pt/produto/detergente-manual-loica-concentrado-power-derma-aloe-continente-7371414.html,limpeza,2025-04-21,Continente
Higienizante WC Gel sem Lixívia Flores de Primavera,5605221,1.49,"€2,13/lt",Neoblanc,Limpeza/Casa de Banho/Abrasivos Sanitários,https://www.continente.pt/dw/image/v2/BDVS_PRD/on/demandware.static/-/Sites-col-master-catalog/default/dw4bdc54ca/images/col/560/5605221-frente.jpg?sw=280&sh=280,emb. 700 ml,https://www.continente.pt/produto/higienizante-wc-gel-sem-lixivia-flores-de-primavera-neoblanc-5605221.html,limpeza,2025-04-21,Continente
Lava Tudo Líquido Brilhante Efeito Reparador Floral,5306192,2.79,"€2,54/lt",Sonasol,Limpeza/Limpeza Geral/Multisuperfícies,https://www.continente.pt/dw/image/v2/BDVS_PRD/on/demandware.static/-/Sites-col-master-catalog/default/dw0e22b003/images/col/530/5306192-hero.jpg?sw=280&sh=280,emb. 1100 ml,https://www.continente.pt/produto/lava-tudo-liquido-brilhante-efeito-reparador-floral-sonasol-5306192.html,limpeza,2025-04-21,Continente
Multiusos Spray com Lixívia Power & Shine,5562580,2.69,"€3,59/lt",Cif,Limpeza/Limpeza Geral/Multisuperfícies,https://www.continente.pt/dw/image/v2/BDVS_PRD/on/demandware.static/-/Sites-col-master-catalog/default/dw1914fb64/images/col/556/5562580-frente.jpg?sw=280&sh=280,emb. 750 ml,https://www.continente.pt/produto/multiusos-spray-com-lixivia-power-shine-cif-5562580.html,limpeza,2025-04-21,Continente
Bloco Sanitário Blue Water Marinho,7731040,1.99,"€1,00/un",Continente,Limpeza/Casa de Banho/Blocos Sanitários,https://www.continente.pt/dw/image/v2/BDVS_PRD/on/demandware.static/-/Sites-col-master-catalog/default/dw3c4fffa1/images/col/773/7731040-frente.jpg?sw=280&sh=280,emb. 2 un,https://www.continente.pt/produto/bloco-sanitario-blue-water-marinho-continente-7731040.html,limpeza,2025-04-21,Continente
Papel Higiénico 100% Reciclado Compacto,7201082,2.75,"€0,69/un",Continente Eco,Beleza e Higiene/Papel Higiénico/Papel Higiénico Compacto,https://www.continente.pt/dw/image/v2/BDVS_PRD/on/demandware.static/-/Sites-col-master-catalog/default/dw0436111f/images/col/720/7201082-frente.png?sw=280&sh=280,emb. 4 rolos = 12 rolos,https://www.continente.pt/produto/papel-higienico-100--reciclado-compacto-continente-eco-7201082.html,limpeza,2025-04-21,Continente
Sacos Lixo com Alça 20 lt,6051631,1.26,"€0,05/un",Silvex,Limpeza/Sacos e Baldes do Lixo/Sacos do Lixo,https://www.continente.pt/dw/image/v2/BDVS_PRD/on/demandware.static/-/Sites-col-master-catalog/default/dwa3756591/images/col/605/6051631-cima.jpg?sw=280&sh=280,emb. 25 un,https://www.continente.pt/produto/sacos-lixo-com-alca-20-lt-silvex-6051631.html,limpeza,2025-04-21,Continente
Amaciador Roupa Concentrado Essência Sunfresh,7772364,3.49,"€0,05/dos",Comfort,Limpeza/Roupa/Amaciador e Intensificador Perfume,https://www.continente.pt/dw/image/v2/BDVS_PRD/on/demandware.static/-/Sites-col-master-catalog/default/dw85da0842/images/col/777/7772364-frente.jpg?sw=280&sh=280,74 doses,https://www.continente.pt/produto/amaciador-roupa-concentrado-essencia-sunfresh-comfort-7772364.html,limpeza,2025-04-21,Continente
Lava Tudo Perfumado Flores,5780867,0.99,"€0,50/lt",Continente,Limpeza/Limpeza Geral/Lava Tudo,https://www.continente.pt/dw/image/v2/BDVS_PRD/on/demandware.static/-/Sites-col-master-catalog/default/dwe15df9b4/images/col/578/5780867-frente.jpg?sw=280&sh=280,emb. 2 lt,https://www.continente.pt/produto/lava-tudo-perfumado-flores-continente-5780867.html,limpeza,2025-04-21,Continente
Amaciador Roupa Concentrado Supreme Glamour,7798508,3.99,"€0,08/dos",Vernel,Limpeza/Roupa/Amaciador e Intensificador Perfume,https://www.continente.pt/dw/image/v2/BDVS_PRD/on/demandware.static/-/Sites-col-master-catalog/default/dw09c0b095/images/col/779/7798508-frente.jpg?sw=280&sh=280,50 doses,https://www.continente.pt/produto/amaciador-roupa-concentrado-supreme-glamour-vernel-7798508.html,limpeza,2025-04-21,Continente
Rolo de Cozinha Maxi Absorption XXL,5906365,2.85,"€0,95/un",Renova,Limpeza/Guardanapos e Rolos/Rolos de Cozinha,https://www.continente.pt/dw/image/v2/BDVS_PRD/on/demandware.static/-/Sites-col-master-catalog/default/dwf12e2dfb/images/col/590/5906365-frente.jpg?sw=280&sh=280,3 rolos = 6 rolos,https://www.continente.pt/produto/rolo-de-cozinha-maxi-absorption-xxl-renova-5906365.html,limpeza,2025-04-21,Continente
Papel Higiénico 2 Folhas 100% Reciclado,4727398,2.39,"€0,20/un",Continente,Beleza e Higiene/Papel Higiénico/Papel Higiénico 2 Folhas,https://www.continente.pt/dw/image/v2/BDVS_PRD/on/demandware.static/-/Sites-col-master-catalog/default/dwa44b8a8e/images/col/472/4727398-frente.jpg?sw=280&sh=280,emb. 12 rolos,https://www.continente.pt/produto/papel-higienico-2-folhas-100--reciclado-continente-4727398.html,limpeza,2025-04-21,Continente
Discos Sanitários Ativos Recargas Marinho,4905304,3.49,"€0,29/dos",Pato,Limpeza/Casa de Banho/Blocos Sanitários,https://www.continente.pt/dw/image/v2/BDVS_PRD/on/demandware.static/-/Sites-col-master-catalog/default/dw52b13373/images/col/490/4905304-frente.jpg?sw=280&sh=280,2 x 6 doses,https://www.continente.pt/produto/discos-sanitarios-ativos-recargas-marinho-pato-4905304.html,limpeza,2025-04-21,Continente
Luvas Multiusos S,6607835,0.69,"€0,69/un",Continente,"Limpeza/Panos, Esfregões e Luvas/Luvas",https://www.continente.pt/dw/image/v2/BDVS_PRD/on/demandware.static/-/Sites-col-master-catalog/default/dwd15769f6/images/col/660/6607835-frente.jpg?sw=280&sh=280,1 par,https://www.continente.pt/produto/luvas-multiusos-s-continente-6607835.html,limpeza,2025-04-21,Continente
Limpa Máquina Loiça Liquído,7684663,6.99,"€9,32/lt",Finish,Limpeza/Cozinha/Aditivos Máquina Loiça,https://www.continente.pt/dw/image/v2/BDVS_PRD/on/demandware.static/-/Sites-col-master-catalog/default/dw6c3f7075/images/col/768/7684663-frente.jpg?sw=280&sh=280,emb. 3 x 250 ml,https://www.continente.pt/produto/limpa-maquina-loica-liquido-finish-7684663.html,limpeza,2025-04-21,Continente
Sacos para Congelar 3 L,7520116,1.19,"€0,02/un",Continente,Limpeza/Cozinha/Películas e Sacos de Conservação,https://www.continente.pt/dw/image/v2/BDVS_PRD/on/demandware.static/-/Sites-col-master-catalog/default/dw6e21cf03/images/col/752/7520116-frente.jpg?sw=280&sh=280,emb. 50 un,https://www.continente.pt/produto/sacos-para-congelar-3-l-continente-7520116.html,limpeza,2025-04-21,Continente
Lava Tudo Magic Camomila e Flor e Laranjeira,6064415,2.09,"€1,61/lt",Sonasol,Limpeza/Limpeza Geral/Lava Tudo,https://www.continente.pt/dw/image/v2/BDVS_PRD/on/demandware.static/-/Sites-col-master-catalog/default/dw03804ecb/images/col/606/6064415-hero.jpg?sw=280&sh=280,"emb. 1,3 lt",https://www.continente.pt/produto/lava-tudo-magic-camomila-e-flor-e-laranjeira-sonasol-6064415.html,limpeza,2025-04-21,Continente
Rolo de Cozinha Tornado Strong,6826362,5.69,"€5,69/un",Foxy,Limpeza/Guardanapos e Rolos/Rolos de Cozinha,https://www.continente.pt/dw/image/v2/BDVS_PRD/on/demandware.static/-/Sites-col-master-catalog/default/dw9c79b39a/images/col/682/6826362-frente.jpg?sw=280&sh=280,1 rolo = 10 rolos,https://www.continente.pt/produto/rolo-de-cozinha-tornado-strong-foxy-6826362.html,limpeza,2025-04-21,Continente
Amaciador Roupa Concentrado Flores Silvestres,7826734,3.99,"€0,04/dos",Quanto,Limpeza/Roupa/Amaciador e Intensificador Perfume,https://www.continente.pt/dw/image/v2/BDVS_PRD/on/demandware.static/-/Sites-col-master-catalog/default/dwb4fcb81d/images/col/782/7826734-frente.jpg?sw=280&sh=280,95 doses,https://www.continente.pt/produto/amaciador-roupa-concentrado-flores-silvestres-quanto-7826734.html,limpeza,2025-04-21,Continente
Amaciador Roupa Rosas,7802144,2.69,"€0,67/lt",Continente,Limpeza/Roupa/Amaciador e Intensificador Perfume,https://www.continente.pt/dw/image/v2/BDVS_PRD/on/demandware.static/-/Sites-col-master-catalog/default/dw84f4ef98/images/col/780/7802144-frente.jpg?sw=280&sh=280,emb. 4 lt,https://www.continente.pt/produto/amaciador-roupa-rosas-continente-7802144.html,limpeza,2025-04-21,Continente
Abrasivo Sanitário Líquido Ação Total Marinho,4909987,1.94,"€2,59/lt",Pato,Limpeza/Casa de Banho/Abrasivos Sanitários,https://www.continente.pt/dw/image/v2/BDVS_PRD/on/demandware.static/-/Sites-col-master-catalog/default/dwc76da16a/images/col/490/4909987-frente.jpg?sw=280&sh=280,emb. 750 ml,https://www.continente.pt/produto/abrasivo-sanitario-liquido-acao-total-marinho-pato-4909987.html,limpeza,2025-04-21,Continente
Ambientador Vela Cinnamon Delight,7836849,8.99,"€8,99/un",Yankee Candle,Limpeza/Velas e Ambientadores/Velas,https://www.continente.pt/dw/image/v2/BDVS_PRD/on/demandware.static/-/Sites-col-master-catalog/default/dwd3f81c96/images/col/783/7836849-frente.jpg?sw=280&sh=280,emb. 1 un (340 gr),https://www.continente.pt/produto/ambientador-vela-cinnamon-delight-yankee-candle-7836849.html,limpeza,2025-04-21,Continente
Bloco Sanitário Marinho Pack Poupança,8016783,2.19,"€0,73/un",Continente,Limpeza/Casa de Banho/Blocos Sanitários,https://www.continente.pt/dw/image/v2/BDVS_PRD/on/demandware.static/-/Sites-col-master-catalog/default/dwa7d54d2a/images/col/801/8016783-frente.jpg?sw=280&sh=280,emb. 3 un,https://www.continente.pt/produto/bloco-sanitario-marinho-pack-poupanca-continente-8016783.html,limpeza,2025-04-21,Continente
Bloco Sanitário Power 5 Lime,7521591,5.39,"€1,08/un",Domestos,Limpeza/Casa de Banho/Blocos Sanitários,https://www.continente.pt/dw/image/v2/BDVS_PRD/on/demandware.static/-/Sites-col-master-catalog/default/dw4c490a7d/images/col/752/7521591-hero.png?sw=280&sh=280,emb. 5 un,https://www.continente.pt/produto/bloco-sanitario-power-5-lime-domestos-7521591.html,limpeza,2025-04-21,Continente
Recarga Mopa,8364047,11.99,"€0,22/un",Swiffer,"Limpeza/Mopas, Esfregonas e Vassouras/Mopas e Espanadores",https://www.continente.pt/dw/image/v2/BDVS_PRD/on/demandware.static/-/Sites-col-master-catalog/default/dw1ca9cf44/images/col/836/8364047-frente.jpg?sw=280&sh=280,emb. 54 un,https://www.continente.pt/produto/recarga-mopa-swiffer-8364047.html,limpeza,2025-04-21,Continente
Rolo de Cozinha Adapt,6722370,1.99,"€0,99/un",Colhogar,Limpeza/Guardanapos e Rolos/Rolos de Cozinha,https://www.continente.pt/dw/image/v2/BDVS_PRD/on/demandware.static/-/Sites-col-master-catalog/default/dwfb0a2342/images/col/672/6722370-hero.jpg?sw=280&sh=280,2 rolos = 3 rolos,https://www.continente.pt/produto/rolo-de-cozinha-adapt-colhogar-6722370.html,limpeza,2025-04-21,Continente
Amaciador Roupa Concentrado Violeta,8137615,3.99,"€0,05/dos",Vernel,Limpeza/Roupa/Amaciador e Intensificador Perfume,https://www.continente.pt/dw/image/v2/BDVS_PRD/on/demandware.static/-/Sites-col-master-catalog/default/dw798e15f9/images/col/813/8137615-frente.png?sw=280&sh=280,80 doses,https://www.continente.pt/produto/amaciador-roupa-concentrado-violeta-vernel-8137615.html,limpeza,2025-04-21,Continente
Detergente Máquina Roupa Líquido Cores,7414245,11.99,"€0,17/dos",Woolite,Limpeza/Roupa/Detergente Máquina,https://www.continente.pt/dw/image/v2/BDVS_PRD/on/demandware.static/-/Sites-col-master-catalog/default/dw1b65f8ef/images/col/741/7414245-frente.jpg?sw=280&sh=280,72 doses,https://www.continente.pt/produto/detergente-maquina-roupa-liquido-cores-woolite-7414245.html,limpeza,2025-04-21,Continente
Bloco Sanitário Blue Water Floral,7731033,1.99,"€1,00/un",Continente,Limpeza/Casa de Banho/Blocos Sanitários,https://www.continente.pt/dw/image/v2/BDVS_PRD/on/demandware.static/-/Sites-col-master-catalog/default/dwa448b2fd/images/col/773/7731033-frente.jpg?sw=280&sh=280,emb. 2 un,https://www.continente.pt/produto/bloco-sanitario-blue-water-floral-continente-7731033.html,limpeza,2025-04-21,Continente
Detergente Manual Loiça Maxi Poder Original,8172503,3.99,"€8,87/lt",Fairy,Limpeza/Cozinha/Detergente Manual Loiça,https://www.continente.pt/dw/image/v2/BDVS_PRD/on/demandware.static/-/Sites-col-master-catalog/default/dw6c793d6a/images/col/817/8172503-hero.png?sw=280&sh=280,emb. 450 ml,https://www.continente.pt/produto/detergente-manual-loica-maxi-poder-original-fairy-8172503.html,limpeza,2025-04-21,Continente
Abrilhantador Máquina Loiça Limão,7486410,1.39,"€1,39/un",Continente,Limpeza/Cozinha/Aditivos Máquina Loiça,https://www.continente.pt/dw/image/v2/BDVS_PRD/on/demandware.static/-/Sites-col-master-catalog/default/dw9f0c0875/images/col/748/7486410-frente.jpg?sw=280&sh=280,emb. 1 lt,https://www.continente.pt/produto/abrilhantador-maquina-loica-limao-continente-7486410.html,limpeza,2025-04-21,Continente
Lenços de Bolso Kids,5495952,0.99,"€0,17/un",Renova,Beleza e Higiene/Lenços e Cuidados de Saúde/Lenços de Papel,https://www.continente.pt/dw/image/v2/BDVS_PRD/on/demandware.static/-/Sites-col-master-catalog/default/dw77c55d16/images/col/549/5495952-frente.jpg?sw=280&sh=280,emb. 6 un,https://www.continente.pt/produto/lencos-de-bolso-kids-renova-5495952.html,limpeza,2025-04-21,Continente
Bloco Sanitário Poder Ativo Aqua,8112906,4.39,"€1,46/un",Bref,Limpeza/Casa de Banho/Blocos Sanitários,https://www.continente.pt/dw/image/v2/BDVS_PRD/on/demandware.static/-/Sites-col-master-catalog/default/dwb9d9fc03/images/col/811/8112906-frente.png?sw=280&sh=280,emb. 3 un,https://www.continente.pt/produto/bloco-sanitario-poder-ativo-aqua-bref-8112906.html,limpeza,2025-04-21,Continente
Sacos Lixo 80% Anti-Pingos 30 lt,7755741,1.95,"€0,13/un",Handy Bag,Limpeza/Sacos e Baldes do Lixo/Sacos do Lixo,https://www.continente.pt/dw/image/v2/BDVS_PRD/on/demandware.static/-/Sites-col-master-catalog/default/dw58cf4ea8/images/col/775/7755741-frente-1.png?sw=280&sh=280,emb. 15 un,https://www.continente.pt/produto/sacos-lixo-80--anti-pingos-30-lt-handy-bag-7755741.html,limpeza,2025-04-21,Continente
Desodorizante Máquina Loiça Limão,7750739,1.39,"€1,39/un",Continente,Limpeza/Cozinha/Aditivos Máquina Loiça,https://www.continente.pt/dw/image/v2/BDVS_PRD/on/demandware.static/-/Sites-col-master-catalog/default/dwbf22a766/images/col/775/7750739-frente.jpg?sw=280&sh=280,emb. 1 un,https://www.continente.pt/produto/desodorizante-maquina-loica-limao-continente-7750739.html,limpeza,2025-04-21,Continente
Sacos Lixo com Atilho 20 lt,7536625,1.99,"€0,04/un",Continente,Limpeza/Sacos e Baldes do Lixo/Sacos do Lixo,https://www.continente.pt/dw/image/v2/BDVS_PRD/on/demandware.static/-/Sites-col-master-catalog/default/dw18d2f8bc/images/col/753/7536625-frente.jpg?sw=280&sh=280,emb. 50 un,https://www.continente.pt/produto/sacos-lixo-com-atilho-20-lt-continente-7536625.html,limpeza,2025-04-21,Continente
Abrasivo Sanitário Líquido Ação Total Pinho,4909751,1.94,"€2,59/lt",Pato,Limpeza/Casa de Banho/Abrasivos Sanitários,https://www.continente.pt/dw/image/v2/BDVS_PRD/on/demandware.static/-/Sites-col-master-catalog/default/dw1551bbd9/images/col/490/4909751-frente.jpg?sw=280&sh=280,emb. 750 ml,https://www.continente.pt/produto/abrasivo-sanitario-liquido-acao-total-pinho-pato-4909751.html,limpeza,2025-04-21,Continente
Luvas Duráveis Comfort Extra Tam. S/M,5622107,2.99,"€2,99/un",Vileda,"Limpeza/Panos, Esfregões e Luvas/Luvas",https://www.continente.pt/dw/image/v2/BDVS_PRD/on/demandware.static/-/Sites-col-master-catalog/default/dwc4b12183/images/col/562/5622107-frente.jpg?sw=280&sh=280,emb. 1 un,https://www.continente.pt/produto/luvas-duraveis-comfort-extra-tam.-s-m-vileda-5622107.html,limpeza,2025-04-21,Continente
Bloco Sanitário Multiativo Lavanda,8024464,1.64,"€0,82/un",Continente,Limpeza/Casa de Banho/Blocos Sanitários,https://www.continente.pt/dw/image/v2/BDVS_PRD/on/demandware.static/-/Sites-col-master-catalog/default/dw4bc90c80/images/col/802/8024464-frente.png?sw=280&sh=280,emb. 2 un,https://www.continente.pt/produto/bloco-sanitario-multiativo-lavanda-continente-8024464.html,limpeza,2025-04-21,Continente
Detergente Manual Loiça Limpeza e Cuidado Aloe Vera e Cetim,8370744,2.15,"€4,13/lt",Fairy,Limpeza/Cozinha/Detergente Manual Loiça,https://www.continente.pt/dw/image/v2/BDVS_PRD/on/demandware.static/-/Sites-col-master-catalog/default/dw5d63d635/images/col/837/8370744-frente.jpg?sw=280&sh=280,emb. 520 ml,https://www.continente.pt/produto/detergente-manual-loica-limpeza-e-cuidado-aloe-vera-e-cetim-fairy-8370744.html,limpeza,2025-04-21,Continente
Esfregão Esponja,7754544,1.99,"€0,66/un",Scotch-Brite,"Limpeza/Panos, Esfregões e Luvas/Esfregões",https://www.continente.pt/dw/image/v2/BDVS_PRD/on/demandware.static/-/Sites-col-master-catalog/default/dw1ff633d7/images/col/775/7754544-frente.jpg?sw=280&sh=280,emb. 3 un,https://www.continente.pt/produto/esfregao-esponja-scotch-brite-7754544.html,limpeza,2025-04-21,Continente
Sacos Lixo com Atilho 100% Reciclado 50 lt,6370258,1.34,"€0,09/un",Silvex,Limpeza/Sacos e Baldes do Lixo/Sacos do Lixo,https://www.continente.pt/dw/image/v2/BDVS_PRD/on/demandware.static/-/Sites-col-master-catalog/default/dwe9c9dc7d/images/col/637/6370258-frente.jpg?sw=280&sh=280,emb. 15 un,https://www.continente.pt/produto/sacos-lixo-com-atilho-100--reciclado-50-lt-silvex-6370258.html,limpeza,2025-04-21,Continente
Luvas Descartáveis Superfinas Látex S/M,7188030,0.79,"€0,08/un",Continente,"Limpeza/Panos, Esfregões e Luvas/Luvas",https://www.continente.pt/dw/image/v2/BDVS_PRD/on/demandware.static/-/Sites-col-master-catalog/default/dwd3f037d6/images/col/718/7188030-hero.jpg?sw=280&sh=280,10 pares,https://www.continente.pt/produto/luvas-descartaveis-superfinas-latex-s-m-continente-7188030.html,limpeza,2025-04-21,Continente
Luvas Descartáveis Multiusos Látex S/M,4148761,9.75,"€0,10/un",Vileda,"Limpeza/Panos, Esfregões e Luvas/Luvas",https://www.continente.pt/dw/image/v2/BDVS_PRD/on/demandware.static/-/Sites-col-master-catalog/default/dw16f9140b/images/col/414/4148761-direito.jpg?sw=280&sh=280,100 pares,https://www.continente.pt/produto/luvas-descartaveis-multiusos-latex-s-m-vileda-4148761.html,limpeza,2025-04-21,Continente
Amaciador Roupa Concentrado Jasmim e Coco,7998177,2.99,"€0,04/dos",Quanto,Limpeza/Roupa/Amaciador e Intensificador Perfume,https://www.continente.pt/dw/image/v2/BDVS_PRD/on/demandware.static/-/Sites-col-master-catalog/default/dw5737deb1/images/col/799/7998177-frente.png?sw=280&sh=280,74 doses,https://www.continente.pt/produto/amaciador-roupa-concentrado-jasmim-e-coco-quanto-7998177.html,limpeza,2025-04-21,Continente
Lava Tudo Perfumado Marinho Antibacterial,7830649,1.59,"€1,06/lt",Continente,Limpeza/Limpeza Geral/Lava Tudo,https://www.continente.pt/dw/image/v2/BDVS_PRD/on/demandware.static/-/Sites-col-master-catalog/default/dwd3c2ca81/images/col/783/7830649-frente.png?sw=280&sh=280,"emb. 1,5 lt",https://www.continente.pt/produto/lava-tudo-perfumado-marinho-antibacterial-continente-7830649.html,limpeza,2025-04-21,Continente
Detergente Máquina Roupa Pó Sabão Natural,7791881,13.99,"€0,14/dos",Skip,Limpeza/Roupa/Detergente Máquina,https://www.continente.pt/dw/image/v2/BDVS_PRD/on/demandware.static/-/Sites-col-master-catalog/default/dwe890d65d/images/col/779/7791881-direito.jpg?sw=280&sh=280,100 doses,https://www.continente.pt/produto/detergente-maquina-roupa-po-sabao-natural-skip-7791881.html,limpeza,2025-04-21,Continente
Detergente Manual Loiça Limão,5524246,1.95,"€2,79/lt",Super Pop,Limpeza/Cozinha/Detergente Manual Loiça,https://www.continente.pt/dw/image/v2/BDVS_PRD/on/demandware.static/-/Sites-col-master-catalog/default/dw5c6b6b1b/images/col/552/5524246-frente.jpg?sw=280&sh=280,emb. 700 ml,https://www.continente.pt/produto/detergente-manual-loica-limao-super-pop-5524246.html,limpeza,2025-04-21,Continente
Sabonete Líquido Argão,8203968,1.49,"€2,98/lt",MyLabel,Beleza e Higiene/Corpo/Sabonetes,https://www.continente.pt/dw/image/v2/BDVS_PRD/on/demandware.static/-/Sites-col-master-catalog/default/dw6955f4c5/images/col/820/8203968-frente.jpg?sw=280&sh=280,emb. 500 ml,https://www.continente.pt/produto/sabonete-liquido-argao-mylabel-8203968.html,limpeza,2025-04-21,Continente
Amaciador Roupa Concentrado Flor de Lótus,8138766,3.99,"€0,05/dos",Vernel,Limpeza/Roupa/Amaciador e Intensificador Perfume,https://www.continente.pt/dw/image/v2/BDVS_PRD/on/demandware.static/-/Sites-col-master-catalog/default/dw4afdac88/images/col/813/8138766-frente.png?sw=280&sh=280,80 doses,https://www.continente.pt/produto/amaciador-roupa-concentrado-flor-de-lotus-vernel-8138766.html,limpeza,2025-04-21,Continente
Bloco Sanitário Power 5 Lime,6414823,2.74,"€1,37/un",Domestos,Limpeza/Casa de Banho/Blocos Sanitários,https://www.continente.pt/dw/image/v2/BDVS_PRD/on/demandware.static/-/Sites-col-master-catalog/default/dw9f0ddea2/images/col/641/6414823-hero.png?sw=280&sh=280,emb. 2 un,https://www.continente.pt/produto/bloco-sanitario-power-5-lime-domestos-6414823.html,limpeza,2025-04-21,Continente
Detergente Manual Loiça Concentrado Power+ Derma Figo,7371415,1.69,"€3,38/lt",Continente,Limpeza/Cozinha/Detergente Manual Loiça,https://www.continente.pt/dw/image/v2/BDVS_PRD/on/demandware.static/-/Sites-col-master-catalog/default/dw34d177a1/images/col/737/7371415-frente.jpg?sw=280&sh=280,emb. 500 ml,https://www.continente.pt/produto/detergente-manual-loica-concentrado-power-derma-figo-continente-7371415.html,limpeza,2025-04-21,Continente
Sacos Lixo com Atilho 100% Reciclado 30 lt,6693623,1.25,"€0,06/un",Silvex,Limpeza/Sacos e Baldes do Lixo/Sacos do Lixo,https://www.continente.pt/dw/image/v2/BDVS_PRD/on/demandware.static/-/Sites-col-master-catalog/default/dw1db08412/images/col/669/6693623-frente.jpg?sw=280&sh=280,emb. 20 un,https://www.continente.pt/produto/sacos-lixo-com-atilho-100--reciclado-30-lt-silvex-6693623.html,limpeza,2025-04-21,Continente
Toalhitas Proteção Cores,4495631,4.99,"€0,17/un",Iberia,Limpeza/Roupa/Aditivos e Auxiliares,https://www.continente.pt/dw/image/v2/BDVS_PRD/on/demandware.static/-/Sites-col-master-catalog/default/dw71342122/images/col/449/4495631-esquerdo.jpg?sw=280&sh=280,emb. 30 un,https://www.continente.pt/produto/toalhitas-protecao-cores-iberia-4495631.html,limpeza,2025-04-21,Continente
Creme de Limpeza com Lixívia,4302667,1.19,"€1,59/lt",Continente,Limpeza/Limpeza Geral/Multisuperfícies,https://www.continente.pt/dw/image/v2/BDVS_PRD/on/demandware.static/-/Sites-col-master-catalog/default/dw15917aae/images/col/430/4302667-cima.jpg?sw=280&sh=280,emb. 750 ml,https://www.continente.pt/produto/creme-de-limpeza-com-lixivia-continente-4302667.html,limpeza,2025-04-21,Continente
Amaciador Roupa Concentrado Supreme Elegance,7795196,3.99,"€0,08/dos",Vernel,Limpeza/Roupa/Amaciador e Intensificador Perfume,https://www.continente.pt/dw/image/v2/BDVS_PRD/on/demandware.static/-/Sites-col-master-catalog/default/dw9cdec10e/images/col/779/7795196-frente.jpg?sw=280&sh=280,50 doses,https://www.continente.pt/produto/amaciador-roupa-concentrado-supreme-elegance-vernel-7795196.html,limpeza,2025-04-21,Continente
Intensificador Perfume Floral,7648084,3.49,"€4,59/lt",Comfort,Limpeza/Roupa/Amaciador e Intensificador Perfume,https://www.continente.pt/dw/image/v2/BDVS_PRD/on/demandware.static/-/Sites-col-master-catalog/default/dw58584ec6/images/col/764/7648084-hero.png?sw=280&sh=280,emb. 760 ml,https://www.continente.pt/produto/intensificador-perfume-floral-comfort-7648084.html,limpeza,2025-04-21,Continente
Ambientador Vela Maçã e Canela,7245217,1.75,"€1,75/un",Continente,Limpeza/Velas e Ambientadores/Velas,https://www.continente.pt/dw/image/v2/BDVS_PRD/on/demandware.static/-/Sites-col-master-catalog/default/dweaed9983/images/col/724/7245217-frente.jpg?sw=280&sh=280,emb. 1 un,https://www.continente.pt/produto/ambientador-vela-maca-e-canela-continente-7245217.html,limpeza,2025-04-21,Continente
Sacos Lixo Perfumados Fecho Fácil 30 lt,7536665,1.19,"€0,06/un",Continente,Limpeza/Sacos e Baldes do Lixo/Sacos do Lixo,https://www.continente.pt/dw/image/v2/BDVS_PRD/on/demandware.static/-/Sites-col-master-catalog/default/dw9d83f5de/images/col/753/7536665-frente.jpg?sw=280&sh=280,emb. 20 un,https://www.continente.pt/produto/sacos-lixo-perfumados-fecho-facil-30-lt-continente-7536665.html,limpeza,2025-04-21,Continente
Amaciador Roupa Concentrado Talco,7101243,1.85,"€0,02/dos",Continente,Limpeza/Roupa/Amaciador e Intensificador Perfume,https://www.continente.pt/dw/image/v2/BDVS_PRD/on/demandware.static/-/Sites-col-master-catalog/default/dwe2a962f0/images/col/710/7101243-frente.jpg?sw=280&sh=280,80 doses,https://www.continente.pt/produto/amaciador-roupa-concentrado-talco-continente-7101243.html,limpeza,2025-04-21,Continente
Tira Nódoas Spray Oxi Action Cores,6346920,3.99,"€7,98/lt",Vanish,Limpeza/Roupa/Aditivos e Auxiliares,https://www.continente.pt/dw/image/v2/BDVS_PRD/on/demandware.static/-/Sites-col-master-catalog/default/dwc097738a/images/col/634/6346920-frente.jpg?sw=280&sh=280,emb. 500 ml,https://www.continente.pt/produto/tira-nodoas-spray-oxi-action-cores-vanish-6346920.html,limpeza,2025-04-21,Continente
Spray WC Ultra Higiene Líxivia,7626169,1.99,"€3,98/lt",Cif,Limpeza/Casa de Banho/Multisuperfícies,https://www.continente.pt/dw/image/v2/BDVS_PRD/on/demandware.static/-/Sites-col-master-catalog/default/dw814e0ee5/images/col/762/7626169-hero.png?sw=280&sh=280,emb. 500 ml,https://www.continente.pt/produto/spray-wc-ultra-higiene-lixivia-cif-7626169.html,limpeza,2025-04-21,Continente
Ambientador Vela Romã e Tangerina,7656514,1.75,"€1,75/un",Continente,Limpeza/Velas e Ambientadores/Velas,https://www.continente.pt/dw/image/v2/BDVS_PRD/on/demandware.static/-/Sites-col-master-catalog/default/dw926230b3/images/col/765/7656514-frente.jpg?sw=280&sh=280,emb. 1 un,https://www.continente.pt/produto/ambientador-vela-roma-e-tangerina-continente-7656514.html,limpeza,2025-04-21,Continente
Creme com Esponja Autobrilhante Castanho,2608591,2.59,"€2,59/un",Splendor,Limpeza/Roupa/Limpeza do Calçado/Autobrilhantador,https://www.continente.pt/dw/image/v2/BDVS_PRD/on/demandware.static/-/Sites-col-master-catalog/default/dw12ffabd6/images/col/260/2608591-frente.png?sw=280&sh=280,emb. 1 un,https://www.continente.pt/produto/creme-com-esponja-autobrilhante-castanho-splendor-2608591.html,limpeza,2025-04-21,Continente
Sacos para Congelar Zip 3lt,7520129,1.15,"€0,08/un",Continente,Limpeza/Cozinha/Películas e Sacos de Conservação,https://www.continente.pt/dw/image/v2/BDVS_PRD/on/demandware.static/-/Sites-col-master-catalog/default/dw7d87f763/images/col/752/7520129-frente.jpg?sw=280&sh=280,emb. 15 un,https://www.continente.pt/produto/sacos-para-congelar-zip-3lt-continente-7520129.html,limpeza,2025-04-21,Continente
Recarga Esfregona Microfibra Amarela Suave,2106611,3.99,"€3,99/un",Vileda,"Casa, Bricolage e Jardim/Lavandaria, Arrumação e Banho/Utensílios de Limpeza",https://www.continente.pt/dw/image/v2/BDVS_PRD/on/demandware.static/-/Sites-col-master-catalog/default/dw1c9454a0/images/col/210/2106611-frente.jpg?sw=280&sh=280,1 un,https://www.continente.pt/produto/recarga-esfregona-microfibra-amarela-suave-vileda-2106611.html,limpeza,2025-04-21,Continente
Esfregão Verde Power Classic,4954167,1.79,"€0,90/un",Scotch-Brite,"Limpeza/Panos, Esfregões e Luvas/Esfregões",https://www.continente.pt/dw/image/v2/BDVS_PRD/on/demandware.static/-/Sites-col-master-catalog/default/dw5514e24e/images/col/495/4954167-frente.jpg?sw=280&sh=280,emb. 2 un + 2 GRÁTIS,https://www.continente.pt/produto/esfregao-verde-power-classic-scotch-brite-4954167.html,limpeza,2025-04-21,Continente
Abrasivo Sanitário Gel Extra Power com Lixívia Marinho,6057871,1.69,"€2,25/lt",Pato,Limpeza/Casa de Banho/Abrasivos Sanitários,https://www.continente.pt/dw/image/v2/BDVS_PRD/on/demandware.static/-/Sites-col-master-catalog/default/dw838ca971/images/col/605/6057871-frente.jpg?sw=280&sh=280,emb. 750 ml,https://www.continente.pt/produto/abrasivo-sanitario-gel-extra-power-com-lixivia-marinho-pato-6057871.html,limpeza,2025-04-21,Continente
Amaciador Roupa Concentrado Aromaterapia Gold,8190857,3.29,"€0,05/dos",Vernel,Limpeza/Roupa/Amaciador e Intensificador Perfume,https://www.continente.pt/dw/image/v2/BDVS_PRD/on/demandware.static/-/Sites-col-master-catalog/default/dwf00eeb04/images/col/819/8190857-frente.png?sw=280&sh=280,60 doses,https://www.continente.pt/produto/amaciador-roupa-concentrado-aromaterapia-gold-vernel-8190857.html,limpeza,2025-04-21,Continente
Detergente Máquina Roupa Líquido Colónia,8037087,3.3,"€0,07/dos",Continente,Limpeza/Roupa/Detergente Máquina,https://www.continente.pt/dw/image/v2/BDVS_PRD/on/demandware.static/-/Sites-col-master-catalog/default/dwc1387653/images/col/803/8037087-frente.png?sw=280&sh=280,emb. 46 doses,https://www.continente.pt/produto/detergente-maquina-roupa-liquido-colonia-continente-8037087.html,limpeza,2025-04-21,Continente
Luvas Descartáveis Superfinas Látex M/L,7188029,0.79,"€0,08/un",Continente,"Limpeza/Panos, Esfregões e Luvas/Luvas",https://www.continente.pt/dw/image/v2/BDVS_PRD/on/demandware.static/-/Sites-col-master-catalog/default/dw8e988c00/images/col/718/7188029-hero.jpg?sw=280&sh=280,10 pares,https://www.continente.pt/produto/luvas-descartaveis-superfinas-latex-m-l-continente-7188029.html,limpeza,2025-04-21,Continente
Esfregão Salva Unhas Ultra Fresh ,6879947,1.39,"€0,69/un",Vileda,"Limpeza/Panos, Esfregões e Luvas/Esfregões",https://www.continente.pt/dw/image/v2/BDVS_PRD/on/demandware.static/-/Sites-col-master-catalog/default/dw7e3c3d4e/images/col/687/6879947-direito.jpg?sw=280&sh=280,2 un + 1 un,https://www.continente.pt/produto/esfregao-salva-unhas-ultra-fresh%C2%A0-vileda-6879947.html,limpeza,2025-04-21,Continente
Creme de Limpeza Pink Flowers,5441459,2.69,"€3,84/lt",Cif,Limpeza/Limpeza Geral/Multisuperfícies,https://www.continente.pt/dw/image/v2/BDVS_PRD/on/demandware.static/-/Sites-col-master-catalog/default/dwdc1d6f43/images/col/544/5441459-hero.png?sw=280&sh=280,emb. 700 ml,https://www.continente.pt/produto/creme-de-limpeza-pink-flowers-cif-5441459.html,limpeza,2025-04-21,Continente
Amaciador Roupa Concentrado Aromaterapia Gold,8190859,3.99,"€0,05/dos",Vernel,Limpeza/Roupa/Amaciador e Intensificador Perfume,https://www.continente.pt/dw/image/v2/BDVS_PRD/on/demandware.static/-/Sites-col-master-catalog/default/dwb56a6cd7/images/col/819/8190859-frente.png?sw=280&sh=280,80 doses,https://www.continente.pt/produto/amaciador-roupa-concentrado-aromaterapia-gold-vernel-8190859.html,limpeza,2025-04-21,Continente
Detergente Manual Loiça Limpeza e Cuidado Rosa e Cetim,8370725,2.39,"€4,60/lt",Fairy,Limpeza/Cozinha/Detergente Manual Loiça,https://www.continente.pt/dw/image/v2/BDVS_PRD/on/demandware.static/-/Sites-col-master-catalog/default/dw85b200b7/images/col/837/8370725-frente.jpg?sw=280&sh=280,emb. 520 ml,https://www.continente.pt/produto/detergente-manual-loica-limpeza-e-cuidado-rosa-e-cetim-fairy-8370725.html,limpeza,2025-04-21,Continente
Bloco Sanitário Blue Active Floral,7085981,4.39,"€1,46/un",Bref Sonasol,Limpeza/Casa de Banho/Blocos Sanitários,https://www.continente.pt/dw/image/v2/BDVS_PRD/on/demandware.static/-/Sites-col-master-catalog/default/dw431047db/images/col/708/7085981-frente.jpg?sw=280&sh=280,emb. 3 un,https://www.continente.pt/produto/bloco-sanitario-blue-active-floral-bref-sonasol-7085981.html,limpeza,2025-04-21,Continente
Sal Máquina Loiça,8398528,1.89,"€1,89/kg",Finish,Limpeza/Cozinha/Aditivos Máquina Loiça,https://www.continente.pt/dw/image/v2/BDVS_PRD/on/demandware.static/-/Sites-col-master-catalog/default/dw19eae998/images/col/839/8398528-frente.jpg?sw=280&sh=280,emb. 1 kg,https://www.continente.pt/produto/sal-maquina-loica-finish-8398528.html,limpeza,2025-04-21,Continente
Lava Tudo pH Neutro,7520761,5.83,"€1,49/lt",Sonasol,Limpeza/Limpeza Geral/Lava Tudo,https://www.continente.pt/dw/image/v2/BDVS_PRD/on/demandware.static/-/Sites-col-master-catalog/default/dwbfff0ef9/images/col/752/7520761-hero.jpg?sw=280&sh=280,"emb. 3 x 1,3 lt",https://www.continente.pt/produto/lava-tudo-ph-neutro-sonasol-7520761.html,limpeza,2025-04-21,Continente
Detergente Manual Loiça Concentrado Laranja,7165271,0.99,"€1,98/lt",Continente,Limpeza/Cozinha/Detergente Manual Loiça,https://www.continente.pt/dw/image/v2/BDVS_PRD/on/demandware.static/-/Sites-col-master-catalog/default/dw03f26096/images/col/716/7165271-hero.jpg?sw=280&sh=280,emb. 500 ml,https://www.continente.pt/produto/detergente-manual-loica-concentrado-laranja-continente-7165271.html,limpeza,2025-04-21,Continente
Pano Multiusos Suave Ultra Fresh ,2054670,1.99,"€1,00/un",Vileda,"Limpeza/Panos, Esfregões e Luvas/Panos",https://www.continente.pt/dw/image/v2/BDVS_PRD/on/demandware.static/-/Sites-col-master-catalog/default/dw8165003b/images/col/205/2054670-frente.jpg?sw=280&sh=280,2 un,https://www.continente.pt/produto/pano-multiusos-suave-ultra-fresh%C2%A0-vileda-2054670.html,limpeza,2025-04-21,Continente
Lava Tudo Gel Anti-Calcário,2621015,1.49,"€1,99/lt",Cif,Limpeza/Limpeza Geral/Lava Tudo,https://www.continente.pt/dw/image/v2/BDVS_PRD/on/demandware.static/-/Sites-col-master-catalog/default/dw8c412c92/images/col/262/2621015-frente.jpg?sw=280&sh=280,emb. 750 ml,https://www.continente.pt/produto/lava-tudo-gel-anti-calcario-cif-2621015.html,limpeza,2025-04-21,Continente
Lava Tudo Gel Ativo com Lixívia,7752828,1.99,"€1,53/lt",Cif,Limpeza/Limpeza Geral/Lava Tudo,https://www.continente.pt/dw/image/v2/BDVS_PRD/on/demandware.static/-/Sites-col-master-catalog/default/dw1c593b9c/images/col/775/7752828-frente.jpg?sw=280&sh=280,"emb. 1,3 lt",https://www.continente.pt/produto/lava-tudo-gel-ativo-com-lixivia-cif-7752828.html,limpeza,2025-04-21,Continente
Detergente Máquina Roupa Pó Active Clean,7784981,11.99,"€0,21/dos",Skip,Limpeza/Roupa/Detergente Máquina,https://www.continente.pt/dw/image/v2/BDVS_PRD/on/demandware.static/-/Sites-col-master-catalog/default/dw06c7be9e/images/col/778/7784981-direito.jpg?sw=280&sh=280,56 doses,https://www.continente.pt/produto/detergente-maquina-roupa-po-active-clean-skip-7784981.html,limpeza,2025-04-21,Continente
Amaciador Roupa Concentrado Intense Care Revive,7417871,3.49,"€0,06/dos",Comfort,Limpeza/Roupa/Amaciador e Intensificador Perfume,https://www.continente.pt/dw/image/v2/BDVS_PRD/on/demandware.static/-/Sites-col-master-catalog/default/dw8d17ffb0/images/col/741/7417871-frente.jpg?sw=280&sh=280,60 doses,https://www.continente.pt/produto/amaciador-roupa-concentrado-intense-care-revive-comfort-7417871.html,limpeza,2025-04-21,Continente
Detergente Máquina Loiça Power Gel All in 1 Limão,5785619,9.49,"€0,19/un",Finish,Limpeza/Cozinha/Detergente Máquina Loiça,https://www.continente.pt/dw/image/v2/BDVS_PRD/on/demandware.static/-/Sites-col-master-catalog/default/dw68f4f72b/images/col/578/5785619-frente.jpg?sw=280&sh=280,50 doses,https://www.continente.pt/produto/detergente-maquina-loica-power-gel-all-in-1-limao-finish-5785619.html,limpeza,2025-04-21,Continente
Detergente Máquina Roupa Líquido Baby,7800296,9.99,"€0,18/dos",Skip,Limpeza/Roupa/Detergente Máquina,https://www.continente.pt/dw/image/v2/BDVS_PRD/on/demandware.static/-/Sites-col-master-catalog/default/dwcb6454f3/images/col/780/7800296-frente.jpg?sw=280&sh=280,56 doses,https://www.continente.pt/produto/detergente-maquina-roupa-liquido-baby-skip-7800296.html,limpeza,2025-04-21,Continente
Bloco Sanitário Pinho,7462726,1.29,"€0,43/un",Continente,Limpeza/Casa de Banho/Blocos Sanitários,https://www.continente.pt/dw/image/v2/BDVS_PRD/on/demandware.static/-/Sites-col-master-catalog/default/dw02504e70/images/col/746/7462726-frente.jpg?sw=280&sh=280,emb. 3 un,https://www.continente.pt/produto/bloco-sanitario-pinho-continente-7462726.html,limpeza,2025-04-21,Continente
Detergente Máquina Loiça Pastilhas All in 1 Regular,7834301,7.99,"€0,13/un",Sun,Limpeza/Cozinha/Detergente Máquina Loiça,https://www.continente.pt/dw/image/v2/BDVS_PRD/on/demandware.static/-/Sites-col-master-catalog/default/dwa2e9e68f/images/col/783/7834301-frente.jpg?sw=280&sh=280,62 doses,https://www.continente.pt/produto/detergente-maquina-loica-pastilhas-all-in-1-regular-sun-7834301.html,limpeza,2025-04-21,Continente
Esfregão Esponja Rainbow,5237998,1.74,"€0,17/un",Vileda,"Limpeza/Panos, Esfregões e Luvas/Esfregões",https://www.continente.pt/dw/image/v2/BDVS_PRD/on/demandware.static/-/Sites-col-master-catalog/default/dw8d65cd56/images/col/523/5237998-direito.jpg?sw=280&sh=280,10 un,https://www.continente.pt/produto/esfregao-esponja-rainbow-vileda-5237998.html,limpeza,2025-04-21,Continente
Detergente Manual Roupa Pó,5287638,2.49,"€4,61/kg",Omo,Limpeza/Roupa/Detergente Manual,https://www.continente.pt/dw/image/v2/BDVS_PRD/on/demandware.static/-/Sites-col-master-catalog/default/dw2e510256/images/col/528/5287638-direito.jpg?sw=280&sh=280,emb. 540 gr,https://www.continente.pt/produto/detergente-manual-roupa-po-omo-5287638.html,limpeza,2025-04-21,Continente
Amaciador Roupa Concentrado Essência Azul,7772362,3.49,"€0,05/dos",Comfort,Limpeza/Roupa/Amaciador e Intensificador Perfume,https://www.continente.pt/dw/image/v2/BDVS_PRD/on/demandware.static/-/Sites-col-master-catalog/default/dw7eb847ba/images/col/777/7772362-frente.jpg?sw=280&sh=280,74 doses,https://www.continente.pt/produto/amaciador-roupa-concentrado-essencia-azul-comfort-7772362.html,limpeza,2025-04-21,Continente
Desentupidor Canos Gel,6712700,1.69,"€1,69/lt",Continente,Limpeza/Casa de Banho/Desentupidores,https://www.continente.pt/dw/image/v2/BDVS_PRD/on/demandware.static/-/Sites-col-master-catalog/default/dwfc7fbae7/images/col/671/6712700-frente.jpg?sw=280&sh=280,emb. 1 lt,https://www.continente.pt/produto/desentupidor-canos-gel-continente-6712700.html,limpeza,2025-04-21,Continente
Detergente Máquina Roupa Cápsulas Ultimate Sabão Natural,8114847,8.99,"€0,22/dos",Skip,Limpeza/Roupa/Detergente Máquina,https://www.continente.pt/dw/image/v2/BDVS_PRD/on/demandware.static/-/Sites-col-master-catalog/default/dw8725b657/images/col/811/8114847-frente.png?sw=280&sh=280,40 doses,https://www.continente.pt/produto/detergente-maquina-roupa-capsulas-ultimate-sabao-natural-skip-8114847.html,limpeza,2025-04-21,Continente
Amaciador Roupa Concentrado Spa,7101241,1.85,"€0,02/dos",Continente,Limpeza/Roupa/Amaciador e Intensificador Perfume,https://www.continente.pt/dw/image/v2/BDVS_PRD/on/demandware.static/-/Sites-col-master-catalog/default/dw616207d6/images/col/710/7101241-frente.jpg?sw=280&sh=280,80 doses,https://www.continente.pt/produto/amaciador-roupa-concentrado-spa-continente-7101241.html,limpeza,2025-04-21,Continente
Creme de Limpeza Frescura Limão,4302665,1.19,"€1,59/lt",Continente,Limpeza/Limpeza Geral/Multisuperfícies,https://www.continente.pt/dw/image/v2/BDVS_PRD/on/demandware.static/-/Sites-col-master-catalog/default/dw7b1d6dea/images/col/430/4302665-frente.jpg?sw=280&sh=280,emb. 750 ml,https://www.continente.pt/produto/creme-de-limpeza-frescura-limao-continente-4302665.html,limpeza,2025-04-21,Continente
Limpa Madeiras com Sabão,7395939,1.99,"€1,33/lt",Continente,Limpeza/Limpeza Geral/Madeiras,https://www.continente.pt/dw/image/v2/BDVS_PRD/on/demandware.static/-/Sites-col-master-catalog/default/dw63bf4a67/images/col/739/7395939-frente.jpg?sw=280&sh=280,"emb. 1,5 lt",https://www.continente.pt/produto/limpa-madeiras-com-sabao-continente-7395939.html,limpeza,2025-04-21,Continente
Detergente Máquina Roupa Líquido Delicadas,7731745,3.89,"€0,04/dos",Continente,Limpeza/Roupa/Detergente Máquina,https://www.continente.pt/dw/image/v2/BDVS_PRD/on/demandware.static/-/Sites-col-master-catalog/default/dwe29ce7de/images/col/773/7731745-frente.jpg?sw=280&sh=280,100 doses,https://www.continente.pt/produto/detergente-maquina-roupa-liquido-delicadas-continente-7731745.html,limpeza,2025-04-21,Continente
Rolo Multiusos Branco,6725677,2.99,"€2,99/un",Boost,Limpeza/Guardanapos e Rolos/Rolos de Cozinha,https://www.continente.pt/dw/image/v2/BDVS_PRD/on/demandware.static/-/Sites-col-master-catalog/default/dwcec63406/images/col/672/6725677-cima.jpg?sw=280&sh=280,emb. 1 un,https://www.continente.pt/produto/rolo-multiusos-branco-boost-6725677.html,limpeza,2025-04-21,Continente
Intensificador Perfume Pérolas Unstoppables Fresh,8398834,12.99,"€26,24/kg",Lenor,Limpeza/Roupa/Amaciador e Intensificador Perfume,https://www.continente.pt/dw/image/v2/BDVS_PRD/on/demandware.static/-/Sites-col-master-catalog/default/dwd341bd0d/images/col/839/8398834-hero.png?sw=280&sh=280,41 doses (495 gr),https://www.continente.pt/produto/intensificador-perfume-perolas-unstoppables-fresh-lenor-8398834.html,limpeza,2025-04-21,Continente
Recarga Mopa,4257997,1.25,"€0,06/un",Continente,"Limpeza/Mopas, Esfregonas e Vassouras/Mopas e Espanadores",https://www.continente.pt/dw/image/v2/BDVS_PRD/on/demandware.static/-/Sites-col-master-catalog/default/dw77639934/images/col/425/4257997-frente.jpg?sw=280&sh=280,emb. 20 un,https://www.continente.pt/produto/recarga-mopa-continente-4257997.html,limpeza,2025-04-21,Continente
Toalhitas Limpa Vidros Janelas,7369894,3.09,"€0,04/un",Green Shield,Limpeza/Limpeza Geral/Limpa Vidros,https://www.continente.pt/dw/image/v2/BDVS_PRD/on/demandware.static/-/Sites-col-master-catalog/default/dw79b4023f/images/col/736/7369894-frente.jpg?sw=280&sh=280,emb. 70 un,https://www.continente.pt/produto/toalhitas-limpa-vidros-janelas-green-shield-7369894.html,limpeza,2025-04-21,Continente
Detergente Máquina Loiça Gel Elimina Odor,7486416,3.59,"€0,10/un",Continente,Limpeza/Cozinha/Detergente Máquina Loiça,https://www.continente.pt/dw/image/v2/BDVS_PRD/on/demandware.static/-/Sites-col-master-catalog/default/dwe0c621ed/images/col/748/7486416-frente.jpg?sw=280&sh=280,36 doses,https://www.continente.pt/produto/detergente-maquina-loica-gel-elimina-odor-continente-7486416.html,limpeza,2025-04-21,Continente
Limpa Vidros Spray Tripla Ação,2217391,1.97,"€3,94/lt",Ajax,Limpeza/Limpeza Geral/Limpa Vidros,https://www.continente.pt/dw/image/v2/BDVS_PRD/on/demandware.static/-/Sites-col-master-catalog/default/dwc1800b12/images/col/221/2217391-hero.png?sw=280&sh=280,emb. 500 ml,https://www.continente.pt/produto/limpa-vidros-spray-tripla-acao-ajax-2217391.html,limpeza,2025-04-21,Continente
Esfregão Super Desengordurante,2053932,1.29,"€0,22/un",Bravo,"Limpeza/Panos, Esfregões e Luvas/Esfregões",https://www.continente.pt/dw/image/v2/BDVS_PRD/on/demandware.static/-/Sites-col-master-catalog/default/dw604e3292/images/col/205/2053932-cima.jpg?sw=280&sh=280,6 unidades,https://www.continente.pt/produto/esfregao-super-desengordurante-bravo-2053932.html,limpeza,2025-04-21,Continente
Ambientador Recarga Freshmatic White Bouquet,7262121,5.19,"€2,60/un",Air Wick,Limpeza/Velas e Ambientadores/Ambientadores Automáticos,https://www.continente.pt/dw/image/v2/BDVS_PRD/on/demandware.static/-/Sites-col-master-catalog/default/dw96b39420/images/col/726/7262121-frente.jpg?sw=280&sh=280,emb. 2 un,https://www.continente.pt/produto/ambientador-recarga-freshmatic-white-bouquet-air-wick-7262121.html,limpeza,2025-04-21,Continente
Esfregão Salva Unhas Azul,7722723,0.69,"€0,23/un",Continente,"Limpeza/Panos, Esfregões e Luvas/Esfregões",https://www.continente.pt/dw/image/v2/BDVS_PRD/on/demandware.static/-/Sites-col-master-catalog/default/dw01d48d11/images/col/772/7722723-frente.jpg?sw=280&sh=280,emb. 3 un,https://www.continente.pt/produto/esfregao-salva-unhas-azul-continente-7722723.html,limpeza,2025-04-21,Continente
Limpa Móveis Spray Classic,6699552,1.59,"€5,30/lt",Continente,Limpeza/Limpeza Geral/Madeiras,https://www.continente.pt/dw/image/v2/BDVS_PRD/on/demandware.static/-/Sites-col-master-catalog/default/dwd8bcbc31/images/col/669/6699552-frente.jpg?sw=280&sh=280,emb. 300 ml,https://www.continente.pt/produto/limpa-moveis-spray-classic-continente-6699552.html,limpeza,2025-04-21,Continente
Discos Sanitários Dispensador + Recarga Lima,7647210,2.99,"€0,25/un",Continente,Limpeza/Casa de Banho/Blocos Sanitários,https://www.continente.pt/dw/image/v2/BDVS_PRD/on/demandware.static/-/Sites-col-master-catalog/default/dw26fe165d/images/col/764/7647210-frente.jpg?sw=280&sh=280,12 doses,https://www.continente.pt/produto/discos-sanitarios-dispensador-recarga-lima-continente-7647210.html,limpeza,2025-04-21,Continente
Amaciador Roupa Concentrado Jojoba,7101244,1.85,"€0,02/dos",Continente,Limpeza/Roupa/Amaciador e Intensificador Perfume,https://www.continente.pt/dw/image/v2/BDVS_PRD/on/demandware.static/-/Sites-col-master-catalog/default/dwc8dc580d/images/col/710/7101244-frente.jpg?sw=280&sh=280,80 doses,https://www.continente.pt/produto/amaciador-roupa-concentrado-jojoba-continente-7101244.html,limpeza,2025-04-21,Continente
Ambientador Vela Mini Frutos Vermelhos,7757285,1.75,"€0,10/un",Continente,Limpeza/Velas e Ambientadores/Velas,https://www.continente.pt/dw/image/v2/BDVS_PRD/on/demandware.static/-/Sites-col-master-catalog/default/dwac2cf43d/images/col/775/7757285-cima.jpg?sw=280&sh=280,emb. 18 un,https://www.continente.pt/produto/ambientador-vela-mini-frutos-vermelhos-continente-7757285.html,limpeza,2025-04-21,Continente
Guardanapos 1 Folha Red Label Vermelho,6103843,0.79,"€0,01/un",Renova,Limpeza/Guardanapos e Rolos/Guardanapos,https://www.continente.pt/dw/image/v2/BDVS_PRD/on/demandware.static/-/Sites-col-master-catalog/default/dw66290ae9/images/col/610/6103843-frente.jpg?sw=280&sh=280,emb. 70 un,https://www.continente.pt/produto/guardanapos-1-folha-red-label-vermelho-renova-6103843.html,limpeza,2025-04-21,Continente
Guardanapos 2 Folhas Gold Vermelho,5667822,1.99,"€0,05/un",Renova,Limpeza/Guardanapos e Rolos/Guardanapos,https://www.continente.pt/dw/image/v2/BDVS_PRD/on/demandware.static/-/Sites-col-master-catalog/default/dwbedfd44a/images/col/566/5667822-frente.jpg?sw=280&sh=280,emb. 40 un,https://www.continente.pt/produto/guardanapos-2-folhas-gold-vermelho-renova-5667822.html,limpeza,2025-04-21,Continente
Amaciador Roupa Concentrado Flores Silvestres,7817530,2.99,"€0,04/un",Quanto,Limpeza/Roupa/Amaciador e Intensificador Perfume,https://www.continente.pt/dw/image/v2/BDVS_PRD/on/demandware.static/-/Sites-col-master-catalog/default/dwb0d61f97/images/col/781/7817530-frente.jpg?sw=280&sh=280,74 doses,https://www.continente.pt/produto/amaciador-roupa-concentrado-flores-silvestres-quanto-7817530.html,limpeza,2025-04-21,Continente
Lava Tudo Líquido Brilhante Efeito Reparador,5305850,2.79,"€2,54/lt",Sonasol,Limpeza/Limpeza Geral/Multisuperfícies,https://www.continente.pt/dw/image/v2/BDVS_PRD/on/demandware.static/-/Sites-col-master-catalog/default/dw5e1b01cf/images/col/530/5305850-hero.jpg?sw=280&sh=280,"emb. 1,1 lt",https://www.continente.pt/produto/lava-tudo-liquido-brilhante-efeito-reparador-sonasol-5305850.html,limpeza,2025-04-21,Continente
Toalhitas de Limpeza de Vidros,7831706,2.14,"€0,07/un",Cif,Limpeza/Limpeza Geral/Limpa Vidros,https://www.continente.pt/dw/image/v2/BDVS_PRD/on/demandware.static/-/Sites-col-master-catalog/default/dwc0f8a8df/images/col/783/7831706-frente.jpg?sw=280&sh=280,emb. 30 un,https://www.continente.pt/produto/toalhitas-de-limpeza-de-vidros-cif-7831706.html,limpeza,2025-04-21,Continente
Lava Tudo Perfumado Floral,7159495,2.24,"€1,79/lt",Ajax,Limpeza/Limpeza Geral/Lava Tudo,https://www.continente.pt/dw/image/v2/BDVS_PRD/on/demandware.static/-/Sites-col-master-catalog/default/dw7d359f95/images/col/715/7159495-hero.png?sw=280&sh=280,"emb. 1,25 lt",https://www.continente.pt/produto/lava-tudo-perfumado-floral-ajax-7159495.html,limpeza,2025-04-21,Continente
Ambientador Vela Brisa do Bosque,7656509,1.75,"€1,75/un",Continente,Limpeza/Velas e Ambientadores/Velas,https://www.continente.pt/dw/image/v2/BDVS_PRD/on/demandware.static/-/Sites-col-master-catalog/default/dw9d30f7b5/images/col/765/7656509-frente.jpg?sw=280&sh=280,emb. 1 un,https://www.continente.pt/produto/ambientador-vela-brisa-do-bosque-continente-7656509.html,limpeza,2025-04-21,Continente
Creme de Limpeza Ativo com Lixivia,5392299,2.69,"€3,84/lt",Cif,Limpeza/Limpeza Geral/Multisuperfícies,https://www.continente.pt/dw/image/v2/BDVS_PRD/on/demandware.static/-/Sites-col-master-catalog/default/dwe26398dd/images/col/539/5392299-hero.png?sw=280&sh=280,emb. 700 ml,https://www.continente.pt/produto/creme-de-limpeza-ativo-com-lixivia-cif-5392299.html,limpeza,2025-04-21,Continente
Tira Nódoas Spray Oxi Action Roupa Branca,7365581,4.49,"€5,99/lt",Vanish,Limpeza/Roupa/Aditivos e Auxiliares,https://www.continente.pt/dw/image/v2/BDVS_PRD/on/demandware.static/-/Sites-col-master-catalog/default/dw2b81ae47/images/col/736/7365581-frente.jpg?sw=280&sh=280,emb. 750 ml,https://www.continente.pt/produto/tira-nodoas-spray-oxi-action-roupa-branca-vanish-7365581.html,limpeza,2025-04-21,Continente
Papel Higiénico Húmido Kids Travel,2731969,1.32,"€0,11/un",Renova,Beleza e Higiene/Papel Higiénico/Papel Higiénico Húmido,https://www.continente.pt/dw/image/v2/BDVS_PRD/on/demandware.static/-/Sites-col-master-catalog/default/dw87252d6c/images/col/273/2731969-frente.jpg?sw=280&sh=280,emb. 12 un,https://www.continente.pt/produto/papel-higienico-humido-kids-travel-renova-2731969.html,limpeza,2025-04-21,Continente
Luvas Extra Strong M,7405257,1.58,"€1,58/un",Scotch-Brite,"Limpeza/Panos, Esfregões e Luvas/Luvas",https://www.continente.pt/dw/image/v2/BDVS_PRD/on/demandware.static/-/Sites-col-master-catalog/default/dwdacec810/images/col/740/7405257-frente.jpg?sw=280&sh=280,1 par,https://www.continente.pt/produto/luvas-extra-strong-m-scotch-brite-7405257.html,limpeza,2025-04-21,Continente
Spray WC Desinfetante,5902599,2.49,"€3,32/lt",Sanytol,Limpeza/Casa de Banho/Multisuperfícies,https://www.continente.pt/dw/image/v2/BDVS_PRD/on/demandware.static/-/Sites-col-master-catalog/default/dw163b2d2a/images/col/590/5902599-frente.png?sw=280&sh=280,emb. 750 ml,https://www.continente.pt/produto/spray-wc-desinfetante-sanytol-5902599.html,limpeza,2025-04-21,Continente
Lava Tudo Magic Aloe Vera,7520757,5.83,"€1,49/lt",Sonasol,Limpeza/Limpeza Geral/Lava Tudo,https://www.continente.pt/dw/image/v2/BDVS_PRD/on/demandware.static/-/Sites-col-master-catalog/default/dw998acb80/images/col/752/7520757-hero.jpg?sw=280&sh=280,"emb. 3 x 1,3 lt",https://www.continente.pt/produto/lava-tudo-magic-aloe-vera-sonasol-7520757.html,limpeza,2025-04-21,Continente
Detergente Máquina Roupa Líquido Sabão Natural,7719946,6.19,"€0,07/dos",Continente,Limpeza/Roupa/Detergente Máquina,https://www.continente.pt/dw/image/v2/BDVS_PRD/on/demandware.static/-/Sites-col-master-catalog/default/dw65f2cf87/images/col/771/7719946-frente.png?sw=280&sh=280,86 doses,https://www.continente.pt/produto/detergente-maquina-roupa-liquido-sabao-natural-continente-7719946.html,limpeza,2025-04-21,Continente
Detergente Máquina Loiça Pastilhas Platinum Plus Limão,7655581,12.99,"€0,27/un",Fairy,Limpeza/Cozinha/Detergente Máquina Loiça,https://www.continente.pt/dw/image/v2/BDVS_PRD/on/demandware.static/-/Sites-col-master-catalog/default/dw07db31f0/images/col/765/7655581-hero.jpg?sw=280&sh=280,48 doses,https://www.continente.pt/produto/detergente-maquina-loica-pastilhas-platinum-plus-limao-fairy-7655581.html,limpeza,2025-04-21,Continente
Lava Tudo Perfumado Jasmim e Maçã,7608911,1.19,"€0,79/lt",Continente,Limpeza/Limpeza Geral/Lava Tudo,https://www.continente.pt/dw/image/v2/BDVS_PRD/on/demandware.static/-/Sites-col-master-catalog/default/dwdc0946f6/images/col/760/7608911-frente.jpg?sw=280&sh=280,"emb. 1,5 lt",https://www.continente.pt/produto/lava-tudo-perfumado-jasmim-e-maca-continente-7608911.html,limpeza,2025-04-21,Continente
Lava Tudo Magic Rosas e Jasmim,6064556,2.09,"€1,61/lt",Sonasol,Limpeza/Limpeza Geral/Lava Tudo,https://www.continente.pt/dw/image/v2/BDVS_PRD/on/demandware.static/-/Sites-col-master-catalog/default/dw0c2e3536/images/col/606/6064556-hero.jpg?sw=280&sh=280,"emb. 1,3 lt",https://www.continente.pt/produto/lava-tudo-magic-rosas-e-jasmim-sonasol-6064556.html,limpeza,2025-04-21,Continente
Detergente Máquina Roupa Líquido Lãs e Sedas,6623586,3.99,"€0,16/dos",Woolite,Limpeza/Roupa/Detergente Máquina,https://www.continente.pt/dw/image/v2/BDVS_PRD/on/demandware.static/-/Sites-col-master-catalog/default/dwb27e89b2/images/col/662/6623586-frente.jpg?sw=280&sh=280,25 doses,https://www.continente.pt/produto/detergente-maquina-roupa-liquido-las-e-sedas-woolite-6623586.html,limpeza,2025-04-21,Continente
Luvas Multiusos Acetinadas S,6607569,0.69,"€0,69/un",Continente,"Limpeza/Panos, Esfregões e Luvas/Luvas",https://www.continente.pt/dw/image/v2/BDVS_PRD/on/demandware.static/-/Sites-col-master-catalog/default/dwe998f40b/images/col/660/6607569-frente.jpg?sw=280&sh=280,1 par,https://www.continente.pt/produto/luvas-multiusos-acetinadas-s-continente-6607569.html,limpeza,2025-04-21,Continente
Ambientador Vela Encanto de Verão,7245209,1.99,"€1,99/un",Continente,Limpeza/Velas e Ambientadores/Velas,https://www.continente.pt/dw/image/v2/BDVS_PRD/on/demandware.static/-/Sites-col-master-catalog/default/dw8b61773c/images/col/724/7245209-frente.jpg?sw=280&sh=280,emb. 1 un,https://www.continente.pt/produto/ambientador-vela-encanto-de-verao-continente-7245209.html,limpeza,2025-04-21,Continente
Amaciador Roupa Flores Silvestres,7803082,6.04,"€0,05/dos",Quanto,Limpeza/Roupa/Amaciador e Intensificador Perfume,https://www.continente.pt/dw/image/v2/BDVS_PRD/on/demandware.static/-/Sites-col-master-catalog/default/dw9634857a/images/col/780/7803082-frente.jpg?sw=280&sh=280,132 doses,https://www.continente.pt/produto/amaciador-roupa-flores-silvestres-quanto-7803082.html,limpeza,2025-04-21,Continente
Detergente Manual Loiça Maxi Poder Limão,8405636,4.99,"€5,54/lt",Fairy,Limpeza/Cozinha/Detergente Manual Loiça,https://www.continente.pt/dw/image/v2/BDVS_PRD/on/demandware.static/-/Sites-col-master-catalog/default/dw26f51b14/images/col/840/8405636-frente.jpg?sw=280&sh=280,emb. 2 x 450 ml,https://www.continente.pt/produto/detergente-manual-loica-maxi-poder-limao-fairy-8405636.html,limpeza,2025-04-21,Continente
Anti-Calcário Power Gel,7803070,14.99,"€6,66/lt",Calgon,Limpeza/Roupa/Tratamento Máquina Roupa,https://www.continente.pt/dw/image/v2/BDVS_PRD/on/demandware.static/-/Sites-col-master-catalog/default/dwa8442a9e/images/col/780/7803070-frente.jpg?sw=280&sh=280,"emb. 2,25 lt",https://www.continente.pt/produto/anti-calcario-power-gel-calgon-7803070.html,limpeza,2025-04-21,Continente
Esfregão Esponja Salva Unhas,4867443,0.45,"€0,15/un",Continente,"Limpeza/Panos, Esfregões e Luvas/Esfregões",https://www.continente.pt/dw/image/v2/BDVS_PRD/on/demandware.static/-/Sites-col-master-catalog/default/dwebaf8375/images/col/486/4867443-frente.jpg?sw=280&sh=280,3 un,https://www.continente.pt/produto/esfregao-esponja-salva-unhas-continente-4867443.html,limpeza,2025-04-21,Continente
Esfregão Esponja Cores,4476866,1.09,"€0,55/un",Scotch-Brite,"Limpeza/Panos, Esfregões e Luvas/Esfregões",https://www.continente.pt/dw/image/v2/BDVS_PRD/on/demandware.static/-/Sites-col-master-catalog/default/dw51b8cd1c/images/col/447/4476866-frente.jpg?sw=280&sh=280,2 un,https://www.continente.pt/produto/esfregao-esponja-cores-scotch-brite-4476866.html,limpeza,2025-04-21,Continente
Amaciador Roupa Concentrado Intense Care Repair,7400654,3.49,"€0,06/dos",Comfort,Limpeza/Roupa/Amaciador e Intensificador Perfume,https://www.continente.pt/dw/image/v2/BDVS_PRD/on/demandware.static/-/Sites-col-master-catalog/default/dwc13c11c7/images/col/740/7400654-frente.jpg?sw=280&sh=280,60 doses,https://www.continente.pt/produto/amaciador-roupa-concentrado-intense-care-repair-comfort-7400654.html,limpeza,2025-04-21,Continente
Detergente Máquina Roupa Pó Tropical,7800279,9.99,"€0,12/dos",Surf,Limpeza/Roupa/Detergente Máquina,https://www.continente.pt/dw/image/v2/BDVS_PRD/on/demandware.static/-/Sites-col-master-catalog/default/dw4ce7b8fd/images/col/780/7800279-frente.jpg?sw=280&sh=280,84 doses,https://www.continente.pt/produto/detergente-maquina-roupa-po-tropical-surf-7800279.html,limpeza,2025-04-21,Continente
Sacos Lixo Fecho Fácil Super+ 20 lt,6210542,1.18,"€0,08/un",Vileda,Limpeza/Sacos e Baldes do Lixo/Sacos do Lixo,https://www.continente.pt/dw/image/v2/BDVS_PRD/on/demandware.static/-/Sites-col-master-catalog/default/dw3ff58b52/images/col/621/6210542-frente.jpg?sw=280&sh=280,emb. 15 un,https://www.continente.pt/produto/sacos-lixo-fecho-facil-super-20-lt-vileda-6210542.html,limpeza,2025-04-21,Continente
Limpa Vidros Spray Cristal,2177306,1.97,"€3,94/lt",Ajax,Limpeza/Limpeza Geral/Limpa Vidros,https://www.continente.pt/dw/image/v2/BDVS_PRD/on/demandware.static/-/Sites-col-master-catalog/default/dw89aafc2e/images/col/217/2177306-hero.png?sw=280&sh=280,emb. 500 ml,https://www.continente.pt/produto/limpa-vidros-spray-cristal-ajax-2177306.html,limpeza,2025-04-21,Continente
Discos Sanitários Dispensador + Recarga Marinho,7647209,2.99,"€0,25/un",Continente,Limpeza/Casa de Banho/Blocos Sanitários,https://www.continente.pt/dw/image/v2/BDVS_PRD/on/demandware.static/-/Sites-col-master-catalog/default/dw791e4779/images/col/764/7647209-frente.jpg?sw=280&sh=280,12 doses,https://www.continente.pt/produto/discos-sanitarios-dispensador-recarga-marinho-continente-7647209.html,limpeza,2025-04-21,Continente
Lava Tudo Perfumado Festa de Flores Coco,7412414,2.24,"€1,79/lt",Ajax,Limpeza/Limpeza Geral/Lava Tudo,https://www.continente.pt/dw/image/v2/BDVS_PRD/on/demandware.static/-/Sites-col-master-catalog/default/dwb3decc6f/images/col/741/7412414-hero.png?sw=280&sh=280,"emb. 1,25 lt",https://www.continente.pt/produto/lava-tudo-perfumado-festa-de-flores-coco-ajax-7412414.html,limpeza,2025-04-21,Continente
Intensificador Perfume Rosa,7624708,3.49,"€0,10/dos",Quanto,Limpeza/Roupa/Amaciador e Intensificador Perfume,https://www.continente.pt/dw/image/v2/BDVS_PRD/on/demandware.static/-/Sites-col-master-catalog/default/dw78cbbfef/images/col/762/7624708-frente-1.jpg?sw=280&sh=280,36 doses,https://www.continente.pt/produto/intensificador-perfume-rosa-quanto-7624708.html,limpeza,2025-04-21,Continente
Esfregão Esponja Ultra Fresh ,6244777,1.99,"€1,00/un",Vileda,"Limpeza/Panos, Esfregões e Luvas/Esfregões",https://www.continente.pt/dw/image/v2/BDVS_PRD/on/demandware.static/-/Sites-col-master-catalog/default/dw42cd498e/images/col/624/6244777-frente.jpg?sw=280&sh=280,2 un + 1 un,https://www.continente.pt/produto/esfregao-esponja-ultra-fresh%C2%A0-vileda-6244777.html,limpeza,2025-04-21,Continente
Detergente Manual Loiça Ultra Jasmim Rosa,8370734,6.45,"€4,45/lt",Fairy,Limpeza/Cozinha/Detergente Manual Loiça,https://www.continente.pt/dw/image/v2/BDVS_PRD/on/demandware.static/-/Sites-col-master-catalog/default/dw81139f2f/images/col/837/8370734-frente.jpg?sw=280&sh=280,"emb. 1,45 lt",https://www.continente.pt/produto/detergente-manual-loica-ultra-jasmim-rosa-fairy-8370734.html,limpeza,2025-04-21,Continente
Detergente Máquina Loiça Pastilhas Quantum Limão,8093008,10.99,"€0,20/un",Finish,Limpeza/Cozinha/Detergente Máquina Loiça,https://www.continente.pt/dw/image/v2/BDVS_PRD/on/demandware.static/-/Sites-col-master-catalog/default/dwcd179939/images/col/809/8093008-frente.jpg?sw=280&sh=280,56 doses,https://www.continente.pt/produto/detergente-maquina-loica-pastilhas-quantum-limao-finish-8093008.html,limpeza,2025-04-21,Continente
Bloco Autoclismo Matic Água Azul,4910887,2.49,"€1,25/un",Pato,Limpeza/Casa de Banho/Blocos Sanitários,https://www.continente.pt/dw/image/v2/BDVS_PRD/on/demandware.static/-/Sites-col-master-catalog/default/dw1bc1afa5/images/col/491/4910887-frente.jpg?sw=280&sh=280,emb. 2 un,https://www.continente.pt/produto/bloco-autoclismo-matic-agua-azul-pato-4910887.html,limpeza,2025-04-21,Continente
Perfumador Roupa Violet Delight,7423622,2.79,"€0,08/dos",Continente,Limpeza/Roupa/Amaciador e Intensificador Perfume,https://www.continente.pt/dw/image/v2/BDVS_PRD/on/demandware.static/-/Sites-col-master-catalog/default/dw8967bc1f/images/col/742/7423622-frente.jpg?sw=280&sh=280,37 doses,https://www.continente.pt/produto/perfumador-roupa-violet-delight-continente-7423622.html,limpeza,2025-04-21,Continente
Detergente Máquina Roupa Líquido Proteção Escuros,7134376,6.75,"€0,19/dos",Soflan,Limpeza/Roupa/Detergente Máquina,https://www.continente.pt/dw/image/v2/BDVS_PRD/on/demandware.static/-/Sites-col-master-catalog/default/dwedafb654/images/col/713/7134376-frente.jpg?sw=280&sh=280,36 doses,https://www.continente.pt/produto/detergente-maquina-roupa-liquido-protecao-escuros-soflan-7134376.html,limpeza,2025-04-21,Continente
Ambientador Vela Estrela do Oriente,7498373,1.75,"€1,75/un",Continente,Limpeza/Velas e Ambientadores/Velas,https://www.continente.pt/dw/image/v2/BDVS_PRD/on/demandware.static/-/Sites-col-master-catalog/default/dw877b4b5b/images/col/749/7498373-frente.jpg?sw=280&sh=280,emb. 1 un,https://www.continente.pt/produto/ambientador-vela-estrela-do-oriente-continente-7498373.html,limpeza,2025-04-21,Continente
Abrilhantador Máquina Loiça,7463430,6.49,"€6,49/lt",Sun,Limpeza/Cozinha/Aditivos Máquina Loiça,https://www.continente.pt/dw/image/v2/BDVS_PRD/on/demandware.static/-/Sites-col-master-catalog/default/dw6093c724/images/col/746/7463430-frente.jpg?sw=280&sh=280,emb. 1 lt,https://www.continente.pt/produto/abrilhantador-maquina-loica-sun-7463430.html,limpeza,2025-04-21,Continente
Bloco Sanitário Power 5 Pinho,7447865,2.74,"€1,37/un",Domestos,Limpeza/Casa de Banho/Blocos Sanitários,https://www.continente.pt/dw/image/v2/BDVS_PRD/on/demandware.static/-/Sites-col-master-catalog/default/dw3fab0e3e/images/col/744/7447865-hero.png?sw=280&sh=280,emb. 2 un,https://www.continente.pt/produto/bloco-sanitario-power-5-pinho-domestos-7447865.html,limpeza,2025-04-21,Continente
Intensificador Perfume Lavanda,7796092,3.49,"€0,10/dos",Quanto,Limpeza/Roupa/Amaciador e Intensificador Perfume,https://www.continente.pt/dw/image/v2/BDVS_PRD/on/demandware.static/-/Sites-col-master-catalog/default/dw0f648ada/images/col/779/7796092-frente.jpg?sw=280&sh=280,36 doses,https://www.continente.pt/produto/intensificador-perfume-lavanda-quanto-7796092.html,limpeza,2025-04-21,Continente
Limpa Móveis Spray Óleo de Cedro,2054302,3.59,"€14,36/lt",Pronto,Limpeza/Limpeza Geral/Madeiras,https://www.continente.pt/dw/image/v2/BDVS_PRD/on/demandware.static/-/Sites-col-master-catalog/default/dwa1c7ed16/images/col/205/2054302-frente.jpg?sw=280&sh=280,emb. 250 ml,https://www.continente.pt/produto/limpa-moveis-spray-oleo-de-cedro-pronto-2054302.html,limpeza,2025-04-21,Continente
Limpa Vidros Spray,7048758,2.49,"€4,98/lt",Cillit Bang,Limpeza/Limpeza Geral/Limpa Vidros,https://www.continente.pt/dw/image/v2/BDVS_PRD/on/demandware.static/-/Sites-col-master-catalog/default/dw5f7074f6/images/col/704/7048758-frente.png?sw=280&sh=280,emb. 500 ml,https://www.continente.pt/produto/limpa-vidros-spray-cillit-bang-7048758.html,limpeza,2025-04-21,Continente
Lava Tudo Amoniacal,7218079,0.79,"€0,40/lt",Continente,Limpeza/Limpeza Geral/Lava Tudo,https://www.continente.pt/dw/image/v2/BDVS_PRD/on/demandware.static/-/Sites-col-master-catalog/default/dw3676ac7f/images/col/721/7218079-frente.jpg?sw=280&sh=280,emb. 2 lt,https://www.continente.pt/produto/lava-tudo-amoniacal-continente-7218079.html,limpeza,2025-04-21,Continente
Recarga Esfregona Tiras Amarelas,7612803,1.0,"€1,00/un",Kasa,"Casa, Bricolage e Jardim/Lavandaria, Arrumação e Banho/Utensílios de Limpeza",https://www.continente.pt/dw/image/v2/BDVS_PRD/on/demandware.static/-/Sites-col-master-catalog/default/dw26d9d56f/images/col/761/7612803-esquerdo.jpg?sw=280&sh=280,1 un,https://www.continente.pt/produto/recarga-esfregona-tiras-amarelas-kasa-7612803.html,limpeza,2025-04-21,Continente
Detergente Manual Loiça Expert 3D Limão,8209312,2.99,"€5,98/lt",Super Pop,Limpeza/Cozinha/Detergente Manual Loiça,https://www.continente.pt/dw/image/v2/BDVS_PRD/on/demandware.static/-/Sites-col-master-catalog/default/dw95b1d4cb/images/col/820/8209312-frente.png?sw=280&sh=280,emb. 500 ml,https://www.continente.pt/produto/detergente-manual-loica-expert-3d-limao-super-pop-8209312.html,limpeza,2025-04-21,Continente
Bloco Sanitário Poder Ativo Pinho,8112907,4.39,"€1,46/un",Bref Sonasol,Limpeza/Casa de Banho/Blocos Sanitários,https://www.continente.pt/dw/image/v2/BDVS_PRD/on/demandware.static/-/Sites-col-master-catalog/default/dwfd25cb2c/images/col/811/8112907-frente.png?sw=280&sh=280,emb. 3 un,https://www.continente.pt/produto/bloco-sanitario-poder-ativo-pinho-bref-sonasol-8112907.html,limpeza,2025-04-21,Continente
Abrasivo Sanitário Gel Active Fresh Pinho,7925032,5.38,"€2,39/lt",Harpic,Limpeza/Casa de Banho/Abrasivos Sanitários,https://www.continente.pt/dw/image/v2/BDVS_PRD/on/demandware.static/-/Sites-col-master-catalog/default/dwd96402a7/images/col/792/7925032-hero.jpg?sw=280&sh=280,emb. 3 x 750 ml,https://www.continente.pt/produto/abrasivo-sanitario-gel-active-fresh-pinho-harpic-7925032.html,limpeza,2025-04-21,Continente
Bloco Sanitário Água Azul,5018926,2.39,"€1,20/un",Pato,Limpeza/Casa de Banho/Blocos Sanitários,https://www.continente.pt/dw/image/v2/BDVS_PRD/on/demandware.static/-/Sites-col-master-catalog/default/dwbdf47beb/images/col/501/5018926-frente.jpg?sw=280&sh=280,emb. 2 un,https://www.continente.pt/produto/bloco-sanitario-agua-azul-pato-5018926.html,limpeza,2025-04-21,Continente
Rolo de Cozinha Mega 3,4350445,2.99,"€1,50/un",Foxy,Limpeza/Guardanapos e Rolos/Rolos de Cozinha,https://www.continente.pt/dw/image/v2/BDVS_PRD/on/demandware.static/-/Sites-col-master-catalog/default/dw82edf6e7/images/col/435/4350445-frente.jpg?sw=280&sh=280,2 rolos = 6 rolos,https://www.continente.pt/produto/rolo-de-cozinha-mega-3-foxy-4350445.html,limpeza,2025-04-21,Continente
Pano Esponja Cozinha,4867409,0.69,"€0,23/un",Continente,"Limpeza/Panos, Esfregões e Luvas/Panos",https://www.continente.pt/dw/image/v2/BDVS_PRD/on/demandware.static/-/Sites-col-master-catalog/default/dw92d4893a/images/col/486/4867409-frente.jpg?sw=280&sh=280,3 un,https://www.continente.pt/produto/pano-esponja-cozinha-continente-4867409.html,limpeza,2025-04-21,Continente
Ambientador Recarga Elétrico Duo Lavanda Camomila,7849421,5.49,"€2,75/un",Air Wick,Limpeza/Velas e Ambientadores/Ambientadores Elétricos,https://www.continente.pt/dw/image/v2/BDVS_PRD/on/demandware.static/-/Sites-col-master-catalog/default/dw6704c08c/images/col/784/7849421-frente.jpg?sw=280&sh=280,emb. 1 un,https://www.continente.pt/produto/ambientador-recarga-eletrico-duo-lavanda-camomila-air-wick-7849421.html,limpeza,2025-04-21,Continente
Ambientador Stick Perfumado Maçã e Canela,7304170,2.99,"€2,99/un",Continente,Limpeza/Velas e Ambientadores/Sticks Perfumados,https://www.continente.pt/dw/image/v2/BDVS_PRD/on/demandware.static/-/Sites-col-master-catalog/default/dw5481561f/images/col/730/7304170-frente.jpg?sw=280&sh=280,emb. 1 un,https://www.continente.pt/produto/ambientador-stick-perfumado-maca-e-canela-continente-7304170.html,limpeza,2025-04-21,Continente
Intensificador Perfume Frescura,7648083,3.49,"€4,59/lt",Comfort,Limpeza/Roupa/Amaciador e Intensificador Perfume,https://www.continente.pt/dw/image/v2/BDVS_PRD/on/demandware.static/-/Sites-col-master-catalog/default/dw01316d59/images/col/764/7648083-hero.png?sw=280&sh=280,emb. 760 ml,https://www.continente.pt/produto/intensificador-perfume-frescura-comfort-7648083.html,limpeza,2025-04-21,Continente
Detergente Manual Loiça Concentrado Power+ Maçã,7076324,1.59,"€3,18/lt",Continente,Limpeza/Cozinha/Detergente Manual Loiça,https://www.continente.pt/dw/image/v2/BDVS_PRD/on/demandware.static/-/Sites-col-master-catalog/default/dw953e7c8d/images/col/707/7076324-frente.jpg?sw=280&sh=280,emb. 500 ml,https://www.continente.pt/produto/detergente-manual-loica-concentrado-power-maca-continente-7076324.html,limpeza,2025-04-21,Continente
Esfregão Classic Verde,2053298,0.89,"€0,89/un",Scotch-Brite,"Limpeza/Panos, Esfregões e Luvas/Esfregões",https://www.continente.pt/dw/image/v2/BDVS_PRD/on/demandware.static/-/Sites-col-master-catalog/default/dwa8eee00d/images/col/205/2053298-frente.jpg?sw=280&sh=280,emb. 1 un,https://www.continente.pt/produto/esfregao-classic-verde-scotch-brite-2053298.html,limpeza,2025-04-21,Continente
Amaciador Roupa Concentrado Suave,7101242,1.85,"€0,02/dos",Continente,Limpeza/Roupa/Amaciador e Intensificador Perfume,https://www.continente.pt/dw/image/v2/BDVS_PRD/on/demandware.static/-/Sites-col-master-catalog/default/dwe8cec083/images/col/710/7101242-frente.jpg?sw=280&sh=280,80 doses,https://www.continente.pt/produto/amaciador-roupa-concentrado-suave-continente-7101242.html,limpeza,2025-04-21,Continente
Perfumador Roupa Tempting Berries,7423623,2.79,"€0,08/dos",Continente,Limpeza/Roupa/Amaciador e Intensificador Perfume,https://www.continente.pt/dw/image/v2/BDVS_PRD/on/demandware.static/-/Sites-col-master-catalog/default/dw29a65237/images/col/742/7423623-frente.jpg?sw=280&sh=280,37 doses,https://www.continente.pt/produto/perfumador-roupa-tempting-berries-continente-7423623.html,limpeza,2025-04-21,Continente
Bloco Sanitário Poder Ativo Flores,8113003,2.99,"€1,50/un",Bref,Limpeza/Casa de Banho/Blocos Sanitários,https://www.continente.pt/dw/image/v2/BDVS_PRD/on/demandware.static/-/Sites-col-master-catalog/default/dw39118838/images/col/811/8113003-frente.png?sw=280&sh=280,emb. 2 un,https://www.continente.pt/produto/bloco-sanitario-poder-ativo-flores-bref-8113003.html,limpeza,2025-04-21,Continente
Detergente Máquina Loiça Pastilhas Ultimate Limão,7796006,8.99,"€0,28/un",Finish,Limpeza/Cozinha/Detergente Máquina Loiça,https://www.continente.pt/dw/image/v2/BDVS_PRD/on/demandware.static/-/Sites-col-master-catalog/default/dwdba8e81c/images/col/779/7796006-frente.jpg?sw=280&sh=280,32 doses,https://www.continente.pt/produto/detergente-maquina-loica-pastilhas-ultimate-limao-finish-7796006.html,limpeza,2025-04-21,Continente
Ambientador Stick Perfumado Frutos Vermelhos,7304171,2.99,"€2,99/un",Continente,Limpeza/Velas e Ambientadores/Sticks Perfumados,https://www.continente.pt/dw/image/v2/BDVS_PRD/on/demandware.static/-/Sites-col-master-catalog/default/dw25e3107e/images/col/730/7304171-frente.jpg?sw=280&sh=280,emb. 1 un,https://www.continente.pt/produto/ambientador-stick-perfumado-frutos-vermelhos-continente-7304171.html,limpeza,2025-04-21,Continente
Spray Desengordurante,5356292,1.45,"€1,93/lt",Continente,Limpeza/Cozinha/Multisuperfícies,https://www.continente.pt/dw/image/v2/BDVS_PRD/on/demandware.static/-/Sites-col-master-catalog/default/dwdd992f64/images/col/535/5356292-hero.jpg?sw=280&sh=280,emb. 750 ml,https://www.continente.pt/produto/spray-desengordurante-continente-5356292.html,limpeza,2025-04-21,Continente
Detergente Máquina Roupa Líquido Expert Lavanda,8007049,11.99,"€0,18/dos",Persil,Limpeza/Roupa/Detergente Máquina,https://www.continente.pt/dw/image/v2/BDVS_PRD/on/demandware.static/-/Sites-col-master-catalog/default/dwee7caa52/images/col/800/8007049-frente.png?sw=280&sh=280,68 doses,https://www.continente.pt/produto/detergente-maquina-roupa-liquido-expert-lavanda-persil-8007049.html,limpeza,2025-04-21,Continente
Amaciador Roupa Concentrado Rubi e Jasmim,7805725,3.99,"€0,04/dos",Quanto,Limpeza/Roupa/Amaciador e Intensificador Perfume,https://www.continente.pt/dw/image/v2/BDVS_PRD/on/demandware.static/-/Sites-col-master-catalog/default/dweb911b7f/images/col/780/7805725-frente.jpg?sw=280&sh=280,95 doses,https://www.continente.pt/produto/amaciador-roupa-concentrado-rubi-e-jasmim-quanto-7805725.html,limpeza,2025-04-21,Continente
Ambientador Vela Mini Flor de Baunilha,7757283,1.75,"€0,10/un",Continente,Limpeza/Velas e Ambientadores/Velas,https://www.continente.pt/dw/image/v2/BDVS_PRD/on/demandware.static/-/Sites-col-master-catalog/default/dwb2fdad61/images/col/775/7757283-cima.jpg?sw=280&sh=280,emb. 18 un,https://www.continente.pt/produto/ambientador-vela-mini-flor-de-baunilha-continente-7757283.html,limpeza,2025-04-21,Continente
Limpa Móveis Spray Embeleza Classic,7734496,3.39,"€13,56/lt",Pronto,Limpeza/Limpeza Geral/Madeiras,https://www.continente.pt/dw/image/v2/BDVS_PRD/on/demandware.static/-/Sites-col-master-catalog/default/dw88cec0e5/images/col/773/7734496-frente.jpg?sw=280&sh=280,emb. 250 ml,https://www.continente.pt/produto/limpa-moveis-spray-embeleza-classic-pronto-7734496.html,limpeza,2025-04-21,Continente
Amaciador Roupa Concentrado Intense Care Protect,7400653,3.49,"€0,06/dos",Comfort,Limpeza/Roupa/Amaciador e Intensificador Perfume,https://www.continente.pt/dw/image/v2/BDVS_PRD/on/demandware.static/-/Sites-col-master-catalog/default/dwae9e6e10/images/col/740/7400653-frente.jpg?sw=280&sh=280,60 doses,https://www.continente.pt/produto/amaciador-roupa-concentrado-intense-care-protect-comfort-7400653.html,limpeza,2025-04-21,Continente
Creme de Limpeza,7140785,1.49,"€1,99/lt",Continente Eco,Limpeza/Limpeza Geral/Multisuperfícies,https://www.continente.pt/dw/image/v2/BDVS_PRD/on/demandware.static/-/Sites-col-master-catalog/default/dw8cb0d873/images/col/714/7140785-hero.jpg?sw=280&sh=280,emb. 750 ml,https://www.continente.pt/produto/creme-de-limpeza-continente-eco-7140785.html,limpeza,2025-04-21,Continente
Anti-Calcário Power Pastilhas,6883710,14.99,"€0,33/dos",Calgon,Limpeza/Roupa/Tratamento Máquina Roupa,https://www.continente.pt/dw/image/v2/BDVS_PRD/on/demandware.static/-/Sites-col-master-catalog/default/dw0394b745/images/col/688/6883710-frente.jpg?sw=280&sh=280,emb. 45 un,https://www.continente.pt/produto/anti-calcario-power-pastilhas-calgon-6883710.html,limpeza,2025-04-21,Continente
Ambientador Stick Perfumado Bouquet Primaveril,7410979,2.99,"€2,99/un",Continente,Limpeza/Velas e Ambientadores/Sticks Perfumados,https://www.continente.pt/dw/image/v2/BDVS_PRD/on/demandware.static/-/Sites-col-master-catalog/default/dwe245b04e/images/col/741/7410979-frente.jpg?sw=280&sh=280,emb. 1 un,https://www.continente.pt/produto/ambientador-stick-perfumado-bouquet-primaveril-continente-7410979.html,limpeza,2025-04-21,Continente
Recargas Esfregona Tiras Azuis Super,2920958,5.49,"€5,49/un",Vileda,"Casa, Bricolage e Jardim/Lavandaria, Arrumação e Banho/Utensílios de Limpeza",https://www.continente.pt/dw/image/v2/BDVS_PRD/on/demandware.static/-/Sites-col-master-catalog/default/dw3a47c555/images/col/292/2920958-frente.jpg?sw=280&sh=280,2 un,https://www.continente.pt/produto/recargas-esfregona-tiras-azuis-super-vileda-2920958.html,limpeza,2025-04-21,Continente
Papel Higiénico 3 Folhas Protect Branco,5204299,4.09,"€0,68/un",Colhogar,"Beleza e Higiene/Papel Higiénico/Papel Higiénico 3, 4 e 5 Folhas",https://www.continente.pt/dw/image/v2/BDVS_PRD/on/demandware.static/-/Sites-col-master-catalog/default/dw238eece0/images/col/520/5204299-hero.png?sw=280&sh=280,emb. 6 rolos,https://www.continente.pt/produto/papel-higienico-3-folhas-protect-branco-colhogar-5204299.html,limpeza,2025-04-21,Continente
Amaciador Roupa Concentrado Velvet,7600238,2.09,"€0,04/dos",San,Limpeza/Roupa/Amaciador e Intensificador Perfume,https://www.continente.pt/dw/image/v2/BDVS_PRD/on/demandware.static/-/Sites-col-master-catalog/default/dwee0bf3f3/images/col/760/7600238-frente.jpg?sw=280&sh=280,59 doses,https://www.continente.pt/produto/amaciador-roupa-concentrado-velvet-san-7600238.html,limpeza,2025-04-21,Continente
Detergente Máquina Roupa Líquido Roupas Escuras,7431071,4.99,"€0,12/un",Continente,Limpeza/Roupa/Detergente Máquina,https://www.continente.pt/dw/image/v2/BDVS_PRD/on/demandware.static/-/Sites-col-master-catalog/default/dw8e0af578/images/col/743/7431071-frente.jpg?sw=280&sh=280,40 doses,https://www.continente.pt/produto/detergente-maquina-roupa-liquido-roupas-escuras-continente-7431071.html,limpeza,2025-04-21,Continente
Esfregão Aço Inox,7059613,0.89,"€0,22/un",Continente,"Limpeza/Panos, Esfregões e Luvas/Esfregões",https://www.continente.pt/dw/image/v2/BDVS_PRD/on/demandware.static/-/Sites-col-master-catalog/default/dw9f87e762/images/col/705/7059613-frente.jpg?sw=280&sh=280,4 un,https://www.continente.pt/produto/esfregao-aco-inox-continente-7059613.html,limpeza,2025-04-21,Continente
Spray Desengordurante Clássico,5106348,3.39,"€6,22/lt",Mistolin,Limpeza/Cozinha/Multisuperfícies,https://www.continente.pt/dw/image/v2/BDVS_PRD/on/demandware.static/-/Sites-col-master-catalog/default/dw1b994121/images/col/510/5106348-frente.jpg?sw=280&sh=280,emb. 545 ml,https://www.continente.pt/produto/spray-desengordurante-classico-mistolin-5106348.html,limpeza,2025-04-21,Continente
Detergente Máquina Roupa Pó Active Clean,7791878,9.99,"€0,23/dos",Skip,Limpeza/Roupa/Detergente Máquina,https://www.continente.pt/dw/image/v2/BDVS_PRD/on/demandware.static/-/Sites-col-master-catalog/default/dw9c16da8f/images/col/779/7791878-direito.jpg?sw=280&sh=280,44 doses,https://www.continente.pt/produto/detergente-maquina-roupa-po-active-clean-skip-7791878.html,limpeza,2025-04-21,Continente
Detergente Manual Loiça Concentrado Bosque,7210857,1.69,"€3,38/lt",Continente Eco,Limpeza/Cozinha/Detergente Manual Loiça,https://www.continente.pt/dw/image/v2/BDVS_PRD/on/demandware.static/-/Sites-col-master-catalog/default/dwd7b0ca31/images/col/721/7210857-hero.jpg?sw=280&sh=280,emb. 500 ml,https://www.continente.pt/produto/detergente-manual-loica-concentrado-bosque-continente-eco-7210857.html,limpeza,2025-04-21,Continente
Limpa Madeiras Spray Extra Care Aloe Vera,5128581,2.99,"€5,98/lt",Pronto,Limpeza/Limpeza Geral/Madeiras,https://www.continente.pt/dw/image/v2/BDVS_PRD/on/demandware.static/-/Sites-col-master-catalog/default/dwe38a72b7/images/col/512/5128581-frente.jpg?sw=280&sh=280,emb. 500 ml,https://www.continente.pt/produto/limpa-madeiras-spray-extra-care-aloe-vera-pronto-5128581.html,limpeza,2025-04-21,Continente
Luvas Multisusos Capa Tripla M/L,6607573,1.89,"€1,89/un",Continente,"Limpeza/Panos, Esfregões e Luvas/Luvas",https://www.continente.pt/dw/image/v2/BDVS_PRD/on/demandware.static/-/Sites-col-master-catalog/default/dwd0a0e3e5/images/col/660/6607573-frente.jpg?sw=280&sh=280,1 par,https://www.continente.pt/produto/luvas-multisusos-capa-tripla-m-l-continente-6607573.html,limpeza,2025-04-21,Continente
Detergente Máquina Roupa Líquido Color,7760972,14.99,"€0,15/dos",Persil,Limpeza/Roupa/Detergente Máquina,https://www.continente.pt/dw/image/v2/BDVS_PRD/on/demandware.static/-/Sites-col-master-catalog/default/dwd015168b/images/col/776/7760972-frente.jpg?sw=280&sh=280,100 doses,https://www.continente.pt/produto/detergente-maquina-roupa-liquido-color-persil-7760972.html,limpeza,2025-04-21,Continente
Bloco Sanitário Blue Active Eucalipto,5305857,1.98,"€1,98/un",Bref Sonasol,Limpeza/Casa de Banho/Blocos Sanitários,https://www.continente.pt/dw/image/v2/BDVS_PRD/on/demandware.static/-/Sites-col-master-catalog/default/dwc3f19feb/images/col/530/5305857-frente.jpg?sw=280&sh=280,emb. 1 un,https://www.continente.pt/produto/bloco-sanitario-blue-active-eucalipto-bref-sonasol-5305857.html,limpeza,2025-04-21,Continente
Recarga Mopa,8363997,4.59,"€0,26/un",Swiffer,"Limpeza/Mopas, Esfregonas e Vassouras/Mopas e Espanadores",https://www.continente.pt/dw/image/v2/BDVS_PRD/on/demandware.static/-/Sites-col-master-catalog/default/dwacfc75d8/images/col/836/8363997-frente.jpg?sw=280&sh=280,emb. 18 un,https://www.continente.pt/produto/recarga-mopa-swiffer-8363997.html,limpeza,2025-04-21,Continente
Detergente Máquina Roupa Pó Original,7682080,9.99,"€0,12/dos",Xau,Limpeza/Roupa/Detergente Máquina,https://www.continente.pt/dw/image/v2/BDVS_PRD/on/demandware.static/-/Sites-col-master-catalog/default/dw8199965a/images/col/768/7682080-direito.jpg?sw=280&sh=280,85 doses,https://www.continente.pt/produto/detergente-maquina-roupa-po-original-xau-7682080.html,limpeza,2025-04-21,Continente
Tira Nódoas Pó Oxi Action Cores,7627377,5.99,"€14,97/kg",Vanish,Limpeza/Roupa/Aditivos e Auxiliares,https://www.continente.pt/dw/image/v2/BDVS_PRD/on/demandware.static/-/Sites-col-master-catalog/default/dwa14b0a47/images/col/762/7627377-frente.jpg?sw=280&sh=280,emb. 400 gr,https://www.continente.pt/produto/tira-nodoas-po-oxi-action-cores-vanish-7627377.html,limpeza,2025-04-21,Continente
Esfregão Fibra Verde,7409862,0.65,"€0,16/un",Continente,"Limpeza/Panos, Esfregões e Luvas/Esfregões",https://www.continente.pt/dw/image/v2/BDVS_PRD/on/demandware.static/-/Sites-col-master-catalog/default/dw98ba7f15/images/col/740/7409862-frente.jpg?sw=280&sh=280,4 un,https://www.continente.pt/produto/esfregao-fibra-verde-continente-7409862.html,limpeza,2025-04-21,Continente
Luvas Multiusos Capa Tripla S,6607672,1.89,"€1,89/un",Continente,"Limpeza/Panos, Esfregões e Luvas/Luvas",https://www.continente.pt/dw/image/v2/BDVS_PRD/on/demandware.static/-/Sites-col-master-catalog/default/dw2d3de84a/images/col/660/6607672-frente.jpg?sw=280&sh=280,1 par,https://www.continente.pt/produto/luvas-multiusos-capa-tripla-s-continente-6607672.html,limpeza,2025-04-21,Continente
Bloco Sanitário Poder Ativo Lavanda,8112927,4.39,"€1,46/un",Bref Sonasol,Limpeza/Casa de Banho/Blocos Sanitários,https://www.continente.pt/dw/image/v2/BDVS_PRD/on/demandware.static/-/Sites-col-master-catalog/default/dwb318f71a/images/col/811/8112927-frente.png?sw=280&sh=280,emb. 3 un,https://www.continente.pt/produto/bloco-sanitario-poder-ativo-lavanda-bref-sonasol-8112927.html,limpeza,2025-04-21,Continente
Lava Tudo Líquido Brilhante Desinfetante,6903462,2.79,"€2,54/lt",Sonasol,Limpeza/Limpeza Geral/Multisuperfícies,https://www.continente.pt/dw/image/v2/BDVS_PRD/on/demandware.static/-/Sites-col-master-catalog/default/dwcfa09033/images/col/690/6903462-hero.jpg?sw=280&sh=280,"emb. 1,1 lt",https://www.continente.pt/produto/lava-tudo-liquido-brilhante-desinfetante-sonasol-6903462.html,limpeza,2025-04-21,Continente
Sacos para Congelar One Zip 3L,2401038,4.05,"€0,40/un",Vileda,Limpeza/Cozinha/Películas e Sacos de Conservação,https://www.continente.pt/dw/image/v2/BDVS_PRD/on/demandware.static/-/Sites-col-master-catalog/default/dw2d4a0760/images/col/240/2401038-esquerdo.jpg?sw=280&sh=280,emb. 10 un,https://www.continente.pt/produto/sacos-para-congelar-one-zip-3l-vileda-2401038.html,limpeza,2025-04-21,Continente
Multiusos Spray Tudo em 1,8164666,1.99,"€3,98/lt",Sonasol,Limpeza/Limpeza Geral/Multisuperfícies,https://www.continente.pt/dw/image/v2/BDVS_PRD/on/demandware.static/-/Sites-col-master-catalog/default/dw12ca08b0/images/col/816/8164666-frente.png?sw=280&sh=280,emb. 500 ml,https://www.continente.pt/produto/multiusos-spray-tudo-em-1-sonasol-8164666.html,limpeza,2025-04-21,Continente
Detergente Máquina Roupa Líquido Color,8137600,9.99,"€0,17/dos",Persil,Limpeza/Roupa/Detergente Máquina,https://www.continente.pt/dw/image/v2/BDVS_PRD/on/demandware.static/-/Sites-col-master-catalog/default/dw752d0fb8/images/col/813/8137600-frente.png?sw=280&sh=280,60 doses,https://www.continente.pt/produto/detergente-maquina-roupa-liquido-color-persil-8137600.html,limpeza,2025-04-21,Continente
Limpa Móveis Spray Extra Care,6717176,1.99,"€6,63/lt",Continente,Limpeza/Limpeza Geral/Madeiras,https://www.continente.pt/dw/image/v2/BDVS_PRD/on/demandware.static/-/Sites-col-master-catalog/default/dw58c295bb/images/col/671/6717176-frente.jpg?sw=280&sh=280,emb. 300 ml,https://www.continente.pt/produto/limpa-moveis-spray-extra-care-continente-6717176.html,limpeza,2025-04-21,Continente
Pano Multiusos em Rolo,4977660,1.99,"€0,04/un",Continente,"Limpeza/Panos, Esfregões e Luvas/Panos",https://www.continente.pt/dw/image/v2/BDVS_PRD/on/demandware.static/-/Sites-col-master-catalog/default/dw57359bfa/images/col/497/4977660-frente.jpg?sw=280&sh=280,emb. 1 un,https://www.continente.pt/produto/pano-multiusos-em-rolo-continente-4977660.html,limpeza,2025-04-21,Continente
Tira Nódoas Pó Oxi Action Roupa Branca,7630790,5.99,"€14,97/kg",Vanish,Limpeza/Roupa/Aditivos e Auxiliares,https://www.continente.pt/dw/image/v2/BDVS_PRD/on/demandware.static/-/Sites-col-master-catalog/default/dw5e582aac/images/col/763/7630790-frente.jpg?sw=280&sh=280,emb. 400 gr,https://www.continente.pt/produto/tira-nodoas-po-oxi-action-roupa-branca-vanish-7630790.html,limpeza,2025-04-21,Continente
Ambientador Recarga Elétrico White Bouquet Duo,5064053,5.49,"€2,75/un",Air Wick,Limpeza/Velas e Ambientadores/Ambientadores Elétricos,https://www.continente.pt/dw/image/v2/BDVS_PRD/on/demandware.static/-/Sites-col-master-catalog/default/dw95d75a8b/images/col/506/5064053-frente.jpg?sw=280&sh=280,emb. 2 un,https://www.continente.pt/produto/ambientador-recarga-eletrico-white-bouquet-duo-air-wick-5064053.html,limpeza,2025-04-21,Continente
Lava Tudo Floresta,7200436,1.89,"€1,89/lt",Continente Eco,Limpeza/Limpeza Geral/Lava Tudo,https://www.continente.pt/dw/image/v2/BDVS_PRD/on/demandware.static/-/Sites-col-master-catalog/default/dwbbf9a6fb/images/col/720/7200436-hero.jpg?sw=280&sh=280,emb. 1 lt,https://www.continente.pt/produto/lava-tudo-floresta-continente-eco-7200436.html,limpeza,2025-04-21,Continente
Sacos para Sandes,7520138,0.69,"€0,01/un",Continente,Limpeza/Cozinha/Películas e Sacos de Conservação,https://www.continente.pt/dw/image/v2/BDVS_PRD/on/demandware.static/-/Sites-col-master-catalog/default/dw7f15c596/images/col/752/7520138-frente.jpg?sw=280&sh=280,emb. 100 un,https://www.continente.pt/produto/sacos-para-sandes-continente-7520138.html,limpeza,2025-04-21,Continente
Ambientador Recarga Delícias de Verão,7262122,5.19,"€2,60/un",Air Wick,Limpeza/Velas e Ambientadores/Ambientadores Automáticos,https://www.continente.pt/dw/image/v2/BDVS_PRD/on/demandware.static/-/Sites-col-master-catalog/default/dw6d968664/images/col/726/7262122-frente.jpg?sw=280&sh=280,emb. 2 un,https://www.continente.pt/produto/ambientador-recarga-delicias-de-verao-air-wick-7262122.html,limpeza,2025-04-21,Continente
Tira Nódoas Spray Oxi Power+,7473101,1.49,"€1,99/lt",Continente,Limpeza/Roupa/Aditivos e Auxiliares,https://www.continente.pt/dw/image/v2/BDVS_PRD/on/demandware.static/-/Sites-col-master-catalog/default/dw6b7b7822/images/col/747/7473101-frente.jpg?sw=280&sh=280,emb. 750 ml,https://www.continente.pt/produto/tira-nodoas-spray-oxi-power-continente-7473101.html,limpeza,2025-04-21,Continente
Lava Tudo Madeiras Extra Care com Óleo de Amêndoas,4845359,3.52,"€4,69/lt",Pronto,Limpeza/Limpeza Geral/Madeiras,https://www.continente.pt/dw/image/v2/BDVS_PRD/on/demandware.static/-/Sites-col-master-catalog/default/dw2d9510bc/images/col/484/4845359-frente.jpg?sw=280&sh=280,emb. 750 ml,https://www.continente.pt/produto/lava-tudo-madeiras-extra-care-com-oleo-de-amendoas-pronto-4845359.html,limpeza,2025-04-21,Continente
Detergente Manual Loiça Concentrado Power+ Limão,7076326,1.59,"€3,18/lt",Continente,Limpeza/Cozinha/Detergente Manual Loiça,https://www.continente.pt/dw/image/v2/BDVS_PRD/on/demandware.static/-/Sites-col-master-catalog/default/dw4ec6b49f/images/col/707/7076326-frente.jpg?sw=280&sh=280,emb. 500 ml,https://www.continente.pt/produto/detergente-manual-loica-concentrado-power-limao-continente-7076326.html,limpeza,2025-04-21,Continente
Detergente Máquina Loiça Pastilhas All in One,7576973,8.99,"€0,15/un",Continente,Limpeza/Cozinha/Detergente Máquina Loiça,https://www.continente.pt/dw/image/v2/BDVS_PRD/on/demandware.static/-/Sites-col-master-catalog/default/dwd47e4cff/images/col/757/7576973-frente.jpg?sw=280&sh=280,60 doses,https://www.continente.pt/produto/detergente-maquina-loica-pastilhas-all-in-one-continente-7576973.html,limpeza,2025-04-21,Continente
Inseticida Spray Moscas e Mosquitos Eucalipto,7971780,4.79,"€11,97/lt",Raid,Limpeza/Inseticidas/Inseticidas Spray,https://www.continente.pt/dw/image/v2/BDVS_PRD/on/demandware.static/-/Sites-col-master-catalog/default/dwcdf0ff00/images/col/797/7971780-frente.jpg?sw=280&sh=280,emb. 400 ml,https://www.continente.pt/produto/inseticida-spray-moscas-e-mosquitos-eucalipto-raid-7971780.html,limpeza,2025-04-21,Continente
Luvas Multiusos M,7405256,1.29,"€1,29/un",Scotch-Brite,"Limpeza/Panos, Esfregões e Luvas/Luvas",https://www.continente.pt/dw/image/v2/BDVS_PRD/on/demandware.static/-/Sites-col-master-catalog/default/dw68b1a446/images/col/740/7405256-frente.jpg?sw=280&sh=280,1 par,https://www.continente.pt/produto/luvas-multiusos-m-scotch-brite-7405256.html,limpeza,2025-04-21,Continente
Detergente Máquina Roupa Pó Flores Silvestres,7922242,9.99,"€0,12/dos",A+,Limpeza/Roupa/Detergente Máquina,https://www.continente.pt/dw/image/v2/BDVS_PRD/on/demandware.static/-/Sites-col-master-catalog/default/dw6abb1cad/images/col/792/7922242-frente.jpg?sw=280&sh=280,80 doses,https://www.continente.pt/produto/detergente-maquina-roupa-po-flores-silvestres-a-7922242.html,limpeza,2025-04-21,Continente
Esfregão Salva Unhas Não Risca,7549430,1.99,"€1,00/un",Scotch-Brite,"Limpeza/Panos, Esfregões e Luvas/Esfregões",https://www.continente.pt/dw/image/v2/BDVS_PRD/on/demandware.static/-/Sites-col-master-catalog/default/dw9af4af24/images/col/754/7549430-frente.jpg?sw=280&sh=280,emb. 2 un,https://www.continente.pt/produto/esfregao-salva-unhas-nao-risca-scotch-brite-7549430.html,limpeza,2025-04-21,Continente
Detergente Máquina Roupa Pó Lavanda,7628641,9.99,"€0,12/dos",Xau,Limpeza/Roupa/Detergente Máquina,https://www.continente.pt/dw/image/v2/BDVS_PRD/on/demandware.static/-/Sites-col-master-catalog/default/dwa979060f/images/col/762/7628641-direito.jpg?sw=280&sh=280,85 doses,https://www.continente.pt/produto/detergente-maquina-roupa-po-lavanda-xau-7628641.html,limpeza,2025-04-21,Continente
Anti-Calcário Spray Casa de Banho,7178862,1.99,"€3,98/lt",Ajax,Limpeza/Casa de Banho/Multisuperfícies,https://www.continente.pt/dw/image/v2/BDVS_PRD/on/demandware.static/-/Sites-col-master-catalog/default/dwe8bcda9d/images/col/717/7178862-hero.jpg?sw=280&sh=280,emb. 500 ml,https://www.continente.pt/produto/anti-calcario-spray-casa-de-banho-ajax-7178862.html,limpeza,2025-04-21,Continente
Ambientador Absorve Odores Lavanda,2076948,3.29,"€1,65/un",Glade,Limpeza/Velas e Ambientadores/Absorve Odores,https://www.continente.pt/dw/image/v2/BDVS_PRD/on/demandware.static/-/Sites-col-master-catalog/default/dw8b277c0e/images/col/207/2076948-frente.jpg?sw=280&sh=280,emb. 2 un,https://www.continente.pt/produto/ambientador-absorve-odores-lavanda-glade-2076948.html,limpeza,2025-04-21,Continente
Amaciador Roupa Concentrado Essência Pure,7772490,3.49,"€0,05/dos",Comfort,Limpeza/Roupa/Amaciador e Intensificador Perfume,https://www.continente.pt/dw/image/v2/BDVS_PRD/on/demandware.static/-/Sites-col-master-catalog/default/dw49e504bb/images/col/777/7772490-frente.jpg?sw=280&sh=280,74 doses,https://www.continente.pt/produto/amaciador-roupa-concentrado-essencia-pure-comfort-7772490.html,limpeza,2025-04-21,Continente
Spray Desinfetante Tira Gorduras Protect,7200249,2.29,"€3,05/lt",Continente,Limpeza/Cozinha/Multisuperfícies,https://www.continente.pt/dw/image/v2/BDVS_PRD/on/demandware.static/-/Sites-col-master-catalog/default/dw2710e5ef/images/col/720/7200249-hero.jpg?sw=280&sh=280,emb. 750 ml,https://www.continente.pt/produto/spray-desinfetante-tira-gorduras-protect-continente-7200249.html,limpeza,2025-04-21,Continente
Lava Tudo Líquido Brilhante Efeito Reparador Eucalipto e Menta,6577703,2.79,"€2,54/lt",Sonasol,Limpeza/Limpeza Geral/Multisuperfícies,https://www.continente.pt/dw/image/v2/BDVS_PRD/on/demandware.static/-/Sites-col-master-catalog/default/dw2583250e/images/col/657/6577703-hero.jpg?sw=280&sh=280,"emb. 1,1 lt",https://www.continente.pt/produto/lava-tudo-liquido-brilhante-efeito-reparador-eucalipto-e-menta-sonasol-6577703.html,limpeza,2025-04-21,Continente
"Ambientador Recarga Portátil Relax Zen, Lavanda e Jasmim",6246665,7.59,"€2,53/un",Glade,Limpeza/Velas e Ambientadores/Ambientadores Automáticos,https://www.continente.pt/dw/image/v2/BDVS_PRD/on/demandware.static/-/Sites-col-master-catalog/default/dw8ff2b0ad/images/col/624/6246665-frente.jpg?sw=280&sh=280,emb. 3 x 269 ml,https://www.continente.pt/produto/ambientador-recarga-portatil-relax-zen-lavanda-e-jasmim-glade-6246665.html,limpeza,2025-04-21,Continente
Anti-Calcário Pastilhas,7723310,11.99,"€0,40/un",Calgon,Limpeza/Roupa/Tratamento Máquina Roupa,https://www.continente.pt/dw/image/v2/BDVS_PRD/on/demandware.static/-/Sites-col-master-catalog/default/dw8f58d2cc/images/col/772/7723310-frente.jpg?sw=280&sh=280,emb. 30 un,https://www.continente.pt/produto/anti-calcario-pastilhas-calgon-7723310.html,limpeza,2025-04-21,Continente
Abrasivo Sanitário Líquido Oceano Pacífico,7795258,1.99,"€2,65/lt",Harpic,Limpeza/Casa de Banho/Abrasivos Sanitários,https://www.continente.pt/dw/image/v2/BDVS_PRD/on/demandware.static/-/Sites-col-master-catalog/default/dwcb5afd6e/images/col/779/7795258-frente.jpg?sw=280&sh=280,emb. 750 ml,https://www.continente.pt/produto/abrasivo-sanitario-liquido-oceano-pacifico-harpic-7795258.html,limpeza,2025-04-21,Continente
Ambientador Spray Exotic Vanilla,3741403,1.79,"€5,97/lt",Glade,Limpeza/Velas e Ambientadores/Sprays,https://www.continente.pt/dw/image/v2/BDVS_PRD/on/demandware.static/-/Sites-col-master-catalog/default/dwf8fbb611/images/col/374/3741403-frente.jpg?sw=280&sh=280,emb. 300 ml,https://www.continente.pt/produto/ambientador-spray-exotic-vanilla-glade-3741403.html,limpeza,2025-04-21,Continente
Ambientador Recarga Sense&Spray Berry Splash,7722817,5.19,"€2,60/un",Glade,Limpeza/Velas e Ambientadores/Ambientadores Automáticos,https://www.continente.pt/dw/image/v2/BDVS_PRD/on/demandware.static/-/Sites-col-master-catalog/default/dw09471c84/images/col/772/7722817-frente.jpg?sw=280&sh=280,emb. 2 x 18 ml,https://www.continente.pt/produto/ambientador-recarga-sense-spray-berry-splash-glade-7722817.html,limpeza,2025-04-21,Continente
Esfregão Esponja,5526788,1.19,"€0,20/un",Continente,"Limpeza/Panos, Esfregões e Luvas/Esfregões",https://www.continente.pt/dw/image/v2/BDVS_PRD/on/demandware.static/-/Sites-col-master-catalog/default/dw9352f381/images/col/552/5526788-frente.jpg?sw=280&sh=280,6 un + 2 un,https://www.continente.pt/produto/esfregao-esponja-continente-5526788.html,limpeza,2025-04-21,Continente
Detergente Máquina Roupa Líquido Lavanda,8172715,9.99,"€0,12/dos",Xau,Limpeza/Roupa/Detergente Máquina,https://www.continente.pt/dw/image/v2/BDVS_PRD/on/demandware.static/-/Sites-col-master-catalog/default/dwf6ba85cf/images/col/817/8172715-frente.png?sw=280&sh=280,85 doses,https://www.continente.pt/produto/detergente-maquina-roupa-liquido-lavanda-xau-8172715.html,limpeza,2025-04-21,Continente
Amaciador Roupa Concentrado Maldivas,8137606,3.29,"€0,05/dos",Vernel,Limpeza/Roupa/Amaciador e Intensificador Perfume,https://www.continente.pt/dw/image/v2/BDVS_PRD/on/demandware.static/-/Sites-col-master-catalog/default/dwbb9035ea/images/col/813/8137606-frente.png?sw=280&sh=280,60 doses,https://www.continente.pt/produto/amaciador-roupa-concentrado-maldivas-vernel-8137606.html,limpeza,2025-04-21,Continente
Detergente Manual Loiça Antibacteriano Eucalipto,7397827,3.59,"€5,52/lt",Fairy,Limpeza/Cozinha/Detergente Manual Loiça,https://www.continente.pt/dw/image/v2/BDVS_PRD/on/demandware.static/-/Sites-col-master-catalog/default/dw7579f6c6/images/col/739/7397827-frente.jpg?sw=280&sh=280,emb. 650 ml,https://www.continente.pt/produto/detergente-manual-loica-antibacteriano-eucalipto-fairy-7397827.html,limpeza,2025-04-21,Continente
Amaciador Roupa Concentrado Essência Lily,7772507,3.99,"€0,04/dos",Comfort,Limpeza/Roupa/Amaciador e Intensificador Perfume,https://www.continente.pt/dw/image/v2/BDVS_PRD/on/demandware.static/-/Sites-col-master-catalog/default/dw73507dce/images/col/777/7772507-frente.jpg?sw=280&sh=280,100 doses,https://www.continente.pt/produto/amaciador-roupa-concentrado-essencia-lily-comfort-7772507.html,limpeza,2025-04-21,Continente
Sacos Lixo Super+ Perfumados Fecho Fácil Lavanda 30 lt,6191790,1.74,"€0,12/un",Vileda,Limpeza/Sacos e Baldes do Lixo/Sacos do Lixo,https://www.continente.pt/dw/image/v2/BDVS_PRD/on/demandware.static/-/Sites-col-master-catalog/default/dwf5623bcc/images/col/619/6191790-frente.jpg?sw=280&sh=280,emb. 15 un,https://www.continente.pt/produto/sacos-lixo-super-perfumados-fecho-facil-lavanda-30-lt-vileda-6191790.html,limpeza,2025-04-21,Continente
Detergente Máquina Roupa Líquido Universal,8115347,9.99,"€0,17/dos",Persil,Limpeza/Roupa/Detergente Máquina,https://www.continente.pt/dw/image/v2/BDVS_PRD/on/demandware.static/-/Sites-col-master-catalog/default/dw252fd87a/images/col/811/8115347-frente.png?sw=280&sh=280,60 doses,https://www.continente.pt/produto/detergente-maquina-roupa-liquido-universal-persil-8115347.html,limpeza,2025-04-21,Continente
Esfregona Micofibra Amarela,2106609,7.99,"€7,99/un",Vileda,"Casa, Bricolage e Jardim/Lavandaria, Arrumação e Banho/Utensílios de Limpeza",https://www.continente.pt/dw/image/v2/BDVS_PRD/on/demandware.static/-/Sites-col-master-catalog/default/dw9e2d7592/images/col/210/2106609-frente.jpg?sw=280&sh=280,1 un,https://www.continente.pt/produto/esfregona-micofibra-amarela-vileda-2106609.html,limpeza,2025-04-21,Continente
Ambientador Recarga Elétrico Sandalwood,6939056,5.19,"€2,60/un",Glade,Limpeza/Velas e Ambientadores/Ambientadores Elétricos,https://www.continente.pt/dw/image/v2/BDVS_PRD/on/demandware.static/-/Sites-col-master-catalog/default/dw2f6886f0/images/col/693/6939056-frente.jpg?sw=280&sh=280,emb. 2 x 20 ml,https://www.continente.pt/produto/ambientador-recarga-eletrico-sandalwood-glade-6939056.html,limpeza,2025-04-21,Continente
Tira Nódoas Pó Desinfetante,5709723,4.49,"€9,98/kg",Sanytol,Limpeza/Roupa/Aditivos e Auxiliares,https://www.continente.pt/dw/image/v2/BDVS_PRD/on/demandware.static/-/Sites-col-master-catalog/default/dw2e8756a6/images/col/570/5709723-frente.png?sw=280&sh=280,emb. 450 gr,https://www.continente.pt/produto/tira-nodoas-po-desinfetante-sanytol-5709723.html,limpeza,2025-04-21,Continente
Lixívia Spray Mousse Floral,5605255,3.99,"€5,70/lt",Neoblanc,Limpeza/Limpeza Geral/Lixívias,https://www.continente.pt/dw/image/v2/BDVS_PRD/on/demandware.static/-/Sites-col-master-catalog/default/dw3e2d99ba/images/col/560/5605255-frente.jpg?sw=280&sh=280,emb. 700 ml,https://www.continente.pt/produto/lixivia-spray-mousse-floral-neoblanc-5605255.html,limpeza,2025-04-21,Continente
Ambientador Absorve Odores Gel Flores,7912994,0.79,"€0,79/un",Continente,Limpeza/Velas e Ambientadores/Absorve Odores,https://www.continente.pt/dw/image/v2/BDVS_PRD/on/demandware.static/-/Sites-col-master-catalog/default/dw1c898230/images/col/791/7912994-frente.png?sw=280&sh=280,emb. 1 un,https://www.continente.pt/produto/ambientador-absorve-odores-gel-flores-continente-7912994.html,limpeza,2025-04-21,Continente
Papel Vegetal 8m,2809358,2.24,"€0,28/m",Vileda,Limpeza/Cozinha/Películas e Sacos de Conservação,https://www.continente.pt/dw/image/v2/BDVS_PRD/on/demandware.static/-/Sites-col-master-catalog/default/dw921b61d4/images/col/280/2809358-esquerdo.jpg?sw=280&sh=280,emb. 1 un,https://www.continente.pt/produto/papel-vegetal-8m-vileda-2809358.html,limpeza,2025-04-21,Continente
Detergente Máquina Roupa Líquido Universal,8088985,11.99,"€0,16/dos",Persil,Limpeza/Roupa/Detergente Máquina,https://www.continente.pt/dw/image/v2/BDVS_PRD/on/demandware.static/-/Sites-col-master-catalog/default/dwbef061ff/images/col/808/8088985-frente.png?sw=280&sh=280,76 doses,https://www.continente.pt/produto/detergente-maquina-roupa-liquido-universal-persil-8088985.html,limpeza,2025-04-21,Continente
Amaciador Roupa Concentrado Essência Pure,7772334,2.99,"€0,05/dos",Comfort,Limpeza/Roupa/Amaciador e Intensificador Perfume,https://www.continente.pt/dw/image/v2/BDVS_PRD/on/demandware.static/-/Sites-col-master-catalog/default/dw52c578e7/images/col/777/7772334-frente.jpg?sw=280&sh=280,58 doses,https://www.continente.pt/produto/amaciador-roupa-concentrado-essencia-pure-comfort-7772334.html,limpeza,2025-04-21,Continente
Ambientador Recarga Portátil Sense&Spray Ocean Adventure,6939057,3.49,"€3,49/un",Glade,Limpeza/Velas e Ambientadores/Ambientadores Automáticos,https://www.continente.pt/dw/image/v2/BDVS_PRD/on/demandware.static/-/Sites-col-master-catalog/default/dwb43b3177/images/col/693/6939057-frente.jpg?sw=280&sh=280,emb. 18 ml,https://www.continente.pt/produto/ambientador-recarga-portatil-sense-spray-ocean-adventure-glade-6939057.html,limpeza,2025-04-21,Continente
Multisuperfícies Spray Lixívia e Higiene,7779619,4.79,"€4,79/lt",Cillit Bang,Limpeza/Limpeza Geral/Multisuperfícies,https://www.continente.pt/dw/image/v2/BDVS_PRD/on/demandware.static/-/Sites-col-master-catalog/default/dwe02daab0/images/col/777/7779619-frente.png?sw=280&sh=280,emb. 1 lt,https://www.continente.pt/produto/multisuperficies-spray-lixivia-e-higiene-cillit-bang-7779619.html,limpeza,2025-04-21,Continente
Amaciador Roupa Concentrado Ametista e Íris,7834172,2.99,"€0,04/dos",Quanto,Limpeza/Roupa/Amaciador e Intensificador Perfume,https://www.continente.pt/dw/image/v2/BDVS_PRD/on/demandware.static/-/Sites-col-master-catalog/default/dw584eb345/images/col/783/7834172-frente.jpg?sw=280&sh=280,74 doses,https://www.continente.pt/produto/amaciador-roupa-concentrado-ametista-e-iris-quanto-7834172.html,limpeza,2025-04-21,Continente
Intensificador Perfume Campo de Flores,7728897,3.99,"€0,10/dos",San,Limpeza/Roupa/Amaciador e Intensificador Perfume,https://www.continente.pt/dw/image/v2/BDVS_PRD/on/demandware.static/-/Sites-col-master-catalog/default/dw14b4867c/images/col/772/7728897-frente.jpg?sw=280&sh=280,40 doses,https://www.continente.pt/produto/intensificador-perfume-campo-de-flores-san-7728897.html,limpeza,2025-04-21,Continente
Ambientador Spray Relax Zen,4384542,1.79,"€5,97/lt",Glade,Limpeza/Velas e Ambientadores/Sprays,https://www.continente.pt/dw/image/v2/BDVS_PRD/on/demandware.static/-/Sites-col-master-catalog/default/dwe76bc4bc/images/col/438/4384542-frente.jpg?sw=280&sh=280,emb. 300 ml,https://www.continente.pt/produto/ambientador-spray-relax-zen-glade-4384542.html,limpeza,2025-04-21,Continente
Detergente Máquina Loiça Pó Limão,6898612,7.49,"€0,09/un",Sun,Limpeza/Cozinha/Detergente Máquina Loiça,https://www.continente.pt/dw/image/v2/BDVS_PRD/on/demandware.static/-/Sites-col-master-catalog/default/dw59487f7c/images/col/689/6898612-frente.jpg?sw=280&sh=280,80 doses,https://www.continente.pt/produto/detergente-maquina-loica-po-limao-sun-6898612.html,limpeza,2025-04-21,Continente
Abrilhantador Máquina Loiça,7077524,9.39,"€13,41/lt",LArbre Vert,Limpeza/Cozinha/Aditivos Máquina Loiça,https://www.continente.pt/dw/image/v2/BDVS_PRD/on/demandware.static/-/Sites-col-master-catalog/default/dw5cf4e0db/images/col/707/7077524-frente.jpg?sw=280&sh=280,emb. 700 ml,https://www.continente.pt/produto/abrilhantador-maquina-loica-larbre-vert-7077524.html,limpeza,2025-04-21,Continente
Luvas para Roseiras Nº8 Rosa Fucshia,7536039,5.49,"€5,49/un",Rostaing,"Casa, Bricolage e Jardim/Jardinagem e Plantas/Varanda",https://www.continente.pt/dw/image/v2/BDVS_PRD/on/demandware.static/-/Sites-col-master-catalog/default/dwbbebe057/images/col/753/7536039-frente.jpg?sw=280&sh=280,emb. 2 un,https://www.continente.pt/produto/luvas-para-roseiras-n8-rosa-fucshia-rostaing-7536039.html,limpeza,2025-04-21,Continente
Papel Higiénico Seda,5127706,10.49,"€0,58/un",Foxy,"Beleza e Higiene/Papel Higiénico/Papel Higiénico 3, 4 e 5 Folhas",https://www.continente.pt/dw/image/v2/BDVS_PRD/on/demandware.static/-/Sites-col-master-catalog/default/dweef33bd8/images/col/512/5127706-frente.jpg?sw=280&sh=280,emb. 18 rolos,https://www.continente.pt/produto/papel-higienico-seda-foxy-5127706.html,limpeza,2025-04-21,Continente
Intensificador Perfume Pérolas Doçura Violeta,8170378,3.99,"€19,00/kg",A+,Limpeza/Roupa/Amaciador e Intensificador Perfume,https://www.continente.pt/dw/image/v2/BDVS_PRD/on/demandware.static/-/Sites-col-master-catalog/default/dwe21a9cd8/images/col/817/8170378-frente.png?sw=280&sh=280,emb. 210 gr,https://www.continente.pt/produto/intensificador-perfume-perolas-docura-violeta-a-8170378.html,limpeza,2025-04-21,Continente
Detergente Máquina Loiça Pastilhas Power Limão,8224977,13.99,"€0,17/un",Finish,Limpeza/Cozinha/Detergente Máquina Loiça,https://www.continente.pt/dw/image/v2/BDVS_PRD/on/demandware.static/-/Sites-col-master-catalog/default/dwecba035c/images/col/822/8224977-frente.png?sw=280&sh=280,80 doses,https://www.continente.pt/produto/detergente-maquina-loica-pastilhas-power-limao-finish-8224977.html,limpeza,2025-04-21,Continente
Líxivia Delicada Gentil Pastilhas,7932832,3.24,"€0,18/un",Neoblanc,Limpeza/Roupa/Aditivos e Auxiliares,https://www.continente.pt/dw/image/v2/BDVS_PRD/on/demandware.static/-/Sites-col-master-catalog/default/dw869f0c23/images/col/793/7932832-frente.png?sw=280&sh=280,emb. 18 un,https://www.continente.pt/produto/lixivia-delicada-gentil-pastilhas-neoblanc-7932832.html,limpeza,2025-04-21,Continente
Percarbonato de Sódio,7929728,1.65,"€2,20/kg",Continente,Limpeza/Roupa/Aditivos e Auxiliares,https://www.continente.pt/dw/image/v2/BDVS_PRD/on/demandware.static/-/Sites-col-master-catalog/default/dwbbc9aaeb/images/col/792/7929728-frente.jpg?sw=280&sh=280,emb. 750 gr,https://www.continente.pt/produto/percarbonato-de-sodio-continente-7929728.html,limpeza,2025-04-21,Continente
Detergente Máquina Roupa Líquido Ciclos Curtos Eficácia Express,8114856,9.99,"€0,18/dos",Skip,Limpeza/Roupa/Detergente Máquina,https://www.continente.pt/dw/image/v2/BDVS_PRD/on/demandware.static/-/Sites-col-master-catalog/default/dwc4a95265/images/col/811/8114856-frente.png?sw=280&sh=280,54 doses,https://www.continente.pt/produto/detergente-maquina-roupa-liquido-ciclos-curtos-eficacia-express-skip-8114856.html,limpeza,2025-04-21,Continente
Toalhitas Limpeza de Móveis,8200044,0.95,"€0,05/un",Continente,Limpeza/Limpeza Geral/Limpeza Específica,https://www.continente.pt/dw/image/v2/BDVS_PRD/on/demandware.static/-/Sites-col-master-catalog/default/dw895418e4/images/col/820/8200044-frente.jpg?sw=280&sh=280,emb. 20 un,https://www.continente.pt/produto/toalhitas-limpeza-de-moveis-continente-8200044.html,limpeza,2025-04-21,Continente
Toalhitas Desengordurantes Power+,8200092,1.99,"€0,04/un",Continente,Limpeza/Cozinha/Multisuperfícies,https://www.continente.pt/dw/image/v2/BDVS_PRD/on/demandware.static/-/Sites-col-master-catalog/default/dwf1ceb103/images/col/820/8200092-frente.jpg?sw=280&sh=280,emb. 50 un,https://www.continente.pt/produto/toalhitas-desengordurantes-power-continente-8200092.html,limpeza,2025-04-21,Continente
Detergente Manual Loiça Plus Citrinos,7431632,1.94,"€4,22/lt",Super Pop,Limpeza/Cozinha/Detergente Manual Loiça,https://www.continente.pt/dw/image/v2/BDVS_PRD/on/demandware.static/-/Sites-col-master-catalog/default/dw08a658a9/images/col/743/7431632-frente.jpg?sw=280&sh=280,emb. 460 ml,https://www.continente.pt/produto/detergente-manual-loica-plus-citrinos-super-pop-7431632.html,limpeza,2025-04-21,Continente
Spray Super Desengordurante,7571589,1.99,"€3,98/lt",Ajax,Limpeza/Cozinha/Multisuperfícies,https://www.continente.pt/dw/image/v2/BDVS_PRD/on/demandware.static/-/Sites-col-master-catalog/default/dwf08ba5f2/images/col/757/7571589-hero.jpg?sw=280&sh=280,emb. 500 ml,https://www.continente.pt/produto/spray-super-desengordurante-ajax-7571589.html,limpeza,2025-04-21,Continente
Spray Desengordurante Power+,8284081,1.79,"€2,39/lt",Continente,Limpeza/Cozinha/Multisuperfícies,https://www.continente.pt/dw/image/v2/BDVS_PRD/on/demandware.static/-/Sites-col-master-catalog/default/dwb4d5e820/images/col/828/8284081-frente.jpg?sw=280&sh=280,emb. 750 ml,https://www.continente.pt/produto/spray-desengordurante-power-continente-8284081.html,limpeza,2025-04-21,Continente
Limpa Máquinas Roupa 3 em 1,6781963,1.6,"€6,40/lt",Continente,Limpeza/Roupa/Tratamento Máquina Roupa,https://www.continente.pt/dw/image/v2/BDVS_PRD/on/demandware.static/-/Sites-col-master-catalog/default/dw6f251418/images/col/678/6781963-frente.png?sw=280&sh=280,emb. 250 ml,https://www.continente.pt/produto/limpa-maquinas-roupa-3-em-1-continente-6781963.html,limpeza,2025-04-21,Continente
Ambientador Vela Óleos Essenciais Baunilha,5412768,4.89,"€2,44/un",Air Wick,Limpeza/Velas e Ambientadores/Velas,https://www.continente.pt/dw/image/v2/BDVS_PRD/on/demandware.static/-/Sites-col-master-catalog/default/dw5d39c25e/images/col/541/5412768-esquerdo.jpg?sw=280&sh=280,emb. 2 un,https://www.continente.pt/produto/ambientador-vela-oleos-essenciais-baunilha-air-wick-5412768.html,limpeza,2025-04-21,Continente
Detergente Máquina Roupa Pó Tradição,8204601,9.99,"€0,10/dos",Gama,Limpeza/Roupa/Detergente Máquina,https://www.continente.pt/dw/image/v2/BDVS_PRD/on/demandware.static/-/Sites-col-master-catalog/default/dw7a59ce19/images/col/820/8204601-frente.png?sw=280&sh=280,100 doses,https://www.continente.pt/produto/detergente-maquina-roupa-po-tradicao-gama-8204601.html,limpeza,2025-04-21,Continente
Discos Sanitários Dispensador + Recarga Marinho,7521365,2.09,"€0,30/un",Continente,Limpeza/Casa de Banho/Blocos Sanitários,https://www.continente.pt/dw/image/v2/BDVS_PRD/on/demandware.static/-/Sites-col-master-catalog/default/dw4aa23c66/images/col/752/7521365-frente.jpg?sw=280&sh=280,7 doses,https://www.continente.pt/produto/discos-sanitarios-dispensador-recarga-marinho-continente-7521365.html,limpeza,2025-04-21,Continente
Ambientador Recarga Portátil Sense&Spray Relax Zen,5677305,5.19,"€2,60/un",Glade,Limpeza/Velas e Ambientadores/Ambientadores Automáticos,https://www.continente.pt/dw/image/v2/BDVS_PRD/on/demandware.static/-/Sites-col-master-catalog/default/dw4c7ccdeb/images/col/567/5677305-frente.jpg?sw=280&sh=280,emb. 2 x 18 ml,https://www.continente.pt/produto/ambientador-recarga-portatil-sense-spray-relax-zen-glade-5677305.html,limpeza,2025-04-21,Continente
Detergente Manual Loiça Concentrado Power+ Eucalipto,7573486,1.59,"€3,18/lt",Continente,Limpeza/Cozinha/Detergente Manual Loiça,https://www.continente.pt/dw/image/v2/BDVS_PRD/on/demandware.static/-/Sites-col-master-catalog/default/dwf3545e65/images/col/757/7573486-frente.jpg?sw=280&sh=280,emb. 500 ml,https://www.continente.pt/produto/detergente-manual-loica-concentrado-power-eucalipto-continente-7573486.html,limpeza,2025-04-21,Continente
Intensificador Perfume Cielo Primavera,7728900,3.99,"€0,10/dos",San,Limpeza/Roupa/Amaciador e Intensificador Perfume,https://www.continente.pt/dw/image/v2/BDVS_PRD/on/demandware.static/-/Sites-col-master-catalog/default/dw70c749ae/images/col/772/7728900-frente.jpg?sw=280&sh=280,40 doses,https://www.continente.pt/produto/intensificador-perfume-cielo-primavera-san-7728900.html,limpeza,2025-04-21,Continente
Papel de Alumínio 10m,7175040,2.61,"€0,26/m",Vileda,Limpeza/Cozinha/Películas e Sacos de Conservação,https://www.continente.pt/dw/image/v2/BDVS_PRD/on/demandware.static/-/Sites-col-master-catalog/default/dw5728317d/images/col/717/7175040-frente.jpg?sw=280&sh=280,emb. 1 un,https://www.continente.pt/produto/papel-de-aluminio-10m-vileda-7175040.html,limpeza,2025-04-21,Continente
Detergente Máquina Roupa Cápsulas Tropical,8213165,9.99,"€0,19/dos",Surf,Limpeza/Roupa/Detergente Máquina,https://www.continente.pt/dw/image/v2/BDVS_PRD/on/demandware.static/-/Sites-col-master-catalog/default/dw1e70b085/images/col/821/8213165-hero.png?sw=280&sh=280,52 doses,https://www.continente.pt/produto/detergente-maquina-roupa-capsulas-tropical-surf-8213165.html,limpeza,2025-04-21,Continente
Lava Tudo Líquido Brilhante Desinfetante,7520445,7.78,"€2,36/lt",Sonasol,Limpeza/Limpeza Geral/Multisuperfícies,https://www.continente.pt/dw/image/v2/BDVS_PRD/on/demandware.static/-/Sites-col-master-catalog/default/dw7a0d93ea/images/col/752/7520445-hero.jpg?sw=280&sh=280,"emb. 3 x 1,1 lt",https://www.continente.pt/produto/lava-tudo-liquido-brilhante-desinfetante-sonasol-7520445.html,limpeza,2025-04-21,Continente
Tira Nódoas Spray,6957413,2.29,"€4,58/lt",Mistolin,Limpeza/Roupa/Aditivos e Auxiliares,https://www.continente.pt/dw/image/v2/BDVS_PRD/on/demandware.static/-/Sites-col-master-catalog/default/dwfb499002/images/col/695/6957413-frente.jpg?sw=280&sh=280,emb. 500 ml,https://www.continente.pt/produto/tira-nodoas-spray-mistolin-6957413.html,limpeza,2025-04-21,Continente
Pano Esponja ,5305843,3.35,"€0,67/un",Vileda,"Limpeza/Panos, Esfregões e Luvas/Panos",https://www.continente.pt/dw/image/v2/BDVS_PRD/on/demandware.static/-/Sites-col-master-catalog/default/dwa0763bb7/images/col/530/5305843-frente.jpg?sw=280&sh=280,5 un,https://www.continente.pt/produto/pano-esponja%C2%A0-vileda-5305843.html,limpeza,2025-04-21,Continente
Lava Tudo pH Neutro,6064397,2.09,"€1,61/lt",Sonasol,Limpeza/Limpeza Geral/Lava Tudo,https://www.continente.pt/dw/image/v2/BDVS_PRD/on/demandware.static/-/Sites-col-master-catalog/default/dw9d5efb89/images/col/606/6064397-hero.jpg?sw=280&sh=280,"emb. 1,3 lt",https://www.continente.pt/produto/lava-tudo-ph-neutro-sonasol-6064397.html,limpeza,2025-04-21,Continente
Mousse Spray Multiusos,8113191,1.99,"€3,98/lt",Ajax,Limpeza/Limpeza Geral/Multisuperfícies,https://www.continente.pt/dw/image/v2/BDVS_PRD/on/demandware.static/-/Sites-col-master-catalog/default/dw81b0a7b4/images/col/811/8113191-hero.png?sw=280&sh=280,emb. 500 ml,https://www.continente.pt/produto/mousse-spray-multiusos-ajax-8113191.html,limpeza,2025-04-21,Continente
Rolo Multiusos Azul,6725690,4.79,"€4,79/un",Boost,Limpeza/Guardanapos e Rolos/Rolos de Cozinha,https://www.continente.pt/dw/image/v2/BDVS_PRD/on/demandware.static/-/Sites-col-master-catalog/default/dw308eaed4/images/col/672/6725690-frente.jpg?sw=280&sh=280,emb. 1 un,https://www.continente.pt/produto/rolo-multiusos-azul-boost-6725690.html,limpeza,2025-04-21,Continente
Água Perfumada para Engomar,5862597,0.65,"€0,65/lt",Continente,Limpeza/Roupa/Aditivos e Auxiliares,https://www.continente.pt/dw/image/v2/BDVS_PRD/on/demandware.static/-/Sites-col-master-catalog/default/dwb2689985/images/col/586/5862597-frente.jpg?sw=280&sh=280,emb. 1 lt,https://www.continente.pt/produto/agua-perfumada-para-engomar-continente-5862597.html,limpeza,2025-04-21,Continente
Intensificador Perfume Pérolas Unstoppables Ariel,8399105,12.99,"€26,24/kg",Lenor,Limpeza/Roupa/Amaciador e Intensificador Perfume,https://www.continente.pt/dw/image/v2/BDVS_PRD/on/demandware.static/-/Sites-col-master-catalog/default/dwc35fae3a/images/col/839/8399105-hero.jpg?sw=280&sh=280,41 doses (495 gr),https://www.continente.pt/produto/intensificador-perfume-perolas-unstoppables-ariel-lenor-8399105.html,limpeza,2025-04-21,Continente
Ambientador Recarga Elétrico Satin Moon,7397805,7.99,"€2,66/un",Air Wick,Limpeza/Velas e Ambientadores/Ambientadores Elétricos,https://www.continente.pt/dw/image/v2/BDVS_PRD/on/demandware.static/-/Sites-col-master-catalog/default/dw524cd2f6/images/col/739/7397805-frente.jpg?sw=280&sh=280,emb. 3 un,https://www.continente.pt/produto/ambientador-recarga-eletrico-satin-moon-air-wick-7397805.html,limpeza,2025-04-21,Continente
Detergente Máquina Loiça Power Gel All in 1 Frescura Anti Odores,6595562,9.49,"€0,19/un",Finish,Limpeza/Cozinha/Detergente Máquina Loiça,https://www.continente.pt/dw/image/v2/BDVS_PRD/on/demandware.static/-/Sites-col-master-catalog/default/dw31e2bb73/images/col/659/6595562-frente.jpg?sw=280&sh=280,50 doses,https://www.continente.pt/produto/detergente-maquina-loica-power-gel-all-in-1-frescura-anti-odores-finish-6595562.html,limpeza,2025-04-21,Continente
Luvas Sensitive Nitrilo Biodegradáveis S/M,7019933,4.99,"€0,10/un",Continente,"Limpeza/Panos, Esfregões e Luvas/Luvas",https://www.continente.pt/dw/image/v2/BDVS_PRD/on/demandware.static/-/Sites-col-master-catalog/default/dw1c3cad8b/images/col/701/7019933-frente.jpg?sw=280&sh=280,50 pares,https://www.continente.pt/produto/luvas-sensitive-nitrilo-biodegradaveis-s-m-continente-7019933.html,limpeza,2025-04-21,Continente
Intensificador Perfume Pérolas Frescura Flores,8170357,3.99,"€19,00/kg",A+,Limpeza/Roupa/Amaciador e Intensificador Perfume,https://www.continente.pt/dw/image/v2/BDVS_PRD/on/demandware.static/-/Sites-col-master-catalog/default/dwc61464d2/images/col/817/8170357-frente.png?sw=280&sh=280,emb. 210 gr,https://www.continente.pt/produto/intensificador-perfume-perolas-frescura-flores-a-8170357.html,limpeza,2025-04-21,Continente
Toalhitas Limpeza de Lentes,8028210,1.39,"€0,03/un",Continente,Limpeza/Limpeza Geral/Limpeza Específica,https://www.continente.pt/dw/image/v2/BDVS_PRD/on/demandware.static/-/Sites-col-master-catalog/default/dw12a8672f/images/col/802/8028210-frente.png?sw=280&sh=280,emb. 54 un,https://www.continente.pt/produto/toalhitas-limpeza-de-lentes-continente-8028210.html,limpeza,2025-04-21,Continente
Abrilhantador Máquina Loiça Brilho e Secagem,3835783,4.99,"€12,47/lt",Finish,Limpeza/Cozinha/Aditivos Máquina Loiça,https://www.continente.pt/dw/image/v2/BDVS_PRD/on/demandware.static/-/Sites-col-master-catalog/default/dw6a5aa263/images/col/383/3835783-frente.jpg?sw=280&sh=280,emb. 400 ml,https://www.continente.pt/produto/abrilhantador-maquina-loica-brilho-e-secagem-finish-3835783.html,limpeza,2025-04-21,Continente
Detergente Máquina Roupa Líquido,7779006,5.49,"€0,10/dos",Omo,Limpeza/Roupa/Detergente Máquina,https://www.continente.pt/dw/image/v2/BDVS_PRD/on/demandware.static/-/Sites-col-master-catalog/default/dwc2713d2e/images/col/777/7779006-frente.jpg?sw=280&sh=280,55 doses,https://www.continente.pt/produto/detergente-maquina-roupa-liquido-omo-7779006.html,limpeza,2025-04-21,Continente
Luvas Descartáveis Tamanho S/M,7990486,14.99,"€0,15/un",Vileda,"Limpeza/Panos, Esfregões e Luvas/Luvas",https://www.continente.pt/dw/image/v2/BDVS_PRD/on/demandware.static/-/Sites-col-master-catalog/default/dw1d01be0e/images/col/799/7990486-cima-direito.jpg?sw=280&sh=280,100 pares,https://www.continente.pt/produto/luvas-descartaveis-tamanho-s-m-vileda-7990486.html,limpeza,2025-04-21,Continente
Discos Sanitários Ativos Gel Dispensador + 3 Recargas Marinho,7968196,4.39,"€0,24/dos",Pato,Limpeza/Casa de Banho/Blocos Sanitários,https://www.continente.pt/dw/image/v2/BDVS_PRD/on/demandware.static/-/Sites-col-master-catalog/default/dwe0778cfc/images/col/796/7968196-frente.jpg?sw=280&sh=280,3 x 6 doses,https://www.continente.pt/produto/discos-sanitarios-ativos-gel-dispensador-3-recargas-marinho-pato-7968196.html,limpeza,2025-04-21,Continente
Ambientador Recarga Portátil Sensual Sandalwood e Jasmin,5230728,3.49,"€3,49/un",Glade,Limpeza/Velas e Ambientadores/Ambientadores Automáticos,https://www.continente.pt/dw/image/v2/BDVS_PRD/on/demandware.static/-/Sites-col-master-catalog/default/dw1e20e981/images/col/523/5230728-frente.jpg?sw=280&sh=280,emb. 269 ml,https://www.continente.pt/produto/ambientador-recarga-portatil-sensual-sandalwood-e-jasmin-glade-5230728.html,limpeza,2025-04-21,Continente
Detergente Máquina Roupa Líquido Proteção Cores,5322217,6.99,"€0,23/dos",Woolite,Limpeza/Roupa/Detergente Máquina,https://www.continente.pt/dw/image/v2/BDVS_PRD/on/demandware.static/-/Sites-col-master-catalog/default/dw4f7e44c8/images/col/532/5322217-frente.jpg?sw=280&sh=280,30 doses,https://www.continente.pt/produto/detergente-maquina-roupa-liquido-protecao-cores-woolite-5322217.html,limpeza,2025-04-21,Continente
Detergente Máquina Roupa Pó Sabão Natural,7128354,9.99,"€0,10/dos",Continente,Limpeza/Roupa/Detergente Máquina,https://www.continente.pt/dw/image/v2/BDVS_PRD/on/demandware.static/-/Sites-col-master-catalog/default/dw6deeae7a/images/col/712/7128354-frente.png?sw=280&sh=280,100 doses,https://www.continente.pt/produto/detergente-maquina-roupa-po-sabao-natural-continente-7128354.html,limpeza,2025-04-21,Continente
Detergente Máquina Roupa Líquido Essência de Provença,7643706,11.99,"€0,12/dos",A+,Limpeza/Roupa/Detergente Máquina,https://www.continente.pt/dw/image/v2/BDVS_PRD/on/demandware.static/-/Sites-col-master-catalog/default/dw84d77326/images/col/764/7643706-frente.jpg?sw=280&sh=280,100 doses,https://www.continente.pt/produto/detergente-maquina-roupa-liquido-essencia-de-provenca-a-7643706.html,limpeza,2025-04-21,Continente
Desentupidor Canos Gel Manutenção,7078744,2.79,"€3,72/lt",Continente,Limpeza/Casa de Banho/Desentupidores,https://www.continente.pt/dw/image/v2/BDVS_PRD/on/demandware.static/-/Sites-col-master-catalog/default/dwe8858dd3/images/col/707/7078744-frente.jpg?sw=280&sh=280,emb. 750 ml,https://www.continente.pt/produto/desentupidor-canos-gel-manutencao-continente-7078744.html,limpeza,2025-04-21,Continente
Esfregão Salva Unhas Glitzi Colors,8112023,1.99,"€0,66/un",Vileda,"Limpeza/Panos, Esfregões e Luvas/Esfregões",https://www.continente.pt/dw/image/v2/BDVS_PRD/on/demandware.static/-/Sites-col-master-catalog/default/dw0ab55d68/images/col/811/8112023-direito.jpg?sw=280&sh=280,emb. 2 un + 1 GRÁTIS,https://www.continente.pt/produto/esfregao-salva-unhas-glitzi-colors-vileda-8112023.html,limpeza,2025-04-21,Continente
Cuecas Incontinência Noite Bons Sonhos 27-57 Kg 8-15 Anos,8286241,8.79,"€0,68/un",Continente,Bebé/Fraldas e Toalhitas/Fraldas de Aprendizagem,https://www.continente.pt/dw/image/v2/BDVS_PRD/on/demandware.static/-/Sites-col-master-catalog/default/dw8341f410/images/col/828/8286241-frente.jpg?sw=280&sh=280,emb. 13 un,https://www.continente.pt/produto/cuecas-incontinencia-noite-bons-sonhos-27-57-kg-8-15-anos-continente-8286241.html,limpeza,2025-04-21,Continente
Ambientador Recarga Freshmatic Satin&Moon,5787401,5.19,"€2,60/un",Air Wick,Limpeza/Velas e Ambientadores/Ambientadores Automáticos,https://www.continente.pt/dw/image/v2/BDVS_PRD/on/demandware.static/-/Sites-col-master-catalog/default/dw73f14379/images/col/578/5787401-frente.jpg?sw=280&sh=280,emb. 2 un,https://www.continente.pt/produto/ambientador-recarga-freshmatic-satin-moon-air-wick-5787401.html,limpeza,2025-04-21,Continente
Esfregão Esponja Salva Unhas Ergonómico,4867446,0.79,"€0,40/un",Continente,"Limpeza/Panos, Esfregões e Luvas/Esfregões",https://www.continente.pt/dw/image/v2/BDVS_PRD/on/demandware.static/-/Sites-col-master-catalog/default/dw152716c4/images/col/486/4867446-frente.jpg?sw=280&sh=280,2 un,https://www.continente.pt/produto/esfregao-esponja-salva-unhas-ergonomico-continente-4867446.html,limpeza,2025-04-21,Continente
Tira Nódoas Pó Cores,7253347,5.99,"€5,99/kg",A+,Limpeza/Roupa/Aditivos e Auxiliares,https://www.continente.pt/dw/image/v2/BDVS_PRD/on/demandware.static/-/Sites-col-master-catalog/default/dw95c140ca/images/col/725/7253347-frente.jpg?sw=280&sh=280,emb. 1 kg,https://www.continente.pt/produto/tira-nodoas-po-cores-a-7253347.html,limpeza,2025-04-21,Continente
Detergente Máquina Roupa Cápsulas 4 em 1 Optimal,7849703,11.99,"€0,21/dos",A+,Limpeza/Roupa/Detergente Máquina,https://www.continente.pt/dw/image/v2/BDVS_PRD/on/demandware.static/-/Sites-col-master-catalog/default/dw6cf9f8bd/images/col/784/7849703-frente.jpg?sw=280&sh=280,56 doses,https://www.continente.pt/produto/detergente-maquina-roupa-capsulas-4-em-1-optimal-a-7849703.html,limpeza,2025-04-21,Continente
Tira Nódoas Gel Oxi Action Cores Gold,8398632,12.99,"€5,88/lt",Vanish,Limpeza/Roupa/Aditivos e Auxiliares,https://www.continente.pt/dw/image/v2/BDVS_PRD/on/demandware.static/-/Sites-col-master-catalog/default/dw389c1eaf/images/col/839/8398632-frente.jpg?sw=280&sh=280,"emb. 2, 21 lt",https://www.continente.pt/produto/tira-nodoas-gel-oxi-action-cores-gold-vanish-8398632.html,limpeza,2025-04-21,Continente
Detergente Máquina Roupa Cápsulas Sabão Natural,7411124,4.99,"€0,17/dos",Continente,Limpeza/Roupa/Detergente Máquina,https://www.continente.pt/dw/image/v2/BDVS_PRD/on/demandware.static/-/Sites-col-master-catalog/default/dw6eb1cb64/images/col/741/7411124-frente.jpg?sw=280&sh=280,30 doses,https://www.continente.pt/produto/detergente-maquina-roupa-capsulas-sabao-natural-continente-7411124.html,limpeza,2025-04-21,Continente
Detergente Máquina Roupa Líquido Roupa Limpa,8172716,11.99,"€0,11/dos",Xau,Limpeza/Roupa/Detergente Máquina,https://www.continente.pt/dw/image/v2/BDVS_PRD/on/demandware.static/-/Sites-col-master-catalog/default/dw3c22cd6c/images/col/817/8172716-frente.png?sw=280&sh=280,105 doses,https://www.continente.pt/produto/detergente-maquina-roupa-liquido-roupa-limpa-xau-8172716.html,limpeza,2025-04-21,Continente
Perfumador Entardecer Tropical,8167799,3.99,"€0,10/dos",San,Limpeza/Roupa/Amaciador e Intensificador Perfume,https://www.continente.pt/dw/image/v2/BDVS_PRD/on/demandware.static/-/Sites-col-master-catalog/default/dwee3ee07b/images/col/816/8167799-frente.jpg?sw=280&sh=280,40 doses,https://www.continente.pt/produto/perfumador-entardecer-tropical-san-8167799.html,limpeza,2025-04-21,Continente
Ambientador Roupeiro Talco,5850268,1.49,"€0,75/un",Continente,Limpeza/Velas e Ambientadores/Ambientadores Automáticos,https://www.continente.pt/dw/image/v2/BDVS_PRD/on/demandware.static/-/Sites-col-master-catalog/default/dwcaf1dca0/images/col/585/5850268-frente.jpg?sw=280&sh=280,emb. 2 un,https://www.continente.pt/produto/ambientador-roupeiro-talco-continente-5850268.html,limpeza,2025-04-21,Continente
Anti-Bolores Spray Sujidade,7856250,4.79,"€4,79/lt",Cillit Bang,Limpeza/Limpeza Geral/Multisuperfícies,https://www.continente.pt/dw/image/v2/BDVS_PRD/on/demandware.static/-/Sites-col-master-catalog/default/dw65153258/images/col/785/7856250-frente.png?sw=280&sh=280,emb. 1 lt,https://www.continente.pt/produto/anti-bolores-spray-sujidade-cillit-bang-7856250.html,limpeza,2025-04-21,Continente
Limpa Móveis Spray Revitaliza Âmbar e Argão,6482869,3.59,"€14,36/lt",Pronto,Limpeza/Limpeza Geral/Madeiras,https://www.continente.pt/dw/image/v2/BDVS_PRD/on/demandware.static/-/Sites-col-master-catalog/default/dw3a34f27e/images/col/648/6482869-frente.jpg?sw=280&sh=280,emb. 250 ml,https://www.continente.pt/produto/limpa-moveis-spray-revitaliza-ambar-e-argao-pronto-6482869.html,limpeza,2025-04-21,Continente
Detergente Líquido Roupa Peles Sensíveis,8090136,7.99,"€0,24/dos",LArbre Vert,Limpeza/Roupa/Detergente Máquina,https://www.continente.pt/dw/image/v2/BDVS_PRD/on/demandware.static/-/Sites-col-master-catalog/default/dw649de21e/images/col/809/8090136-frente.png?sw=280&sh=280,34 doses,https://www.continente.pt/produto/detergente-liquido-roupa-peles-sensiveis-larbre-vert-8090136.html,limpeza,2025-04-21,Continente
Limpa WC Spray Express,7480741,2.79,"€3,72/lt",Mistolin,Limpeza/Casa de Banho/Multisuperfícies,https://www.continente.pt/dw/image/v2/BDVS_PRD/on/demandware.static/-/Sites-col-master-catalog/default/dw0e4e8215/images/col/748/7480741-frente.jpg?sw=280&sh=280,emb. 750 ml,https://www.continente.pt/produto/limpa-wc-spray-express-mistolin-7480741.html,limpeza,2025-04-21,Continente
Detergente Máquina Roupa Líquido Sabão Vegetal,7995790,8.19,"€0,24/dos",LArbre Vert,Limpeza/Roupa/Detergente Máquina,https://www.continente.pt/dw/image/v2/BDVS_PRD/on/demandware.static/-/Sites-col-master-catalog/default/dwdb66080c/images/col/799/7995790-frente.png?sw=280&sh=280,34 doses,https://www.continente.pt/produto/detergente-maquina-roupa-liquido-sabao-vegetal-larbre-vert-7995790.html,limpeza,2025-04-21,Continente
Desengordurante Spray Placas de Indução e Vitrocerâmica VitoFast,7643638,2.89,"€5,78/lt",Mistolin,"Limpeza/Cozinha/Limpeza Fogão, Forno e Frigorífico",https://www.continente.pt/dw/image/v2/BDVS_PRD/on/demandware.static/-/Sites-col-master-catalog/default/dw1c7f4acc/images/col/764/7643638-frente.jpg?sw=280&sh=280,emb. 500 ml,https://www.continente.pt/produto/desengordurante-spray-placas-de-inducao-e-vitroceramica-vitofast-mistolin-7643638.html,limpeza,2025-04-21,Continente
Detergente Máquina Roupa Líquido Universal,8137546,7.99,"€0,18/dos",Persil,Limpeza/Roupa/Detergente Máquina,https://www.continente.pt/dw/image/v2/BDVS_PRD/on/demandware.static/-/Sites-col-master-catalog/default/dw2a1022df/images/col/813/8137546-frente.png?sw=280&sh=280,44 doses,https://www.continente.pt/produto/detergente-maquina-roupa-liquido-universal-persil-8137546.html,limpeza,2025-04-21,Continente
Detergente Máquina Roupa Líquido Sabão Natural,8190880,9.99,"€0,11/dos",Xau,Limpeza/Roupa/Detergente Máquina,https://www.continente.pt/dw/image/v2/BDVS_PRD/on/demandware.static/-/Sites-col-master-catalog/default/dw21d4a5c0/images/col/819/8190880-hero.png?sw=280&sh=280,89 doses,https://www.continente.pt/produto/detergente-maquina-roupa-liquido-sabao-natural-xau-8190880.html,limpeza,2025-04-21,Continente
Detergente Máquina Roupa Pó Limpeza Ativa,7083119,9.99,"€0,13/dos",Continente,Limpeza/Roupa/Detergente Máquina,https://www.continente.pt/dw/image/v2/BDVS_PRD/on/demandware.static/-/Sites-col-master-catalog/default/dw313e5980/images/col/708/7083119-hero.jpg?sw=280&sh=280,75 doses,https://www.continente.pt/produto/detergente-maquina-roupa-po-limpeza-ativa-continente-7083119.html,limpeza,2025-04-21,Continente
Ambientador Recarga Difusor Active Fresh Algodão,8046450,9.99,"€9,99/un",Air Wick,Limpeza/Velas e Ambientadores/Ambientadores Automáticos,https://www.continente.pt/dw/image/v2/BDVS_PRD/on/demandware.static/-/Sites-col-master-catalog/default/dw22996e9f/images/col/804/8046450-frente.png?sw=280&sh=280,emb. 2 un,https://www.continente.pt/produto/ambientador-recarga-difusor-active-fresh-algodao-air-wick-8046450.html,limpeza,2025-04-21,Continente
Papel de Alumínio 30m,7199144,4.19,"€0,14/m",Albal,Limpeza/Cozinha/Películas e Sacos de Conservação,https://www.continente.pt/dw/image/v2/BDVS_PRD/on/demandware.static/-/Sites-col-master-catalog/default/dw150c4c5a/images/col/719/7199144-frente.jpg?sw=280&sh=280,emb. 1 un,https://www.continente.pt/produto/papel-de-aluminio-30m-albal-7199144.html,limpeza,2025-04-21,Continente
Ambientador Recarga Difusor Sandalwood,7990488,12.98,"€6,49/un",Glade,Limpeza/Velas e Ambientadores/Ambientadores Automáticos,https://www.continente.pt/dw/image/v2/BDVS_PRD/on/demandware.static/-/Sites-col-master-catalog/default/dw8b4999e0/images/col/799/7990488-frente.png?sw=280&sh=280,emb. 2 x 269 ml,https://www.continente.pt/produto/ambientador-recarga-difusor-sandalwood-glade-7990488.html,limpeza,2025-04-21,Continente
Ambientador Recarga Elétrico Orquídea e Baunilha,7460659,5.49,"€2,75/un",Air Wick,Limpeza/Velas e Ambientadores/Ambientadores Elétricos,https://www.continente.pt/dw/image/v2/BDVS_PRD/on/demandware.static/-/Sites-col-master-catalog/default/dwfacd1677/images/col/746/7460659-frente.jpg?sw=280&sh=280,emb. 2 un,https://www.continente.pt/produto/ambientador-recarga-eletrico-orquidea-e-baunilha-air-wick-7460659.html,limpeza,2025-04-21,Continente
Ambientador Recarga Difusor Active Fresh Jasmim,7683434,5.99,"€5,99/un",Air Wick,Limpeza/Velas e Ambientadores/Ambientadores Automáticos,https://www.continente.pt/dw/image/v2/BDVS_PRD/on/demandware.static/-/Sites-col-master-catalog/default/dwce5cd944/images/col/768/7683434-hero.jpg?sw=280&sh=280,emb. 1 un,https://www.continente.pt/produto/ambientador-recarga-difusor-active-fresh-jasmim-air-wick-7683434.html,limpeza,2025-04-21,Continente
Amaciador Roupa Concentrado Lírios e Frutos Vermelhos,7817531,3.99,"€0,04/un",Quanto,Limpeza/Roupa/Amaciador e Intensificador Perfume,https://www.continente.pt/dw/image/v2/BDVS_PRD/on/demandware.static/-/Sites-col-master-catalog/default/dw5f87c377/images/col/781/7817531-frente.jpg?sw=280&sh=280,95 doses,https://www.continente.pt/produto/amaciador-roupa-concentrado-lirios-e-frutos-vermelhos-quanto-7817531.html,limpeza,2025-04-21,Continente
Detergente Máquina Roupa Líquido Sensitive,7778747,7.99,"€0,18/dos",Skip,Limpeza/Roupa/Detergente Máquina,https://www.continente.pt/dw/image/v2/BDVS_PRD/on/demandware.static/-/Sites-col-master-catalog/default/dwa809f135/images/col/777/7778747-frente.jpg?sw=280&sh=280,44 doses,https://www.continente.pt/produto/detergente-maquina-roupa-liquido-sensitive-skip-7778747.html,limpeza,2025-04-21,Continente
Papel de Alumínio 30m,3640624,6.14,"€0,20/m",Silvex,Limpeza/Cozinha/Películas e Sacos de Conservação,https://www.continente.pt/dw/image/v2/BDVS_PRD/on/demandware.static/-/Sites-col-master-catalog/default/dw1d71fd1e/images/col/364/3640624-frente.jpg?sw=280&sh=280,emb. 1 un,https://www.continente.pt/produto/papel-de-aluminio-30m-silvex-3640624.html,limpeza,2025-04-21,Continente
Bloco Sanitário Blue Active Floral,7520441,11.06,"€1,23/un",Bref Sonasol,Limpeza/Casa de Banho/Blocos Sanitários,https://www.continente.pt/dw/image/v2/BDVS_PRD/on/demandware.static/-/Sites-col-master-catalog/default/dw58a5160f/images/col/752/7520441-hero.jpg?sw=280&sh=280,emb. 3 x 3 un,https://www.continente.pt/produto/bloco-sanitario-blue-active-floral-bref-sonasol-7520441.html,limpeza,2025-04-21,Continente
Multisuperfícies Spray Desinfetante Recarga,8210640,2.19,"€2,92/lt",Sanytol,Limpeza/Limpeza Geral/Multisuperfícies,https://www.continente.pt/dw/image/v2/BDVS_PRD/on/demandware.static/-/Sites-col-master-catalog/default/dw527ded9b/images/col/821/8210640-frente.jpg?sw=280&sh=280,emb. 750 ml,https://www.continente.pt/produto/multisuperficies-spray-desinfetante-recarga-sanytol-8210640.html,limpeza,2025-04-21,Continente
Ambientador Vela Elixir Oriental,7795259,2.49,"€2,49/un",Air Wick,Limpeza/Velas e Ambientadores/Velas,https://www.continente.pt/dw/image/v2/BDVS_PRD/on/demandware.static/-/Sites-col-master-catalog/default/dwe033cdcd/images/col/779/7795259-frente.jpg?sw=280&sh=280,emb. 1 un,https://www.continente.pt/produto/ambientador-vela-elixir-oriental-air-wick-7795259.html,limpeza,2025-04-21,Continente
Detergente Máquina Roupa Cápsulas 4 em 1 Ocean Dream,7849721,11.99,"€0,21/dos",A+,Limpeza/Roupa/Detergente Máquina,https://www.continente.pt/dw/image/v2/BDVS_PRD/on/demandware.static/-/Sites-col-master-catalog/default/dw96a21081/images/col/784/7849721-frente.jpg?sw=280&sh=280,56 doses,https://www.continente.pt/produto/detergente-maquina-roupa-capsulas-4-em-1-ocean-dream-a-7849721.html,limpeza,2025-04-21,Continente
Detergente Máquina Roupa Líquido Active Fresh,7779003,14.99,"€0,15/dos",Skip,Limpeza/Roupa/Detergente Máquina,https://www.continente.pt/dw/image/v2/BDVS_PRD/on/demandware.static/-/Sites-col-master-catalog/default/dw4895d234/images/col/777/7779003-frente.jpg?sw=280&sh=280,100 doses,https://www.continente.pt/produto/detergente-maquina-roupa-liquido-active-fresh-skip-7779003.html,limpeza,2025-04-21,Continente
Detergente Máquina Roupa Cápsulas Ultimate Cores,7849668,8.99,"€0,28/dos",Skip,Limpeza/Roupa/Detergente Máquina,https://www.continente.pt/dw/image/v2/BDVS_PRD/on/demandware.static/-/Sites-col-master-catalog/default/dw7b7bd325/images/col/784/7849668-direito.jpg?sw=280&sh=280,32 doses,https://www.continente.pt/produto/detergente-maquina-roupa-capsulas-ultimate-cores-skip-7849668.html,limpeza,2025-04-21,Continente
Tira Nódoas Spray Roupa Branca,7473104,1.49,"€1,99/lt",Continente,Limpeza/Roupa/Aditivos e Auxiliares,https://www.continente.pt/dw/image/v2/BDVS_PRD/on/demandware.static/-/Sites-col-master-catalog/default/dw00727544/images/col/747/7473104-frente.jpg?sw=280&sh=280,emb. 750 ml,https://www.continente.pt/produto/tira-nodoas-spray-roupa-branca-continente-7473104.html,limpeza,2025-04-21,Continente
Amaciador Roupa Concentrado Rubi e Jasmim,7804942,6.04,"€0,05/dos",Quanto,Limpeza/Roupa/Amaciador e Intensificador Perfume,https://www.continente.pt/dw/image/v2/BDVS_PRD/on/demandware.static/-/Sites-col-master-catalog/default/dwef36fa98/images/col/780/7804942-frente.jpg?sw=280&sh=280,132 doses,https://www.continente.pt/produto/amaciador-roupa-concentrado-rubi-e-jasmim-quanto-7804942.html,limpeza,2025-04-21,Continente
Ambientador Recarga Elétrico Baunilha,6939052,5.19,"€2,60/un",Glade,Limpeza/Velas e Ambientadores/Ambientadores Elétricos,https://www.continente.pt/dw/image/v2/BDVS_PRD/on/demandware.static/-/Sites-col-master-catalog/default/dw5e23d3dc/images/col/693/6939052-frente.jpg?sw=280&sh=280,emb. 2 x 20 ml,https://www.continente.pt/produto/ambientador-recarga-eletrico-baunilha-glade-6939052.html,limpeza,2025-04-21,Continente
Pá para Lixo,7622792,1.0,"€1,00/un",Kasa,"Casa, Bricolage e Jardim/Lavandaria, Arrumação e Banho/Utensílios de Limpeza",https://www.continente.pt/dw/image/v2/BDVS_PRD/on/demandware.static/-/Sites-col-master-catalog/default/dw43f09bd2/images/col/762/7622792-frente.jpg?sw=280&sh=280,1 un,https://www.continente.pt/produto/pa-para-lixo-kasa-7622792.html,limpeza,2025-04-21,Continente
Detergente Máquina Roupa Líquido Power+ Lavanda Pack Poupança,7719940,9.79,"€0,11/dos",Continente,Limpeza/Roupa/Detergente Máquina,https://www.continente.pt/dw/image/v2/BDVS_PRD/on/demandware.static/-/Sites-col-master-catalog/default/dwf63e16b7/images/col/771/7719940-frente.jpg?sw=280&sh=280,86 doses,https://www.continente.pt/produto/detergente-maquina-roupa-liquido-power-lavanda-pack-poupanca-continente-7719940.html,limpeza,2025-04-21,Continente
Lava Tudo Perfumado Hibisco e Romã,7627033,1.19,"€0,79/lt",Continente,Limpeza/Limpeza Geral/Lava Tudo,https://www.continente.pt/dw/image/v2/BDVS_PRD/on/demandware.static/-/Sites-col-master-catalog/default/dw6082c78e/images/col/762/7627033-frente.jpg?sw=280&sh=280,"emb. 1,5 lt",https://www.continente.pt/produto/lava-tudo-perfumado-hibisco-e-roma-continente-7627033.html,limpeza,2025-04-21,Continente
Tira Nódoas Pó Roupa Branca,7253348,5.99,"€5,99/kg",A+,Limpeza/Roupa/Aditivos e Auxiliares,https://www.continente.pt/dw/image/v2/BDVS_PRD/on/demandware.static/-/Sites-col-master-catalog/default/dwf1ecf5fb/images/col/725/7253348-frente.jpg?sw=280&sh=280,emb. 1 kg,https://www.continente.pt/produto/tira-nodoas-po-roupa-branca-a-7253348.html,limpeza,2025-04-21,Continente
Detergente Máquina Roupa Líquido Baby,7791660,3.99,"€0,19/dos",Skip,Limpeza/Roupa/Detergente Máquina,https://www.continente.pt/dw/image/v2/BDVS_PRD/on/demandware.static/-/Sites-col-master-catalog/default/dwdb53463d/images/col/779/7791660-frente.jpg?sw=280&sh=280,21 doses,https://www.continente.pt/produto/detergente-maquina-roupa-liquido-baby-skip-7791660.html,limpeza,2025-04-21,Continente
Abrasivo Sanitário Espuma Power Artic Fresh,7776672,2.49,"€5,53/lt",Domestos,Limpeza/Casa de Banho/Abrasivos Sanitários,https://www.continente.pt/dw/image/v2/BDVS_PRD/on/demandware.static/-/Sites-col-master-catalog/default/dw60e5bf77/images/col/777/7776672-frente.jpg?sw=280&sh=280,emb. 450 ml,https://www.continente.pt/produto/abrasivo-sanitario-espuma-power-artic-fresh-domestos-7776672.html,limpeza,2025-04-21,Continente
Esfregão,7970168,2.99,"€0,37/un",Scotch-Brite,"Limpeza/Panos, Esfregões e Luvas/Esfregões",https://www.continente.pt/dw/image/v2/BDVS_PRD/on/demandware.static/-/Sites-col-master-catalog/default/dw9fa3522f/images/col/797/7970168-frente.jpg?sw=280&sh=280,emb. 5 + 3 un GRÁTIS,https://www.continente.pt/produto/esfregao-scotch-brite-7970168.html,limpeza,2025-04-21,Continente
Detergente Máquina Roupa Folhas Flor de Pêssego,8181921,8.99,"€0,09/dos",Clean Essence,Limpeza/Roupa/Detergente Máquina,https://www.continente.pt/dw/image/v2/BDVS_PRD/on/demandware.static/-/Sites-col-master-catalog/default/dwe643c078/images/col/818/8181921-frente.png?sw=280&sh=280,104 doses,https://www.continente.pt/produto/detergente-maquina-roupa-folhas-flor-de-pessego-clean-essence-8181921.html,limpeza,2025-04-21,Continente
Inseticida Spray Moscas e Mosquitos,5297894,4.19,"€13,97/lt",Dum Dum,Limpeza/Inseticidas/Inseticidas Spray,https://www.continente.pt/dw/image/v2/BDVS_PRD/on/demandware.static/-/Sites-col-master-catalog/default/dw74514d3e/images/col/529/5297894-hero.jpg?sw=280&sh=280,emb. 300 ml,https://www.continente.pt/produto/inseticida-spray-moscas-e-mosquitos-dum-dum-5297894.html,limpeza,2025-04-21,Continente
Detergente Máquina Roupa Líquido Flores Silvestres,7922305,9.99,"€0,12/dos",A+,Limpeza/Roupa/Detergente Máquina,https://www.continente.pt/dw/image/v2/BDVS_PRD/on/demandware.static/-/Sites-col-master-catalog/default/dwaa1ba93e/images/col/792/7922305-frente.jpg?sw=280&sh=280,80 doses,https://www.continente.pt/produto/detergente-maquina-roupa-liquido-flores-silvestres-a-7922305.html,limpeza,2025-04-21,Continente
Discos Sanitários Ativos Recargas Água Azul,7960336,3.59,"€0,30/dos",Pato,Limpeza/Casa de Banho/Blocos Sanitários,https://www.continente.pt/dw/image/v2/BDVS_PRD/on/demandware.static/-/Sites-col-master-catalog/default/dw128bf25e/images/col/796/7960336-frente.jpg?sw=280&sh=280,emb. 2 un,https://www.continente.pt/produto/discos-sanitarios-ativos-recargas-agua-azul-pato-7960336.html,limpeza,2025-04-21,Continente
Ambientador Recarga Elétrico Delícias de Verão Duo,5488898,5.49,"€2,75/un",Air Wick,Limpeza/Velas e Ambientadores/Ambientadores Elétricos,https://www.continente.pt/dw/image/v2/BDVS_PRD/on/demandware.static/-/Sites-col-master-catalog/default/dw78b97d25/images/col/548/5488898-frente.jpg?sw=280&sh=280,emb. 2 un,https://www.continente.pt/produto/ambientador-recarga-eletrico-delicias-de-verao-duo-air-wick-5488898.html,limpeza,2025-04-21,Continente
Detergente Máquina Loiça Pastilhas Ultimate Plus,8224982,8.99,"€0,31/un",Finish,Limpeza/Cozinha/Detergente Máquina Loiça,https://www.continente.pt/dw/image/v2/BDVS_PRD/on/demandware.static/-/Sites-col-master-catalog/default/dwdfc743d3/images/col/822/8224982-frente.png?sw=280&sh=280,29 doses,https://www.continente.pt/produto/detergente-maquina-loica-pastilhas-ultimate-plus-finish-8224982.html,limpeza,2025-04-21,Continente
Toalhitas de Limpeza Madeira,7135344,2.99,"€0,04/un",Green Shield,Limpeza/Limpeza Geral/Madeiras,https://www.continente.pt/dw/image/v2/BDVS_PRD/on/demandware.static/-/Sites-col-master-catalog/default/dwbe127fc5/images/col/713/7135344-frente.jpg?sw=280&sh=280,emb. 70 un,https://www.continente.pt/produto/toalhitas-de-limpeza-madeira-green-shield-7135344.html,limpeza,2025-04-21,Continente
Limpa Móveis Líquido Extra Care Óleo de Cedro,3880998,2.69,"€10,76/lt",Pronto,Limpeza/Limpeza Geral/Madeiras,https://www.continente.pt/dw/image/v2/BDVS_PRD/on/demandware.static/-/Sites-col-master-catalog/default/dw552e5f55/images/col/388/3880998-frente.jpg?sw=280&sh=280,emb. 250 ml,https://www.continente.pt/produto/limpa-moveis-liquido-extra-care-oleo-de-cedro-pronto-3880998.html,limpeza,2025-04-21,Continente
Detergente Máquina Roupa Cápsulas Ultimate Sensitive,7843649,10.99,"€0,27/dos",Skip,Limpeza/Roupa/Detergente Máquina,https://www.continente.pt/dw/image/v2/BDVS_PRD/on/demandware.static/-/Sites-col-master-catalog/default/dw77ed094d/images/col/784/7843649-direito.jpg?sw=280&sh=280,40 doses,https://www.continente.pt/produto/detergente-maquina-roupa-capsulas-ultimate-sensitive-skip-7843649.html,limpeza,2025-04-21,Continente
Lixívia Densa Squeeze Original,7536626,2.24,"€2,24/lt",Neoblanc,Limpeza/Limpeza Geral/Lixívias,https://www.continente.pt/dw/image/v2/BDVS_PRD/on/demandware.static/-/Sites-col-master-catalog/default/dw8d26f0d1/images/col/753/7536626-frente.jpg?sw=280&sh=280,emb. 1 lt,https://www.continente.pt/produto/lixivia-densa-squeeze-original-neoblanc-7536626.html,limpeza,2025-04-21,Continente
Detergente Manual Loiça Limão,7646162,2.79,"€3,72/lt",Frosch,Bio e Saudável/Escolhas + Sustentáveis/Limpeza/Detergentes para Loiça,https://www.continente.pt/dw/image/v2/BDVS_PRD/on/demandware.static/-/Sites-col-master-catalog/default/dw873bc01d/images/col/764/7646162-frente.jpg?sw=280&sh=280,emb. 750 ml,https://www.continente.pt/produto/detergente-manual-loica-limao-frosch-7646162.html,limpeza,2025-04-21,Continente
Ambientador Vela Óleos Essenciais Maçã,5411276,4.89,"€2,44/un",Air Wick,Limpeza/Velas e Ambientadores/Velas,https://www.continente.pt/dw/image/v2/BDVS_PRD/on/demandware.static/-/Sites-col-master-catalog/default/dwd7b4a845/images/col/541/5411276-esquerdo.jpg?sw=280&sh=280,emb. 2 un,https://www.continente.pt/produto/ambientador-vela-oleos-essenciais-maca-air-wick-5411276.html,limpeza,2025-04-21,Continente
Recarga Mopa Madeira,6445536,3.59,"€0,20/un",Swiffer,"Limpeza/Mopas, Esfregonas e Vassouras/Mopas e Espanadores",https://www.continente.pt/dw/image/v2/BDVS_PRD/on/demandware.static/-/Sites-col-master-catalog/default/dw8c629b42/images/col/644/6445536-hero.png?sw=280&sh=280,18 un,https://www.continente.pt/produto/recarga-mopa-madeira-swiffer-6445536.html,limpeza,2025-04-21,Continente
Sacos Lixo Eco+ 50 lt,7439842,2.44,"€0,20/un",Vileda,Limpeza/Sacos e Baldes do Lixo/Sacos do Lixo,https://www.continente.pt/dw/image/v2/BDVS_PRD/on/demandware.static/-/Sites-col-master-catalog/default/dw890c5946/images/col/743/7439842-frente.jpg?sw=280&sh=280,emb. 12 un,https://www.continente.pt/produto/sacos-lixo-eco-50-lt-vileda-7439842.html,limpeza,2025-04-21,Continente
Detergente Máquina Roupa Cápsulas 4 em 1 Pro Nature,7849720,11.99,"€0,21/dos",A+,Limpeza/Roupa/Detergente Máquina,https://www.continente.pt/dw/image/v2/BDVS_PRD/on/demandware.static/-/Sites-col-master-catalog/default/dw29920dd1/images/col/784/7849720-frente.jpg?sw=280&sh=280,56 doses,https://www.continente.pt/produto/detergente-maquina-roupa-capsulas-4-em-1-pro-nature-a-7849720.html,limpeza,2025-04-21,Continente
Ambientador Spray Berry Splash,7744770,1.79,"€5,97/lt",Glade,Limpeza/Velas e Ambientadores/Sprays,https://www.continente.pt/dw/image/v2/BDVS_PRD/on/demandware.static/-/Sites-col-master-catalog/default/dwce3a91ee/images/col/774/7744770-frente.jpg?sw=280&sh=280,emb. 300 ml,https://www.continente.pt/produto/ambientador-spray-berry-splash-glade-7744770.html,limpeza,2025-04-21,Continente
Ambientador Recarga Sense&Spray Sandalwood,7722813,5.19,"€2,60/un",Glade,Limpeza/Velas e Ambientadores/Ambientadores Automáticos,https://www.continente.pt/dw/image/v2/BDVS_PRD/on/demandware.static/-/Sites-col-master-catalog/default/dw24a34a18/images/col/772/7722813-frente.jpg?sw=280&sh=280,emb. 2 x 18 ml,https://www.continente.pt/produto/ambientador-recarga-sense-spray-sandalwood-glade-7722813.html,limpeza,2025-04-21,Continente
Detergente Máquina Roupa Líquido Baby,6874622,8.99,"€0,16/dos",A+,Limpeza/Roupa/Detergente Máquina,https://www.continente.pt/dw/image/v2/BDVS_PRD/on/demandware.static/-/Sites-col-master-catalog/default/dw202a5d5c/images/col/687/6874622-frente.jpg?sw=280&sh=280,56 doses,https://www.continente.pt/produto/detergente-maquina-roupa-liquido-baby-a-6874622.html,limpeza,2025-04-21,Continente
Tira Nódoas Spray Gentil,6968171,2.09,"€2,99/lt",Neoblanc,Limpeza/Roupa/Aditivos e Auxiliares,https://www.continente.pt/dw/image/v2/BDVS_PRD/on/demandware.static/-/Sites-col-master-catalog/default/dwa048ddaa/images/col/696/6968171-frente.jpg?sw=280&sh=280,emb. 700 ml,https://www.continente.pt/produto/tira-nodoas-spray-gentil-neoblanc-6968171.html,limpeza,2025-04-21,Continente
Detergente Máquina Roupa Pó Tropical,7797183,8.99,"€0,14/dos",Surf,Limpeza/Roupa/Detergente Máquina,https://www.continente.pt/dw/image/v2/BDVS_PRD/on/demandware.static/-/Sites-col-master-catalog/default/dw5879278d/images/col/779/7797183-direito.jpg?sw=280&sh=280,66 doses,https://www.continente.pt/produto/detergente-maquina-roupa-po-tropical-surf-7797183.html,limpeza,2025-04-21,Continente
Desentupidor Gel Cabelos,8211259,5.99,"€5,99/lt",Destop,Limpeza/Casa de Banho/Desentupidores,https://www.continente.pt/dw/image/v2/BDVS_PRD/on/demandware.static/-/Sites-col-master-catalog/default/dw73621462/images/col/821/8211259-frente.jpg?sw=280&sh=280,emb. 1 lt,https://www.continente.pt/produto/desentupidor-gel-cabelos-destop-8211259.html,limpeza,2025-04-21,Continente
Creme com Esponja Autobrilhante Castanho,6738714,0.95,"€12,67/lt",Continente,Limpeza/Roupa/Limpeza do Calçado/Autobrilhantador,https://www.continente.pt/dw/image/v2/BDVS_PRD/on/demandware.static/-/Sites-col-master-catalog/default/dw43348dca/images/col/673/6738714-frente.jpg?sw=280&sh=280,emb. 75 ml,https://www.continente.pt/produto/creme-com-esponja-autobrilhante-castanho-continente-6738714.html,limpeza,2025-04-21,Continente
Recargas Esfregona Microfibra Amarela Suave,4305521,5.49,"€5,49/un",Vileda,"Casa, Bricolage e Jardim/Lavandaria, Arrumação e Banho/Utensílios de Limpeza",https://www.continente.pt/dw/image/v2/BDVS_PRD/on/demandware.static/-/Sites-col-master-catalog/default/dw314fc3e1/images/col/430/4305521-frente.jpg?sw=280&sh=280,2 un,https://www.continente.pt/produto/recargas-esfregona-microfibra-amarela-suave-vileda-4305521.html,limpeza,2025-04-21,Continente
Ambientador Recarga Elétrico Delícias de Verão,5498821,3.59,"€3,59/un",Air Wick,Limpeza/Velas e Ambientadores/Ambientadores Elétricos,https://www.continente.pt/dw/image/v2/BDVS_PRD/on/demandware.static/-/Sites-col-master-catalog/default/dw7662797a/images/col/549/5498821-frente.jpg?sw=280&sh=280,emb. 1 un,https://www.continente.pt/produto/ambientador-recarga-eletrico-delicias-de-verao-air-wick-5498821.html,limpeza,2025-04-21,Continente
Sacos Lixo Anti-Bactérias 50 lt,7256246,2.36,"€0,24/un",Silvex,Limpeza/Sacos e Baldes do Lixo/Sacos do Lixo,https://www.continente.pt/dw/image/v2/BDVS_PRD/on/demandware.static/-/Sites-col-master-catalog/default/dw530011b4/images/col/725/7256246-frente.jpg?sw=280&sh=280,emb. 10 un,https://www.continente.pt/produto/sacos-lixo-anti-bacterias-50-lt-silvex-7256246.html,limpeza,2025-04-21,Continente
Amaciador Roupa Concentrado Doçura de Violeta,8165817,2.49,"€0,04/dos",A+,Limpeza/Roupa/Amaciador e Intensificador Perfume,https://www.continente.pt/dw/image/v2/BDVS_PRD/on/demandware.static/-/Sites-col-master-catalog/default/dwe0e95499/images/col/816/8165817-frente.png?sw=280&sh=280,62 doses,https://www.continente.pt/produto/amaciador-roupa-concentrado-docura-de-violeta-a-8165817.html,limpeza,2025-04-21,Continente
Detergente Máquina Roupa Líquido Extra Eficácia,7808328,9.99,"€0,12/dos",Surf,Limpeza/Roupa/Detergente Máquina,https://www.continente.pt/dw/image/v2/BDVS_PRD/on/demandware.static/-/Sites-col-master-catalog/default/dwa4069378/images/col/780/7808328-frente.jpg?sw=280&sh=280,84 doses,https://www.continente.pt/produto/detergente-maquina-roupa-liquido-extra-eficacia-surf-7808328.html,limpeza,2025-04-21,Continente
Ambientador Recarga Elétrico Linen,6939029,3.49,"€3,49/un",Glade,Limpeza/Velas e Ambientadores/Ambientadores Elétricos,https://www.continente.pt/dw/image/v2/BDVS_PRD/on/demandware.static/-/Sites-col-master-catalog/default/dwbe91e64c/images/col/693/6939029-frente.jpg?sw=280&sh=280,emb. 20 ml,https://www.continente.pt/produto/ambientador-recarga-eletrico-linen-glade-6939029.html,limpeza,2025-04-21,Continente
Guardanapos 2 Folhas Elegance,6869200,2.39,"€0,03/un",Continente,Limpeza/Guardanapos e Rolos/Guardanapos,https://www.continente.pt/dw/image/v2/BDVS_PRD/on/demandware.static/-/Sites-col-master-catalog/default/dw0736e91f/images/col/686/6869200-frente.jpg?sw=280&sh=280,emb. 90 un,https://www.continente.pt/produto/guardanapos-2-folhas-elegance-continente-6869200.html,limpeza,2025-04-21,Continente
Intensificador Perfume Pérolas Frescura Algodão,8399067,5.99,"€30,72/kg",Lenor,Limpeza/Roupa/Amaciador e Intensificador Perfume,https://www.continente.pt/dw/image/v2/BDVS_PRD/on/demandware.static/-/Sites-col-master-catalog/default/dwced1a583/images/col/839/8399067-hero.png?sw=280&sh=280,16 doses (195 gr),https://www.continente.pt/produto/intensificador-perfume-perolas-frescura-algodao-lenor-8399067.html,limpeza,2025-04-21,Continente
Detergente Máquina Roupa Líquido + Vanish,8172727,9.99,"€0,12/dos",Xau,Limpeza/Roupa/Detergente Máquina,https://www.continente.pt/dw/image/v2/BDVS_PRD/on/demandware.static/-/Sites-col-master-catalog/default/dw8ba51f1f/images/col/817/8172727-hero.jpg?sw=280&sh=280,80 doses,https://www.continente.pt/produto/detergente-maquina-roupa-liquido-vanish-xau-8172727.html,limpeza,2025-04-21,Continente
Amaciador Roupa Concentrado Explosão de Rosas,8165826,2.49,"€0,04/dos",A+,Limpeza/Roupa/Amaciador e Intensificador Perfume,https://www.continente.pt/dw/image/v2/BDVS_PRD/on/demandware.static/-/Sites-col-master-catalog/default/dwfbf8fddb/images/col/816/8165826-frente.png?sw=280&sh=280,62 doses,https://www.continente.pt/produto/amaciador-roupa-concentrado-explosao-de-rosas-a-8165826.html,limpeza,2025-04-21,Continente
Detergente Máquina Roupa Líquido Delicadas,7371476,2.99,"€0,05/un",Continente,Limpeza/Roupa/Detergente Máquina,https://www.continente.pt/dw/image/v2/BDVS_PRD/on/demandware.static/-/Sites-col-master-catalog/default/dwda7729db/images/col/737/7371476-frente.jpg?sw=280&sh=280,66 doses,https://www.continente.pt/produto/detergente-maquina-roupa-liquido-delicadas-continente-7371476.html,limpeza,2025-04-21,Continente
Ambientador Recarga Portátil Touch&Fresh Berry Splash,7722810,2.39,"€2,39/un",Glade,Limpeza/Velas e Ambientadores/Sprays,https://www.continente.pt/dw/image/v2/BDVS_PRD/on/demandware.static/-/Sites-col-master-catalog/default/dw102f338c/images/col/772/7722810-frente.jpg?sw=280&sh=280,emb. 10 ml,https://www.continente.pt/produto/ambientador-recarga-portatil-touch-fresh-berry-splash-glade-7722810.html,limpeza,2025-04-21,Continente
Detergente Manual Loiça Clean & Care Rosa e Cetim,5609368,2.29,"€4,58/lt",Fairy,Limpeza/Cozinha/Detergente Manual Loiça,https://www.continente.pt/dw/image/v2/BDVS_PRD/on/demandware.static/-/Sites-col-master-catalog/default/dwff77be32/col/560/5609368.jpg?sw=280&sh=280,emb. 500 ml,https://www.continente.pt/produto/detergente-manual-loica-clean-care-rosa-e-cetim-fairy-5609368.html,limpeza,2025-04-21,Continente
Limpa Máquinas Roupa Tudo em 1,5956137,6.99,"€13,98/lt",Xau,Limpeza/Roupa/Tratamento Máquina Roupa,https://www.continente.pt/dw/image/v2/BDVS_PRD/on/demandware.static/-/Sites-col-master-catalog/default/dw9ace43a5/images/col/595/5956137-frente-1.jpg?sw=280&sh=280,emb. 2 x 250 ml,https://www.continente.pt/produto/limpa-maquinas-roupa-tudo-em-1-xau-5956137.html,limpeza,2025-04-21,Continente
Detergente Máquina Roupa Líquido Pureza Azul,8165820,9.99,"€0,10/dos",A+,Limpeza/Roupa/Detergente Máquina,https://www.continente.pt/dw/image/v2/BDVS_PRD/on/demandware.static/-/Sites-col-master-catalog/default/dw556116dc/images/col/816/8165820-frente.png?sw=280&sh=280,70 doses,https://www.continente.pt/produto/detergente-maquina-roupa-liquido-pureza-azul-a-8165820.html,limpeza,2025-04-21,Continente
Detergente Máquina Roupa Pó Active Clean,7784906,14.99,"€0,20/dos",Skip,Limpeza/Roupa/Detergente Máquina,https://www.continente.pt/dw/image/v2/BDVS_PRD/on/demandware.static/-/Sites-col-master-catalog/default/dw8abc3ca1/images/col/778/7784906-direito.jpg?sw=280&sh=280,76 doses,https://www.continente.pt/produto/detergente-maquina-roupa-po-active-clean-skip-7784906.html,limpeza,2025-04-21,Continente
Detergente Manual Lava Biberões e Tetinas,7696269,3.99,"€7,98/lt",Continente do Bebé,Limpeza/Cozinha/Detergente Manual Loiça,https://www.continente.pt/dw/image/v2/BDVS_PRD/on/demandware.static/-/Sites-col-master-catalog/default/dwcc25886e/images/col/769/7696269-frente.jpg?sw=280&sh=280,emb. 500 ml,https://www.continente.pt/produto/detergente-manual-lava-biberoes-e-tetinas-continente-do-bebe-7696269.html,limpeza,2025-04-21,Continente
Detergente Manual Loiça Ultra Poder Laranja,7389280,4.99,"€4,92/lt",Fairy,Limpeza/Cozinha/Detergente Manual Loiça,https://www.continente.pt/dw/image/v2/BDVS_PRD/on/demandware.static/-/Sites-col-master-catalog/default/dwda39b82c/images/col/738/7389280-frente.jpg?sw=280&sh=280,"emb. 1,015 lt",https://www.continente.pt/produto/detergente-manual-loica-ultra-poder-laranja-fairy-7389280.html,limpeza,2025-04-21,Continente
Ambientador Stick Frescura de Roupa Limpa,8072773,5.99,"€5,99/un",Air Wick,Limpeza/Velas e Ambientadores/Sticks Perfumados,https://www.continente.pt/dw/image/v2/BDVS_PRD/on/demandware.static/-/Sites-col-master-catalog/default/dw61d0c690/images/col/807/8072773-frente.png?sw=280&sh=280,emb. 1 un,https://www.continente.pt/produto/ambientador-stick-frescura-de-roupa-limpa-air-wick-8072773.html,limpeza,2025-04-21,Continente
Recarga Mopa Húmida,8363955,2.99,"€0,30/un",Swiffer,"Limpeza/Mopas, Esfregonas e Vassouras/Mopas e Espanadores",https://www.continente.pt/dw/image/v2/BDVS_PRD/on/demandware.static/-/Sites-col-master-catalog/default/dw48528141/images/col/836/8363955-frente.jpg?sw=280&sh=280,emb. 10 un,https://www.continente.pt/produto/recarga-mopa-humida-swiffer-8363955.html,limpeza,2025-04-21,Continente
Spray Vitrocerâmica Power+,8241594,2.09,"€4,18/lt",Continente,"Limpeza/Cozinha/Limpeza Fogão, Forno e Frigorífico",https://www.continente.pt/dw/image/v2/BDVS_PRD/on/demandware.static/-/Sites-col-master-catalog/default/dwe518c052/images/col/824/8241594-frente.jpg?sw=280&sh=280,emb. 500 ml,https://www.continente.pt/produto/spray-vitroceramica-power-continente-8241594.html,limpeza,2025-04-21,Continente
Inseticida Spray Moscas e Mosquitos,6194678,2.19,"€4,38/lt",Continente,Limpeza/Inseticidas/Inseticidas Spray,https://www.continente.pt/dw/image/v2/BDVS_PRD/on/demandware.static/-/Sites-col-master-catalog/default/dw5a854432/images/col/619/6194678-frente.png?sw=280&sh=280,emb. 500 ml,https://www.continente.pt/produto/inseticida-spray-moscas-e-mosquitos-continente-6194678.html,limpeza,2025-04-21,Continente
Spray Desengordurante Desinfetante,5736074,3.79,"€6,95/lt",Mistolin,Limpeza/Cozinha/Multisuperfícies,https://www.continente.pt/dw/image/v2/BDVS_PRD/on/demandware.static/-/Sites-col-master-catalog/default/dw9ad80e94/images/col/573/5736074-frente.jpg?sw=280&sh=280,emb. 545 ml,https://www.continente.pt/produto/spray-desengordurante-desinfetante-mistolin-5736074.html,limpeza,2025-04-21,Continente
Creme com Esponja Autobrilhante Incolor,6738732,1.19,"€29,75/lt",Continente,Limpeza/Roupa/Limpeza do Calçado/Autobrilhantador,https://www.continente.pt/dw/image/v2/BDVS_PRD/on/demandware.static/-/Sites-col-master-catalog/default/dwc52ae10b/images/col/673/6738732-frente.jpg?sw=280&sh=280,emb. 40 ml,https://www.continente.pt/produto/creme-com-esponja-autobrilhante-incolor-continente-6738732.html,limpeza,2025-04-21,Continente
Creme com Esponja Autobrilhante Preto,6804303,0.95,"€12,67/lt",Continente,Limpeza/Roupa/Limpeza do Calçado/Autobrilhantador,https://www.continente.pt/dw/image/v2/BDVS_PRD/on/demandware.static/-/Sites-col-master-catalog/default/dw6a18dd66/images/col/680/6804303-frente.jpg?sw=280&sh=280,emb. 75 ml,https://www.continente.pt/produto/creme-com-esponja-autobrilhante-preto-continente-6804303.html,limpeza,2025-04-21,Continente
Ambientador Recarga Elétrico Lavanda e Aloe Vera,7207341,5.19,"€2,60/un",Glade,Limpeza/Velas e Ambientadores/Ambientadores Elétricos,https://www.continente.pt/dw/image/v2/BDVS_PRD/on/demandware.static/-/Sites-col-master-catalog/default/dwb93cd26f/images/col/720/7207341-frente.jpg?sw=280&sh=280,emb. 2 x 20 ml,https://www.continente.pt/produto/ambientador-recarga-eletrico-lavanda-e-aloe-vera-glade-7207341.html,limpeza,2025-04-21,Continente
Recarga Ambientador Elétrico Duo Satin & Moon Lily,8172142,5.49,"€5,49/un",Air Wick,Limpeza/Velas e Ambientadores/Ambientadores Elétricos,https://www.continente.pt/dw/image/v2/BDVS_PRD/on/demandware.static/-/Sites-col-master-catalog/default/dw3fc78ee0/images/col/817/8172142-frente.png?sw=280&sh=280,emb. 1 un,https://www.continente.pt/produto/recarga-ambientador-eletrico-duo-satin-moon-lily-air-wick-8172142.html,limpeza,2025-04-21,Continente
Detergente Máquina Roupa Líquido Power+ Lavanda,7719869,4.79,"€0,12/dos",Continente,Limpeza/Roupa/Detergente Máquina,https://www.continente.pt/dw/image/v2/BDVS_PRD/on/demandware.static/-/Sites-col-master-catalog/default/dwd9473de6/images/col/771/7719869-frente.jpg?sw=280&sh=280,40 doses,https://www.continente.pt/produto/detergente-maquina-roupa-liquido-power-lavanda-continente-7719869.html,limpeza,2025-04-21,Continente
Detergente Manual Lava Biberões e Tetinas,7645776,2.99,"€5,98/lt",Frosch,Limpeza/Cozinha/Detergente Manual Loiça,https://www.continente.pt/dw/image/v2/BDVS_PRD/on/demandware.static/-/Sites-col-master-catalog/default/dwed0a89f8/images/col/764/7645776-frente.jpg?sw=280&sh=280,emb. 500 ml,https://www.continente.pt/produto/detergente-manual-lava-biberoes-e-tetinas-frosch-7645776.html,limpeza,2025-04-21,Continente
Ambientador Stick Perfumado Flor de Cerejeira,7523815,16.01,"€5,34/un",Air Wick,Limpeza/Velas e Ambientadores/Sticks Perfumados,https://www.continente.pt/dw/image/v2/BDVS_PRD/on/demandware.static/-/Sites-col-master-catalog/default/dw0212fb08/images/col/752/7523815-hero.jpg?sw=280&sh=280,emb. 3 x 1 un,https://www.continente.pt/produto/ambientador-stick-perfumado-flor-de-cerejeira-air-wick-7523815.html,limpeza,2025-04-21,Continente
Inseticida Spray Casa e Plantas,5499274,4.79,"€11,97/lt",Raid,Limpeza/Inseticidas/Inseticidas Spray,https://www.continente.pt/dw/image/v2/BDVS_PRD/on/demandware.static/-/Sites-col-master-catalog/default/dw03a6531e/images/col/549/5499274-frente.jpg?sw=280&sh=280,emb. 400 ml,https://www.continente.pt/produto/inseticida-spray-casa-e-plantas-raid-5499274.html,limpeza,2025-04-21,Continente
Lava Tudo Desinfetante,7200246,2.15,"€1,43/lt",Continente,Limpeza/Limpeza Geral/Lava Tudo,https://www.continente.pt/dw/image/v2/BDVS_PRD/on/demandware.static/-/Sites-col-master-catalog/default/dw3f006f0f/images/col/720/7200246-hero.jpg?sw=280&sh=280,"emb. 1,5 lt",https://www.continente.pt/produto/lava-tudo-desinfetante-continente-7200246.html,limpeza,2025-04-21,Continente
Ambientador Recarga Spray Ocean Adventure,6889245,6.99,"€6,99/un",Glade,Limpeza/Velas e Ambientadores/Ambientadores Automáticos,https://www.continente.pt/dw/image/v2/BDVS_PRD/on/demandware.static/-/Sites-col-master-catalog/default/dwa03905d6/images/col/688/6889245-frente.jpg?sw=280&sh=280,emb. 269 ml,https://www.continente.pt/produto/ambientador-recarga-spray-ocean-adventure-glade-6889245.html,limpeza,2025-04-21,Continente
Ambientador Stick Perfumado LifeScents Delícias de Verão,7523814,16.01,"€5,34/un",Air Wick,Limpeza/Velas e Ambientadores/Sticks Perfumados,https://www.continente.pt/dw/image/v2/BDVS_PRD/on/demandware.static/-/Sites-col-master-catalog/default/dwdafcd8be/images/col/752/7523814-hero.jpg?sw=280&sh=280,emb. 3 x 30 ml,https://www.continente.pt/produto/ambientador-stick-perfumado-lifescents-delicias-de-verao-air-wick-7523814.html,limpeza,2025-04-21,Continente
Ambientador WC Marinho com Recarga,7251259,2.99,"€1,50/un",Continente,Limpeza/Velas e Ambientadores/Absorve Odores,https://www.continente.pt/dw/image/v2/BDVS_PRD/on/demandware.static/-/Sites-col-master-catalog/default/dwbf1ec6b6/images/col/725/7251259-frente.jpg?sw=280&sh=280,emb. 2 un,https://www.continente.pt/produto/ambientador-wc-marinho-com-recarga-continente-7251259.html,limpeza,2025-04-21,Continente
Esfregão Classic Verde com 3 Camadas,6343964,2.91,"€1,46/un",Scotch-Brite,"Limpeza/Panos, Esfregões e Luvas/Esfregões",https://www.continente.pt/dw/image/v2/BDVS_PRD/on/demandware.static/-/Sites-col-master-catalog/default/dwc40c58d3/images/col/634/6343964-frente.jpg?sw=280&sh=280,emb. 2 un,https://www.continente.pt/produto/esfregao-classic-verde-com-3-camadas-scotch-brite-6343964.html,limpeza,2025-04-21,Continente
Detergente Máquina Roupa Cápsulas Floral,8190450,5.99,"€0,20/doz",Gama,Limpeza/Roupa/Detergente Máquina,https://www.continente.pt/dw/image/v2/BDVS_PRD/on/demandware.static/-/Sites-col-master-catalog/default/dw3c580f04/images/col/819/8190450-frente.png?sw=280&sh=280,30 doses,https://www.continente.pt/produto/detergente-maquina-roupa-capsulas-floral-gama-8190450.html,limpeza,2025-04-21,Continente
Detergente Máquina Roupa Pó Orquídeas Douradas,7083122,6.99,"€0,17/dos",Continente,Limpeza/Roupa/Detergente Máquina,https://www.continente.pt/dw/image/v2/BDVS_PRD/on/demandware.static/-/Sites-col-master-catalog/default/dwadb48380/images/col/708/7083122-hero.jpg?sw=280&sh=280,40 doses,https://www.continente.pt/produto/detergente-maquina-roupa-po-orquideas-douradas-continente-7083122.html,limpeza,2025-04-21,Continente
Multisuperfícies Spray,7622158,1.99,"€2,65/lt",Continente Eco,Limpeza/Limpeza Geral/Multisuperfícies,https://www.continente.pt/dw/image/v2/BDVS_PRD/on/demandware.static/-/Sites-col-master-catalog/default/dw23020b58/images/col/762/7622158-frente.jpg?sw=280&sh=280,emb. 750 ml,https://www.continente.pt/produto/multisuperficies-spray-continente-eco-7622158.html,limpeza,2025-04-21,Continente
Multiusos Anti-Calcário e Sujidade Spray,7850878,4.79,"€4,79/lt",Cillit Bang,Limpeza/Casa de Banho/Multisuperfícies,https://www.continente.pt/dw/image/v2/BDVS_PRD/on/demandware.static/-/Sites-col-master-catalog/default/dw97d2d103/images/col/785/7850878-frente.png?sw=280&sh=280,emb. 1 lt,https://www.continente.pt/produto/multiusos-anti-calcario-e-sujidade-spray-cillit-bang-7850878.html,limpeza,2025-04-21,Continente
Detergente Máquina Roupa Cápsulas Advanced,8033284,9.99,"€0,21/dos",Xau,Limpeza/Roupa/Detergente Máquina,https://www.continente.pt/dw/image/v2/BDVS_PRD/on/demandware.static/-/Sites-col-master-catalog/default/dw56e1c3a1/images/col/803/8033284-frente.png?sw=280&sh=280,48 doses,https://www.continente.pt/produto/detergente-maquina-roupa-capsulas-advanced-xau-8033284.html,limpeza,2025-04-21,Continente
Detergente Máquina Loiça Pastilhas Original Tudo em 1,7995800,5.99,"€0,29/dos",Fairy,Limpeza/Cozinha/Detergente Máquina Loiça,https://www.continente.pt/dw/image/v2/BDVS_PRD/on/demandware.static/-/Sites-col-master-catalog/default/dwfd203605/images/col/799/7995800-frente.png?sw=280&sh=280,21 doses,https://www.continente.pt/produto/detergente-maquina-loica-pastilhas-original-tudo-em-1-fairy-7995800.html,limpeza,2025-04-21,Continente
Pano Microfibras Colors,6513240,3.49,"€0,87/un",Vileda,"Limpeza/Panos, Esfregões e Luvas/Panos",https://www.continente.pt/dw/image/v2/BDVS_PRD/on/demandware.static/-/Sites-col-master-catalog/default/dw0e1d8d08/images/col/651/6513240-frente.jpg?sw=280&sh=280,4 un,https://www.continente.pt/produto/pano-microfibras-colors-vileda-6513240.html,limpeza,2025-04-21,Continente
Amaciador Roupa Doçura de Violeta,8165856,3.49,"€0,03/dos",A+,Limpeza/Roupa/Amaciador e Intensificador Perfume,https://www.continente.pt/dw/image/v2/BDVS_PRD/on/demandware.static/-/Sites-col-master-catalog/default/dw2f53a52d/images/col/816/8165856-frente.jpg?sw=280&sh=280,100 doses,https://www.continente.pt/produto/amaciador-roupa-docura-de-violeta-a-8165856.html,limpeza,2025-04-21,Continente
Detergente Máquina Roupa Cápsulas Floral,8190860,9.99,"€0,25/dos",Persil,Limpeza/Roupa/Detergente Máquina,https://www.continente.pt/dw/image/v2/BDVS_PRD/on/demandware.static/-/Sites-col-master-catalog/default/dw50015b86/images/col/819/8190860-frente.png?sw=280&sh=280,40 doses,https://www.continente.pt/produto/detergente-maquina-roupa-capsulas-floral-persil-8190860.html,limpeza,2025-04-21,Continente
Limpa Móveis Spray Lavanda,7734497,3.59,"€14,36/lt",Pronto,Limpeza/Limpeza Geral/Madeiras,https://www.continente.pt/dw/image/v2/BDVS_PRD/on/demandware.static/-/Sites-col-master-catalog/default/dwac0fa110/images/col/773/7734497-frente.jpg?sw=280&sh=280,emb. 250 ml,https://www.continente.pt/produto/limpa-moveis-spray-lavanda-pronto-7734497.html,limpeza,2025-04-21,Continente
Ambientador Recarga Eléctrico 3volution Tatâmi do Japão,5157012,5.82,"€2,91/un",Ambipur,Limpeza/Velas e Ambientadores/Ambientadores Elétricos,https://www.continente.pt/dw/image/v2/BDVS_PRD/on/demandware.static/-/Sites-col-master-catalog/default/dw546345f3/images/col/515/5157012-frente.jpg?sw=280&sh=280,"emb. 2 x 21,5 ml",https://www.continente.pt/produto/ambientador-recarga-electrico-3volution-tatami-do-japao-ambipur-5157012.html,limpeza,2025-04-21,Continente
Ambientador Absorve Odores Relax Zen,4329340,3.29,"€1,65/un",Glade,Limpeza/Velas e Ambientadores/Absorve Odores,https://www.continente.pt/dw/image/v2/BDVS_PRD/on/demandware.static/-/Sites-col-master-catalog/default/dwe9ccc0fa/images/col/432/4329340-frente.jpg?sw=280&sh=280,emb. 2 un,https://www.continente.pt/produto/ambientador-absorve-odores-relax-zen-glade-4329340.html,limpeza,2025-04-21,Continente
Recarga Esfregona Tiras Estampadas Brancas e Azuis,7612804,1.5,"€1,50/un",Kasa,"Casa, Bricolage e Jardim/Lavandaria, Arrumação e Banho/Utensílios de Limpeza",https://www.continente.pt/dw/image/v2/BDVS_PRD/on/demandware.static/-/Sites-col-master-catalog/default/dw360cd1d9/images/col/761/7612804-esquerdo.jpg?sw=280&sh=280,1 un,https://www.continente.pt/produto/recarga-esfregona-tiras-estampadas-brancas-e-azuis-kasa-7612804.html,limpeza,2025-04-21,Continente
Detergente Máquina Roupa Líquido Sabão Natural,8165819,9.99,"€0,10/dos",A+,Limpeza/Roupa/Detergente Máquina,https://www.continente.pt/dw/image/v2/BDVS_PRD/on/demandware.static/-/Sites-col-master-catalog/default/dwd9058314/images/col/816/8165819-frente.png?sw=280&sh=280,100 doses,https://www.continente.pt/produto/detergente-maquina-roupa-liquido-sabao-natural-a-8165819.html,limpeza,2025-04-21,Continente
Ambientador Recarga Touch&Fresh Relax Zen,4853208,2.39,"€2,39/un",Glade,Limpeza/Velas e Ambientadores/Sprays,https://www.continente.pt/dw/image/v2/BDVS_PRD/on/demandware.static/-/Sites-col-master-catalog/default/dw9a17f639/images/col/485/4853208-frente.jpg?sw=280&sh=280,emb. 10 ml,https://www.continente.pt/produto/ambientador-recarga-touch-fresh-relax-zen-glade-4853208.html,limpeza,2025-04-21,Continente
Luvas Domésticas S,2228146,0.91,"€0,91/un",Duplex,"Limpeza/Panos, Esfregões e Luvas/Luvas",https://www.continente.pt/dw/image/v2/BDVS_PRD/on/demandware.static/-/Sites-col-master-catalog/default/dw964a99c5/images/col/222/2228146-frente.jpg?sw=280&sh=280,1 par,https://www.continente.pt/produto/luvas-domesticas-s-duplex-2228146.html,limpeza,2025-04-21,Continente
Ambientador Vela Peónia e Cereja,8122681,3.64,"€3,64/un",Glade,Limpeza/Velas e Ambientadores/Velas,https://www.continente.pt/dw/image/v2/BDVS_PRD/on/demandware.static/-/Sites-col-master-catalog/default/dw2fde3355/images/col/812/8122681-frente.jpg?sw=280&sh=280,emb. 1 un (204 gr),https://www.continente.pt/produto/ambientador-vela-peonia-e-cereja-glade-8122681.html,limpeza,2025-04-21,Continente
Ambientador Vela Óleos Essenciais Frutos Vermelhos,5411384,2.49,"€2,49/un",Air Wick,Limpeza/Velas e Ambientadores/Velas,https://www.continente.pt/dw/image/v2/BDVS_PRD/on/demandware.static/-/Sites-col-master-catalog/default/dw0a11e9f8/images/col/541/5411384-frente.jpg?sw=280&sh=280,emb. 1 un,https://www.continente.pt/produto/ambientador-vela-oleos-essenciais-frutos-vermelhos-air-wick-5411384.html,limpeza,2025-04-21,Continente
Desentupidor Canos Gel Especialista,7351680,5.69,"€5,69/lt",Mistolin,Limpeza/Casa de Banho/Desentupidores,https://www.continente.pt/dw/image/v2/BDVS_PRD/on/demandware.static/-/Sites-col-master-catalog/default/dwe61f3f18/images/col/735/7351680-frente.jpg?sw=280&sh=280,emb. 1 lt,https://www.continente.pt/produto/desentupidor-canos-gel-especialista-mistolin-7351680.html,limpeza,2025-04-21,Continente
Detergente Máquina Roupa Líquido Ciclos Curtos Antiodor Express,8114877,9.99,"€0,18/dos",Skip,Limpeza/Roupa/Detergente Máquina,https://www.continente.pt/dw/image/v2/BDVS_PRD/on/demandware.static/-/Sites-col-master-catalog/default/dw41b4ea03/images/col/811/8114877-frente.png?sw=280&sh=280,54 doses,https://www.continente.pt/produto/detergente-maquina-roupa-liquido-ciclos-curtos-antiodor-express-skip-8114877.html,limpeza,2025-04-21,Continente
Detergente Máquina Roupa Líquido,7371410,4.99,"€0,08/un",Continente do Bebé,Limpeza/Roupa/Detergente Máquina,https://www.continente.pt/dw/image/v2/BDVS_PRD/on/demandware.static/-/Sites-col-master-catalog/default/dw2fecfd13/images/col/737/7371410-frente.png?sw=280&sh=280,66 doses,https://www.continente.pt/produto/detergente-maquina-roupa-liquido-continente-do-bebe-7371410.html,limpeza,2025-04-21,Continente
Limpa Móveis Spray Power+,8239777,1.99,"€2,65/lt",Continente,Limpeza/Limpeza Geral/Madeiras,https://www.continente.pt/dw/image/v2/BDVS_PRD/on/demandware.static/-/Sites-col-master-catalog/default/dw3f615884/images/col/823/8239777-frente.png?sw=280&sh=280,emb. 750 ml,https://www.continente.pt/produto/limpa-moveis-spray-power-continente-8239777.html,limpeza,2025-04-21,Continente
Sacos para Congelar Multi XL 5 lt,6749883,5.49,"€0,55/un",Vileda,Limpeza/Cozinha/Películas e Sacos de Conservação,https://www.continente.pt/dw/image/v2/BDVS_PRD/on/demandware.static/-/Sites-col-master-catalog/default/dw1425cd14/images/col/674/6749883-esquerdo.jpg?sw=280&sh=280,emb. 10 un,https://www.continente.pt/produto/sacos-para-congelar-multi-xl-5-lt-vileda-6749883.html,limpeza,2025-04-21,Continente
Inseticida Antitraças Saquetas Lavanda,8074608,1.49,"€0,06/un",Continente,Limpeza/Inseticidas/Anti-traças,https://www.continente.pt/dw/image/v2/BDVS_PRD/on/demandware.static/-/Sites-col-master-catalog/default/dwd6eb6584/images/col/807/8074608-cima.png?sw=280&sh=280,emb. 24 un,https://www.continente.pt/produto/inseticida-antitracas-saquetas-lavanda-continente-8074608.html,limpeza,2025-04-21,Continente
Bloco Sanitário Blue Active Eucalipto,7520440,11.06,"€1,23/un",Bref Sonasol,Limpeza/Casa de Banho/Blocos Sanitários,https://www.continente.pt/dw/image/v2/BDVS_PRD/on/demandware.static/-/Sites-col-master-catalog/default/dwce805a54/images/col/752/7520440-hero.jpg?sw=280&sh=280,emb. 3 x 3 un,https://www.continente.pt/produto/bloco-sanitario-blue-active-eucalipto-bref-sonasol-7520440.html,limpeza,2025-04-21,Continente
Discos Sanitários Ativos Gel Dispensador + Recargas Marinho,7968192,2.34,"€0,39/dos",Pato,Limpeza/Casa de Banho/Blocos Sanitários,https://www.continente.pt/dw/image/v2/BDVS_PRD/on/demandware.static/-/Sites-col-master-catalog/default/dw54aebb63/images/col/796/7968192-frente.jpg?sw=280&sh=280,6 doses,https://www.continente.pt/produto/discos-sanitarios-ativos-gel-dispensador-recargas-marinho-pato-7968192.html,limpeza,2025-04-21,Continente
Ambientador Vela Aroma Aromatherapy Zen,8111062,4.99,"€4,99/un",Glade,Limpeza/Velas e Ambientadores/Velas,https://www.continente.pt/dw/image/v2/BDVS_PRD/on/demandware.static/-/Sites-col-master-catalog/default/dwd6f6e0e4/images/col/811/8111062-frente.jpg?sw=280&sh=280,emb. 1 un (170 gr),https://www.continente.pt/produto/ambientador-vela-aroma-aromatherapy-zen-glade-8111062.html,limpeza,2025-04-21,Continente
Detergente Máquina Roupa Líquido Fresh,7647143,9.99,"€0,14/dos",A+,Limpeza/Roupa/Detergente Máquina,https://www.continente.pt/dw/image/v2/BDVS_PRD/on/demandware.static/-/Sites-col-master-catalog/default/dwf33a97ef/images/col/764/7647143-frente.jpg?sw=280&sh=280,70 doses,https://www.continente.pt/produto/detergente-maquina-roupa-liquido-fresh-a-7647143.html,limpeza,2025-04-21,Continente
Saquetas Perfumadas,2461145,1.99,"€0,66/un",Comfort,Limpeza/Velas e Ambientadores/Sticks Perfumados,https://www.continente.pt/dw/image/v2/BDVS_PRD/on/demandware.static/-/Sites-col-master-catalog/default/dw514aa906/images/col/246/2461145-frente.jpg?sw=280&sh=280,emb. 3 un,https://www.continente.pt/produto/saquetas-perfumadas-comfort-2461145.html,limpeza,2025-04-21,Continente
Ambientador Vela Óleos Essenciais Anti-Tabaco Laranja,5291031,4.89,"€2,44/un",Air Wick,Limpeza/Velas e Ambientadores/Velas,https://www.continente.pt/dw/image/v2/BDVS_PRD/on/demandware.static/-/Sites-col-master-catalog/default/dwe17f5527/images/col/529/5291031-cima.jpg?sw=280&sh=280,emb. 2 un,https://www.continente.pt/produto/ambientador-vela-oleos-essenciais-anti-tabaco-laranja-air-wick-5291031.html,limpeza,2025-04-21,Continente
Detergentes Roupa Active Clean + Ciclos Curtos,8385524,21.82,"€0,14/dos",Skip,Limpeza/Roupa/Detergente Máquina,https://www.continente.pt/dw/image/v2/BDVS_PRD/on/demandware.static/-/Sites-col-master-catalog/default/dw97cfd79e/images/col/837/8375239-frente.jpg?sw=280&sh=280,100 doses + 54 doses,https://www.continente.pt/produto/detergentes-roupa-active-clean-ciclos-curtos-skip-8385524.html,limpeza,2025-04-21,Continente
Pomada para Calçado Castanha,7078743,1.55,"€31,00/lt",Splendor,Limpeza/Roupa/Limpeza do Calçado/Cremes,https://www.continente.pt/dw/image/v2/BDVS_PRD/on/demandware.static/-/Sites-col-master-catalog/default/dwbb1f4b3b/images/col/707/7078743-frente.png?sw=280&sh=280,emb. 50 ml,https://www.continente.pt/produto/pomada-para-calcado-castanha-splendor-7078743.html,limpeza,2025-04-21,Continente
Lava Tudo Cápsulas,7453043,2.39,"€0,12/un",Continente Eco,Limpeza/Limpeza Geral/Lava Tudo,https://www.continente.pt/dw/image/v2/BDVS_PRD/on/demandware.static/-/Sites-col-master-catalog/default/dw86333600/images/col/745/7453043-frente.jpg?sw=280&sh=280,emb. 20 un,https://www.continente.pt/produto/lava-tudo-capsulas-continente-eco-7453043.html,limpeza,2025-04-21,Continente
Detergente Máquina Roupa Cápsulas Jasmine,8190452,7.99,"€0,19/dos",Gama,Limpeza/Roupa/Detergente Máquina,https://www.continente.pt/dw/image/v2/BDVS_PRD/on/demandware.static/-/Sites-col-master-catalog/default/dwcd1719d0/images/col/819/8190452-frente.png?sw=280&sh=280,42 doses,https://www.continente.pt/produto/detergente-maquina-roupa-capsulas-jasmine-gama-8190452.html,limpeza,2025-04-21,Continente
Abrasivo Sanitário Espuma Power Citrus,7776671,2.49,"€5,53/lt",Domestos,Limpeza/Casa de Banho/Abrasivos Sanitários,https://www.continente.pt/dw/image/v2/BDVS_PRD/on/demandware.static/-/Sites-col-master-catalog/default/dw7f0cb9ab/images/col/777/7776671-frente.jpg?sw=280&sh=280,emb. 450 ml,https://www.continente.pt/produto/abrasivo-sanitario-espuma-power-citrus-domestos-7776671.html,limpeza,2025-04-21,Continente
Ambientador Recarga Elétrico Baunilha e Orquídea,2699309,3.59,"€3,59/un",Air Wick,Limpeza/Velas e Ambientadores/Ambientadores Elétricos,https://www.continente.pt/dw/image/v2/BDVS_PRD/on/demandware.static/-/Sites-col-master-catalog/default/dw45cf6c3c/images/col/269/2699309-frente.jpg?sw=280&sh=280,emb. 1 un,https://www.continente.pt/produto/ambientador-recarga-eletrico-baunilha-e-orquidea-air-wick-2699309.html,limpeza,2025-04-21,Continente
Ambientador Recarga Elétrico White Bouquet,2590159,3.59,"€3,59/un",Air Wick,Limpeza/Velas e Ambientadores/Ambientadores Elétricos,https://www.continente.pt/dw/image/v2/BDVS_PRD/on/demandware.static/-/Sites-col-master-catalog/default/dwf712d930/images/col/259/2590159-frente.jpg?sw=280&sh=280,emb. 1 un,https://www.continente.pt/produto/ambientador-recarga-eletrico-white-bouquet-air-wick-2590159.html,limpeza,2025-04-21,Continente
Ambientador Recarga Elétrico Aromatherapy Calm Mind,7545760,3.99,"€3,99/un",Glade,Limpeza/Velas e Ambientadores/Ambientadores Elétricos,https://www.continente.pt/dw/image/v2/BDVS_PRD/on/demandware.static/-/Sites-col-master-catalog/default/dwf4380eb2/images/col/754/7545760-frente.jpg?sw=280&sh=280,emb. 20 ml,https://www.continente.pt/produto/ambientador-recarga-eletrico-aromatherapy-calm-mind-glade-7545760.html,limpeza,2025-04-21,Continente
Inseticida Recarga Insetos,2220436,4.89,"€13,04/lt",Bio Kill,Limpeza/Inseticidas/Inseticidas Spray,https://www.continente.pt/dw/image/v2/BDVS_PRD/on/demandware.static/-/Sites-col-master-catalog/default/dw475ca6e9/images/col/222/2220436-frente.jpg?sw=280&sh=280,emb. 375 ml,https://www.continente.pt/produto/inseticida-recarga-insetos-bio-kill-2220436.html,limpeza,2025-04-21,Continente
Desengordurante Spray Vitrocerâmica,3711693,5.99,"€13,31/lt",Vitroclen,"Limpeza/Cozinha/Limpeza Fogão, Forno e Frigorífico",https://www.continente.pt/dw/image/v2/BDVS_PRD/on/demandware.static/-/Sites-col-master-catalog/default/dw22fc48e7/images/col/371/3711693-frente.jpg?sw=280&sh=280,emb. 450 ml,https://www.continente.pt/produto/desengordurante-spray-vitroceramica-vitroclen-3711693.html,limpeza,2025-04-21,Continente
Detergente Manual Roupa Pó,2834809,1.78,"€3,49/kg",Gama,Limpeza/Roupa/Detergente Manual,https://www.continente.pt/dw/image/v2/BDVS_PRD/on/demandware.static/-/Sites-col-master-catalog/default/dw0f6432a1/images/col/283/2834809-frente.jpg?sw=280&sh=280,emb. 510 gr,https://www.continente.pt/produto/detergente-manual-roupa-po-gama-2834809.html,limpeza,2025-04-21,Continente
Spray Desengordurante Cozinha,7677632,4.99,"€6,65/lt",Neoblanc,Limpeza/Cozinha/Multisuperfícies,https://www.continente.pt/dw/image/v2/BDVS_PRD/on/demandware.static/-/Sites-col-master-catalog/default/dw3a2eeb0a/images/col/767/7677632-frente.jpg?sw=280&sh=280,emb. 750 ml,https://www.continente.pt/produto/spray-desengordurante-cozinha-neoblanc-7677632.html,limpeza,2025-04-21,Continente
Esponja Mágica,7104654,1.79,"€0,90/un",Scotch-Brite,"Limpeza/Panos, Esfregões e Luvas/Esfregões",https://www.continente.pt/dw/image/v2/BDVS_PRD/on/demandware.static/-/Sites-col-master-catalog/default/dwb1730bcd/images/col/710/7104654-frente.jpg?sw=280&sh=280,emb. 2 un,https://www.continente.pt/produto/esponja-magica-scotch-brite-7104654.html,limpeza,2025-04-21,Continente
Descalcificador Máquina Roupa Pastilhas 4 em 1,2401267,6.99,"€0,47/un",Calgon,Limpeza/Roupa/Tratamento Máquina Roupa,https://www.continente.pt/dw/image/v2/BDVS_PRD/on/demandware.static/-/Sites-col-master-catalog/default/dw1c031953/images/col/240/2401267-frente.jpg?sw=280&sh=280,emb. 15 un,https://www.continente.pt/produto/descalcificador-maquina-roupa-pastilhas-4-em-1-calgon-2401267.html,limpeza,2025-04-21,Continente
Amaciador Roupa Concentrado Intenso Blooming Petals,7178883,2.99,"€0,05/dos",Continente,Limpeza/Roupa/Amaciador e Intensificador Perfume,https://www.continente.pt/dw/image/v2/BDVS_PRD/on/demandware.static/-/Sites-col-master-catalog/default/dwca58652c/images/col/717/7178883-frente.jpg?sw=280&sh=280,56 doses,https://www.continente.pt/produto/amaciador-roupa-concentrado-intenso-blooming-petals-continente-7178883.html,limpeza,2025-04-21,Continente
Detergente Máquina Roupa Líquido Origem Natural Citrus,7104665,9.99,"€0,29/dos",Botanical Origin,Limpeza/Roupa/Detergente Máquina,https://www.continente.pt/dw/image/v2/BDVS_PRD/on/demandware.static/-/Sites-col-master-catalog/default/dw3d8251b6/images/col/710/7104665-frente.jpg?sw=280&sh=280,35 doses,https://www.continente.pt/produto/detergente-maquina-roupa-liquido-origem-natural-citrus-botanical-origin-7104665.html,limpeza,2025-04-21,Continente
Pano Multiusos Microfibras,6307931,1.99,"€0,66/un",Continente,"Limpeza/Panos, Esfregões e Luvas/Panos",https://www.continente.pt/dw/image/v2/BDVS_PRD/on/demandware.static/-/Sites-col-master-catalog/default/dw5c0c315d/images/col/630/6307931-frente.jpg?sw=280&sh=280,emb. 3 un,https://www.continente.pt/produto/pano-multiusos-microfibras-continente-6307931.html,limpeza,2025-04-21,Continente
Luvas de Jardinagem,7177920,1.79,"€1,79/un",Itools,"Casa, Bricolage e Jardim/Jardinagem e Plantas/Varanda",https://www.continente.pt/dw/image/v2/BDVS_PRD/on/demandware.static/-/Sites-col-master-catalog/default/dwe9009683/images/col/717/7177920-frente.jpg?sw=280&sh=280,emb. 1 un,https://www.continente.pt/produto/luvas-de-jardinagem-itools-7177920.html,limpeza,2025-04-21,Continente
Tira Nódoas Pó Oxi Action Roupa Branca,7212003,9.99,"€12,49/kg",Vanish,Limpeza/Roupa/Aditivos e Auxiliares,https://www.continente.pt/dw/image/v2/BDVS_PRD/on/demandware.static/-/Sites-col-master-catalog/default/dw54cb12cb/images/col/721/7212003-frente.jpg?sw=280&sh=280,emb. 800 gr,https://www.continente.pt/produto/tira-nodoas-po-oxi-action-roupa-branca-vanish-7212003.html,limpeza,2025-04-21,Continente
Detergente Máquina Roupa Cápsulas Optimal,8209336,2.99,"€0,30/dos",A+,Limpeza/Roupa/Detergente Máquina,https://www.continente.pt/dw/image/v2/BDVS_PRD/on/demandware.static/-/Sites-col-master-catalog/default/dw0e6dae87/images/col/820/8209336-frente.png?sw=280&sh=280,10 doses,https://www.continente.pt/produto/detergente-maquina-roupa-capsulas-optimal-a-8209336.html,limpeza,2025-04-21,Continente
Ambientador Recarga Elétrico Berry Splash,7748395,5.19,"€2,60/un",Glade,Limpeza/Velas e Ambientadores/Ambientadores Elétricos,https://www.continente.pt/dw/image/v2/BDVS_PRD/on/demandware.static/-/Sites-col-master-catalog/default/dwcf5d15b3/images/col/774/7748395-frente.jpg?sw=280&sh=280,emb. 2 x 20 ml,https://www.continente.pt/produto/ambientador-recarga-eletrico-berry-splash-glade-7748395.html,limpeza,2025-04-21,Continente
Inseticida Anti-Traça Gel Cedro,7698010,2.69,"€1,34/un",Raid,Limpeza/Inseticidas/Anti-traças,https://www.continente.pt/dw/image/v2/BDVS_PRD/on/demandware.static/-/Sites-col-master-catalog/default/dw3404b5c9/images/col/769/7698010-frente.jpg?sw=280&sh=280,emb. 2 un,https://www.continente.pt/produto/inseticida-anti-traca-gel-cedro-raid-7698010.html,limpeza,2025-04-21,Continente
Detergente Máquina Roupa Líquido Tira Nódoas,8190899,12.99,"€0,12/dos",Xau,Limpeza/Roupa/Detergente Máquina,https://www.continente.pt/dw/image/v2/BDVS_PRD/on/demandware.static/-/Sites-col-master-catalog/default/dw4fe94985/images/col/819/8190899-hero.png?sw=280&sh=280,108 doses,https://www.continente.pt/produto/detergente-maquina-roupa-liquido-tira-nodoas-xau-8190899.html,limpeza,2025-04-21,Continente
Detergente Máquina Loiça Pastilhas Platinum Plus Tudo em 1 Limão,7995300,5.99,"€0,32/un",Fairy,Limpeza/Cozinha/Detergente Máquina Loiça,https://www.continente.pt/dw/image/v2/BDVS_PRD/on/demandware.static/-/Sites-col-master-catalog/default/dw213b5ce9/images/col/799/7995300-frente.jpg?sw=280&sh=280,19 doses,https://www.continente.pt/produto/detergente-maquina-loica-pastilhas-platinum-plus-tudo-em-1-limao-fairy-7995300.html,limpeza,2025-04-21,Continente
Intensificador Perfume Pérolas Sensitive Lavanda,8399052,5.99,"€30,72/kg",Lenor,Limpeza/Roupa/Amaciador e Intensificador Perfume,https://www.continente.pt/dw/image/v2/BDVS_PRD/on/demandware.static/-/Sites-col-master-catalog/default/dw6c48fc35/images/col/839/8399052-hero.png?sw=280&sh=280,16 doses (195 gr),https://www.continente.pt/produto/intensificador-perfume-perolas-sensitive-lavanda-lenor-8399052.html,limpeza,2025-04-21,Continente
Desodorizante Calçado Anti-Odor,6695645,1.79,"€11,93/lt",Continente,Limpeza/Roupa/Limpeza do Calçado/Produtos de Limpeza do Calçado,https://www.continente.pt/dw/image/v2/BDVS_PRD/on/demandware.static/-/Sites-col-master-catalog/default/dw05b91352/images/col/669/6695645-frente.jpg?sw=280&sh=280,emb. 150 ml,https://www.continente.pt/produto/desodorizante-calcado-anti-odor-continente-6695645.html,limpeza,2025-04-21,Continente
Detergente Máquina Roupa Líquido Color,7647144,9.99,"€0,14/dos",A+,Limpeza/Roupa/Detergente Máquina,https://www.continente.pt/dw/image/v2/BDVS_PRD/on/demandware.static/-/Sites-col-master-catalog/default/dw957abece/images/col/764/7647144-frente.jpg?sw=280&sh=280,70 doses,https://www.continente.pt/produto/detergente-maquina-roupa-liquido-color-a-7647144.html,limpeza,2025-04-21,Continente
Detergente Máquina Roupa Líquido Ciclos Curtos Cuidado Express,8114844,9.99,"€0,18/dos",Skip,Limpeza/Roupa/Detergente Máquina,https://www.continente.pt/dw/image/v2/BDVS_PRD/on/demandware.static/-/Sites-col-master-catalog/default/dwf3e4b7dd/images/col/811/8114844-frente.png?sw=280&sh=280,54 doses,https://www.continente.pt/produto/detergente-maquina-roupa-liquido-ciclos-curtos-cuidado-express-skip-8114844.html,limpeza,2025-04-21,Continente
Inseticida Anti-Traça Alimentos,5298012,4.12,"€1,37/un",Raid,Limpeza/Inseticidas/Anti-traças,https://www.continente.pt/dw/image/v2/BDVS_PRD/on/demandware.static/-/Sites-col-master-catalog/default/dw2aba27ec/images/col/529/5298012-frente.jpg?sw=280&sh=280,emb. 3 un,https://www.continente.pt/produto/inseticida-anti-traca-alimentos-raid-5298012.html,limpeza,2025-04-21,Continente
Limpa Máquinas Roupa Limão,6103860,3.99,"€15,96/lt",Xau,Limpeza/Roupa/Tratamento Máquina Roupa,https://www.continente.pt/dw/image/v2/BDVS_PRD/on/demandware.static/-/Sites-col-master-catalog/default/dw28094e0f/images/col/610/6103860-frente.jpg?sw=280&sh=280,emb. 250 ml,https://www.continente.pt/produto/limpa-maquinas-roupa-limao-xau-6103860.html,limpeza,2025-04-21,Continente
Luvas Ultra Sensitive S,7405247,1.84,"€1,84/un",Scotch-Brite,"Limpeza/Panos, Esfregões e Luvas/Luvas",https://www.continente.pt/dw/image/v2/BDVS_PRD/on/demandware.static/-/Sites-col-master-catalog/default/dw1b3af419/images/col/740/7405247-frente.jpg?sw=280&sh=280,1 par,https://www.continente.pt/produto/luvas-ultra-sensitive-s-scotch-brite-7405247.html,limpeza,2025-04-21,Continente
Sacos para Cubos de Gelo,2210247,1.39,"€0,14/un",Silvex,Limpeza/Cozinha/Películas e Sacos de Conservação,https://www.continente.pt/dw/image/v2/BDVS_PRD/on/demandware.static/-/Sites-col-master-catalog/default/dwd8e75da9/images/col/221/2210247-direito.jpg?sw=280&sh=280,emb. 10 un,https://www.continente.pt/produto/sacos-para-cubos-de-gelo-silvex-2210247.html,limpeza,2025-04-21,Continente
Detergente Máquina Roupa Líquido Optimal,7336262,5.99,"€0,17/dos",A+,Limpeza/Roupa/Detergente Máquina,https://www.continente.pt/dw/image/v2/BDVS_PRD/on/demandware.static/-/Sites-col-master-catalog/default/dw3f40d0f5/images/col/733/7336262-frente.jpg?sw=280&sh=280,36 doses,https://www.continente.pt/produto/detergente-maquina-roupa-liquido-optimal-a-7336262.html,limpeza,2025-04-21,Continente
Esponja Mágica,7994633,1.35,"€0,45/un",Continente,"Limpeza/Panos, Esfregões e Luvas/Esfregões",https://www.continente.pt/dw/image/v2/BDVS_PRD/on/demandware.static/-/Sites-col-master-catalog/default/dwd64a1df0/images/col/799/7994633-frente.png?sw=280&sh=280,emb. 3 un,https://www.continente.pt/produto/esponja-magica-continente-7994633.html,limpeza,2025-04-21,Continente
Ambientador Recarga Freshmatic Apple Crumble,8172095,5.99,"€3,00/un",Air Wick,Limpeza/Velas e Ambientadores/Ambientadores Automáticos,https://www.continente.pt/dw/image/v2/BDVS_PRD/on/demandware.static/-/Sites-col-master-catalog/default/dw843ddde5/images/col/817/8172095-hero.png?sw=280&sh=280,emb. 2 un,https://www.continente.pt/produto/ambientador-recarga-freshmatic-apple-crumble-air-wick-8172095.html,limpeza,2025-04-21,Continente
Recarga Vassoura Básic,7618339,1.45,"€1,45/un",Kasa,"Casa, Bricolage e Jardim/Lavandaria, Arrumação e Banho/Utensílios de Limpeza",https://www.continente.pt/dw/image/v2/BDVS_PRD/on/demandware.static/-/Sites-col-master-catalog/default/dw922b98fb/images/col/761/7618339-frente.jpg?sw=280&sh=280,1 un,https://www.continente.pt/produto/recarga-vassoura-basic-kasa-7618339.html,limpeza,2025-04-21,Continente
Detergente Máquina Loiça Pastilhas All in One,7616870,4.99,"€0,17/dos",Continente,Limpeza/Cozinha/Detergente Máquina Loiça,https://www.continente.pt/dw/image/v2/BDVS_PRD/on/demandware.static/-/Sites-col-master-catalog/default/dw554dbe4c/images/col/761/7616870-frente.jpg?sw=280&sh=280,30 doses,https://www.continente.pt/produto/detergente-maquina-loica-pastilhas-all-in-one-continente-7616870.html,limpeza,2025-04-21,Continente
Ambientador Recarga Difusor Freshmatic Apple Crumble,8172146,7.99,"€2,66/un",Air Wick,Limpeza/Velas e Ambientadores/Ambientadores Automáticos,https://www.continente.pt/dw/image/v2/BDVS_PRD/on/demandware.static/-/Sites-col-master-catalog/default/dwc7edb274/images/col/817/8172146-frente.png?sw=280&sh=280,emb. 3 un,https://www.continente.pt/produto/ambientador-recarga-difusor-freshmatic-apple-crumble-air-wick-8172146.html,limpeza,2025-04-21,Continente
Detergente Máquina Roupa Líquido Frutos Exóticos,8206496,9.99,"€0,12/dos",Surf,Limpeza/Roupa/Detergente Máquina,https://www.continente.pt/dw/image/v2/BDVS_PRD/on/demandware.static/-/Sites-col-master-catalog/default/dwdc41d113/images/col/820/8206496-hero.png?sw=280&sh=280,84 doses,https://www.continente.pt/produto/detergente-maquina-roupa-liquido-frutos-exoticos-surf-8206496.html,limpeza,2025-04-21,Continente
Ambientador Recarga Elétrico Lavanda,7195573,3.59,"€14,36/lt",Air Wick,Limpeza/Velas e Ambientadores/Ambientadores Elétricos,https://www.continente.pt/dw/image/v2/BDVS_PRD/on/demandware.static/-/Sites-col-master-catalog/default/dwe2b457f1/images/col/719/7195573-frente.jpg?sw=280&sh=280,emb. 1 un,https://www.continente.pt/produto/ambientador-recarga-eletrico-lavanda-air-wick-7195573.html,limpeza,2025-04-21,Continente
Guardanapos 3 Folhas Black Label Decorado,5136864,1.79,"€0,09/un",Renova,Limpeza/Guardanapos e Rolos/Guardanapos,https://www.continente.pt/dw/image/v2/BDVS_PRD/on/demandware.static/-/Sites-col-master-catalog/default/dw16574452/images/col/513/5136864-hero.png?sw=280&sh=280,emb. 20 un,https://www.continente.pt/produto/guardanapos-3-folhas-black-label-decorado-renova-5136864.html,limpeza,2025-04-21,Continente
Desentupidor,7622789,2.5,"€2,50/un",Kasa,"Casa, Bricolage e Jardim/Lavandaria, Arrumação e Banho/Utensílios de Limpeza",https://www.continente.pt/dw/image/v2/BDVS_PRD/on/demandware.static/-/Sites-col-master-catalog/default/dwa9d45bc3/images/col/762/7622789-frente.jpg?sw=280&sh=280,1 un,https://www.continente.pt/produto/desentupidor-kasa-7622789.html,limpeza,2025-04-21,Continente
Recarga Esfregona Tiras Microfibra Brancas e Vermelhas Turbo 2 em 1,5902578,6.29,"€6,29/un",Vileda,"Casa, Bricolage e Jardim/Lavandaria, Arrumação e Banho/Utensílios de Limpeza",https://www.continente.pt/dw/image/v2/BDVS_PRD/on/demandware.static/-/Sites-col-master-catalog/default/dwc03a0540/images/col/590/5902578-frente.jpg?sw=280&sh=280,1 un,https://www.continente.pt/produto/recarga-esfregona-tiras-microfibra-brancas-e-vermelhas-turbo-2-em-1-vileda-5902578.html,limpeza,2025-04-21,Continente
Creme com Esponja Autobrilhante Incolor,4083479,2.39,"€47,80/lt",Búfalo,Limpeza/Roupa/Limpeza do Calçado/Autobrilhantador,https://www.continente.pt/dw/image/v2/BDVS_PRD/on/demandware.static/-/Sites-col-master-catalog/default/dwd5ce4acb/images/col/408/4083479-frente.jpg?sw=280&sh=280,emb. 50 ml,https://www.continente.pt/produto/creme-com-esponja-autobrilhante-incolor-bufalo-4083479.html,limpeza,2025-04-21,Continente
Líxivia Maxi Pastilhas,7932023,5.99,"€0,43/un",Neoblanc,Limpeza/Roupa/Aditivos e Auxiliares,https://www.continente.pt/dw/image/v2/BDVS_PRD/on/demandware.static/-/Sites-col-master-catalog/default/dw3a8cdcbf/images/col/793/7932023-hero.jpg?sw=280&sh=280,emb. 14 un,https://www.continente.pt/produto/lixivia-maxi-pastilhas-neoblanc-7932023.html,limpeza,2025-04-21,Continente
Detergente Máquina Roupa Pó Secret Garden,7546501,11.99,"€0,13/dos",A+,Limpeza/Roupa/Detergente Máquina,https://www.continente.pt/dw/image/v2/BDVS_PRD/on/demandware.static/-/Sites-col-master-catalog/default/dw15426827/images/col/754/7546501-frente.jpg?sw=280&sh=280,95 doses,https://www.continente.pt/produto/detergente-maquina-roupa-po-secret-garden-a-7546501.html,limpeza,2025-04-21,Continente
Esfregão Classic Verde Grande,2053303,1.41,"€1,41/un",Scotch-Brite,"Limpeza/Panos, Esfregões e Luvas/Esfregões",https://www.continente.pt/dw/image/v2/BDVS_PRD/on/demandware.static/-/Sites-col-master-catalog/default/dw9e2e33f8/images/col/205/2053303-frente.jpg?sw=280&sh=280,emb. 1 un,https://www.continente.pt/produto/esfregao-classic-verde-grande-scotch-brite-2053303.html,limpeza,2025-04-21,Continente
Ambientador Absorve Odores Relva Fresca,7412418,2.49,"€2,49/un",Ambipur,Limpeza/Velas e Ambientadores/Absorve Odores,https://www.continente.pt/dw/image/v2/BDVS_PRD/on/demandware.static/-/Sites-col-master-catalog/default/dwbd3c3ea0/images/col/741/7412418-frente.jpg?sw=280&sh=280,emb. 1 un,https://www.continente.pt/produto/ambientador-absorve-odores-relva-fresca-ambipur-7412418.html,limpeza,2025-04-21,Continente
Ambientador de Tecidos Colónia,8033037,2.15,"€5,38/lt",Continente,Limpeza/Roupa/Amaciador e Intensificador Perfume,https://www.continente.pt/dw/image/v2/BDVS_PRD/on/demandware.static/-/Sites-col-master-catalog/default/dwf53c08e3/images/col/803/8033037-frente.png?sw=280&sh=280,emb. 400 ml,https://www.continente.pt/produto/ambientador-de-tecidos-colonia-continente-8033037.html,limpeza,2025-04-21,Continente
Balde de Lixo com Pedal Aço Inoxidável 30L NewIcon,510534,88.0,"€88,00/un",Brabantia,"Casa, Bricolage e Jardim/Lavandaria, Arrumação e Banho/Baldes e Sacos do Lixo",https://www.continente.pt/dw/image/v2/BDVS_PRD/on/demandware.static/-/Sites-col-master-catalog/default/dw05ea0447/images/col/761/7616484-frente.jpg?sw=280&sh=280,1 un,https://www.continente.pt/produto/balde-de-lixo-com-pedal-aco-inoxidavel-30l-newicon-brabantia-510534.html,limpeza,2025-04-21,Continente
Spray Desinfetante Calçado,5526832,3.39,"€22,60/lt",Sanytol,Limpeza/Roupa/Limpeza do Calçado/Produtos de Limpeza do Calçado,https://www.continente.pt/dw/image/v2/BDVS_PRD/on/demandware.static/-/Sites-col-master-catalog/default/dwb2a8c874/images/col/552/5526832-frente.jpg?sw=280&sh=280,emb. 150 ml,https://www.continente.pt/produto/spray-desinfetante-calcado-sanytol-5526832.html,limpeza,2025-04-21,Continente
Detergente Máquina Roupa Líquido Tira Nódoas,8412139,11.99,"€0,11/dos",Xau,Limpeza/Roupa/Detergente Máquina,https://www.continente.pt/dw/image/v2/BDVS_PRD/on/demandware.static/-/Sites-col-master-catalog/default/dw1df00496/images/col/841/8412139-frente.jpg?sw=280&sh=280,110 doses,https://www.continente.pt/produto/detergente-maquina-roupa-liquido-tira-nodoas-xau-8412139.html,limpeza,2025-04-21,Continente
Anti-Bolores Spray Sujidade,7523811,6.11,"€4,07/lt",Cillit Bang,Limpeza/Limpeza Geral/Multisuperfícies,https://www.continente.pt/dw/image/v2/BDVS_PRD/on/demandware.static/-/Sites-col-master-catalog/default/dw38e2b661/images/col/752/7523811-hero.jpg?sw=280&sh=280,emb. 3 x 500 ml,https://www.continente.pt/produto/anti-bolores-spray-sujidade-cillit-bang-7523811.html,limpeza,2025-04-21,Continente
Ambientador Stick Perfumado Aromatherapy Calm Mind,7458339,5.99,"€74,88/lt",Glade,Limpeza/Velas e Ambientadores/Sticks Perfumados,https://www.continente.pt/dw/image/v2/BDVS_PRD/on/demandware.static/-/Sites-col-master-catalog/default/dw41fbc2c2/images/col/745/7458339-frente.jpg?sw=280&sh=280,emb. 80 ml,https://www.continente.pt/produto/ambientador-stick-perfumado-aromatherapy-calm-mind-glade-7458339.html,limpeza,2025-04-21,Continente
Inseticida Antitraças Gancho Frescura,8037095,1.29,"€0,65/un",Continente,Limpeza/Inseticidas/Anti-traças,https://www.continente.pt/dw/image/v2/BDVS_PRD/on/demandware.static/-/Sites-col-master-catalog/default/dw492509a7/images/col/803/8037095-cima.png?sw=280&sh=280,emb. 1 un,https://www.continente.pt/produto/inseticida-antitracas-gancho-frescura-continente-8037095.html,limpeza,2025-04-21,Continente
Detergente Máquina Roupa Líquido Jasmine,8165836,9.99,"€0,10/dos",Gama,Limpeza/Roupa/Detergente Máquina,https://www.continente.pt/dw/image/v2/BDVS_PRD/on/demandware.static/-/Sites-col-master-catalog/default/dw2e8e8e12/images/col/816/8165836-frente.jpg?sw=280&sh=280,100 doses,https://www.continente.pt/produto/detergente-maquina-roupa-liquido-jasmine-gama-8165836.html,limpeza,2025-04-21,Continente
Limpa Pratas Algodão,2053320,5.99,"€79,87/kg",Duraglit,Limpeza/Limpeza Geral/Limpeza Específica,https://www.continente.pt/dw/image/v2/BDVS_PRD/on/demandware.static/-/Sites-col-master-catalog/default/dw133124f5/images/col/205/2053320-frente.jpg?sw=280&sh=280,emb. 75 gr,https://www.continente.pt/produto/limpa-pratas-algodao-duraglit-2053320.html,limpeza,2025-04-21,Continente
Lava Tudo Magic Leite de Amêndoa,7520760,5.83,"€1,49/lt",Sonasol,Limpeza/Limpeza Geral/Lava Tudo,https://www.continente.pt/dw/image/v2/BDVS_PRD/on/demandware.static/-/Sites-col-master-catalog/default/dw4d01f750/images/col/752/7520760-hero.jpg?sw=280&sh=280,"emb. 3 x 1,3 lt",https://www.continente.pt/produto/lava-tudo-magic-leite-de-amendoa-sonasol-7520760.html,limpeza,2025-04-21,Continente
Ambientador Recarga Difusor Berry Splash,7744785,12.98,"€6,49/un",Glade,Limpeza/Velas e Ambientadores/Ambientadores Automáticos,https://www.continente.pt/dw/image/v2/BDVS_PRD/on/demandware.static/-/Sites-col-master-catalog/default/dw0036508f/images/col/774/7744785-frente.jpg?sw=280&sh=280,emb. 2 x 269 ml,https://www.continente.pt/produto/ambientador-recarga-difusor-berry-splash-glade-7744785.html,limpeza,2025-04-21,Continente
Multiusos Advanced Lixívia Spray,7187980,2.93,"€5,86/lt",Mistolin,Limpeza/Limpeza Geral/Multisuperfícies,https://www.continente.pt/dw/image/v2/BDVS_PRD/on/demandware.static/-/Sites-col-master-catalog/default/dw8c83ac13/images/col/718/7187980-frente.jpg?sw=280&sh=280,emb. 500 ml,https://www.continente.pt/produto/multiusos-advanced-lixivia-spray-mistolin-7187980.html,limpeza,2025-04-21,Continente
Ambientador Recarga Elétrico Alfazema,8177727,1.79,"€1,79/un",Continente,Limpeza/Velas e Ambientadores/Ambientadores Elétricos,https://www.continente.pt/dw/image/v2/BDVS_PRD/on/demandware.static/-/Sites-col-master-catalog/default/dw2e6d9c74/images/col/817/8177727-frente.jpg?sw=280&sh=280,emb. 1 un,https://www.continente.pt/produto/ambientador-recarga-eletrico-alfazema-continente-8177727.html,limpeza,2025-04-21,Continente
Ambientador Roupeiro Lavanda,6188515,1.99,"€1,00/un",Continente,Limpeza/Velas e Ambientadores/Ambientadores Automáticos,https://www.continente.pt/dw/image/v2/BDVS_PRD/on/demandware.static/-/Sites-col-master-catalog/default/dw82f06d30/images/col/618/6188515-frente.jpg?sw=280&sh=280,emb. 2 un,https://www.continente.pt/produto/ambientador-roupeiro-lavanda-continente-6188515.html,limpeza,2025-04-21,Continente
Detergente Máquina Roupa Pó,7659138,7.99,"€0,16/dos",Continente Eco,Limpeza/Roupa/Detergente Máquina,https://www.continente.pt/dw/image/v2/BDVS_PRD/on/demandware.static/-/Sites-col-master-catalog/default/dwa1b7265a/images/col/765/7659138-frente.jpg?sw=280&sh=280,50 doses,https://www.continente.pt/produto/detergente-maquina-roupa-po-continente-eco-7659138.html,limpeza,2025-04-21,Continente
Detergente Máquina Roupa Líquido Secret Garden,7546499,11.99,"€0,13/dos",A+,Limpeza/Roupa/Detergente Máquina,https://www.continente.pt/dw/image/v2/BDVS_PRD/on/demandware.static/-/Sites-col-master-catalog/default/dw71456841/images/col/754/7546499-frente.jpg?sw=280&sh=280,95 doses,https://www.continente.pt/produto/detergente-maquina-roupa-liquido-secret-garden-a-7546499.html,limpeza,2025-04-21,Continente
Limpa Máquinas Roupa Tudo em 1,7961111,10.79,"€14,39/lt",Xau,Limpeza/Roupa/Tratamento Máquina Roupa,https://www.continente.pt/dw/image/v2/BDVS_PRD/on/demandware.static/-/Sites-col-master-catalog/default/dwf56ca407/images/col/796/7961111-frente.jpg?sw=280&sh=280,emb. 3 x 250 ml,https://www.continente.pt/produto/limpa-maquinas-roupa-tudo-em-1-xau-7961111.html,limpeza,2025-04-21,Continente
Intensificador Perfume Pérolas Sensitive Cotton Fresh,8008974,5.99,"€28,52/kg",Lenor,Limpeza/Roupa/Amaciador e Intensificador Perfume,https://www.continente.pt/dw/image/v2/BDVS_PRD/on/demandware.static/-/Sites-col-master-catalog/default/dwe22d1566/images/col/800/8008974-frente.png?sw=280&sh=280,15 doses (210 gr),https://www.continente.pt/produto/intensificador-perfume-perolas-sensitive-cotton-fresh-lenor-8008974.html,limpeza,2025-04-21,Continente
Detergente Manual Loiça Ultra Jasmim Rosa,7397761,1.59,"€4,68/lt",Fairy,Limpeza/Cozinha/Detergente Manual Loiça,https://www.continente.pt/dw/image/v2/BDVS_PRD/on/demandware.static/-/Sites-col-master-catalog/default/dw5c899d5b/images/col/739/7397761-frente.jpg?sw=280&sh=280,emb. 340 ml,https://www.continente.pt/produto/detergente-manual-loica-ultra-jasmim-rosa-fairy-7397761.html,limpeza,2025-04-21,Continente
Ambientador Recarga Difusor Essential Mist Citrus,7195575,4.99,"€4,99/un",Air Wick,Limpeza/Velas e Ambientadores/Ambientadores Automáticos,https://www.continente.pt/dw/image/v2/BDVS_PRD/on/demandware.static/-/Sites-col-master-catalog/default/dw34e1ad3e/images/col/719/7195575-frente.jpg?sw=280&sh=280,emb. 1 un,https://www.continente.pt/produto/ambientador-recarga-difusor-essential-mist-citrus-air-wick-7195575.html,limpeza,2025-04-21,Continente
Ambientador Recarga Elétrico Jardim das Peónias,8072787,11.98,"€11,98/un",Air Wick,Limpeza/Velas e Ambientadores/Ambientadores Elétricos,https://www.continente.pt/dw/image/v2/BDVS_PRD/on/demandware.static/-/Sites-col-master-catalog/default/dw908f630e/images/col/807/8072787-frente.png?sw=280&sh=280,emb. 2 un,https://www.continente.pt/produto/ambientador-recarga-eletrico-jardim-das-peonias-air-wick-8072787.html,limpeza,2025-04-21,Continente
Detergente Máquina Roupa Cápsulas Ultimate Baby,7831738,8.99,"€0,28/dos",Skip,Limpeza/Roupa/Detergente Máquina,https://www.continente.pt/dw/image/v2/BDVS_PRD/on/demandware.static/-/Sites-col-master-catalog/default/dw7eb5f28e/images/col/783/7831738-direito.jpg?sw=280&sh=280,32 doses,https://www.continente.pt/produto/detergente-maquina-roupa-capsulas-ultimate-baby-skip-7831738.html,limpeza,2025-04-21,Continente
Creme de Limpeza Spray Limão,8398835,2.69,"€3,59/lt",Cif,Limpeza/Limpeza Geral/Multisuperfícies,https://www.continente.pt/dw/image/v2/BDVS_PRD/on/demandware.static/-/Sites-col-master-catalog/default/dw54cf3e44/images/col/839/8398835-frente.jpg?sw=280&sh=280,emb. 750 ml,https://www.continente.pt/produto/creme-de-limpeza-spray-limao-cif-8398835.html,limpeza,2025-04-21,Continente
Detergente Máquina Roupa Líquido Buqué Roxo,7473895,10.99,"€0,10/dos",Gama,Limpeza/Roupa/Detergente Máquina,https://www.continente.pt/dw/image/v2/BDVS_PRD/on/demandware.static/-/Sites-col-master-catalog/default/dwc1767003/images/col/747/7473895-frente.jpg?sw=280&sh=280,110 doses,https://www.continente.pt/produto/detergente-maquina-roupa-liquido-buque-roxo-gama-7473895.html,limpeza,2025-04-21,Continente
Esfregão Grelhadores,6589132,1.99,"€1,00/un",Continente,"Limpeza/Panos, Esfregões e Luvas/Esfregões",https://www.continente.pt/dw/image/v2/BDVS_PRD/on/demandware.static/-/Sites-col-master-catalog/default/dwa2efc7ad/images/col/658/6589132-frente.jpg?sw=280&sh=280,2 un,https://www.continente.pt/produto/esfregao-grelhadores-continente-6589132.html,limpeza,2025-04-21,Continente
Ambientador Recarga Freshmatic White Bouquet,2960977,3.49,"€13,96/lt",Air Wick,Limpeza/Velas e Ambientadores/Ambientadores Automáticos,https://www.continente.pt/dw/image/v2/BDVS_PRD/on/demandware.static/-/Sites-col-master-catalog/default/dw5fe9c548/images/col/296/2960977-frente.jpg?sw=280&sh=280,emb. 1 un,https://www.continente.pt/produto/ambientador-recarga-freshmatic-white-bouquet-air-wick-2960977.html,limpeza,2025-04-21,Continente
Limpa Recuperadores e Fornos,7371083,4.29,"€4,29/un",Boost,"Casa, Bricolage e Jardim/Lojas de Marcas/Boost/Limpeza da Casa e do Carro",https://www.continente.pt/dw/image/v2/BDVS_PRD/on/demandware.static/-/Sites-col-master-catalog/default/dw9f46c4e3/images/col/737/7371083-frente.jpg?sw=280&sh=280,emb. 500 ml,https://www.continente.pt/produto/limpa-recuperadores-e-fornos-boost-7371083.html,limpeza,2025-04-21,Continente
Ambientador Recarga Elétrico Tropical,7962588,3.49,"€3,49/un",Glade,Limpeza/Velas e Ambientadores/Ambientadores Elétricos,https://www.continente.pt/dw/image/v2/BDVS_PRD/on/demandware.static/-/Sites-col-master-catalog/default/dwdbacc94a/images/col/796/7962588-frente.jpg?sw=280&sh=280,emb. 20 ml,https://www.continente.pt/produto/ambientador-recarga-eletrico-tropical-glade-7962588.html,limpeza,2025-04-21,Continente
Aditivo para Roupa Branqueador,6159643,2.99,"€5,98/lt",Iberia,Limpeza/Roupa/Aditivos e Auxiliares,https://www.continente.pt/dw/image/v2/BDVS_PRD/on/demandware.static/-/Sites-col-master-catalog/default/dw8de49234/images/col/615/6159643-frente.jpg?sw=280&sh=280,emb. 500 ml,https://www.continente.pt/produto/aditivo-para-roupa-branqueador-iberia-6159643.html,limpeza,2025-04-21,Continente
Detergente Manual Loiça Ultra Poder Original,7654297,3.59,"€5,52/lt",Fairy,Limpeza/Cozinha/Detergente Manual Loiça,https://www.continente.pt/dw/image/v2/BDVS_PRD/on/demandware.static/-/Sites-col-master-catalog/default/dw576b181a/images/col/765/7654297-frente.jpg?sw=280&sh=280,emb. 650 ml,https://www.continente.pt/produto/detergente-manual-loica-ultra-poder-original-fairy-7654297.html,limpeza,2025-04-21,Continente
Absorve Odores Frigorífico,8048410,0.79,"€19,75/kg",Continente,"Limpeza/Cozinha/Limpeza Fogão, Forno e Frigorífico",https://www.continente.pt/dw/image/v2/BDVS_PRD/on/demandware.static/-/Sites-col-master-catalog/default/dw40099b70/images/col/804/8048410-frente.jpg?sw=280&sh=280,emb. 1 un,https://www.continente.pt/produto/absorve-odores-frigorifico-continente-8048410.html,limpeza,2025-04-21,Continente
Pano Microfibras,7820165,5.84,"€0,58/un",Scotch-Brite,"Limpeza/Panos, Esfregões e Luvas/Panos",https://www.continente.pt/dw/image/v2/BDVS_PRD/on/demandware.static/-/Sites-col-master-catalog/default/dw4ccf1fb7/images/col/782/7820165-frente.jpg?sw=280&sh=280,emb. 10 un,https://www.continente.pt/produto/pano-microfibras-scotch-brite-7820165.html,limpeza,2025-04-21,Continente
Tira Nódoas Spray Roupa Bebé,7595558,3.29,"€6,58/lt",Continente do Bebé,Limpeza/Roupa/Aditivos e Auxiliares,https://www.continente.pt/dw/image/v2/BDVS_PRD/on/demandware.static/-/Sites-col-master-catalog/default/dw840a3382/images/col/759/7595558-hero.jpg?sw=280&sh=280,emb. 500 ml,https://www.continente.pt/produto/tira-nodoas-spray-roupa-bebe-continente-do-bebe-7595558.html,limpeza,2025-04-21,Continente
Pano Microfibras Pó,4867449,0.95,"€0,95/un",Continente,"Limpeza/Panos, Esfregões e Luvas/Panos",https://www.continente.pt/dw/image/v2/BDVS_PRD/on/demandware.static/-/Sites-col-master-catalog/default/dw2d7b32c6/images/col/486/4867449-frente.jpg?sw=280&sh=280,emb. 1 un,https://www.continente.pt/produto/pano-microfibras-po-continente-4867449.html,limpeza,2025-04-21,Continente
Ambientador Vela Bouquet,7705610,4.99,"€4,99/un",Continente,Limpeza/Velas e Ambientadores/Velas,https://www.continente.pt/dw/image/v2/BDVS_PRD/on/demandware.static/-/Sites-col-master-catalog/default/dwe5b585bb/images/col/770/7705610-frente.jpg?sw=280&sh=280,emb. 1 un,https://www.continente.pt/produto/ambientador-vela-bouquet-continente-7705610.html,limpeza,2025-04-21,Continente
Escova Limpeza com Pega,7611664,1.5,"€1,50/un",Kasa,"Casa, Bricolage e Jardim/Lavandaria, Arrumação e Banho/Utensílios de Limpeza",https://www.continente.pt/dw/image/v2/BDVS_PRD/on/demandware.static/-/Sites-col-master-catalog/default/dwc3241faa/images/col/761/7611664-esquerdo.jpg?sw=280&sh=280,1 un,https://www.continente.pt/produto/escova-limpeza-com-pega-kasa-7611664.html,limpeza,2025-04-21,Continente
Lava Tudo Magic Leite de Amêndoa,6577702,2.09,"€1,61/lt",Sonasol,Limpeza/Limpeza Geral/Lava Tudo,https://www.continente.pt/dw/image/v2/BDVS_PRD/on/demandware.static/-/Sites-col-master-catalog/default/dw950facb1/images/col/657/6577702-hero.jpg?sw=280&sh=280,"emb. 1,3 lt",https://www.continente.pt/produto/lava-tudo-magic-leite-de-amendoa-sonasol-6577702.html,limpeza,2025-04-21,Continente
Detergente Máquina Roupa Cápsulas Orquídeas,8242808,5.49,"€0,18/dos",Continente,Limpeza/Roupa/Detergente Máquina,https://www.continente.pt/dw/image/v2/BDVS_PRD/on/demandware.static/-/Sites-col-master-catalog/default/dw5ad4ce10/images/col/824/8242808-frente.jpg?sw=280&sh=280,30 doses,https://www.continente.pt/produto/detergente-maquina-roupa-capsulas-orquideas-continente-8242808.html,limpeza,2025-04-21,Continente
Ambientador Recarga Difusor Freshmatic Mulled Wine,8172156,7.99,"€2,66/un",Air Wick,Limpeza/Velas e Ambientadores/Ambientadores Automáticos,https://www.continente.pt/dw/image/v2/BDVS_PRD/on/demandware.static/-/Sites-col-master-catalog/default/dw223164f2/images/col/817/8172156-frente.png?sw=280&sh=280,emb. 3 un,https://www.continente.pt/produto/ambientador-recarga-difusor-freshmatic-mulled-wine-air-wick-8172156.html,limpeza,2025-04-21,Continente
Ambientador Recarga Difusor Freshmatic Mulled Wine,8172143,5.99,"€3,00/un",Air Wick,Limpeza/Velas e Ambientadores/Ambientadores Automáticos,https://www.continente.pt/dw/image/v2/BDVS_PRD/on/demandware.static/-/Sites-col-master-catalog/default/dwda1b1657/images/col/817/8172143-frente.png?sw=280&sh=280,emb. 2 un,https://www.continente.pt/produto/ambientador-recarga-difusor-freshmatic-mulled-wine-air-wick-8172143.html,limpeza,2025-04-21,Continente
Spray Vitro e Inox Perfect Finish,7834303,2.49,"€5,72/lt",Cif,Limpeza/Cozinha/Multisuperfícies,https://www.continente.pt/dw/image/v2/BDVS_PRD/on/demandware.static/-/Sites-col-master-catalog/default/dwea98e562/images/col/783/7834303-frente.jpg?sw=280&sh=280,emb. 435 ml,https://www.continente.pt/produto/spray-vitro-e-inox-perfect-finish-cif-7834303.html,limpeza,2025-04-21,Continente
Ambientador Recarga Elétrico Relax Zen,7960380,7.59,"€2,53/un",Glade,Limpeza/Velas e Ambientadores/Ambientadores Elétricos,https://www.continente.pt/dw/image/v2/BDVS_PRD/on/demandware.static/-/Sites-col-master-catalog/default/dw8205e483/images/col/796/7960380-frente.png?sw=280&sh=280,emb. 3 x 20 ml,https://www.continente.pt/produto/ambientador-recarga-eletrico-relax-zen-glade-7960380.html,limpeza,2025-04-21,Continente
Spray Desengordurante Concentrado,5974023,4.49,"€5,99/lt",Agerul,Limpeza/Cozinha/Multisuperfícies,https://www.continente.pt/dw/image/v2/BDVS_PRD/on/demandware.static/-/Sites-col-master-catalog/default/dw638fb108/images/col/597/5974023-frente.jpg?sw=280&sh=280,emb. 750 + 150 ml,https://www.continente.pt/produto/spray-desengordurante-concentrado-agerul-5974023.html,limpeza,2025-04-21,Continente
Bloco Sanitário Power 5 Lavanda,8166778,3.59,"€1,20/un",Domestos,Limpeza/Casa de Banho/Blocos Sanitários,https://www.continente.pt/dw/image/v2/BDVS_PRD/on/demandware.static/-/Sites-col-master-catalog/default/dw199ffdb8/images/col/816/8166778-frente.png?sw=280&sh=280,emb. 500 ml,https://www.continente.pt/produto/bloco-sanitario-power-5-lavanda-domestos-8166778.html,limpeza,2025-04-21,Continente
Detergente Máquina Roupa Líquido Bebé,6580460,7.14,"€0,26/dos",Chicco,Limpeza/Roupa/Detergente Máquina,https://www.continente.pt/dw/image/v2/BDVS_PRD/on/demandware.static/-/Sites-col-master-catalog/default/dw14df4be2/images/col/658/6580460-frente.jpg?sw=280&sh=280,27 doses,https://www.continente.pt/produto/detergente-maquina-roupa-liquido-bebe-chicco-6580460.html,limpeza,2025-04-21,Continente
Inseticida Spray Rastejantes,6194675,1.99,"€3,98/lt",Continente,Limpeza/Inseticidas/Inseticidas Spray,https://www.continente.pt/dw/image/v2/BDVS_PRD/on/demandware.static/-/Sites-col-master-catalog/default/dw85f9cfc6/images/col/619/6194675-frente.jpg?sw=280&sh=280,emb. 500 ml,https://www.continente.pt/produto/inseticida-spray-rastejantes-continente-6194675.html,limpeza,2025-04-21,Continente
Ambientador Roupeiro Roupa Limpa,7130061,1.99,"€1,00/un",Continente,Limpeza/Velas e Ambientadores/Ambientadores Automáticos,https://www.continente.pt/dw/image/v2/BDVS_PRD/on/demandware.static/-/Sites-col-master-catalog/default/dw6282a172/images/col/713/7130061-frente.jpg?sw=280&sh=280,emb. 2 un,https://www.continente.pt/produto/ambientador-roupeiro-roupa-limpa-continente-7130061.html,limpeza,2025-04-21,Continente
Ambientador Absorve Odores Deco Sphere Framboesa,7578263,4.99,"€4,99/un",Air Wick,Limpeza/Velas e Ambientadores/Absorve Odores,https://www.continente.pt/dw/image/v2/BDVS_PRD/on/demandware.static/-/Sites-col-master-catalog/default/dw03b63505/images/col/757/7578263-frente.jpg?sw=280&sh=280,emb. 1 un,https://www.continente.pt/produto/ambientador-absorve-odores-deco-sphere-framboesa-air-wick-7578263.html,limpeza,2025-04-21,Continente
Tira Nódoas Gel Oxi Action Gold,8298717,5.99,"€8,68/lt",Vanish,Limpeza/Roupa/Aditivos e Auxiliares,https://www.continente.pt/dw/image/v2/BDVS_PRD/on/demandware.static/-/Sites-col-master-catalog/default/dwa7ef17a9/images/col/829/8298717-frente.jpg?sw=280&sh=280,emb. 690 ml,https://www.continente.pt/produto/tira-nodoas-gel-oxi-action-gold-vanish-8298717.html,limpeza,2025-04-21,Continente
Detergente Manual Loiça Clean & Care Aloe Vera e Pepino,6244199,3.49,"€3,44/lt",Fairy,Limpeza/Cozinha/Detergente Manual Loiça,https://www.continente.pt/dw/image/v2/BDVS_PRD/on/demandware.static/-/Sites-col-master-catalog/default/dwac2d6d08/images/col/624/6244199-frente.jpg?sw=280&sh=280,"emb. 1,015 lt",https://www.continente.pt/produto/detergente-manual-loica-clean-care-aloe-vera-e-pepino-fairy-6244199.html,limpeza,2025-04-21,Continente
Pano Microfibras Super Absorvente,3596478,3.74,"€3,74/un",Scotch-Brite,"Limpeza/Panos, Esfregões e Luvas/Panos",https://www.continente.pt/dw/image/v2/BDVS_PRD/on/demandware.static/-/Sites-col-master-catalog/default/dwe07dae34/images/col/359/3596478-frente.jpg?sw=280&sh=280,emb. 1 un,https://www.continente.pt/produto/pano-microfibras-super-absorvente-scotch-brite-3596478.html,limpeza,2025-04-21,Continente
Cabo Esfregona e Vassoura 140cm Universal,2626260,3.99,"€3,99/un",Vileda,"Casa, Bricolage e Jardim/Lavandaria, Arrumação e Banho/Utensílios de Limpeza",https://www.continente.pt/dw/image/v2/BDVS_PRD/on/demandware.static/-/Sites-col-master-catalog/default/dw52eb60c6/images/col/262/2626260-frente.jpg?sw=280&sh=280,1 un,https://www.continente.pt/produto/cabo-esfregona-e-vassoura-140cm-universal-vileda-2626260.html,limpeza,2025-04-21,Continente
Creme com Esponja Autobrilhante Preto,2608595,1.93,"€1,93/un",Splendor,Limpeza/Roupa/Limpeza do Calçado/Autobrilhantador,https://www.continente.pt/dw/image/v2/BDVS_PRD/on/demandware.static/-/Sites-col-master-catalog/default/dw2bc9fb5b/images/col/260/2608595-frente.png?sw=280&sh=280,emb. 1 un,https://www.continente.pt/produto/creme-com-esponja-autobrilhante-preto-splendor-2608595.html,limpeza,2025-04-21,Continente
Ambientador Recarga Portátil Touch&Fresh Frescor Roupa,6889230,2.39,"€2,39/un",Glade,Limpeza/Velas e Ambientadores/Sprays,https://www.continente.pt/dw/image/v2/BDVS_PRD/on/demandware.static/-/Sites-col-master-catalog/default/dw327b2929/images/col/688/6889230-frente.jpg?sw=280&sh=280,emb. 10 ml,https://www.continente.pt/produto/ambientador-recarga-portatil-touch-fresh-frescor-roupa-glade-6889230.html,limpeza,2025-04-21,Continente
Inseticida Spray Voadores,2822746,5.19,"€12,98/lt",Baygon,Limpeza/Inseticidas/Inseticidas Spray,https://www.continente.pt/dw/image/v2/BDVS_PRD/on/demandware.static/-/Sites-col-master-catalog/default/dw44fc1d2c/images/col/282/2822746-frente.jpg?sw=280&sh=280,emb. 400 ml,https://www.continente.pt/produto/inseticida-spray-voadores-baygon-2822746.html,limpeza,2025-04-21,Continente
Recarga Esfregona Tiras Microfibra Cinzas,7612805,3.5,"€3,50/un",Kasa,"Casa, Bricolage e Jardim/Lavandaria, Arrumação e Banho/Utensílios de Limpeza",https://www.continente.pt/dw/image/v2/BDVS_PRD/on/demandware.static/-/Sites-col-master-catalog/default/dwfed65ffe/images/col/761/7612805-esquerdo.jpg?sw=280&sh=280,1 un,https://www.continente.pt/produto/recarga-esfregona-tiras-microfibra-cinzas-kasa-7612805.html,limpeza,2025-04-21,Continente
Luvas Descartáveis Nitrilo Food Safe S/M,5007500,5.99,"€0,15/un",Vileda,"Limpeza/Panos, Esfregões e Luvas/Luvas",https://www.continente.pt/dw/image/v2/BDVS_PRD/on/demandware.static/-/Sites-col-master-catalog/default/dw4eda5df8/images/col/500/5007500-direito.jpg?sw=280&sh=280,40 pares,https://www.continente.pt/produto/luvas-descartaveis-nitrilo-food-safe-s-m-vileda-5007500.html,limpeza,2025-04-21,Continente
Ambientador Vela Mulled Wine,7856256,2.49,"€2,49/un",Air Wick,Limpeza/Velas e Ambientadores/Velas,https://www.continente.pt/dw/image/v2/BDVS_PRD/on/demandware.static/-/Sites-col-master-catalog/default/dw554575b2/images/col/785/7856256-frente.jpg?sw=280&sh=280,emb. 1 un,https://www.continente.pt/produto/ambientador-vela-mulled-wine-air-wick-7856256.html,limpeza,2025-04-21,Continente
Detergente Máquina Roupa Cápsulas Ultimate Active Clean,7830315,4.99,"€0,33/dos",Skip,Limpeza/Roupa/Detergente Máquina,https://www.continente.pt/dw/image/v2/BDVS_PRD/on/demandware.static/-/Sites-col-master-catalog/default/dw37e899e3/images/col/783/7830315-direito.jpg?sw=280&sh=280,15 doses,https://www.continente.pt/produto/detergente-maquina-roupa-capsulas-ultimate-active-clean-skip-7830315.html,limpeza,2025-04-21,Continente
Desodorizante Máquina Loiça Expert Odour Control&Fresh Limão,4758233,2.24,"€2,24/un",Sun,Limpeza/Cozinha/Aditivos Máquina Loiça,https://www.continente.pt/dw/image/v2/BDVS_PRD/on/demandware.static/-/Sites-col-master-catalog/default/dw89021ac8/images/col/475/4758233-frente.jpg?sw=280&sh=280,emb. 1 un,https://www.continente.pt/produto/desodorizante-maquina-loica-expert-odour-control-fresh-limao-sun-4758233.html,limpeza,2025-04-21,Continente
Palmilhas Conforto Pele Tamanho 36/37,7277074,5.09,"€5,09/un",Antifadiga,Limpeza/Roupa/Limpeza do Calçado/Acessórios,https://www.continente.pt/dw/image/v2/BDVS_PRD/on/demandware.static/-/Sites-col-master-catalog/default/dwc19e3022/images/col/727/7277074-frente.jpg?sw=280&sh=280,emb. 1 un,https://www.continente.pt/produto/palmilhas-conforto-pele-tamanho-36-37-antifadiga-7277074.html,limpeza,2025-04-21,Continente
Intensificador Perfume Pérolas Frescura Primavera,8399532,5.99,"€30,72/kg",Lenor,Limpeza/Roupa/Amaciador e Intensificador Perfume,https://www.continente.pt/dw/image/v2/BDVS_PRD/on/demandware.static/-/Sites-col-master-catalog/default/dw76d374e6/images/col/839/8399532-hero.png?sw=280&sh=280,16 doses (195 gr),https://www.continente.pt/produto/intensificador-perfume-perolas-frescura-primavera-lenor-8399532.html,limpeza,2025-04-21,Continente
Ambientador Vela Suggared Blossom,8052013,14.99,"€44,09/kg",Yankee Candle,Limpeza/Velas e Ambientadores/Velas,https://www.continente.pt/dw/image/v2/BDVS_PRD/on/demandware.static/-/Sites-col-master-catalog/default/dw24f744d1/images/col/805/8052013-frente.png?sw=280&sh=280,emb. 1 un (340 gr),https://www.continente.pt/produto/ambientador-vela-suggared-blossom-yankee-candle-8052013.html,limpeza,2025-04-21,Continente
Cápsulas Concentradas Multiuso,8048855,1.49,"€0,75/un",Continente Eco,Limpeza/Limpeza Geral/Multisuperfícies,https://www.continente.pt/dw/image/v2/BDVS_PRD/on/demandware.static/-/Sites-col-master-catalog/default/dw995b182b/images/col/804/8048855-frente.png?sw=280&sh=280,emb. 2 un,https://www.continente.pt/produto/capsulas-concentradas-multiuso-continente-eco-8048855.html,limpeza,2025-04-21,Continente
Ambientador Elétrico Lavanda e Camomila com Recarga,4619810,4.49,"€4,49/un",Air Wick,Limpeza/Velas e Ambientadores/Ambientadores Elétricos,https://www.continente.pt/dw/image/v2/BDVS_PRD/on/demandware.static/-/Sites-col-master-catalog/default/dw6bb560cf/images/col/461/4619810-frente.jpg?sw=280&sh=280,emb. 1 un,https://www.continente.pt/produto/ambientador-eletrico-lavanda-e-camomila-com-recarga-air-wick-4619810.html,limpeza,2025-04-21,Continente
Detergente Máquina Roupa Líquido Ultimate 2 em 1,7797180,10.99,"€0,21/dos",Skip,Limpeza/Roupa/Detergente Máquina,https://www.continente.pt/dw/image/v2/BDVS_PRD/on/demandware.static/-/Sites-col-master-catalog/default/dw3370a231/images/col/779/7797180-frente.jpg?sw=280&sh=280,52 doses,https://www.continente.pt/produto/detergente-maquina-roupa-liquido-ultimate-2-em-1-skip-7797180.html,limpeza,2025-04-21,Continente
Escova Multiusos,7622791,1.6,"€1,60/un",Kasa,"Casa, Bricolage e Jardim/Lavandaria, Arrumação e Banho/Utensílios de Limpeza",https://www.continente.pt/dw/image/v2/BDVS_PRD/on/demandware.static/-/Sites-col-master-catalog/default/dw9414d7eb/images/col/762/7622791-cima.jpg?sw=280&sh=280,1 un,https://www.continente.pt/produto/escova-multiusos-kasa-7622791.html,limpeza,2025-04-21,Continente
"Cabo Universal Madeira 1,05m",7631950,2.0,"€2,00/un",Kasa,"Casa, Bricolage e Jardim/Lavandaria, Arrumação e Banho/Utensílios de Limpeza",https://www.continente.pt/dw/image/v2/BDVS_PRD/on/demandware.static/-/Sites-col-master-catalog/default/dwb74f5923/images/col/763/7631950-frente.jpg?sw=280&sh=280,1 un,https://www.continente.pt/produto/cabo-universal-madeira-105m-kasa-7631950.html,limpeza,2025-04-21,Continente
Luvas Multiusos Universais S,2106623,1.7,"€1,70/un",Vileda,"Limpeza/Panos, Esfregões e Luvas/Luvas",https://www.continente.pt/dw/image/v2/BDVS_PRD/on/demandware.static/-/Sites-col-master-catalog/default/dw152ba6b2/images/col/210/2106623-frente.jpg?sw=280&sh=280,1 par,https://www.continente.pt/produto/luvas-multiusos-universais-s-vileda-2106623.html,limpeza,2025-04-21,Continente
Inseticida Spray Rastejantes com Aplicador,6883731,5.79,"€14,47/lt",Baygon,Limpeza/Inseticidas/Inseticidas Spray,https://www.continente.pt/dw/image/v2/BDVS_PRD/on/demandware.static/-/Sites-col-master-catalog/default/dwb657b692/images/col/688/6883731-frente.jpg?sw=280&sh=280,emb. 400 ml,https://www.continente.pt/produto/inseticida-spray-rastejantes-com-aplicador-baygon-6883731.html,limpeza,2025-04-21,Continente
Detergente Máquina Roupa Líquido Ultimate Power+ Pack Poupança,7719909,10.49,"€0,12/dos",Continente,Limpeza/Roupa/Detergente Máquina,https://www.continente.pt/dw/image/v2/BDVS_PRD/on/demandware.static/-/Sites-col-master-catalog/default/dw6489b6b0/images/col/771/7719909-frente.jpg?sw=280&sh=280,86 doses,https://www.continente.pt/produto/detergente-maquina-roupa-liquido-ultimate-power-pack-poupanca-continente-7719909.html,limpeza,2025-04-21,Continente
Ambientador Vela Pure Hapiness,8111064,4.99,"€4,99/un",Glade,Limpeza/Velas e Ambientadores/Velas,https://www.continente.pt/dw/image/v2/BDVS_PRD/on/demandware.static/-/Sites-col-master-catalog/default/dw876cfef4/images/col/811/8111064-frente.jpg?sw=280&sh=280,emb. 1 un (170 gr),https://www.continente.pt/produto/ambientador-vela-pure-hapiness-glade-8111064.html,limpeza,2025-04-21,Continente
Detergente Máquina Roupa Líquido Power+ Aloe Vera Pack Poupança,7719907,9.79,"€0,11/dos",Continente,Limpeza/Roupa/Detergente Máquina,https://www.continente.pt/dw/image/v2/BDVS_PRD/on/demandware.static/-/Sites-col-master-catalog/default/dwa93b9365/images/col/771/7719907-frente.jpg?sw=280&sh=280,86 doses,https://www.continente.pt/produto/detergente-maquina-roupa-liquido-power-aloe-vera-pack-poupanca-continente-7719907.html,limpeza,2025-04-21,Continente
Vassoura Completa Interior Universal,2606354,7.39,"€7,39/un",Vileda,"Casa, Bricolage e Jardim/Lavandaria, Arrumação e Banho/Utensílios de Limpeza",https://www.continente.pt/dw/image/v2/BDVS_PRD/on/demandware.static/-/Sites-col-master-catalog/default/dwac8a89d8/images/col/260/2606354-frente.jpg?sw=280&sh=280,1 un,https://www.continente.pt/produto/vassoura-completa-interior-universal-vileda-2606354.html,limpeza,2025-04-21,Continente
Luvas Jardinagem,7175594,3.49,"€3,49/un",Itools,"Casa, Bricolage e Jardim/Jardinagem e Plantas/Acessórios de Jardinagem",https://www.continente.pt/dw/image/v2/BDVS_PRD/on/demandware.static/-/Sites-col-master-catalog/default/dw471dd1ef/images/col/717/7175594-frente.jpg?sw=280&sh=280,emb. 1 un,https://www.continente.pt/produto/luvas-jardinagem-itools-7175594.html,limpeza,2025-04-21,Continente
Creme com Esponja Autobrilhante Azul,7062950,0.95,"€12,67/lt",Continente,Limpeza/Roupa/Limpeza do Calçado/Autobrilhantador,https://www.continente.pt/dw/image/v2/BDVS_PRD/on/demandware.static/-/Sites-col-master-catalog/default/dw6681d619/images/col/706/7062950-frente.jpg?sw=280&sh=280,emb. 75 ml,https://www.continente.pt/produto/creme-com-esponja-autobrilhante-azul-continente-7062950.html,limpeza,2025-04-21,Continente
Ambientador Recarga Elétrico Baunilha,7960335,7.59,"€2,53/un",Glade,Limpeza/Velas e Ambientadores/Ambientadores Elétricos,https://www.continente.pt/dw/image/v2/BDVS_PRD/on/demandware.static/-/Sites-col-master-catalog/default/dw0ad93a95/images/col/796/7960335-frente.jpg?sw=280&sh=280,emb. 3 x 20 ml,https://www.continente.pt/produto/ambientador-recarga-eletrico-baunilha-glade-7960335.html,limpeza,2025-04-21,Continente
Ambientador Recarga Elétrico Baunilha,6939037,3.49,"€3,49/un",Glade,Limpeza/Velas e Ambientadores/Ambientadores Elétricos,https://www.continente.pt/dw/image/v2/BDVS_PRD/on/demandware.static/-/Sites-col-master-catalog/default/dwbb3a4825/images/col/693/6939037-frente.jpg?sw=280&sh=280,emb. 20 ml,https://www.continente.pt/produto/ambientador-recarga-eletrico-baunilha-glade-6939037.html,limpeza,2025-04-21,Continente
Ambientador Recarga Difusor Essential Mist Nenuco,6813561,4.99,"€4,99/un",Air Wick,Limpeza/Velas e Ambientadores/Ambientadores Automáticos,https://www.continente.pt/dw/image/v2/BDVS_PRD/on/demandware.static/-/Sites-col-master-catalog/default/dw2a79c52e/images/col/681/6813561-frente.jpg?sw=280&sh=280,emb. 1 un,https://www.continente.pt/produto/ambientador-recarga-difusor-essential-mist-nenuco-air-wick-6813561.html,limpeza,2025-04-21,Continente
Lava e Encera Pavimentos Cerâmicos Alfazema,7422456,5.64,"€3,76/lt",Splendor,Limpeza/Limpeza Geral/Madeiras,https://www.continente.pt/dw/image/v2/BDVS_PRD/on/demandware.static/-/Sites-col-master-catalog/default/dwae6bdb6a/images/col/742/7422456-frente.jpg?sw=280&sh=280,"emb. 1,5 lt",https://www.continente.pt/produto/lava-e-encera-pavimentos-ceramicos-alfazema-splendor-7422456.html,limpeza,2025-04-21,Continente
Ambientador Recarga Elétrico 3Volution Maçã e Canela,7662008,3.49,"€3,49/un",Ambipur,Limpeza/Velas e Ambientadores/Ambientadores Elétricos,https://www.continente.pt/dw/image/v2/BDVS_PRD/on/demandware.static/-/Sites-col-master-catalog/default/dw00c17fc1/images/col/766/7662008-frente.jpg?sw=280&sh=280,emb. 20 ml,https://www.continente.pt/produto/ambientador-recarga-eletrico-3volution-maca-e-canela-ambipur-7662008.html,limpeza,2025-04-21,Continente
Ambientador Recarga Difusor Active Fresh Baunilha,8172120,5.99,"€5,99/un",Air Wick,Limpeza/Velas e Ambientadores/Ambientadores Automáticos,https://www.continente.pt/dw/image/v2/BDVS_PRD/on/demandware.static/-/Sites-col-master-catalog/default/dw59ed6b0b/images/col/817/8172120-frente.png?sw=280&sh=280,emb. 1 un,https://www.continente.pt/produto/ambientador-recarga-difusor-active-fresh-baunilha-air-wick-8172120.html,limpeza,2025-04-21,Continente
Ambientador Absorve Odores Lavanda,7960383,1.85,"€1,85/un",Glade,Limpeza/Velas e Ambientadores/Absorve Odores,https://www.continente.pt/dw/image/v2/BDVS_PRD/on/demandware.static/-/Sites-col-master-catalog/default/dwe33bf16f/images/col/796/7960383-frente.jpg?sw=280&sh=280,emb. 150 gr,https://www.continente.pt/produto/ambientador-absorve-odores-lavanda-glade-7960383.html,limpeza,2025-04-21,Continente
Ambientador Spray Luxe Bouquet,7705535,2.99,"€11,96/lt",Continente,Limpeza/Velas e Ambientadores/Sprays,https://www.continente.pt/dw/image/v2/BDVS_PRD/on/demandware.static/-/Sites-col-master-catalog/default/dw60a5519a/images/col/770/7705535-frente.jpg?sw=280&sh=280,emb. 250 ml,https://www.continente.pt/produto/ambientador-spray-luxe-bouquet-continente-7705535.html,limpeza,2025-04-21,Continente
Ambientador Recarga Elétrico Sandalwood e Jasmim,6939035,3.49,"€3,49/un",Glade,Limpeza/Velas e Ambientadores/Ambientadores Elétricos,https://www.continente.pt/dw/image/v2/BDVS_PRD/on/demandware.static/-/Sites-col-master-catalog/default/dw49cbad32/images/col/693/6939035-frente.jpg?sw=280&sh=280,emb. 20 ml,https://www.continente.pt/produto/ambientador-recarga-eletrico-sandalwood-e-jasmim-glade-6939035.html,limpeza,2025-04-21,Continente
Sacos para Frutas e Verduras,7648161,1.61,"€0,10/un",Silvex,Limpeza/Cozinha/Películas e Sacos de Conservação,https://www.continente.pt/dw/image/v2/BDVS_PRD/on/demandware.static/-/Sites-col-master-catalog/default/dw18e905ef/images/col/764/7648161-frente.jpg?sw=280&sh=280,emb. 16 un,https://www.continente.pt/produto/sacos-para-frutas-e-verduras-silvex-7648161.html,limpeza,2025-04-21,Continente
Detergente Máquina Roupa Cápsulas Ocean Dream,7995403,5.95,"€0,27/dos",A+,Limpeza/Roupa/Detergente Máquina,https://www.continente.pt/dw/image/v2/BDVS_PRD/on/demandware.static/-/Sites-col-master-catalog/default/dwf48b8ba5/images/col/799/7995403-frente.jpg?sw=280&sh=280,22 doses,https://www.continente.pt/produto/detergente-maquina-roupa-capsulas-ocean-dream-a-7995403.html,limpeza,2025-04-21,Continente
Intensificador Perfume Pérolas Orquídea Dourada,8399051,5.99,"€30,72/kg",Lenor,Limpeza/Roupa/Amaciador e Intensificador Perfume,https://www.continente.pt/dw/image/v2/BDVS_PRD/on/demandware.static/-/Sites-col-master-catalog/default/dwb9c84858/images/col/839/8399051-hero.png?sw=280&sh=280,16 doses (195 gr),https://www.continente.pt/produto/intensificador-perfume-perolas-orquidea-dourada-lenor-8399051.html,limpeza,2025-04-21,Continente
Cera Madeira Acrílica,6778215,2.59,"€3,45/lt",Continente,Limpeza/Limpeza Geral/Madeiras,https://www.continente.pt/dw/image/v2/BDVS_PRD/on/demandware.static/-/Sites-col-master-catalog/default/dw214cfbb0/images/col/677/6778215-hero.jpg?sw=280&sh=280,emb. 750 ml,https://www.continente.pt/produto/cera-madeira-acrilica-continente-6778215.html,limpeza,2025-04-21,Continente
Ambientador Recarga Aromatherapy Cool Mist Moment of Zen,7458356,3.99,"€3,99/un",Glade,Limpeza/Velas e Ambientadores/Ambientadores Automáticos,https://www.continente.pt/dw/image/v2/BDVS_PRD/on/demandware.static/-/Sites-col-master-catalog/default/dwb30ecfbc/images/col/745/7458356-frente.jpg?sw=280&sh=280,emb. 17 ml,https://www.continente.pt/produto/ambientador-recarga-aromatherapy-cool-mist-moment-of-zen-glade-7458356.html,limpeza,2025-04-21,Continente
Sistema Turbo Esfregona e Balde com Pedal,4707702,34.99,"€34,99/un",Vileda,"Casa, Bricolage e Jardim/Lavandaria, Arrumação e Banho/Utensílios de Limpeza",https://www.continente.pt/dw/image/v2/BDVS_PRD/on/demandware.static/-/Sites-col-master-catalog/default/dwb3ccd51c/images/col/470/4707702-frente.jpg?sw=280&sh=280,1 un,https://www.continente.pt/produto/sistema-turbo-esfregona-e-balde-com-pedal-vileda-4707702.html,limpeza,2025-04-21,Continente
Detergente Máquina Roupa Líquido Frescura Floral,8071785,10.99,"€0,12/dos",Xtra,Limpeza/Roupa/Detergente Máquina,https://www.continente.pt/dw/image/v2/BDVS_PRD/on/demandware.static/-/Sites-col-master-catalog/default/dwf853cef5/images/col/807/8071785-frente.png?sw=280&sh=280,90 doses,https://www.continente.pt/produto/detergente-maquina-roupa-liquido-frescura-floral-xtra-8071785.html,limpeza,2025-04-21,Continente
Creme com Esponja Autobrilhante Preto,4083476,1.89,"€37,80/lt",Búfalo,Limpeza/Roupa/Limpeza do Calçado/Autobrilhantador,https://www.continente.pt/dw/image/v2/BDVS_PRD/on/demandware.static/-/Sites-col-master-catalog/default/dwc42468c4/images/col/408/4083476-frente.jpg?sw=280&sh=280,emb. 50 ml,https://www.continente.pt/produto/creme-com-esponja-autobrilhante-preto-bufalo-4083476.html,limpeza,2025-04-21,Continente
Inseticida Elétrico Melgas e Mosquitos Pack Duplo,6881802,10.59,"€5,29/un",Raid,Limpeza/Inseticidas/Inseticidas Elétricos,https://www.continente.pt/dw/image/v2/BDVS_PRD/on/demandware.static/-/Sites-col-master-catalog/default/dw7f8c5010/images/col/688/6881802-frente.jpg?sw=280&sh=280,emb. 2 x 45 noites,https://www.continente.pt/produto/inseticida-eletrico-melgas-e-mosquitos-pack-duplo-raid-6881802.html,limpeza,2025-04-21,Continente
Bloco Sanitário Blue Active Eucalipto,8210625,17.49,"€2,92/un",Bref Sonasol,Limpeza/Casa de Banho/Blocos Sanitários,https://www.continente.pt/dw/image/v2/BDVS_PRD/on/demandware.static/-/Sites-col-master-catalog/default/dw084dd235/images/col/821/8210625-frente.jpg?sw=280&sh=280,emb. 6 un,https://www.continente.pt/produto/bloco-sanitario-blue-active-eucalipto-bref-sonasol-8210625.html,limpeza,2025-04-21,Continente
Sistema Turbo Smart Esfregona Microfibras e Balde com pedal,7099524,29.95,"€29,95/un",Vileda,"Casa, Bricolage e Jardim/Lavandaria, Arrumação e Banho/Utensílios de Limpeza",https://www.continente.pt/dw/image/v2/BDVS_PRD/on/demandware.static/-/Sites-col-master-catalog/default/dw0ee7265b/images/col/709/7099524-frente.jpg?sw=280&sh=280,1 un,https://www.continente.pt/produto/sistema-turbo-smart-esfregona-microfibras-e-balde-com-pedal-vileda-7099524.html,limpeza,2025-04-21,Continente
Ambientador Recarga Elétrico 3volution Sevilha,8034354,3.49,"€174,50/lt",Ambipur,Limpeza/Velas e Ambientadores/Ambientadores Elétricos,https://www.continente.pt/dw/image/v2/BDVS_PRD/on/demandware.static/-/Sites-col-master-catalog/default/dw3c9406c5/images/col/803/8034354-frente.png?sw=280&sh=280,emb. 20 ml,https://www.continente.pt/produto/ambientador-recarga-eletrico-3volution-sevilha-ambipur-8034354.html,limpeza,2025-04-21,Continente
Spray WC Limpeza Eficaz,7462724,1.49,"€1,99/lt",Continente Eco,Limpeza/Casa de Banho/Multisuperfícies,https://www.continente.pt/dw/image/v2/BDVS_PRD/on/demandware.static/-/Sites-col-master-catalog/default/dwd30d2002/images/col/746/7462724-frente.jpg?sw=280&sh=280,emb. 750 ml,https://www.continente.pt/produto/spray-wc-limpeza-eficaz-continente-eco-7462724.html,limpeza,2025-04-21,Continente
Ambientador Recarga Elétrico Relax Lavanda,4965709,2.99,"€2,99/un",Continente,Limpeza/Velas e Ambientadores/Ambientadores Elétricos,https://www.continente.pt/dw/image/v2/BDVS_PRD/on/demandware.static/-/Sites-col-master-catalog/default/dw9359c709/images/col/496/4965709-frente.jpg?sw=280&sh=280,emb. 1 un,https://www.continente.pt/produto/ambientador-recarga-eletrico-relax-lavanda-continente-4965709.html,limpeza,2025-04-21,Continente
Cabo Universal Extensível 80-140cm,7618338,2.5,"€2,50/un",Kasa,"Casa, Bricolage e Jardim/Todos",https://www.continente.pt/dw/image/v2/BDVS_PRD/on/demandware.static/-/Sites-col-master-catalog/default/dwb134efab/images/col/761/7618338-frente.jpg?sw=280&sh=280,1 un,https://www.continente.pt/produto/cabo-universal-extensivel-80-140cm-kasa-7618338.html,limpeza,2025-04-21,Continente
Esfregão Inox Colors,8112096,3.99,"€2,00/un",Vileda,"Limpeza/Panos, Esfregões e Luvas/Esfregões",https://www.continente.pt/dw/image/v2/BDVS_PRD/on/demandware.static/-/Sites-col-master-catalog/default/dwd95929ce/images/col/811/8112096-frente.png?sw=280&sh=280,emb. 2 un,https://www.continente.pt/produto/esfregao-inox-colors-vileda-8112096.html,limpeza,2025-04-21,Continente
Spray Desengordurante,2742195,2.98,"€3,97/lt",Kh-7,Limpeza/Cozinha/Multisuperfícies,https://www.continente.pt/dw/image/v2/BDVS_PRD/on/demandware.static/-/Sites-col-master-catalog/default/dweac466de/images/col/274/2742195-frente.jpg?sw=280&sh=280,emb. 750 ml,https://www.continente.pt/produto/spray-desengordurante-kh-7-2742195.html,limpeza,2025-04-21,Continente
Sabão Tradicional Rosa,8033629,1.69,"€4,23/kg",Continente,Limpeza/Roupa/Detergente Manual,https://www.continente.pt/dw/image/v2/BDVS_PRD/on/demandware.static/-/Sites-col-master-catalog/default/dw171b4533/images/col/803/8033629-frente.png?sw=280&sh=280,emb. 400 gr,https://www.continente.pt/produto/sabao-tradicional-rosa-continente-8033629.html,limpeza,2025-04-21,Continente
Ambientador Vela Pepperberry Pine,7836846,4.99,"€4,99/un",Yankee Candle,Limpeza/Velas e Ambientadores/Velas,https://www.continente.pt/dw/image/v2/BDVS_PRD/on/demandware.static/-/Sites-col-master-catalog/default/dwc42b1d0a/images/col/783/7836846-frente.jpg?sw=280&sh=280,emb. 1 un (104 gr),https://www.continente.pt/produto/ambientador-vela-pepperberry-pine-yankee-candle-7836846.html,limpeza,2025-04-21,Continente
Recarga Vassoura Anti-choque Multiusos,7618328,3.2,"€3,20/un",Kasa,"Casa, Bricolage e Jardim/Lavandaria, Arrumação e Banho/Utensílios de Limpeza",https://www.continente.pt/dw/image/v2/BDVS_PRD/on/demandware.static/-/Sites-col-master-catalog/default/dw5aa15a5d/images/col/761/7618328-frente.jpg?sw=280&sh=280,1 un,https://www.continente.pt/produto/recarga-vassoura-anti-choque-multiusos-kasa-7618328.html,limpeza,2025-04-21,Continente
Removedor de Bolores e Fungos,7371086,3.49,"€3,49/un",Boost,"Casa, Bricolage e Jardim/Lojas de Marcas/Boost/Limpeza da Casa e do Carro",https://www.continente.pt/dw/image/v2/BDVS_PRD/on/demandware.static/-/Sites-col-master-catalog/default/dwc58aaae1/images/col/737/7371086-frente.jpg?sw=280&sh=280,emb. 500 ml,https://www.continente.pt/produto/removedor-de-bolores-e-fungos-boost-7371086.html,limpeza,2025-04-21,Continente
Inseticida Spray Casa e Plantas,2304301,4.49,"€11,22/lt",Dum Dum,Limpeza/Inseticidas/Inseticidas Spray,https://www.continente.pt/dw/image/v2/BDVS_PRD/on/demandware.static/-/Sites-col-master-catalog/default/dw71d03b04/images/col/230/2304301-hero.jpg?sw=280&sh=280,emb. 400 ml,https://www.continente.pt/produto/inseticida-spray-casa-e-plantas-dum-dum-2304301.html,limpeza,2025-04-21,Continente
Inseticida Spray Voadores e Rastejantes,6072998,2.79,"€5,58/lt",Continente,Limpeza/Inseticidas/Inseticidas Spray,https://www.continente.pt/dw/image/v2/BDVS_PRD/on/demandware.static/-/Sites-col-master-catalog/default/dwcb20be39/images/col/607/6072998-frente.jpg?sw=280&sh=280,emb. 500 ml,https://www.continente.pt/produto/inseticida-spray-voadores-e-rastejantes-continente-6072998.html,limpeza,2025-04-21,Continente
Espanador Limpa Pó 5 Recargas,4257995,2.69,"€0,54/un",Continente,"Limpeza/Mopas, Esfregonas e Vassouras/Mopas e Espanadores",https://www.continente.pt/dw/image/v2/BDVS_PRD/on/demandware.static/-/Sites-col-master-catalog/default/dwe3ec21a5/images/col/425/4257995-frente.jpg?sw=280&sh=280,emb. 1 un,https://www.continente.pt/produto/espanador-limpa-po-5-recargas-continente-4257995.html,limpeza,2025-04-21,Continente
Ambientador Elétrico Pure Nenuco com Recarga,5747065,4.49,"€4,49/un",Air Wick,Limpeza/Velas e Ambientadores/Ambientadores Elétricos,https://www.continente.pt/dw/image/v2/BDVS_PRD/on/demandware.static/-/Sites-col-master-catalog/default/dwe00f1acd/images/col/574/5747065-frente.jpg?sw=280&sh=280,emb. 1 un,https://www.continente.pt/produto/ambientador-eletrico-pure-nenuco-com-recarga-air-wick-5747065.html,limpeza,2025-04-21,Continente
Ambientador Absorve Odores Laranja e Canela,8164674,2.49,"€2,49/un",Ambipur,Limpeza/Velas e Ambientadores/Absorve Odores,https://www.continente.pt/dw/image/v2/BDVS_PRD/on/demandware.static/-/Sites-col-master-catalog/default/dwbe57c169/images/col/816/8164674-hero.jpg?sw=280&sh=280,emb. 1 un,https://www.continente.pt/produto/ambientador-absorve-odores-laranja-e-canela-ambipur-8164674.html,limpeza,2025-04-21,Continente
Luvas Nitrílica Anti-Deslizante XL,7201731,2.79,"€2,79/un",Itools,"Casa, Bricolage e Jardim/Bricolage/Ferramentas e Acessórios/Proteção Individual",https://www.continente.pt/dw/image/v2/BDVS_PRD/on/demandware.static/-/Sites-col-master-catalog/default/dwd7620575/images/col/720/7201731-frente.jpg?sw=280&sh=280,emb. 2 un,https://www.continente.pt/produto/luvas-nitrilica-anti-deslizante-xl-itools-7201731.html,limpeza,2025-04-21,Continente
Inseticida Elétrico Melgas e Mosquitos + Recarga,2182551,3.99,"€3,99/un",Continente,Limpeza/Inseticidas/Inseticidas Elétricos,https://www.continente.pt/dw/image/v2/BDVS_PRD/on/demandware.static/-/Sites-col-master-catalog/default/dw2ee7c465/images/col/218/2182551-frente.png?sw=280&sh=280,45 Noites,https://www.continente.pt/produto/inseticida-eletrico-melgas-e-mosquitos-recarga-continente-2182551.html,limpeza,2025-04-21,Continente
Amaciador Roupa Concentrado Talco,6580469,3.24,"€0,11/dos",Chicco,Limpeza/Roupa/Amaciador e Intensificador Perfume,https://www.continente.pt/dw/image/v2/BDVS_PRD/on/demandware.static/-/Sites-col-master-catalog/default/dwbc0c5bf4/images/col/658/6580469-frente.jpg?sw=280&sh=280,emb. 750 ml,https://www.continente.pt/produto/amaciador-roupa-concentrado-talco-chicco-6580469.html,limpeza,2025-04-21,Continente
Ambientador Recarga Difusor Berry Festive Kiss,8165299,5.59,"€10,39/lt",Glade,Limpeza/Velas e Ambientadores/Ambientadores Automáticos,https://www.continente.pt/dw/image/v2/BDVS_PRD/on/demandware.static/-/Sites-col-master-catalog/default/dwbba4ba8b/images/col/816/8165299-frente.jpg?sw=280&sh=280,emb. 2 un,https://www.continente.pt/produto/ambientador-recarga-difusor-berry-festive-kiss-glade-8165299.html,limpeza,2025-04-21,Continente
Toalhitas Limpeza Multiusos,8210375,2.49,"€2,49/un",Splendor,Limpeza/Limpeza Geral/Multisuperfícies,https://www.continente.pt/dw/image/v2/BDVS_PRD/on/demandware.static/-/Sites-col-master-catalog/default/dw8ae78af4/images/col/821/8210375-frente.jpg?sw=280&sh=280,emb. 1 un,https://www.continente.pt/produto/toalhitas-limpeza-multiusos-splendor-8210375.html,limpeza,2025-04-21,Continente
Ambientador Absorve Odores Sandalwood,7397817,3.29,"€3,29/un",Glade,Limpeza/Velas e Ambientadores/Absorve Odores,https://www.continente.pt/dw/image/v2/BDVS_PRD/on/demandware.static/-/Sites-col-master-catalog/default/dw4dba1c7b/images/col/739/7397817-frente.jpg?sw=280&sh=280,emb. 1 un,https://www.continente.pt/produto/ambientador-absorve-odores-sandalwood-glade-7397817.html,limpeza,2025-04-21,Continente
Ambientador Recarga Difusor Warm Apple Pie + Berry Festive Kiss,8165551,8.18,"€10,14/lt",Glade,Limpeza/Velas e Ambientadores/Ambientadores Automáticos,https://www.continente.pt/dw/image/v2/BDVS_PRD/on/demandware.static/-/Sites-col-master-catalog/default/dw318a7b66/images/col/816/8165551-frente.jpg?sw=280&sh=280,emb. 3 un,https://www.continente.pt/produto/ambientador-recarga-difusor-warm-apple-pie-berry-festive-kiss-glade-8165551.html,limpeza,2025-04-21,Continente
Ambientador Elétrico Frutos Vermelhos,8177976,2.99,"€2,99/un",Continente,Limpeza/Velas e Ambientadores/Ambientadores Elétricos,https://www.continente.pt/dw/image/v2/BDVS_PRD/on/demandware.static/-/Sites-col-master-catalog/default/dw1128d542/images/col/817/8177976-frente.png?sw=280&sh=280,emb. 1 un,https://www.continente.pt/produto/ambientador-eletrico-frutos-vermelhos-continente-8177976.html,limpeza,2025-04-21,Continente
Bloco Sanitário Romantic Jays,8033891,4.39,"€1,46/un",Bref,Limpeza/Casa de Banho/Blocos Sanitários,https://www.continente.pt/dw/image/v2/BDVS_PRD/on/demandware.static/-/Sites-col-master-catalog/default/dw0e4e6779/images/col/803/8033891-frente.png?sw=280&sh=280,emb. 3 un,https://www.continente.pt/produto/bloco-sanitario-romantic-jays-bref-8033891.html,limpeza,2025-04-21,Continente
Detergente Máquina Roupa Cápsulas Colour,7825800,8.99,"€0,24/dos",A+,Limpeza/Roupa/Detergente Máquina,https://www.continente.pt/dw/image/v2/BDVS_PRD/on/demandware.static/-/Sites-col-master-catalog/default/dw2f83dd6e/images/col/782/7825800-frente.jpg?sw=280&sh=280,38 doses,https://www.continente.pt/produto/detergente-maquina-roupa-capsulas-colour-a-7825800.html,limpeza,2025-04-21,Continente
Conjunto Vassoura Pequena e Pá para Lixo 2 em 1,5234595,6.69,"€6,69/un",Vileda,"Casa, Bricolage e Jardim/Lavandaria, Arrumação e Banho/Utensílios de Limpeza",https://www.continente.pt/dw/image/v2/BDVS_PRD/on/demandware.static/-/Sites-col-master-catalog/default/dw22588794/images/col/523/5234595-frente.jpg?sw=280&sh=280,1 un,https://www.continente.pt/produto/conjunto-vassoura-pequena-e-pa-para-lixo-2-em-1-vileda-5234595.html,limpeza,2025-04-21,Continente
Fita para Moscas,7162582,2.99,"€2,99/un",,"Casa, Bricolage e Jardim/Jardinagem e Plantas/Substratos e Tratamento",https://www.continente.pt/dw/image/v2/BDVS_PRD/on/demandware.static/-/Sites-col-master-catalog/default/dw769bd8ac/images/col/716/7162582-frente.jpg?sw=280&sh=280,emb. 6 un,https://www.continente.pt/produto/fita-para-moscas-7162582.html,limpeza,2025-04-21,Continente
Limpa Vidros Spray Brilhante,6924769,1.99,"€3,98/lt",Sonasol,Limpeza/Limpeza Geral/Limpa Vidros,https://www.continente.pt/dw/image/v2/BDVS_PRD/on/demandware.static/-/Sites-col-master-catalog/default/dw8669f8a2/images/col/692/6924769-hero.jpg?sw=280&sh=280,emb. 500 ml,https://www.continente.pt/produto/limpa-vidros-spray-brilhante-sonasol-6924769.html,limpeza,2025-04-21,Continente
Detergente Máquina Roupa Líquido Active Fresh,7778799,9.99,"€0,18/dos",Skip,Limpeza/Roupa/Detergente Máquina,https://www.continente.pt/dw/image/v2/BDVS_PRD/on/demandware.static/-/Sites-col-master-catalog/default/dw7f3e887c/images/col/777/7778799-hero.png?sw=280&sh=280,56 doses,https://www.continente.pt/produto/detergente-maquina-roupa-liquido-active-fresh-skip-7778799.html,limpeza,2025-04-21,Continente
Detergente Máquina Roupa Cápsulas Active Clean,7847129,8.99,"€0,28/dos",Skip,Limpeza/Roupa/Detergente Máquina,https://www.continente.pt/dw/image/v2/BDVS_PRD/on/demandware.static/-/Sites-col-master-catalog/default/dwec84693f/images/col/784/7847129-direito.jpg?sw=280&sh=280,32 doses,https://www.continente.pt/produto/detergente-maquina-roupa-capsulas-active-clean-skip-7847129.html,limpeza,2025-04-21,Continente
Balde Reciclagem Vertical 42L,7574891,50.0,"€50,00/un",Kasa,"Casa, Bricolage e Jardim/Lavandaria, Arrumação e Banho/Baldes e Sacos do Lixo",https://www.continente.pt/dw/image/v2/BDVS_PRD/on/demandware.static/-/Sites-col-master-catalog/default/dwf18e2af8/images/col/757/7574891-frente.jpg?sw=280&sh=280,1 un,https://www.continente.pt/produto/balde-reciclagem-vertical-42l-kasa-7574891.html,limpeza,2025-04-21,Continente
Pomada para Calçado Preta,5614940,2.89,"€38,53/lt",Búfalo,Limpeza/Roupa/Limpeza do Calçado/Cremes,https://www.continente.pt/dw/image/v2/BDVS_PRD/on/demandware.static/-/Sites-col-master-catalog/default/dw3910cc70/images/col/561/5614940-cima.jpg?sw=280&sh=280,emb. 75 ml,https://www.continente.pt/produto/pomada-para-calcado-preta-bufalo-5614940.html,limpeza,2025-04-21,Continente
Restaurador de Móveis Extra Care,2054665,4.09,"€40,90/lt",Pronto,Limpeza/Limpeza Geral/Madeiras,https://www.continente.pt/dw/image/v2/BDVS_PRD/on/demandware.static/-/Sites-col-master-catalog/default/dw46287285/images/col/205/2054665-frente.jpg?sw=280&sh=280,emb. 100 ml,https://www.continente.pt/produto/restaurador-de-moveis-extra-care-pronto-2054665.html,limpeza,2025-04-21,Continente
Detergente Máquina Roupa Líquido Essência,7778282,9.99,"€0,10/dos",Flota,Limpeza/Roupa/Detergente Máquina,https://www.continente.pt/dw/image/v2/BDVS_PRD/on/demandware.static/-/Sites-col-master-catalog/default/dw04308e96/images/col/777/7778282-frente.jpg?sw=280&sh=280,100 doses,https://www.continente.pt/produto/detergente-maquina-roupa-liquido-essencia-flota-7778282.html,limpeza,2025-04-21,Continente
Recarga Esfregona Tiras Microfibra Cruzadas Brancas e Cinzas,7612806,3.5,"€3,50/un",Kasa,"Casa, Bricolage e Jardim/Lavandaria, Arrumação e Banho/Utensílios de Limpeza",https://www.continente.pt/dw/image/v2/BDVS_PRD/on/demandware.static/-/Sites-col-master-catalog/default/dw93728cf6/images/col/761/7612806-esquerdo.jpg?sw=280&sh=280,1 un,https://www.continente.pt/produto/recarga-esfregona-tiras-microfibra-cruzadas-brancas-e-cinzas-kasa-7612806.html,limpeza,2025-04-21,Continente
Amaciador Roupa Concentrado April Fresh,7744036,5.99,"€0,07/dos",Lenor,Limpeza/Roupa/Amaciador e Intensificador Perfume,https://www.continente.pt/dw/image/v2/BDVS_PRD/on/demandware.static/-/Sites-col-master-catalog/default/dw822d08c0/images/col/774/7744036-hero.jpg?sw=280&sh=280,86 doses,https://www.continente.pt/produto/amaciador-roupa-concentrado-april-fresh-lenor-7744036.html,limpeza,2025-04-21,Continente
Detergente Máquina Roupa Líquido Color,7636127,8.99,"€0,13/dos",Xtra,Limpeza/Roupa/Detergente Máquina,https://www.continente.pt/dw/image/v2/BDVS_PRD/on/demandware.static/-/Sites-col-master-catalog/default/dwc6dcc696/images/col/763/7636127-frente.jpg?sw=280&sh=280,70 doses,https://www.continente.pt/produto/detergente-maquina-roupa-liquido-color-xtra-7636127.html,limpeza,2025-04-21,Continente
Desengordurante Spray Placas de Indução,6546267,5.99,"€13,31/lt",Induclen,"Limpeza/Cozinha/Limpeza Fogão, Forno e Frigorífico",https://www.continente.pt/dw/image/v2/BDVS_PRD/on/demandware.static/-/Sites-col-master-catalog/default/dw3e31fc86/images/col/654/6546267-frente.jpg?sw=280&sh=280,emb. 450 ml,https://www.continente.pt/produto/desengordurante-spray-placas-de-inducao-induclen-6546267.html,limpeza,2025-04-21,Continente
Esfregão Esponja Scrub Mommy Pink,8234652,3.69,"€3,69/un",Scrub Daddy,"Limpeza/Panos, Esfregões e Luvas/Esfregões",https://www.continente.pt/dw/image/v2/BDVS_PRD/on/demandware.static/-/Sites-col-master-catalog/default/dwb8c10154/images/col/823/8234652-frente.jpg?sw=280&sh=280,emb. 1 un,https://www.continente.pt/produto/esfregao-esponja-scrub-mommy-pink-scrub-daddy-8234652.html,limpeza,2025-04-21,Continente
Ambientador Recarga Eléctrico 3volution Lavanda,8167436,3.49,"€17,45/lt",Ambipur,Limpeza/Velas e Ambientadores/Ambientadores Elétricos,https://www.continente.pt/dw/image/v2/BDVS_PRD/on/demandware.static/-/Sites-col-master-catalog/default/dwcbb5e9ee/images/col/816/8167436-hero.jpg?sw=280&sh=280,emb. 1 un,https://www.continente.pt/produto/ambientador-recarga-electrico-3volution-lavanda-ambipur-8167436.html,limpeza,2025-04-21,Continente
Detergente Máquina Roupa Gel Frescura Oceânica,8078027,10.99,"€0,12/dos",Xtra,Limpeza/Roupa/Detergente Máquina,https://www.continente.pt/dw/image/v2/BDVS_PRD/on/demandware.static/-/Sites-col-master-catalog/default/dw162b160e/images/col/807/8078027-frente.png?sw=280&sh=280,90 doses,https://www.continente.pt/produto/detergente-maquina-roupa-gel-frescura-oceanica-xtra-8078027.html,limpeza,2025-04-21,Continente
Detergente Máquina Roupa Líquido Express Freshness,8190881,9.99,"€0,18/dos",Persil,Limpeza/Roupa/Detergente Máquina,https://www.continente.pt/dw/image/v2/BDVS_PRD/on/demandware.static/-/Sites-col-master-catalog/default/dw0e59eac3/images/col/819/8190881-frente.png?sw=280&sh=280,54 doses,https://www.continente.pt/produto/detergente-maquina-roupa-liquido-express-freshness-persil-8190881.html,limpeza,2025-04-21,Continente
Detergente Máquina Roupa Líquido Expert Stain Removal,8190886,11.99,"€0,18/dos",Persil,Limpeza/Roupa/Detergente Máquina,https://www.continente.pt/dw/image/v2/BDVS_PRD/on/demandware.static/-/Sites-col-master-catalog/default/dwa425f08c/images/col/819/8190886-frente.png?sw=280&sh=280,68 doses,https://www.continente.pt/produto/detergente-maquina-roupa-liquido-expert-stain-removal-persil-8190886.html,limpeza,2025-04-21,Continente
Armadilha Inseticida para Formigas,7506214,2.49,"€1,25/un",Continente,Limpeza/Inseticidas/Armadilhas e Outros Inseticidas,https://www.continente.pt/dw/image/v2/BDVS_PRD/on/demandware.static/-/Sites-col-master-catalog/default/dw8e68edd5/images/col/750/7506214-topshot.jpg?sw=280&sh=280,emb. 2 un,https://www.continente.pt/produto/armadilha-inseticida-para-formigas-continente-7506214.html,limpeza,2025-04-21,Continente
Recarga Vassoura Anti-choque Dupla Ação,7618329,3.8,"€3,80/un",Kasa,"Casa, Bricolage e Jardim/Lavandaria, Arrumação e Banho/Utensílios de Limpeza",https://www.continente.pt/dw/image/v2/BDVS_PRD/on/demandware.static/-/Sites-col-master-catalog/default/dw9fbb8f21/images/col/761/7618329-frente.jpg?sw=280&sh=280,1 un,https://www.continente.pt/produto/recarga-vassoura-anti-choque-dupla-acao-kasa-7618329.html,limpeza,2025-04-21,Continente
Detergente Máquina Roupa Folhas Flor de Pêssego,8181919,4.99,"€0,10/dos",Clean Essence,Limpeza/Roupa/Detergente Máquina,https://www.continente.pt/dw/image/v2/BDVS_PRD/on/demandware.static/-/Sites-col-master-catalog/default/dw3442d2ef/images/col/818/8181919-frente.png?sw=280&sh=280,52 doses,https://www.continente.pt/produto/detergente-maquina-roupa-folhas-flor-de-pessego-clean-essence-8181919.html,limpeza,2025-04-21,Continente
Inseticida Spray Rastejantes,3852943,5.24,"€13,10/lt",Dum Dum,Limpeza/Inseticidas/Inseticidas Spray,https://www.continente.pt/dw/image/v2/BDVS_PRD/on/demandware.static/-/Sites-col-master-catalog/default/dw956e4697/images/col/385/3852943-hero.jpg?sw=280&sh=280,emb. 400 ml,https://www.continente.pt/produto/inseticida-spray-rastejantes-dum-dum-3852943.html,limpeza,2025-04-21,Continente
Ambientador Recarga Elétrico Nuvens Algodão,8173917,3.49,"€3,49/un",Ambipur,Limpeza/Velas e Ambientadores/Ambientadores Elétricos,https://www.continente.pt/dw/image/v2/BDVS_PRD/on/demandware.static/-/Sites-col-master-catalog/default/dw9b2984cb/images/col/817/8173917-frente.png?sw=280&sh=280,emb. 1 un,https://www.continente.pt/produto/ambientador-recarga-eletrico-nuvens-algodao-ambipur-8173917.html,limpeza,2025-04-21,Continente
Tira Nódoas Escova a Seco,4975435,3.95,"€19,75/lt",Iberia,Limpeza/Roupa/Aditivos e Auxiliares,https://www.continente.pt/dw/image/v2/BDVS_PRD/on/demandware.static/-/Sites-col-master-catalog/default/dw168a689a/images/col/497/4975435-frente.jpg?sw=280&sh=280,emb. 200 ml,https://www.continente.pt/produto/tira-nodoas-escova-a-seco-iberia-4975435.html,limpeza,2025-04-21,Continente
Ambientador Elétrico Baunilha,8172141,4.49,"€4,49/un",Air Wick,Limpeza/Velas e Ambientadores/Ambientadores Elétricos,https://www.continente.pt/dw/image/v2/BDVS_PRD/on/demandware.static/-/Sites-col-master-catalog/default/dwff6da0c0/images/col/817/8172141-frente.png?sw=280&sh=280,emb. 1 un,https://www.continente.pt/produto/ambientador-eletrico-baunilha-air-wick-8172141.html,limpeza,2025-04-21,Continente
Vela em Copo 110g Maçã Canela,7798258,1.48,"€1,48/un",Kasa,"Casa, Bricolage e Jardim/Decoração/Velas e Suportes",https://www.continente.pt/dw/image/v2/BDVS_PRD/on/demandware.static/-/Sites-col-master-catalog/default/dwc7766b43/images/col/779/7798258-frente.jpg?sw=280&sh=280,1 un,https://www.continente.pt/produto/vela-em-copo-110g-maca-canela-kasa-7798258.html,limpeza,2025-04-21,Continente
Tira Nódoas Pó Oxi Advance Limpeza Higiénica,7638312,11.49,"€8,21/kg",Vanish,Limpeza/Roupa/Aditivos e Auxiliares,https://www.continente.pt/dw/image/v2/BDVS_PRD/on/demandware.static/-/Sites-col-master-catalog/default/dw2261b338/images/col/763/7638312-frente.jpg?sw=280&sh=280,"emb. 1,4 kg",https://www.continente.pt/produto/tira-nodoas-po-oxi-advance-limpeza-higienica-vanish-7638312.html,limpeza,2025-04-21,Continente
Conjunto 3 Baldes Reciclagem Plástico 3x35L Cinza,7095100,35.0,"€35,00/un",Kasa,"Casa, Bricolage e Jardim/Lavandaria, Arrumação e Banho/Baldes e Sacos do Lixo",https://www.continente.pt/dw/image/v2/BDVS_PRD/on/demandware.static/-/Sites-col-master-catalog/default/dwfd646d90/images/col/709/7095100-frente.jpg?sw=280&sh=280,1 un,https://www.continente.pt/produto/conjunto-3-baldes-reciclagem-plastico-3x35l-cinza-kasa-7095100.html,limpeza,2025-04-21,Continente
Recarga Ambientador Elétrico Duo Mulled Wine,8172138,5.49,"€5,49/un",Air Wick,Limpeza/Velas e Ambientadores/Ambientadores Elétricos,https://www.continente.pt/dw/image/v2/BDVS_PRD/on/demandware.static/-/Sites-col-master-catalog/default/dw6c50e2e9/images/col/817/8172138-frente.png?sw=280&sh=280,emb. 2 un,https://www.continente.pt/produto/recarga-ambientador-eletrico-duo-mulled-wine-air-wick-8172138.html,limpeza,2025-04-21,Continente
Ambientador Elétrico Flor de Baunilha,8177977,2.99,"€2,99/un",Continente,Limpeza/Velas e Ambientadores/Ambientadores Elétricos,https://www.continente.pt/dw/image/v2/BDVS_PRD/on/demandware.static/-/Sites-col-master-catalog/default/dw42c0a632/images/col/817/8177977-frente.png?sw=280&sh=280,emb. 1 un,https://www.continente.pt/produto/ambientador-eletrico-flor-de-baunilha-continente-8177977.html,limpeza,2025-04-21,Continente
Luvas Ultra Sensitive M,7405252,1.84,"€1,84/un",Scotch-Brite,"Limpeza/Panos, Esfregões e Luvas/Luvas",https://www.continente.pt/dw/image/v2/BDVS_PRD/on/demandware.static/-/Sites-col-master-catalog/default/dwe4e85238/images/col/740/7405252-frente.jpg?sw=280&sh=280,1 par,https://www.continente.pt/produto/luvas-ultra-sensitive-m-scotch-brite-7405252.html,limpeza,2025-04-21,Continente
Ambientador WC Spray Lavanda com Recarga,7251261,2.99,"€1,50/un",Continente,Limpeza/Velas e Ambientadores/Absorve Odores,https://www.continente.pt/dw/image/v2/BDVS_PRD/on/demandware.static/-/Sites-col-master-catalog/default/dwc5c45452/images/col/725/7251261-cima.jpg?sw=280&sh=280,emb. 1 un,https://www.continente.pt/produto/ambientador-wc-spray-lavanda-com-recarga-continente-7251261.html,limpeza,2025-04-21,Continente
Sacos para Sandes em Papel,5942938,2.79,"€0,07/un",Silvex,Limpeza/Cozinha/Películas e Sacos de Conservação,https://www.continente.pt/dw/image/v2/BDVS_PRD/on/demandware.static/-/Sites-col-master-catalog/default/dw4b599f2a/images/col/594/5942938-direito.jpg?sw=280&sh=280,emb. 40 un,https://www.continente.pt/produto/sacos-para-sandes-em-papel-silvex-5942938.html,limpeza,2025-04-21,Continente
Ambientador Absorve Odores Deco Sphere Manga,7578228,4.99,"€4,99/un",Air Wick,Limpeza/Velas e Ambientadores/Absorve Odores,https://www.continente.pt/dw/image/v2/BDVS_PRD/on/demandware.static/-/Sites-col-master-catalog/default/dw20a539b3/images/col/757/7578228-frente.jpg?sw=280&sh=280,emb. 1 un,https://www.continente.pt/produto/ambientador-absorve-odores-deco-sphere-manga-air-wick-7578228.html,limpeza,2025-04-21,Continente
Detergente Máquina Roupa Líquido Oceânico,7725190,9.99,"€0,10/dos",Flota,Limpeza/Roupa/Detergente Máquina,https://www.continente.pt/dw/image/v2/BDVS_PRD/on/demandware.static/-/Sites-col-master-catalog/default/dw1c01d4a5/images/col/772/7725190-frente.jpg?sw=280&sh=280,100 doses,https://www.continente.pt/produto/detergente-maquina-roupa-liquido-oceanico-flota-7725190.html,limpeza,2025-04-21,Continente
Intensificador Perfume Pérolas Unstoppables Ariel,7723767,10.99,"€21,55/kg",Lenor,Limpeza/Roupa/Amaciador e Intensificador Perfume,https://www.continente.pt/dw/image/v2/BDVS_PRD/on/demandware.static/-/Sites-col-master-catalog/default/dw414a0659/images/col/772/7723767-hero.jpg?sw=280&sh=280,38 doses (510 gr),https://www.continente.pt/produto/intensificador-perfume-perolas-unstoppables-ariel-lenor-7723767.html,limpeza,2025-04-21,Continente
Inseticida Elétrico Recarga Eucalipto,7995617,6.49,"€6,49/un",Raid,Limpeza/Inseticidas/Inseticidas Elétricos,https://www.continente.pt/dw/image/v2/BDVS_PRD/on/demandware.static/-/Sites-col-master-catalog/default/dw0f7560ba/images/col/799/7995617-frente.jpg?sw=280&sh=280,90 noites,https://www.continente.pt/produto/inseticida-eletrico-recarga-eucalipto-raid-7995617.html,limpeza,2025-04-21,Continente
Detergente Máquina Loiça Pastilhas Ultimate Plus,8211026,13.99,"€0,19/un",Finish,Limpeza/Cozinha/Detergente Máquina Loiça,https://www.continente.pt/dw/image/v2/BDVS_PRD/on/demandware.static/-/Sites-col-master-catalog/default/dwe46ff70b/images/col/821/8211026-frente.png?sw=280&sh=280,72 doses,https://www.continente.pt/produto/detergente-maquina-loica-pastilhas-ultimate-plus-finish-8211026.html,limpeza,2025-04-21,Continente
Ambientador Elétrico Flores,5694825,2.39,"€2,39/un",Continente,Limpeza/Velas e Ambientadores/Ambientadores Elétricos,https://www.continente.pt/dw/image/v2/BDVS_PRD/on/demandware.static/-/Sites-col-master-catalog/default/dw11a471d7/images/col/569/5694825-frente.jpg?sw=280&sh=280,emb. 1 un,https://www.continente.pt/produto/ambientador-eletrico-flores-continente-5694825.html,limpeza,2025-04-21,Continente
Espanador XXL com 2 Jack Junior,5783030,5.99,"€5,99/un",Swiffer,"Limpeza/Mopas, Esfregonas e Vassouras/Mopas e Espanadores",https://www.continente.pt/dw/image/v2/BDVS_PRD/on/demandware.static/-/Sites-col-master-catalog/default/dw706e564d/images/col/578/5783030-hero.png?sw=280&sh=280,1 espanador + 2 recargas,https://www.continente.pt/produto/espanador-xxl-com-2-jack-junior-swiffer-5783030.html,limpeza,2025-04-21,Continente
Ambientador Sticks Perfumados 50ml,284492,3.0,"€3,00/un",Kasa,"Casa, Bricolage e Jardim/Decoração/Ambientadores",https://www.continente.pt/dw/image/v2/BDVS_PRD/on/demandware.static/-/Sites-col-master-catalog/default/dw04769410/images/col/682/6826162-frente.jpg?sw=280&sh=280,1 un,https://www.continente.pt/produto/ambientador-sticks-perfumados-50ml-kasa-284492.html,limpeza,2025-04-21,Continente
Anti Bolores Spray Power Clean,6812080,1.79,"€3,58/lt",Continente,Limpeza/Limpeza Geral/Multisuperfícies,https://www.continente.pt/dw/image/v2/BDVS_PRD/on/demandware.static/-/Sites-col-master-catalog/default/dw4ec636f9/images/col/681/6812080-frente.jpg?sw=280&sh=280,emb. 500 ml,https://www.continente.pt/produto/anti-bolores-spray-power-clean-continente-6812080.html,limpeza,2025-04-21,Continente
Detergente Máquina Roupa Líquido Paraíso,8068351,9.99,"€9,99/un",Flota,Limpeza/Roupa/Detergente Máquina,https://www.continente.pt/dw/image/v2/BDVS_PRD/on/demandware.static/-/Sites-col-master-catalog/default/dw341b79c9/images/col/806/8068351-frente.png?sw=280&sh=280,100 doses,https://www.continente.pt/produto/detergente-maquina-roupa-liquido-paraiso-flota-8068351.html,limpeza,2025-04-21,Continente
Esfregão Esponja Scrub Daddy Original,8234528,3.69,"€3,69/un",Scrub Daddy,"Limpeza/Panos, Esfregões e Luvas/Esfregões",https://www.continente.pt/dw/image/v2/BDVS_PRD/on/demandware.static/-/Sites-col-master-catalog/default/dwd69f5c91/images/col/823/8234528-frente.jpg?sw=280&sh=280,emb. 1 un,https://www.continente.pt/produto/esfregao-esponja-scrub-daddy-original-scrub-daddy-8234528.html,limpeza,2025-04-21,Continente
Desentupidor Canos Sólido,6272845,3.99,"€7,98/kg",Continente,Limpeza/Casa de Banho/Desentupidores,https://www.continente.pt/dw/image/v2/BDVS_PRD/on/demandware.static/-/Sites-col-master-catalog/default/dw6112acc5/images/col/627/6272845-cima.jpg?sw=280&sh=280,emb. 500 gr,https://www.continente.pt/produto/desentupidor-canos-solido-continente-6272845.html,limpeza,2025-04-21,Continente
Conjunto de 10 Esponjas Mágicas,7416039,3.0,"€0,30/un",Bazarão,"Casa, Bricolage e Jardim/Bazarão",https://www.continente.pt/dw/image/v2/BDVS_PRD/on/demandware.static/-/Sites-col-master-catalog/default/dw71f19977/images/col/741/7416039-frente.jpg?sw=280&sh=280,1 un,https://www.continente.pt/produto/conjunto-de-10-esponjas-magicas-bazarao-7416039.html,limpeza,2025-04-21,Continente
Limpa Pratas e Metais Power +,8050845,2.35,"€2,35/un",Continente,Limpeza/Limpeza Geral/Limpeza Específica,https://www.continente.pt/dw/image/v2/BDVS_PRD/on/demandware.static/-/Sites-col-master-catalog/default/dw19c93945/images/col/805/8050845-frente.png?sw=280&sh=280,emb. 250 ml,https://www.continente.pt/produto/limpa-pratas-e-metais-power--continente-8050845.html,limpeza,2025-04-21,Continente
Limpa Carpetes e Estofos Spray,7322182,6.49,"€8,65/lt",Vanish,Limpeza/Limpeza Geral/Limpeza Específica,https://www.continente.pt/dw/image/v2/BDVS_PRD/on/demandware.static/-/Sites-col-master-catalog/default/dwc67903ce/images/col/732/7322182-frente.png?sw=280&sh=280,emb. 750 ml,https://www.continente.pt/produto/limpa-carpetes-e-estofos-spray-vanish-7322182.html,limpeza,2025-04-21,Continente
Espanador Telescópico Flexível Microfibra,7836509,2.5,"€2,50/un",Bazarão,"Limpeza/Mopas, Esfregonas e Vassouras/Mopas e Espanadores",https://www.continente.pt/dw/image/v2/BDVS_PRD/on/demandware.static/-/Sites-col-master-catalog/default/dwdd0c261a/images/col/783/7836509-frente.jpg?sw=280&sh=280,1 un,https://www.continente.pt/produto/espanador-telescopico-flexivel-microfibra-bazarao-7836509.html,limpeza,2025-04-21,Continente
Ambientador Spray Air Mist Orquídea Dourada,8020646,4.49,"€24,27/lt",Ambipur,Limpeza/Velas e Ambientadores/Sprays,https://www.continente.pt/dw/image/v2/BDVS_PRD/on/demandware.static/-/Sites-col-master-catalog/default/dw867050c8/images/col/802/8020646-frente.png?sw=280&sh=280,emb. 185 ml,https://www.continente.pt/produto/ambientador-spray-air-mist-orquidea-dourada-ambipur-8020646.html,limpeza,2025-04-21,Continente
Detergente Máquina Roupa Cápsulas Sensitive,8368477,7.15,"€0,36/dos",Chicco,Limpeza/Roupa/Detergente Máquina,https://www.continente.pt/dw/image/v2/BDVS_PRD/on/demandware.static/-/Sites-col-master-catalog/default/dwf1f3ee56/images/col/836/8368477-frente.jpg?sw=280&sh=280,20 doses,https://www.continente.pt/produto/detergente-maquina-roupa-capsulas-sensitive-chicco-8368477.html,limpeza,2025-04-21,Continente
Creme com Esponja Autobrilhante Azul,5614994,2.69,"€67,25/lt",Búfalo,Limpeza/Roupa/Limpeza do Calçado/Autobrilhantador,https://www.continente.pt/dw/image/v2/BDVS_PRD/on/demandware.static/-/Sites-col-master-catalog/default/dw809edca9/images/col/561/5614994-frente.jpg?sw=280&sh=280,emb. 40ml,https://www.continente.pt/produto/creme-com-esponja-autobrilhante-azul-bufalo-5614994.html,limpeza,2025-04-21,Continente
Detergente Máquina Roupa Líquido Expert,8067316,7.99,"€0,20/dos",Persil,Limpeza/Roupa/Detergente Máquina,https://www.continente.pt/dw/image/v2/BDVS_PRD/on/demandware.static/-/Sites-col-master-catalog/default/dwa4826a07/images/col/806/8067316-frente.png?sw=280&sh=280,40 doses,https://www.continente.pt/produto/detergente-maquina-roupa-liquido-expert-persil-8067316.html,limpeza,2025-04-21,Continente
Balde Lixo com Pedal Plástico 35L Cinza,7175636,10.0,"€10,00/un",Kasa,"Casa, Bricolage e Jardim/Lavandaria, Arrumação e Banho/Baldes e Sacos do Lixo",https://www.continente.pt/dw/image/v2/BDVS_PRD/on/demandware.static/-/Sites-col-master-catalog/default/dw348ca92c/images/col/717/7175636-esquerdo.jpg?sw=280&sh=280,1 un,https://www.continente.pt/produto/balde-lixo-com-pedal-plastico-35l-cinza-kasa-7175636.html,limpeza,2025-04-21,Continente
Limpa Alcatifas Champô,6700050,5.19,"€5,46/lt",Vanish,Limpeza/Limpeza Geral/Limpeza Específica,https://www.continente.pt/dw/image/v2/BDVS_PRD/on/demandware.static/-/Sites-col-master-catalog/default/dwcbe04a6c/images/col/670/6700050-frente.jpg?sw=280&sh=280,emb. 950 ml,https://www.continente.pt/produto/limpa-alcatifas-champo-vanish-6700050.html,limpeza,2025-04-21,Continente
Ambientador Elétrico 3Volution Limpo&Fresco,8224992,4.99,"€4,99/un",Ambipur,Limpeza/Velas e Ambientadores/Ambientadores Elétricos,https://www.continente.pt/dw/image/v2/BDVS_PRD/on/demandware.static/-/Sites-col-master-catalog/default/dw21f943c0/images/col/822/8224992-frente.png?sw=280&sh=280,emb. 1 un,https://www.continente.pt/produto/ambientador-eletrico-3volution-limpo-fresco-ambipur-8224992.html,limpeza,2025-04-21,Continente
Removedor de Gordura Power,6898843,5.29,"€5,29/un",UHU,"Casa, Bricolage e Jardim/Bricolage/Limpeza de Superfícies",https://www.continente.pt/dw/image/v2/BDVS_PRD/on/demandware.static/-/Sites-col-master-catalog/default/dw1fe4b546/images/col/689/6898843-frente.jpg?sw=280&sh=280,emb. 650 ml,https://www.continente.pt/produto/removedor-de-gordura-power-uhu-6898843.html,limpeza,2025-04-21,Continente
Abrasivo Sanitário Líquido Floresta,7758029,1.99,"€1,99/un",Harpic,Limpeza/Casa de Banho/Abrasivos Sanitários,https://www.continente.pt/dw/image/v2/BDVS_PRD/on/demandware.static/-/Sites-col-master-catalog/default/dw2ec355c8/images/col/775/7758029-frente.jpg?sw=280&sh=280,emb. 750 ml,https://www.continente.pt/produto/abrasivo-sanitario-liquido-floresta-harpic-7758029.html,limpeza,2025-04-21,Continente
Detergente Máquina Loiça Pastilhas Desengordurante,7743099,8.99,"€0,21/un",Sun,Limpeza/Cozinha/Detergente Máquina Loiça,https://www.continente.pt/dw/image/v2/BDVS_PRD/on/demandware.static/-/Sites-col-master-catalog/default/dw5bd6d802/images/col/774/7743099-frente.jpg?sw=280&sh=280,emb. 42 un,https://www.continente.pt/produto/detergente-maquina-loica-pastilhas-desengordurante-sun-7743099.html,limpeza,2025-04-21,Continente
Recarga Vassoura Antichoque 3Action,7628073,5.99,"€5,99/un",Vileda,"Casa, Bricolage e Jardim/Lavandaria, Arrumação e Banho/Utensílios de Limpeza",https://www.continente.pt/dw/image/v2/BDVS_PRD/on/demandware.static/-/Sites-col-master-catalog/default/dw1fb09df2/images/col/762/7628073-frente.jpg?sw=280&sh=280,1 un,https://www.continente.pt/produto/recarga-vassoura-antichoque-3action-vileda-7628073.html,limpeza,2025-04-21,Continente
Cera Amarela,7422441,4.89,"€19,56/kg",Splendor,Limpeza/Limpeza Geral/Limpeza Específica,https://www.continente.pt/dw/image/v2/BDVS_PRD/on/demandware.static/-/Sites-col-master-catalog/default/dw14747dbc/images/col/742/7422441-frente.jpg?sw=280&sh=280,emb. 250 gr,https://www.continente.pt/produto/cera-amarela-splendor-7422441.html,limpeza,2025-04-21,Continente
Vinagre Limpeza Gel Concentrado,8163358,2.99,"€2,99/lt",Boost,"Casa, Bricolage e Jardim/Bricolage/Limpeza de Superfícies",https://www.continente.pt/dw/image/v2/BDVS_PRD/on/demandware.static/-/Sites-col-master-catalog/default/dw6f903817/images/col/816/8163358-frente.jpg?sw=280&sh=280,emb. 1 lt,https://www.continente.pt/produto/vinagre-limpeza-gel-concentrado-boost-8163358.html,limpeza,2025-04-21,Continente
Anti-Calcário Power Gel,7739584,10.49,"€8,74/lt",Calgon,Limpeza/Roupa/Tratamento Máquina Roupa,https://www.continente.pt/dw/image/v2/BDVS_PRD/on/demandware.static/-/Sites-col-master-catalog/default/dw970254cf/images/col/773/7739584-frente.jpg?sw=280&sh=280,"emb. 1,2 lt",https://www.continente.pt/produto/anti-calcario-power-gel-calgon-7739584.html,limpeza,2025-04-21,Continente
Ambientador Elétrico 3volution Tatâmi do Japão,8156910,5.64,"€5,64/un",Ambipur,Limpeza/Velas e Ambientadores/Ambientadores Elétricos,https://www.continente.pt/dw/image/v2/BDVS_PRD/on/demandware.static/-/Sites-col-master-catalog/default/dw7b1168e7/images/col/815/8156910-frente.png?sw=280&sh=280,emb. 1 un,https://www.continente.pt/produto/ambientador-eletrico-3volution-tatami-do-japao-ambipur-8156910.html,limpeza,2025-04-21,Continente
Ambientador Recarga Elétrico Intenso e Quente Maçã e Canela,4965708,2.99,"€2,99/un",Continente,Limpeza/Velas e Ambientadores/Ambientadores Elétricos,https://www.continente.pt/dw/image/v2/BDVS_PRD/on/demandware.static/-/Sites-col-master-catalog/default/dwb34b04dd/images/col/496/4965708-frente.jpg?sw=280&sh=280,emb. 1 un,https://www.continente.pt/produto/ambientador-recarga-eletrico-intenso-e-quente-maca-e-canela-continente-4965708.html,limpeza,2025-04-21,Continente
Toalhitas para a Máquina de Secar Roupa,8242891,3.99,"€0,10/un",Quanto,Limpeza/Roupa/Aditivos e Auxiliares,https://www.continente.pt/dw/image/v2/BDVS_PRD/on/demandware.static/-/Sites-col-master-catalog/default/dw811d5a10/images/col/824/8242891-frente.png?sw=280&sh=280,emb. 40 un,https://www.continente.pt/produto/toalhitas-para-a-maquina-de-secar-roupa-quanto-8242891.html,limpeza,2025-04-21,Continente
Amaciador Concentrado Floral Bouquet,8168225,5.99,"€0,07/dos",Lenor,Limpeza/Roupa/Amaciador e Intensificador Perfume,https://www.continente.pt/dw/image/v2/BDVS_PRD/on/demandware.static/-/Sites-col-master-catalog/default/dwc68afbba/images/col/816/8168225-frente.png?sw=280&sh=280,86 doses,https://www.continente.pt/produto/amaciador-concentrado-floral-bouquet-lenor-8168225.html,limpeza,2025-04-21,Continente
Detergente Máquina Roupa Folhas Universal,7947274,3.99,"€0,20/dos",Dr. Beckmann,Limpeza/Roupa/Detergente Máquina,https://www.continente.pt/dw/image/v2/BDVS_PRD/on/demandware.static/-/Sites-col-master-catalog/default/dw2ffac774/images/col/794/7947274-frente.jpg?sw=280&sh=280,20 doses,https://www.continente.pt/produto/detergente-maquina-roupa-folhas-universal-dr.-beckmann-7947274.html,limpeza,2025-04-21,Continente
Mopa 8 Panos Secos + 3 Húmidos,7612757,13.99,"€1,27/un",Swiffer,"Limpeza/Mopas, Esfregonas e Vassouras/Mopas e Espanadores",https://www.continente.pt/dw/image/v2/BDVS_PRD/on/demandware.static/-/Sites-col-master-catalog/default/dw8dc9690b/images/col/761/7612757-frente.jpg?sw=280&sh=280,emb. 1 un,https://www.continente.pt/produto/mopa-8-panos-secos-3-humidos-swiffer-7612757.html,limpeza,2025-04-21,Continente
Lenços Faciais School,6678744,1.29,"€0,03/un",Renova,Beleza e Higiene/Lenços e Cuidados de Saúde/Lenços de Papel,https://www.continente.pt/dw/image/v2/BDVS_PRD/on/demandware.static/-/Sites-col-master-catalog/default/dw1d52e25c/images/col/667/6678744-hero.png?sw=280&sh=280,emb. 70 un,https://www.continente.pt/produto/lencos-faciais-school-renova-6678744.html,limpeza,2025-04-21,Continente
Spray Limpa Ecrãs com Pano,7631907,5.99,"€5,99/un",Redex,"Casa, Bricolage e Jardim/Pilhas, Iluminação e Energia/Reparação/Substituição",https://www.continente.pt/dw/image/v2/BDVS_PRD/on/demandware.static/-/Sites-col-master-catalog/default/dw69a9b502/images/col/763/7631907-frente.jpg?sw=280&sh=280,emb. 200 ml,https://www.continente.pt/produto/spray-limpa-ecras-com-pano-redex-7631907.html,limpeza,2025-04-21,Continente
Inseticida Spray Rastejantes,5298021,5.19,"€12,97/lt",Raid,Limpeza/Inseticidas/Inseticidas Spray,https://www.continente.pt/dw/image/v2/BDVS_PRD/on/demandware.static/-/Sites-col-master-catalog/default/dwcbbf5396/images/col/529/5298021-frente.jpg?sw=280&sh=280,emb. 400 ml,https://www.continente.pt/produto/inseticida-spray-rastejantes-raid-5298021.html,limpeza,2025-04-21,Continente
Ambientador Difusor Sandalwood,8164162,7.19,"€7,19/un",Glade,Limpeza/Velas e Ambientadores/Ambientadores Automáticos,https://www.continente.pt/dw/image/v2/BDVS_PRD/on/demandware.static/-/Sites-col-master-catalog/default/dw3ad4cd27/images/col/816/8164162-frente.jpg?sw=280&sh=280,emb. 269 ml,https://www.continente.pt/produto/ambientador-difusor-sandalwood-glade-8164162.html,limpeza,2025-04-21,Continente
Vela em Copo 110g,512077,1.85,"€1,85/un",Kasa,"Casa, Bricolage e Jardim/Decoração/Velas e Suportes",https://www.continente.pt/dw/image/v2/BDVS_PRD/on/demandware.static/-/Sites-col-master-catalog/default/dw90673798/images/col/593/5939636-frente.jpg?sw=280&sh=280,1 un,https://www.continente.pt/produto/vela-em-copo-110g-kasa-512077.html,limpeza,2025-04-21,Continente
Cera Madeira Acrílica,7424511,3.89,"€7,78/lt",Splendor,Limpeza/Limpeza Geral/Madeiras,https://www.continente.pt/dw/image/v2/BDVS_PRD/on/demandware.static/-/Sites-col-master-catalog/default/dwbf58c011/images/col/742/7424511-frente.jpg?sw=280&sh=280,emb. 500 ml,https://www.continente.pt/produto/cera-madeira-acrilica-splendor-7424511.html,limpeza,2025-04-21,Continente
Multisuperfícies Spray Anti-mofo,4496511,3.99,"€7,98/lt",Paso,"Casa, Bricolage e Jardim/Bricolage/Limpeza de Superfícies",https://www.continente.pt/dw/image/v2/BDVS_PRD/on/demandware.static/-/Sites-col-master-catalog/default/dw3a680728/images/col/449/4496511-frente.jpg?sw=280&sh=280,emb. 500 ml,https://www.continente.pt/produto/multisuperficies-spray-anti-mofo-paso-4496511.html,limpeza,2025-04-21,Continente
Limpa Camurças Esponja,6924751,1.49,"€1,49/un",Continente,Limpeza/Roupa/Limpeza do Calçado/Produtos de Limpeza do Calçado,https://www.continente.pt/dw/image/v2/BDVS_PRD/on/demandware.static/-/Sites-col-master-catalog/default/dwb370f30c/images/col/692/6924751-frente.jpg?sw=280&sh=280,emb. 1 un,https://www.continente.pt/produto/limpa-camurcas-esponja-continente-6924751.html,limpeza,2025-04-21,Continente
Intensificador Perfume Pérolas Unstoppables Fresh,6759515,5.99,"€28,52/kg",Lenor,Limpeza/Roupa/Amaciador e Intensificador Perfume,https://www.continente.pt/dw/image/v2/BDVS_PRD/on/demandware.static/-/Sites-col-master-catalog/default/dwbddfe2ec/images/col/675/6759515-hero.jpg?sw=280&sh=280,15 doses (210 gr),https://www.continente.pt/produto/intensificador-perfume-perolas-unstoppables-fresh-lenor-6759515.html,limpeza,2025-04-21,Continente
Ambientador Difusor Freshmatic Delícias de Verão,7706472,7.19,"€7,19/un",Air Wick,Limpeza/Velas e Ambientadores/Ambientadores Automáticos,https://www.continente.pt/dw/image/v2/BDVS_PRD/on/demandware.static/-/Sites-col-master-catalog/default/dwf1e18038/images/col/770/7706472-frente.jpg?sw=280&sh=280,emb. 1 un,https://www.continente.pt/produto/ambientador-difusor-freshmatic-delicias-de-verao-air-wick-7706472.html,limpeza,2025-04-21,Continente
Luvas Nitrílica Anti-Deslizante L,7201730,2.79,"€2,79/un",Itools,"Casa, Bricolage e Jardim/Bricolage/Ferramentas e Acessórios/Proteção Individual",https://www.continente.pt/dw/image/v2/BDVS_PRD/on/demandware.static/-/Sites-col-master-catalog/default/dw3dec93ca/images/col/720/7201730-frente.jpg?sw=280&sh=280,emb. 2 un,https://www.continente.pt/produto/luvas-nitrilica-anti-deslizante-l-itools-7201730.html,limpeza,2025-04-21,Continente
Mopa Microfibra 1.2 Spray Max,7151960,19.99,"€19,99/un",Vileda,"Casa, Bricolage e Jardim/Lavandaria, Arrumação e Banho/Utensílios de Limpeza",https://www.continente.pt/dw/image/v2/BDVS_PRD/on/demandware.static/-/Sites-col-master-catalog/default/dwd659da73/images/col/715/7151960-frente.jpg?sw=280&sh=280,1 un,https://www.continente.pt/produto/mopa-microfibra-1.2-spray-max-vileda-7151960.html,limpeza,2025-04-21,Continente
Ambientador Vela Blossom,7705539,4.99,"€4,99/un",Continente,Limpeza/Velas e Ambientadores/Velas,https://www.continente.pt/dw/image/v2/BDVS_PRD/on/demandware.static/-/Sites-col-master-catalog/default/dw20ebc0e5/images/col/770/7705539-frente.png?sw=280&sh=280,emb. 1 un,https://www.continente.pt/produto/ambientador-vela-blossom-continente-7705539.html,limpeza,2025-04-21,Continente
Inseticida Baratas Pó,4694022,4.89,"€19,56/kg",Baygon,Limpeza/Inseticidas/Outros Inseticidas,https://www.continente.pt/dw/image/v2/BDVS_PRD/on/demandware.static/-/Sites-col-master-catalog/default/dwe6a98968/images/col/469/4694022-frente.jpg?sw=280&sh=280,emb. 250 gr,https://www.continente.pt/produto/inseticida-baratas-po-baygon-4694022.html,limpeza,2025-04-21,Continente
Ambientador Elétrico Linen,6938964,8.99,"€8,99/un",Glade,Limpeza/Velas e Ambientadores/Ambientadores Elétricos,https://www.continente.pt/dw/image/v2/BDVS_PRD/on/demandware.static/-/Sites-col-master-catalog/default/dw4ec2f348/images/col/693/6938964-frente.jpg?sw=280&sh=280,emb. 1 un,https://www.continente.pt/produto/ambientador-eletrico-linen-glade-6938964.html,limpeza,2025-04-21,Continente
Ambientador Difusor Active Fresh Lavanda,8045273,7.99,"€7,99/un",Air Wick,Limpeza/Velas e Ambientadores/Ambientadores Automáticos,https://www.continente.pt/dw/image/v2/BDVS_PRD/on/demandware.static/-/Sites-col-master-catalog/default/dw6f14f7e3/images/col/804/8045273-frente.png?sw=280&sh=280,emb. 1 un,https://www.continente.pt/produto/ambientador-difusor-active-fresh-lavanda-air-wick-8045273.html,limpeza,2025-04-21,Continente
Desincrustante Specialist,7363783,2.99,"€3,07/lt",Mistolin,Limpeza/Limpeza Geral/Limpeza Específica,https://www.continente.pt/dw/image/v2/BDVS_PRD/on/demandware.static/-/Sites-col-master-catalog/default/dw3a9d3f86/images/col/736/7363783-frente.jpg?sw=280&sh=280,emb. 975 ml,https://www.continente.pt/produto/desincrustante-specialist-mistolin-7363783.html,limpeza,2025-04-21,Continente
Detergente Máquina Roupa Líquido Expert Lavanda,8067319,7.99,"€0,20/dos",Persil,Limpeza/Roupa/Detergente Máquina,https://www.continente.pt/dw/image/v2/BDVS_PRD/on/demandware.static/-/Sites-col-master-catalog/default/dw7dd7a8ce/images/col/806/8067319-frente.png?sw=280&sh=280,40 doses,https://www.continente.pt/produto/detergente-maquina-roupa-liquido-expert-lavanda-persil-8067319.html,limpeza,2025-04-21,Continente
Conjunto 3 Panos Microfibra Terracota,346204,3.5,"€1,17/un",Kasa,"Casa, Bricolage e Jardim/Lavandaria, Arrumação e Banho/Utensílios de Limpeza",https://www.continente.pt/dw/image/v2/BDVS_PRD/on/demandware.static/-/Sites-col-master-catalog/default/dwd8b2d499/images/col/783/7838308-detalhe-cores.jpg?sw=280&sh=280,1 un,https://www.continente.pt/produto/conjunto-3-panos-microfibra-terracota-kasa-346204.html,limpeza,2025-04-21,Continente
Detergente Máquina Roupa Líquido Paixão Portuguesa,8401608,9.99,"€0,10/dos",Gama,Limpeza/Roupa/Detergente Máquina,https://www.continente.pt/dw/image/v2/BDVS_PRD/on/demandware.static/-/Sites-col-master-catalog/default/dwd690ad8d/images/col/840/8401608-frente.jpg?sw=280&sh=280,100 doses,https://www.continente.pt/produto/detergente-maquina-roupa-liquido-paixao-portuguesa-gama-8401608.html,limpeza,2025-04-21,Continente
Tira Nódoas a Seco Plus,7966197,5.99,"€5,99/un",Boost,"Casa, Bricolage e Jardim/Bricolage/Limpeza de Superfícies",https://www.continente.pt/dw/image/v2/BDVS_PRD/on/demandware.static/-/Sites-col-master-catalog/default/dwf8cc19a8/images/col/796/7966197-frente.jpg?sw=280&sh=280,emb. 500 ml,https://www.continente.pt/produto/tira-nodoas-a-seco-plus-boost-7966197.html,limpeza,2025-04-21,Continente
Inseticida Elétrico Melgas e Mosquitos + Recarga,5297907,5.39,"€5,39/un",Raid,Limpeza/Inseticidas/Inseticidas Elétricos,https://www.continente.pt/dw/image/v2/BDVS_PRD/on/demandware.static/-/Sites-col-master-catalog/default/dw552f6fff/images/col/529/5297907-frente.jpg?sw=280&sh=280,30 Noites,https://www.continente.pt/produto/inseticida-eletrico-melgas-e-mosquitos-recarga-raid-5297907.html,limpeza,2025-04-21,Continente
Mopa com 8 Panos Secos e 3 Panos Húmidos,7086091,15.99,"€15,99/un",Swiffer,"Limpeza/Mopas, Esfregonas e Vassouras/Mopas e Espanadores",https://www.continente.pt/dw/image/v2/BDVS_PRD/on/demandware.static/-/Sites-col-master-catalog/default/dw802e1dc2/images/col/708/7086091-hero.png?sw=280&sh=280,emb. 1 un,https://www.continente.pt/produto/mopa-com-8-panos-secos-e-3-panos-humidos-swiffer-7086091.html,limpeza,2025-04-21,Continente
Recarga Esfregona Tiras Microfibra Azuis Super,7294873,5.49,"€5,49/un",Vileda,"Casa, Bricolage e Jardim/Lavandaria, Arrumação e Banho/Utensílios de Limpeza",https://www.continente.pt/dw/image/v2/BDVS_PRD/on/demandware.static/-/Sites-col-master-catalog/default/dw233577c8/images/col/729/7294873-frente.jpg?sw=280&sh=280,1 un,https://www.continente.pt/produto/recarga-esfregona-tiras-microfibra-azuis-super-vileda-7294873.html,limpeza,2025-04-21,Continente
Armadilha para Baratas,4097879,6.99,"€6,99/un",KB,Limpeza/Inseticidas/Armadilhas e Outros Inseticidas,https://www.continente.pt/dw/image/v2/BDVS_PRD/on/demandware.static/-/Sites-col-master-catalog/default/dw8636e178/images/col/409/4097879-frente.jpg?sw=280&sh=280,emb. 5 un,https://www.continente.pt/produto/armadilha-para-baratas-kb-4097879.html,limpeza,2025-04-21,Continente
Amaciador Roupa Concentrado Rubi e Jasmim,7744038,5.99,"€0,07/dos",Lenor,Limpeza/Roupa/Amaciador e Intensificador Perfume,https://www.continente.pt/dw/image/v2/BDVS_PRD/on/demandware.static/-/Sites-col-master-catalog/default/dw858a31b7/images/col/774/7744038-hero.jpg?sw=280&sh=280,86 doses,https://www.continente.pt/produto/amaciador-roupa-concentrado-rubi-e-jasmim-lenor-7744038.html,limpeza,2025-04-21,Continente
Pano Microfibras Universal Rolo ,3876932,1.85,"€1,85/un",Vileda,"Limpeza/Panos, Esfregões e Luvas/Panos",https://www.continente.pt/dw/image/v2/BDVS_PRD/on/demandware.static/-/Sites-col-master-catalog/default/dw5e7707bf/images/col/387/3876932-frente-1.jpg?sw=280&sh=280,emb. 1 un,https://www.continente.pt/produto/pano-microfibras-universal-rolo%C2%A0-vileda-3876932.html,limpeza,2025-04-21,Continente
Atacador Espalmado Castanho 120 cm,7331114,3.09,"€3,09/un",Filsousa,Limpeza/Roupa/Limpeza do Calçado/Acessórios,https://www.continente.pt/dw/image/v2/BDVS_PRD/on/demandware.static/-/Sites-col-master-catalog/default/dw1fa22f05/images/col/733/7331114-frente.jpg?sw=280&sh=280,emb. 1 un,https://www.continente.pt/produto/atacador-espalmado-castanho-120-cm-filsousa-7331114.html,limpeza,2025-04-21,Continente
Recarga Mopa Seca,7622782,2.5,"€2,50/un",Kasa,"Casa, Bricolage e Jardim/Todos",https://www.continente.pt/dw/image/v2/BDVS_PRD/on/demandware.static/-/Sites-col-master-catalog/default/dw19b15bec/images/col/762/7622782-frente.jpg?sw=280&sh=280,1 un,https://www.continente.pt/produto/recarga-mopa-seca-kasa-7622782.html,limpeza,2025-04-21,Continente
Ambientador Vela White Linen & Lace,7835338,14.99,"€14,99/un",Yankee Candle,Limpeza/Velas e Ambientadores/Velas,https://www.continente.pt/dw/image/v2/BDVS_PRD/on/demandware.static/-/Sites-col-master-catalog/default/dwf850fa39/images/col/783/7835338-frente.jpg?sw=280&sh=280,emb. 1 un (340 gr),https://www.continente.pt/produto/ambientador-vela-white-linen-lace-yankee-candle-7835338.html,limpeza,2025-04-21,Continente
Vela em Copo 4 Pavios,510003,9.0,"€9,00/un",Kasa,"Casa, Bricolage e Jardim/Decoração/Velas e Suportes",https://www.continente.pt/dw/image/v2/BDVS_PRD/on/demandware.static/-/Sites-col-master-catalog/default/dw00618b27/images/col/745/7458519-frente.jpg?sw=280&sh=280,1 un,https://www.continente.pt/produto/vela-em-copo-4-pavios-kasa-510003.html,limpeza,2025-04-21,Continente
Inseticida Elétrico Recarga Melgas e Mosquitos Proteção Plus,6883718,8.24,"€8,24/un",Raid,Limpeza/Inseticidas/Inseticidas Elétricos,https://www.continente.pt/dw/image/v2/BDVS_PRD/on/demandware.static/-/Sites-col-master-catalog/default/dw67412555/images/col/688/6883718-frente.jpg?sw=280&sh=280,60 Noites,https://www.continente.pt/produto/inseticida-eletrico-recarga-melgas-e-mosquitos-protecao-plus-raid-6883718.html,limpeza,2025-04-21,Continente
Gel Pós Picadas,8018456,4.1,"€164,00/lt",Autan,Limpeza/Inseticidas/Outros Inseticidas,https://www.continente.pt/dw/image/v2/BDVS_PRD/on/demandware.static/-/Sites-col-master-catalog/default/dwd80c1ae9/images/col/801/8018456-frente.jpg?sw=280&sh=280,emb. 25 ml,https://www.continente.pt/produto/gel-pos-picadas-autan-8018456.html,limpeza,2025-04-21,Continente
Ambientador Difusor Active Fresh Jasmim,7683255,7.99,"€7,99/un",Air Wick,Limpeza/Velas e Ambientadores/Ambientadores Automáticos,https://www.continente.pt/dw/image/v2/BDVS_PRD/on/demandware.static/-/Sites-col-master-catalog/default/dwe54dfcc8/images/col/768/7683255-hero.jpg?sw=280&sh=280,emb. 1 un,https://www.continente.pt/produto/ambientador-difusor-active-fresh-jasmim-air-wick-7683255.html,limpeza,2025-04-21,Continente
Vela em Copo Vidro Facetado 130g Verde,7836816,3.0,"€3,00/un",Kasa,"Casa, Bricolage e Jardim/Decoração/Velas e Suportes",https://www.continente.pt/dw/image/v2/BDVS_PRD/on/demandware.static/-/Sites-col-master-catalog/default/dw499833b7/images/col/783/7836816-cima.jpg?sw=280&sh=280,1 un,https://www.continente.pt/produto/vela-em-copo-vidro-facetado-130g-verde-kasa-7836816.html,limpeza,2025-04-21,Continente
Desengordurante Cápsulas Concentradas,8048868,1.49,"€0,75/un",Continente Eco,Limpeza/Cozinha/Multisuperfícies,https://www.continente.pt/dw/image/v2/BDVS_PRD/on/demandware.static/-/Sites-col-master-catalog/default/dwa70d027a/images/col/804/8048868-frente.png?sw=280&sh=280,emb. 2 un,https://www.continente.pt/produto/desengordurante-capsulas-concentradas-continente-eco-8048868.html,limpeza,2025-04-21,Continente
Vela em Copo com Tampa Dourada 130g,367634,2.0,"€2,00/un",Kasa,"Casa, Bricolage e Jardim/Decoração/Velas e Suportes",https://www.continente.pt/dw/image/v2/BDVS_PRD/on/demandware.static/-/Sites-col-master-catalog/default/dw0b58ce76/images/col/802/8020520-cima.jpg?sw=280&sh=280,1 un,https://www.continente.pt/produto/vela-em-copo-com-tampa-dourada-130g-kasa-367634.html,limpeza,2025-04-21,Continente
Luvas Hand Care S,2228152,1.79,"€1,79/un",Duplex,"Limpeza/Panos, Esfregões e Luvas/Luvas",https://www.continente.pt/dw/image/v2/BDVS_PRD/on/demandware.static/-/Sites-col-master-catalog/default/dw3ce8735d/images/col/222/2228152-frente.png?sw=280&sh=280,1 par,https://www.continente.pt/produto/luvas-hand-care-s-duplex-2228152.html,limpeza,2025-04-21,Continente
Luvas Nitrilo Ultra-Grip PM512 L/9,7690848,1.99,"€1,99/un",Pecol,"Casa, Bricolage e Jardim/Bricolage/Ferramentas e Acessórios/Proteção Individual",https://www.continente.pt/dw/image/v2/BDVS_PRD/on/demandware.static/-/Sites-col-master-catalog/default/dwc9891a6f/images/col/769/7690848-frente.jpg?sw=280&sh=280,emb. 2 un,https://www.continente.pt/produto/luvas-nitrilo-ultra-grip-pm512-l-9-pecol-7690848.html,limpeza,2025-04-21,Continente
Ambientador Difusor Essential Mist Lavanda,6813557,11.99,"€11,99/un",Air Wick,Limpeza/Velas e Ambientadores/Ambientadores Automáticos,https://www.continente.pt/dw/image/v2/BDVS_PRD/on/demandware.static/-/Sites-col-master-catalog/default/dw2b79bbcb/images/col/681/6813557-frente.jpg?sw=280&sh=280,emb. 1 un,https://www.continente.pt/produto/ambientador-difusor-essential-mist-lavanda-air-wick-6813557.html,limpeza,2025-04-21,Continente
Vassoura Cerdas Borracha Pet Pro,7985550,19.99,"€19,99/un",Vileda,"Casa, Bricolage e Jardim/Lavandaria, Arrumação e Banho/Utensílios de Limpeza",https://www.continente.pt/dw/image/v2/BDVS_PRD/on/demandware.static/-/Sites-col-master-catalog/default/dwe54ad1e3/images/col/798/7985550-frente.jpg?sw=280&sh=280,1 un,https://www.continente.pt/produto/vassoura-cerdas-borracha-pet-pro-vileda-7985550.html,limpeza,2025-04-21,Continente
Mopa Microfibra Pet Pro Flip Mop,7918254,19.99,"€19,99/un",Vileda,"Casa, Bricolage e Jardim/Lavandaria, Arrumação e Banho/Utensílios de Limpeza",https://www.continente.pt/dw/image/v2/BDVS_PRD/on/demandware.static/-/Sites-col-master-catalog/default/dwc04e37e0/images/col/791/7918254-esquerdo.jpg?sw=280&sh=280,1 un,https://www.continente.pt/produto/mopa-microfibra-pet-pro-flip-mop-vileda-7918254.html,limpeza,2025-04-21,Continente
Detergente Limpeza Calçado,8112278,6.39,"€12,78/lt",Búfalo,Limpeza/Roupa/Limpeza do Calçado,https://www.continente.pt/dw/image/v2/BDVS_PRD/on/demandware.static/-/Sites-col-master-catalog/default/dw740ad509/images/col/811/8112278-frente.jpg?sw=280&sh=280,emb. 500 ml,https://www.continente.pt/produto/detergente-limpeza-calcado-bufalo-8112278.html,limpeza,2025-04-21,Continente
Decapante de Cera,7422446,3.59,"€7,18/lt",Splendor,Limpeza/Limpeza Geral/Limpeza Específica,https://www.continente.pt/dw/image/v2/BDVS_PRD/on/demandware.static/-/Sites-col-master-catalog/default/dw6ac94836/images/col/742/7422446-frente.jpg?sw=280&sh=280,emb. 500 ml,https://www.continente.pt/produto/decapante-de-cera-splendor-7422446.html,limpeza,2025-04-21,Continente
Balde Lixo Plástico 20L Cinza,5140611,10.0,"€10,00/un",Kasa,"Casa, Bricolage e Jardim/Lavandaria, Arrumação e Banho/Baldes e Sacos do Lixo",https://www.continente.pt/dw/image/v2/BDVS_PRD/on/demandware.static/-/Sites-col-master-catalog/default/dw9333bbd3/images/col/514/5140611-direito.jpg?sw=280&sh=280,1 un,https://www.continente.pt/produto/balde-lixo-plastico-20l-cinza-kasa-5140611.html,limpeza,2025-04-21,Continente
Sacos Conservação Alimentos Reutilizáveis com Vácuo,7835139,5.0,"€5,00/un",Kasa,Limpeza/Cozinha/Películas e Sacos de Conservação,https://www.continente.pt/dw/image/v2/BDVS_PRD/on/demandware.static/-/Sites-col-master-catalog/default/dw99293d3d/images/col/783/7835139-cima.jpg?sw=280&sh=280,1 un,https://www.continente.pt/produto/sacos-conservacao-alimentos-reutilizaveis-com-vacuo-kasa-7835139.html,limpeza,2025-04-21,Continente
Limpa Juntas e Cimento Power+ 2 em 1,8099130,3.99,"€3,99/lt",Continente,Limpeza/Limpeza Geral/Limpeza Específica,https://www.continente.pt/dw/image/v2/BDVS_PRD/on/demandware.static/-/Sites-col-master-catalog/default/dwe91aaa07/images/col/809/8099130-frente.png?sw=280&sh=280,emb. 1 lt,https://www.continente.pt/produto/limpa-juntas-e-cimento-power-2-em-1-continente-8099130.html,limpeza,2025-04-21,Continente
Ambientador Absorve Odores Menorca,8034356,2.49,"€2,49/un",Ambipur,Limpeza/Velas e Ambientadores/Absorve Odores,https://www.continente.pt/dw/image/v2/BDVS_PRD/on/demandware.static/-/Sites-col-master-catalog/default/dwb338443c/images/col/803/8034356-frente.png?sw=280&sh=280,emb. 1 un,https://www.continente.pt/produto/ambientador-absorve-odores-menorca-ambipur-8034356.html,limpeza,2025-04-21,Continente
Balde Lixo Plástico 50L Cinza,7289478,16.0,"€16,00/un",Kasa,"Casa, Bricolage e Jardim/Lavandaria, Arrumação e Banho/Baldes e Sacos do Lixo",https://www.continente.pt/dw/image/v2/BDVS_PRD/on/demandware.static/-/Sites-col-master-catalog/default/dw350e24dc/images/col/728/7289478-frente.jpg?sw=280&sh=280,1 un,https://www.continente.pt/produto/balde-lixo-plastico-50l-cinza-kasa-7289478.html,limpeza,2025-04-21,Continente
Desincrustante,7406328,4.69,"€4,69/un",Siril,"Casa, Bricolage e Jardim/Bricolage/Limpeza de Superfícies",https://www.continente.pt/dw/image/v2/BDVS_PRD/on/demandware.static/-/Sites-col-master-catalog/default/dw42783690/images/col/740/7406328-frente.jpg?sw=280&sh=280,emb. 1 lt,https://www.continente.pt/produto/desincrustante-siril-7406328.html,limpeza,2025-04-21,Continente
Recarga Esfregona Tiras Microfibra Brancas e Verdes Eco,5902566,4.49,"€4,49/un",Vileda,"Casa, Bricolage e Jardim/Lavandaria, Arrumação e Banho/Utensílios de Limpeza",https://www.continente.pt/dw/image/v2/BDVS_PRD/on/demandware.static/-/Sites-col-master-catalog/default/dw0ed19c7a/images/col/590/5902566-frente.jpg?sw=280&sh=280,1 un,https://www.continente.pt/produto/recarga-esfregona-tiras-microfibra-brancas-e-verdes-eco-vileda-5902566.html,limpeza,2025-04-21,Continente
Recarga Mopa Microfibra Flip,6898386,9.49,"€9,49/un",Vileda,"Casa, Bricolage e Jardim/Lavandaria, Arrumação e Banho/Utensílios de Limpeza",https://www.continente.pt/dw/image/v2/BDVS_PRD/on/demandware.static/-/Sites-col-master-catalog/default/dw6fdbd225/images/col/689/6898386-frente.jpg?sw=280&sh=280,1 un,https://www.continente.pt/produto/recarga-mopa-microfibra-flip-vileda-6898386.html,limpeza,2025-04-21,Continente
Descalcificador Liquído Pequenos Eletrodomésticos,6949079,3.89,"€15,56/lt",Dr. Beckmann,"Limpeza/Cozinha/Limpeza Fogão, Forno e Frigorífico",https://www.continente.pt/dw/image/v2/BDVS_PRD/on/demandware.static/-/Sites-col-master-catalog/default/dw5f50ed05/images/col/694/6949079-frente.jpg?sw=280&sh=280,emb. 250 ml,https://www.continente.pt/produto/descalcificador-liquido-pequenos-eletrodomesticos-dr.-beckmann-6949079.html,limpeza,2025-04-21,Continente
Detergente Máquina Roupa Pó Sabão Azul e Branco,7993038,12.49,"€0,18/dos",Persil,Limpeza/Roupa/Detergente Máquina,https://www.continente.pt/dw/image/v2/BDVS_PRD/on/demandware.static/-/Sites-col-master-catalog/default/dw71b1838f/images/col/799/7993038-frente.png?sw=280&sh=280,70 doses,https://www.continente.pt/produto/detergente-maquina-roupa-po-sabao-azul-e-branco-persil-7993038.html,limpeza,2025-04-21,Continente
Ambientador Difusor Aromatherapy Cool Mist Moment of Zen,7458354,13.49,"€13,49/un",Glade,Limpeza/Velas e Ambientadores/Ambientadores Automáticos,https://www.continente.pt/dw/image/v2/BDVS_PRD/on/demandware.static/-/Sites-col-master-catalog/default/dw0011c933/images/col/745/7458354-frente.jpg?sw=280&sh=280,emb. 17 ml,https://www.continente.pt/produto/ambientador-difusor-aromatherapy-cool-mist-moment-of-zen-glade-7458354.html,limpeza,2025-04-21,Continente
Inseticida Elétrico Melgas e Mosquitos + Recarga,6883866,5.49,"€5,49/un",Dum Dum,Limpeza/Inseticidas/Inseticidas Elétricos,https://www.continente.pt/dw/image/v2/BDVS_PRD/on/demandware.static/-/Sites-col-master-catalog/default/dwda3c3b69/images/col/688/6883866-direito.jpg?sw=280&sh=280,45 Noites,https://www.continente.pt/produto/inseticida-eletrico-melgas-e-mosquitos-recarga-dum-dum-6883866.html,limpeza,2025-04-21,Continente
Recarga Rolo Agarra Resíduos Simples,7622777,1.5,"€1,50/un",Kasa,"Casa, Bricolage e Jardim/Lavandaria, Arrumação e Banho/Utensílios de Limpeza",https://www.continente.pt/dw/image/v2/BDVS_PRD/on/demandware.static/-/Sites-col-master-catalog/default/dwa136f2e2/images/col/762/7622777-detalhe-lado.jpg?sw=280&sh=280,1 un,https://www.continente.pt/produto/recarga-rolo-agarra-residuos-simples-kasa-7622777.html,limpeza,2025-04-21,Continente
Cápsulas Concentradas WC,8048852,1.49,"€0,75/un",Continente Eco,Limpeza/Casa de Banho/Multisuperfícies,https://www.continente.pt/dw/image/v2/BDVS_PRD/on/demandware.static/-/Sites-col-master-catalog/default/dwe028c4c9/images/col/804/8048852-frente.png?sw=280&sh=280,emb. 2 un,https://www.continente.pt/produto/capsulas-concentradas-wc-continente-eco-8048852.html,limpeza,2025-04-21,Continente
Ambientador Elétrico Recarga Oasis Turquesa,5498775,3.59,"€3,59/un",Air Wick,Limpeza/Velas e Ambientadores/Ambientadores Elétricos,https://www.continente.pt/dw/image/v2/BDVS_PRD/on/demandware.static/-/Sites-col-master-catalog/default/dw01b9e0d7/images/col/549/5498775-frente.jpg?sw=280&sh=280,emb. 1 un,https://www.continente.pt/produto/ambientador-eletrico-recarga-oasis-turquesa-air-wick-5498775.html,limpeza,2025-04-21,Continente
Restaurador Chão Madeira Médio Escuro,7424504,3.48,"€6,96/lt",Splendor,Limpeza/Limpeza Geral/Madeiras,https://www.continente.pt/dw/image/v2/BDVS_PRD/on/demandware.static/-/Sites-col-master-catalog/default/dwf9d2e877/images/col/742/7424504-frente.jpg?sw=280&sh=280,emb. 500 ml,https://www.continente.pt/produto/restaurador-chao-madeira-medio-escuro-splendor-7424504.html,limpeza,2025-04-21,Continente
Ambientador Vela Citronela,3032850,2.99,"€2,99/un",Continente,Limpeza/Inseticidas/Outros Inseticidas,https://www.continente.pt/dw/image/v2/BDVS_PRD/on/demandware.static/-/Sites-col-master-catalog/default/dw9c2d5a05/images/col/303/3032850-frente.jpg?sw=280&sh=280,emb. 1 un,https://www.continente.pt/produto/ambientador-vela-citronela-continente-3032850.html,limpeza,2025-04-21,Continente
Amaciador Roupa Concentrado Aromaterapia Flor de Algodão,5850167,3.29,"€0,06/dos",Vernel,Limpeza/Roupa/Amaciador e Intensificador Perfume,https://www.continente.pt/dw/image/v2/BDVS_PRD/on/demandware.static/-/Sites-col-master-catalog/default/dwe78aa418/images/col/585/5850167-hero.jpg?sw=280&sh=280,57 doses,https://www.continente.pt/produto/amaciador-roupa-concentrado-aromaterapia-flor-de-algodao-vernel-5850167.html,limpeza,2025-04-21,Continente
Desentupidor,6117771,3.99,"€3,99/lt",Boost,"Casa, Bricolage e Jardim/Lojas de Marcas/Boost/Limpeza da Casa e do Carro",https://www.continente.pt/dw/image/v2/BDVS_PRD/on/demandware.static/-/Sites-col-master-catalog/default/dwf3c85d66/images/col/611/6117771-frente.jpg?sw=280&sh=280,emb. 1 lt,https://www.continente.pt/produto/desentupidor-boost-6117771.html,limpeza,2025-04-21,Continente
Detergente Manual Loiça Maxi Poder Frutos Vermelhos,7654295,3.99,"€6,23/lt",Fairy,Limpeza/Cozinha/Detergente Manual Loiça,https://www.continente.pt/dw/image/v2/BDVS_PRD/on/demandware.static/-/Sites-col-master-catalog/default/dw54625dcb/images/col/765/7654295-hero.jpg?sw=280&sh=280,emb. 640 ml,https://www.continente.pt/produto/detergente-manual-loica-maxi-poder-frutos-vermelhos-fairy-7654295.html,limpeza,2025-04-21,Continente
Inseticida Doméstico Voadores,8161649,3.39,"€8,48/lt",Banzé,Limpeza/Inseticidas/Inseticidas Spray,https://www.continente.pt/dw/image/v2/BDVS_PRD/on/demandware.static/-/Sites-col-master-catalog/default/dw9c85cb36/images/col/816/8161649-frente.jpg?sw=280&sh=280,emb. 400 ml,https://www.continente.pt/produto/inseticida-domestico-voadores-banze-8161649.html,limpeza,2025-04-21,Continente
Ambientador Stick Perfumado Botânica Vetiver Caraíbas e Madeira Sândalo,7127191,8.49,"€8,49/un",Air Wick,Limpeza/Velas e Ambientadores/Sticks Perfumados,https://www.continente.pt/dw/image/v2/BDVS_PRD/on/demandware.static/-/Sites-col-master-catalog/default/dwb3dd935d/images/col/712/7127191-frente.jpg?sw=280&sh=280,emb. 1 un,https://www.continente.pt/produto/ambientador-stick-perfumado-botanica-vetiver-caraibas-e-madeira-sandalo-air-wick-7127191.html,limpeza,2025-04-21,Continente
Detergente Máquina Roupa Líquido Lavanda,7815065,8.99,"€0,13/dos",Xau,Limpeza/Roupa/Detergente Máquina,https://www.continente.pt/dw/image/v2/BDVS_PRD/on/demandware.static/-/Sites-col-master-catalog/default/dw15ecf1fe/images/col/781/7815065-frente.jpg?sw=280&sh=280,69 doses,https://www.continente.pt/produto/detergente-maquina-roupa-liquido-lavanda-xau-7815065.html,limpeza,2025-04-21,Continente
Vela em Copo com Tampa 165g,510004,6.0,"€6,00/un",Kasa,"Casa, Bricolage e Jardim/Decoração/Velas e Suportes",https://www.continente.pt/dw/image/v2/BDVS_PRD/on/demandware.static/-/Sites-col-master-catalog/default/dw5018450e/images/col/745/7458528-frente.jpg?sw=280&sh=280,1 un,https://www.continente.pt/produto/vela-em-copo-com-tampa-165g-kasa-510004.html,limpeza,2025-04-21,Continente
Pomada para Calçado Protexol,5614902,2.29,"€30,53/lt",Búfalo,Limpeza/Roupa/Limpeza do Calçado/Cremes,https://www.continente.pt/dw/image/v2/BDVS_PRD/on/demandware.static/-/Sites-col-master-catalog/default/dwefb31659/images/col/561/5614902-cima.jpg?sw=280&sh=280,emb. 75 ml,https://www.continente.pt/produto/pomada-para-calcado-protexol-bufalo-5614902.html,limpeza,2025-04-21,Continente
Reparador de Móveis Escuro,6840439,2.29,"€11,45/lt",Continente,Limpeza/Limpeza Geral/Madeiras,https://www.continente.pt/dw/image/v2/BDVS_PRD/on/demandware.static/-/Sites-col-master-catalog/default/dwe34f5076/images/col/684/6840439-frente.jpg?sw=280&sh=280,emb. 200 ml,https://www.continente.pt/produto/reparador-de-moveis-escuro-continente-6840439.html,limpeza,2025-04-21,Continente
Sistema Mopa Spray,7716275,15.0,"€15,00/un",Kasa,"Casa, Bricolage e Jardim/Lavandaria, Arrumação e Banho/Utensílios de Limpeza",https://www.continente.pt/dw/image/v2/BDVS_PRD/on/demandware.static/-/Sites-col-master-catalog/default/dwc2b12f5f/images/col/771/7716275-frente.jpg?sw=280&sh=280,1 un,https://www.continente.pt/produto/sistema-mopa-spray-kasa-7716275.html,limpeza,2025-04-21,Continente
Luvas Nitrilo Tamanho 9,6903558,1.99,"€1,99/un",Boost,"Casa, Bricolage e Jardim/Bricolage/Ferramentas e Acessórios/Proteção Individual",https://www.continente.pt/dw/image/v2/BDVS_PRD/on/demandware.static/-/Sites-col-master-catalog/default/dwbe4ef402/images/col/690/6903558-frente.jpg?sw=280&sh=280,emb. 2 un,https://www.continente.pt/produto/luvas-nitrilo-tamanho-9-boost-6903558.html,limpeza,2025-04-21,Continente
Inseticida Elétrico Melgas e Mosquitos + Recarga,6967126,5.46,"€5,46/un",Dum Dum,Limpeza/Inseticidas/Inseticidas Elétricos,https://www.continente.pt/dw/image/v2/BDVS_PRD/on/demandware.static/-/Sites-col-master-catalog/default/dw9d237d64/images/col/696/6967126-hero.jpg?sw=280&sh=280,45 Noites,https://www.continente.pt/produto/inseticida-eletrico-melgas-e-mosquitos-recarga-dum-dum-6967126.html,limpeza,2025-04-21,Continente
Inseticida Spray Natural,8048406,5.24,"€13,97/lt",Bio Kill,Limpeza/Inseticidas/Inseticidas Spray,https://www.continente.pt/dw/image/v2/BDVS_PRD/on/demandware.static/-/Sites-col-master-catalog/default/dw1b37fabc/images/col/804/8048406-frente.png?sw=280&sh=280,emb. 375 ml,https://www.continente.pt/produto/inseticida-spray-natural-bio-kill-8048406.html,limpeza,2025-04-21,Continente
Ambientador Elétrico 3Volution Maçã e Canela,8164643,4.99,"€4,99/un",Ambipur,Limpeza/Velas e Ambientadores/Ambientadores Elétricos,https://www.continente.pt/dw/image/v2/BDVS_PRD/on/demandware.static/-/Sites-col-master-catalog/default/dw51c88a99/images/col/816/8164643-hero.jpg?sw=280&sh=280,emb. 1 un,https://www.continente.pt/produto/ambientador-eletrico-3volution-maca-e-canela-ambipur-8164643.html,limpeza,2025-04-21,Continente
Spray Elimina Gorduras,7371090,4.29,"€4,29/un",Boost,"Casa, Bricolage e Jardim/Bricolage/Limpeza de Superfícies",https://www.continente.pt/dw/image/v2/BDVS_PRD/on/demandware.static/-/Sites-col-master-catalog/default/dw1071e218/images/col/737/7371090-frente.jpg?sw=280&sh=280,emb. 500 ml,https://www.continente.pt/produto/spray-elimina-gorduras-boost-7371090.html,limpeza,2025-04-21,Continente
Recarga Mopa Seca para Balde,7716277,3.0,"€3,00/un",Kasa,"Casa, Bricolage e Jardim/Lavandaria, Arrumação e Banho/Utensílios de Limpeza",https://www.continente.pt/dw/image/v2/BDVS_PRD/on/demandware.static/-/Sites-col-master-catalog/default/dw941d9ca4/images/col/771/7716277-frente.jpg?sw=280&sh=280,1 un,https://www.continente.pt/produto/recarga-mopa-seca-para-balde-kasa-7716277.html,limpeza,2025-04-21,Continente
Desengordurante Creme Vitrocerâmica,5255983,5.99,"€13,31/lt",Vitroclen,"Limpeza/Cozinha/Limpeza Fogão, Forno e Frigorífico",https://www.continente.pt/dw/image/v2/BDVS_PRD/on/demandware.static/-/Sites-col-master-catalog/default/dw9c8eb4ca/images/col/525/5255983-frente.jpg?sw=280&sh=280,emb. 450 ml,https://www.continente.pt/produto/desengordurante-creme-vitroceramica-vitroclen-5255983.html,limpeza,2025-04-21,Continente
Balde Lixo Plástico 21L Cinza Easy to Go,7577834,12.0,"€12,00/un",Kasa,"Casa, Bricolage e Jardim/Lavandaria, Arrumação e Banho/Baldes e Sacos do Lixo",https://www.continente.pt/dw/image/v2/BDVS_PRD/on/demandware.static/-/Sites-col-master-catalog/default/dw69f9679c/images/col/757/7577834-direito.jpg?sw=280&sh=280,1 un,https://www.continente.pt/produto/balde-lixo-plastico-21l-cinza-easy-to-go-kasa-7577834.html,limpeza,2025-04-21,Continente
Multisuperfícies Spray Desinfetante,7314145,4.49,"€11,22/lt",Lysol,Limpeza/Limpeza Geral/Multisuperfícies,https://www.continente.pt/dw/image/v2/BDVS_PRD/on/demandware.static/-/Sites-col-master-catalog/default/dwc3ee5215/images/col/731/7314145-frente.jpg?sw=280&sh=280,emb. 400 ml,https://www.continente.pt/produto/multisuperficies-spray-desinfetante-lysol-7314145.html,limpeza,2025-04-21,Continente
Conjunto 6 Velas em Copo,501955,3.5,"€0,58/un",Kasa,"Casa, Bricolage e Jardim/Decoração/Velas e Suportes",https://www.continente.pt/dw/image/v2/BDVS_PRD/on/demandware.static/-/Sites-col-master-catalog/default/dwe829d20f/images/col/513/5135321-frente.jpg?sw=280&sh=280,1 un,https://www.continente.pt/produto/conjunto-6-velas-em-copo-kasa-501955.html,limpeza,2025-04-21,Continente
Frasco Spray com 5 Panos Microfibra,8212219,5.0,"€1,67/un",Bazarão,"Casa, Bricolage e Jardim/Lavandaria, Arrumação e Banho/Utensílios de Limpeza",https://www.continente.pt/dw/image/v2/BDVS_PRD/on/demandware.static/-/Sites-col-master-catalog/default/dwa04d9e42/images/col/821/8212219-frente.jpg?sw=280&sh=280,1 un,https://www.continente.pt/produto/frasco-spray-com-5-panos-microfibra-bazarao-8212219.html,limpeza,2025-04-21,Continente
Spray Limpa e Desinfeta Plus,7240700,5.99,"€5,99/lt",Boost,Limpeza/Limpeza do Exterior,https://www.continente.pt/dw/image/v2/BDVS_PRD/on/demandware.static/-/Sites-col-master-catalog/default/dwb4e86969/images/col/724/7240700-frente.jpg?sw=280&sh=280,emb. 1 lt,https://www.continente.pt/produto/spray-limpa-e-desinfeta-plus-boost-7240700.html,limpeza,2025-04-21,Continente
Detergente Máquina Roupa Cápsulas Ultimate Higiene,7925646,8.99,"€0,28/dos",Skip,Limpeza/Roupa/Detergente Máquina,https://www.continente.pt/dw/image/v2/BDVS_PRD/on/demandware.static/-/Sites-col-master-catalog/default/dwb4ab428c/images/col/792/7925646-frente.png?sw=280&sh=280,32 doses,https://www.continente.pt/produto/detergente-maquina-roupa-capsulas-ultimate-higiene-skip-7925646.html,limpeza,2025-04-21,Continente
Pano Microfibra 45x70cm Pet Pro,7985617,5.59,"€5,59/un",Vileda,"Casa, Bricolage e Jardim/Lavandaria, Arrumação e Banho/Utensílios de Limpeza",https://www.continente.pt/dw/image/v2/BDVS_PRD/on/demandware.static/-/Sites-col-master-catalog/default/dwbf496451/images/col/798/7985617-frente.jpg?sw=280&sh=280,1 un,https://www.continente.pt/produto/pano-microfibra-45x70cm-pet-pro-vileda-7985617.html,limpeza,2025-04-21,Continente
Recarga Mopa Casa de Banho 2 em 1,3619610,6.79,"€6,79/un",Vileda,"Limpeza/Mopas, Esfregonas e Vassouras/Mopas e Espanadores",https://www.continente.pt/dw/image/v2/BDVS_PRD/on/demandware.static/-/Sites-col-master-catalog/default/dw5344ff7f/images/col/361/3619610-frente.jpg?sw=280&sh=280,1 un,https://www.continente.pt/produto/recarga-mopa-casa-de-banho-2-em-1-vileda-3619610.html,limpeza,2025-04-21,Continente
Spray Limpa Lentes e Ecrãs,7820162,2.24,"€2,24/un",Splendor,Limpeza/Limpeza Geral/Limpeza Específica,https://www.continente.pt/dw/image/v2/BDVS_PRD/on/demandware.static/-/Sites-col-master-catalog/default/dw647263fa/images/col/782/7820162-frente.jpg?sw=280&sh=280,emb. 1 un,https://www.continente.pt/produto/spray-limpa-lentes-e-ecras-splendor-7820162.html,limpeza,2025-04-21,Continente
Álcool Desnaturado Plus,6117782,4.29,"€4,29/lt",Boost,"Casa, Bricolage e Jardim/Lojas de Marcas/Boost/Limpeza da Casa e do Carro",https://www.continente.pt/dw/image/v2/BDVS_PRD/on/demandware.static/-/Sites-col-master-catalog/default/dw85fa1cad/images/col/611/6117782-frente.jpg?sw=280&sh=280,emb. 1 lt,https://www.continente.pt/produto/alcool-desnaturado-plus-boost-6117782.html,limpeza,2025-04-21,Continente
Amaciador Roupa Concentrado Aromaterapia Magnolia,5850196,3.29,"€0,06/dos",Vernel,Limpeza/Roupa/Amaciador e Intensificador Perfume,https://www.continente.pt/dw/image/v2/BDVS_PRD/on/demandware.static/-/Sites-col-master-catalog/default/dw3abdd722/images/col/585/5850196-hero.jpg?sw=280&sh=280,57 doses,https://www.continente.pt/produto/amaciador-roupa-concentrado-aromaterapia-magnolia-vernel-5850196.html,limpeza,2025-04-21,Continente
Spray Limpa Estofos Eco,6911057,2.99,"€5,98/lt",Boost Eco,"Casa, Bricolage e Jardim/Automóvel e Motos/Limpeza Interior",https://www.continente.pt/dw/image/v2/BDVS_PRD/on/demandware.static/-/Sites-col-master-catalog/default/dwb92cc859/images/col/691/6911057-frente.jpg?sw=280&sh=280,emb. 500 ml,https://www.continente.pt/produto/spray-limpa-estofos-eco-boost-eco-6911057.html,limpeza,2025-04-21,Continente
Spray Limpa Estofos Tira Nódoas com Escova,5319557,5.24,"€13,10/lt",Redex,"Casa, Bricolage e Jardim/Automóvel e Motos/Limpeza Interior",https://www.continente.pt/dw/image/v2/BDVS_PRD/on/demandware.static/-/Sites-col-master-catalog/default/dwbcab55ce/images/col/531/5319557-frente.jpg?sw=280&sh=280,emb. 400 ml,https://www.continente.pt/produto/spray-limpa-estofos-tira-nodoas-com-escova-redex-5319557.html,limpeza,2025-04-21,Continente
Creme Limpa Estofos Pele,5319876,6.29,"€12,58/lt",Redex,"Casa, Bricolage e Jardim/Automóvel e Motos/Limpeza Interior",https://www.continente.pt/dw/image/v2/BDVS_PRD/on/demandware.static/-/Sites-col-master-catalog/default/dwb2c3a71f/images/col/531/5319876-frente.jpg?sw=280&sh=280,emb. 500 ml,https://www.continente.pt/produto/creme-limpa-estofos-pele-redex-5319876.html,limpeza,2025-04-21,Continente
Spray Ar Comprimido,7409904,4.99,"€4,99/un",Max,"Casa, Bricolage e Jardim/Eletrodomésticos/Tecnologia e Acessórios",https://www.continente.pt/dw/image/v2/BDVS_PRD/on/demandware.static/-/Sites-col-master-catalog/default/dwb2f61236/images/col/740/7409904-frente.jpg?sw=280&sh=280,emb. 200 ml,https://www.continente.pt/produto/spray-ar-comprimido-max-7409904.html,limpeza,2025-04-21,Continente
Limpador Juntas Solos e Paredes,4496491,6.99,"€13,98/lt",Paso,Limpeza/Limpeza do Exterior,https://www.continente.pt/dw/image/v2/BDVS_PRD/on/demandware.static/-/Sites-col-master-catalog/default/dwed67a537/images/col/449/4496491-esquerdo.jpg?sw=280&sh=280,emb. 500 ml,https://www.continente.pt/produto/limpador-juntas-solos-e-paredes-paso-4496491.html,limpeza,2025-04-21,Continente
Inseticida Anti-Ácaros,6704542,3.29,"€8,23/lt",Continente,Limpeza/Inseticidas/Inseticidas Spray,https://www.continente.pt/dw/image/v2/BDVS_PRD/on/demandware.static/-/Sites-col-master-catalog/default/dw243d7fe5/images/col/670/6704542-frente.jpg?sw=280&sh=280,emb. 400 ml,https://www.continente.pt/produto/inseticida-anti-acaros-continente-6704542.html,limpeza,2025-04-21,Continente
Lixívia Tradicional,7627357,3.45,"€0,69/lt",Solim,Limpeza/Limpeza Geral/Lixívias,https://www.continente.pt/dw/image/v2/BDVS_PRD/on/demandware.static/-/Sites-col-master-catalog/default/dwb89cba8d/images/col/762/7627357-frente.jpg?sw=280&sh=280,emb. 5 kg,https://www.continente.pt/produto/lixivia-tradicional-solim-7627357.html,limpeza,2025-04-21,Continente
Limpa Couros Líquido,2054371,5.66,"€22,64/lt",Bella Pelle,Limpeza/Roupa/Limpeza do Calçado/Produtos de Limpeza do Calçado,https://www.continente.pt/dw/image/v2/BDVS_PRD/on/demandware.static/-/Sites-col-master-catalog/default/dw42a47221/images/col/205/2054371-frente.jpg?sw=280&sh=280,emb. 250 ml,https://www.continente.pt/produto/limpa-couros-liquido-bella-pelle-2054371.html,limpeza,2025-04-21,Continente
Conjunto de Rolo Agarra Resíduos e 2 Recargas,7637845,4.75,"€4,75/un",Kasa,"Casa, Bricolage e Jardim/Lavandaria, Arrumação e Banho/Utensílios de Limpeza",https://www.continente.pt/dw/image/v2/BDVS_PRD/on/demandware.static/-/Sites-col-master-catalog/default/dw9bd020d8/images/col/763/7637845-frente.jpg?sw=280&sh=280,1 un,https://www.continente.pt/produto/conjunto-de-rolo-agarra-residuos-e-2-recargas-kasa-7637845.html,limpeza,2025-04-21,Continente
Conjunto 6 Velas em Copo 30g,374379,2.45,"€0,41/un",Kasa,"Casa, Bricolage e Jardim/Decoração/Velas e Suportes",https://www.continente.pt/dw/image/v2/BDVS_PRD/on/demandware.static/-/Sites-col-master-catalog/default/dw3c2ba3c2/images/col/779/7798263-frente.jpg?sw=280&sh=280,1 un,https://www.continente.pt/produto/conjunto-6-velas-em-copo-30g-kasa-374379.html,limpeza,2025-04-21,Continente
Vela em Copo com Tampa Vidro 2 Pavios 160g Laranja,7836818,5.0,"€5,00/un",Kasa,"Casa, Bricolage e Jardim/Decoração/Velas e Suportes",https://www.continente.pt/dw/image/v2/BDVS_PRD/on/demandware.static/-/Sites-col-master-catalog/default/dwaf25c783/images/col/783/7836818-frente.jpg?sw=280&sh=280,1 un,https://www.continente.pt/produto/vela-em-copo-com-tampa-vidro-2-pavios-160g-laranja-kasa-7836818.html,limpeza,2025-04-21,Continente
Spray Limpa Estofos,6116459,3.99,"€3,99/lt",Boost,"Casa, Bricolage e Jardim/Automóvel e Motos/Limpeza Interior",https://www.continente.pt/dw/image/v2/BDVS_PRD/on/demandware.static/-/Sites-col-master-catalog/default/dw63ac56f3/images/col/611/6116459-frente.jpg?sw=280&sh=280,emb. 1 lt,https://www.continente.pt/produto/spray-limpa-estofos-boost-6116459.html,limpeza,2025-04-21,Continente
Spray Auto Limpa Estofos com Escova,6116582,5.49,"€13,73/lt",Boost,"Casa, Bricolage e Jardim/Automóvel e Motos/Limpeza Interior",https://www.continente.pt/dw/image/v2/BDVS_PRD/on/demandware.static/-/Sites-col-master-catalog/default/dw2d94d456/images/col/611/6116582-frente.jpg?sw=280&sh=280,emb. 400 ml,https://www.continente.pt/produto/spray-auto-limpa-estofos-com-escova-boost-6116582.html,limpeza,2025-04-21,Continente
Vela em Copo 165g,284485,3.2,"€3,20/un",Kasa,"Casa, Bricolage e Jardim/Decoração/Velas e Suportes",https://www.continente.pt/dw/image/v2/BDVS_PRD/on/demandware.static/-/Sites-col-master-catalog/default/dwf5baefe0/images/col/709/7091837-frente.jpg?sw=280&sh=280,1 un,https://www.continente.pt/produto/vela-em-copo-165g-kasa-284485.html,limpeza,2025-04-21,Continente
Vela em Copo Bolas 170g,326181,0.0,"€5,00/un",Kasa,"Casa, Bricolage e Jardim/Decoração/Velas e Suportes",https://www.continente.pt/dw/image/v2/BDVS_PRD/on/demandware.static/-/Sites-col-master-catalog/default/dw099d9c2f/images/col/738/7388341-frente.jpg?sw=280&sh=280,1 un,https://www.continente.pt/produto/vela-em-copo-bolas-170g-kasa-326181.html,limpeza,2025-04-21,Continente
Atacador Encerado Corda Preto 120 cm,7331116,1.93,"€1,93/un",Filsousa,Limpeza/Roupa/Limpeza do Calçado/Acessórios,https://www.continente.pt/dw/image/v2/BDVS_PRD/on/demandware.static/-/Sites-col-master-catalog/default/dwafe5938d/images/col/733/7331116-frente.jpg?sw=280&sh=280,emb. 1 un,https://www.continente.pt/produto/atacador-encerado-corda-preto-120-cm-filsousa-7331116.html,limpeza,2025-04-21,Continente
Vela em Copo Preto Vegan Tampa Cortiça 200g Sweet Frankincense,7450743,6.0,"€6,00/un",Kasa,"Casa, Bricolage e Jardim/Decoração/Velas e Suportes",https://www.continente.pt/dw/image/v2/BDVS_PRD/on/demandware.static/-/Sites-col-master-catalog/default/dw104eb128/images/col/745/7450743-frente.jpg?sw=280&sh=280,1 un,https://www.continente.pt/produto/vela-em-copo-preto-vegan-tampa-cortica-200g-sweet-frankincense-kasa-7450743.html,limpeza,2025-04-21,Continente
Amaciador Roupa Concentrado Relax,7754742,5.99,"€0,05/dos",Quanto,Limpeza/Roupa/Amaciador e Intensificador Perfume,https://www.continente.pt/dw/image/v2/BDVS_PRD/on/demandware.static/-/Sites-col-master-catalog/default/dwb9bfdcb2/images/col/775/7754742-frente.jpg?sw=280&sh=280,132 doses,https://www.continente.pt/produto/amaciador-roupa-concentrado-relax-quanto-7754742.html,limpeza,2025-04-21,Continente
Ambientador de Guarda Roupa,7861780,2.0,"€2,00/un",Bazarão,Limpeza/Velas e Ambientadores/Ambientadores Automáticos,https://www.continente.pt/dw/image/v2/BDVS_PRD/on/demandware.static/-/Sites-col-master-catalog/default/dwc21cbb03/images/col/786/7861780-frente.jpg?sw=280&sh=280,1 un,https://www.continente.pt/produto/ambientador-de-guarda-roupa-bazarao-7861780.html,limpeza,2025-04-21,Continente
Sacos de Pasteleiro,4961043,1.31,"€0,13/un",Silvex,Limpeza/Cozinha/Películas e Sacos de Conservação,https://www.continente.pt/dw/image/v2/BDVS_PRD/on/demandware.static/-/Sites-col-master-catalog/default/dw5b6d4bde/images/col/496/4961043-direito.jpg?sw=280&sh=280,10 un,https://www.continente.pt/produto/sacos-de-pasteleiro-silvex-4961043.html,limpeza,2025-04-21,Continente
Spray Desengordurante Vinagre e Bicarbonato,8118679,1.99,"€3,98/lt",Cif,Limpeza/Cozinha/Multisuperfícies,https://www.continente.pt/dw/image/v2/BDVS_PRD/on/demandware.static/-/Sites-col-master-catalog/default/dw9d88470a/images/col/811/8118679-frente.png?sw=280&sh=280,emb. 500 ml,https://www.continente.pt/produto/spray-desengordurante-vinagre-e-bicarbonato-cif-8118679.html,limpeza,2025-04-21,Continente
Balde de Lixo Plástico 25L Sort & Go,510538,51.0,"€51,00/un",Brabantia,"Casa, Bricolage e Jardim/Lavandaria, Arrumação e Banho/Baldes e Sacos do Lixo",https://www.continente.pt/dw/image/v2/BDVS_PRD/on/demandware.static/-/Sites-col-master-catalog/default/dwb0be87ac/images/col/761/7616492-frente.jpg?sw=280&sh=280,1 un,https://www.continente.pt/produto/balde-de-lixo-plastico-25l-sort-go-brabantia-510538.html,limpeza,2025-04-21,Continente
