Product Name,Product ID,Price,Price per unit,Brand,Category,Image URL,Minimum Quantity,Product Link,cgid,tracking_date,source
Box Fraldas Activity XXL 9-14kg T4,7204009,34.99,"€0,24/un",Dodot,Bebé/Fraldas e Toalhitas/Fraldas 4-11kg/9-15kg (T3 e T4),https://www.continente.pt/dw/image/v2/BDVS_PRD/on/demandware.static/-/Sites-col-master-catalog/default/dw83ad6adf/images/col/720/7204009-hero.jpg?sw=280&sh=280,emb. 144 un,https://www.continente.pt/produto/box-fraldas-activity-xxl-9-14kg-t4-dodot-7204009.html,bebe,2025-04-21,Continente
Box Fraldas Activity XXL +13kg T6,7203979,34.99,"€0,30/un",Dodot,Bebé/Fraldas e Toalhitas/Fraldas 13-18kg/+18kg (T5 e T6),https://www.continente.pt/dw/image/v2/BDVS_PRD/on/demandware.static/-/Sites-col-master-catalog/default/dw9fa21fe6/images/col/720/7203979-hero.jpg?sw=280&sh=280,emb. 117 un,https://www.continente.pt/produto/box-fraldas-activity-xxl-13kg-t6-dodot-7203979.html,bebe,2025-04-21,Continente
Fraldas Cuidado Total 11-16kg T5,8203464,29.7,"€0,41/un",Dodot,Bebé/Fraldas e Toalhitas/Fraldas 13-18kg/+18kg (T5 e T6),https://www.continente.pt/dw/image/v2/BDVS_PRD/on/demandware.static/-/Sites-col-master-catalog/default/dwd9d38a22/images/col/820/8203464-hero.jpg?sw=280&sh=280,emb. 72 un (2 x 36 un),https://www.continente.pt/produto/fraldas-cuidado-total-11-16kg-t5-dodot-8203464.html,bebe,2025-04-21,Continente
Toalhitas Bebé Aqua Pure,8203701,17.8,"€0,03/un",Dodot,Bebé/Fraldas e Toalhitas/Toalhitas,https://www.continente.pt/dw/image/v2/BDVS_PRD/on/demandware.static/-/Sites-col-master-catalog/default/dw7370bbaf/images/col/820/8203701-hero.png?sw=280&sh=280,emb. 576 un (12 x 48 un),https://www.continente.pt/produto/toalhitas-bebe-aqua-pure-dodot-8203701.html,bebe,2025-04-21,Continente
Fraldas Sensitive 4-8kg T2,8208654,30.49,"€0,19/un",Dodot,"Bebé/Fraldas e Toalhitas/Fraldas <2kg/2-5kg/3-6kg (T0, T1 e T2)",https://www.continente.pt/dw/image/v2/BDVS_PRD/on/demandware.static/-/Sites-col-master-catalog/default/dw3b21c287/images/col/820/8208654-hero.jpg?sw=280&sh=280,emb. 160 un (2 x 80 un),https://www.continente.pt/produto/fraldas-sensitive-4-8kg-t2-dodot-8208654.html,bebe,2025-04-21,Continente
Nestum Mel Flocos Cereais +3A,7554421,3.79,"€6,32/kg",Nestum,Mercearia/Alimentação Infantil/Papas Infantis,https://www.continente.pt/dw/image/v2/BDVS_PRD/on/demandware.static/-/Sites-col-master-catalog/default/dw9a69aec4/images/col/755/7554421-frente.jpg?sw=280&sh=280,emb. 600 gr,https://www.continente.pt/produto/nestum-mel-flocos-cereais-3a-nestum-7554421.html,bebe,2025-04-21,Continente
Fraldas Sensitive Extra 7-11kg T3,8203666,42.4,"€0,25/un",Dodot,Bebé/Fraldas e Toalhitas/Fraldas 4-11kg/9-15kg (T3 e T4),https://www.continente.pt/dw/image/v2/BDVS_PRD/on/demandware.static/-/Sites-col-master-catalog/default/dw87346f16/images/col/820/8203666-hero.png?sw=280&sh=280,emb. 168 un (3 x 56 un),https://www.continente.pt/produto/fraldas-sensitive-extra-7-11kg-t3-dodot-8203666.html,bebe,2025-04-21,Continente
Resguardo Cama 60x90,8108522,6.89,"€0,34/un",Continente,Beleza e Higiene/Higiene Íntima/Incontinência/Resguardos,https://www.continente.pt/dw/image/v2/BDVS_PRD/on/demandware.static/-/Sites-col-master-catalog/default/dw952540e2/images/col/810/8108522-frente.jpg?sw=280&sh=280,emb. 20 un,https://www.continente.pt/produto/resguardo-cama-60x90-continente-8108522.html,bebe,2025-04-21,Continente
"Iogurte Aroma Tutti Frutti, Morango, Limão, Framboesa, Coco e Banana Pack Poupança",5784205,2.39,"€1,20/kg",Continente,Laticínios e Ovos/Iogurtes/Iogurtes Aromas e Naturais,https://www.continente.pt/dw/image/v2/BDVS_PRD/on/demandware.static/-/Sites-col-master-catalog/default/dwccbc730c/images/col/578/5784205-frente.jpg?sw=280&sh=280,emb. 2000 gr (16 un),https://www.continente.pt/produto/iogurte-aroma-tutti-frutti-morango-limao-framboesa-coco-e-banana-pack-poupanca-continente-5784205.html,bebe,2025-04-21,Continente
Box Fraldas Activity XXL 11-16kg T5,7204030,34.99,"€0,28/un",Dodot,Bebé/Fraldas e Toalhitas/Fraldas 13-18kg/+18kg (T5 e T6),https://www.continente.pt/dw/image/v2/BDVS_PRD/on/demandware.static/-/Sites-col-master-catalog/default/dw9719522e/images/col/720/7204030-hero.jpg?sw=280&sh=280,emb. 126 un,https://www.continente.pt/produto/box-fraldas-activity-xxl-11-16kg-t5-dodot-7204030.html,bebe,2025-04-21,Continente
Papa Infantil Farinha Láctea +12M,7635921,6.99,"€7,77/kg",Cerelac,Mercearia/Alimentação Infantil/Papas Infantis,https://www.continente.pt/dw/image/v2/BDVS_PRD/on/demandware.static/-/Sites-col-master-catalog/default/dw0beffdd6/images/col/763/7635921-frente.png?sw=280&sh=280,emb. 900 gr,https://www.continente.pt/produto/papa-infantil-farinha-lactea-12m-cerelac-7635921.html,bebe,2025-04-21,Continente
Iogurte Natural,6804954,1.39,"€1,39/kg",Continente,Laticínios e Ovos/Iogurtes/Iogurtes Aromas e Naturais,https://www.continente.pt/dw/image/v2/BDVS_PRD/on/demandware.static/-/Sites-col-master-catalog/default/dw4d460c12/images/col/680/6804954-frente.jpg?sw=280&sh=280,emb. 1000 gr (8 un),https://www.continente.pt/produto/iogurte-natural-continente-6804954.html,bebe,2025-04-21,Continente
Toalhitas Bebé 99% Água,8041414,3.99,"€0,02/un",Continente do Bebé,Bebé/Fraldas e Toalhitas/Toalhitas,https://www.continente.pt/dw/image/v2/BDVS_PRD/on/demandware.static/-/Sites-col-master-catalog/default/dw90d9b361/images/col/804/8041414-cima.jpg?sw=280&sh=280,emb. 180 un (3 x 60 un),https://www.continente.pt/produto/toalhitas-bebe-99--agua-continente-do-bebe-8041414.html,bebe,2025-04-21,Continente
Fraldas Bebé Seco Extra 12-17kg T5+,7367565,13.5,"€0,24/un",Dodot,Bebé/Fraldas e Toalhitas/Fraldas 13-18kg/+18kg (T5 e T6),https://www.continente.pt/dw/image/v2/BDVS_PRD/on/demandware.static/-/Sites-col-master-catalog/default/dw37441f7c/images/col/736/7367565-hero.jpg?sw=280&sh=280,emb. 56 un,https://www.continente.pt/produto/fraldas-bebe-seco-extra-12-17kg-t5-dodot-7367565.html,bebe,2025-04-21,Continente
Fraldas Bebé Seco Extra +14kg T6+,7367566,13.5,"€0,28/un",Dodot,Bebé/Fraldas e Toalhitas/Fraldas 13-18kg/+18kg (T5 e T6),https://www.continente.pt/dw/image/v2/BDVS_PRD/on/demandware.static/-/Sites-col-master-catalog/default/dw57152068/images/col/736/7367566-hero.jpg?sw=280&sh=280,emb. 48 un,https://www.continente.pt/produto/fraldas-bebe-seco-extra-14kg-t6-dodot-7367566.html,bebe,2025-04-21,Continente
Papa Infantil Farinha Láctea 40% Menos Açúcares +6M,7635924,6.29,"€6,99/kg",Cerelac,Mercearia/Alimentação Infantil/Papas Infantis,https://www.continente.pt/dw/image/v2/BDVS_PRD/on/demandware.static/-/Sites-col-master-catalog/default/dwe3a6fcc1/images/col/763/7635924-direito.jpg?sw=280&sh=280,emb. 900 gr,https://www.continente.pt/produto/papa-infantil-farinha-lactea-40--menos-acucares-6m-cerelac-7635924.html,bebe,2025-04-21,Continente
Fraldas Cueca Pants 14-19kg T6,8191538,12.45,"€0,23/un",Dodot,Bebé/Fraldas e Toalhitas/Fraldas Cueca,https://www.continente.pt/dw/image/v2/BDVS_PRD/on/demandware.static/-/Sites-col-master-catalog/default/dwd3701a1f/images/col/819/8191538-hero.png?sw=280&sh=280,emb. 54 un,https://www.continente.pt/produto/fraldas-cueca-pants-14-19kg-t6-dodot-8191538.html,bebe,2025-04-21,Continente
Fraldas Proteção e Conforto 13-18kg T6,8120113,14.99,"€0,19/un",Continente do Bebé,Bebé/Fraldas e Toalhitas/Fraldas 13-18kg/+18kg (T5 e T6),https://www.continente.pt/dw/image/v2/BDVS_PRD/on/demandware.static/-/Sites-col-master-catalog/default/dw97149ba8/images/col/812/8120113-frente.jpg?sw=280&sh=280,emb. 80 un,https://www.continente.pt/produto/fraldas-protecao-e-conforto-13-18kg-t6-continente-do-bebe-8120113.html,bebe,2025-04-21,Continente
Fraldas Cueca Pants +17kg T7,8191540,12.45,"€0,28/un",Dodot,Bebé/Fraldas e Toalhitas/Fraldas Cueca,https://www.continente.pt/dw/image/v2/BDVS_PRD/on/demandware.static/-/Sites-col-master-catalog/default/dw894016f7/images/col/819/8191540-hero.png?sw=280&sh=280,emb. 44 un,https://www.continente.pt/produto/fraldas-cueca-pants-17kg-t7-dodot-8191540.html,bebe,2025-04-21,Continente
Iogurte Natural,4696631,1.99,"€2,07/kg",Danone,Laticínios e Ovos/Iogurtes/Iogurtes Aromas e Naturais,https://www.continente.pt/dw/image/v2/BDVS_PRD/on/demandware.static/-/Sites-col-master-catalog/default/dwa7faf662/images/col/469/4696631-frente.jpg?sw=280&sh=280,emb. 960 gr (8 un),https://www.continente.pt/produto/iogurte-natural-danone-4696631.html,bebe,2025-04-21,Continente
Toalhitas Bebé Hidratação,8050357,3.19,"€0,01/un",Continente do Bebé,Bebé/Fraldas e Toalhitas/Toalhitas,https://www.continente.pt/dw/image/v2/BDVS_PRD/on/demandware.static/-/Sites-col-master-catalog/default/dw8acee719/images/col/805/8050357-cima.png?sw=280&sh=280,emb. 216 un (3 x 72 un),https://www.continente.pt/produto/toalhitas-bebe-hidratacao-continente-do-bebe-8050357.html,bebe,2025-04-21,Continente
Fraldas Proteção e Conforto 11-16kg T5,8120114,14.99,"€0,17/un",Continente do Bebé,Bebé/Fraldas e Toalhitas/Fraldas 13-18kg/+18kg (T5 e T6),https://www.continente.pt/dw/image/v2/BDVS_PRD/on/demandware.static/-/Sites-col-master-catalog/default/dwadc8a6b7/images/col/812/8120114-hero.png?sw=280&sh=280,emb. 88 un,https://www.continente.pt/produto/fraldas-protecao-e-conforto-11-16kg-t5-continente-do-bebe-8120114.html,bebe,2025-04-21,Continente
Conjunto de Rua Trio Cinza Darling,8037527,272.3,"€272,30/un",Kikka Boo,Bebé/Passeio e Viagem/Carrinhos de Passeio,https://www.continente.pt/dw/image/v2/BDVS_PRD/on/demandware.static/-/Sites-col-master-catalog/default/dwcc13f1e6/images/col/803/8037527-frente.jpg?sw=280&sh=280,1 un,https://www.continente.pt/produto/conjunto-de-rua-trio-cinza-darling-kikka-boo-8037527.html,bebe,2025-04-21,Continente
Cadeira Auto I-Size 40-150cm Isofix Rotativa Atlas Preta,8081136,199.2,"€199,20/un",Bebeconfort,Bebé/Cadeiras Auto/I-Size 40-150cm,https://www.continente.pt/dw/image/v2/BDVS_PRD/on/demandware.static/-/Sites-col-master-catalog/default/dw75a9715e/images/col/808/8081136-frente.jpg?sw=280&sh=280,1 un,https://www.continente.pt/produto/cadeira-auto-i-size-40-150cm-isofix-rotativa-atlas-preta-bebeconfort-8081136.html,bebe,2025-04-21,Continente
Papa Infantil Farinha Láctea com Cereais +6M,5781967,5.29,"€5,29/kg",Continente,Mercearia/Alimentação Infantil/Papas Infantis,https://www.continente.pt/dw/image/v2/BDVS_PRD/on/demandware.static/-/Sites-col-master-catalog/default/dw2b2bec6e/images/col/578/5781967-hero.jpg?sw=280&sh=280,emb. 1 kg,https://www.continente.pt/produto/papa-infantil-farinha-lactea-com-cereais-6m-continente-5781967.html,bebe,2025-04-21,Continente
Fraldas Sensitive 2-5kg T1,7854287,15.74,"€0,19/un",Dodot,"Bebé/Fraldas e Toalhitas/Fraldas <2kg/2-5kg/3-6kg (T0, T1 e T2)",https://www.continente.pt/dw/image/v2/BDVS_PRD/on/demandware.static/-/Sites-col-master-catalog/default/dw1fd12c1b/images/col/785/7854287-hero.jpg?sw=280&sh=280,emb. 84 un,https://www.continente.pt/produto/fraldas-sensitive-2-5kg-t1-dodot-7854287.html,bebe,2025-04-21,Continente
Saqueta de Fruta Banana e Morango +8M,7267765,0.67,"€7,44/kg",Continente,"Mercearia/Alimentação Infantil/Boiões, Saquetas e Puré de Fruta",https://www.continente.pt/dw/image/v2/BDVS_PRD/on/demandware.static/-/Sites-col-master-catalog/default/dwc8f8913c/images/col/726/7267765-hero.jpg?sw=280&sh=280,emb. 90 gr,https://www.continente.pt/produto/saqueta-de-fruta-banana-e-morango-8m-continente-7267765.html,bebe,2025-04-21,Continente
Fraldas Incontinência Noite L,8093202,9.99,"€0,50/un",Continente,Beleza e Higiene/Higiene Íntima/Incontinência/Fraldas Incontinência,https://www.continente.pt/dw/image/v2/BDVS_PRD/on/demandware.static/-/Sites-col-master-catalog/default/dw58ab7cc3/images/col/809/8093202-hero.png?sw=280&sh=280,emb. 20 un,https://www.continente.pt/produto/fraldas-incontinencia-noite-l-continente-8093202.html,bebe,2025-04-21,Continente
Fraldas Proteção e Conforto 7-14kg T4,8120115,14.99,"€0,15/un",Continente do Bebé,Bebé/Fraldas e Toalhitas/Fraldas 4-11kg/9-15kg (T3 e T4),https://www.continente.pt/dw/image/v2/BDVS_PRD/on/demandware.static/-/Sites-col-master-catalog/default/dw91211b40/images/col/812/8120115-frente.jpg?sw=280&sh=280,emb. 100 un,https://www.continente.pt/produto/fraldas-protecao-e-conforto-7-14kg-t4-continente-do-bebe-8120115.html,bebe,2025-04-21,Continente
Compressas de Tecido Não Tecido 10 x 10 cm,7400214,1.69,"€0,02/un",Continente do Bebé,Bebé/Banho e Higiene/Proteção e Hidratação,https://www.continente.pt/dw/image/v2/BDVS_PRD/on/demandware.static/-/Sites-col-master-catalog/default/dw4b492dd3/images/col/740/7400214-frente.jpg?sw=280&sh=280,emb. 100 un,https://www.continente.pt/produto/compressas-de-tecido-nao-tecido-10-x-10-cm-continente-do-bebe-7400214.html,bebe,2025-04-21,Continente
Saqueta de Fruta Multifrutos +8M,7273638,0.67,"€7,44/kg",Continente,"Mercearia/Alimentação Infantil/Boiões, Saquetas e Puré de Fruta",https://www.continente.pt/dw/image/v2/BDVS_PRD/on/demandware.static/-/Sites-col-master-catalog/default/dw561a650f/images/col/727/7273638-hero.jpg?sw=280&sh=280,emb. 90 gr,https://www.continente.pt/produto/saqueta-de-fruta-multifrutos-8m-continente-7273638.html,bebe,2025-04-21,Continente
Box Fraldas Activity XXL 6-10kg T3,7203980,34.99,"€0,21/un",Dodot,Bebé/Fraldas e Toalhitas/Fraldas 4-11kg/9-15kg (T3 e T4),https://www.continente.pt/dw/image/v2/BDVS_PRD/on/demandware.static/-/Sites-col-master-catalog/default/dw4bda3fe2/images/col/720/7203980-hero.jpg?sw=280&sh=280,emb. 168 un,https://www.continente.pt/produto/box-fraldas-activity-xxl-6-10kg-t3-dodot-7203980.html,bebe,2025-04-21,Continente
Detergente Máquina Roupa Líquido Baby,7800296,9.99,"€0,18/dos",Skip,Limpeza/Roupa/Detergente Máquina,https://www.continente.pt/dw/image/v2/BDVS_PRD/on/demandware.static/-/Sites-col-master-catalog/default/dwcb6454f3/images/col/780/7800296-frente.jpg?sw=280&sh=280,56 doses,https://www.continente.pt/produto/detergente-maquina-roupa-liquido-baby-skip-7800296.html,bebe,2025-04-21,Continente
Conjunto de Rua Duo Cinza Haze,7796898,239.2,"€239,20/un",Bebeconfort,Bebé/Passeio e Viagem/Carrinhos de Passeio,https://www.continente.pt/dw/image/v2/BDVS_PRD/on/demandware.static/-/Sites-col-master-catalog/default/dwb404049e/images/col/779/7796898-hero.jpg?sw=280&sh=280,1 un,https://www.continente.pt/produto/conjunto-de-rua-duo-cinza-haze-bebeconfort-7796898.html,bebe,2025-04-21,Continente
Resguardo Berço Bebé 60x60,8087988,5.49,"€0,27/un",Continente do Bebé,Bebé/Fraldas e Toalhitas/Resguardos,https://www.continente.pt/dw/image/v2/BDVS_PRD/on/demandware.static/-/Sites-col-master-catalog/default/dw352e8448/images/col/808/8087988-frente.jpg?sw=280&sh=280,emb. 20 un,https://www.continente.pt/produto/resguardo-berco-bebe-60x60-continente-do-bebe-8087988.html,bebe,2025-04-21,Continente
Cuecas Incontinência L,8088804,9.49,"€0,68/un",Continente,Beleza e Higiene/Higiene Íntima/Incontinência/Cuecas Incontinência,https://www.continente.pt/dw/image/v2/BDVS_PRD/on/demandware.static/-/Sites-col-master-catalog/default/dw0cd960c0/images/col/808/8088804-frente.jpg?sw=280&sh=280,emb. 14 un,https://www.continente.pt/produto/cuecas-incontinencia-l-continente-8088804.html,bebe,2025-04-21,Continente
Creme Corpo Body Milk Hidratante Nutritivo,7397198,5.39,"€8,62/lt",Nivea,Beleza e Higiene/Corpo/Cremes e Loções,https://www.continente.pt/dw/image/v2/BDVS_PRD/on/demandware.static/-/Sites-col-master-catalog/default/dw36ee27f6/images/col/739/7397198-frente.jpg?sw=280&sh=280,emb. 625 ml,https://www.continente.pt/produto/creme-corpo-body-milk-hidratante-nutritivo-nivea-7397198.html,bebe,2025-04-21,Continente
Toalhitas Bebé Biodegradáveis,8018595,6.36,"€0,04/un",Waterwipes,Bebé/Fraldas e Toalhitas/Toalhitas,https://www.continente.pt/dw/image/v2/BDVS_PRD/on/demandware.static/-/Sites-col-master-catalog/default/dw8ff0416c/images/col/801/8018595-frente.jpg?sw=280&sh=280,emb. 144 un (3 x 48 un),https://www.continente.pt/produto/toalhitas-bebe-biodegradaveis-waterwipes-8018595.html,bebe,2025-04-21,Continente
Fraldas Cueca Pants 9-15kg T4,7450250,12.45,"€0,20/un",Dodot,Bebé/Fraldas e Toalhitas/Fraldas 4-11kg/9-15kg (T3 e T4),https://www.continente.pt/dw/image/v2/BDVS_PRD/on/demandware.static/-/Sites-col-master-catalog/default/dw17cb2aab/images/col/745/7450250-hero.jpg?sw=280&sh=280,emb. 62 un,https://www.continente.pt/produto/fraldas-cueca-pants-9-15kg-t4-dodot-7450250.html,bebe,2025-04-21,Continente
Toalhitas Bebé Aqua Pure,7887535,7.19,"€0,05/un",Dodot,Bebé/Fraldas e Toalhitas/Toalhitas,https://www.continente.pt/dw/image/v2/BDVS_PRD/on/demandware.static/-/Sites-col-master-catalog/default/dwa5c63890/images/col/788/7887535-hero.png?sw=280&sh=280,emb. 144 un (3 x 48 un),https://www.continente.pt/produto/toalhitas-bebe-aqua-pure-dodot-7887535.html,bebe,2025-04-21,Continente
Muda Fraldas Madeira Tsuga,350276,139.0,"€139,00/un",Twinko,Bebé/Banho e Higiene/Muda Fraldas,https://www.continente.pt/dw/image/v2/BDVS_PRD/on/demandware.static/-/Sites-col-master-catalog/default/dw75e01146/images/col/802/8022726-frente.jpg?sw=280&sh=280,1 un,https://www.continente.pt/produto/muda-fraldas-madeira-tsuga-twinko-350276.html,bebe,2025-04-21,Continente
Box Toalhitas Bebé Aqua Pure Aloe Vera XXL,8122189,28.44,"€0,03/un",Dodot,Bebé/Fraldas e Toalhitas/Toalhitas,https://www.continente.pt/dw/image/v2/BDVS_PRD/on/demandware.static/-/Sites-col-master-catalog/default/dw947c4a8a/images/col/812/8122189-hero.png?sw=280&sh=280,emb. 828 un (18 x 46 un),https://www.continente.pt/produto/box-toalhitas-bebe-aqua-pure-aloe-vera-xxl-dodot-8122189.html,bebe,2025-04-21,Continente
Toalhitas Bebé Básico,6156027,1.15,"€0,02/un",Dodot,Bebé/Fraldas e Toalhitas/Toalhitas,https://www.continente.pt/dw/image/v2/BDVS_PRD/on/demandware.static/-/Sites-col-master-catalog/default/dwbc09b3ad/images/col/615/6156027-hero.jpg?sw=280&sh=280,emb. 54 un,https://www.continente.pt/produto/toalhitas-bebe-basico-dodot-6156027.html,bebe,2025-04-21,Continente
Fraldas Cueca Proteção e Conforto 13-18kg T5,7740114,9.39,"€0,23/un",Continente do Bebé,Bebé/Fraldas e Toalhitas/Fraldas Cueca,https://www.continente.pt/dw/image/v2/BDVS_PRD/on/demandware.static/-/Sites-col-master-catalog/default/dwa6f0d155/images/col/774/7740114-hero.jpg?sw=280&sh=280,emb. 40 un,https://www.continente.pt/produto/fraldas-cueca-protecao-e-conforto-13-18kg-t5-continente-do-bebe-7740114.html,bebe,2025-04-21,Continente
Nestum Mel Zero +3A,6909669,2.99,"€11,96/kg",Nestum,Mercearia/Alimentação Infantil/Papas Infantis,https://www.continente.pt/dw/image/v2/BDVS_PRD/on/demandware.static/-/Sites-col-master-catalog/default/dwa492f1b0/images/col/690/6909669-hero.jpg?sw=280&sh=280,emb. 250 gr,https://www.continente.pt/produto/nestum-mel-zero-3a-nestum-6909669.html,bebe,2025-04-21,Continente
Cadeira Auto I-Size 40-150cm Isofix Rotativa Firma,511566,159.2,"€159,20/un",Babyauto,Bebé/Cadeiras Auto,https://www.continente.pt/dw/image/v2/BDVS_PRD/on/demandware.static/-/Sites-col-master-catalog/default/dw285ff64c/images/col/788/7888602-frente.jpg?sw=280&sh=280,1 un,https://www.continente.pt/produto/cadeira-auto-i-size-40-150cm-isofix-rotativa-firma-babyauto-511566.html,bebe,2025-04-21,Continente
Toalhitas Bebé Aqua Pure,8004670,20.39,"€0,05/un",Dodot,Bebé/Fraldas e Toalhitas/Toalhitas,https://www.continente.pt/dw/image/v2/BDVS_PRD/on/demandware.static/-/Sites-col-master-catalog/default/dw2068fafb/images/col/800/8004670-hero.jpg?sw=280&sh=280,emb. 432 un (9 x 48 un),https://www.continente.pt/produto/toalhitas-bebe-aqua-pure-dodot-8004670.html,bebe,2025-04-21,Continente
Leite em Pó Supreme H.A para Lactentes desde o Nascimento 1,7991127,25.99,"€32,49/kg",Nan,Mercearia/Alimentação Infantil/Leites em Pó e Bebidas Lácteas,https://www.continente.pt/dw/image/v2/BDVS_PRD/on/demandware.static/-/Sites-col-master-catalog/default/dwa890f90f/images/col/799/7991127-cima.jpg?sw=280&sh=280,emb. 800 gr,https://www.continente.pt/produto/leite-em-po-supreme-h.a-para-lactentes-desde-o-nascimento-1-nan-7991127.html,bebe,2025-04-21,Continente
Fraldas Bebé Seco Extra 7-11kg T3+,7367563,13.49,"€0,20/un",Dodot,Bebé/Fraldas e Toalhitas/Fraldas 4-11kg/9-15kg (T3 e T4),https://www.continente.pt/dw/image/v2/BDVS_PRD/on/demandware.static/-/Sites-col-master-catalog/default/dw62fb3df6/images/col/736/7367563-hero.jpg?sw=280&sh=280,emb. 66 un,https://www.continente.pt/produto/fraldas-bebe-seco-extra-7-11kg-t3-dodot-7367563.html,bebe,2025-04-21,Continente
Leite em Pó de Transição 2 +6M,5013046,26.84,"€16,78/kg",Aptamil,Mercearia/Alimentação Infantil/Leites em Pó e Bebidas Lácteas,https://www.continente.pt/dw/image/v2/BDVS_PRD/on/demandware.static/-/Sites-col-master-catalog/default/dw674649b4/images/col/501/5013046-frente.jpg?sw=280&sh=280,emb. 2 x 800gr,https://www.continente.pt/produto/leite-em-po-de-transicao-2-6m-aptamil-5013046.html,bebe,2025-04-21,Continente
Cuecas Incontinência Pants Plus M,5255817,11.24,"€0,80/un",Tena,Beleza e Higiene/Higiene Íntima/Incontinência/Cuecas Incontinência,https://www.continente.pt/dw/image/v2/BDVS_PRD/on/demandware.static/-/Sites-col-master-catalog/default/dwd39e1d57/images/col/525/5255817-hero.png?sw=280&sh=280,emb. 14 un,https://www.continente.pt/produto/cuecas-incontinencia-pants-plus-m-tena-5255817.html,bebe,2025-04-21,Continente
Cadeira Auto I-Size 40-150cm Isofix Rotativa Cario Ifix Cinza,8293466,127.2,"€127,20/un",Babyauto,Bebé/Cadeiras Auto,https://www.continente.pt/dw/image/v2/BDVS_PRD/on/demandware.static/-/Sites-col-master-catalog/default/dw5f2f7d54/images/col/829/8293466-frente.jpg?sw=280&sh=280,1 un,https://www.continente.pt/produto/cadeira-auto-i-size-40-150cm-isofix-rotativa-cario-ifix-cinza-babyauto-8293466.html,bebe,2025-04-21,Continente
Cadeira Auto I-Size 40-150cm Sanna Ibelt Verde,8291023,103.2,"€103,20/un",Babyauto,Bebé/Cadeiras Auto,https://www.continente.pt/dw/image/v2/BDVS_PRD/on/demandware.static/-/Sites-col-master-catalog/default/dw532fa8c0/images/col/829/8291023-frente.jpg?sw=280&sh=280,1 un,https://www.continente.pt/produto/cadeira-auto-i-size-40-150cm-sanna-ibelt-verde-babyauto-8291023.html,bebe,2025-04-21,Continente
Cadeira Auto I-Size 100-150cm Isofix Cinza Poefix,8021717,103.2,"€103,20/un",Asalvo,Bebé/Cadeiras Auto,https://www.continente.pt/dw/image/v2/BDVS_PRD/on/demandware.static/-/Sites-col-master-catalog/default/dw18db948d/images/col/802/8021717-frente.jpg?sw=280&sh=280,1 un,https://www.continente.pt/produto/cadeira-auto-i-size-100-150cm-isofix-cinza-poefix-asalvo-8021717.html,bebe,2025-04-21,Continente
Fraldas Cueca Pants 12-17kg T5,7445650,12.45,"€0,21/un",Dodot,Bebé/Fraldas e Toalhitas/Fraldas 13-18kg/+18kg (T5 e T6),https://www.continente.pt/dw/image/v2/BDVS_PRD/on/demandware.static/-/Sites-col-master-catalog/default/dweb97872e/images/col/744/7445650-hero.jpg?sw=280&sh=280,emb. 58 un,https://www.continente.pt/produto/fraldas-cueca-pants-12-17kg-t5-dodot-7445650.html,bebe,2025-04-21,Continente
Fraldas Cuidado Total 6-10kg T3,8122172,29.7,"€0,32/un",Dodot,Bebé/Fraldas e Toalhitas/Fraldas 4-11kg/9-15kg (T3 e T4),https://www.continente.pt/dw/image/v2/BDVS_PRD/on/demandware.static/-/Sites-col-master-catalog/default/dw094c71c9/images/col/812/8122172-hero.jpg?sw=280&sh=280,emb. 92 un (2 x 46 un),https://www.continente.pt/produto/fraldas-cuidado-total-6-10kg-t3-dodot-8122172.html,bebe,2025-04-21,Continente
Detergente Máquina Roupa Líquido Baby,6874622,8.99,"€0,16/dos",A+,Limpeza/Roupa/Detergente Máquina,https://www.continente.pt/dw/image/v2/BDVS_PRD/on/demandware.static/-/Sites-col-master-catalog/default/dw202a5d5c/images/col/687/6874622-frente.jpg?sw=280&sh=280,56 doses,https://www.continente.pt/produto/detergente-maquina-roupa-liquido-baby-a-6874622.html,bebe,2025-04-21,Continente
Cadeira Auto I-Size 100-150cm Isofix Poefix,511852,103.2,"€103,20/un",Asalvo,Bebé/Cadeiras Auto,https://www.continente.pt/dw/image/v2/BDVS_PRD/on/demandware.static/-/Sites-col-master-catalog/default/dw18db948d/images/col/802/8021717-frente.jpg?sw=280&sh=280,1 un,https://www.continente.pt/produto/cadeira-auto-i-size-100-150cm-isofix-poefix-asalvo-511852.html,bebe,2025-04-21,Continente
Fraldas Activity Extra 12-17kg T5+,5739761,19.75,"€0,41/un",Dodot,Bebé/Fraldas e Toalhitas/Fraldas 13-18kg/+18kg (T5 e T6),https://www.continente.pt/dw/image/v2/BDVS_PRD/on/demandware.static/-/Sites-col-master-catalog/default/dwf9f4ddb2/images/col/573/5739761-hero.jpg?sw=280&sh=280,emb. 48 un,https://www.continente.pt/produto/fraldas-activity-extra-12-17kg-t5-dodot-5739761.html,bebe,2025-04-21,Continente
"Papa Infantil Láctea Aveia, Pera e Banana Seleção da Natureza +6M",7161873,3.19,"€13,29/kg",Cerelac,Mercearia/Alimentação Infantil/Papas Infantis,https://www.continente.pt/dw/image/v2/BDVS_PRD/on/demandware.static/-/Sites-col-master-catalog/default/dweeaa9f60/images/col/716/7161873-direito.jpg?sw=280&sh=280,emb. 240 gr,https://www.continente.pt/produto/papa-infantil-lactea-aveia-pera-e-banana-selecao-da-natureza-6m-cerelac-7161873.html,bebe,2025-04-21,Continente
Cadeira Refeição Branca,7949141,22.99,"€22,99/un",Happy Bear,"Bebé/Alimentação, Leites e Acessórios/Cadeiras de Refeição",https://www.continente.pt/dw/image/v2/BDVS_PRD/on/demandware.static/-/Sites-col-master-catalog/default/dw8d24ab17/images/col/794/7949141-frente.jpg?sw=280&sh=280,1 un,https://www.continente.pt/produto/cadeira-refeicao-branca-happy-bear-7949141.html,bebe,2025-04-21,Continente
Fraldas Sensitive Extra +14kg T6+,8188504,27.61,"€0,35/un",Dodot,Bebé/Fraldas e Toalhitas/Fraldas 13-18kg/+18kg (T5 e T6),https://www.continente.pt/dw/image/v2/BDVS_PRD/on/demandware.static/-/Sites-col-master-catalog/default/dw366c7687/images/col/818/8188504-hero.png?sw=280&sh=280,emb. 80 un,https://www.continente.pt/produto/fraldas-sensitive-extra-14kg-t6-dodot-8188504.html,bebe,2025-04-21,Continente
Berço Estrela Co-Sleeping,7677029,99.99,"€99,99/un",Happy Bear,"Bebé/Quarto de Bebé/Camas, Berços e Colchões",https://www.continente.pt/dw/image/v2/BDVS_PRD/on/demandware.static/-/Sites-col-master-catalog/default/dwe84760f6/images/col/767/7677029-frente.jpg?sw=280&sh=280,1 un,https://www.continente.pt/produto/berco-estrela-co-sleeping-happy-bear-7677029.html,bebe,2025-04-21,Continente
Snack para Bebé Cereais com Framboesa +8M,7615757,1.76,"€50,29/kg",Gerber,Mercearia/Alimentação Infantil/Snacks e Bolachinhas,https://www.continente.pt/dw/image/v2/BDVS_PRD/on/demandware.static/-/Sites-col-master-catalog/default/dw91487392/images/col/761/7615757-frente.jpg?sw=280&sh=280,emb. 35 gr,https://www.continente.pt/produto/snack-para-bebe-cereais-com-framboesa-8m-gerber-7615757.html,bebe,2025-04-21,Continente
Toalhitas Bebé Sensitive,4999886,5.99,"€0,03/un",Dodot,Bebé/Fraldas e Toalhitas/Toalhitas,https://www.continente.pt/dw/image/v2/BDVS_PRD/on/demandware.static/-/Sites-col-master-catalog/default/dwa032eeba/images/col/499/4999886-hero.jpg?sw=280&sh=280,emb. 216 un (4 x 54 un),https://www.continente.pt/produto/toalhitas-bebe-sensitive-dodot-4999886.html,bebe,2025-04-21,Continente
Nestum Mel Flocos Cereais +3A,8167258,3.89,"€7,78/kg",Nestum,Mercearia/Alimentação Infantil/Papas Infantis,https://www.continente.pt/dw/image/v2/BDVS_PRD/on/demandware.static/-/Sites-col-master-catalog/default/dwf57f11cc/images/col/816/8167258-frente.jpg?sw=280&sh=280,emb. 500 gr + 250 gr GRÁTIS,https://www.continente.pt/produto/nestum-mel-flocos-cereais-3a-nestum-8167258.html,bebe,2025-04-21,Continente
Berço Com Cesto Luxury Cinza,7851688,129.0,"€129,00/un",Kinderland,"Bebé/Quarto de Bebé/Camas, Berços e Colchões",https://www.continente.pt/dw/image/v2/BDVS_PRD/on/demandware.static/-/Sites-col-master-catalog/default/dw75c5d9a6/images/col/785/7851688-frente.jpg?sw=280&sh=280,1 un,https://www.continente.pt/produto/berco-com-cesto-luxury-cinza-kinderland-7851688.html,bebe,2025-04-21,Continente
Saqueta de Frutos Tropicais +8M,7275586,0.67,"€7,44/kg",Continente,"Mercearia/Alimentação Infantil/Boiões, Saquetas e Puré de Fruta",https://www.continente.pt/dw/image/v2/BDVS_PRD/on/demandware.static/-/Sites-col-master-catalog/default/dw948d11cb/images/col/727/7275586-hero.jpg?sw=280&sh=280,emb. 90 gr,https://www.continente.pt/produto/saqueta-de-frutos-tropicais-8m-continente-7275586.html,bebe,2025-04-21,Continente
Iogurte Duplomix Drageias Coloridas Infantil,7487918,0.58,"€4,14/kg",Continente,Laticínios e Ovos/Iogurtes/Iogurtes Infantis,https://www.continente.pt/dw/image/v2/BDVS_PRD/on/demandware.static/-/Sites-col-master-catalog/default/dw84c5b0ed/images/col/748/7487918-cima.jpg?sw=280&sh=280,emb. 140 gr,https://www.continente.pt/produto/iogurte-duplomix-drageias-coloridas-infantil-continente-7487918.html,bebe,2025-04-21,Continente
Cadeira Auto I-Size 76-150cm Isofix Apollo Preta,8081126,119.2,"€119,20/un",Bebeconfort,Bebé/Cadeiras Auto/I-Size 76-150cm,https://www.continente.pt/dw/image/v2/BDVS_PRD/on/demandware.static/-/Sites-col-master-catalog/default/dw24e08ce7/images/col/808/8081126-frente.jpg?sw=280&sh=280,1 un,https://www.continente.pt/produto/cadeira-auto-i-size-76-150cm-isofix-apollo-preta-bebeconfort-8081126.html,bebe,2025-04-21,Continente
Carrinho de Passeio Preto Caila,7997255,119.2,"€119,20/un",Kikka Boo,Bebé/Passeio e Viagem/Carrinhos de Passeio,https://www.continente.pt/dw/image/v2/BDVS_PRD/on/demandware.static/-/Sites-col-master-catalog/default/dwb55f06c3/images/col/799/7997255-frente.jpg?sw=280&sh=280,1 un,https://www.continente.pt/produto/carrinho-de-passeio-preto-caila-kikka-boo-7997255.html,bebe,2025-04-21,Continente
Fraldas Activity Extra 10-15kg T4+,5739760,19.75,"€0,38/un",Dodot,Bebé/Fraldas e Toalhitas/Fraldas 4-11kg/9-15kg (T3 e T4),https://www.continente.pt/dw/image/v2/BDVS_PRD/on/demandware.static/-/Sites-col-master-catalog/default/dwec68bbcf/images/col/573/5739760-hero.jpg?sw=280&sh=280,emb. 52 un,https://www.continente.pt/produto/fraldas-activity-extra-10-15kg-t4-dodot-5739760.html,bebe,2025-04-21,Continente
Bebida Láctea Infantil 1-3A,8020281,22.69,"€1,89/lt",Mimosa,Laticínios e Ovos/Leite/Leites em Pó e Bebidas Lácteas,https://www.continente.pt/dw/image/v2/BDVS_PRD/on/demandware.static/-/Sites-col-master-catalog/default/dw72a0c7b7/images/col/802/8020281-frente.jpg?sw=280&sh=280,emb. 12 x 1 lt,https://www.continente.pt/produto/bebida-lactea-infantil-1-3a-mimosa-8020281.html,bebe,2025-04-21,Continente
Papel Higiénico Húmido Melão,7970110,1.99,"€0,02/un",Continente,Beleza e Higiene/Papel Higiénico/Papel Higiénico Húmido,https://www.continente.pt/dw/image/v2/BDVS_PRD/on/demandware.static/-/Sites-col-master-catalog/default/dwbb5d0776/images/col/797/7970110-frente.jpg?sw=280&sh=280,emb. 120 un,https://www.continente.pt/produto/papel-higienico-humido-melao-continente-7970110.html,bebe,2025-04-21,Continente
Leite em Pó para Lactentes 1 até 6M,7022663,17.59,"€21,99/kg",Aptamil,Mercearia/Alimentação Infantil/Leites em Pó e Bebidas Lácteas,https://www.continente.pt/dw/image/v2/BDVS_PRD/on/demandware.static/-/Sites-col-master-catalog/default/dw3b2d4d5c/images/col/702/7022663-frente.jpg?sw=280&sh=280,emb. 800 gr,https://www.continente.pt/produto/leite-em-po-para-lactentes-1-ate-6m-aptamil-7022663.html,bebe,2025-04-21,Continente
Fraldas Bebé Seco 11-16kg T5,7962654,44.49,"€0,29/un",Dodot,Bebé/Fraldas e Toalhitas/Fraldas 13-18kg/+18kg (T5 e T6),https://www.continente.pt/dw/image/v2/BDVS_PRD/on/demandware.static/-/Sites-col-master-catalog/default/dw5bba04ee/images/col/796/7962654-hero.png?sw=280&sh=280,emb. 152 un,https://www.continente.pt/produto/fraldas-bebe-seco-11-16kg-t5-dodot-7962654.html,bebe,2025-04-21,Continente
Bolachas com Recheio Chocolate,8082033,1.19,"€5,41/kg",Continente,"Mercearia/Bolachas, Biscoitos e Tostas/Bolachas com Cobertura e Recheio",https://www.continente.pt/dw/image/v2/BDVS_PRD/on/demandware.static/-/Sites-col-master-catalog/default/dwcf20f0fd/images/col/808/8082033-frente.jpg?sw=280&sh=280,emb. 220 gr (5 un),https://www.continente.pt/produto/bolachas-com-recheio-chocolate-continente-8082033.html,bebe,2025-04-21,Continente
Leite em Pó Magro +12M,7539019,6.69,"€17,61/kg",Molico,Mercearia/Alimentação Infantil/Leites em Pó e Bebidas Lácteas,https://www.continente.pt/dw/image/v2/BDVS_PRD/on/demandware.static/-/Sites-col-master-catalog/default/dw80914a7a/images/col/753/7539019-frente.jpg?sw=280&sh=280,emb. 380 gr,https://www.continente.pt/produto/leite-em-po-magro-12m-molico-7539019.html,bebe,2025-04-21,Continente
Papa Infantil Farinha Não Láctea de Cereais +6M,5810534,3.69,"€4,92/kg",Continente,Mercearia/Alimentação Infantil/Papas Infantis,https://www.continente.pt/dw/image/v2/BDVS_PRD/on/demandware.static/-/Sites-col-master-catalog/default/dw0ee71ce5/images/col/581/5810534-hero.jpg?sw=280&sh=280,emb. 750 gr,https://www.continente.pt/produto/papa-infantil-farinha-nao-lactea-de-cereais-6m-continente-5810534.html,bebe,2025-04-21,Continente
Cuecas Incontinência Discreet Plus L,5609038,7.49,"€0,94/un",Ausonia Discreet,Beleza e Higiene/Higiene Íntima/Incontinência/Cuecas Incontinência,https://www.continente.pt/dw/image/v2/BDVS_PRD/on/demandware.static/-/Sites-col-master-catalog/default/dwd9e745a5/images/col/560/5609038-hero.jpg?sw=280&sh=280,emb. 8 un,https://www.continente.pt/produto/cuecas-incontinencia-discreet-plus-l-ausonia-discreet-5609038.html,bebe,2025-04-21,Continente
Papa Infantil Farinha Láctea Multifrutos +6M,6652547,2.89,"€11,56/kg",Continente do Bebé,Mercearia/Alimentação Infantil/Papas Infantis,https://www.continente.pt/dw/image/v2/BDVS_PRD/on/demandware.static/-/Sites-col-master-catalog/default/dw3ba1dd76/images/col/665/6652547-frente.jpg?sw=280&sh=280,emb. 250 gr,https://www.continente.pt/produto/papa-infantil-farinha-lactea-multifrutos-6m-continente-do-bebe-6652547.html,bebe,2025-04-21,Continente
Saqueta de Fruta Maçã e Pêssego +6M,6882336,0.65,"€7,22/kg",Nestlé,"Mercearia/Alimentação Infantil/Boiões, Saquetas e Puré de Fruta",https://www.continente.pt/dw/image/v2/BDVS_PRD/on/demandware.static/-/Sites-col-master-catalog/default/dwafcb2f6a/images/col/688/6882336-frente.jpg?sw=280&sh=280,emb. 90 gr,https://www.continente.pt/produto/saqueta-de-fruta-maca-e-pessego-6m-nestle-6882336.html,bebe,2025-04-21,Continente
Leite em Pó de Crescimento Optipro 3 +12M,7636327,11.63,"€14,54/un",Nan,"Bebé/Alimentação, Leites e Acessórios/Leites em Pó e Bebidas Lácteas",https://www.continente.pt/dw/image/v2/BDVS_PRD/on/demandware.static/-/Sites-col-master-catalog/default/dw7de6614a/images/col/763/7636327-frente.jpg?sw=280&sh=280,emb. 800 gr,https://www.continente.pt/produto/leite-em-po-de-crescimento-optipro-3-12m-nan-7636327.html,bebe,2025-04-21,Continente
Fraldas Bebé Seco Extra 10-15kg T4+,7367564,13.49,"€0,22/un",Dodot,Bebé/Fraldas e Toalhitas/Fraldas 4-11kg/9-15kg (T3 e T4),https://www.continente.pt/dw/image/v2/BDVS_PRD/on/demandware.static/-/Sites-col-master-catalog/default/dw95f2e654/images/col/736/7367564-hero.jpg?sw=280&sh=280,emb. 62 un,https://www.continente.pt/produto/fraldas-bebe-seco-extra-10-15kg-t4-dodot-7367564.html,bebe,2025-04-21,Continente
Pensos Higiénicos Comfort Normal com Abas,7453899,2.29,"€0,07/un",Continente,Beleza e Higiene/Higiene Íntima/Pensos e Cuecas Menstruais,https://www.continente.pt/dw/image/v2/BDVS_PRD/on/demandware.static/-/Sites-col-master-catalog/default/dw13cc047e/images/col/745/7453899-hero.jpg?sw=280&sh=280,emb. 32 un,https://www.continente.pt/produto/pensos-higienicos-comfort-normal-com-abas-continente-7453899.html,bebe,2025-04-21,Continente
Snack para Bebé Morango e Banana +8M,7399127,0.89,"€44,50/un",Continente do Bebé,Mercearia/Alimentação Infantil/Snacks e Bolachinhas,https://www.continente.pt/dw/image/v2/BDVS_PRD/on/demandware.static/-/Sites-col-master-catalog/default/dwf2d74865/images/col/739/7399127-cima.jpg?sw=280&sh=280,emb. 20 gr,https://www.continente.pt/produto/snack-para-bebe-morango-e-banana-8m-continente-do-bebe-7399127.html,bebe,2025-04-21,Continente
Cadeira Auto I-Size 76-150cm Kali,511784,79.99,"€79,99/un",Vivitta,Bebé/Cadeiras Auto,https://www.continente.pt/dw/image/v2/BDVS_PRD/on/demandware.static/-/Sites-col-master-catalog/default/dw0681f1f0/images/col/800/8004886-frente.jpg?sw=280&sh=280,1 un,https://www.continente.pt/produto/cadeira-auto-i-size-76-150cm-kali-vivitta-511784.html,bebe,2025-04-21,Continente
Cadeira Auto I-Size 76-150cm Isofix Cinza Profix,7833466,79.99,"€79,99/un",Asalvo,Bebé/Cadeiras Auto,https://www.continente.pt/dw/image/v2/BDVS_PRD/on/demandware.static/-/Sites-col-master-catalog/default/dw90ff3b05/images/col/783/7833466-frente.jpg?sw=280&sh=280,1 un,https://www.continente.pt/produto/cadeira-auto-i-size-76-150cm-isofix-cinza-profix-asalvo-7833466.html,bebe,2025-04-21,Continente
Cadeira Auto I-Size 100-150cm Isofix Preto Vitto,7888590,79.99,"€79,99/un",Vivitta,Bebé/Cadeiras Auto,https://www.continente.pt/dw/image/v2/BDVS_PRD/on/demandware.static/-/Sites-col-master-catalog/default/dw93ee55cb/images/col/788/7888590-frente.jpg?sw=280&sh=280,1 un,https://www.continente.pt/produto/cadeira-auto-i-size-100-150cm-isofix-preto-vitto-vivitta-7888590.html,bebe,2025-04-21,Continente
Leite em Pó de Crescimento Supremepro 3 +12M,7991129,21.25,"€26,56/kg",Nan,Mercearia/Alimentação Infantil/Leites em Pó e Bebidas Lácteas,https://www.continente.pt/dw/image/v2/BDVS_PRD/on/demandware.static/-/Sites-col-master-catalog/default/dwf0871e5a/images/col/799/7991129-cima.jpg?sw=280&sh=280,emb. 800 gr,https://www.continente.pt/produto/leite-em-po-de-crescimento-supremepro-3-12m-nan-7991129.html,bebe,2025-04-21,Continente
Andador Baby Stars,7539786,64.99,"€64,99/un",Asalvo,Bebé/Quarto de Bebé/Parques e Andadores,https://www.continente.pt/dw/image/v2/BDVS_PRD/on/demandware.static/-/Sites-col-master-catalog/default/dwf4c0e6f8/images/col/753/7539786-frente.jpg?sw=280&sh=280,1 un,https://www.continente.pt/produto/andador-baby-stars-asalvo-7539786.html,bebe,2025-04-21,Continente
Saqueta de Fruta Maçã e Ananás +8M,7273627,0.67,"€7,44/kg",Continente,"Mercearia/Alimentação Infantil/Boiões, Saquetas e Puré de Fruta",https://www.continente.pt/dw/image/v2/BDVS_PRD/on/demandware.static/-/Sites-col-master-catalog/default/dw14fb813d/images/col/727/7273627-hero.jpg?sw=280&sh=280,emb. 90 gr,https://www.continente.pt/produto/saqueta-de-fruta-maca-e-ananas-8m-continente-7273627.html,bebe,2025-04-21,Continente
Fraldas Bebé Seco 11-16kg T5,7740980,21.15,"€0,29/un",Dodot,Bebé/Fraldas e Toalhitas/Fraldas 13-18kg/+18kg (T5 e T6),https://www.continente.pt/dw/image/v2/BDVS_PRD/on/demandware.static/-/Sites-col-master-catalog/default/dwfb64e7d0/images/col/774/7740980-hero.jpg?sw=280&sh=280,emb. 72 un,https://www.continente.pt/produto/fraldas-bebe-seco-11-16kg-t5-dodot-7740980.html,bebe,2025-04-21,Continente
Pensos Higiénicos Cottonlike Noite com Abas,5492367,4.24,"€0,24/un",Evax,Beleza e Higiene/Higiene Íntima/Pensos e Cuecas Menstruais,https://www.continente.pt/dw/image/v2/BDVS_PRD/on/demandware.static/-/Sites-col-master-catalog/default/dw3cb322c7/images/col/549/5492367-hero.jpg?sw=280&sh=280,emb. 18 un,https://www.continente.pt/produto/pensos-higienicos-cottonlike-noite-com-abas-evax-5492367.html,bebe,2025-04-21,Continente
Pack Leite em Pó de Transição Optipro 3 +12M,7656581,27.98,"€17,49/kg",Nan,Mercearia/Alimentação Infantil/Leites em Pó e Bebidas Lácteas,https://www.continente.pt/dw/image/v2/BDVS_PRD/on/demandware.static/-/Sites-col-master-catalog/default/dw96fd7ac9/images/col/765/7656581-frente.jpg?sw=280&sh=280,emb. 800 gr (Leve 3 Pague 2),https://www.continente.pt/produto/pack-leite-em-po-de-transicao-optipro-3-12m-nan-7656581.html,bebe,2025-04-21,Continente
Iogurte Duplomix Bolas Crocantes Infantil,7487921,0.58,"€4,75/kg",Continente,Laticínios e Ovos/Iogurtes/Iogurtes Infantis,https://www.continente.pt/dw/image/v2/BDVS_PRD/on/demandware.static/-/Sites-col-master-catalog/default/dw6097f44d/images/col/748/7487921-cima.jpg?sw=280&sh=280,emb. 122 gr,https://www.continente.pt/produto/iogurte-duplomix-bolas-crocantes-infantil-continente-7487921.html,bebe,2025-04-21,Continente
Soro Fisiológico,7931981,1.75,"€3,50/lt",Continente do Bebé,Beleza e Higiene/Lenços e Cuidados de Saúde/Cuidados de Saúde,https://www.continente.pt/dw/image/v2/BDVS_PRD/on/demandware.static/-/Sites-col-master-catalog/default/dw9ce1e95d/images/col/793/7931981-frente.jpg?sw=280&sh=280,emb. 500 ml,https://www.continente.pt/produto/soro-fisiologico-continente-do-bebe-7931981.html,bebe,2025-04-21,Continente
Iogurte Líquido Morango Infantil,5248728,1.99,"€4,97/kg",Danonino Danone,Laticínios e Ovos/Iogurtes/Iogurtes Infantis,https://www.continente.pt/dw/image/v2/BDVS_PRD/on/demandware.static/-/Sites-col-master-catalog/default/dw4d4d6b07/images/col/524/5248728-frente.png?sw=280&sh=280,emb. 400 gr (4 un),https://www.continente.pt/produto/iogurte-liquido-morango-infantil-danonino-danone-5248728.html,bebe,2025-04-21,Continente
Compressas de Algodão Orgânico 10 x 10 cm,7995883,1.89,"€0,02/un",Continente do Bebé,Bebé/Banho e Higiene/Saúde e Bem-Estar,https://www.continente.pt/dw/image/v2/BDVS_PRD/on/demandware.static/-/Sites-col-master-catalog/default/dwb72b1f83/images/col/799/7995883-frente.png?sw=280&sh=280,emb. 100 un,https://www.continente.pt/produto/compressas-de-algodao-organico-10-x-10-cm-continente-do-bebe-7995883.html,bebe,2025-04-21,Continente
Fraldas Proteção e Conforto 11-16kg T5,8120136,8.49,"€0,19/un",Continente do Bebé,Bebé/Fraldas e Toalhitas/Fraldas 13-18kg/+18kg (T5 e T6),https://www.continente.pt/dw/image/v2/BDVS_PRD/on/demandware.static/-/Sites-col-master-catalog/default/dwd4125060/images/col/812/8120136-frente.jpg?sw=280&sh=280,emb. 44 un,https://www.continente.pt/produto/fraldas-protecao-e-conforto-11-16kg-t5-continente-do-bebe-8120136.html,bebe,2025-04-21,Continente
Cereais Estrelinhas de Manga e Abóbora +12M,7399131,2.99,"€23,92/kg",Continente do Bebé,Mercearia/Alimentação Infantil/Snacks e Bolachinhas,https://www.continente.pt/dw/image/v2/BDVS_PRD/on/demandware.static/-/Sites-col-master-catalog/default/dw2e4b1360/images/col/739/7399131-frente.jpg?sw=280&sh=280,emb. 125 gr,https://www.continente.pt/produto/cereais-estrelinhas-de-manga-e-abobora-12m-continente-do-bebe-7399131.html,bebe,2025-04-21,Continente
Fraldas Bebé Seco 6-10kg T3,7962252,44.49,"€0,25/un",Dodot,Bebé/Fraldas e Toalhitas/Fraldas 4-11kg/9-15kg (T3 e T4),https://www.continente.pt/dw/image/v2/BDVS_PRD/on/demandware.static/-/Sites-col-master-catalog/default/dwc6a451ac/images/col/796/7962252-hero.png?sw=280&sh=280,emb. 176 un,https://www.continente.pt/produto/fraldas-bebe-seco-6-10kg-t3-dodot-7962252.html,bebe,2025-04-21,Continente
Fraldas Proteção e Conforto 13-18kg T6,8120168,8.49,"€0,21/un",Continente do Bebé,Bebé/Fraldas e Toalhitas/Fraldas 13-18kg/+18kg (T5 e T6),https://www.continente.pt/dw/image/v2/BDVS_PRD/on/demandware.static/-/Sites-col-master-catalog/default/dw8ab7d1bd/images/col/812/8120168-hero.png?sw=280&sh=280,emb. 40 un,https://www.continente.pt/produto/fraldas-protecao-e-conforto-13-18kg-t6-continente-do-bebe-8120168.html,bebe,2025-04-21,Continente
Leite em Pó de Crescimento Optipro 4 +24M,7636324,10.79,"€13,49/kg",Nan,Mercearia/Alimentação Infantil/Leites em Pó e Bebidas Lácteas,https://www.continente.pt/dw/image/v2/BDVS_PRD/on/demandware.static/-/Sites-col-master-catalog/default/dwd6ba4a0b/images/col/763/7636324-frente.jpg?sw=280&sh=280,emb. 800 gr,https://www.continente.pt/produto/leite-em-po-de-crescimento-optipro-4-24m-nan-7636324.html,bebe,2025-04-21,Continente
Toalhitas Bebé Biodegradáveis,7666988,3.5,"€0,02/un",Nunex,Bebé/Fraldas e Toalhitas/Toalhitas,https://www.continente.pt/dw/image/v2/BDVS_PRD/on/demandware.static/-/Sites-col-master-catalog/default/dw9910f88d/images/col/766/7666988-frente.jpg?sw=280&sh=280,emb. 162 un (3 x 54 un),https://www.continente.pt/produto/toalhitas-bebe-biodegradaveis-nunex-7666988.html,bebe,2025-04-21,Continente
Nestum Chocolate Zero +3A,7775145,2.99,"€11,96/kg",Nestum,Mercearia/Alimentação Infantil/Papas Infantis,https://www.continente.pt/dw/image/v2/BDVS_PRD/on/demandware.static/-/Sites-col-master-catalog/default/dw47332162/images/col/777/7775145-frente.jpg?sw=280&sh=280,emb. 250 gr,https://www.continente.pt/produto/nestum-chocolate-zero-3a-nestum-7775145.html,bebe,2025-04-21,Continente
Quadro madeira multifunções,7647449,59.49,"€59,49/un",Fisher-Price,Bebé/Quarto de Bebé/Mobiliário,https://www.continente.pt/dw/image/v2/BDVS_PRD/on/demandware.static/-/Sites-col-master-catalog/default/dw6a3e8b71/images/col/764/7647449-esquerdo.jpg?sw=280&sh=280,1 un,https://www.continente.pt/produto/quadro-madeira-multifuncoes-fisher-price-7647449.html,bebe,2025-04-21,Continente
Cuecas Incontinência Pants Super L,5255853,15.59,"€1,30/un",Tena,Beleza e Higiene/Higiene Íntima/Incontinência/Cuecas Incontinência,https://www.continente.pt/dw/image/v2/BDVS_PRD/on/demandware.static/-/Sites-col-master-catalog/default/dw36027c27/images/col/525/5255853-hero.png?sw=280&sh=280,emb. 12 un,https://www.continente.pt/produto/cuecas-incontinencia-pants-super-l-tena-5255853.html,bebe,2025-04-21,Continente
Cadeira Auto I-Size 100-150cm Preta Dantia Ibelt,8046464,63.99,"€63,99/un",Babyauto,Bebé/Cadeiras Auto,https://www.continente.pt/dw/image/v2/BDVS_PRD/on/demandware.static/-/Sites-col-master-catalog/default/dw6f15ad6f/images/col/804/8046464-hero.jpg?sw=280&sh=280,1 un,https://www.continente.pt/produto/cadeira-auto-i-size-100-150cm-preta-dantia-ibelt-babyauto-8046464.html,bebe,2025-04-21,Continente
Resguardo Bebé 60x60cm,6985522,6.92,"€0,28/un",Nunex,Bebé/Fraldas e Toalhitas/Resguardos,https://www.continente.pt/dw/image/v2/BDVS_PRD/on/demandware.static/-/Sites-col-master-catalog/default/dwd7b43a76/images/col/698/6985522-cima.jpg?sw=280&sh=280,emb. 25 un,https://www.continente.pt/produto/resguardo-bebe-60x60cm-nunex-6985522.html,bebe,2025-04-21,Continente
Fraldas Proteção e Conforto 15-24kg T7,8226402,8.49,"€0,24/un",Continente do Bebé,Bebé/Fraldas e Toalhitas/Fraldas 13-18kg/+18kg (T5 e T6),https://www.continente.pt/dw/image/v2/BDVS_PRD/on/demandware.static/-/Sites-col-master-catalog/default/dw4fcd0d5c/images/col/822/8226402-frente.jpg?sw=280&sh=280,emb. 36 un,https://www.continente.pt/produto/fraldas-protecao-e-conforto-15-24kg-t7-continente-do-bebe-8226402.html,bebe,2025-04-21,Continente
Cadeira de Refeição Cinza Avista,7968263,62.99,"€62,99/un",Bebeconfort,"Bebé/Alimentação, Leites e Acessórios/Cadeiras de Refeição",https://www.continente.pt/dw/image/v2/BDVS_PRD/on/demandware.static/-/Sites-col-master-catalog/default/dw177da46e/col/792/7968263_frente.jpg?sw=280&sh=280,1 un,https://www.continente.pt/produto/cadeira-de-refeicao-cinza-avista-bebeconfort-7968263.html,bebe,2025-04-21,Continente
Nestum Chocolate +3A,5880609,2.99,"€11,96/kg",Nestum,Mercearia/Alimentação Infantil/Papas Infantis,https://www.continente.pt/dw/image/v2/BDVS_PRD/on/demandware.static/-/Sites-col-master-catalog/default/dwaee2afe2/images/col/588/5880609-frente.jpg?sw=280&sh=280,emb. 250 gr,https://www.continente.pt/produto/nestum-chocolate-3a-nestum-5880609.html,bebe,2025-04-21,Continente
Leite em Pó de Transição Profutura Duo 2 +6M,8029760,23.99,"€29,99/kg",Aptamil,Mercearia/Alimentação Infantil/Leites em Pó e Bebidas Lácteas,https://www.continente.pt/dw/image/v2/BDVS_PRD/on/demandware.static/-/Sites-col-master-catalog/default/dw60cadb07/images/col/802/8029760-frente.png?sw=280&sh=280,emb. 800 gr,https://www.continente.pt/produto/leite-em-po-de-transicao-profutura-duo-2-6m-aptamil-8029760.html,bebe,2025-04-21,Continente
Amaciador Roupa Concentrado Essência Talco,7103448,6.16,"€0,10/dos",Chicco,Limpeza/Roupa/Amaciador e Intensificador Perfume,https://www.continente.pt/dw/image/v2/BDVS_PRD/on/demandware.static/-/Sites-col-master-catalog/default/dw6f2c9bb6/images/col/710/7103448-frente.jpg?sw=280&sh=280,60 doses,https://www.continente.pt/produto/amaciador-roupa-concentrado-essencia-talco-chicco-7103448.html,bebe,2025-04-21,Continente
Pensos Higiénicos Cottonlike Normal com Abas,3602565,4.9,"€0,15/un",Evax,Beleza e Higiene/Higiene Íntima/Pensos e Cuecas Menstruais,https://www.continente.pt/dw/image/v2/BDVS_PRD/on/demandware.static/-/Sites-col-master-catalog/default/dw9d07bf40/images/col/360/3602565-hero.jpg?sw=280&sh=280,emb. 32 un,https://www.continente.pt/produto/pensos-higienicos-cottonlike-normal-com-abas-evax-3602565.html,bebe,2025-04-21,Continente
Leite em Pó Optipro para Lactentes 1 até 6M,4544857,17.49,"€21,86/kg",Nan,Mercearia/Alimentação Infantil/Leites em Pó e Bebidas Lácteas,https://www.continente.pt/dw/image/v2/BDVS_PRD/on/demandware.static/-/Sites-col-master-catalog/default/dwe4c25795/images/col/454/4544857-frente.jpg?sw=280&sh=280,emb. 800 gr,https://www.continente.pt/produto/leite-em-po-optipro-para-lactentes-1-ate-6m-nan-4544857.html,bebe,2025-04-21,Continente
Toalhitas Criança WC Melão,6643153,3.54,"€0,03/un",Kandoo,Bebé/Fraldas e Toalhitas/Toalhitas,https://www.continente.pt/dw/image/v2/BDVS_PRD/on/demandware.static/-/Sites-col-master-catalog/default/dw1564dc38/images/col/664/6643153-frente.jpg?sw=280&sh=280,emb. 120 un (2 x 60 un),https://www.continente.pt/produto/toalhitas-crianca-wc-melao-kandoo-6643153.html,bebe,2025-04-21,Continente
Fraldas Activity Extra 7-11kg T3+,5739759,19.75,"€0,33/un",Dodot,Bebé/Fraldas e Toalhitas/Fraldas 4-11kg/9-15kg (T3 e T4),https://www.continente.pt/dw/image/v2/BDVS_PRD/on/demandware.static/-/Sites-col-master-catalog/default/dw2fb59f97/images/col/573/5739759-hero.jpg?sw=280&sh=280,emb. 60 un,https://www.continente.pt/produto/fraldas-activity-extra-7-11kg-t3-dodot-5739759.html,bebe,2025-04-21,Continente
"Saqueta de Fruta Maçã, Banana e Laranja +8M",7273637,0.67,"€7,44/kg",Continente,"Mercearia/Alimentação Infantil/Boiões, Saquetas e Puré de Fruta",https://www.continente.pt/dw/image/v2/BDVS_PRD/on/demandware.static/-/Sites-col-master-catalog/default/dw2d49c65c/images/col/727/7273637-hero.jpg?sw=280&sh=280,emb. 90 gr,https://www.continente.pt/produto/saqueta-de-fruta-maca-banana-e-laranja-8m-continente-7273637.html,bebe,2025-04-21,Continente
Cereais Bolinhas de Cacau +12M,7399132,2.99,"€23,92/kg",Continente do Bebé,Mercearia/Alimentação Infantil/Snacks e Bolachinhas,https://www.continente.pt/dw/image/v2/BDVS_PRD/on/demandware.static/-/Sites-col-master-catalog/default/dw805cc5b1/images/col/739/7399132-frente.jpg?sw=280&sh=280,emb. 125 gr,https://www.continente.pt/produto/cereais-bolinhas-de-cacau-12m-continente-do-bebe-7399132.html,bebe,2025-04-21,Continente
Leite e Cereais Bolacha Maria +6M,4954959,2.89,"€7,23/lt",Cerelac,Mercearia/Alimentação Infantil/Papas Infantis,https://www.continente.pt/dw/image/v2/BDVS_PRD/on/demandware.static/-/Sites-col-master-catalog/default/dw444e91a1/images/col/495/4954959-direito.jpg?sw=280&sh=280,emb. 2 x 200 ml,https://www.continente.pt/produto/leite-e-cereais-bolacha-maria-6m-cerelac-4954959.html,bebe,2025-04-21,Continente
Puré de Fruta Multifrutas +6M,7144941,1.99,"€4,98/kg",Continente do Bebé,"Mercearia/Alimentação Infantil/Boiões, Saquetas e Puré de Fruta",https://www.continente.pt/dw/image/v2/BDVS_PRD/on/demandware.static/-/Sites-col-master-catalog/default/dw6409c99c/images/col/714/7144941-cima.jpg?sw=280&sh=280,emb. 4 x 100 gr,https://www.continente.pt/produto/pure-de-fruta-multifrutas-6m-continente-do-bebe-7144941.html,bebe,2025-04-21,Continente
Papa Infantil Láctea Aveia e Centeio Seleção da Natureza +6M,6911778,3.19,"€13,29/kg",Cerelac,Mercearia/Alimentação Infantil/Papas Infantis,https://www.continente.pt/dw/image/v2/BDVS_PRD/on/demandware.static/-/Sites-col-master-catalog/default/dwbda55cd2/images/col/691/6911778-direito.jpg?sw=280&sh=280,emb. 240 gr,https://www.continente.pt/produto/papa-infantil-lactea-aveia-e-centeio-selecao-da-natureza-6m-cerelac-6911778.html,bebe,2025-04-21,Continente
Barreira de Segurança para Cama 2 em 1 150cm,6650982,39.99,"€39,99/un",Asalvo,Bebé/Quarto de Bebé/Mobiliário,https://www.continente.pt/dw/image/v2/BDVS_PRD/on/demandware.static/-/Sites-col-master-catalog/default/dwc0aa8005/images/col/665/6650982-frente.jpg?sw=280&sh=280,1 un,https://www.continente.pt/produto/barreira-de-seguranca-para-cama-2-em-1-150cm-asalvo-6650982.html,bebe,2025-04-21,Continente
Assento Auto I-Size 125-150cm,510075,14.39,"€14,39/un",Happy Bear,Bebé/Cadeiras Auto/I-Size 125-150cm,https://www.continente.pt/dw/image/v2/BDVS_PRD/on/demandware.static/-/Sites-col-master-catalog/default/dw81697ea3/images/col/772/7722777-frente.jpg?sw=280&sh=280,1 un,https://www.continente.pt/produto/assento-auto-i-size-125-150cm-happy-bear-510075.html,bebe,2025-04-21,Continente
Fraldas Comfort 7-11kg T4,7853423,12.74,"€0,25/un",Libero,Bebé/Fraldas e Toalhitas/Fraldas 4-11kg/9-15kg (T3 e T4),https://www.continente.pt/dw/image/v2/BDVS_PRD/on/demandware.static/-/Sites-col-master-catalog/default/dwa580afd9/images/col/785/7853423-hero.jpg?sw=280&sh=280,emb. 50 un,https://www.continente.pt/produto/fraldas-comfort-7-11kg-t4-libero-7853423.html,bebe,2025-04-21,Continente
Toalhitas Bebé Perfumadas,8040662,1.05,"€0,01/un",Continente do Bebé,Bebé/Fraldas e Toalhitas/Toalhitas,https://www.continente.pt/dw/image/v2/BDVS_PRD/on/demandware.static/-/Sites-col-master-catalog/default/dw580b2d64/images/col/804/8040662-frente.jpg?sw=280&sh=280,emb. 80 un,https://www.continente.pt/produto/toalhitas-bebe-perfumadas-continente-do-bebe-8040662.html,bebe,2025-04-21,Continente
Gel Íntimo Sensitive,7646812,2.29,"€3,82/lt",Continente,Beleza e Higiene/Higiene Íntima/Gel e Sabonetes Íntimos,https://www.continente.pt/dw/image/v2/BDVS_PRD/on/demandware.static/-/Sites-col-master-catalog/default/dw55a2946c/images/col/764/7646812-frente.jpg?sw=280&sh=280,emb. 600 ml,https://www.continente.pt/produto/gel-intimo-sensitive-continente-7646812.html,bebe,2025-04-21,Continente
Saqueta de Frutas Variadas +12M,7319491,0.89,"€8,09/kg",Nestlé,"Mercearia/Alimentação Infantil/Boiões, Saquetas e Puré de Fruta",https://www.continente.pt/dw/image/v2/BDVS_PRD/on/demandware.static/-/Sites-col-master-catalog/default/dwb250906d/images/col/731/7319491-frente.jpg?sw=280&sh=280,emb. 110 gr,https://www.continente.pt/produto/saqueta-de-frutas-variadas-12m-nestle-7319491.html,bebe,2025-04-21,Continente
Detergente Máquina Roupa Líquido Baby,7791660,3.99,"€0,19/dos",Skip,Limpeza/Roupa/Detergente Máquina,https://www.continente.pt/dw/image/v2/BDVS_PRD/on/demandware.static/-/Sites-col-master-catalog/default/dwdb53463d/images/col/779/7791660-frente.jpg?sw=280&sh=280,21 doses,https://www.continente.pt/produto/detergente-maquina-roupa-liquido-baby-skip-7791660.html,bebe,2025-04-21,Continente
Pack Puré de Fruta Frutos Variados +6M,7413236,4.73,"€6,22/kg",Blédina,"Mercearia/Alimentação Infantil/Boiões, Saquetas e Puré de Fruta",https://www.continente.pt/dw/image/v2/BDVS_PRD/on/demandware.static/-/Sites-col-master-catalog/default/dw6138d7fc/images/col/741/7413236-frente.jpg?sw=280&sh=280,emb. 8 x 95 gr,https://www.continente.pt/produto/pack-pure-de-fruta-frutos-variados-6m-bledina-7413236.html,bebe,2025-04-21,Continente
"Papa Infantil Láctea Aveia, Maçã e Cenoura Seleção da Natureza +6M",6752423,3.19,"€13,29/kg",Cerelac,Mercearia/Alimentação Infantil/Papas Infantis,https://www.continente.pt/dw/image/v2/BDVS_PRD/on/demandware.static/-/Sites-col-master-catalog/default/dwc5f3dc9a/images/col/675/6752423-frente.jpg?sw=280&sh=280,emb. 240 gr,https://www.continente.pt/produto/papa-infantil-lactea-aveia-maca-e-cenoura-selecao-da-natureza-6m-cerelac-6752423.html,bebe,2025-04-21,Continente
Toalhitas Bebé Pele Atópica,8041016,1.49,"€0,02/un",Continente do Bebé,Bebé/Fraldas e Toalhitas/Toalhitas,https://www.continente.pt/dw/image/v2/BDVS_PRD/on/demandware.static/-/Sites-col-master-catalog/default/dw713c9771/images/col/804/8041016-frente.jpg?sw=280&sh=280,emb. 60 un,https://www.continente.pt/produto/toalhitas-bebe-pele-atopica-continente-do-bebe-8041016.html,bebe,2025-04-21,Continente
Leite Cereais Pijama +6M,5405007,2.89,"€7,23/lt",Cerelac,Mercearia/Alimentação Infantil/Papas Infantis,https://www.continente.pt/dw/image/v2/BDVS_PRD/on/demandware.static/-/Sites-col-master-catalog/default/dw97e64de7/images/col/540/5405007-esquerdo.jpg?sw=280&sh=280,emb. 2 x 200 ml,https://www.continente.pt/produto/leite-cereais-pijama-6m-cerelac-5405007.html,bebe,2025-04-21,Continente
Puré de Fruta Maçã e Pera +4M,7147969,1.99,"€4,98/kg",Continente do Bebé,"Mercearia/Alimentação Infantil/Boiões, Saquetas e Puré de Fruta",https://www.continente.pt/dw/image/v2/BDVS_PRD/on/demandware.static/-/Sites-col-master-catalog/default/dw710254ab/images/col/714/7147969-cima.jpg?sw=280&sh=280,emb. 4 x 100 gr,https://www.continente.pt/produto/pure-de-fruta-maca-e-pera-4m-continente-do-bebe-7147969.html,bebe,2025-04-21,Continente
"Saqueta de Fruta Maçã, Banana e Morango +12M",7334044,0.89,"€8,09/kg",Nestlé,"Mercearia/Alimentação Infantil/Boiões, Saquetas e Puré de Fruta",https://www.continente.pt/dw/image/v2/BDVS_PRD/on/demandware.static/-/Sites-col-master-catalog/default/dw1d835af8/images/col/733/7334044-frente.jpg?sw=280&sh=280,emb. 110 gr,https://www.continente.pt/produto/saqueta-de-fruta-maca-banana-e-morango-12m-nestle-7334044.html,bebe,2025-04-21,Continente
Fraldas Dropline 17-28kg T6,7926951,11.73,"€0,23/un",Nunex,Bebé/Fraldas e Toalhitas/Fraldas 13-18kg/+18kg (T5 e T6),https://www.continente.pt/dw/image/v2/BDVS_PRD/on/demandware.static/-/Sites-col-master-catalog/default/dw547dfd06/images/col/792/7926951-cima.jpg?sw=280&sh=280,emb. 52 un,https://www.continente.pt/produto/fraldas-dropline-17-28kg-t6-nunex-7926951.html,bebe,2025-04-21,Continente
Toalhitas Bebé Basic,7579207,1.17,"€0,01/un",Nunex,Bebé/Fraldas e Toalhitas/Toalhitas,https://www.continente.pt/dw/image/v2/BDVS_PRD/on/demandware.static/-/Sites-col-master-catalog/default/dw9deb291d/images/col/757/7579207-frente.jpg?sw=280&sh=280,emb. 100 un,https://www.continente.pt/produto/toalhitas-bebe-basic-nunex-7579207.html,bebe,2025-04-21,Continente
Cuecas Incontinência Noite Bons Sonhos 27-57 Kg 8-15 Anos,8286241,8.79,"€0,68/un",Continente,Bebé/Fraldas e Toalhitas/Fraldas de Aprendizagem,https://www.continente.pt/dw/image/v2/BDVS_PRD/on/demandware.static/-/Sites-col-master-catalog/default/dw8341f410/images/col/828/8286241-frente.jpg?sw=280&sh=280,emb. 13 un,https://www.continente.pt/produto/cuecas-incontinencia-noite-bons-sonhos-27-57-kg-8-15-anos-continente-8286241.html,bebe,2025-04-21,Continente
Pensos Higiénicos Comfort Noite com Abas,7453901,1.09,"€0,11/un",Continente,Beleza e Higiene/Higiene Íntima/Pensos e Cuecas Menstruais,https://www.continente.pt/dw/image/v2/BDVS_PRD/on/demandware.static/-/Sites-col-master-catalog/default/dwbd7eb806/images/col/745/7453901-hero.jpg?sw=280&sh=280,emb. 10 un,https://www.continente.pt/produto/pensos-higienicos-comfort-noite-com-abas-continente-7453901.html,bebe,2025-04-21,Continente
Pack  Saquetas de Fruta Maçã e Frutos Tropicais +3A,6988911,2.69,"€7,47/kg",GoGo squeeZ,"Mercearia/Alimentação Infantil/Boiões, Saquetas e Puré de Fruta",https://www.continente.pt/dw/image/v2/BDVS_PRD/on/demandware.static/-/Sites-col-master-catalog/default/dw0eff1fba/images/col/698/6988911-frente.png?sw=280&sh=280,emb. 4 x 90 gr,https://www.continente.pt/produto/pack--saquetas-de-fruta-maca-e-frutos-tropicais-3a-gogo-squeez-6988911.html,bebe,2025-04-21,Continente
Toalhitas Bebé Sensitive,7623668,5.63,"€0,02/un",Nunex,Bebé/Fraldas e Toalhitas/Toalhitas,https://www.continente.pt/dw/image/v2/BDVS_PRD/on/demandware.static/-/Sites-col-master-catalog/default/dwc5e17eb3/images/col/762/7623668-frente.jpg?sw=280&sh=280,emb. 270 un (5 x 54 un),https://www.continente.pt/produto/toalhitas-bebe-sensitive-nunex-7623668.html,bebe,2025-04-21,Continente
Pasta de Dentes Júnior Proteção Total 7 a 12 Anos,7432943,2.61,"€52,20/lt",Colgate,Beleza e Higiene/Higiene Oral/Higiene Oral Infantil,https://www.continente.pt/dw/image/v2/BDVS_PRD/on/demandware.static/-/Sites-col-master-catalog/default/dw33a22e6e/images/col/743/7432943-hero.png?sw=280&sh=280,emb. 50 ml,https://www.continente.pt/produto/pasta-de-dentes-junior-protecao-total-7-a-12-anos-colgate-7432943.html,bebe,2025-04-21,Continente
Fraldas Sensitive 4-8kg T2,5739754,12.69,"€0,22/un",Dodot,"Bebé/Fraldas e Toalhitas/Fraldas <2kg/2-5kg/3-6kg (T0, T1 e T2)",https://www.continente.pt/dw/image/v2/BDVS_PRD/on/demandware.static/-/Sites-col-master-catalog/default/dw781becb2/images/col/573/5739754-hero.jpg?sw=280&sh=280,emb. 58 un,https://www.continente.pt/produto/fraldas-sensitive-4-8kg-t2-dodot-5739754.html,bebe,2025-04-21,Continente
Cuecas DryNites Menina 17-30kg 4-7 Anos,5670734,9.98,"€0,62/un",Huggies,Bebé/Fraldas e Toalhitas/Fraldas de Aprendizagem,https://www.continente.pt/dw/image/v2/BDVS_PRD/on/demandware.static/-/Sites-col-master-catalog/default/dwb9ee80d6/images/col/567/5670734-hero.png?sw=280&sh=280,emb. 16 un,https://www.continente.pt/produto/cuecas-drynites-menina-17-30kg-4-7-anos-huggies-5670734.html,bebe,2025-04-21,Continente
Saqueta de Fruta Multifrutos e Espelta +8M,7243789,0.67,"€7,44/kg",Continente,"Mercearia/Alimentação Infantil/Boiões, Saquetas e Puré de Fruta",https://www.continente.pt/dw/image/v2/BDVS_PRD/on/demandware.static/-/Sites-col-master-catalog/default/dw46d3aa01/images/col/724/7243789-hero.jpg?sw=280&sh=280,emb. 90 gr,https://www.continente.pt/produto/saqueta-de-fruta-multifrutos-e-espelta-8m-continente-7243789.html,bebe,2025-04-21,Continente
Champô Penteia Fácil Criança,6840664,3.29,"€6,58/lt",Johnsons Baby,Beleza e Higiene/Cabelo/Criança,https://www.continente.pt/dw/image/v2/BDVS_PRD/on/demandware.static/-/Sites-col-master-catalog/default/dw5d35ef4c/images/col/684/6840664-frente.jpg?sw=280&sh=280,emb. 500 ml,https://www.continente.pt/produto/champo-penteia-facil-crianca-johnsons-baby-6840664.html,bebe,2025-04-21,Continente
Fraldas Ninjamas Foguetão 17-30kg T7,7864892,5.84,"€0,58/un",Dodot,Bebé/Fraldas e Toalhitas/Fraldas de Aprendizagem,https://www.continente.pt/dw/image/v2/BDVS_PRD/on/demandware.static/-/Sites-col-master-catalog/default/dw22016561/images/col/786/7864892-hero.jpg?sw=280&sh=280,emb. 10 un,https://www.continente.pt/produto/fraldas-ninjamas-foguetao-17-30kg-t7-dodot-7864892.html,bebe,2025-04-21,Continente
Gel Higiene Íntima Suave,6640649,3.7,"€14,80/lt",Corine de Farme,Beleza e Higiene/Higiene Íntima/Gel e Sabonetes Íntimos,https://www.continente.pt/dw/image/v2/BDVS_PRD/on/demandware.static/-/Sites-col-master-catalog/default/dwe20e7f69/images/col/664/6640649-frente.jpg?sw=280&sh=280,emb. 250 ml,https://www.continente.pt/produto/gel-higiene-intima-suave-corine-de-farme-6640649.html,bebe,2025-04-21,Continente
Gel de Banho sem Lágrimas,7405054,3.89,"€7,78/lt",Chicco,Bebé/Banho e Higiene/Gel de Banho,https://www.continente.pt/dw/image/v2/BDVS_PRD/on/demandware.static/-/Sites-col-master-catalog/default/dwa09ea2ec/images/col/740/7405054-frente.jpg?sw=280&sh=280,emb. 500 ml,https://www.continente.pt/produto/gel-de-banho-sem-lagrimas-chicco-7405054.html,bebe,2025-04-21,Continente
Leite em Pó de Transição 3 +9M,7022794,17.89,"€22,36/kg",Aptamil,Mercearia/Alimentação Infantil/Leites em Pó e Bebidas Lácteas,https://www.continente.pt/dw/image/v2/BDVS_PRD/on/demandware.static/-/Sites-col-master-catalog/default/dwafcfd825/images/col/702/7022794-frente.jpg?sw=280&sh=280,emb. 800 gr,https://www.continente.pt/produto/leite-em-po-de-transicao-3-9m-aptamil-7022794.html,bebe,2025-04-21,Continente
Sofá Minnie,7647769,42.49,"€42,49/un",Disney Minnie,Bebé/Quarto de Bebé/Mobiliário,https://www.continente.pt/dw/image/v2/BDVS_PRD/on/demandware.static/-/Sites-col-master-catalog/default/dw8f820903/images/col/764/7647769-frente.jpg?sw=280&sh=280,1 un,https://www.continente.pt/produto/sofa-minnie-disney-minnie-7647769.html,bebe,2025-04-21,Continente
Sofa Peppa Rosa,7647758,42.49,"€42,49/un",Peppa Pig,Bebé/Quarto de Bebé/Mobiliário,https://www.continente.pt/dw/image/v2/BDVS_PRD/on/demandware.static/-/Sites-col-master-catalog/default/dwecf41524/images/col/764/7647758-frente.jpg?sw=280&sh=280,1 un,https://www.continente.pt/produto/sofa-peppa-rosa-peppa-pig-7647758.html,bebe,2025-04-21,Continente
Fraldas Cuidado Total 2-5kg T1,7454709,12.0,"€0,24/un",Dodot,"Bebé/Fraldas e Toalhitas/Fraldas <2kg/2-5kg/3-6kg (T0, T1 e T2)",https://www.continente.pt/dw/image/v2/BDVS_PRD/on/demandware.static/-/Sites-col-master-catalog/default/dwee69a273/images/col/745/7454709-hero.jpg?sw=280&sh=280,emb. 50 un,https://www.continente.pt/produto/fraldas-cuidado-total-2-5kg-t1-dodot-7454709.html,bebe,2025-04-21,Continente
Papa Infantil Láctea 5 Frutos +6M,4394856,3.19,"€12,76/kg",Cerelac,Mercearia/Alimentação Infantil/Papas Infantis,https://www.continente.pt/dw/image/v2/BDVS_PRD/on/demandware.static/-/Sites-col-master-catalog/default/dwe073d7bf/images/col/439/4394856-frente.png?sw=280&sh=280,emb. 250 gr,https://www.continente.pt/produto/papa-infantil-lactea-5-frutos-6m-cerelac-4394856.html,bebe,2025-04-21,Continente
"Papa Infantil Farinha Láctea Aveia, Banana e Manga +6M",7372076,2.99,"€11,96/kg",Continente do Bebé,Mercearia/Alimentação Infantil/Papas Infantis,https://www.continente.pt/dw/image/v2/BDVS_PRD/on/demandware.static/-/Sites-col-master-catalog/default/dwf3afde35/images/col/737/7372076-frente.jpg?sw=280&sh=280,emb. 250 gr,https://www.continente.pt/produto/papa-infantil-farinha-lactea-aveia-banana-e-manga-6m-continente-do-bebe-7372076.html,bebe,2025-04-21,Continente
Papa Infantil Farinha Láctea +12M,2004388,4.99,"€9,98/kg",Cerelac,Mercearia/Alimentação Infantil/Papas Infantis,https://www.continente.pt/dw/image/v2/BDVS_PRD/on/demandware.static/-/Sites-col-master-catalog/default/dwa46174c0/images/col/200/2004388-frente.png?sw=280&sh=280,emb. 500 gr,https://www.continente.pt/produto/papa-infantil-farinha-lactea-12m-cerelac-2004388.html,bebe,2025-04-21,Continente
Queijinho Polpa Morango e Banana Infantil,4377949,1.99,"€6,63/kg",Danonino Danone,Laticínios e Ovos/Iogurtes/Iogurtes Infantis,https://www.continente.pt/dw/image/v2/BDVS_PRD/on/demandware.static/-/Sites-col-master-catalog/default/dwda01d69b/images/col/437/4377949-frente.png?sw=280&sh=280,emb. 300 gr (6 un),https://www.continente.pt/produto/queijinho-polpa-morango-e-banana-infantil-danonino-danone-4377949.html,bebe,2025-04-21,Continente
Pack Puré de Fruta Maçã e Banana +6M,7413234,4.73,"€6,22/kg",Blédina,"Mercearia/Alimentação Infantil/Boiões, Saquetas e Puré de Fruta",https://www.continente.pt/dw/image/v2/BDVS_PRD/on/demandware.static/-/Sites-col-master-catalog/default/dw6ea75f64/images/col/741/7413234-frente.jpg?sw=280&sh=280,emb. 8 x 95 gr,https://www.continente.pt/produto/pack-pure-de-fruta-maca-e-banana-6m-bledina-7413234.html,bebe,2025-04-21,Continente
"Saqueta de Fruta Maçã, Banana e Aveia +6M",5776263,0.65,"€7,22/kg",Nestlé,"Mercearia/Alimentação Infantil/Boiões, Saquetas e Puré de Fruta",https://www.continente.pt/dw/image/v2/BDVS_PRD/on/demandware.static/-/Sites-col-master-catalog/default/dw26bf234d/images/col/577/5776263-frente.jpg?sw=280&sh=280,emb. 90 gr,https://www.continente.pt/produto/saqueta-de-fruta-maca-banana-e-aveia-6m-nestle-5776263.html,bebe,2025-04-21,Continente
Pack  Saquetas de Fruta Maçã +3A,6395109,2.88,"€8,00/kg",GoGo squeeZ,"Mercearia/Alimentação Infantil/Boiões, Saquetas e Puré de Fruta",https://www.continente.pt/dw/image/v2/BDVS_PRD/on/demandware.static/-/Sites-col-master-catalog/default/dw80be4dcf/images/col/639/6395109-frente.png?sw=280&sh=280,emb. 4 x 90 gr,https://www.continente.pt/produto/pack--saquetas-de-fruta-maca-3a-gogo-squeez-6395109.html,bebe,2025-04-21,Continente
Leite Meio Gordo UHT Infantil +3A,3693156,2.19,"€2,74/lt",Mimosa,Laticínios e Ovos/Leite/Leites em Pó e Bebidas Lácteas,https://www.continente.pt/dw/image/v2/BDVS_PRD/on/demandware.static/-/Sites-col-master-catalog/default/dwee70c14a/images/col/369/3693156-frente.jpg?sw=280&sh=280,emb. 4 x 200 ml,https://www.continente.pt/produto/leite-meio-gordo-uht-infantil-3a-mimosa-3693156.html,bebe,2025-04-21,Continente
Leite em Pó Prosyneo HA para Lactentes 1 até 6M,6562494,24.14,"€30,18/kg",Aptamil,Mercearia/Alimentação Infantil/Leites em Pó e Bebidas Lácteas,https://www.continente.pt/dw/image/v2/BDVS_PRD/on/demandware.static/-/Sites-col-master-catalog/default/dw3479cbf1/images/col/656/6562494-frente.jpg?sw=280&sh=280,emb. 800 gr,https://www.continente.pt/produto/leite-em-po-prosyneo-ha-para-lactentes-1-ate-6m-aptamil-6562494.html,bebe,2025-04-21,Continente
"Saqueta de Fruta Manga, Iogurte e Aveia +6M",7577561,1.2,"€12,00/kg",Hero Solo,"Mercearia/Alimentação Infantil/Boiões, Saquetas e Puré de Fruta",https://www.continente.pt/dw/image/v2/BDVS_PRD/on/demandware.static/-/Sites-col-master-catalog/default/dw4f9949f6/images/col/757/7577561-frente.jpg?sw=280&sh=280,emb. 100 gr,https://www.continente.pt/produto/saqueta-de-fruta-manga-iogurte-e-aveia-6m-hero-solo-7577561.html,bebe,2025-04-21,Continente
Fraldas Activity Extra 12-17kg T5+,8122167,43.44,"€0,45/un",Dodot,Bebé/Fraldas e Toalhitas/Fraldas 13-18kg/+18kg (T5 e T6),https://www.continente.pt/dw/image/v2/BDVS_PRD/on/demandware.static/-/Sites-col-master-catalog/default/dwd5ac7e31/images/col/812/8122167-hero.jpg?sw=280&sh=280,emb. 96 un,https://www.continente.pt/produto/fraldas-activity-extra-12-17kg-t5-dodot-8122167.html,bebe,2025-04-21,Continente
Cadeira Auto I-Size 100-150cm Preta Defender,7800575,47.99,"€47,99/un",Happy Bear,Bebé/Cadeiras Auto,https://www.continente.pt/dw/image/v2/BDVS_PRD/on/demandware.static/-/Sites-col-master-catalog/default/dwc3c6de39/images/col/780/7800575-frente.png?sw=280&sh=280,1 un,https://www.continente.pt/produto/cadeira-auto-i-size-100-150cm-preta-defender-happy-bear-7800575.html,bebe,2025-04-21,Continente
Gel de Banho Bebé,8048046,8.99,"€12,49/lt",Corine de Farme,Bebé/Banho e Higiene/Gel de Banho,https://www.continente.pt/dw/image/v2/BDVS_PRD/on/demandware.static/-/Sites-col-master-catalog/default/dw3a5a0df1/images/col/804/8048046-frente.jpg?sw=280&sh=280,emb. 720 ml + 250 ml GRÁTIS,https://www.continente.pt/produto/gel-de-banho-bebe-corine-de-farme-8048046.html,bebe,2025-04-21,Continente
Assento de Refeição com Bolsa de Armazenamento,7833336,39.99,"€39,99/un",Asalvo,"Bebé/Alimentação, Leites e Acessórios/Cadeiras de Refeição",https://www.continente.pt/dw/image/v2/BDVS_PRD/on/demandware.static/-/Sites-col-master-catalog/default/dw67673402/images/col/783/7833336-direito.jpg?sw=280&sh=280,1 un,https://www.continente.pt/produto/assento-de-refeicao-com-bolsa-de-armazenamento-asalvo-7833336.html,bebe,2025-04-21,Continente
Assento Elevatório Dobrável Cinza Moly,8082040,39.99,"€39,99/un",Bebeconfort,"Bebé/Alimentação, Leites e Acessórios/Cadeiras de Refeição",https://www.continente.pt/dw/image/v2/BDVS_PRD/on/demandware.static/-/Sites-col-master-catalog/default/dw54f13893/images/col/808/8082040-frente-2.jpg?sw=280&sh=280,1 un,https://www.continente.pt/produto/assento-elevatorio-dobravel-cinza-moly-bebeconfort-8082040.html,bebe,2025-04-21,Continente
Cadeira de Repouso Cinza Aster,8082046,39.99,"€39,99/un",Bebeconfort,Bebé/Quarto de Bebé/Espreguiçadeiras,https://www.continente.pt/dw/image/v2/BDVS_PRD/on/demandware.static/-/Sites-col-master-catalog/default/dw98d05259/images/col/808/8082046-frente.jpg?sw=280&sh=280,1 un,https://www.continente.pt/produto/cadeira-de-repouso-cinza-aster-bebeconfort-8082046.html,bebe,2025-04-21,Continente
Cadeira de Repouso Cinza Hamaca,7931417,39.99,"€39,99/un",Happy Bear,Bebé/Quarto de Bebé/Espreguiçadeiras,https://www.continente.pt/dw/image/v2/BDVS_PRD/on/demandware.static/-/Sites-col-master-catalog/default/dw4b599dfa/images/col/793/7931417-frente.jpg?sw=280&sh=280,1 un,https://www.continente.pt/produto/cadeira-de-repouso-cinza-hamaca-happy-bear-7931417.html,bebe,2025-04-21,Continente
Tapete de Atividades Reversível 180x120cm,8020910,39.99,"€39,99/un",Asalvo,Bebé/Quarto de Bebé/Parques e Andadores,https://www.continente.pt/dw/image/v2/BDVS_PRD/on/demandware.static/-/Sites-col-master-catalog/default/dw3156a8b2/images/col/802/8020910-frente.jpg?sw=280&sh=280,1 un,https://www.continente.pt/produto/tapete-de-atividades-reversivel-180x120cm-asalvo-8020910.html,bebe,2025-04-21,Continente
Barreira de Segurança para Cama 2 em 1 Perrito Cinza,8089768,39.99,"€39,99/un",Asalvo,Bebé/Quarto de Bebé/Mobiliário,https://www.continente.pt/dw/image/v2/BDVS_PRD/on/demandware.static/-/Sites-col-master-catalog/default/dw563ff9b5/images/col/808/8089768-frente.jpg?sw=280&sh=280,1 un,https://www.continente.pt/produto/barreira-de-seguranca-para-cama-2-em-1-perrito-cinza-asalvo-8089768.html,bebe,2025-04-21,Continente
Bacio Sanita com Som Branco,7612962,39.99,"€39,99/un",Baby Fun,Bebé/Banho e Higiene/Complementos de Higiene,https://www.continente.pt/dw/image/v2/BDVS_PRD/on/demandware.static/-/Sites-col-master-catalog/default/dw6c3edb97/images/col/761/7612962-frente.jpg?sw=280&sh=280,1 un,https://www.continente.pt/produto/bacio-sanita-com-som-branco-baby-fun-7612962.html,bebe,2025-04-21,Continente
Muda Fraldas Rígido,512000,39.99,"€39,99/un",Twinko,Bebé/Banho e Higiene/Muda Fraldas,https://www.continente.pt/dw/image/v2/BDVS_PRD/on/demandware.static/-/Sites-col-master-catalog/default/dwb0e03512/images/col/806/8069754-topshot.jpg?sw=280&sh=280,1 un,https://www.continente.pt/produto/muda-fraldas-rigido-twinko-512000.html,bebe,2025-04-21,Continente
Assento de Refeição Portátil e Lancheira Verde,8093458,39.99,"€39,99/un",Badabulle,"Bebé/Alimentação, Leites e Acessórios/Cadeiras de Refeição",https://www.continente.pt/dw/image/v2/BDVS_PRD/on/demandware.static/-/Sites-col-master-catalog/default/dwaf5945d5/images/col/809/8093458-frente.jpg?sw=280&sh=280,1 un,https://www.continente.pt/produto/assento-de-refeicao-portatil-e-lancheira-verde-badabulle-8093458.html,bebe,2025-04-21,Continente
Cuecas Incontinência Discreet Boutique M,6465803,8.99,"€1,00/un",Ausonia Discreet,Beleza e Higiene/Higiene Íntima/Incontinência/Cuecas Incontinência,https://www.continente.pt/dw/image/v2/BDVS_PRD/on/demandware.static/-/Sites-col-master-catalog/default/dwf44e4afb/images/col/646/6465803-hero.jpg?sw=280&sh=280,emb. 9 un,https://www.continente.pt/produto/cuecas-incontinencia-discreet-boutique-m-ausonia-discreet-6465803.html,bebe,2025-04-21,Continente
A Hora do Banho,horadobanho,45.98,,,Bebé/Banho e Higiene/Banheiras e Assentos,https://www.continente.pt/dw/image/v2/BDVS_PRD/on/demandware.static/-/Sites-col-master-catalog/default/dwb70317f3/images/col/hor/horadobanho-frente.jpg?sw=280&sh=280,,https://www.continente.pt/produto/a-hora-do-banho-horadobanho.html,bebe,2025-04-21,Continente
Suporte para Banheira,7079310,27.99,"€27,99/un",,Bebé/Banho e Higiene/Complementos de Higiene,https://www.continente.pt/dw/image/v2/BDVS_PRD/on/demandware.static/-/Sites-col-master-catalog/default/dwf04c046a/images/col/707/7079310-frente.jpg?sw=280&sh=280,1 un,https://www.continente.pt/produto/suporte-para-banheira-7079310.html,bebe,2025-04-21,Continente
Cuecas Incontinência Noite Bons Sonhos 17-30 Kg 4-7 Anos,8286463,8.79,"€0,55/un",Continente,Bebé/Fraldas e Toalhitas/Fraldas de Aprendizagem,https://www.continente.pt/dw/image/v2/BDVS_PRD/on/demandware.static/-/Sites-col-master-catalog/default/dw8b85da80/images/col/828/8286463-frente.jpg?sw=280&sh=280,emb. 16 un,https://www.continente.pt/produto/cuecas-incontinencia-noite-bons-sonhos-17-30-kg-4-7-anos-continente-8286463.html,bebe,2025-04-21,Continente
"Refeição para Bebé Cenoura, Tomate e Perú +6M",7615760,2.49,"€13,11/kg",Gerber,Mercearia/Alimentação Infantil/Refeições,https://www.continente.pt/dw/image/v2/BDVS_PRD/on/demandware.static/-/Sites-col-master-catalog/default/dw0567b7c2/images/col/761/7615760-frente.jpg?sw=280&sh=280,emb. 190 gr,https://www.continente.pt/produto/refeicao-para-bebe-cenoura-tomate-e-peru-6m-gerber-7615760.html,bebe,2025-04-21,Continente
Bacio com Degrau 3 em 1 Cinza,7625517,34.99,"€34,99/un",Asalvo,Bebé/Banho e Higiene/Complementos de Higiene,https://www.continente.pt/dw/image/v2/BDVS_PRD/on/demandware.static/-/Sites-col-master-catalog/default/dw322324ef/images/col/762/7625517-frente.jpg?sw=280&sh=280,1 un,https://www.continente.pt/produto/bacio-com-degrau-3-em-1-cinza-asalvo-7625517.html,bebe,2025-04-21,Continente
Barreira Cama 150 Cm,6650671,34.99,"€34,99/un",Asalvo,Bebé/Quarto de Bebé/Mobiliário,https://www.continente.pt/dw/image/v2/BDVS_PRD/on/demandware.static/-/Sites-col-master-catalog/default/dwf8dc6f09/images/col/665/6650671-frente.jpg?sw=280&sh=280,1 un,https://www.continente.pt/produto/barreira-cama-150-cm-asalvo-6650671.html,bebe,2025-04-21,Continente
Colchão de Viagem para Bebé 60x120cm,6953762,34.99,"€34,99/un",Happy Bear,"Bebé/Quarto de Bebé/Camas, Berços e Colchões",https://www.continente.pt/dw/image/v2/BDVS_PRD/on/demandware.static/-/Sites-col-master-catalog/default/dw5bc470e6/images/col/695/6953762-frente.jpg?sw=280&sh=280,1 un,https://www.continente.pt/produto/colchao-de-viagem-para-bebe-60x120cm-happy-bear-6953762.html,bebe,2025-04-21,Continente
Pack  Saquetas de Fruta Multifrutos +3A,7609202,2.69,"€7,47/kg",GoGo squeeZ,"Mercearia/Alimentação Infantil/Boiões, Saquetas e Puré de Fruta",https://www.continente.pt/dw/image/v2/BDVS_PRD/on/demandware.static/-/Sites-col-master-catalog/default/dw6b2cf5b9/images/col/760/7609202-frente.png?sw=280&sh=280,emb. 4 x 90 gr,https://www.continente.pt/produto/pack--saquetas-de-fruta-multifrutos-3a-gogo-squeez-7609202.html,bebe,2025-04-21,Continente
Bebida Láctea Infantil 1-3A,3036182,2.19,"€2,74/lt",Mimosa,Laticínios e Ovos/Leite/Leites em Pó e Bebidas Lácteas,https://www.continente.pt/dw/image/v2/BDVS_PRD/on/demandware.static/-/Sites-col-master-catalog/default/dw6f1cb130/images/col/303/3036182-frente.jpg?sw=280&sh=280,emb. 4 x 200 ml,https://www.continente.pt/produto/bebida-lactea-infantil-1-3a-mimosa-3036182.html,bebe,2025-04-21,Continente
Gel-Creme Corpo Q10 Hidratante Anti-celulite e Refirmante,3606701,6.0,"€30,00/lt",Nivea,Beleza e Higiene/Corpo/Cremes e Loções,https://www.continente.pt/dw/image/v2/BDVS_PRD/on/demandware.static/-/Sites-col-master-catalog/default/dw4f8ee69c/images/col/360/3606701-hero.jpg?sw=280&sh=280,emb. 200 ml,https://www.continente.pt/produto/gel-creme-corpo-q10-hidratante-anti-celulite-e-refirmante-nivea-3606701.html,bebe,2025-04-21,Continente
"Saqueta de Fruta Maçã, Banana e Pêssego +4M",5775443,0.89,"€8,90/kg",Hero Baby,"Mercearia/Alimentação Infantil/Boiões, Saquetas e Puré de Fruta",https://www.continente.pt/dw/image/v2/BDVS_PRD/on/demandware.static/-/Sites-col-master-catalog/default/dwfb7831a5/images/col/577/5775443-frente.jpg?sw=280&sh=280,emb. 100 gr,https://www.continente.pt/produto/saqueta-de-fruta-maca-banana-e-pessego-4m-hero-baby-5775443.html,bebe,2025-04-21,Continente
Bolachinhas para Bebé Saquetas +6M,6023041,2.45,"€13,61/kg",Cerelac,Mercearia/Alimentação Infantil/Snacks e Bolachinhas,https://www.continente.pt/dw/image/v2/BDVS_PRD/on/demandware.static/-/Sites-col-master-catalog/default/dw4cb8e050/images/col/602/6023041-esquerdo.jpg?sw=280&sh=280,emb. 4 x 45 gr,https://www.continente.pt/produto/bolachinhas-para-bebe-saquetas-6m-cerelac-6023041.html,bebe,2025-04-21,Continente
Refeição para Bebé Legumes com Vitela +6M,7147995,1.49,"€7,84/kg",Nestlé,Mercearia/Alimentação Infantil/Refeições,https://www.continente.pt/dw/image/v2/BDVS_PRD/on/demandware.static/-/Sites-col-master-catalog/default/dwa472248f/images/col/714/7147995-frente.jpg?sw=280&sh=280,emb. 190 gr,https://www.continente.pt/produto/refeicao-para-bebe-legumes-com-vitela-6m-nestle-7147995.html,bebe,2025-04-21,Continente
Pensos Diários Salvaslip Maxi Plus,4945262,2.87,"€0,10/un",Evax,Beleza e Higiene/Higiene Íntima/Pensos Diários,https://www.continente.pt/dw/image/v2/BDVS_PRD/on/demandware.static/-/Sites-col-master-catalog/default/dwe866ab87/images/col/494/4945262-hero.jpg?sw=280&sh=280,emb. 30 un,https://www.continente.pt/produto/pensos-diarios-salvaslip-maxi-plus-evax-4945262.html,bebe,2025-04-21,Continente
Carrinho de Passeio Bengala,511583,35.99,"€35,99/un",Happy Bear,Bebé/Passeio e Viagem/Carrinhos de Passeio,https://www.continente.pt/dw/image/v2/BDVS_PRD/on/demandware.static/-/Sites-col-master-catalog/default/dw11459bb4/images/col/720/7209001-esquerdo.jpg?sw=280&sh=280,,https://www.continente.pt/produto/carrinho-de-passeio-bengala-happy-bear-511583.html,bebe,2025-04-21,Continente
Snack para Bebé Estrelas de Ananás e Quinoa +12M,7421885,1.28,"€64,00/kg",Blédina,Mercearia/Alimentação Infantil/Snacks e Bolachinhas,https://www.continente.pt/dw/image/v2/BDVS_PRD/on/demandware.static/-/Sites-col-master-catalog/default/dw81063d50/images/col/742/7421885-frente.jpg?sw=280&sh=280,emb. 20 gr,https://www.continente.pt/produto/snack-para-bebe-estrelas-de-ananas-e-quinoa-12m-bledina-7421885.html,bebe,2025-04-21,Continente
Loção Corpo Lactourea Reparadora,5316711,3.99,"€9,97/lt",Lactovit,Beleza e Higiene/Corpo/Cremes e Loções,https://www.continente.pt/dw/image/v2/BDVS_PRD/on/demandware.static/-/Sites-col-master-catalog/default/dw60629195/images/col/531/5316711-frente.jpg?sw=280&sh=280,emb. 400 ml,https://www.continente.pt/produto/locao-corpo-lactourea-reparadora-lactovit-5316711.html,bebe,2025-04-21,Continente
Pensos Higiénicos Cottonlike Super Plus com Abas,4062420,4.24,"€0,21/un",Evax,Beleza e Higiene/Higiene Íntima/Pensos e Cuecas Menstruais,https://www.continente.pt/dw/image/v2/BDVS_PRD/on/demandware.static/-/Sites-col-master-catalog/default/dw2d73e3cc/images/col/406/4062420-hero.jpg?sw=280&sh=280,emb. 20 un,https://www.continente.pt/produto/pensos-higienicos-cottonlike-super-plus-com-abas-evax-4062420.html,bebe,2025-04-21,Continente
Iogurte Bebé Frutas Variadas +6 Meses,4268379,1.99,"€4,97/kg",Nestlé,Laticínios e Ovos/Iogurtes/Iogurtes Bebé,https://www.continente.pt/dw/image/v2/BDVS_PRD/on/demandware.static/-/Sites-col-master-catalog/default/dwf320093b/images/col/426/4268379-frente.png?sw=280&sh=280,emb. 400 gr (4 un),https://www.continente.pt/produto/iogurte-bebe-frutas-variadas-6-meses-nestle-4268379.html,bebe,2025-04-21,Continente
Cuecas Menstruais Expert para Fluxo Abundante S,7897887,19.9,"€19,90/un",Dim,Beleza e Higiene/Higiene Íntima/Pensos e Cuecas Menstruais,https://www.continente.pt/dw/image/v2/BDVS_PRD/on/demandware.static/-/Sites-col-master-catalog/default/dw184f1768/images/col/789/7897887-frente.jpg?sw=280&sh=280,emb. 1 un,https://www.continente.pt/produto/cuecas-menstruais-expert-para-fluxo-abundante-s-dim-7897887.html,bebe,2025-04-21,Continente
Colchão de Viagem em Rolo 120x60cm,8022338,22.99,"€22,99/un",Happy Bear,"Bebé/Quarto de Bebé/Camas, Berços e Colchões",https://www.continente.pt/dw/image/v2/BDVS_PRD/on/demandware.static/-/Sites-col-master-catalog/default/dw89dfe377/col/792/8022338_frente2.jpg?sw=280&sh=280,1 un,https://www.continente.pt/produto/colchao-de-viagem-em-rolo-120x60cm-happy-bear-8022338.html,bebe,2025-04-21,Continente
Escova de Dentes Criança Minions & Trolls 2 a 6 Anos,5595296,2.99,"€1,50/un",Colgate,Beleza e Higiene/Higiene Oral/Higiene Oral Infantil,https://www.continente.pt/dw/image/v2/BDVS_PRD/on/demandware.static/-/Sites-col-master-catalog/default/dwd370929c/images/col/559/5595296-hero.jpg?sw=280&sh=280,emb. 2 un,https://www.continente.pt/produto/escova-de-dentes-crianca-minions-trolls-2-a-6-anos-colgate-5595296.html,bebe,2025-04-21,Continente
Pack Puré de Fruta Maçã e Pera +6M,7413240,4.73,"€6,22/kg",Blédina,"Mercearia/Alimentação Infantil/Boiões, Saquetas e Puré de Fruta",https://www.continente.pt/dw/image/v2/BDVS_PRD/on/demandware.static/-/Sites-col-master-catalog/default/dw4940c5fe/images/col/741/7413240-frente.jpg?sw=280&sh=280,emb. 8 x 95 gr,https://www.continente.pt/produto/pack-pure-de-fruta-maca-e-pera-6m-bledina-7413240.html,bebe,2025-04-21,Continente
Pensos Diários Maxi,4291198,3.74,"€0,06/un",Carefree,Beleza e Higiene/Higiene Íntima/Pensos Diários,https://www.continente.pt/dw/image/v2/BDVS_PRD/on/demandware.static/-/Sites-col-master-catalog/default/dwb5d7810a/images/col/429/4291198-hero.jpg?sw=280&sh=280,emb. 64 un,https://www.continente.pt/produto/pensos-diarios-maxi-carefree-4291198.html,bebe,2025-04-21,Continente
Snack para Bebé Cenoura e Laranja +10M,8021047,1.76,"€50,29/kg",Gerber,Mercearia/Alimentação Infantil/Snacks e Bolachinhas,https://www.continente.pt/dw/image/v2/BDVS_PRD/on/demandware.static/-/Sites-col-master-catalog/default/dwf8f71074/images/col/802/8021047-frente.PNG?sw=280&sh=280,emb. 35 gr,https://www.continente.pt/produto/snack-para-bebe-cenoura-e-laranja-10m-gerber-8021047.html,bebe,2025-04-21,Continente
Cereais Estrelas de Morango Monstrinhos,8071847,2.99,"€7,97/kg",Continente Equilíbrio,Mercearia/Cereais e Barras/Cereais Infantis,https://www.continente.pt/dw/image/v2/BDVS_PRD/on/demandware.static/-/Sites-col-master-catalog/default/dw07742293/images/col/807/8071847-frente.jpg?sw=280&sh=280,emb. 375 gr,https://www.continente.pt/produto/cereais-estrelas-de-morango-monstrinhos-continente-equilibrio-8071847.html,bebe,2025-04-21,Continente
Champô Suave Bebé,6862752,8.29,"€11,05/lt",Johnsons Baby,Beleza e Higiene/Cabelo/Criança,https://www.continente.pt/dw/image/v2/BDVS_PRD/on/demandware.static/-/Sites-col-master-catalog/default/dwe73e2d21/images/col/686/6862752-frente.jpg?sw=280&sh=280,emb. 750 ml,https://www.continente.pt/produto/champo-suave-bebe-johnsons-baby-6862752.html,bebe,2025-04-21,Continente
"Refeição para Bebé Ervilha, Batata e Frango +6M",7615761,2.49,"€13,11/kg",Gerber,Mercearia/Alimentação Infantil/Refeições,https://www.continente.pt/dw/image/v2/BDVS_PRD/on/demandware.static/-/Sites-col-master-catalog/default/dw30c47ad3/images/col/761/7615761-frente.jpg?sw=280&sh=280,emb. 190 gr,https://www.continente.pt/produto/refeicao-para-bebe-ervilha-batata-e-frango-6m-gerber-7615761.html,bebe,2025-04-21,Continente
Spray Condicionador Penteia Fácil Criança,6840659,2.07,"€10,35/lt",Johnsons Baby,Beleza e Higiene/Cabelo/Criança,https://www.continente.pt/dw/image/v2/BDVS_PRD/on/demandware.static/-/Sites-col-master-catalog/default/dw8eb71b8c/images/col/684/6840659-frente.jpg?sw=280&sh=280,emb. 200 ml,https://www.continente.pt/produto/spray-condicionador-penteia-facil-crianca-johnsons-baby-6840659.html,bebe,2025-04-21,Continente
Alimento Lácteo Cereais e Bolacha Maria +6M,5181556,2.09,"€5,22/kg",Yogolino,Mercearia/Alimentação Infantil/Alimentos Lácteos,https://www.continente.pt/dw/image/v2/BDVS_PRD/on/demandware.static/-/Sites-col-master-catalog/default/dwd7734ff2/images/col/518/5181556-direito.jpg?sw=280&sh=280,emb. 4 x 100 gr,https://www.continente.pt/produto/alimento-lacteo-cereais-e-bolacha-maria-6m-yogolino-5181556.html,bebe,2025-04-21,Continente
Refeição para Bebé Legumes e Vitela +6M,7615803,2.49,"€13,11/kg",Gerber,Mercearia/Alimentação Infantil/Refeições,https://www.continente.pt/dw/image/v2/BDVS_PRD/on/demandware.static/-/Sites-col-master-catalog/default/dw955a66b3/images/col/761/7615803-frente.jpg?sw=280&sh=280,emb. 190 gr,https://www.continente.pt/produto/refeicao-para-bebe-legumes-e-vitela-6m-gerber-7615803.html,bebe,2025-04-21,Continente
Saqueta de Fruta Frutos Variados Frutapura +6M,7453433,0.84,"€9,88/kg",Blédina,"Mercearia/Alimentação Infantil/Boiões, Saquetas e Puré de Fruta",https://www.continente.pt/dw/image/v2/BDVS_PRD/on/demandware.static/-/Sites-col-master-catalog/default/dwe09166e2/images/col/745/7453433-frente.jpg?sw=280&sh=280,emb. 85 gr,https://www.continente.pt/produto/saqueta-de-fruta-frutos-variados-frutapura-6m-bledina-7453433.html,bebe,2025-04-21,Continente
Leite em Pó de Transição Expertpro 2 Total +6M,7850679,22.58,"€28,23/kg",Nan,Mercearia/Alimentação Infantil/Leites em Pó e Bebidas Lácteas,https://www.continente.pt/dw/image/v2/BDVS_PRD/on/demandware.static/-/Sites-col-master-catalog/default/dw135fa9da/images/col/785/7850679-cima.jpg?sw=280&sh=280,emb. 800 gr,https://www.continente.pt/produto/leite-em-po-de-transicao-expertpro-2-total-6m-nan-7850679.html,bebe,2025-04-21,Continente
Iogurte Líquido Tutti Frutti Infantil,5476891,1.99,"€4,97/kg",Danonino Danone,Laticínios e Ovos/Iogurtes/Iogurtes Infantis,https://www.continente.pt/dw/image/v2/BDVS_PRD/on/demandware.static/-/Sites-col-master-catalog/default/dwc5e85bbe/images/col/547/5476891-frente.png?sw=280&sh=280,emb. 400 gr (4 un),https://www.continente.pt/produto/iogurte-liquido-tutti-frutti-infantil-danonino-danone-5476891.html,bebe,2025-04-21,Continente
Champô e Gel de Banho Pele Delicada,7405253,3.89,"€7,78/lt",Chicco,Bebé/Banho e Higiene/Gel de Banho,https://www.continente.pt/dw/image/v2/BDVS_PRD/on/demandware.static/-/Sites-col-master-catalog/default/dwa54e739a/images/col/740/7405253-frente.jpg?sw=280&sh=280,emb. 500 ml,https://www.continente.pt/produto/champo-e-gel-de-banho-pele-delicada-chicco-7405253.html,bebe,2025-04-21,Continente
Livro Musical,6995064,25.99,"€25,99/un",Vtech,Brinquedos e Jogos/Bebé e Peluches/Didáticos e Interativos,https://www.continente.pt/dw/image/v2/BDVS_PRD/on/demandware.static/-/Sites-col-master-catalog/default/dwc981c94c/images/col/699/6995064-frente-fechado.jpg?sw=280&sh=280,,https://www.continente.pt/produto/livro-musical-vtech-6995064.html,bebe,2025-04-21,Continente
Pensos Incontinência Discreet Ultra Dia e Noite,7525428,6.36,"€0,53/un",Ausonia Discreet,Beleza e Higiene/Higiene Íntima/Incontinência/Pensos Incontinência,https://www.continente.pt/dw/image/v2/BDVS_PRD/on/demandware.static/-/Sites-col-master-catalog/default/dwa30888c9/images/col/752/7525428-hero.jpg?sw=280&sh=280,emb. 12 un,https://www.continente.pt/produto/pensos-incontinencia-discreet-ultra-dia-e-noite-ausonia-discreet-7525428.html,bebe,2025-04-21,Continente
Snack para Bebé de Banana NutriPuffs +8M,7319489,0.55,"€78,57/kg",Cerelac,Mercearia/Alimentação Infantil/Snacks e Bolachinhas,https://www.continente.pt/dw/image/v2/BDVS_PRD/on/demandware.static/-/Sites-col-master-catalog/default/dw54496d90/images/col/731/7319489-frente.jpg?sw=280&sh=280,emb. 7 gr,https://www.continente.pt/produto/snack-para-bebe-de-banana-nutripuffs-8m-cerelac-7319489.html,bebe,2025-04-21,Continente
Iogurte Bebé Natural +6 Meses,6937688,1.68,"€4,20/kg",Continente do Bebé,Laticínios e Ovos/Iogurtes/Iogurtes Bebé,https://www.continente.pt/dw/image/v2/BDVS_PRD/on/demandware.static/-/Sites-col-master-catalog/default/dw32a78700/images/col/693/6937688-cima.jpg?sw=280&sh=280,emb. 400 gr (4 un),https://www.continente.pt/produto/iogurte-bebe-natural-6-meses-continente-do-bebe-6937688.html,bebe,2025-04-21,Continente
Nestum Mel Flocos Cereais +3A,2004805,2.99,"€9,97/kg",Nestum,Mercearia/Alimentação Infantil/Papas Infantis,https://www.continente.pt/dw/image/v2/BDVS_PRD/on/demandware.static/-/Sites-col-master-catalog/default/dw8bcb30b5/images/col/200/2004805-frente.jpg?sw=280&sh=280,emb. 300 gr,https://www.continente.pt/produto/nestum-mel-flocos-cereais-3a-nestum-2004805.html,bebe,2025-04-21,Continente
Alimento Lácteo Manga sem Glúten +6M,7417743,2.54,"€6,35/kg",Yogolino,Mercearia/Alimentação Infantil/Alimentos Lácteos,https://www.continente.pt/dw/image/v2/BDVS_PRD/on/demandware.static/-/Sites-col-master-catalog/default/dw3926b34d/images/col/741/7417743-direito.jpg?sw=280&sh=280,emb. 4 x 100 gr,https://www.continente.pt/produto/alimento-lacteo-manga-sem-gluten-6m-yogolino-7417743.html,bebe,2025-04-21,Continente
Fraldas Comfort 5-8 Kg T3,8363987,13.35,"€0,31/un",Libero,Bebé/Fraldas e Toalhitas/Fraldas 4-11kg/9-15kg (T3 e T4),https://www.continente.pt/dw/image/v2/BDVS_PRD/on/demandware.static/-/Sites-col-master-catalog/default/dw6081b1f1/images/col/836/8363987-hero.png?sw=280&sh=280,emb. 43 un,https://www.continente.pt/produto/fraldas-comfort-5-8-kg-t3-libero-8363987.html,bebe,2025-04-21,Continente
Pensos Higiénicos Ultrafina Noite Extra com Abas,8019314,4.99,"€4,99/un",Ausonia,Beleza e Higiene/Higiene Íntima/Pensos e Cuecas Menstruais,https://www.continente.pt/dw/image/v2/BDVS_PRD/on/demandware.static/-/Sites-col-master-catalog/default/dw9e05099f/images/col/801/8019314-frente.png?sw=280&sh=280,emb. 18 un,https://www.continente.pt/produto/pensos-higienicos-ultrafina-noite-extra-com-abas-ausonia-8019314.html,bebe,2025-04-21,Continente
Leite em Pó de Crescimento 5 +24M,4882387,13.29,"€17,72/kg",Aptamil,Mercearia/Alimentação Infantil/Leites em Pó e Bebidas Lácteas,https://www.continente.pt/dw/image/v2/BDVS_PRD/on/demandware.static/-/Sites-col-master-catalog/default/dwfb40a0f3/images/col/488/4882387-frente.jpg?sw=280&sh=280,emb. 750 gr,https://www.continente.pt/produto/leite-em-po-de-crescimento-5-24m-aptamil-4882387.html,bebe,2025-04-21,Continente
Puré de Fruta Frutos Variados +6M,7410185,1.97,"€5,18/kg",Blédina,"Mercearia/Alimentação Infantil/Boiões, Saquetas e Puré de Fruta",https://www.continente.pt/dw/image/v2/BDVS_PRD/on/demandware.static/-/Sites-col-master-catalog/default/dw93991aed/images/col/741/7410185-frente.jpg?sw=280&sh=280,emb. 4 x 95 gr,https://www.continente.pt/produto/pure-de-fruta-frutos-variados-6m-bledina-7410185.html,bebe,2025-04-21,Continente
Pensos Higiénicos Fina e Segura Normal,6601768,2.79,"€0,12/un",Evax,Beleza e Higiene/Higiene Íntima/Pensos e Cuecas Menstruais,https://www.continente.pt/dw/image/v2/BDVS_PRD/on/demandware.static/-/Sites-col-master-catalog/default/dw90a481ce/images/col/660/6601768-hero.jpg?sw=280&sh=280,emb. 24 un,https://www.continente.pt/produto/pensos-higienicos-fina-e-segura-normal-evax-6601768.html,bebe,2025-04-21,Continente
Fraldas Comfort 2-5 Kg T1,8363971,11.98,"€0,28/un",Libero,"Bebé/Fraldas e Toalhitas/Fraldas <2kg/2-5kg/3-6kg (T0, T1 e T2)",https://www.continente.pt/dw/image/v2/BDVS_PRD/on/demandware.static/-/Sites-col-master-catalog/default/dw25859736/images/col/836/8363971-hero.png?sw=280&sh=280,emb. 43 un,https://www.continente.pt/produto/fraldas-comfort-2-5-kg-t1-libero-8363971.html,bebe,2025-04-21,Continente
"Puré de Fruta Maçã, Manga e Maracujá +8M",7413142,1.97,"€5,18/kg",Blédina,"Mercearia/Alimentação Infantil/Boiões, Saquetas e Puré de Fruta",https://www.continente.pt/dw/image/v2/BDVS_PRD/on/demandware.static/-/Sites-col-master-catalog/default/dw460ae853/images/col/741/7413142-frente.jpg?sw=280&sh=280,emb. 4 x 95 gr,https://www.continente.pt/produto/pure-de-fruta-maca-manga-e-maracuja-8m-bledina-7413142.html,bebe,2025-04-21,Continente
Saqueta de Fruta Frutos Variados Patrulha Pata +12M,7448131,1.28,"€12,80/kg",Blédina,"Mercearia/Alimentação Infantil/Boiões, Saquetas e Puré de Fruta",https://www.continente.pt/dw/image/v2/BDVS_PRD/on/demandware.static/-/Sites-col-master-catalog/default/dw09cf3363/images/col/744/7448131-frente.jpg?sw=280&sh=280,emb. 100 gr,https://www.continente.pt/produto/saqueta-de-fruta-frutos-variados-patrulha-pata-12m-bledina-7448131.html,bebe,2025-04-21,Continente
Fraldas Proteção e Conforto 4-9kg T3,8120176,14.99,"€0,13/un",Continente do Bebé,Bebé/Fraldas e Toalhitas/Fraldas 4-11kg/9-15kg (T3 e T4),https://www.continente.pt/dw/image/v2/BDVS_PRD/on/demandware.static/-/Sites-col-master-catalog/default/dwf8c3a797/images/col/812/8120176-frente.jpg?sw=280&sh=280,emb. 112 un,https://www.continente.pt/produto/fraldas-protecao-e-conforto-4-9kg-t3-continente-do-bebe-8120176.html,bebe,2025-04-21,Continente
Pensos Higiénicos Fina e Segura Normal com Abas,4594672,1.99,"€0,17/un",Evax,Beleza e Higiene/Higiene Íntima/Pensos e Cuecas Menstruais,https://www.continente.pt/dw/image/v2/BDVS_PRD/on/demandware.static/-/Sites-col-master-catalog/default/dw5de755aa/images/col/459/4594672-hero.jpg?sw=280&sh=280,emb. 12 un,https://www.continente.pt/produto/pensos-higienicos-fina-e-segura-normal-com-abas-evax-4594672.html,bebe,2025-04-21,Continente
Muda Fraldas,512132,27.99,"€27,99/un",Twinko,Bebé/Banho e Higiene/Muda Fraldas,https://www.continente.pt/dw/image/v2/BDVS_PRD/on/demandware.static/-/Sites-col-master-catalog/default/dw267b0e9f/col/806/8069757_topshot.jpg?sw=280&sh=280,,https://www.continente.pt/produto/muda-fraldas-twinko-512132.html,bebe,2025-04-21,Continente
Gel Higiene Íntima Antisséptico Sensitive,5409112,8.95,"€22,38/lt",Dystron,Beleza e Higiene/Higiene Íntima/Gel e Sabonetes Íntimos,https://www.continente.pt/dw/image/v2/BDVS_PRD/on/demandware.static/-/Sites-col-master-catalog/default/dwbe0cbd16/images/col/540/5409112-frente.jpg?sw=280&sh=280,emb. 400 ml,https://www.continente.pt/produto/gel-higiene-intima-antisseptico-sensitive-dystron-5409112.html,bebe,2025-04-21,Continente
Toalhitas Bebé Hidratação,8050306,1.19,"€0,02/un",Continente do Bebé,Bebé/Fraldas e Toalhitas/Toalhitas,https://www.continente.pt/dw/image/v2/BDVS_PRD/on/demandware.static/-/Sites-col-master-catalog/default/dwecd4f2cb/images/col/805/8050306-frente.jpg?sw=280&sh=280,emb. 72 un,https://www.continente.pt/produto/toalhitas-bebe-hidratacao-continente-do-bebe-8050306.html,bebe,2025-04-21,Continente
Creme Corpo Body Milk Hidratante Nutritivo,4878431,6.99,"€17,48/lt",Nivea,Beleza e Higiene/Corpo/Cremes e Loções,https://www.continente.pt/dw/image/v2/BDVS_PRD/on/demandware.static/-/Sites-col-master-catalog/default/dw010d814f/images/col/487/4878431-hero.jpg?sw=280&sh=280,emb. 400 ml,https://www.continente.pt/produto/creme-corpo-body-milk-hidratante-nutritivo-nivea-4878431.html,bebe,2025-04-21,Continente
Condicionador Gotas de Brilho Criança,6840661,3.59,"€7,18/lt",Johnsons Baby,Beleza e Higiene/Cabelo/Criança,https://www.continente.pt/dw/image/v2/BDVS_PRD/on/demandware.static/-/Sites-col-master-catalog/default/dw46a40b2a/images/col/684/6840661-frente.jpg?sw=280&sh=280,emb. 500 ml,https://www.continente.pt/produto/condicionador-gotas-de-brilho-crianca-johnsons-baby-6840661.html,bebe,2025-04-21,Continente
Papa Infantil Farinha Láctea 8 Cereais 4 Frutas +6M,7501636,3.65,"€14,60/kg",Nutribén,Mercearia/Alimentação Infantil/Papas Infantis,https://www.continente.pt/dw/image/v2/BDVS_PRD/on/demandware.static/-/Sites-col-master-catalog/default/dw0614d2ee/images/col/750/7501636-frente.png?sw=280&sh=280,emb. 250 gr,https://www.continente.pt/produto/papa-infantil-farinha-lactea-8-cereais-4-frutas-6m-nutriben-7501636.html,bebe,2025-04-21,Continente
Papa Infantil Farinha Láctea com Frutas +6M,6478425,4.52,"€7,53/kg",Nutribén,Mercearia/Alimentação Infantil/Papas Infantis,https://www.continente.pt/dw/image/v2/BDVS_PRD/on/demandware.static/-/Sites-col-master-catalog/default/dwde59c0e9/images/col/647/6478425-frente.png?sw=280&sh=280,emb. 600 gr,https://www.continente.pt/produto/papa-infantil-farinha-lactea-com-frutas-6m-nutriben-6478425.html,bebe,2025-04-21,Continente
Queijinho Polpa Morango Maxi Infantil,5025117,2.39,"€5,97/kg",Danonino Danone,Laticínios e Ovos/Iogurtes/Iogurtes Infantis,https://www.continente.pt/dw/image/v2/BDVS_PRD/on/demandware.static/-/Sites-col-master-catalog/default/dwe81a0241/images/col/502/5025117-frente.png?sw=280&sh=280,emb. 400 gr (4 un),https://www.continente.pt/produto/queijinho-polpa-morango-maxi-infantil-danonino-danone-5025117.html,bebe,2025-04-21,Continente
Detergente Manual Lava Biberões e Tetinas,7696269,3.99,"€7,98/lt",Continente do Bebé,Limpeza/Cozinha/Detergente Manual Loiça,https://www.continente.pt/dw/image/v2/BDVS_PRD/on/demandware.static/-/Sites-col-master-catalog/default/dwcc25886e/images/col/769/7696269-frente.jpg?sw=280&sh=280,emb. 500 ml,https://www.continente.pt/produto/detergente-manual-lava-biberoes-e-tetinas-continente-do-bebe-7696269.html,bebe,2025-04-21,Continente
O Livro do Meu Bebé,5762077,26.91,"€26,91/un",Claire Laude e Aurélie Castex,Livraria e Papelaria/Livros/Saúde e Bem-Estar/Gravidez e Puericultura,https://www.continente.pt/dw/image/v2/BDVS_PRD/on/demandware.static/-/Sites-col-master-catalog/default/dwefbe2c05/images/col/576/5762077-frente.jpg?sw=280&sh=280,,https://www.continente.pt/produto/o-livro-do-meu-bebe-claire-laude-e-aurelie-castex-5762077.html,bebe,2025-04-21,Continente
Cuecas Banho Splashers 9-15kg T4,6460768,5.38,"€0,49/un",Dodot,Bebé/Fraldas e Toalhitas/Fraldas de Banho,https://www.continente.pt/dw/image/v2/BDVS_PRD/on/demandware.static/-/Sites-col-master-catalog/default/dwd3f64823/images/col/646/6460768-hero.jpg?sw=280&sh=280,emb. 11 un,https://www.continente.pt/produto/cuecas-banho-splashers-9-15kg-t4-dodot-6460768.html,bebe,2025-04-21,Continente
Toalhitas Bebé Pure,7478854,3.73,"€3,73/un",Huggies,Bebé/Fraldas e Toalhitas/Toalhitas,https://www.continente.pt/dw/image/v2/BDVS_PRD/on/demandware.static/-/Sites-col-master-catalog/default/dw8f700972/images/col/747/7478854-frente.jpg?sw=280&sh=280,emb. 3 x 56 un,https://www.continente.pt/produto/toalhitas-bebe-pure-huggies-7478854.html,bebe,2025-04-21,Continente
"Saqueta de Fruta Banana, Morango e Iogurte +12M",6272151,0.64,"€7,11/kg",Nutribén,"Mercearia/Alimentação Infantil/Boiões, Saquetas e Puré de Fruta",https://www.continente.pt/dw/image/v2/BDVS_PRD/on/demandware.static/-/Sites-col-master-catalog/default/dwfb85b3e0/images/col/627/6272151-frente.png?sw=280&sh=280,emb. 90 gr,https://www.continente.pt/produto/saqueta-de-fruta-banana-morango-e-iogurte-12m-nutriben-6272151.html,bebe,2025-04-21,Continente
Farinha Láctea Pera +6M,6652549,2.89,"€11,56/kg",Continente do Bebé,Mercearia/Alimentação Infantil/Papas Infantis,https://www.continente.pt/dw/image/v2/BDVS_PRD/on/demandware.static/-/Sites-col-master-catalog/default/dw4ae63971/images/col/665/6652549-frente.jpg?sw=280&sh=280,emb. 250 gr,https://www.continente.pt/produto/farinha-lactea-pera-6m-continente-do-bebe-6652549.html,bebe,2025-04-21,Continente
Saqueta de Fruta Banana e Morango Frutapura +8M,7453436,0.84,"€9,88/kg",Blédina,"Mercearia/Alimentação Infantil/Boiões, Saquetas e Puré de Fruta",https://www.continente.pt/dw/image/v2/BDVS_PRD/on/demandware.static/-/Sites-col-master-catalog/default/dw9075846a/images/col/745/7453436-frente.jpg?sw=280&sh=280,emb. 85 gr,https://www.continente.pt/produto/saqueta-de-fruta-banana-e-morango-frutapura-8m-bledina-7453436.html,bebe,2025-04-21,Continente
Leite de Transição Líquido Optipro 2 +6M,7130045,12.19,"€6,10/lt",Nan,Mercearia/Alimentação Infantil/Leites em Pó e Bebidas Lácteas,https://www.continente.pt/dw/image/v2/BDVS_PRD/on/demandware.static/-/Sites-col-master-catalog/default/dw7397a672/images/col/713/7130045-frente.jpg?sw=280&sh=280,emb. 4 x 500 ml,https://www.continente.pt/produto/leite-de-transicao-liquido-optipro-2-6m-nan-7130045.html,bebe,2025-04-21,Continente
Creme Corpo Smooth Milk Hidratante Suavizante,7623642,6.99,"€17,48/lt",Nivea,Beleza e Higiene/Corpo/Cremes e Loções,https://www.continente.pt/dw/image/v2/BDVS_PRD/on/demandware.static/-/Sites-col-master-catalog/default/dw34211025/images/col/762/7623642-hero.jpg?sw=280&sh=280,emb. 400 ml,https://www.continente.pt/produto/creme-corpo-smooth-milk-hidratante-suavizante-nivea-7623642.html,bebe,2025-04-21,Continente
Banheira Shantala Branca,5484343,25.99,"€25,99/un",Doomoo Basics,Bebé/Banho e Higiene/Banheiras e Assentos,https://www.continente.pt/dw/image/v2/BDVS_PRD/on/demandware.static/-/Sites-col-master-catalog/default/dwb1fc760a/images/col/548/5484343-frente.jpg?sw=280&sh=280,1 un,https://www.continente.pt/produto/banheira-shantala-branca-doomoo-basics-5484343.html,bebe,2025-04-21,Continente
Bebida Láctea Júnior 1-3A,2527451,2.99,"€2,99/lt",Nestlé Junior,Laticínios e Ovos/Leite/Leites em Pó e Bebidas Lácteas,https://www.continente.pt/dw/image/v2/BDVS_PRD/on/demandware.static/-/Sites-col-master-catalog/default/dw829d8adf/images/col/252/2527451-frente.jpg?sw=280&sh=280,emb. 1 lt,https://www.continente.pt/produto/bebida-lactea-junior-1-3a-nestle-junior-2527451.html,bebe,2025-04-21,Continente
Pensos Diários Salvaslip Fresh Bolsinhas Normal,6465997,2.69,"€0,07/un",Evax,Beleza e Higiene/Higiene Íntima/Pensos Diários,https://www.continente.pt/dw/image/v2/BDVS_PRD/on/demandware.static/-/Sites-col-master-catalog/default/dw99b59202/images/col/646/6465997-hero.jpg?sw=280&sh=280,emb. 40 un,https://www.continente.pt/produto/pensos-diarios-salvaslip-fresh-bolsinhas-normal-evax-6465997.html,bebe,2025-04-21,Continente
"Puré de Fruta Maçã, Kiwi e Ananás +8M",7413143,1.97,"€5,18/kg",Blédina,"Mercearia/Alimentação Infantil/Boiões, Saquetas e Puré de Fruta",https://www.continente.pt/dw/image/v2/BDVS_PRD/on/demandware.static/-/Sites-col-master-catalog/default/dw1305ef93/images/col/741/7413143-frente.jpg?sw=280&sh=280,emb. 4 x 95 gr,https://www.continente.pt/produto/pure-de-fruta-maca-kiwi-e-ananas-8m-bledina-7413143.html,bebe,2025-04-21,Continente
Fraldas Suavidade 2-5kg T1,5449658,3.39,"€0,12/un",Continente do Bebé,"Bebé/Fraldas e Toalhitas/Fraldas <2kg/2-5kg/3-6kg (T0, T1 e T2)",https://www.continente.pt/dw/image/v2/BDVS_PRD/on/demandware.static/-/Sites-col-master-catalog/default/dw53b8fecf/images/col/544/5449658-hero.jpg?sw=280&sh=280,emb. 28 un,https://www.continente.pt/produto/fraldas-suavidade-2-5kg-t1-continente-do-bebe-5449658.html,bebe,2025-04-21,Continente
Toalhitas Cara e Mãos,7970092,0.59,"€0,03/un",Continente,Bebé/Fraldas e Toalhitas/Toalhitas,https://www.continente.pt/dw/image/v2/BDVS_PRD/on/demandware.static/-/Sites-col-master-catalog/default/dw8a0a8c56/images/col/797/7970092-frente.jpg?sw=280&sh=280,emb. 20 un,https://www.continente.pt/produto/toalhitas-cara-e-maos-continente-7970092.html,bebe,2025-04-21,Continente
Muda Fraldas Portátil,511997,22.99,"€22,99/un",Twinko,Bebé/Banho e Higiene/Muda Fraldas,https://www.continente.pt/dw/image/v2/BDVS_PRD/on/demandware.static/-/Sites-col-master-catalog/default/dwc249dfa8/images/col/806/8069726-topshot.jpg?sw=280&sh=280,1 un,https://www.continente.pt/produto/muda-fraldas-portatil-twinko-511997.html,bebe,2025-04-21,Continente
Cuecas Banho 12-17kg T5-6,7735145,4.29,"€0,39/un",Continente do Bebé,Bebé/Fraldas e Toalhitas/Fraldas de Banho,https://www.continente.pt/dw/image/v2/BDVS_PRD/on/demandware.static/-/Sites-col-master-catalog/default/dw8060aca4/images/col/773/7735145-hero.jpg?sw=280&sh=280,emb. 11 un,https://www.continente.pt/produto/cuecas-banho-12-17kg-t5-6-continente-do-bebe-7735145.html,bebe,2025-04-21,Continente
Fraldas Cuidado Total 4-8kg T2,8122171,22.87,"€0,20/un",Dodot,"Bebé/Fraldas e Toalhitas/Fraldas <2kg/2-5kg/3-6kg (T0, T1 e T2)",https://www.continente.pt/dw/image/v2/BDVS_PRD/on/demandware.static/-/Sites-col-master-catalog/default/dwb68b8673/images/col/812/8122171-hero.jpg?sw=280&sh=280,emb. 112 un (2 x 56 un),https://www.continente.pt/produto/fraldas-cuidado-total-4-8kg-t2-dodot-8122171.html,bebe,2025-04-21,Continente
Fraldas Newborn 3-6kg T2,7853421,18.59,"€0,29/un",Libero,"Bebé/Fraldas e Toalhitas/Fraldas <2kg/2-5kg/3-6kg (T0, T1 e T2)",https://www.continente.pt/dw/image/v2/BDVS_PRD/on/demandware.static/-/Sites-col-master-catalog/default/dwed9a4247/images/col/785/7853421-hero.jpg?sw=280&sh=280,emb. 64 un,https://www.continente.pt/produto/fraldas-newborn-3-6kg-t2-libero-7853421.html,bebe,2025-04-21,Continente
Pensos Higiénicos Ultrafina Normal com Abas,5683407,4.99,"€0,13/un",Ausonia,Beleza e Higiene/Higiene Íntima/Pensos e Cuecas Menstruais,https://www.continente.pt/dw/image/v2/BDVS_PRD/on/demandware.static/-/Sites-col-master-catalog/default/dw91b3b53b/images/col/568/5683407-hero.jpg?sw=280&sh=280,emb. 38 un,https://www.continente.pt/produto/pensos-higienicos-ultrafina-normal-com-abas-ausonia-5683407.html,bebe,2025-04-21,Continente
Bebida Láctea com Sabor a Cereais Junior 1-3A,3709943,2.99,"€2,99/lt",Nestlé Junior,Laticínios e Ovos/Leite/Leites em Pó e Bebidas Lácteas,https://www.continente.pt/dw/image/v2/BDVS_PRD/on/demandware.static/-/Sites-col-master-catalog/default/dw86c16bb8/images/col/370/3709943-frente.jpg?sw=280&sh=280,emb. 1 lt,https://www.continente.pt/produto/bebida-lactea-com-sabor-a-cereais-junior-1-3a-nestle-junior-3709943.html,bebe,2025-04-21,Continente
Creme Corpo Luminous 630 Anti Manchas e Estrias,7998514,6.3,"€31,50/lt",Nivea,Beleza e Higiene/Corpo/Cremes e Loções,https://www.continente.pt/dw/image/v2/BDVS_PRD/on/demandware.static/-/Sites-col-master-catalog/default/dw9a65d804/images/col/799/7998514-hero.jpg?sw=280&sh=280,emb. 200 ml,https://www.continente.pt/produto/creme-corpo-luminous-630-anti-manchas-e-estrias-nivea-7998514.html,bebe,2025-04-21,Continente
Champô Ultra Suave Crianças Alperce,2115614,3.69,"€14,76/lt",Garnier,Beleza e Higiene/Cabelo/Criança,https://www.continente.pt/dw/image/v2/BDVS_PRD/on/demandware.static/-/Sites-col-master-catalog/default/dw744e4837/images/col/211/2115614-hero.jpg?sw=280&sh=280,emb. 250 ml,https://www.continente.pt/produto/champo-ultra-suave-criancas-alperce-garnier-2115614.html,bebe,2025-04-21,Continente
Água Lavante,7803042,4.49,"€8,98/lt",Continente do Bebé,Bebé/Banho e Higiene/Proteção e Hidratação,https://www.continente.pt/dw/image/v2/BDVS_PRD/on/demandware.static/-/Sites-col-master-catalog/default/dw1ee42a7a/images/col/780/7803042-frente.jpg?sw=280&sh=280,emb. 500 ml,https://www.continente.pt/produto/agua-lavante-continente-do-bebe-7803042.html,bebe,2025-04-21,Continente
Leite em Pó AOC desde o Nascimento,7956520,22.63,"€28,29/kg",Nutribén,Mercearia/Alimentação Infantil/Leites em Pó e Bebidas Lácteas,https://www.continente.pt/dw/image/v2/BDVS_PRD/on/demandware.static/-/Sites-col-master-catalog/default/dwa1653e01/images/col/795/7956520-frente.jpg?sw=280&sh=280,emb. 800 gr,https://www.continente.pt/produto/leite-em-po-aoc-desde-o-nascimento-nutriben-7956520.html,bebe,2025-04-21,Continente
Cuecas Banho Little Swimmers 12-18kg T5-6,2489426,4.99,"€0,45/un",Huggies,Bebé/Fraldas e Toalhitas/Fraldas de Banho,https://www.continente.pt/dw/image/v2/BDVS_PRD/on/demandware.static/-/Sites-col-master-catalog/default/dw8e90e237/images/col/248/2489426-hero.jpg?sw=280&sh=280,emb. 11 un,https://www.continente.pt/produto/cuecas-banho-little-swimmers-12-18kg-t5-6-huggies-2489426.html,bebe,2025-04-21,Continente
Nestum Bolacha Maria +3A,5907390,2.99,"€11,96/kg",Nestum,Mercearia/Alimentação Infantil/Papas Infantis,https://www.continente.pt/dw/image/v2/BDVS_PRD/on/demandware.static/-/Sites-col-master-catalog/default/dwf7bb6d6c/images/col/590/5907390-hero.jpg?sw=280&sh=280,emb. 250 gr,https://www.continente.pt/produto/nestum-bolacha-maria-3a-nestum-5907390.html,bebe,2025-04-21,Continente
Saqueta de Fruta Maçã +6M,8071838,0.73,"€8,11/kg",Continente do Bebé,"Mercearia/Alimentação Infantil/Boiões, Saquetas e Puré de Fruta",https://www.continente.pt/dw/image/v2/BDVS_PRD/on/demandware.static/-/Sites-col-master-catalog/default/dw10d15e22/images/col/807/8071838-frente.jpg?sw=280&sh=280,emb. 90 gr,https://www.continente.pt/produto/saqueta-de-fruta-maca-6m-continente-do-bebe-8071838.html,bebe,2025-04-21,Continente
Fraldas Ecológicas 9-14kg T4,7800153,13.29,"€0,42/un",Kit&Kin,Bebé/Fraldas e Toalhitas/Fraldas 4-11kg/9-15kg (T3 e T4),https://www.continente.pt/dw/image/v2/BDVS_PRD/on/demandware.static/-/Sites-col-master-catalog/default/dw87b79465/images/col/780/7800153-frente.jpg?sw=280&sh=280,emb. 32 un,https://www.continente.pt/produto/fraldas-ecologicas-9-14kg-t4-kit-kin-7800153.html,bebe,2025-04-21,Continente
Edredão + Resguardo Nuvens Rosa,7610875,22.49,"€22,49/un",Happy Bear,"Bebé/Quarto de Bebé/Colchas, Mantas e Edredões",https://www.continente.pt/dw/image/v2/BDVS_PRD/on/demandware.static/-/Sites-col-master-catalog/default/dw3154e6c1/images/col/761/7610875-frente.jpg?sw=280&sh=280,1 un,https://www.continente.pt/produto/edredao-resguardo-nuvens-rosa-happy-bear-7610875.html,bebe,2025-04-21,Continente
Flocos Cereais com Chocolate,7577916,1.99,"€7,96/kg",Continente,Mercearia/Cereais e Barras/Flocos e Papas de Aveia,https://www.continente.pt/dw/image/v2/BDVS_PRD/on/demandware.static/-/Sites-col-master-catalog/default/dw6f03fddc/images/col/757/7577916-frente.jpg?sw=280&sh=280,emb. 250 gr,https://www.continente.pt/produto/flocos-cereais-com-chocolate-continente-7577916.html,bebe,2025-04-21,Continente
Puré de Fruta Pera +4M,7144939,1.99,"€4,98/kg",Continente do Bebé,"Mercearia/Alimentação Infantil/Boiões, Saquetas e Puré de Fruta",https://www.continente.pt/dw/image/v2/BDVS_PRD/on/demandware.static/-/Sites-col-master-catalog/default/dwdfaea882/images/col/714/7144939-cima.jpg?sw=280&sh=280,emb. 4 x 100 gr,https://www.continente.pt/produto/pure-de-fruta-pera-4m-continente-do-bebe-7144939.html,bebe,2025-04-21,Continente
Pasta de Dentes Criança 0 a 5 Anos,6586594,2.99,"€39,87/lt",Jordan,Beleza e Higiene/Higiene Oral/Higiene Oral Infantil,https://www.continente.pt/dw/image/v2/BDVS_PRD/on/demandware.static/-/Sites-col-master-catalog/default/dwe3a406d8/images/col/658/6586594-frente-01.jpg?sw=280&sh=280,emb. 50 ml,https://www.continente.pt/produto/pasta-de-dentes-crianca-0-a-5-anos-jordan-6586594.html,bebe,2025-04-21,Continente
"Puré de Fruta Banana, Tangerina e Pera +8M",7295491,1.99,"€4,98/kg",Continente do Bebé,"Mercearia/Alimentação Infantil/Boiões, Saquetas e Puré de Fruta",https://www.continente.pt/dw/image/v2/BDVS_PRD/on/demandware.static/-/Sites-col-master-catalog/default/dw87c7de90/images/col/729/7295491-cima.jpg?sw=280&sh=280,emb. 4 x 100 gr,https://www.continente.pt/produto/pure-de-fruta-banana-tangerina-e-pera-8m-continente-do-bebe-7295491.html,bebe,2025-04-21,Continente
Detergente Máquina Roupa Cápsulas Sensitive,8368477,7.15,"€0,36/dos",Chicco,Limpeza/Roupa/Detergente Máquina,https://www.continente.pt/dw/image/v2/BDVS_PRD/on/demandware.static/-/Sites-col-master-catalog/default/dwf1f3ee56/images/col/836/8368477-frente.jpg?sw=280&sh=280,20 doses,https://www.continente.pt/produto/detergente-maquina-roupa-capsulas-sensitive-chicco-8368477.html,bebe,2025-04-21,Continente
Papa Infantil Não Láctea Bolacha Maria +6M,4595270,2.39,"€9,56/kg",Cerelac,Mercearia/Alimentação Infantil/Papas Infantis,https://www.continente.pt/dw/image/v2/BDVS_PRD/on/demandware.static/-/Sites-col-master-catalog/default/dw0b82863a/images/col/459/4595270-frente.png?sw=280&sh=280,emb. 250 gr,https://www.continente.pt/produto/papa-infantil-nao-lactea-bolacha-maria-6m-cerelac-4595270.html,bebe,2025-04-21,Continente
Leite UHT Meio Gordo Cálcio,7630688,0.99,"€1,65/lt",Continente Equilíbrio,Laticínios e Ovos/Leite/Leite Meio Gordo,https://www.continente.pt/dw/image/v2/BDVS_PRD/on/demandware.static/-/Sites-col-master-catalog/default/dwa085ff13/images/col/763/7630688-frente.jpg?sw=280&sh=280,emb. 3 x 200 ml,https://www.continente.pt/produto/leite-uht-meio-gordo-calcio-continente-equilibrio-7630688.html,bebe,2025-04-21,Continente
Pensos Higiénicos Fresh & Free Super com Abas,7453903,2.99,"€0,11/un",Continente,Beleza e Higiene/Higiene Íntima/Pensos e Cuecas Menstruais,https://www.continente.pt/dw/image/v2/BDVS_PRD/on/demandware.static/-/Sites-col-master-catalog/default/dw9213bf0e/images/col/745/7453903-hero.jpg?sw=280&sh=280,emb. 28 un,https://www.continente.pt/produto/pensos-higienicos-fresh-free-super-com-abas-continente-7453903.html,bebe,2025-04-21,Continente
Pensos Diários Cotton Feel Normal,2565193,2.69,"€0,06/un",Carefree,Beleza e Higiene/Higiene Íntima/Pensos Diários,https://www.continente.pt/dw/image/v2/BDVS_PRD/on/demandware.static/-/Sites-col-master-catalog/default/dwf437e2fa/images/col/256/2565193-frente.jpg?sw=280&sh=280,emb. 44 un,https://www.continente.pt/produto/pensos-diarios-cotton-feel-normal-carefree-2565193.html,bebe,2025-04-21,Continente
Estante com 3 Gavetas Paw Patrol,7734150,22.09,"€22,09/un",Patrulha Pata,Bebé/Quarto de Bebé/Mobiliário,https://www.continente.pt/dw/image/v2/BDVS_PRD/on/demandware.static/-/Sites-col-master-catalog/default/dw33cfe282/images/col/773/7734150-frente.jpg?sw=280&sh=280,1 un,https://www.continente.pt/produto/estante-com-3-gavetas-paw-patrol-patrulha-pata-7734150.html,bebe,2025-04-21,Continente
Cubo Mágico 2 em 1,7636925,12.99,"€12,99/un",Chicco,Brinquedos e Jogos/Bebé e Peluches/Didáticos e Interativos,https://www.continente.pt/dw/image/v2/BDVS_PRD/on/demandware.static/-/Sites-col-master-catalog/default/dw63d0294d/images/col/763/7636925-esquerdo.jpg?sw=280&sh=280,,https://www.continente.pt/produto/cubo-magico-2-em-1-chicco-7636925.html,bebe,2025-04-21,Continente
Strike dos Macaquinhos,5271231,21.99,"€21,99/un",Chicco,Brinquedos e Jogos/Bebé e Peluches/Primeiros Brinquedos,https://www.continente.pt/dw/image/v2/BDVS_PRD/on/demandware.static/-/Sites-col-master-catalog/default/dw2d4150f7/images/col/527/5271231-frente.jpg?sw=280&sh=280,,https://www.continente.pt/produto/strike-dos-macaquinhos-chicco-5271231.html,bebe,2025-04-21,Continente
Leite Líquido de Transição Optipro 2 +6M,7122561,3.05,"€6,10/lt",Nan,Mercearia/Alimentação Infantil/Leites em Pó e Bebidas Lácteas,https://www.continente.pt/dw/image/v2/BDVS_PRD/on/demandware.static/-/Sites-col-master-catalog/default/dw501d4397/images/col/712/7122561-frente.jpg?sw=280&sh=280,emb. 500 ml,https://www.continente.pt/produto/leite-liquido-de-transicao-optipro-2-6m-nan-7122561.html,bebe,2025-04-21,Continente
Fraldas Ecológicas 4-8kg T2,7800146,12.69,"€0,33/un",Kit&Kin,"Bebé/Fraldas e Toalhitas/Fraldas <2kg/2-5kg/3-6kg (T0, T1 e T2)",https://www.continente.pt/dw/image/v2/BDVS_PRD/on/demandware.static/-/Sites-col-master-catalog/default/dw9bb3f37f/images/col/780/7800146-frente.jpg?sw=280&sh=280,emb. 38 un,https://www.continente.pt/produto/fraldas-ecologicas-4-8kg-t2-kit-kin-7800146.html,bebe,2025-04-21,Continente
Saqueta de Fruta Pera +6M,8071837,0.73,"€8,11/kg",Continente do Bebé,"Mercearia/Alimentação Infantil/Boiões, Saquetas e Puré de Fruta",https://www.continente.pt/dw/image/v2/BDVS_PRD/on/demandware.static/-/Sites-col-master-catalog/default/dwebd0482d/images/col/807/8071837-frente.jpg?sw=280&sh=280,emb. 90 gr,https://www.continente.pt/produto/saqueta-de-fruta-pera-6m-continente-do-bebe-8071837.html,bebe,2025-04-21,Continente
Pensos Incontinência Discreet Plus Maxi Noite,5609020,6.36,"€0,53/un",Ausonia Discreet,Beleza e Higiene/Higiene Íntima/Incontinência/Pensos Incontinência,https://www.continente.pt/dw/image/v2/BDVS_PRD/on/demandware.static/-/Sites-col-master-catalog/default/dwc45d3f34/images/col/560/5609020-hero.jpg?sw=280&sh=280,emb. 12 un,https://www.continente.pt/produto/pensos-incontinencia-discreet-plus-maxi-noite-ausonia-discreet-5609020.html,bebe,2025-04-21,Continente
Snack para Bebé Mini Bolachas de Arroz +3A,7421902,1.49,"€49,67/kg",Blédina,Mercearia/Alimentação Infantil/Snacks e Bolachinhas,https://www.continente.pt/dw/image/v2/BDVS_PRD/on/demandware.static/-/Sites-col-master-catalog/default/dw3749c9ca/images/col/742/7421902-frente.jpg?sw=280&sh=280,emb. 30 gr,https://www.continente.pt/produto/snack-para-bebe-mini-bolachas-de-arroz-3a-bledina-7421902.html,bebe,2025-04-21,Continente
Snack para Bebé Flores de Lentilha e Milho +12M,7421842,1.28,"€64,00/kg",Blédina,Mercearia/Alimentação Infantil/Snacks e Bolachinhas,https://www.continente.pt/dw/image/v2/BDVS_PRD/on/demandware.static/-/Sites-col-master-catalog/default/dwa8ccb136/images/col/742/7421842-frente.jpg?sw=280&sh=280,emb. 20 gr,https://www.continente.pt/produto/snack-para-bebe-flores-de-lentilha-e-milho-12m-bledina-7421842.html,bebe,2025-04-21,Continente
Teclado Musical,7228125,20.99,"€20,99/un",Vtech,Brinquedos e Jogos/Bebé e Peluches/Didáticos e Interativos,https://www.continente.pt/dw/image/v2/BDVS_PRD/on/demandware.static/-/Sites-col-master-catalog/default/dwe1066b58/images/col/722/7228125-frente.jpg?sw=280&sh=280,,https://www.continente.pt/produto/teclado-musical-vtech-7228125.html,bebe,2025-04-21,Continente
Snack para Bebé Manga MiniPuffs +8M,7648474,1.28,"€71,11/kg",Hero Solo,Mercearia/Alimentação Infantil/Snacks e Bolachinhas,https://www.continente.pt/dw/image/v2/BDVS_PRD/on/demandware.static/-/Sites-col-master-catalog/default/dw5a778cba/images/col/764/7648474-frente.jpg?sw=280&sh=280,emb. 18 gr,https://www.continente.pt/produto/snack-para-bebe-manga-minipuffs-8m-hero-solo-7648474.html,bebe,2025-04-21,Continente
Papa Infantil Láctea Multifrutos 1ª Papa +6M sem Glúten,4315750,3.74,"€14,96/kg",Cerelac,Mercearia/Alimentação Infantil/Papas Infantis,https://www.continente.pt/dw/image/v2/BDVS_PRD/on/demandware.static/-/Sites-col-master-catalog/default/dw87353c82/images/col/431/4315750-frente.png?sw=280&sh=280,emb. 250 gr,https://www.continente.pt/produto/papa-infantil-lactea-multifrutos-1-papa-6m-sem-gluten-cerelac-4315750.html,bebe,2025-04-21,Continente
Detergente para Limpeza de Biberões 500ml,6498120,8.99,"€8,99/un",Friendly,"Bebé/Alimentação, Leites e Acessórios/Biberões e Acessórios",https://www.continente.pt/dw/image/v2/BDVS_PRD/on/demandware.static/-/Sites-col-master-catalog/default/dw8d43eca5/images/col/649/6498120-frente.jpg?sw=280&sh=280,1 un,https://www.continente.pt/produto/detergente-para-limpeza-de-biberoes-500ml-friendly-6498120.html,bebe,2025-04-21,Continente
Iogurte Duplomix Choco Cereais Infantil,7487924,0.58,"€4,53/kg",Continente,Laticínios e Ovos/Iogurtes/Iogurtes Infantis,https://www.continente.pt/dw/image/v2/BDVS_PRD/on/demandware.static/-/Sites-col-master-catalog/default/dwc42f4fb5/images/col/748/7487924-cima.jpg?sw=280&sh=280,emb. 128 gr,https://www.continente.pt/produto/iogurte-duplomix-choco-cereais-infantil-continente-7487924.html,bebe,2025-04-21,Continente
Discos de Amamentação,3855633,3.99,"€0,13/un",Continente do Bebé,Beleza e Higiene/Lenços e Cuidados de Saúde/Cuidados de Saúde,https://www.continente.pt/dw/image/v2/BDVS_PRD/on/demandware.static/-/Sites-col-master-catalog/default/dw690ee938/images/col/385/3855633-frente.jpg?sw=280&sh=280,emb. 30 un,https://www.continente.pt/produto/discos-de-amamentacao-continente-do-bebe-3855633.html,bebe,2025-04-21,Continente
Pensos Diários Plus Long,6929694,4.99,"€0,12/un",Carefree,Beleza e Higiene/Higiene Íntima/Pensos Diários,https://www.continente.pt/dw/image/v2/BDVS_PRD/on/demandware.static/-/Sites-col-master-catalog/default/dw5b32a40e/images/col/692/6929694-frente.jpg?sw=280&sh=280,emb. 40 un,https://www.continente.pt/produto/pensos-diarios-plus-long-carefree-6929694.html,bebe,2025-04-21,Continente
Pasta de Dentes Júnior + 7 Anos,4133626,2.24,"€44,80/lt",Aquafresh,Beleza e Higiene/Higiene Oral/Higiene Oral Infantil,https://www.continente.pt/dw/image/v2/BDVS_PRD/on/demandware.static/-/Sites-col-master-catalog/default/dw91e0fb0a/images/col/413/4133626-frente.png?sw=280&sh=280,emb. 50 ml,https://www.continente.pt/produto/pasta-de-dentes-junior-7-anos-aquafresh-4133626.html,bebe,2025-04-21,Continente
Fraldas Cueca Up&Go 10-14 kg T5,7983843,20.85,"€0,55/un",Libero,Bebé/Fraldas e Toalhitas/Fraldas 13-18kg/+18kg (T5 e T6),https://www.continente.pt/dw/image/v2/BDVS_PRD/on/demandware.static/-/Sites-col-master-catalog/default/dw1b970771/images/col/798/7983843-hero.png?sw=280&sh=280,emb. 38 un,https://www.continente.pt/produto/fraldas-cueca-up-go-10-14-kg-t5-libero-7983843.html,bebe,2025-04-21,Continente
Puré de Fruta Maça e Banana +4M,2834598,2.39,"€5,97/kg",Nestlé,"Mercearia/Alimentação Infantil/Boiões, Saquetas e Puré de Fruta",https://www.continente.pt/dw/image/v2/BDVS_PRD/on/demandware.static/-/Sites-col-master-catalog/default/dwaf26177f/images/col/283/2834598-esquerdo.jpg?sw=280&sh=280,emb. 4 x 100 gr,https://www.continente.pt/produto/pure-de-fruta-maca-e-banana-4m-nestle-2834598.html,bebe,2025-04-21,Continente
"Papa Infantil Farinha Láctea Maçã, Banana e Frutos do Bosque com Aveia +8M",7983047,3.79,"€18,95/kg",Blédina,Mercearia/Alimentação Infantil/Papas Infantis,https://www.continente.pt/dw/image/v2/BDVS_PRD/on/demandware.static/-/Sites-col-master-catalog/default/dw99d49b8e/images/col/798/7983047-frente.jpg?sw=280&sh=280,emb. 200 gr,https://www.continente.pt/produto/papa-infantil-farinha-lactea-maca-banana-e-frutos-do-bosque-com-aveia-8m-bledina-7983047.html,bebe,2025-04-21,Continente
Alimento Lácteo Cereais e Baunilha +6M,5180476,2.54,"€6,35/kg",Yogolino,Mercearia/Alimentação Infantil/Alimentos Lácteos,https://www.continente.pt/dw/image/v2/BDVS_PRD/on/demandware.static/-/Sites-col-master-catalog/default/dw3422062a/images/col/518/5180476-direito.jpg?sw=280&sh=280,emb. 4 x 100 gr,https://www.continente.pt/produto/alimento-lacteo-cereais-e-baunilha-6m-yogolino-5180476.html,bebe,2025-04-21,Continente
Cuecas Banho Little Swimmers 7-15kgs T3-4,2489432,4.99,"€0,42/un",Huggies,Bebé/Fraldas e Toalhitas/Fraldas de Banho,https://www.continente.pt/dw/image/v2/BDVS_PRD/on/demandware.static/-/Sites-col-master-catalog/default/dwed618fec/images/col/248/2489432-hero.jpg?sw=280&sh=280,emb. 12 un,https://www.continente.pt/produto/cuecas-banho-little-swimmers-7-15kgs-t3-4-huggies-2489432.html,bebe,2025-04-21,Continente
Creme Muda Fraldas,7769920,2.99,"€29,90/lt",Continente do Bebé,Bebé/Banho e Higiene/Proteção e Hidratação,https://www.continente.pt/dw/image/v2/BDVS_PRD/on/demandware.static/-/Sites-col-master-catalog/default/dw2b85db2d/images/col/776/7769920-frente.jpg?sw=280&sh=280,emb. 100 ml,https://www.continente.pt/produto/creme-muda-fraldas-continente-do-bebe-7769920.html,bebe,2025-04-21,Continente
Fraldas Algodão 65x65cm Azul,6953373,12.99,"€12,99/un",Happy Bear,Bebé/Quarto de Bebé/Fraldas de Pano,https://www.continente.pt/dw/image/v2/BDVS_PRD/on/demandware.static/-/Sites-col-master-catalog/default/dw2673902f/col/695/6953373_frente.jpg?sw=280&sh=280,3 un,https://www.continente.pt/produto/fraldas-algodao-65x65cm-azul-happy-bear-6953373.html,bebe,2025-04-21,Continente
Creme Corpo Body Milk Hidratante Nutritivo,2053675,3.53,"€14,12/lt",Nivea,Beleza e Higiene/Corpo/Cremes e Loções,https://www.continente.pt/dw/image/v2/BDVS_PRD/on/demandware.static/-/Sites-col-master-catalog/default/dw01e2e6fb/images/col/205/2053675-hero.jpg?sw=280&sh=280,emb. 250 ml,https://www.continente.pt/produto/creme-corpo-body-milk-hidratante-nutritivo-nivea-2053675.html,bebe,2025-04-21,Continente
"Iogurte Bebé Banana, Laranja e Bolacha +6 Meses",7487926,1.68,"€4,20/kg",Continente do Bebé,Laticínios e Ovos/Iogurtes/Iogurtes Bebé,https://www.continente.pt/dw/image/v2/BDVS_PRD/on/demandware.static/-/Sites-col-master-catalog/default/dw097c166f/images/col/748/7487926-cima.jpg?sw=280&sh=280,emb. 400 gr (4 un),https://www.continente.pt/produto/iogurte-bebe-banana-laranja-e-bolacha-6-meses-continente-do-bebe-7487926.html,bebe,2025-04-21,Continente
Loção Corpo Refirmante Pós-Parto,3052657,15.33,"€48,67/lt",Palmers,Beleza e Higiene/Corpo/Cremes e Loções,https://www.continente.pt/dw/image/v2/BDVS_PRD/on/demandware.static/-/Sites-col-master-catalog/default/dwaa894e41/images/col/305/3052657-hero.jpg?sw=280&sh=280,emb. 315 ml,https://www.continente.pt/produto/locao-corpo-refirmante-pos-parto-palmers-3052657.html,bebe,2025-04-21,Continente
Saqueta de Fruta Banana +6M,8071846,0.73,"€8,11/kg",Continente do Bebé,"Mercearia/Alimentação Infantil/Boiões, Saquetas e Puré de Fruta",https://www.continente.pt/dw/image/v2/BDVS_PRD/on/demandware.static/-/Sites-col-master-catalog/default/dw6cfac4d7/images/col/807/8071846-frente.jpg?sw=280&sh=280,emb. 90 gr,https://www.continente.pt/produto/saqueta-de-fruta-banana-6m-continente-do-bebe-8071846.html,bebe,2025-04-21,Continente
Pensos Incontinência Discreet Mini Ultra,6118831,3.18,"€0,16/un",Tena,Beleza e Higiene/Higiene Íntima/Incontinência/Pensos Incontinência,https://www.continente.pt/dw/image/v2/BDVS_PRD/on/demandware.static/-/Sites-col-master-catalog/default/dw73137c53/images/col/611/6118831-hero.png?sw=280&sh=280,emb. 20 un,https://www.continente.pt/produto/pensos-incontinencia-discreet-mini-ultra-tena-6118831.html,bebe,2025-04-21,Continente
After Sun Loção Sun Aloe Vera,7124038,10.97,"€27,43/lt",Nivea,Beleza e Higiene/Corpo/Protetores Solares e Bronzeadores/After Sun,https://www.continente.pt/dw/image/v2/BDVS_PRD/on/demandware.static/-/Sites-col-master-catalog/default/dw4dab2d4c/images/col/712/7124038-hero.jpg?sw=280&sh=280,emb. 400 ml,https://www.continente.pt/produto/after-sun-locao-sun-aloe-vera-nivea-7124038.html,bebe,2025-04-21,Continente
Pensos Higiénicos Normal com Abas Algodão Orgânico,7811637,1.39,"€0,10/un",Continente,Beleza e Higiene/Higiene Íntima/Pensos e Cuecas Menstruais,https://www.continente.pt/dw/image/v2/BDVS_PRD/on/demandware.static/-/Sites-col-master-catalog/default/dwd533dda7/images/col/781/7811637-frente.jpg?sw=280&sh=280,emb. 14 un,https://www.continente.pt/produto/pensos-higienicos-normal-com-abas-algodao-organico-continente-7811637.html,bebe,2025-04-21,Continente
Creme Corpo Macadâmia,7573484,2.14,"€7,13/lt",MyLabel,Beleza e Higiene/Corpo/Cremes e Loções,https://www.continente.pt/dw/image/v2/BDVS_PRD/on/demandware.static/-/Sites-col-master-catalog/default/dw811cfca1/images/col/757/7573484-frente.jpg?sw=280&sh=280,emb. 300 ml,https://www.continente.pt/produto/creme-corpo-macadamia-mylabel-7573484.html,bebe,2025-04-21,Continente
Leite Meio Gordo Infantil sem Lactose +3A,5442641,2.19,"€2,74/lt",Mimosa,Laticínios e Ovos/Leite/Leite sem Lactose,https://www.continente.pt/dw/image/v2/BDVS_PRD/on/demandware.static/-/Sites-col-master-catalog/default/dw7537944a/images/col/544/5442641-frente.jpg?sw=280&sh=280,emb. 4 x 200 ml,https://www.continente.pt/produto/leite-meio-gordo-infantil-sem-lactose-3a-mimosa-5442641.html,bebe,2025-04-21,Continente
Fraldas Ecológicas 6-10kg T3,7800150,12.39,"€0,39/un",Kit&Kin,Bebé/Fraldas e Toalhitas/Fraldas 4-11kg/9-15kg (T3 e T4),https://www.continente.pt/dw/image/v2/BDVS_PRD/on/demandware.static/-/Sites-col-master-catalog/default/dw0d474962/images/col/780/7800150-frente.jpg?sw=280&sh=280,emb. 32 un,https://www.continente.pt/produto/fraldas-ecologicas-6-10kg-t3-kit-kin-7800150.html,bebe,2025-04-21,Continente
Néctar Laranja Infantil,7574893,1.69,"€1,41/lt",Continente Equilíbrio,Bebidas e Garrafeira/Sumos e Refrigerantes/Sumos Infantis,https://www.continente.pt/dw/image/v2/BDVS_PRD/on/demandware.static/-/Sites-col-master-catalog/default/dw71f1ecd6/images/col/757/7574893-frente.jpg?sw=280&sh=280,emb. 6 x 20 cl,https://www.continente.pt/produto/nectar-laranja-infantil-continente-equilibrio-7574893.html,bebe,2025-04-21,Continente
Pó de Talco,7855882,2.59,"€12,95/kg",Johnsons Baby,Bebé/Banho e Higiene/Proteção e Hidratação,https://www.continente.pt/dw/image/v2/BDVS_PRD/on/demandware.static/-/Sites-col-master-catalog/default/dw5aeacb3a/images/col/785/7855882-frente.jpg?sw=280&sh=280,emb. 200 gr,https://www.continente.pt/produto/po-de-talco-johnsons-baby-7855882.html,bebe,2025-04-21,Continente
Cuecas Banho Splashers +14kg T5,8208647,15.23,"€0,76/un",Dodot,Bebé/Fraldas e Toalhitas/Fraldas de Banho,https://www.continente.pt/dw/image/v2/BDVS_PRD/on/demandware.static/-/Sites-col-master-catalog/default/dwe13c271d/images/col/820/8208647-hero.jpg?sw=280&sh=280,emb. 20 un (2 x 10 un),https://www.continente.pt/produto/cuecas-banho-splashers-14kg-t5-dodot-8208647.html,bebe,2025-04-21,Continente
Puré de Fruta 8 Frutos +3A,7214720,0.99,"€11,00/kg",Um Bongo,"Mercearia/Alimentação Infantil/Boiões, Saquetas e Puré de Fruta",https://www.continente.pt/dw/image/v2/BDVS_PRD/on/demandware.static/-/Sites-col-master-catalog/default/dw66298403/images/col/721/7214720-frente.jpg?sw=280&sh=280,emb. 90 gr,https://www.continente.pt/produto/pure-de-fruta-8-frutos-3a-um-bongo-7214720.html,bebe,2025-04-21,Continente
O que é que se Passa Aqui Dentro?,7950418,17.91,"€17,91/un",Mariana Torres,Livraria e Papelaria/Livros/Saúde e Bem-Estar/Gravidez e Puericultura,https://www.continente.pt/dw/image/v2/BDVS_PRD/on/demandware.static/-/Sites-col-master-catalog/default/dwf40096ba/images/col/795/7950418-topshot.jpg?sw=280&sh=280,,https://www.continente.pt/produto/o-que-e-que-se-passa-aqui-dentro-mariana-torres-7950418.html,bebe,2025-04-21,Continente
Leite em Pó Confort para Lactentes 1 até 6M,7174209,12.13,"€30,33/kg",Aptamil,Mercearia/Alimentação Infantil/Leites em Pó e Bebidas Lácteas,https://www.continente.pt/dw/image/v2/BDVS_PRD/on/demandware.static/-/Sites-col-master-catalog/default/dw6d2974bd/images/col/717/7174209-frente.jpg?sw=280&sh=280,emb. 400 gr,https://www.continente.pt/produto/leite-em-po-confort-para-lactentes-1-ate-6m-aptamil-7174209.html,bebe,2025-04-21,Continente
Papa Infantil Farinha Láctea Multicereais Maçã +6M,7918021,3.99,"€17,73/kg",Aptamil,Mercearia/Alimentação Infantil/Papas Infantis,https://www.continente.pt/dw/image/v2/BDVS_PRD/on/demandware.static/-/Sites-col-master-catalog/default/dw44b04ce2/images/col/791/7918021-frente.jpg?sw=280&sh=280,emb. 225 gr,https://www.continente.pt/produto/papa-infantil-farinha-lactea-multicereais-maca-6m-aptamil-7918021.html,bebe,2025-04-21,Continente
Pensos Diários Salvaslip Adaptáveis,4220343,2.59,"€0,09/un",Evax,Beleza e Higiene/Higiene Íntima/Pensos Diários,https://www.continente.pt/dw/image/v2/BDVS_PRD/on/demandware.static/-/Sites-col-master-catalog/default/dw08d38efa/images/col/422/4220343-hero.jpg?sw=280&sh=280,emb. 30 un,https://www.continente.pt/produto/pensos-diarios-salvaslip-adaptaveis-evax-4220343.html,bebe,2025-04-21,Continente
Água Micelar Pele Sensível,6011833,6.99,"€13,98/lt",Corine de Farme,Bebé/Banho e Higiene/Proteção e Hidratação,https://www.continente.pt/dw/image/v2/BDVS_PRD/on/demandware.static/-/Sites-col-master-catalog/default/dw620e0717/images/col/601/6011833-frente.jpg?sw=280&sh=280,emb. 500 ml,https://www.continente.pt/produto/agua-micelar-pele-sensivel-corine-de-farme-6011833.html,bebe,2025-04-21,Continente
Detergente Máquina Roupa Cápsulas Ultimate Baby,7831738,8.99,"€0,28/dos",Skip,Limpeza/Roupa/Detergente Máquina,https://www.continente.pt/dw/image/v2/BDVS_PRD/on/demandware.static/-/Sites-col-master-catalog/default/dw7eb5f28e/images/col/783/7831738-direito.jpg?sw=280&sh=280,32 doses,https://www.continente.pt/produto/detergente-maquina-roupa-capsulas-ultimate-baby-skip-7831738.html,bebe,2025-04-21,Continente
Champô Não Arde nos Olhos Criança,7803049,3.99,"€7,98/lt",Continente do Bebé,Beleza e Higiene/Cabelo/Criança,https://www.continente.pt/dw/image/v2/BDVS_PRD/on/demandware.static/-/Sites-col-master-catalog/default/dw6d72dcb6/images/col/780/7803049-frente.jpg?sw=280&sh=280,emb. 500 ml,https://www.continente.pt/produto/champo-nao-arde-nos-olhos-crianca-continente-do-bebe-7803049.html,bebe,2025-04-21,Continente
Óleo Suave Hidratante,6862717,5.99,"€11,98/lt",Johnsons Baby,Bebé/Banho e Higiene/Proteção e Hidratação,https://www.continente.pt/dw/image/v2/BDVS_PRD/on/demandware.static/-/Sites-col-master-catalog/default/dw10ae62e3/images/col/686/6862717-frente.jpg?sw=280&sh=280,emb. 500 ml,https://www.continente.pt/produto/oleo-suave-hidratante-johnsons-baby-6862717.html,bebe,2025-04-21,Continente
Toalhitas Bebé Nature Biodegradáveis,7579213,1.27,"€0,02/un",Nunex,Bebé/Fraldas e Toalhitas/Toalhitas,https://www.continente.pt/dw/image/v2/BDVS_PRD/on/demandware.static/-/Sites-col-master-catalog/default/dwd0ae2fe2/images/col/757/7579213-frente.jpg?sw=280&sh=280,emb. 54 un,https://www.continente.pt/produto/toalhitas-bebe-nature-biodegradaveis-nunex-7579213.html,bebe,2025-04-21,Continente
Fraldas Ecológicas 11+kg T5,7800155,12.39,"€0,44/un",Kit&Kin,Bebé/Fraldas e Toalhitas/Fraldas 13-18kg/+18kg (T5 e T6),https://www.continente.pt/dw/image/v2/BDVS_PRD/on/demandware.static/-/Sites-col-master-catalog/default/dwd7153361/images/col/780/7800155-frente.jpg?sw=280&sh=280,emb. 28 un,https://www.continente.pt/produto/fraldas-ecologicas-11kg-t5-kit-kin-7800155.html,bebe,2025-04-21,Continente
Telefone Educativo,7228124,15.99,"€15,99/un",Vtech,Brinquedos e Jogos/Bebé e Peluches/Didáticos e Interativos,https://www.continente.pt/dw/image/v2/BDVS_PRD/on/demandware.static/-/Sites-col-master-catalog/default/dw4ff22866/images/col/722/7228124-frente.jpg?sw=280&sh=280,,https://www.continente.pt/produto/telefone-educativo-vtech-7228124.html,bebe,2025-04-21,Continente
Robe Mulher Rosa,7819612,15.99,"€15,99/un",MO Body,Desporto e Malas de Viagem/Roupa e Calçado/Mulher/Pijamas e Interiores,https://www.continente.pt/dw/image/v2/BDVS_PRD/on/demandware.static/-/Sites-col-master-catalog/default/dw7cb8cea2/images/col/781/7819612-frente.jpg?sw=280&sh=280,1 un,https://www.continente.pt/produto/robe-mulher-rosa-mo-body-7819612.html,bebe,2025-04-21,Continente
Óleo Suave Hidratante,6862698,3.99,"€13,30/lt",Johnsons Baby,Bebé/Banho e Higiene/Proteção e Hidratação,https://www.continente.pt/dw/image/v2/BDVS_PRD/on/demandware.static/-/Sites-col-master-catalog/default/dw77cc880c/images/col/686/6862698-frente.jpg?sw=280&sh=280,emb. 300 ml,https://www.continente.pt/produto/oleo-suave-hidratante-johnsons-baby-6862698.html,bebe,2025-04-21,Continente
Loção Corpo Massagem Anti-estrias,2744309,15.95,"€63,80/lt",Palmers,Beleza e Higiene/Corpo/Cremes e Loções,https://www.continente.pt/dw/image/v2/BDVS_PRD/on/demandware.static/-/Sites-col-master-catalog/default/dw152deee3/images/col/274/2744309-frente.jpg?sw=280&sh=280,emb. 250 ml,https://www.continente.pt/produto/locao-corpo-massagem-anti-estrias-palmers-2744309.html,bebe,2025-04-21,Continente
Óleo Corpo Puro de Moringa,7379724,9.74,"€243,50/lt",Soft&Co,Beleza e Higiene/Corpo/Cremes e Loções,https://www.continente.pt/dw/image/v2/BDVS_PRD/on/demandware.static/-/Sites-col-master-catalog/default/dw21066087/images/col/737/7379724-frente.jpg?sw=280&sh=280,emb. 40 ml,https://www.continente.pt/produto/oleo-corpo-puro-de-moringa-soft-co-7379724.html,bebe,2025-04-21,Continente
Condicionador Penteia Fácil para Criança,6862719,5.99,"€11,98/lt",Johnsons Baby,Beleza e Higiene/Cabelo/Criança,https://www.continente.pt/dw/image/v2/BDVS_PRD/on/demandware.static/-/Sites-col-master-catalog/default/dw90e049fd/images/col/686/6862719-frente.jpg?sw=280&sh=280,emb. 500 ml,https://www.continente.pt/produto/condicionador-penteia-facil-para-crianca-johnsons-baby-6862719.html,bebe,2025-04-21,Continente
"Refeição para Bebé Legumes, Frango e Arroz +6M",7334039,2.15,"€11,32/kg",Hero Baby,Mercearia/Alimentação Infantil/Refeições,https://www.continente.pt/dw/image/v2/BDVS_PRD/on/demandware.static/-/Sites-col-master-catalog/default/dwe8e94b87/images/col/733/7334039-frente.jpg?sw=280&sh=280,emb. 190 gr,https://www.continente.pt/produto/refeicao-para-bebe-legumes-frango-e-arroz-6m-hero-baby-7334039.html,bebe,2025-04-21,Continente
Pasta de Dentes Criança Pump 0 a 5 Anos,8066086,7.99,"€53,27/lt",Jordan,Beleza e Higiene/Higiene Oral/Higiene Oral Infantil,https://www.continente.pt/dw/image/v2/BDVS_PRD/on/demandware.static/-/Sites-col-master-catalog/default/dw974fc820/images/col/806/8066086-frente.jpg?sw=280&sh=280,emb. 150 ml,https://www.continente.pt/produto/pasta-de-dentes-crianca-pump-0-a-5-anos-jordan-8066086.html,bebe,2025-04-21,Continente
Fraldas Cueca Up&Go 7-11 kg T4,7983844,20.95,"€0,50/un",Libero,Bebé/Fraldas e Toalhitas/Fraldas 4-11kg/9-15kg (T3 e T4),https://www.continente.pt/dw/image/v2/BDVS_PRD/on/demandware.static/-/Sites-col-master-catalog/default/dw18e5ba34/images/col/798/7983844-hero.png?sw=280&sh=280,emb. 42 un,https://www.continente.pt/produto/fraldas-cueca-up-go-7-11-kg-t4-libero-7983844.html,bebe,2025-04-21,Continente
Fraldas Ninjamas Foguetão 27-43kg T8,7864990,6.49,"€0,72/un",Dodot,Bebé/Fraldas e Toalhitas/Fraldas de Aprendizagem,https://www.continente.pt/dw/image/v2/BDVS_PRD/on/demandware.static/-/Sites-col-master-catalog/default/dw9c3a6d17/images/col/786/7864990-hero.jpg?sw=280&sh=280,emb. 9 un,https://www.continente.pt/produto/fraldas-ninjamas-foguetao-27-43kg-t8-dodot-7864990.html,bebe,2025-04-21,Continente
Escova de Dentes Bebé 0 a 2 Anos,6308956,2.99,"€2,99/un",Jordan,Beleza e Higiene/Higiene Oral/Higiene Oral Infantil,https://www.continente.pt/dw/image/v2/BDVS_PRD/on/demandware.static/-/Sites-col-master-catalog/default/dwb2afaf54/images/col/630/6308956-frente-01.jpg?sw=280&sh=280,emb. 1 un,https://www.continente.pt/produto/escova-de-dentes-bebe-0-a-2-anos-jordan-6308956.html,bebe,2025-04-21,Continente
Fraldas Cueca Up&Go 13-20 kg T6,7983841,20.74,"€0,61/un",Libero,Bebé/Fraldas e Toalhitas/Fraldas 13-18kg/+18kg (T5 e T6),https://www.continente.pt/dw/image/v2/BDVS_PRD/on/demandware.static/-/Sites-col-master-catalog/default/dw31e900f1/images/col/798/7983841-hero.png?sw=280&sh=280,emb. 34 un,https://www.continente.pt/produto/fraldas-cueca-up-go-13-20-kg-t6-libero-7983841.html,bebe,2025-04-21,Continente
Boião de Fruta 7 Frutos +6M,4921228,2.39,"€5,97/kg",Nestlé,"Mercearia/Alimentação Infantil/Boiões, Saquetas e Puré de Fruta",https://www.continente.pt/dw/image/v2/BDVS_PRD/on/demandware.static/-/Sites-col-master-catalog/default/dwc98bb8f9/images/col/492/4921228-frente.jpg?sw=280&sh=280,emb. 4 x 100 gr,https://www.continente.pt/produto/boiao-de-fruta-7-frutos-6m-nestle-4921228.html,bebe,2025-04-21,Continente
Néctar Pêssego Infantil,7574883,1.69,"€1,41/lt",Continente Equilíbrio,Bebidas e Garrafeira/Sumos e Refrigerantes/Sumos Infantis,https://www.continente.pt/dw/image/v2/BDVS_PRD/on/demandware.static/-/Sites-col-master-catalog/default/dw9b427a22/images/col/757/7574883-frente.jpg?sw=280&sh=280,emb. 6 x 20 cl,https://www.continente.pt/produto/nectar-pessego-infantil-continente-equilibrio-7574883.html,bebe,2025-04-21,Continente
Néctar Maçã Infantil,7574886,1.69,"€1,41/lt",Continente Equilíbrio,Bebidas e Garrafeira/Sumos e Refrigerantes/Sumos Infantis,https://www.continente.pt/dw/image/v2/BDVS_PRD/on/demandware.static/-/Sites-col-master-catalog/default/dw7f35502c/images/col/757/7574886-frente.jpg?sw=280&sh=280,emb. 6 x 20 cl,https://www.continente.pt/produto/nectar-maca-infantil-continente-equilibrio-7574886.html,bebe,2025-04-21,Continente
Fraldas Cuidado Ecológico T5 13-18kg,7575209,5.79,"€0,23/un",Continente do Bebé,Bebé/Fraldas e Toalhitas/Fraldas 13-18kg/+18kg (T5 e T6),https://www.continente.pt/dw/image/v2/BDVS_PRD/on/demandware.static/-/Sites-col-master-catalog/default/dwb5ceb61a/images/col/757/7575209-hero.jpg?sw=280&sh=280,emb. 25 un,https://www.continente.pt/produto/fraldas-cuidado-ecologico-t5-13-18kg-continente-do-bebe-7575209.html,bebe,2025-04-21,Continente
Alimento Lácteo de Morango e Maçã sem Glúten +8M,7519244,1.09,"€10,90/kg",Yogolino,Mercearia/Alimentação Infantil/Alimentos Lácteos,https://www.continente.pt/dw/image/v2/BDVS_PRD/on/demandware.static/-/Sites-col-master-catalog/default/dweb83a850/images/col/751/7519244-frente.jpg?sw=280&sh=280,emb. 100 gr,https://www.continente.pt/produto/alimento-lacteo-de-morango-e-maca-sem-gluten-8m-yogolino-7519244.html,bebe,2025-04-21,Continente
Escova de Dentes de Leite Suave +3 Anos,2341465,2.46,"€2,46/un",Aquafresh,Beleza e Higiene/Higiene Oral/Higiene Oral Infantil,https://www.continente.pt/dw/image/v2/BDVS_PRD/on/demandware.static/-/Sites-col-master-catalog/default/dwd4f2d316/images/col/234/2341465-frente.png?sw=280&sh=280,emb. 1 un,https://www.continente.pt/produto/escova-de-dentes-de-leite-suave-3-anos-aquafresh-2341465.html,bebe,2025-04-21,Continente
Pensos Diários Cotton Feel Aloe Normal,7714049,5.24,"€0,05/un",Carefree,Beleza e Higiene/Higiene Íntima/Pensos Diários,https://www.continente.pt/dw/image/v2/BDVS_PRD/on/demandware.static/-/Sites-col-master-catalog/default/dw3f2022c5/images/col/771/7714049-frente.jpg?sw=280&sh=280,emb. 100 un,https://www.continente.pt/produto/pensos-diarios-cotton-feel-aloe-normal-carefree-7714049.html,bebe,2025-04-21,Continente
100 Atividades Montessori - Aprendizagem da Leitura e Escrita,7707135,15.21,"€15,21/un",Marie-Hélène Place,Livraria e Papelaria/Livros/Saúde e Bem-Estar/Gravidez e Puericultura,https://www.continente.pt/dw/image/v2/BDVS_PRD/on/demandware.static/-/Sites-col-master-catalog/default/dw4d1e6a13/images/col/770/7707135-frente.jpg?sw=280&sh=280,,https://www.continente.pt/produto/100-atividades-montessori---aprendizagem-da-leitura-e-escrita-marie-helene-place-7707135.html,bebe,2025-04-21,Continente
Gel Higiene Íntima Antisséptico Sensitive,4692521,4.8,"€24,00/lt",Dystron,Beleza e Higiene/Higiene Íntima/Gel e Sabonetes Íntimos,https://www.continente.pt/dw/image/v2/BDVS_PRD/on/demandware.static/-/Sites-col-master-catalog/default/dw94fc7552/images/col/469/4692521-frente.jpg?sw=280&sh=280,emb. 200 ml,https://www.continente.pt/produto/gel-higiene-intima-antisseptico-sensitive-dystron-4692521.html,bebe,2025-04-21,Continente
Gel de Banho Peles Sensíveis,7319047,6.99,"€13,98/lt",Corine de Farme,Bebé/Banho e Higiene/Gel de Banho,https://www.continente.pt/dw/image/v2/BDVS_PRD/on/demandware.static/-/Sites-col-master-catalog/default/dwd00ba0f2/images/col/731/7319047-frente.jpg?sw=280&sh=280,emb. 500 ml,https://www.continente.pt/produto/gel-de-banho-peles-sensiveis-corine-de-farme-7319047.html,bebe,2025-04-21,Continente
"Saqueta de Fruta Banana, Pera e Laranja +4M",7168029,1.2,"€12,00/kg",Hero Solo,"Mercearia/Alimentação Infantil/Boiões, Saquetas e Puré de Fruta",https://www.continente.pt/dw/image/v2/BDVS_PRD/on/demandware.static/-/Sites-col-master-catalog/default/dw0ba8dda8/images/col/716/7168029-frente.jpg?sw=280&sh=280,emb. 100 gr,https://www.continente.pt/produto/saqueta-de-fruta-banana-pera-e-laranja-4m-hero-solo-7168029.html,bebe,2025-04-21,Continente
Taça e Colher Madeira E Silicone,511000,14.99,"€14,99/un",Interbaby,"Bebé/Alimentação, Leites e Acessórios/Pratos, Copos e Termos",https://www.continente.pt/dw/image/v2/BDVS_PRD/on/demandware.static/-/Sites-col-master-catalog/default/dw216d9b1e/images/col/773/7731587-frente.jpg?sw=280&sh=280,2 un,https://www.continente.pt/produto/taca-e-colher-madeira-e-silicone-interbaby-511000.html,bebe,2025-04-21,Continente
Conjunto Manta Estrelas e Peluche Coelho Azul,8167349,14.99,"€14,99/un",Interbaby,Bebé/Brinquedos e Livros/Brinquedos de Bebé,https://www.continente.pt/dw/image/v2/BDVS_PRD/on/demandware.static/-/Sites-col-master-catalog/default/dw79596dbe/images/col/816/8167349-frente-2.jpg?sw=280&sh=280,1 un,https://www.continente.pt/produto/conjunto-manta-estrelas-e-peluche-coelho-azul-interbaby-8167349.html,bebe,2025-04-21,Continente
Conjunto de Aprendizagem de Refeição Infantil,8172560,14.99,"€14,99/un",Bebeconfort,"Bebé/Alimentação, Leites e Acessórios/Pratos, Copos e Termos",https://www.continente.pt/dw/image/v2/BDVS_PRD/on/demandware.static/-/Sites-col-master-catalog/default/dw4495daa7/images/col/817/8172560-frente.jpg?sw=280&sh=280,1 un,https://www.continente.pt/produto/conjunto-de-aprendizagem-de-refeicao-infantil-bebeconfort-8172560.html,bebe,2025-04-21,Continente
Conjunto 2 Lençóis Ajustáveis 60x120cm Branco,7636919,14.99,"€14,99/un",Happy Bear,Bebé/Quarto de Bebé/Lençóis,https://www.continente.pt/dw/image/v2/BDVS_PRD/on/demandware.static/-/Sites-col-master-catalog/default/dw9bdc4d3a/images/col/763/7636919-frente.jpg?sw=280&sh=280,1 un,https://www.continente.pt/produto/conjunto-2-lencois-ajustaveis-60x120cm-branco-happy-bear-7636919.html,bebe,2025-04-21,Continente
Toalhitas Íntimas Sensitive,7755513,0.99,"€0,05/un",Continente,Beleza e Higiene/Higiene Íntima/Toalhitas Íntimas,https://www.continente.pt/dw/image/v2/BDVS_PRD/on/demandware.static/-/Sites-col-master-catalog/default/dwe4fd9508/images/col/775/7755513-frente.png?sw=280&sh=280,emb. 20 un,https://www.continente.pt/produto/toalhitas-intimas-sensitive-continente-7755513.html,bebe,2025-04-21,Continente
Creme Corpo Body Milk Repara&Cuida Hidratante,7314305,6.17,"€15,42/lt",Nivea,Beleza e Higiene/Corpo/Cremes e Loções,https://www.continente.pt/dw/image/v2/BDVS_PRD/on/demandware.static/-/Sites-col-master-catalog/default/dwf4fc64ca/images/col/731/7314305-hero.jpg?sw=280&sh=280,emb. 400 ml,https://www.continente.pt/produto/creme-corpo-body-milk-repara-cuida-hidratante-nivea-7314305.html,bebe,2025-04-21,Continente
Loção Corpo Cocoa Radiant,5045326,6.59,"€16,48/lt",Vaseline,Beleza e Higiene/Corpo/Cremes e Loções,https://www.continente.pt/dw/image/v2/BDVS_PRD/on/demandware.static/-/Sites-col-master-catalog/default/dw976a712c/images/col/504/5045326-hero.jpg?sw=280&sh=280,emb. 400 ml,https://www.continente.pt/produto/locao-corpo-cocoa-radiant-vaseline-5045326.html,bebe,2025-04-21,Continente
Refeição para Bebé Peixe e Vegetais +8M,7682255,1.49,"€7,84/kg",Nestlé,Mercearia/Alimentação Infantil/Refeições,https://www.continente.pt/dw/image/v2/BDVS_PRD/on/demandware.static/-/Sites-col-master-catalog/default/dw536c91d2/images/col/768/7682255-frente.jpg?sw=280&sh=280,emb. 190 gr,https://www.continente.pt/produto/refeicao-para-bebe-peixe-e-vegetais-8m-nestle-7682255.html,bebe,2025-04-21,Continente
"Puré de Fruta Maçã, Banana e Laranja +6M",7413140,2.57,"€6,76/kg",Blédina,"Mercearia/Alimentação Infantil/Boiões, Saquetas e Puré de Fruta",https://www.continente.pt/dw/image/v2/BDVS_PRD/on/demandware.static/-/Sites-col-master-catalog/default/dw68a8a74c/images/col/741/7413140-frente.jpg?sw=280&sh=280,emb. 4 x 95 gr,https://www.continente.pt/produto/pure-de-fruta-maca-banana-e-laranja-6m-bledina-7413140.html,bebe,2025-04-21,Continente
Papa Infantil Farinha não Láctea Pedacinhos Manga e Maçã +12M,8020995,2.23,"€11,15/kg",Cerelac,Mercearia/Alimentação Infantil/Papas Infantis,https://www.continente.pt/dw/image/v2/BDVS_PRD/on/demandware.static/-/Sites-col-master-catalog/default/dwec9ef633/images/col/802/8020995-frente.jpg?sw=280&sh=280,emb. 200 gr,https://www.continente.pt/produto/papa-infantil-farinha-nao-lactea-pedacinhos-manga-e-maca-12m-cerelac-8020995.html,bebe,2025-04-21,Continente
Mousse Autobronzeadora Ambre Solaire,7105268,11.99,"€59,95/lt",Garnier,Beleza e Higiene/Corpo/Protetores Solares e Bronzeadores/Bronzeadores e Autobronzeadores,https://www.continente.pt/dw/image/v2/BDVS_PRD/on/demandware.static/-/Sites-col-master-catalog/default/dwc68b10cc/images/col/710/7105268-frente.jpg?sw=280&sh=280,emb. 200 ml,https://www.continente.pt/produto/mousse-autobronzeadora-ambre-solaire-garnier-7105268.html,bebe,2025-04-21,Continente
Pensos Higiénicos Fina e Segura Normal sem Abas,2518266,1.99,"€0,12/un",Evax,Beleza e Higiene/Higiene Íntima/Pensos e Cuecas Menstruais,https://www.continente.pt/dw/image/v2/BDVS_PRD/on/demandware.static/-/Sites-col-master-catalog/default/dw0ed466e6/images/col/251/2518266-hero.jpg?sw=280&sh=280,emb. 16 un,https://www.continente.pt/produto/pensos-higienicos-fina-e-segura-normal-sem-abas-evax-2518266.html,bebe,2025-04-21,Continente
Saqueta de Fruta Pera +4M,8208008,0.84,"€9,88/kg",Blédina,"Mercearia/Alimentação Infantil/Boiões, Saquetas e Puré de Fruta",https://www.continente.pt/dw/image/v2/BDVS_PRD/on/demandware.static/-/Sites-col-master-catalog/default/dw0f544f4c/images/col/820/8208008-frente.png?sw=280&sh=280,emb. 85 gr,https://www.continente.pt/produto/saqueta-de-fruta-pera-4m-bledina-8208008.html,bebe,2025-04-21,Continente
Caixa de Alimentos com Divisões Silicone,511648,12.99,"€12,99/un",Happy Bear,"Bebé/Alimentação, Leites e Acessórios/Pratos, Copos e Termos",https://www.continente.pt/dw/image/v2/BDVS_PRD/on/demandware.static/-/Sites-col-master-catalog/default/dw0889c6dd/images/col/792/7927427-frente.jpg?sw=280&sh=280,1 un,https://www.continente.pt/produto/caixa-de-alimentos-com-divisoes-silicone-happy-bear-511648.html,bebe,2025-04-21,Continente
Cuecas Incontinência Discreet Plus L,7250633,7.59,"€0,95/un",Continente,Beleza e Higiene/Higiene Íntima/Incontinência/Cuecas Incontinência,https://www.continente.pt/dw/image/v2/BDVS_PRD/on/demandware.static/-/Sites-col-master-catalog/default/dwa0aa0b77/images/col/725/7250633-hero.jpg?sw=280&sh=280,emb. 8 un,https://www.continente.pt/produto/cuecas-incontinencia-discreet-plus-l-continente-7250633.html,bebe,2025-04-21,Continente
Pasta de Dentes Criança Splash Morango 3 a 8 Anos,7429952,2.61,"€34,80/lt",Aquafresh,Beleza e Higiene/Higiene Oral/Pastas de Dentes,https://www.continente.pt/dw/image/v2/BDVS_PRD/on/demandware.static/-/Sites-col-master-catalog/default/dw8ea07842/images/col/742/7429952-frente.jpg?sw=280&sh=280,emb. 75 ml,https://www.continente.pt/produto/pasta-de-dentes-crianca-splash-morango-3-a-8-anos-aquafresh-7429952.html,bebe,2025-04-21,Continente
Escova de Dentes Suave Criança +7 Anos,4133620,2.46,"€2,46/un",Aquafresh,Beleza e Higiene/Higiene Oral/Higiene Oral Infantil,https://www.continente.pt/dw/image/v2/BDVS_PRD/on/demandware.static/-/Sites-col-master-catalog/default/dw7e54e094/images/col/413/4133620-frente.png?sw=280&sh=280,emb. 1 un,https://www.continente.pt/produto/escova-de-dentes-suave-crianca-7-anos-aquafresh-4133620.html,bebe,2025-04-21,Continente
Loção Corpo Argão,7776690,6.81,"€11,35/lt",Natural Honey,Beleza e Higiene/Corpo/Cremes e Loções,https://www.continente.pt/dw/image/v2/BDVS_PRD/on/demandware.static/-/Sites-col-master-catalog/default/dwdb3da521/images/col/777/7776690-frente.jpg?sw=280&sh=280,emb. 600 ml,https://www.continente.pt/produto/locao-corpo-argao-natural-honey-7776690.html,bebe,2025-04-21,Continente
Fraldas Ninjamas Coração 23-48kg T8,8208589,12.86,"€0,71/un",Dodot,Bebé/Fraldas e Toalhitas/Fraldas de Aprendizagem,https://www.continente.pt/dw/image/v2/BDVS_PRD/on/demandware.static/-/Sites-col-master-catalog/default/dw86f8ee66/images/col/820/8208589-hero.jpg?sw=280&sh=280,emb. 18 un (2 x 9 un),https://www.continente.pt/produto/fraldas-ninjamas-coracao-23-48kg-t8-dodot-8208589.html,bebe,2025-04-21,Continente
Pensos Higiénicos Liberty Normal com Abas,6188913,3.29,"€0,27/un",Evax,Beleza e Higiene/Higiene Íntima/Pensos e Cuecas Menstruais,https://www.continente.pt/dw/image/v2/BDVS_PRD/on/demandware.static/-/Sites-col-master-catalog/default/dw4f627f54/images/col/618/6188913-frente.jpg?sw=280&sh=280,emb. 12 un,https://www.continente.pt/produto/pensos-higienicos-liberty-normal-com-abas-evax-6188913.html,bebe,2025-04-21,Continente
Creme Hidratante Pele Atópica,7803046,5.99,"€11,98/lt",Continente do Bebé,Bebé/Banho e Higiene/Proteção e Hidratação,https://www.continente.pt/dw/image/v2/BDVS_PRD/on/demandware.static/-/Sites-col-master-catalog/default/dwe98164a2/images/col/780/7803046-frente.jpg?sw=280&sh=280,emb. 500 ml,https://www.continente.pt/produto/creme-hidratante-pele-atopica-continente-do-bebe-7803046.html,bebe,2025-04-21,Continente
Gel Higiene Íntima Suave,6737977,7.49,"€18,73/lt",Corine de Farme,Beleza e Higiene/Higiene Íntima/Gel e Sabonetes Íntimos,https://www.continente.pt/dw/image/v2/BDVS_PRD/on/demandware.static/-/Sites-col-master-catalog/default/dw2b426166/images/col/673/6737977-frente.jpg?sw=280&sh=280,emb. 400 ml,https://www.continente.pt/produto/gel-higiene-intima-suave-corine-de-farme-6737977.html,bebe,2025-04-21,Continente
Toalhitas Bebé,6722030,0.74,"€0,05/un",Chicco,Bebé/Fraldas e Toalhitas/Toalhitas,https://www.continente.pt/dw/image/v2/BDVS_PRD/on/demandware.static/-/Sites-col-master-catalog/default/dw3eedb57b/images/col/672/6722030-frente.jpg?sw=280&sh=280,emb. 16 un,https://www.continente.pt/produto/toalhitas-bebe-chicco-6722030.html,bebe,2025-04-21,Continente
Champô Suave Camomila Bebé,6862569,3.99,"€13,30/lt",Johnsons Baby,Beleza e Higiene/Cabelo/Criança,https://www.continente.pt/dw/image/v2/BDVS_PRD/on/demandware.static/-/Sites-col-master-catalog/default/dwcb32ddcc/images/col/686/6862569-frente.jpg?sw=280&sh=280,emb. 300 ml,https://www.continente.pt/produto/champo-suave-camomila-bebe-johnsons-baby-6862569.html,bebe,2025-04-21,Continente
Fraldas Ecológicas 2-5kg T1,7800140,12.69,"€0,33/un",Kit&Kin,"Bebé/Fraldas e Toalhitas/Fraldas <2kg/2-5kg/3-6kg (T0, T1 e T2)",https://www.continente.pt/dw/image/v2/BDVS_PRD/on/demandware.static/-/Sites-col-master-catalog/default/dw312a2e3d/images/col/780/7800140-frente.jpg?sw=280&sh=280,emb. 38 un,https://www.continente.pt/produto/fraldas-ecologicas-2-5kg-t1-kit-kin-7800140.html,bebe,2025-04-21,Continente
Autobronzeador Loção Corpo Summer Revived Claro,5716727,3.99,"€19,95/lt",Dove,Beleza e Higiene/Corpo/Protetores Solares e Bronzeadores/Bronzeadores e Autobronzeadores,https://www.continente.pt/dw/image/v2/BDVS_PRD/on/demandware.static/-/Sites-col-master-catalog/default/dw0946101e/images/col/571/5716727-hero.jpg?sw=280&sh=280,emb. 200 ml,https://www.continente.pt/produto/autobronzeador-locao-corpo-summer-revived-claro-dove-5716727.html,bebe,2025-04-21,Continente
Gel Íntimo Fresh,7646815,2.29,"€3,82/lt",Continente,Beleza e Higiene/Higiene Íntima/Gel e Sabonetes Íntimos,https://www.continente.pt/dw/image/v2/BDVS_PRD/on/demandware.static/-/Sites-col-master-catalog/default/dw8e5488bd/images/col/764/7646815-frente.jpg?sw=280&sh=280,emb. 600 ml,https://www.continente.pt/produto/gel-intimo-fresh-continente-7646815.html,bebe,2025-04-21,Continente
Primeiras 100 Palavras - O Meu Mundo,8193796,12.59,"€12,59/un",Yoyo Studios,Livraria e Papelaria/Livros/Infantis/Bebé,https://www.continente.pt/dw/image/v2/BDVS_PRD/on/demandware.static/-/Sites-col-master-catalog/default/dw67953c1f/images/col/819/8193796-topshot.jpg?sw=280&sh=280,,https://www.continente.pt/produto/primeiras-100-palavras---o-meu-mundo-yoyo-studios-8193796.html,bebe,2025-04-21,Continente
Pensos Higiénicos Comfort Normal sem Abas,7453897,1.59,"€0,05/un",Continente,Beleza e Higiene/Higiene Íntima/Pensos e Cuecas Menstruais,https://www.continente.pt/dw/image/v2/BDVS_PRD/on/demandware.static/-/Sites-col-master-catalog/default/dw2aff0f20/images/col/745/7453897-hero.jpg?sw=280&sh=280,emb. 32 un,https://www.continente.pt/produto/pensos-higienicos-comfort-normal-sem-abas-continente-7453897.html,bebe,2025-04-21,Continente
Snack para Bebé Tubinhos de Grão de Bico +12M,7421888,1.28,"€64,00/kg",Blédina,Mercearia/Alimentação Infantil/Snacks e Bolachinhas,https://www.continente.pt/dw/image/v2/BDVS_PRD/on/demandware.static/-/Sites-col-master-catalog/default/dwb18f7486/images/col/742/7421888-frente.jpg?sw=280&sh=280,emb. 20 gr,https://www.continente.pt/produto/snack-para-bebe-tubinhos-de-grao-de-bico-12m-bledina-7421888.html,bebe,2025-04-21,Continente
Conjunto 3 Fraldas 65x65cm Branca,7652090,9.99,"€9,99/un",Happy Bear,Bebé/Quarto de Bebé/Fraldas de Pano,https://www.continente.pt/dw/image/v2/BDVS_PRD/on/demandware.static/-/Sites-col-master-catalog/default/dw52ff53d6/images/col/765/7652090-frente.jpg?sw=280&sh=280,1 un,https://www.continente.pt/produto/conjunto-3-fraldas-65x65cm-branca-happy-bear-7652090.html,bebe,2025-04-21,Continente
Triângulo de Atividades,7189374,9.99,"€9,99/un",Zoko Happy Bear,Brinquedos e Jogos/Bebé e Peluches/Didáticos e Interativos,https://www.continente.pt/dw/image/v2/BDVS_PRD/on/demandware.static/-/Sites-col-master-catalog/default/dw86927e8a/images/col/718/7189374-frente.jpg?sw=280&sh=280,,https://www.continente.pt/produto/triangulo-de-atividades-zoko-happy-bear-7189374.html,bebe,2025-04-21,Continente
Gel de Banho 2 em 1 Minnie,7595202,6.3,"€15,75/lt",Minnie,Bebé/Banho e Higiene/Gel de Banho,https://www.continente.pt/dw/image/v2/BDVS_PRD/on/demandware.static/-/Sites-col-master-catalog/default/dw4611db92/images/col/759/7595202-frente.jpg?sw=280&sh=280,emb. 400 ml,https://www.continente.pt/produto/gel-de-banho-2-em-1-minnie-minnie-7595202.html,bebe,2025-04-21,Continente
Pasta de Dentes Júnior 6 a 12 Anos,6587300,2.99,"€59,80/lt",Jordan,Beleza e Higiene/Higiene Oral/Higiene Oral Infantil,https://www.continente.pt/dw/image/v2/BDVS_PRD/on/demandware.static/-/Sites-col-master-catalog/default/dwc93547ae/images/col/658/6587300-frente-01.jpg?sw=280&sh=280,emb. 50 ml,https://www.continente.pt/produto/pasta-de-dentes-junior-6-a-12-anos-jordan-6587300.html,bebe,2025-04-21,Continente
Creme Corpo Gordo Hipoalergénico,7801750,9.99,"€19,98/lt",Soft&Co,Beleza e Higiene/Corpo/Cremes e Loções,https://www.continente.pt/dw/image/v2/BDVS_PRD/on/demandware.static/-/Sites-col-master-catalog/default/dw6be4cad9/images/col/780/7801750-frente.jpg?sw=280&sh=280,emb. 500 ml,https://www.continente.pt/produto/creme-corpo-gordo-hipoalergenico-soft-co-7801750.html,bebe,2025-04-21,Continente
Pensos Higiénicos Liberty Normal,6188915,3.29,"€0,27/un",Evax,Beleza e Higiene/Higiene Íntima/Pensos e Cuecas Menstruais,https://www.continente.pt/dw/image/v2/BDVS_PRD/on/demandware.static/-/Sites-col-master-catalog/default/dw8bb5f33f/images/col/618/6188915-frente.jpg?sw=280&sh=280,emb. 12 un,https://www.continente.pt/produto/pensos-higienicos-liberty-normal-evax-6188915.html,bebe,2025-04-21,Continente
Champô Suave Camomila para Bebé,6862554,8.29,"€11,05/lt",Johnsons Baby,Bebé/Banho e Higiene/Cabelo e Perfumaria,https://www.continente.pt/dw/image/v2/BDVS_PRD/on/demandware.static/-/Sites-col-master-catalog/default/dw3e7a3f82/images/col/686/6862554-frente.jpg?sw=280&sh=280,emb. 750 ml,https://www.continente.pt/produto/champo-suave-camomila-para-bebe-johnsons-baby-6862554.html,bebe,2025-04-21,Continente
Gel de Banho Suave Cotton Touch,6838339,4.49,"€8,98/lt",Johnsons Baby,Bebé/Banho e Higiene/Gel de Banho,https://www.continente.pt/dw/image/v2/BDVS_PRD/on/demandware.static/-/Sites-col-master-catalog/default/dw49dfb1ce/images/col/683/6838339-frente.jpg?sw=280&sh=280,emb. 500 ml,https://www.continente.pt/produto/gel-de-banho-suave-cotton-touch-johnsons-baby-6838339.html,bebe,2025-04-21,Continente
Elefante de Puxar,7201334,12.99,"€12,99/un",Zoko Play to Grow,Brinquedos e Jogos/Bebé e Peluches/Didáticos e Interativos,https://www.continente.pt/dw/image/v2/BDVS_PRD/on/demandware.static/-/Sites-col-master-catalog/default/dw42593a98/images/col/720/7201334-frente.jpg?sw=280&sh=280,,https://www.continente.pt/produto/elefante-de-puxar-zoko-play-to-grow-7201334.html,bebe,2025-04-21,Continente
Pensos Higiénicos Ultrafina Super com Abas,6045252,4.99,"€0,17/un",Ausonia,Beleza e Higiene/Higiene Íntima/Pensos e Cuecas Menstruais,https://www.continente.pt/dw/image/v2/BDVS_PRD/on/demandware.static/-/Sites-col-master-catalog/default/dw1795ce7a/images/col/604/6045252-hero.jpg?sw=280&sh=280,emb. 30 un,https://www.continente.pt/produto/pensos-higienicos-ultrafina-super-com-abas-ausonia-6045252.html,bebe,2025-04-21,Continente
Creme Hidratante,7803044,4.99,"€9,98/lt",Continente do Bebé,Bebé/Banho e Higiene/Proteção e Hidratação,https://www.continente.pt/dw/image/v2/BDVS_PRD/on/demandware.static/-/Sites-col-master-catalog/default/dwb44bce2f/images/col/780/7803044-frente.jpg?sw=280&sh=280,emb. 500 ml,https://www.continente.pt/produto/creme-hidratante-continente-do-bebe-7803044.html,bebe,2025-04-21,Continente
Copo Menstrual Tamanho 2,7759678,11.99,"€11,99/un",Pharma Cup,Beleza e Higiene/Higiene Íntima/Pensos e Cuecas Menstruais,https://www.continente.pt/dw/image/v2/BDVS_PRD/on/demandware.static/-/Sites-col-master-catalog/default/dwa30ad6f4/images/col/775/7759678-frente.jpg?sw=280&sh=280,emb. 1 un,https://www.continente.pt/produto/copo-menstrual-tamanho-2-pharma-cup-7759678.html,bebe,2025-04-21,Continente
Copo Menstrual Tamanho 1,7759680,11.99,"€11,99/un",Feel Natural,Beleza e Higiene/Higiene Íntima/Pensos e Cuecas Menstruais,https://www.continente.pt/dw/image/v2/BDVS_PRD/on/demandware.static/-/Sites-col-master-catalog/default/dwb8f4ca52/images/col/775/7759680-frente.jpg?sw=280&sh=280,emb. 1 un,https://www.continente.pt/produto/copo-menstrual-tamanho-1-feel-natural-7759680.html,bebe,2025-04-21,Continente
Fraldas Ninjamas Foguetão 27-43kg T8,8208588,12.86,"€0,71/un",Dodot,Bebé/Fraldas e Toalhitas/Fraldas de Aprendizagem,https://www.continente.pt/dw/image/v2/BDVS_PRD/on/demandware.static/-/Sites-col-master-catalog/default/dw789ab815/images/col/820/8208588-hero.jpg?sw=280&sh=280,emb. 2 x 9 un,https://www.continente.pt/produto/fraldas-ninjamas-foguetao-27-43kg-t8-dodot-8208588.html,bebe,2025-04-21,Continente
Creme Corpo Hidratante,2053684,3.51,"€23,40/lt",Nivea,Beleza e Higiene/Corpo/Cremes e Loções,https://www.continente.pt/dw/image/v2/BDVS_PRD/on/demandware.static/-/Sites-col-master-catalog/default/dwa1848cb9/images/col/205/2053684-hero.jpg?sw=280&sh=280,emb. 150 ml,https://www.continente.pt/produto/creme-corpo-hidratante-nivea-2053684.html,bebe,2025-04-21,Continente
Champô Extra Suave para Bebé,7633929,6.99,"€9,32/lt",Corine de Farme,Bebé/Banho e Higiene/Cabelo e Perfumaria,https://www.continente.pt/dw/image/v2/BDVS_PRD/on/demandware.static/-/Sites-col-master-catalog/default/dw265b68f9/images/col/763/7633929-frente.jpg?sw=280&sh=280,emb. 750 ml,https://www.continente.pt/produto/champo-extra-suave-para-bebe-corine-de-farme-7633929.html,bebe,2025-04-21,Continente
Creme Protetor Contra Assaduras para Bebé,2062575,3.44,"€34,40/lt",Johnsons Baby,Bebé/Banho e Higiene/Proteção e Hidratação,https://www.continente.pt/dw/image/v2/BDVS_PRD/on/demandware.static/-/Sites-col-master-catalog/default/dw7f2ba715/images/col/206/2062575-frente.jpg?sw=280&sh=280,emb. 100 ml,https://www.continente.pt/produto/creme-protetor-contra-assaduras-para-bebe-johnsons-baby-2062575.html,bebe,2025-04-21,Continente
Condicionador Protege e Nutre com Óleo de Argão para Bebé,7614555,3.25,"€6,48/lt",Corine de Farme,Bebé/Banho e Higiene/Cabelo e Perfumaria,https://www.continente.pt/dw/image/v2/BDVS_PRD/on/demandware.static/-/Sites-col-master-catalog/default/dw5725dcac/images/col/761/7614555-frente.jpg?sw=280&sh=280,emb. 500 ml,https://www.continente.pt/produto/condicionador-protege-e-nutre-com-oleo-de-argao-para-bebe-corine-de-farme-7614555.html,bebe,2025-04-21,Continente
Iogurte Aroma Baunilha Infantil Lanchinho Booom,8181922,1.69,"€3,52/kg",Mimosa,Laticínios e Ovos/Iogurtes/Iogurtes Aromas e Naturais,https://www.continente.pt/dw/image/v2/BDVS_PRD/on/demandware.static/-/Sites-col-master-catalog/default/dw46d5de8f/images/col/818/8181922-frente.png?sw=280&sh=280,emb. 480 gr (4 un),https://www.continente.pt/produto/iogurte-aroma-baunilha-infantil-lanchinho-booom-mimosa-8181922.html,bebe,2025-04-21,Continente
Pensos Higiénicos Liberty Super com Abas,6188894,3.29,"€0,37/un",Evax,Beleza e Higiene/Higiene Íntima/Pensos e Cuecas Menstruais,https://www.continente.pt/dw/image/v2/BDVS_PRD/on/demandware.static/-/Sites-col-master-catalog/default/dw93250479/images/col/618/6188894-frente.jpg?sw=280&sh=280,emb. 10 un,https://www.continente.pt/produto/pensos-higienicos-liberty-super-com-abas-evax-6188894.html,bebe,2025-04-21,Continente
Loção Corpo Pro Age Care,7830810,10.49,"€26,23/lt",Dove,Beleza e Higiene/Corpo/Cremes e Loções,https://www.continente.pt/dw/image/v2/BDVS_PRD/on/demandware.static/-/Sites-col-master-catalog/default/dw10af62ec/images/col/783/7830810-hero.jpg?sw=280&sh=280,emb. 400 ml,https://www.continente.pt/produto/locao-corpo-pro-age-care-dove-7830810.html,bebe,2025-04-21,Continente
Toalha de Banho Capuz 75x75cm,372376,6.39,"€6,39/un",Happy Bear,Bebé/Banho e Higiene/Toalhas de Banho,https://www.continente.pt/dw/image/v2/BDVS_PRD/on/demandware.static/-/Sites-col-master-catalog/default/dwddc52fcb/images/col/818/8189908-frente.jpg?sw=280&sh=280,1 un,https://www.continente.pt/produto/toalha-de-banho-capuz-75x75cm-happy-bear-372376.html,bebe,2025-04-21,Continente
Iogurte Aroma Bolacha e Chocolate Infantil Lanchinho Booom,8181923,1.69,"€3,52/kg",Mimosa,Laticínios e Ovos/Iogurtes/Iogurtes Aromas e Naturais,https://www.continente.pt/dw/image/v2/BDVS_PRD/on/demandware.static/-/Sites-col-master-catalog/default/dw6f028a4e/images/col/818/8181923-frente.png?sw=280&sh=280,emb. 480 gr (4 un),https://www.continente.pt/produto/iogurte-aroma-bolacha-e-chocolate-infantil-lanchinho-booom-mimosa-8181923.html,bebe,2025-04-21,Continente
Elixir Bucal Proteção Completa Criança +6 Anos,4133617,2.99,"€9,97/lt",Aquafresh,Beleza e Higiene/Higiene Oral/Higiene Oral Infantil,https://www.continente.pt/dw/image/v2/BDVS_PRD/on/demandware.static/-/Sites-col-master-catalog/default/dw6fd46e6d/images/col/413/4133617-hero.png?sw=280&sh=280,emb. 300 ml,https://www.continente.pt/produto/elixir-bucal-protecao-completa-crianca-6-anos-aquafresh-4133617.html,bebe,2025-04-21,Continente
Pasta de Dentes Júnior Morango + 6 Anos,7741212,0.99,,Continente,Beleza e Higiene/Higiene Oral/Higiene Oral Infantil,https://www.continente.pt/dw/image/v2/BDVS_PRD/on/demandware.static/-/Sites-col-master-catalog/default/dwb97c1059/images/col/774/7741212-frente.jpg?sw=280&sh=280,emb. 100 ml,https://www.continente.pt/produto/pasta-de-dentes-junior-morango-6-anos-continente-7741212.html,bebe,2025-04-21,Continente
Snack para Bebé Cenoura NutriPuffs +10M,7775167,0.55,"€78,57/kg",Cerelac,Mercearia/Alimentação Infantil/Snacks e Bolachinhas,https://www.continente.pt/dw/image/v2/BDVS_PRD/on/demandware.static/-/Sites-col-master-catalog/default/dw6bc82f59/images/col/777/7775167-frente.jpg?sw=280&sh=280,emb. 7 gr,https://www.continente.pt/produto/snack-para-bebe-cenoura-nutripuffs-10m-cerelac-7775167.html,bebe,2025-04-21,Continente
Termómetro flexível Ultra Rápido,7529409,6.99,"€6,99/un",Bebeconfort,Bebé/Banho e Higiene/Saúde e Bem-Estar,https://www.continente.pt/dw/image/v2/BDVS_PRD/on/demandware.static/-/Sites-col-master-catalog/default/dwec827fe4/images/col/752/7529409-frente.jpg?sw=280&sh=280,1 un,https://www.continente.pt/produto/termometro-flexivel-ultra-rapido-bebeconfort-7529409.html,bebe,2025-04-21,Continente
Talheres Metálicos Little Buddies,7708829,6.99,"€6,99/un",Bebeconfort,"Bebé/Alimentação, Leites e Acessórios/Pratos, Copos e Termos",https://www.continente.pt/dw/image/v2/BDVS_PRD/on/demandware.static/-/Sites-col-master-catalog/default/dw8d6bfe92/images/col/770/7708829-frente.jpg?sw=280&sh=280,3 un,https://www.continente.pt/produto/talheres-metalicos-little-buddies-bebeconfort-7708829.html,bebe,2025-04-21,Continente
Loção Corpo Cica Repair+,8014480,4.19,"€16,76/lt",Mixa,Beleza e Higiene/Corpo/Cremes e Loções,https://www.continente.pt/dw/image/v2/BDVS_PRD/on/demandware.static/-/Sites-col-master-catalog/default/dw3b638034/images/col/801/8014480-hero.jpg?sw=280&sh=280,emb. 250 ml,https://www.continente.pt/produto/locao-corpo-cica-repair-mixa-8014480.html,bebe,2025-04-21,Continente
Cuecas Incontinência Discreet Normal L,5888645,5.99,"€0,86/un",Ausonia Discreet,Beleza e Higiene/Higiene Íntima/Incontinência/Cuecas Incontinência,https://www.continente.pt/dw/image/v2/BDVS_PRD/on/demandware.static/-/Sites-col-master-catalog/default/dw603efd5a/images/col/588/5888645-hero.jpg?sw=280&sh=280,emb. 7 un,https://www.continente.pt/produto/cuecas-incontinencia-discreet-normal-l-ausonia-discreet-5888645.html,bebe,2025-04-21,Continente
Champô Suave Camomila para Bebé,6840656,4.49,"€8,98/lt",Johnsons Baby,Bebé/Banho e Higiene/Cabelo e Perfumaria,https://www.continente.pt/dw/image/v2/BDVS_PRD/on/demandware.static/-/Sites-col-master-catalog/default/dwf7ed4c7f/images/col/684/6840656-frente.jpg?sw=280&sh=280,emb. 500 ml,https://www.continente.pt/produto/champo-suave-camomila-para-bebe-johnsons-baby-6840656.html,bebe,2025-04-21,Continente
Pensos Diários Comfort Maxi,2632715,1.69,"€0,05/un",Continente,Beleza e Higiene/Higiene Íntima/Pensos Diários,https://www.continente.pt/dw/image/v2/BDVS_PRD/on/demandware.static/-/Sites-col-master-catalog/default/dw950650e7/images/col/263/2632715-hero.jpg?sw=280&sh=280,emb. 36 un,https://www.continente.pt/produto/pensos-diarios-comfort-maxi-continente-2632715.html,bebe,2025-04-21,Continente
Papa Infantil Farinha Láctea 8 Cereais e Mel +6M,7501657,3.65,"€14,60/kg",Nutribén,Mercearia/Alimentação Infantil/Papas Infantis,https://www.continente.pt/dw/image/v2/BDVS_PRD/on/demandware.static/-/Sites-col-master-catalog/default/dw05eb6d96/images/col/750/7501657-frente.png?sw=280&sh=280,emb. 250 gr,https://www.continente.pt/produto/papa-infantil-farinha-lactea-8-cereais-e-mel-6m-nutriben-7501657.html,bebe,2025-04-21,Continente
Óleo Corpo Argão,8124840,5.99,"€23,96/lt",Natural Honey,Beleza e Higiene/Corpo/Cremes e Loções,https://www.continente.pt/dw/image/v2/BDVS_PRD/on/demandware.static/-/Sites-col-master-catalog/default/dw2d40333f/images/col/812/8124840-frente.png?sw=280&sh=280,emb. 250 ml,https://www.continente.pt/produto/oleo-corpo-argao-natural-honey-8124840.html,bebe,2025-04-21,Continente
Talher de Aprendizagem,7985330,9.99,"€9,99/un",Tigex,Bebé/Puericultura,https://www.continente.pt/dw/image/v2/BDVS_PRD/on/demandware.static/-/Sites-col-master-catalog/default/dw7f59b7d6/images/col/798/7985330-frente.jpg?sw=280&sh=280,1 un,https://www.continente.pt/produto/talher-de-aprendizagem-tigex-7985330.html,bebe,2025-04-21,Continente
Cortina de Sol Auto,7552598,9.99,"€9,99/un",Bebeconfort,Bebé/Cadeiras Auto/Acessórios Auto,https://www.continente.pt/dw/image/v2/BDVS_PRD/on/demandware.static/-/Sites-col-master-catalog/default/dw07b512a0/images/col/755/7552598-frente.jpg?sw=280&sh=280,1 un,https://www.continente.pt/produto/cortina-de-sol-auto-bebeconfort-7552598.html,bebe,2025-04-21,Continente
Degrau Infantil Antiderrapante Branco,8071639,9.99,"€9,99/un",Happy Bear,Bebé/Banho e Higiene/Complementos de Higiene,https://www.continente.pt/dw/image/v2/BDVS_PRD/on/demandware.static/-/Sites-col-master-catalog/default/dw7b81ba3a/images/col/807/8071639-esquerdo.jpg?sw=280&sh=280,1 un,https://www.continente.pt/produto/degrau-infantil-antiderrapante-branco-happy-bear-8071639.html,bebe,2025-04-21,Continente
Discos de Amamentação,5011046,9.99,"€9,99/un",Tigex,Beleza e Higiene/Lenços e Cuidados de Saúde/Cuidados de Saúde,https://www.continente.pt/dw/image/v2/BDVS_PRD/on/demandware.static/-/Sites-col-master-catalog/default/dw9a6a3676/images/col/501/5011046-esquerdo-online.jpg?sw=280&sh=280,60 un,https://www.continente.pt/produto/discos-de-amamentacao-tigex-5011046.html,bebe,2025-04-21,Continente
Termo Plástico 550ml Verde,7435088,9.99,"€9,99/un",Jané,"Bebé/Alimentação, Leites e Acessórios/Pratos, Copos e Termos",https://www.continente.pt/dw/image/v2/BDVS_PRD/on/demandware.static/-/Sites-col-master-catalog/default/dwd2533fd9/images/col/743/7435088-frente.jpg?sw=280&sh=280,1 un,https://www.continente.pt/produto/termo-plastico-550ml-verde-jane-7435088.html,bebe,2025-04-21,Continente
Pensos Incontinência Discreet Mini,7995916,4.11,"€0,17/un",Ausonia Discreet,Beleza e Higiene/Higiene Íntima/Incontinência/Pensos Incontinência,https://www.continente.pt/dw/image/v2/BDVS_PRD/on/demandware.static/-/Sites-col-master-catalog/default/dw2c12bde3/images/col/799/7995916-frente.jpg?sw=280&sh=280,emb. 24 un,https://www.continente.pt/produto/pensos-incontinencia-discreet-mini-ausonia-discreet-7995916.html,bebe,2025-04-21,Continente
Nestum Mel com Cereais Integrais +3A,4961652,2.99,"€11,96/kg",Nestum,Mercearia/Alimentação Infantil/Papas Infantis,https://www.continente.pt/dw/image/v2/BDVS_PRD/on/demandware.static/-/Sites-col-master-catalog/default/dw363174db/images/col/496/4961652-frente.jpg?sw=280&sh=280,emb. 250 gr,https://www.continente.pt/produto/nestum-mel-com-cereais-integrais-3a-nestum-4961652.html,bebe,2025-04-21,Continente
Escova de Dentes Suave Criança 0 a 2 Anos,8021008,2.46,"€2,46/un",Aquafresh,Beleza e Higiene/Higiene Oral/Higiene Oral Infantil,https://www.continente.pt/dw/image/v2/BDVS_PRD/on/demandware.static/-/Sites-col-master-catalog/default/dw174d2d7b/images/col/802/8021008-frente.png?sw=280&sh=280,emb. 1 un,https://www.continente.pt/produto/escova-de-dentes-suave-crianca-0-a-2-anos-aquafresh-8021008.html,bebe,2025-04-21,Continente
Mamã… Cucu!,7577149,9.81,"€9,81/un",Vários Autores,Livraria e Papelaria/Livros/Infantis/Bebé,https://www.continente.pt/dw/image/v2/BDVS_PRD/on/demandware.static/-/Sites-col-master-catalog/default/dw879dc1df/images/col/757/7577149-frente.jpg?sw=280&sh=280,,https://www.continente.pt/produto/mama%E2%80%A6-cucu-varios-autores-7577149.html,bebe,2025-04-21,Continente
À Descoberta dos Sons - A Natureza,7680249,9.81,"€9,81/un",Marion Billet,Livraria e Papelaria/Livros/Infantis/Bebé,https://www.continente.pt/dw/image/v2/BDVS_PRD/on/demandware.static/-/Sites-col-master-catalog/default/dw3d22be04/images/col/768/7680249-frente.jpg?sw=280&sh=280,,https://www.continente.pt/produto/a-descoberta-dos-sons---a-natureza-marion-billet-7680249.html,bebe,2025-04-21,Continente
"Iogurte Batido Banana, Laranja e Bolacha",7970957,1.29,"€2,58/kg",Continente,Laticínios e Ovos/Iogurtes/Iogurtes Aromas e Naturais,https://www.continente.pt/dw/image/v2/BDVS_PRD/on/demandware.static/-/Sites-col-master-catalog/default/dw78dbca7a/images/col/797/7970957-frente.jpg?sw=280&sh=280,emb. 500 gr (4 un),https://www.continente.pt/produto/iogurte-batido-banana-laranja-e-bolacha-continente-7970957.html,bebe,2025-04-21,Continente
Gel Corpo Anti-celulite,4878301,7.03,"€35,15/lt",Bioten,Beleza e Higiene/Corpo/Cremes e Loções,https://www.continente.pt/dw/image/v2/BDVS_PRD/on/demandware.static/-/Sites-col-master-catalog/default/dwd4e2fc61/images/col/487/4878301-frente.jpg?sw=280&sh=280,emb. 200 ml,https://www.continente.pt/produto/gel-corpo-anti-celulite-bioten-4878301.html,bebe,2025-04-21,Continente
Toalhitas Bebé Biodegradáveis,8018593,2.24,"€0,05/un",Waterwipes,Bebé/Fraldas e Toalhitas/Toalhitas,https://www.continente.pt/dw/image/v2/BDVS_PRD/on/demandware.static/-/Sites-col-master-catalog/default/dwf30ffc50/images/col/801/8018593-frente.jpg?sw=280&sh=280,emb. 48 un,https://www.continente.pt/produto/toalhitas-bebe-biodegradaveis-waterwipes-8018593.html,bebe,2025-04-21,Continente
Leite Líquido de Transição Optipro para Lactentes 1 até 6M,7636329,2.99,"€5,98/lt",Nan,Mercearia/Alimentação Infantil/Leites em Pó e Bebidas Lácteas,https://www.continente.pt/dw/image/v2/BDVS_PRD/on/demandware.static/-/Sites-col-master-catalog/default/dw097cb3fa/images/col/763/7636329-frente.jpg?sw=280&sh=280,emb. 500 ml,https://www.continente.pt/produto/leite-liquido-de-transicao-optipro-para-lactentes-1-ate-6m-nan-7636329.html,bebe,2025-04-21,Continente
"Refeição para Bebé Frango, Vitela e Legumes +4M",6924431,1.39,"€5,91/kg",Nutribén,Mercearia/Alimentação Infantil/Refeições,https://www.continente.pt/dw/image/v2/BDVS_PRD/on/demandware.static/-/Sites-col-master-catalog/default/dw604a9e51/images/col/692/6924431-frente.png?sw=280&sh=280,emb. 235 gr,https://www.continente.pt/produto/refeicao-para-bebe-frango-vitela-e-legumes-4m-nutriben-6924431.html,bebe,2025-04-21,Continente
Champô Gotas De Força Criança,6838334,4.49,"€8,98/lt",Johnsons Baby,Beleza e Higiene/Cabelo/Criança,https://www.continente.pt/dw/image/v2/BDVS_PRD/on/demandware.static/-/Sites-col-master-catalog/default/dw8a4a9faf/images/col/683/6838334-frente.jpg?sw=280&sh=280,emb. 500 ml,https://www.continente.pt/produto/champo-gotas-de-forca-crianca-johnsons-baby-6838334.html,bebe,2025-04-21,Continente
Conjunto 7 Babetes,7739151,9.99,"€9,99/un",Happy Bear,"Bebé/Alimentação, Leites e Acessórios/Babetes",https://www.continente.pt/dw/image/v2/BDVS_PRD/on/demandware.static/-/Sites-col-master-catalog/default/dw65782ea0/images/col/773/7739151-frente.jpg?sw=280&sh=280,1 un,https://www.continente.pt/produto/conjunto-7-babetes-happy-bear-7739151.html,bebe,2025-04-21,Continente
Pensos Diários Salvaslip Maxi,4945264,3.19,"€0,08/un",Evax,Beleza e Higiene/Higiene Íntima/Pensos Diários,https://www.continente.pt/dw/image/v2/BDVS_PRD/on/demandware.static/-/Sites-col-master-catalog/default/dw867250b1/images/col/494/4945264-hero.jpg?sw=280&sh=280,emb. 40 un,https://www.continente.pt/produto/pensos-diarios-salvaslip-maxi-evax-4945264.html,bebe,2025-04-21,Continente
Loção Corpo Essential Healing,7044815,6.59,"€16,48/lt",Vaseline,Beleza e Higiene/Corpo/Cremes e Loções,https://www.continente.pt/dw/image/v2/BDVS_PRD/on/demandware.static/-/Sites-col-master-catalog/default/dw106e11ce/images/col/704/7044815-hero.jpg?sw=280&sh=280,emb. 400 ml,https://www.continente.pt/produto/locao-corpo-essential-healing-vaseline-7044815.html,bebe,2025-04-21,Continente
Iogurte Líquido Frutos Tropicais Infantil Lanchinho Booom,8190378,2.18,,Mimosa,Laticínios e Ovos/Iogurtes/Iogurtes Líquidos,https://www.continente.pt/dw/image/v2/BDVS_PRD/on/demandware.static/-/Sites-col-master-catalog/default/dw18bec592/images/col/819/8190378-frente.jpg?sw=280&sh=280,emb. 604 gr (4 un),https://www.continente.pt/produto/iogurte-liquido-frutos-tropicais-infantil-lanchinho-booom-mimosa-8190378.html,bebe,2025-04-21,Continente
Cotonetes para Bebé,2053764,1.29,"€0,01/un",Johnsons Baby,Bebé/Banho e Higiene/Cotonetes e Soro Fisiológico,https://www.continente.pt/dw/image/v2/BDVS_PRD/on/demandware.static/-/Sites-col-master-catalog/default/dwc478264d/images/col/205/2053764-frente.jpg?sw=280&sh=280,emb. 100 un,https://www.continente.pt/produto/cotonetes-para-bebe-johnsons-baby-2053764.html,bebe,2025-04-21,Continente
Pensos Diários Protegeslip Maxi,6475333,1.83,"€0,06/un",Ausonia,Beleza e Higiene/Higiene Íntima/Pensos Diários,https://www.continente.pt/dw/image/v2/BDVS_PRD/on/demandware.static/-/Sites-col-master-catalog/default/dwc59c61e9/images/col/647/6475333-hero.jpg?sw=280&sh=280,emb. 30 un,https://www.continente.pt/produto/pensos-diarios-protegeslip-maxi-ausonia-6475333.html,bebe,2025-04-21,Continente
Champô Antipiolhos e Lêndeas Criança,7324586,8.49,"€67,92/lt",Mercurochrome,Beleza e Higiene/Cabelo/Criança,https://www.continente.pt/dw/image/v2/BDVS_PRD/on/demandware.static/-/Sites-col-master-catalog/default/dw042eac21/images/col/732/7324586-frente.jpg?sw=280&sh=280,emb. 125 ml,https://www.continente.pt/produto/champo-antipiolhos-e-lendeas-crianca-mercurochrome-7324586.html,bebe,2025-04-21,Continente
Papa infantil Não Láctea Multicereais +6M,5845494,2.39,"€9,56/kg",Cerelac,Mercearia/Alimentação Infantil/Papas Infantis,https://www.continente.pt/dw/image/v2/BDVS_PRD/on/demandware.static/-/Sites-col-master-catalog/default/dw2bf0c616/images/col/584/5845494-frente.png?sw=280&sh=280,emb. 250 gr,https://www.continente.pt/produto/papa-infantil-nao-lactea-multicereais-6m-cerelac-5845494.html,bebe,2025-04-21,Continente
Creme Lavante,7803041,4.29,"€8,58/lt",Continente do Bebé,Bebé/Banho e Higiene/Proteção e Hidratação,https://www.continente.pt/dw/image/v2/BDVS_PRD/on/demandware.static/-/Sites-col-master-catalog/default/dwf6cf5c4f/images/col/780/7803041-frente.jpg?sw=280&sh=280,emb. 500 ml,https://www.continente.pt/produto/creme-lavante-continente-do-bebe-7803041.html,bebe,2025-04-21,Continente
Cuecas Banho 9-15kg T3-4,7735144,4.29,"€0,36/un",Continente do Bebé,Bebé/Fraldas e Toalhitas/Fraldas de Banho,https://www.continente.pt/dw/image/v2/BDVS_PRD/on/demandware.static/-/Sites-col-master-catalog/default/dwc26d85c6/images/col/773/7735144-hero.jpg?sw=280&sh=280,emb. 12 un,https://www.continente.pt/produto/cuecas-banho-9-15kg-t3-4-continente-do-bebe-7735144.html,bebe,2025-04-21,Continente
Creme Corpo Q10 + Bronze Hidratante Refirmante,7125848,5.84,"€29,20/lt",Nivea,Beleza e Higiene/Corpo/Protetores Solares e Bronzeadores/Bronzeadores e Autobronzeadores,https://www.continente.pt/dw/image/v2/BDVS_PRD/on/demandware.static/-/Sites-col-master-catalog/default/dwd7a7403b/images/col/712/7125848-hero.jpg?sw=280&sh=280,emb. 200 ml,https://www.continente.pt/produto/creme-corpo-q10-bronze-hidratante-refirmante-nivea-7125848.html,bebe,2025-04-21,Continente
Cuecas Incontinência Silhouette M Creme,6933815,8.99,"€1,00/un",Tena,Beleza e Higiene/Higiene Íntima/Incontinência/Cuecas Incontinência,https://www.continente.pt/dw/image/v2/BDVS_PRD/on/demandware.static/-/Sites-col-master-catalog/default/dw2754f991/images/col/693/6933815-hero.png?sw=280&sh=280,emb. 9 un,https://www.continente.pt/produto/cuecas-incontinencia-silhouette-m-creme-tena-6933815.html,bebe,2025-04-21,Continente
Fraldas Cuidado Ecológico T3 4-10kg,7575207,5.79,"€0,18/un",Continente do Bebé,Bebé/Fraldas e Toalhitas/Fraldas 4-11kg/9-15kg (T3 e T4),https://www.continente.pt/dw/image/v2/BDVS_PRD/on/demandware.static/-/Sites-col-master-catalog/default/dw0dd05bf0/images/col/757/7575207-hero.jpg?sw=280&sh=280,emb. 33 un,https://www.continente.pt/produto/fraldas-cuidado-ecologico-t3-4-10kg-continente-do-bebe-7575207.html,bebe,2025-04-21,Continente
Creme Corpo Body Lotion Hidratante Aloe,7779708,6.99,"€11,18/lt",Nivea,Beleza e Higiene/Corpo/Cremes e Loções,https://www.continente.pt/dw/image/v2/BDVS_PRD/on/demandware.static/-/Sites-col-master-catalog/default/dw08d17979/images/col/777/7779708-frente.jpg?sw=280&sh=280,emb. 625 ml,https://www.continente.pt/produto/creme-corpo-body-lotion-hidratante-aloe-nivea-7779708.html,bebe,2025-04-21,Continente
Gel de Banho Suave Bons Sonhos,7318168,8.29,"€11,05/lt",Johnsons Baby,Bebé/Banho e Higiene/Gel de Banho,https://www.continente.pt/dw/image/v2/BDVS_PRD/on/demandware.static/-/Sites-col-master-catalog/default/dw40cbec64/images/col/731/7318168-frente.jpg?sw=280&sh=280,emb. 750 ml,https://www.continente.pt/produto/gel-de-banho-suave-bons-sonhos-johnsons-baby-7318168.html,bebe,2025-04-21,Continente
Vamos Deixar as Fraldas,7757689,8.91,"€8,91/un",Marion Cocklico,Livraria e Papelaria/Livros/Infantis/Bebé,https://www.continente.pt/dw/image/v2/BDVS_PRD/on/demandware.static/-/Sites-col-master-catalog/default/dw543b2890/images/col/775/7757689-frente.jpg?sw=280&sh=280,,https://www.continente.pt/produto/vamos-deixar-as-fraldas-marion-cocklico-7757689.html,bebe,2025-04-21,Continente
Pensos Diários Cotton Feel Adaptáveis,2628730,2.59,"€0,09/un",Carefree,Beleza e Higiene/Higiene Íntima/Pensos Diários,https://www.continente.pt/dw/image/v2/BDVS_PRD/on/demandware.static/-/Sites-col-master-catalog/default/dw7ef7ad1c/images/col/262/2628730-frente.jpg?sw=280&sh=280,emb. 30 un,https://www.continente.pt/produto/pensos-diarios-cotton-feel-adaptaveis-carefree-2628730.html,bebe,2025-04-21,Continente
As Minhas Rotinas Nº 2 - Hora do Bacio,7514601,6.92,"€6,92/un",Vários Autores,Livraria e Papelaria/Livros/Infantis/Bebé,https://www.continente.pt/dw/image/v2/BDVS_PRD/on/demandware.static/-/Sites-col-master-catalog/default/dw199c71bd/images/col/751/7514601-frente.jpg?sw=280&sh=280,,https://www.continente.pt/produto/as-minhas-rotinas-n-2---hora-do-bacio-varios-autores-7514601.html,bebe,2025-04-21,Continente
Papa Infantil Láctea Arroz 1ª Papa +6M sem Glúten,4315746,3.04,"€12,16/kg",Cerelac,Mercearia/Alimentação Infantil/Papas Infantis,https://www.continente.pt/dw/image/v2/BDVS_PRD/on/demandware.static/-/Sites-col-master-catalog/default/dwcf551a43/images/col/431/4315746-frente.png?sw=280&sh=280,emb. 250 gr,https://www.continente.pt/produto/papa-infantil-lactea-arroz-1-papa-6m-sem-gluten-cerelac-4315746.html,bebe,2025-04-21,Continente
Bebida Láctea com sabor a Bolacha Maria Junior +3,7612883,2.99,"€2,99/lt",Nestlé Junior,Laticínios e Ovos/Leite/Leites em Pó e Bebidas Lácteas,https://www.continente.pt/dw/image/v2/BDVS_PRD/on/demandware.static/-/Sites-col-master-catalog/default/dw227a827b/images/col/761/7612883-frente.jpg?sw=280&sh=280,emb. 1 lt,https://www.continente.pt/produto/bebida-lactea-com-sabor-a-bolacha-maria-junior-3-nestle-junior-7612883.html,bebe,2025-04-21,Continente
Toalhitas Intímas Sensitive,5773065,3.3,"€0,22/un",Dystron,Beleza e Higiene/Higiene Íntima/Toalhitas Íntimas,https://www.continente.pt/dw/image/v2/BDVS_PRD/on/demandware.static/-/Sites-col-master-catalog/default/dw530159e5/images/col/577/5773065-cima.jpg?sw=280&sh=280,emb. 15 un,https://www.continente.pt/produto/toalhitas-intimas-sensitive-dystron-5773065.html,bebe,2025-04-21,Continente
Óleo Corpo Puro de Rícino,7379723,3.74,"€93,50/lt",Soft&Co,Beleza e Higiene/Corpo/Cremes e Loções,https://www.continente.pt/dw/image/v2/BDVS_PRD/on/demandware.static/-/Sites-col-master-catalog/default/dw9dc3e044/images/col/737/7379723-frente.jpg?sw=280&sh=280,emb. 40 ml,https://www.continente.pt/produto/oleo-corpo-puro-de-ricino-soft-co-7379723.html,bebe,2025-04-21,Continente
Pensos Diários Daily Free Maxi,7462564,1.99,"€0,06/un",Continente,Beleza e Higiene/Higiene Íntima/Pensos Diários,https://www.continente.pt/dw/image/v2/BDVS_PRD/on/demandware.static/-/Sites-col-master-catalog/default/dw89ba91a0/images/col/746/7462564-hero.jpg?sw=280&sh=280,emb. 36 un,https://www.continente.pt/produto/pensos-diarios-daily-free-maxi-continente-7462564.html,bebe,2025-04-21,Continente
Aprende & Diverte-te,6926908,8.09,"€8,09/un",Yoyo Studios,Livraria e Papelaria/Livros/Infantis/Livros de Atividades,https://www.continente.pt/dw/image/v2/BDVS_PRD/on/demandware.static/-/Sites-col-master-catalog/default/dw2d94aaae/images/col/692/6926908-frente.jpg?sw=280&sh=280,,https://www.continente.pt/produto/aprende-diverte-te-yoyo-studios-6926908.html,bebe,2025-04-21,Continente
Refeição para Bebé Creme de Abóbora e Batata +6M,7334040,2.15,"€11,32/kg",Hero Baby,Mercearia/Alimentação Infantil/Refeições,https://www.continente.pt/dw/image/v2/BDVS_PRD/on/demandware.static/-/Sites-col-master-catalog/default/dwf20e05b3/images/col/733/7334040-frente.jpg?sw=280&sh=280,emb. 190 gr,https://www.continente.pt/produto/refeicao-para-bebe-creme-de-abobora-e-batata-6m-hero-baby-7334040.html,bebe,2025-04-21,Continente
Toalhitas Íntimas Suaves,2904366,2.29,"€0,23/un",Corine de Farme,Beleza e Higiene/Higiene Íntima/Toalhitas Íntimas,https://www.continente.pt/dw/image/v2/BDVS_PRD/on/demandware.static/-/Sites-col-master-catalog/default/dw0a7ad14c/images/col/290/2904366-frente.jpg?sw=280&sh=280,emb. 10 un,https://www.continente.pt/produto/toalhitas-intimas-suaves-corine-de-farme-2904366.html,bebe,2025-04-21,Continente
Boião de 6 Frutas com Cereais +4M,7072648,0.78,"€6,50/kg",Nutribén,"Mercearia/Alimentação Infantil/Boiões, Saquetas e Puré de Fruta",https://www.continente.pt/dw/image/v2/BDVS_PRD/on/demandware.static/-/Sites-col-master-catalog/default/dwbbcd2981/images/col/707/7072648-frente.png?sw=280&sh=280,emb. 120 gr,https://www.continente.pt/produto/boiao-de-6-frutas-com-cereais-4m-nutriben-7072648.html,bebe,2025-04-21,Continente
Conjunto Talheres Metal +12M,7588694,5.59,"€5,59/un",Badabulle,"Bebé/Alimentação, Leites e Acessórios/Pratos, Copos e Termos",https://www.continente.pt/dw/image/v2/BDVS_PRD/on/demandware.static/-/Sites-col-master-catalog/default/dw8b114942/images/col/758/7588694-frente.jpg?sw=280&sh=280,1 un,https://www.continente.pt/produto/conjunto-talheres-metal-12m-badabulle-7588694.html,bebe,2025-04-21,Continente
Fraldas Ninjamas Coração 23-48kg T8,7864996,6.49,"€0,72/un",Dodot,Bebé/Fraldas e Toalhitas/Fraldas de Aprendizagem,https://www.continente.pt/dw/image/v2/BDVS_PRD/on/demandware.static/-/Sites-col-master-catalog/default/dwc9feb76e/images/col/786/7864996-hero.jpg?sw=280&sh=280,emb. 9 un,https://www.continente.pt/produto/fraldas-ninjamas-coracao-23-48kg-t8-dodot-7864996.html,bebe,2025-04-21,Continente
Papa Infantil Farinha Láctea Maçã +4M sem Glúten,7486895,3.65,"€14,60/kg",Nutribén,Mercearia/Alimentação Infantil/Papas Infantis,https://www.continente.pt/dw/image/v2/BDVS_PRD/on/demandware.static/-/Sites-col-master-catalog/default/dw20cbd166/images/col/748/7486895-frente.png?sw=280&sh=280,emb. 250 gr,https://www.continente.pt/produto/papa-infantil-farinha-lactea-maca-4m-sem-gluten-nutriben-7486895.html,bebe,2025-04-21,Continente
Doseador Leite em Pó,6242527,7.99,"€7,99/un",Tigex,"Bebé/Alimentação, Leites e Acessórios/Biberões e Acessórios",https://www.continente.pt/dw/image/v2/BDVS_PRD/on/demandware.static/-/Sites-col-master-catalog/default/dw882451df/images/col/624/6242527-frente-online.jpg?sw=280&sh=280,1 un,https://www.continente.pt/produto/doseador-leite-em-po-tigex-6242527.html,bebe,2025-04-21,Continente
Redutor de Sanita com Pegas Branco,8071638,7.99,"€7,99/un",Happy Bear,Bebé/Banho e Higiene/Bacios e Redutores,https://www.continente.pt/dw/image/v2/BDVS_PRD/on/demandware.static/-/Sites-col-master-catalog/default/dwb83674d9/images/col/807/8071638-topshot.jpg?sw=280&sh=280,1 un,https://www.continente.pt/produto/redutor-de-sanita-com-pegas-branco-happy-bear-8071638.html,bebe,2025-04-21,Continente
Óleo Corpo Puro de Abacate,7379727,5.99,"€149,75/lt",Soft&Co,Beleza e Higiene/Corpo/Cremes e Loções,https://www.continente.pt/dw/image/v2/BDVS_PRD/on/demandware.static/-/Sites-col-master-catalog/default/dw1ceb1df5/images/col/737/7379727-frente.jpg?sw=280&sh=280,emb. 40 ml,https://www.continente.pt/produto/oleo-corpo-puro-de-abacate-soft-co-7379727.html,bebe,2025-04-21,Continente
Conjunto 2 Cortinas Sol Auto com Ventosa,6966567,7.99,"€7,99/un",Badabulle,Bebé/Passeio e Viagem/Marsúpios e Acessórios de Passeio,https://www.continente.pt/dw/image/v2/BDVS_PRD/on/demandware.static/-/Sites-col-master-catalog/default/dwec9070df/images/col/696/6966567-frente.jpg?sw=280&sh=280,2 un,https://www.continente.pt/produto/conjunto-2-cortinas-sol-auto-com-ventosa-badabulle-6966567.html,bebe,2025-04-21,Continente
Iogurte Natural,2404499,1.42,"€9,47/kg",Pur Natur,Laticínios e Ovos/Iogurtes/Iogurtes Aromas e Naturais,https://www.continente.pt/dw/image/v2/BDVS_PRD/on/demandware.static/-/Sites-col-master-catalog/default/dw1372b033/images/col/240/2404499-cima.jpg?sw=280&sh=280,emb. 150 gr,https://www.continente.pt/produto/iogurte-natural-pur-natur-2404499.html,bebe,2025-04-21,Continente
Toalhitas Bebé Camomila,7683209,1.29,"€0,02/un",Septona,Bebé/Fraldas e Toalhitas/Toalhitas,https://www.continente.pt/dw/image/v2/BDVS_PRD/on/demandware.static/-/Sites-col-master-catalog/default/dwee0f6854/images/col/768/7683209-frente.jpg?sw=280&sh=280,emb. 80 un,https://www.continente.pt/produto/toalhitas-bebe-camomila-septona-7683209.html,bebe,2025-04-21,Continente
Peluche com Guizos,511992,5.99,"€5,99/un",Interbaby,Bebé/Brinquedos e Livros/Brinquedos de Bebé,https://www.continente.pt/dw/image/v2/BDVS_PRD/on/demandware.static/-/Sites-col-master-catalog/default/dw207b8677/images/col/806/8066868-frente.jpg?sw=280&sh=280,,https://www.continente.pt/produto/peluche-com-guizos-interbaby-511992.html,bebe,2025-04-21,Continente
Papa Infantil Farinha Não Láctea Multifrutos +4M sem Glúten,7486926,2.99,"€11,96/kg",Nutribén,Mercearia/Alimentação Infantil/Papas Infantis,https://www.continente.pt/dw/image/v2/BDVS_PRD/on/demandware.static/-/Sites-col-master-catalog/default/dwd4b6170d/images/col/748/7486926-frente.png?sw=280&sh=280,emb. 250 gr,https://www.continente.pt/produto/papa-infantil-farinha-nao-lactea-multifrutos-4m-sem-gluten-nutriben-7486926.html,bebe,2025-04-21,Continente
Tampão Digital Organic Normal Bio,7376260,3.99,"€0,25/un",O.b.,Beleza e Higiene/Higiene Íntima/Tampões,https://www.continente.pt/dw/image/v2/BDVS_PRD/on/demandware.static/-/Sites-col-master-catalog/default/dwcdc6fd4f/images/col/737/7376260-frente.jpg?sw=280&sh=280,emb. 16 un,https://www.continente.pt/produto/tampao-digital-organic-normal-bio-o.b.-7376260.html,bebe,2025-04-21,Continente
Cold Cream Rosto e Corpo,7803045,3.99,"€39,90/lt",Continente do Bebé,Bebé/Banho e Higiene/Proteção e Hidratação,https://www.continente.pt/dw/image/v2/BDVS_PRD/on/demandware.static/-/Sites-col-master-catalog/default/dw7b1141bc/images/col/780/7803045-frente.jpg?sw=280&sh=280,emb. 100 ml,https://www.continente.pt/produto/cold-cream-rosto-e-corpo-continente-do-bebe-7803045.html,bebe,2025-04-21,Continente
Biberão 270ml Physio Lavanda M,7982958,6.49,"€6,49/un",Bebeconfort,Bebé/Puericultura,https://www.continente.pt/dw/image/v2/BDVS_PRD/on/demandware.static/-/Sites-col-master-catalog/default/dwb3d5d290/images/col/798/7982958-frente.jpg?sw=280&sh=280,1 un,https://www.continente.pt/produto/biberao-270ml-physio-lavanda-m-bebeconfort-7982958.html,bebe,2025-04-21,Continente
Pensos Diários Protegeslip Maxi Plus,6950113,1.83,"€0,09/un",Ausonia,Beleza e Higiene/Higiene Íntima/Pensos Diários,https://www.continente.pt/dw/image/v2/BDVS_PRD/on/demandware.static/-/Sites-col-master-catalog/default/dwac9f2602/images/col/695/6950113-hero.jpg?sw=280&sh=280,emb. 20 un,https://www.continente.pt/produto/pensos-diarios-protegeslip-maxi-plus-ausonia-6950113.html,bebe,2025-04-21,Continente
Saqueta de Fruta Maçã e Pera +3A,7215466,0.69,"€7,67/kg",GoGo squeeZ,"Mercearia/Alimentação Infantil/Boiões, Saquetas e Puré de Fruta",https://www.continente.pt/dw/image/v2/BDVS_PRD/on/demandware.static/-/Sites-col-master-catalog/default/dwed077f05/images/col/721/7215466-frente.png?sw=280&sh=280,emb. 90 gr,https://www.continente.pt/produto/saqueta-de-fruta-maca-e-pera-3a-gogo-squeez-7215466.html,bebe,2025-04-21,Continente
Iogofruta Pera +6M,7655627,2.57,"€6,76/kg",Blédina,"Mercearia/Alimentação Infantil/Boiões, Saquetas e Puré de Fruta",https://www.continente.pt/dw/image/v2/BDVS_PRD/on/demandware.static/-/Sites-col-master-catalog/default/dw27cde412/images/col/765/7655627-frente.png?sw=280&sh=280,emb. 4 x 95 gr,https://www.continente.pt/produto/iogofruta-pera-6m-bledina-7655627.html,bebe,2025-04-21,Continente
Puré de Fruta Manga +3A,7228326,0.99,"€11,00/kg",Um Bongo,"Mercearia/Alimentação Infantil/Boiões, Saquetas e Puré de Fruta",https://www.continente.pt/dw/image/v2/BDVS_PRD/on/demandware.static/-/Sites-col-master-catalog/default/dwec94cf10/images/col/722/7228326-frente.jpg?sw=280&sh=280,emb. 90 gr,https://www.continente.pt/produto/pure-de-fruta-manga-3a-um-bongo-7228326.html,bebe,2025-04-21,Continente
Loção Corpo Óleo de Coco 100% Natural,7567257,6.99,"€17,48/lt",Dove,Beleza e Higiene/Corpo/Cremes e Loções,https://www.continente.pt/dw/image/v2/BDVS_PRD/on/demandware.static/-/Sites-col-master-catalog/default/dw20ead31c/images/col/756/7567257-hero.jpg?sw=280&sh=280,emb. 400 ml,https://www.continente.pt/produto/locao-corpo-oleo-de-coco-100--natural-dove-7567257.html,bebe,2025-04-21,Continente
Loção Corpo Light Care para Hidração e Frescura,7567260,6.99,"€17,48/lt",Dove,Beleza e Higiene/Corpo/Cremes e Loções,https://www.continente.pt/dw/image/v2/BDVS_PRD/on/demandware.static/-/Sites-col-master-catalog/default/dw1dba0bfd/images/col/756/7567260-hero.jpg?sw=280&sh=280,emb. 400 ml,https://www.continente.pt/produto/locao-corpo-light-care-para-hidracao-e-frescura-dove-7567260.html,bebe,2025-04-21,Continente
Toalhitas para Limpeza de Chupeta e Mordedor +0M,7289050,6.99,"€6,99/un",Nuby,Bebé/Chupetas e Mordedores,https://www.continente.pt/dw/image/v2/BDVS_PRD/on/demandware.static/-/Sites-col-master-catalog/default/dw6a4e3ed1/images/col/728/7289050-frente.jpg?sw=280&sh=280,1 un,https://www.continente.pt/produto/toalhitas-para-limpeza-de-chupeta-e-mordedor-0m-nuby-7289050.html,bebe,2025-04-21,Continente
Óleo Corpo com Brilho Glow,8109746,6.99,"€63,55/lt",MyLabel,Beleza e Higiene/Corpo/Cremes e Loções,https://www.continente.pt/dw/image/v2/BDVS_PRD/on/demandware.static/-/Sites-col-master-catalog/default/dw7f2274fc/images/col/810/8109746-frente.png?sw=280&sh=280,emb. 110 ml,https://www.continente.pt/produto/oleo-corpo-com-brilho-glow-mylabel-8109746.html,bebe,2025-04-21,Continente
Copo com Palhinha 300ml,7831787,6.99,"€6,99/un",Happy Bear,"Bebé/Alimentação, Leites e Acessórios/Pratos, Copos e Termos",https://www.continente.pt/dw/image/v2/BDVS_PRD/on/demandware.static/-/Sites-col-master-catalog/default/dwcbe6710d/images/col/783/7831787-frente.jpg?sw=280&sh=280,1 un,https://www.continente.pt/produto/copo-com-palhinha-300ml-happy-bear-7831787.html,bebe,2025-04-21,Continente
Conjunto 2 Cortinas Sol Auto Adesivas,7589435,6.99,"€6,99/un",Tinéo,Bebé/Cadeiras Auto/Acessórios Auto,https://www.continente.pt/dw/image/v2/BDVS_PRD/on/demandware.static/-/Sites-col-master-catalog/default/dw4c9383c8/images/col/758/7589435-frente.jpg?sw=280&sh=280,2 un,https://www.continente.pt/produto/conjunto-2-cortinas-sol-auto-adesivas-tineo-7589435.html,bebe,2025-04-21,Continente
Pó de Talco,6831918,1.09,"€5,45/kg",Continente,Bebé/Banho e Higiene/Proteção e Hidratação,https://www.continente.pt/dw/image/v2/BDVS_PRD/on/demandware.static/-/Sites-col-master-catalog/default/dw20543162/images/col/683/6831918-frente.jpg?sw=280&sh=280,emb. 200 gr,https://www.continente.pt/produto/po-de-talco-continente-6831918.html,bebe,2025-04-21,Continente
Refeição para Bebé Vitela com Legumes +6M,2603557,1.8,"€9,00/kg",Blédina,Mercearia/Alimentação Infantil/Refeições,https://www.continente.pt/dw/image/v2/BDVS_PRD/on/demandware.static/-/Sites-col-master-catalog/default/dw66dbe2f0/images/col/260/2603557-frente.jpg?sw=280&sh=280,emb. 200 gr,https://www.continente.pt/produto/refeicao-para-bebe-vitela-com-legumes-6m-bledina-2603557.html,bebe,2025-04-21,Continente
Champô Suave Bons Sonhos Bebé,6862645,3.99,"€13,30/lt",Johnsons Baby,Beleza e Higiene/Cabelo/Criança,https://www.continente.pt/dw/image/v2/BDVS_PRD/on/demandware.static/-/Sites-col-master-catalog/default/dw3798496c/images/col/686/6862645-frente.jpg?sw=280&sh=280,emb. 300 ml,https://www.continente.pt/produto/champo-suave-bons-sonhos-bebe-johnsons-baby-6862645.html,bebe,2025-04-21,Continente
Loção Corpo Lactooil Cuidado Extra,6978089,3.99,"€9,97/lt",Lactovit,Beleza e Higiene/Corpo/Cremes e Loções,https://www.continente.pt/dw/image/v2/BDVS_PRD/on/demandware.static/-/Sites-col-master-catalog/default/dw1b6d73e3/images/col/697/6978089-frente.jpg?sw=280&sh=280,emb. 400 ml,https://www.continente.pt/produto/locao-corpo-lactooil-cuidado-extra-lactovit-6978089.html,bebe,2025-04-21,Continente
Toca e Sente do Bebé - Hora de Brincar,6573459,6.75,"€6,75/un",Dorling Kindersley,Livraria e Papelaria/Livros/Infantis/Bebé,https://www.continente.pt/dw/image/v2/BDVS_PRD/on/demandware.static/-/Sites-col-master-catalog/default/dw8aaf76d5/images/col/657/6573459-frente.jpg?sw=280&sh=280,,https://www.continente.pt/produto/toca-e-sente-do-bebe---hora-de-brincar-dorling-kindersley-6573459.html,bebe,2025-04-21,Continente
Exfoliante Corpo,7801755,8.99,"€35,96/lt",Soft&Co,Beleza e Higiene/Corpo/Cremes e Loções,https://www.continente.pt/dw/image/v2/BDVS_PRD/on/demandware.static/-/Sites-col-master-catalog/default/dwbf443a7b/images/col/780/7801755-frente.jpg?sw=280&sh=280,emb. 250 ml,https://www.continente.pt/produto/exfoliante-corpo-soft-co-7801755.html,bebe,2025-04-21,Continente
Pensos Diários Bolsinhas Normal,6465990,2.69,"€0,07/un",Evax,Beleza e Higiene/Higiene Íntima/Pensos Diários,https://www.continente.pt/dw/image/v2/BDVS_PRD/on/demandware.static/-/Sites-col-master-catalog/default/dw1491b7e6/images/col/646/6465990-hero.jpg?sw=280&sh=280,emb. 40 un,https://www.continente.pt/produto/pensos-diarios-bolsinhas-normal-evax-6465990.html,bebe,2025-04-21,Continente
Toalhitas Bebé Pure Calma e Protege Aloe Vera,8004673,2.49,"€0,05/un",Dodot,Bebé/Fraldas e Toalhitas/Toalhitas,https://www.continente.pt/dw/image/v2/BDVS_PRD/on/demandware.static/-/Sites-col-master-catalog/default/dweeff7289/images/col/800/8004673-hero.jpg?sw=280&sh=280,emb. 46 un,https://www.continente.pt/produto/toalhitas-bebe-pure-calma-e-protege-aloe-vera-dodot-8004673.html,bebe,2025-04-21,Continente
Babete Impermeável com Mangas,7739145,6.99,"€6,99/un",Happy Bear,"Bebé/Alimentação, Leites e Acessórios/Babetes",https://www.continente.pt/dw/image/v2/BDVS_PRD/on/demandware.static/-/Sites-col-master-catalog/default/dw5d1548c6/images/col/773/7739145-frente.jpg?sw=280&sh=280,1 un,https://www.continente.pt/produto/babete-impermeavel-com-mangas-happy-bear-7739145.html,bebe,2025-04-21,Continente
Óleo de Massagem,7407499,2.99,"€5,98/lt",Continente do Bebé,Bebé/Banho e Higiene/Proteção e Hidratação,https://www.continente.pt/dw/image/v2/BDVS_PRD/on/demandware.static/-/Sites-col-master-catalog/default/dwa36dbb09/images/col/740/7407499-frente.jpg?sw=280&sh=280,emb. 500 ml,https://www.continente.pt/produto/oleo-de-massagem-continente-do-bebe-7407499.html,bebe,2025-04-21,Continente
Bebida Láctea com sabor a Bolacha 1-3A,7591781,2.12,"€2,12/lt",Mimosa,Laticínios e Ovos/Leite/Leites em Pó e Bebidas Lácteas,https://www.continente.pt/dw/image/v2/BDVS_PRD/on/demandware.static/-/Sites-col-master-catalog/default/dw26d99150/images/col/759/7591781-frente.png?sw=280&sh=280,emb. 1 lt,https://www.continente.pt/produto/bebida-lactea-com-sabor-a-bolacha-1-3a-mimosa-7591781.html,bebe,2025-04-21,Continente
Loção Corpo Pele Madura,6597461,6.59,"€16,48/lt",Vaseline,Beleza e Higiene/Corpo/Cremes e Loções,https://www.continente.pt/dw/image/v2/BDVS_PRD/on/demandware.static/-/Sites-col-master-catalog/default/dw133bf2cb/images/col/659/6597461-hero.jpg?sw=280&sh=280,emb. 400 ml,https://www.continente.pt/produto/locao-corpo-pele-madura-vaseline-6597461.html,bebe,2025-04-21,Continente
Creme Corpo Nutritivo Body Love Pétalas,7647920,4.54,"€15,13/lt",Dove,Beleza e Higiene/Corpo/Cremes e Loções,https://www.continente.pt/dw/image/v2/BDVS_PRD/on/demandware.static/-/Sites-col-master-catalog/default/dw311c2fcf/images/col/764/7647920-hero.jpg?sw=280&sh=280,emb. 300 ml,https://www.continente.pt/produto/creme-corpo-nutritivo-body-love-petalas-dove-7647920.html,bebe,2025-04-21,Continente
Conjunto 2 Babetes Impermeáveis,7739161,6.99,"€6,99/un",Happy Bear,"Bebé/Alimentação, Leites e Acessórios/Babetes",https://www.continente.pt/dw/image/v2/BDVS_PRD/on/demandware.static/-/Sites-col-master-catalog/default/dwd1018b94/images/col/773/7739161-frente.jpg?sw=280&sh=280,1 un,https://www.continente.pt/produto/conjunto-2-babetes-impermeaveis-happy-bear-7739161.html,bebe,2025-04-21,Continente
Loção Corpo Lotus,7550282,6.99,"€17,48/lt",Dove,Beleza e Higiene/Corpo/Cremes e Loções,https://www.continente.pt/dw/image/v2/BDVS_PRD/on/demandware.static/-/Sites-col-master-catalog/default/dw81a40faf/images/col/755/7550282-hero.jpg?sw=280&sh=280,emb. 400 ml,https://www.continente.pt/produto/locao-corpo-lotus-dove-7550282.html,bebe,2025-04-21,Continente
Gel Higiene Íntima Sensitive Bio,6767303,6.49,"€25,96/lt",Corine de Farme,Beleza e Higiene/Higiene Íntima/Gel e Sabonetes Íntimos,https://www.continente.pt/dw/image/v2/BDVS_PRD/on/demandware.static/-/Sites-col-master-catalog/default/dw6915b94b/images/col/676/6767303-frente.jpg?sw=280&sh=280,emb. 250 ml,https://www.continente.pt/produto/gel-higiene-intima-sensitive-bio-corine-de-farme-6767303.html,bebe,2025-04-21,Continente
Gel Higiene Íntima Chá Verde e Aloe Vera,6926295,3.74,"€18,70/lt",Carefree,Beleza e Higiene/Higiene Íntima/Gel e Sabonetes Íntimos,https://www.continente.pt/dw/image/v2/BDVS_PRD/on/demandware.static/-/Sites-col-master-catalog/default/dw2cb0b745/images/col/692/6926295-direito.jpg?sw=280&sh=280,emb. 200 ml,https://www.continente.pt/produto/gel-higiene-intima-cha-verde-e-aloe-vera-carefree-6926295.html,bebe,2025-04-21,Continente
Manteiga Corpo Cherry Blossom Moment,7347942,3.59,"€14,36/lt",MyLabel,Beleza e Higiene/Corpo/Cremes e Loções,https://www.continente.pt/dw/image/v2/BDVS_PRD/on/demandware.static/-/Sites-col-master-catalog/default/dw80142656/images/col/734/7347942-hero.jpg?sw=280&sh=280,emb. 250 ml,https://www.continente.pt/produto/manteiga-corpo-cherry-blossom-moment-mylabel-7347942.html,bebe,2025-04-21,Continente
Toalhitas Bebé,5319170,1.39,"€0,02/un",Chicco,Bebé/Fraldas e Toalhitas/Toalhitas,https://www.continente.pt/dw/image/v2/BDVS_PRD/on/demandware.static/-/Sites-col-master-catalog/default/dwa755f8d2/images/col/531/5319170-frente.jpg?sw=280&sh=280,emb. 72 un,https://www.continente.pt/produto/toalhitas-bebe-chicco-5319170.html,bebe,2025-04-21,Continente
Creme Muda Fraldas Pele Sensível,7743902,3.17,"€31,70/lt",Corine de Farme,Bebé/Banho e Higiene/Proteção e Hidratação,https://www.continente.pt/dw/image/v2/BDVS_PRD/on/demandware.static/-/Sites-col-master-catalog/default/dwb5fb3005/images/col/774/7743902-frente.jpg?sw=280&sh=280,emb. 100 ml,https://www.continente.pt/produto/creme-muda-fraldas-pele-sensivel-corine-de-farme-7743902.html,bebe,2025-04-21,Continente
Óleo Vegetal Puro de Cannabis Sativa,7619732,6.74,"€6,74/un",Soft&Co,Beleza e Higiene/Corpo/Cremes e Loções,https://www.continente.pt/dw/image/v2/BDVS_PRD/on/demandware.static/-/Sites-col-master-catalog/default/dwd8677e56/images/col/761/7619732-frente.jpg?sw=280&sh=280,emb. 40 ml,https://www.continente.pt/produto/oleo-vegetal-puro-de-cannabis-sativa-soft-co-7619732.html,bebe,2025-04-21,Continente
Esponja de Banho Suave para Bebé,3074957,0.95,"€0,95/un",Continente do Bebé,Bebé/Banho e Higiene/Saúde e Bem-Estar,https://www.continente.pt/dw/image/v2/BDVS_PRD/on/demandware.static/-/Sites-col-master-catalog/default/dwda918182/images/col/307/3074957-frente.jpg?sw=280&sh=280,emb. 1 un,https://www.continente.pt/produto/esponja-de-banho-suave-para-bebe-continente-do-bebe-3074957.html,bebe,2025-04-21,Continente
As 100 Primeiras Palavras,7298219,6.21,"€6,21/un",Vários Autores,Livraria e Papelaria/Livros/Infantis/Bebé,https://www.continente.pt/dw/image/v2/BDVS_PRD/on/demandware.static/-/Sites-col-master-catalog/default/dwd17f401c/images/col/729/7298219-frente.jpg?sw=280&sh=280,,https://www.continente.pt/produto/as-100-primeiras-palavras-varios-autores-7298219.html,bebe,2025-04-21,Continente
Gel Corpo Aloe Vera,6272171,8.29,"€16,92/lt",Soft&Co,Beleza e Higiene/Corpo/Cremes e Loções,https://www.continente.pt/dw/image/v2/BDVS_PRD/on/demandware.static/-/Sites-col-master-catalog/default/dwd0e9add4/images/col/627/6272171-frente.jpg?sw=280&sh=280,emb. 490 ml,https://www.continente.pt/produto/gel-corpo-aloe-vera-soft-co-6272171.html,bebe,2025-04-21,Continente
Esponja Macia Amarela,2281300,4.99,"€4,99/un",Tigex,Bebé/Banho e Higiene/Saúde e Bem-Estar,https://www.continente.pt/dw/image/v2/BDVS_PRD/on/demandware.static/-/Sites-col-master-catalog/default/dw1f35711e/images/col/228/2281300-frente-semembalagem.jpg?sw=280&sh=280,1 un,https://www.continente.pt/produto/esponja-macia-amarela-tigex-2281300.html,bebe,2025-04-21,Continente
Prato de Aprendizagem Antiderrapante,8172559,4.99,"€4,99/un",Bebeconfort,"Bebé/Alimentação, Leites e Acessórios/Pratos, Copos e Termos",https://www.continente.pt/dw/image/v2/BDVS_PRD/on/demandware.static/-/Sites-col-master-catalog/default/dwbbe3b9c3/images/col/817/8172559-frente.jpg?sw=280&sh=280,1 un,https://www.continente.pt/produto/prato-de-aprendizagem-antiderrapante-bebeconfort-8172559.html,bebe,2025-04-21,Continente
Creme Barreira,8090925,3.19,"€31,90/lt",Continente,Beleza e Higiene/Corpo/Cremes e Loções,https://www.continente.pt/dw/image/v2/BDVS_PRD/on/demandware.static/-/Sites-col-master-catalog/default/dw51312751/images/col/809/8090925-frente.png?sw=280&sh=280,emb. 100 ml,https://www.continente.pt/produto/creme-barreira-continente-8090925.html,bebe,2025-04-21,Continente
Pensos Diários Salvaslip Normal Bolsinhas,6677942,1.99,"€0,07/un",Evax,Beleza e Higiene/Higiene Íntima/Pensos Diários,https://www.continente.pt/dw/image/v2/BDVS_PRD/on/demandware.static/-/Sites-col-master-catalog/default/dw22a2492f/images/col/667/6677942-hero.jpg?sw=280&sh=280,emb. 28 un,https://www.continente.pt/produto/pensos-diarios-salvaslip-normal-bolsinhas-evax-6677942.html,bebe,2025-04-21,Continente
Loção Corpo Intense Care Hidratação,3909390,3.56,"€14,24/lt",Dove,Beleza e Higiene/Corpo/Cremes e Loções,https://www.continente.pt/dw/image/v2/BDVS_PRD/on/demandware.static/-/Sites-col-master-catalog/default/dw6ae461b5/images/col/390/3909390-hero.jpg?sw=280&sh=280,emb. 250 ml,https://www.continente.pt/produto/locao-corpo-intense-care-hidratacao-dove-3909390.html,bebe,2025-04-21,Continente
Leite Corpo Amêndoas e Sândalo,6798673,1.95,"€4,88/lt",MyLabel,Beleza e Higiene/Corpo/Cremes e Loções,https://www.continente.pt/dw/image/v2/BDVS_PRD/on/demandware.static/-/Sites-col-master-catalog/default/dw1ceffe34/images/col/679/6798673-frente.jpg?sw=280&sh=280,emb. 400 ml,https://www.continente.pt/produto/leite-corpo-amendoas-e-sandalo-mylabel-6798673.html,bebe,2025-04-21,Continente
Pensos Diários Cotton Free Normal,8198898,1.75,"€0,09/un",Carefree,Beleza e Higiene/Higiene Íntima/Pensos Diários,https://www.continente.pt/dw/image/v2/BDVS_PRD/on/demandware.static/-/Sites-col-master-catalog/default/dw0b992607/images/col/819/8198898-frente.png?sw=280&sh=280,emb. 20 un,https://www.continente.pt/produto/pensos-diarios-cotton-free-normal-carefree-8198898.html,bebe,2025-04-21,Continente
Vaselina Original,7050814,1.99,"€39,80/lt",Vaseline,Beleza e Higiene/Rosto/Lábios,https://www.continente.pt/dw/image/v2/BDVS_PRD/on/demandware.static/-/Sites-col-master-catalog/default/dwb009a8e5/images/col/705/7050814-hero.jpg?sw=280&sh=280,emb. 50 ml,https://www.continente.pt/produto/vaselina-original-vaseline-7050814.html,bebe,2025-04-21,Continente
Creme Corpo Soft Tubo,5253771,3.09,"€41,20/lt",Nivea,Beleza e Higiene/Corpo/Cremes e Loções,https://www.continente.pt/dw/image/v2/BDVS_PRD/on/demandware.static/-/Sites-col-master-catalog/default/dwadf274c8/images/col/525/5253771-frente.jpg?sw=280&sh=280,emb. 75 ml,https://www.continente.pt/produto/creme-corpo-soft-tubo-nivea-5253771.html,bebe,2025-04-21,Continente
Babete com Mangas com Fecho em Velcro Bear,7615275,3.59,"€3,59/un",Happy Bear,"Bebé/Alimentação, Leites e Acessórios/Babetes",https://www.continente.pt/dw/image/v2/BDVS_PRD/on/demandware.static/-/Sites-col-master-catalog/default/dwd5e3ec4c/images/col/761/7615275-frente.jpg?sw=280&sh=280,1 un,https://www.continente.pt/produto/babete-com-mangas-com-fecho-em-velcro-bear-happy-bear-7615275.html,bebe,2025-04-21,Continente
Creme Corpo Coco,7434149,2.09,"€6,97/lt",MyLabel,Beleza e Higiene/Corpo/Cremes e Loções,https://www.continente.pt/dw/image/v2/BDVS_PRD/on/demandware.static/-/Sites-col-master-catalog/default/dw2bbb505f/images/col/743/7434149-frente.jpg?sw=280&sh=280,emb. 300 ml,https://www.continente.pt/produto/creme-corpo-coco-mylabel-7434149.html,bebe,2025-04-21,Continente
Loção Corpo Essential Care Para Hidração Duradoura,2498681,3.56,"€14,24/lt",Dove,Beleza e Higiene/Corpo/Cremes e Loções,https://www.continente.pt/dw/image/v2/BDVS_PRD/on/demandware.static/-/Sites-col-master-catalog/default/dw565a74c6/images/col/249/2498681-hero.jpg?sw=280&sh=280,emb. 250 ml,https://www.continente.pt/produto/locao-corpo-essential-care-para-hidracao-duradoura-dove-2498681.html,bebe,2025-04-21,Continente
Champô Brilho Frozen Criança,7506204,5.29,"€17,63/lt",Corine de Farme,Beleza e Higiene/Cabelo/Criança,https://www.continente.pt/dw/image/v2/BDVS_PRD/on/demandware.static/-/Sites-col-master-catalog/default/dwa1c537ba/images/col/750/7506204-frente-1.jpg?sw=280&sh=280,emb. 300 ml,https://www.continente.pt/produto/champo-brilho-frozen-crianca-corine-de-farme-7506204.html,bebe,2025-04-21,Continente
Creme Multiusos Panthenol Comfort,8014482,4.54,"€90,80/lt",Mixa,Beleza e Higiene/Corpo/Cremes e Loções,https://www.continente.pt/dw/image/v2/BDVS_PRD/on/demandware.static/-/Sites-col-master-catalog/default/dw3b0c3e65/images/col/801/8014482-hero.jpg?sw=280&sh=280,emb. 50 ml,https://www.continente.pt/produto/creme-multiusos-panthenol-comfort-mixa-8014482.html,bebe,2025-04-21,Continente
Pensos Higiénicos Fresh & Free Normal com Abas,7453902,2.99,"€0,09/un",Continente,Beleza e Higiene/Higiene Íntima/Pensos e Cuecas Menstruais,https://www.continente.pt/dw/image/v2/BDVS_PRD/on/demandware.static/-/Sites-col-master-catalog/default/dw9711df8e/images/col/745/7453902-hero.jpg?sw=280&sh=280,emb. 32 un,https://www.continente.pt/produto/pensos-higienicos-fresh-free-normal-com-abas-continente-7453902.html,bebe,2025-04-21,Continente
Papa Infantil Farinha Não Láctea 8 Cereais e Mel +6M,7593648,2.99,"€11,96/kg",Nutribén,Mercearia/Alimentação Infantil/Papas Infantis,https://www.continente.pt/dw/image/v2/BDVS_PRD/on/demandware.static/-/Sites-col-master-catalog/default/dwa3e6f645/images/col/759/7593648-frente.png?sw=280&sh=280,emb. 250 gr,https://www.continente.pt/produto/papa-infantil-farinha-nao-lactea-8-cereais-e-mel-6m-nutriben-7593648.html,bebe,2025-04-21,Continente
Colónia Suave Criança,5871436,5.49,"€54,90/lt",Picu Baby,Beleza e Higiene/Cabelo/Criança,https://www.continente.pt/dw/image/v2/BDVS_PRD/on/demandware.static/-/Sites-col-master-catalog/default/dwabb812e3/images/col/587/5871436-frente.jpg?sw=280&sh=280,emb. 100 ml,https://www.continente.pt/produto/colonia-suave-crianca-picu-baby-5871436.html,bebe,2025-04-21,Continente
Cucu! Animais,7645865,5.45,"€5,45/un",Raffaella Castagna,Livraria e Papelaria/Livros/Infantis/Bebé,https://www.continente.pt/dw/image/v2/BDVS_PRD/on/demandware.static/-/Sites-col-master-catalog/default/dwc1c26412/images/col/764/7645865-frente.jpg?sw=280&sh=280,,https://www.continente.pt/produto/cucu-animais-raffaella-castagna-7645865.html,bebe,2025-04-21,Continente
Prato Antiderrapante Branco,7539766,2.99,"€2,99/un",Happy Bear,"Bebé/Alimentação, Leites e Acessórios/Pratos, Copos e Termos",https://www.continente.pt/dw/image/v2/BDVS_PRD/on/demandware.static/-/Sites-col-master-catalog/default/dwb9f8a154/images/col/753/7539766-frente.jpg?sw=280&sh=280,1 un,https://www.continente.pt/produto/prato-antiderrapante-branco-happy-bear-7539766.html,bebe,2025-04-21,Continente
Pensos Incontinência Discreet Maxi,7995936,5.01,"€0,50/un",Ausonia Discreet,Beleza e Higiene/Higiene Íntima/Incontinência/Pensos Incontinência,https://www.continente.pt/dw/image/v2/BDVS_PRD/on/demandware.static/-/Sites-col-master-catalog/default/dw1d352608/images/col/799/7995936-frente.jpg?sw=280&sh=280,emb. 10 un,https://www.continente.pt/produto/pensos-incontinencia-discreet-maxi-ausonia-discreet-7995936.html,bebe,2025-04-21,Continente
Escovilhão 2 em 1 com Ventosa,7728298,4.99,"€4,99/un",Bebeconfort,"Bebé/Alimentação, Leites e Acessórios/Biberões e Acessórios",https://www.continente.pt/dw/image/v2/BDVS_PRD/on/demandware.static/-/Sites-col-master-catalog/default/dw54b75340/images/col/772/7728298-frente.jpg?sw=280&sh=280,1 un,https://www.continente.pt/produto/escovilhao-2-em-1-com-ventosa-bebeconfort-7728298.html,bebe,2025-04-21,Continente
Escova de Dentes Bebé +0M,8119387,4.99,"€4,99/un",Bebeconfort,Bebé/Banho e Higiene/Complementos de Higiene,https://www.continente.pt/dw/image/v2/BDVS_PRD/on/demandware.static/-/Sites-col-master-catalog/default/dw354705f9/images/col/811/8119387-frente.jpg?sw=280&sh=280,1 un,https://www.continente.pt/produto/escova-de-dentes-bebe-0m-bebeconfort-8119387.html,bebe,2025-04-21,Continente
Escova de Treino e Mordedor,8198747,4.99,"€4,99/un",Jordan,Bebé/Chupetas e Mordedores/Anéis de Dentição e Mordedores,https://www.continente.pt/dw/image/v2/BDVS_PRD/on/demandware.static/-/Sites-col-master-catalog/default/dwe8d5d414/images/col/819/8198747-frente.jpg?sw=280&sh=280,emb. 1 un,https://www.continente.pt/produto/escova-de-treino-e-mordedor-jordan-8198747.html,bebe,2025-04-21,Continente
Doseador de Leite,7539760,3.99,"€3,99/un",Happy Bear,"Bebé/Alimentação, Leites e Acessórios/Biberões e Acessórios",https://www.continente.pt/dw/image/v2/BDVS_PRD/on/demandware.static/-/Sites-col-master-catalog/default/dwdafda376/images/col/753/7539760-frente.jpg?sw=280&sh=280,1 un,https://www.continente.pt/produto/doseador-de-leite-happy-bear-7539760.html,bebe,2025-04-21,Continente
Champô Suave Bebé,6862562,3.99,"€13,30/lt",Johnsons Baby,Beleza e Higiene/Cabelo/Criança,https://www.continente.pt/dw/image/v2/BDVS_PRD/on/demandware.static/-/Sites-col-master-catalog/default/dw539ac59e/images/col/686/6862562-frente.jpg?sw=280&sh=280,emb. 300 ml,https://www.continente.pt/produto/champo-suave-bebe-johnsons-baby-6862562.html,bebe,2025-04-21,Continente
Loção Corpo Cocoa Glow,7044811,3.99,"€19,95/lt",Vaseline,Beleza e Higiene/Corpo/Cremes e Loções,https://www.continente.pt/dw/image/v2/BDVS_PRD/on/demandware.static/-/Sites-col-master-catalog/default/dwc154aff6/images/col/704/7044811-hero.jpg?sw=280&sh=280,emb. 200 ml,https://www.continente.pt/produto/locao-corpo-cocoa-glow-vaseline-7044811.html,bebe,2025-04-21,Continente
Toalhitas Bebé Biodegradáveis,7800175,3.99,"€0,07/un",Kit&Kin,Bebé/Fraldas e Toalhitas/Toalhitas,https://www.continente.pt/dw/image/v2/BDVS_PRD/on/demandware.static/-/Sites-col-master-catalog/default/dw056e231a/images/col/780/7800175-frente.jpg?sw=280&sh=280,emb. 60 un,https://www.continente.pt/produto/toalhitas-bebe-biodegradaveis-kit-kin-7800175.html,bebe,2025-04-21,Continente
Sopa de Legumes com Pescada e Cereais Biológico Bebé +8M,7981507,3.99,"€18,14/kg",Petit Papão,"Bebé/Alimentação, Leites e Acessórios/Refeições",https://www.continente.pt/dw/image/v2/BDVS_PRD/on/demandware.static/-/Sites-col-master-catalog/default/dw4a57b451/images/col/798/7981507-frente.jpg?sw=280&sh=280,emb. 220 gr,https://www.continente.pt/produto/sopa-de-legumes-com-pescada-e-cereais-biologico-bebe-8m-petit-papao-7981507.html,bebe,2025-04-21,Continente
Prato Base Antiderrapante Branco e Laranja,7831808,3.99,"€3,99/un",Happy Bear,"Bebé/Alimentação, Leites e Acessórios/Pratos, Copos e Termos",https://www.continente.pt/dw/image/v2/BDVS_PRD/on/demandware.static/-/Sites-col-master-catalog/default/dw180eb8e7/images/col/783/7831808-frente.jpg?sw=280&sh=280,1 un,https://www.continente.pt/produto/prato-base-antiderrapante-branco-e-laranja-happy-bear-7831808.html,bebe,2025-04-21,Continente
Loção Corpo Spray Cocoa Radiant,7059073,6.59,"€34,68/lt",Vaseline,Beleza e Higiene/Corpo/Cremes e Loções,https://www.continente.pt/dw/image/v2/BDVS_PRD/on/demandware.static/-/Sites-col-master-catalog/default/dw2b83f495/images/col/705/7059073-hero.jpg?sw=280&sh=280,emb. 190 ml,https://www.continente.pt/produto/locao-corpo-spray-cocoa-radiant-vaseline-7059073.html,bebe,2025-04-21,Continente
Gel Higiene Íntima Tomilho e Própolis,5516127,4.89,"€19,56/lt",Fresh&Clean,Beleza e Higiene/Higiene Íntima/Gel e Sabonetes Íntimos,https://www.continente.pt/dw/image/v2/BDVS_PRD/on/demandware.static/-/Sites-col-master-catalog/default/dw388b5adf/images/col/551/5516127-frente.jpg?sw=280&sh=280,emb. 250 ml,https://www.continente.pt/produto/gel-higiene-intima-tomilho-e-propolis-fresh-clean-5516127.html,bebe,2025-04-21,Continente
Pensos Higiénicos Liberty Noite com Abas,6188885,3.29,"€0,41/un",Evax,Beleza e Higiene/Higiene Íntima/Pensos e Cuecas Menstruais,https://www.continente.pt/dw/image/v2/BDVS_PRD/on/demandware.static/-/Sites-col-master-catalog/default/dw0e1f033d/images/col/618/6188885-frente.jpg?sw=280&sh=280,emb. 9 un,https://www.continente.pt/produto/pensos-higienicos-liberty-noite-com-abas-evax-6188885.html,bebe,2025-04-21,Continente
Iogurte Batido Banana e Morango,7970958,1.29,"€2,58/kg",Continente,Laticínios e Ovos/Iogurtes/Iogurtes Aromas e Naturais,https://www.continente.pt/dw/image/v2/BDVS_PRD/on/demandware.static/-/Sites-col-master-catalog/default/dwfa7bba9e/images/col/797/7970958-frente.jpg?sw=280&sh=280,emb. 500 gr (4 un),https://www.continente.pt/produto/iogurte-batido-banana-e-morango-continente-7970958.html,bebe,2025-04-21,Continente
Água Perfumada,7803040,3.19,"€31,90/lt",Continente do Bebé,Bebé/Banho e Higiene/Cabelo e Perfumaria,https://www.continente.pt/dw/image/v2/BDVS_PRD/on/demandware.static/-/Sites-col-master-catalog/default/dw94650347/images/col/780/7803040-frente.jpg?sw=280&sh=280,emb. 100 ml,https://www.continente.pt/produto/agua-perfumada-continente-do-bebe-7803040.html,bebe,2025-04-21,Continente
Taça Antiderrapante +12M Little Buddies,7728310,4.99,"€4,99/un",Bebeconfort,"Bebé/Alimentação, Leites e Acessórios/Pratos, Copos e Termos",https://www.continente.pt/dw/image/v2/BDVS_PRD/on/demandware.static/-/Sites-col-master-catalog/default/dwcfe51259/images/col/772/7728310-frente.jpg?sw=280&sh=280,1 un,https://www.continente.pt/produto/taca-antiderrapante-12m-little-buddies-bebeconfort-7728310.html,bebe,2025-04-21,Continente
Pensos Higiénicos Ultrafina Normal com Abas,4649655,2.29,"€0,16/un",Ausonia,Beleza e Higiene/Higiene Íntima/Pensos e Cuecas Menstruais,https://www.continente.pt/dw/image/v2/BDVS_PRD/on/demandware.static/-/Sites-col-master-catalog/default/dwf6f843f6/images/col/464/4649655-hero.jpg?sw=280&sh=280,emb. 14 un,https://www.continente.pt/produto/pensos-higienicos-ultrafina-normal-com-abas-ausonia-4649655.html,bebe,2025-04-21,Continente
Spray Condicionador Gotas de Brilho Criança,6840662,4.59,"€22,95/lt",Johnsons Baby,Beleza e Higiene/Cabelo/Criança,https://www.continente.pt/dw/image/v2/BDVS_PRD/on/demandware.static/-/Sites-col-master-catalog/default/dw5ed57fd6/images/col/684/6840662-frente.jpg?sw=280&sh=280,emb. 200 ml,https://www.continente.pt/produto/spray-condicionador-gotas-de-brilho-crianca-johnsons-baby-6840662.html,bebe,2025-04-21,Continente
Loção Corpo Coco,8125407,3.64,"€11,03/lt",Natural Honey,Beleza e Higiene/Corpo/Cremes e Loções,https://www.continente.pt/dw/image/v2/BDVS_PRD/on/demandware.static/-/Sites-col-master-catalog/default/dw3e4a7c1f/images/col/812/8125407-frente.png?sw=280&sh=280,emb. 330 ml,https://www.continente.pt/produto/locao-corpo-coco-natural-honey-8125407.html,bebe,2025-04-21,Continente
Farinha Láctea Frutas +4M sem Glúten,7479767,3.65,"€14,60/kg",Nutribén,Mercearia/Alimentação Infantil/Papas Infantis,https://www.continente.pt/dw/image/v2/BDVS_PRD/on/demandware.static/-/Sites-col-master-catalog/default/dwe1023565/images/col/747/7479767-frente.png?sw=280&sh=280,emb. 250 gr,https://www.continente.pt/produto/farinha-lactea-frutas-4m-sem-gluten-nutriben-7479767.html,bebe,2025-04-21,Continente
Conjunto 2 Chupetas Silicone Reversível,511669,3.89,"€3,89/un",Happy Bear,Bebé/Chupetas e Mordedores/Chupetas,https://www.continente.pt/dw/image/v2/BDVS_PRD/on/demandware.static/-/Sites-col-master-catalog/default/dwd1d2699e/images/col/783/7831776-frente.jpg?sw=280&sh=280,1 un,https://www.continente.pt/produto/conjunto-2-chupetas-silicone-reversivel-happy-bear-511669.html,bebe,2025-04-21,Continente
Anel de Dentição +4M com Pega,6547771,3.59,"€3,59/un",Neo Baby,Bebé/Chupetas e Mordedores/Anéis de Dentição e Mordedores,https://www.continente.pt/dw/image/v2/BDVS_PRD/on/demandware.static/-/Sites-col-master-catalog/default/dwd4d18543/images/col/654/6547771-frente.jpg?sw=280&sh=280,1 un,https://www.continente.pt/produto/anel-de-denticao-4m-com-pega-neo-baby-6547771.html,bebe,2025-04-21,Continente
Creme Corpo Oliva,6828024,2.39,"€5,98/lt",MyLabel,Beleza e Higiene/Corpo/Cremes e Loções,https://www.continente.pt/dw/image/v2/BDVS_PRD/on/demandware.static/-/Sites-col-master-catalog/default/dw5acdb247/images/col/682/6828024-frente.jpg?sw=280&sh=280,emb. 2 x 200 ml,https://www.continente.pt/produto/creme-corpo-oliva-mylabel-6828024.html,bebe,2025-04-21,Continente
Pensos Higiénicos Ultrafina Noite com Abas,7935413,2.29,"€0,29/un",Ausonia,Beleza e Higiene/Higiene Íntima/Pensos e Cuecas Menstruais,https://www.continente.pt/dw/image/v2/BDVS_PRD/on/demandware.static/-/Sites-col-master-catalog/default/dwb677ab04/images/col/793/7935413-frente.jpg?sw=280&sh=280,emb. 8 un,https://www.continente.pt/produto/pensos-higienicos-ultrafina-noite-com-abas-ausonia-7935413.html,bebe,2025-04-21,Continente
Toalhitas Dermasoft Family,7595750,1.94,"€0,02/un",Septona,Bebé/Fraldas e Toalhitas/Toalhitas,https://www.continente.pt/dw/image/v2/BDVS_PRD/on/demandware.static/-/Sites-col-master-catalog/default/dw85d45fca/images/col/759/7595750-frente.jpg?sw=280&sh=280,emb. 100 un,https://www.continente.pt/produto/toalhitas-dermasoft-family-septona-7595750.html,bebe,2025-04-21,Continente
Boião de Fruta Banana e Maçã +4M,7072609,1.04,"€8,67/kg",Nutribén,"Mercearia/Alimentação Infantil/Boiões, Saquetas e Puré de Fruta",https://www.continente.pt/dw/image/v2/BDVS_PRD/on/demandware.static/-/Sites-col-master-catalog/default/dwed42d478/images/col/707/7072609-frente.png?sw=280&sh=280,emb. 120 gr,https://www.continente.pt/produto/boiao-de-fruta-banana-e-maca-4m-nutriben-7072609.html,bebe,2025-04-21,Continente
Farinha Não Láctea 8 Cereais sem Açúcares +6M,8171647,3.15,"€12,60/kg",Nutribén,Mercearia/Alimentação Infantil/Papas Infantis,https://www.continente.pt/dw/image/v2/BDVS_PRD/on/demandware.static/-/Sites-col-master-catalog/default/dw5892cc8c/images/col/817/8171647-frente.png?sw=280&sh=280,emb. 250 gr,https://www.continente.pt/produto/farinha-nao-lactea-8-cereais-sem-acucares-6m-nutriben-8171647.html,bebe,2025-04-21,Continente
Creme Corpo Body Milk Hidratante Nutritivo,7071363,2.99,"€39,87/lt",Nivea,Beleza e Higiene/Corpo/Cremes e Loções,https://www.continente.pt/dw/image/v2/BDVS_PRD/on/demandware.static/-/Sites-col-master-catalog/default/dw5f6532ae/images/col/707/7071363-hero.jpg?sw=280&sh=280,emb. 75 ml,https://www.continente.pt/produto/creme-corpo-body-milk-hidratante-nutritivo-nivea-7071363.html,bebe,2025-04-21,Continente
Papa Infantil Farinha Não Láctea 8 Cereais e Mel Bolacha Maria +6M,7555565,2.99,"€11,96/kg",Nutribén,Mercearia/Alimentação Infantil/Papas Infantis,https://www.continente.pt/dw/image/v2/BDVS_PRD/on/demandware.static/-/Sites-col-master-catalog/default/dw68d0b283/images/col/755/7555565-frente.png?sw=280&sh=280,emb. 250 gr,https://www.continente.pt/produto/papa-infantil-farinha-nao-lactea-8-cereais-e-mel-bolacha-maria-6m-nutriben-7555565.html,bebe,2025-04-21,Continente
Anel Dentição Refrigerável Verde,7831780,2.99,"€2,99/un",Happy Bear,Bebé/Chupetas e Mordedores/Anéis de Dentição e Mordedores,https://www.continente.pt/dw/image/v2/BDVS_PRD/on/demandware.static/-/Sites-col-master-catalog/default/dw28a4fe26/images/col/783/7831780-frente.jpg?sw=280&sh=280,1 un,https://www.continente.pt/produto/anel-denticao-refrigeravel-verde-happy-bear-7831780.html,bebe,2025-04-21,Continente
Snack para Bebé de Milho HappyPuffs +12M,7656584,1.06,"€37,86/kg",Nestlé,Mercearia/Alimentação Infantil/Snacks e Bolachinhas,https://www.continente.pt/dw/image/v2/BDVS_PRD/on/demandware.static/-/Sites-col-master-catalog/default/dwf2ee2706/images/col/765/7656584-frente.jpg?sw=280&sh=280,emb. 28 gr,https://www.continente.pt/produto/snack-para-bebe-de-milho-happypuffs-12m-nestle-7656584.html,bebe,2025-04-21,Continente
Loção Corpo Beloved Baunilha,6524338,2.91,"€11,64/lt",Bioten,Beleza e Higiene/Corpo/Cremes e Loções,https://www.continente.pt/dw/image/v2/BDVS_PRD/on/demandware.static/-/Sites-col-master-catalog/default/dwbf89bb72/images/col/652/6524338-frente.jpg?sw=280&sh=280,emb. 250 ml,https://www.continente.pt/produto/locao-corpo-beloved-baunilha-bioten-6524338.html,bebe,2025-04-21,Continente
Pensos Higiénicos Ultrafina Noite Extra com Abas,8019304,2.29,"€2,29/un",Ausonia,Beleza e Higiene/Higiene Íntima/Pensos e Cuecas Menstruais,https://www.continente.pt/dw/image/v2/BDVS_PRD/on/demandware.static/-/Sites-col-master-catalog/default/dw43ee944b/images/col/801/8019304-hero.jpg?sw=280&sh=280,emb. 7 un,https://www.continente.pt/produto/pensos-higienicos-ultrafina-noite-extra-com-abas-ausonia-8019304.html,bebe,2025-04-21,Continente
Conjunto 2 Tetinas Silicone,511670,1.99,"€1,99/un",Happy Bear,Bebé/Chupetas e Mordedores/Chupetas,https://www.continente.pt/dw/image/v2/BDVS_PRD/on/demandware.static/-/Sites-col-master-catalog/default/dwb4d2e418/images/col/783/7831771-frente.jpg?sw=280&sh=280,1 un,https://www.continente.pt/produto/conjunto-2-tetinas-silicone-happy-bear-511670.html,bebe,2025-04-21,Continente
Loção Corpo Hidratante,7801753,2.5,"€10,00/lt",Soft&Co,Beleza e Higiene/Corpo/Cremes e Loções,https://www.continente.pt/dw/image/v2/BDVS_PRD/on/demandware.static/-/Sites-col-master-catalog/default/dw05214754/images/col/780/7801753-frente.jpg?sw=280&sh=280,emb. 250 ml,https://www.continente.pt/produto/locao-corpo-hidratante-soft-co-7801753.html,bebe,2025-04-21,Continente
Água Micelar,8020293,1.69,"€16,90/lt",MyLabel,Beleza e Higiene/Rosto/Limpeza,https://www.continente.pt/dw/image/v2/BDVS_PRD/on/demandware.static/-/Sites-col-master-catalog/default/dw46821a3e/images/col/802/8020293-frente.jpg?sw=280&sh=280,emb. 100 ml,https://www.continente.pt/produto/agua-micelar-mylabel-8020293.html,bebe,2025-04-21,Continente
Pensos Higiénicos Ultrafina Noite com Abas,6045250,2.29,"€0,25/un",Ausonia,Beleza e Higiene/Higiene Íntima/Pensos e Cuecas Menstruais,https://www.continente.pt/dw/image/v2/BDVS_PRD/on/demandware.static/-/Sites-col-master-catalog/default/dw1884ab0d/images/col/604/6045250-hero.jpg?sw=280&sh=280,emb. 9 un,https://www.continente.pt/produto/pensos-higienicos-ultrafina-noite-com-abas-ausonia-6045250.html,bebe,2025-04-21,Continente
Creme Corpo Soft,7613885,1.85,"€6,17/lt",MyLabel,Beleza e Higiene/Corpo/Cremes e Loções,https://www.continente.pt/dw/image/v2/BDVS_PRD/on/demandware.static/-/Sites-col-master-catalog/default/dwd36d72fc/images/col/761/7613885-frente.jpg?sw=280&sh=280,emb. 300 ml,https://www.continente.pt/produto/creme-corpo-soft-mylabel-7613885.html,bebe,2025-04-21,Continente
Saqueta de Fruta Maçã e Morango +3A,6395062,0.68,"€7,56/kg",GoGo squeeZ,"Mercearia/Alimentação Infantil/Boiões, Saquetas e Puré de Fruta",https://www.continente.pt/dw/image/v2/BDVS_PRD/on/demandware.static/-/Sites-col-master-catalog/default/dw0f680c6f/images/col/639/6395062-frente.png?sw=280&sh=280,emb. 90 gr,https://www.continente.pt/produto/saqueta-de-fruta-maca-e-morango-3a-gogo-squeez-6395062.html,bebe,2025-04-21,Continente
Saco Dormir,512015,49.99,"€49,99/un",Twinko,Bebé/Proteção e Conforto/Almofadas e Ninhos,https://www.continente.pt/dw/image/v2/BDVS_PRD/on/demandware.static/-/Sites-col-master-catalog/default/dw2d752272/images/col/806/8069750-topshot.jpg?sw=280&sh=280,1 un,https://www.continente.pt/produto/saco-dormir-twinko-512015.html,bebe,2025-04-21,Continente
Luz de Presença Silicone Branca,7926904,16.09,"€16,09/un",Jané,Bebé/Proteção e Conforto/Segurança em Casa,https://www.continente.pt/dw/image/v2/BDVS_PRD/on/demandware.static/-/Sites-col-master-catalog/default/dw65da4ffe/images/col/792/7926904-frente.jpg?sw=280&sh=280,1 un,https://www.continente.pt/produto/luz-de-presenca-silicone-branca-jane-7926904.html,bebe,2025-04-21,Continente
Bluey Brinca na Praia - Livro de Atividades,8081095,8.96,"€8,96/un",Vários Autores,Livraria e Papelaria/Livros/Infantis/Livros de Atividades,https://www.continente.pt/dw/image/v2/BDVS_PRD/on/demandware.static/-/Sites-col-master-catalog/default/dw40dc6327/images/col/808/8081095-topshot.jpg?sw=280&sh=280,,https://www.continente.pt/produto/bluey-brinca-na-praia---livro-de-atividades-varios-autores-8081095.html,bebe,2025-04-21,Continente
Fraldas Ecológicas 14+kg T6,7800159,12.99,"€0,54/un",Kit&Kin,Bebé/Fraldas e Toalhitas/Fraldas 13-18kg/+18kg (T5 e T6),https://www.continente.pt/dw/image/v2/BDVS_PRD/on/demandware.static/-/Sites-col-master-catalog/default/dw08b77d60/images/col/780/7800159-frente.jpg?sw=280&sh=280,emb. 24 un,https://www.continente.pt/produto/fraldas-ecologicas-14kg-t6-kit-kin-7800159.html,bebe,2025-04-21,Continente
A Minha Fofa Lagarta,7653577,17.99,"€17,99/un",Yoyo Studios,Livraria e Papelaria/Livros/Infantis/Bebé,https://www.continente.pt/dw/image/v2/BDVS_PRD/on/demandware.static/-/Sites-col-master-catalog/default/dwa7f997ac/images/col/765/7653577-frente.jpg?sw=280&sh=280,,https://www.continente.pt/produto/a-minha-fofa-lagarta-yoyo-studios-7653577.html,bebe,2025-04-21,Continente
Almofada Anti-sufoco 35x21cm Bigo,6953850,6.99,"€6,99/un",Happy Bear,Bebé/Proteção e Conforto/Almofadas e Ninhos,https://www.continente.pt/dw/image/v2/BDVS_PRD/on/demandware.static/-/Sites-col-master-catalog/default/dw250a0b12/images/col/695/6953850-frente.jpg?sw=280&sh=280,1 un,https://www.continente.pt/produto/almofada-anti-sufoco-35x21cm-bigo-happy-bear-6953850.html,bebe,2025-04-21,Continente
O Meu Primeiro Livro - Pequeno Leão,7968326,9.99,"€9,99/un",Yoyo Studios,Livraria e Papelaria/Livros/Infantis/Bebé,https://www.continente.pt/dw/image/v2/BDVS_PRD/on/demandware.static/-/Sites-col-master-catalog/default/dw69ada898/images/col/796/7968326-frente.jpg?sw=280&sh=280,,https://www.continente.pt/produto/o-meu-primeiro-livro---pequeno-leao-yoyo-studios-7968326.html,bebe,2025-04-21,Continente
My Little Pony - Aventuras Mágicas,8067122,8.96,"€8,96/un",Vários Autores,Livraria e Papelaria/Livros/Infantis/Livros de Atividades,https://www.continente.pt/dw/image/v2/BDVS_PRD/on/demandware.static/-/Sites-col-master-catalog/default/dwe479dea7/images/col/806/8067122-topshot.jpg?sw=280&sh=280,,https://www.continente.pt/produto/my-little-pony---aventuras-magicas-varios-autores-8067122.html,bebe,2025-04-21,Continente
Carrinho de Passeio Bege América 3,8176236,119.2,"€119,20/un",Asalvo,Bebé/Passeio e Viagem/Carrinhos de Passeio,https://www.continente.pt/dw/image/v2/BDVS_PRD/on/demandware.static/-/Sites-col-master-catalog/default/dwbdcbc424/images/col/817/8176236-frente.jpg?sw=280&sh=280,1 un,https://www.continente.pt/produto/carrinho-de-passeio-bege-america-3-asalvo-8176236.html,bebe,2025-04-21,Continente
Loção Corpo Frutos Bosque,8125389,6.59,"€18,31/lt",Natural Honey,Beleza e Higiene/Corpo/Cremes e Loções,https://www.continente.pt/dw/image/v2/BDVS_PRD/on/demandware.static/-/Sites-col-master-catalog/default/dw6fc7e796/images/col/812/8125389-frente.png?sw=280&sh=280,emb. 360 ml,https://www.continente.pt/produto/locao-corpo-frutos-bosque-natural-honey-8125389.html,bebe,2025-04-21,Continente
Óleo Corpo Camelina,8122046,9.99,"€249,75/lt",Soft&Co,Beleza e Higiene/Corpo/Cremes e Loções,https://www.continente.pt/dw/image/v2/BDVS_PRD/on/demandware.static/-/Sites-col-master-catalog/default/dw63abc56d/images/col/812/8122046-frente.png?sw=280&sh=280,emb. 40 ml,https://www.continente.pt/produto/oleo-corpo-camelina-soft-co-8122046.html,bebe,2025-04-21,Continente
Almofada de Amamentação Estrelas Cinza,7589321,31.99,"€31,99/un",Tinéo,Bebé/Maternidade e Amamentação/Almofadas de Amamentação,https://www.continente.pt/dw/image/v2/BDVS_PRD/on/demandware.static/-/Sites-col-master-catalog/default/dw104bc4ff/images/col/758/7589321-frente.jpg?sw=280&sh=280,1 un,https://www.continente.pt/produto/almofada-de-amamentacao-estrelas-cinza-tineo-7589321.html,bebe,2025-04-21,Continente
Cadeira de Refeição Lily Verde,7831599,59.99,"€59,99/un",Bebeconfort,"Bebé/Alimentação, Leites e Acessórios/Cadeiras de Refeição",https://www.continente.pt/dw/image/v2/BDVS_PRD/on/demandware.static/-/Sites-col-master-catalog/default/dw70210998/images/col/783/7831599-frente.jpg?sw=280&sh=280,1 un,https://www.continente.pt/produto/cadeira-de-refeicao-lily-verde-bebeconfort-7831599.html,bebe,2025-04-21,Continente
Toalha Banho Bambu,512006,34.99,"€34,99/un",Twinko,Bebé/Banho e Higiene/Toalhas de Banho,https://www.continente.pt/dw/image/v2/BDVS_PRD/on/demandware.static/-/Sites-col-master-catalog/default/dwd70c496b/images/col/806/8069746-topshot.jpg?sw=280&sh=280,1 un,https://www.continente.pt/produto/toalha-banho-bambu-twinko-512006.html,bebe,2025-04-21,Continente
Ninho de Bebé,512009,44.99,"€44,99/un",Twinko,Bebé/Proteção e Conforto/Almofadas e Ninhos,https://www.continente.pt/dw/image/v2/BDVS_PRD/on/demandware.static/-/Sites-col-master-catalog/default/dw0e392bef/images/col/806/8069719-topshot.jpg?sw=280&sh=280,1 un,https://www.continente.pt/produto/ninho-de-bebe-twinko-512009.html,bebe,2025-04-21,Continente
Cama de Grades Evolutiva Madeira Branca Lydia,8121867,399.0,"€399,00/un",Twinko,"Bebé/Quarto de Bebé/Camas, Berços e Colchões",https://www.continente.pt/dw/image/v2/BDVS_PRD/on/demandware.static/-/Sites-col-master-catalog/default/dwe7c450ac/images/col/812/8121867-frente.jpg?sw=280&sh=280,1 un,https://www.continente.pt/produto/cama-de-grades-evolutiva-madeira-branca-lydia-twinko-8121867.html,bebe,2025-04-21,Continente
Estante com 3 Gavetas 42x183x50cm Dalia,8022801,229.0,"€229,00/un",Twinko,Bebé/Quarto de Bebé/Mobiliário,https://www.continente.pt/dw/image/v2/BDVS_PRD/on/demandware.static/-/Sites-col-master-catalog/default/dw87df099a/images/col/802/8022801-frente.jpg?sw=280&sh=280,1 un,https://www.continente.pt/produto/estante-com-3-gavetas-42x183x50cm-dalia-twinko-8022801.html,bebe,2025-04-21,Continente
Cama de Grades Madeira 125x66cm,512115,319.0,"€319,00/un",Twinko,"Bebé/Quarto de Bebé/Camas, Berços e Colchões",https://www.continente.pt/dw/image/v2/BDVS_PRD/on/demandware.static/-/Sites-col-master-catalog/default/dw1577c61c/images/col/812/8121894-direito.jpg?sw=280&sh=280,1 un,https://www.continente.pt/produto/cama-de-grades-madeira-125x66cm-twinko-512115.html,bebe,2025-04-21,Continente
Cómoda 160x79x40cm Dream,361877,346.99,"€346,99/un",Lourini,Bebé/Quarto de Bebé/Mobiliário,https://www.continente.pt/dw/image/v2/BDVS_PRD/on/demandware.static/-/Sites-col-master-catalog/default/dw49b24e2f/images/col/812/8120079-frente.jpg?sw=280&sh=280,1 un,https://www.continente.pt/produto/comoda-160x79x40cm-dream-lourini-361877.html,bebe,2025-04-21,Continente
"Prateleira com cabides 68x17,7x29cm Ochna",8121806,49.99,"€49,99/un",Twinko,Bebé/Quarto de Bebé/Mobiliário,https://www.continente.pt/dw/image/v2/BDVS_PRD/on/demandware.static/-/Sites-col-master-catalog/default/dw5dd75328/images/col/812/8121806-frente.jpg?sw=280&sh=280,1 un,https://www.continente.pt/produto/prateleira-com-cabides-68x177x29cm-ochna-twinko-8121806.html,bebe,2025-04-21,Continente
Cadeira Dobrável Harry Potter,7998134,16.99,"€16,99/un",Harry Potter,Bebé/Quarto de Bebé/Mobiliário,https://www.continente.pt/dw/image/v2/BDVS_PRD/on/demandware.static/-/Sites-col-master-catalog/default/dw48dafcdf/images/col/799/7998134-frente.jpg?sw=280&sh=280,1 un,https://www.continente.pt/produto/cadeira-dobravel-harry-potter-harry-potter-7998134.html,bebe,2025-04-21,Continente
Biberão 360ml Physio Lavanda L,7982961,7.99,"€7,99/un",Bebeconfort,Bebé/Puericultura,https://www.continente.pt/dw/image/v2/BDVS_PRD/on/demandware.static/-/Sites-col-master-catalog/default/dwcb8930dd/images/col/798/7982961-frente.jpg?sw=280&sh=280,1 un,https://www.continente.pt/produto/biberao-360ml-physio-lavanda-l-bebeconfort-7982961.html,bebe,2025-04-21,Continente
Pack 2 Fraldas Lisa e Bordado Rosa,7647045,7.99,"€7,99/un",Happy Bear,Bebé/Quarto de Bebé/Fraldas de Pano,https://www.continente.pt/dw/image/v2/BDVS_PRD/on/demandware.static/-/Sites-col-master-catalog/default/dw847a32dc/images/col/764/7647045-frente.jpg?sw=280&sh=280,1 un,https://www.continente.pt/produto/pack-2-fraldas-lisa-e-bordado-rosa-happy-bear-7647045.html,bebe,2025-04-21,Continente
Conjunto 3 Peças Lençol Navios Azul,7647031,19.99,"€19,99/un",Happy Bear,Bebé/Quarto de Bebé/Lençóis,https://www.continente.pt/dw/image/v2/BDVS_PRD/on/demandware.static/-/Sites-col-master-catalog/default/dw7d4a9162/images/col/764/7647031-frente.jpg?sw=280&sh=280,1 un,https://www.continente.pt/produto/conjunto-3-pecas-lencol-navios-azul-happy-bear-7647031.html,bebe,2025-04-21,Continente
Protetores de Tomadas com Chave,5856106,3.99,"€3,99/un",Tigex,Bebé/Proteção e Conforto/Segurança em Casa,https://www.continente.pt/dw/image/v2/BDVS_PRD/on/demandware.static/-/Sites-col-master-catalog/default/dw2d9976b8/images/col/585/5856106-frente.jpg?sw=280&sh=280,12 un,https://www.continente.pt/produto/protetores-de-tomadas-com-chave-tigex-5856106.html,bebe,2025-04-21,Continente
Almofada Ergonómica Plagio,6866551,29.99,"€29,99/un",Jané,Bebé/Proteção e Conforto/Almofadas e Ninhos,https://www.continente.pt/dw/image/v2/BDVS_PRD/on/demandware.static/-/Sites-col-master-catalog/default/dwb6bb6ae3/images/col/686/6866551-frente-2.jpg?sw=280&sh=280,1 un,https://www.continente.pt/produto/almofada-ergonomica-plagio-jane-6866551.html,bebe,2025-04-21,Continente
1-2-3 Vamos Contar - Vaca - Azul,7610955,13.49,"€13,49/un",Yoyo Studios,Livraria e Papelaria/Livros/Infantis/Bebé,https://www.continente.pt/dw/image/v2/BDVS_PRD/on/demandware.static/-/Sites-col-master-catalog/default/dwac35b9ee/images/col/761/7610955-frente.png?sw=280&sh=280,,https://www.continente.pt/produto/1-2-3-vamos-contar---vaca---azul-yoyo-studios-7610955.html,bebe,2025-04-21,Continente
1-2-3 Vamos Contar - Elefante - Verde,7610956,13.49,"€13,49/un",Yoyo Studios,Livraria e Papelaria/Livros/Infantis/Bebé,https://www.continente.pt/dw/image/v2/BDVS_PRD/on/demandware.static/-/Sites-col-master-catalog/default/dw8b71f37d/images/col/761/7610956-frente.png?sw=280&sh=280,,https://www.continente.pt/produto/1-2-3-vamos-contar---elefante---verde-yoyo-studios-7610956.html,bebe,2025-04-21,Continente
"Nada, Peixinho!",7835668,9.81,"€9,81/un",Vários Autores,Livraria e Papelaria/Livros/Infantis/Bebé,https://www.continente.pt/dw/image/v2/BDVS_PRD/on/demandware.static/-/Sites-col-master-catalog/default/dw2b4eef82/images/col/783/7835668-frente.png?sw=280&sh=280,,https://www.continente.pt/produto/nada-peixinho-varios-autores-7835668.html,bebe,2025-04-21,Continente
Cadeira de Repouso com Vibração e Música,7997246,79.99,"€79,99/un",Bright Stars,Bebé/Quarto de Bebé/Espreguiçadeiras,https://www.continente.pt/dw/image/v2/BDVS_PRD/on/demandware.static/-/Sites-col-master-catalog/default/dwd89ccc90/images/col/799/7997246-frente.jpg?sw=280&sh=280,1 un,https://www.continente.pt/produto/cadeira-de-repouso-com-vibracao-e-musica-bright-stars-7997246.html,bebe,2025-04-21,Continente
Andador Jungle Vines,7723809,55.99,"€55,99/un",Bright Stars,Bebé/Quarto de Bebé/Parques e Andadores,https://www.continente.pt/dw/image/v2/BDVS_PRD/on/demandware.static/-/Sites-col-master-catalog/default/dwf4f77041/images/col/772/7723809-frente.jpg?sw=280&sh=280,1 un,https://www.continente.pt/produto/andador-jungle-vines-bright-stars-7723809.html,bebe,2025-04-21,Continente
Toalha de Banho Ratinho,8389613,29.99,"€29,99/un",,Bebé/Banho e Higiene/Toalhas de Banho,https://www.continente.pt/dw/image/v2/BDVS_PRD/on/demandware.static/-/Sites-col-master-catalog/default/dw109a85b4/images/col/838/8389613-frente.jpg?sw=280&sh=280,1 un,https://www.continente.pt/produto/toalha-de-banho-ratinho-8389613.html,bebe,2025-04-21,Continente
Educar em Tempos de Crise,7382418,15.3,"€15,30/un",Sofia Tavares,Livraria e Papelaria/Livros/Saúde e Bem-Estar/Gravidez e Puericultura,https://www.continente.pt/dw/image/v2/BDVS_PRD/on/demandware.static/-/Sites-col-master-catalog/default/dw08d60fd1/images/col/738/7382418-frente.jpg?sw=280&sh=280,,https://www.continente.pt/produto/educar-em-tempos-de-crise-sofia-tavares-7382418.html,bebe,2025-04-21,Continente
Leite Corpo Tahiti,7752138,6.99,,Lovea,Beleza e Higiene/Corpo/Cremes e Loções,https://www.continente.pt/dw/image/v2/BDVS_PRD/on/demandware.static/-/Sites-col-master-catalog/default/dw42a1d2a5/images/col/775/7752138-frente.jpg?sw=280&sh=280,emb. 250 ml,https://www.continente.pt/produto/leite-corpo-tahiti-lovea-7752138.html,bebe,2025-04-21,Continente
Amigos do Safari Hide & Pop,7415881,16.99,"€16,99/un",Zoko Happy Bear,Brinquedos e Jogos/Bebé e Peluches/Didáticos e Interativos,https://www.continente.pt/dw/image/v2/BDVS_PRD/on/demandware.static/-/Sites-col-master-catalog/default/dwbf8677b2/images/col/741/7415881-frente.jpg?sw=280&sh=280,,https://www.continente.pt/produto/amigos-do-safari-hide-pop-zoko-happy-bear-7415881.html,bebe,2025-04-21,Continente
Cama de Grades Madeira Branca e Cinza Nati,8022802,249.0,"€249,00/un",Twinko,"Bebé/Quarto de Bebé/Camas, Berços e Colchões",https://www.continente.pt/dw/image/v2/BDVS_PRD/on/demandware.static/-/Sites-col-master-catalog/default/dw131aa1d1/images/col/802/8022802-frente.jpg?sw=280&sh=280,1 un,https://www.continente.pt/produto/cama-de-grades-madeira-branca-e-cinza-nati-twinko-8022802.html,bebe,2025-04-21,Continente
Laboratório de Emoções,7627073,14.85,"€14,85/un",Tânia Correia,Livraria e Papelaria/Livros/Saúde e Bem-Estar/Gravidez e Puericultura,https://www.continente.pt/dw/image/v2/BDVS_PRD/on/demandware.static/-/Sites-col-master-catalog/default/dw5b6c10e1/images/col/762/7627073-frente.jpg?sw=280&sh=280,,https://www.continente.pt/produto/laboratorio-de-emocoes-tania-correia-7627073.html,bebe,2025-04-21,Continente
"Avó, Conta-me Como Foi",7747972,16.9,"€16,90/un",Vários Autores,Livraria e Papelaria/Livros/Saúde e Bem-Estar/Gravidez e Puericultura,https://www.continente.pt/dw/image/v2/BDVS_PRD/on/demandware.static/-/Sites-col-master-catalog/default/dw67e370c2/images/col/774/7747972-frente.jpg?sw=280&sh=280,,https://www.continente.pt/produto/avo-conta-me-como-foi-varios-autores-7747972.html,bebe,2025-04-21,Continente
Colher de Silicone com Caixa +3M (várias cores),7267547,7.99,"€7,99/un",Nuby,"Bebé/Alimentação, Leites e Acessórios/Pratos, Copos e Termos",https://www.continente.pt/dw/image/v2/BDVS_PRD/on/demandware.static/-/Sites-col-master-catalog/default/dw623317c1/images/col/726/7267547-frente.jpg?sw=280&sh=280,1 un,https://www.continente.pt/produto/colher-de-silicone-com-caixa-3m-varias-cores-nuby-7267547.html,bebe,2025-04-21,Continente
Hora do Banho - Elefante,7747994,5.99,"€5,98/un",Vários Autores,Livraria e Papelaria/Livros/Infantis/Bebé,https://www.continente.pt/dw/image/v2/BDVS_PRD/on/demandware.static/-/Sites-col-master-catalog/default/dw866c9dfb/images/col/774/7747994-frente.jpg?sw=280&sh=280,,https://www.continente.pt/produto/hora-do-banho---elefante-varios-autores-7747994.html,bebe,2025-04-21,Continente
Canal Panda - As Cores e As Formas,8229011,12.96,"€12,96/un",Vários Autores,Livraria e Papelaria/Livros/Infantis/Bebé,https://www.continente.pt/dw/image/v2/BDVS_PRD/on/demandware.static/-/Sites-col-master-catalog/default/dwa15a9db4/images/col/822/8229011-topshot.jpg?sw=280&sh=280,,https://www.continente.pt/produto/canal-panda---as-cores-e-as-formas-varios-autores-8229011.html,bebe,2025-04-21,Continente
Ouriço Dorme com as Estrelas,7408910,19.99,"€19,99/un",Zoko Happy Bear,Brinquedos e Jogos/Bebé e Peluches/Peluches,https://www.continente.pt/dw/image/v2/BDVS_PRD/on/demandware.static/-/Sites-col-master-catalog/default/dwfa0373e5/images/col/740/7408910-frente.jpg?sw=280&sh=280,,https://www.continente.pt/produto/ourico-dorme-com-as-estrelas-zoko-happy-bear-7408910.html,bebe,2025-04-21,Continente
O Mar,7680331,9.81,"€9,81/un",Marion Billet,Livraria e Papelaria/Livros/Saúde e Bem-Estar/Saúde e Bem-estar,https://www.continente.pt/dw/image/v2/BDVS_PRD/on/demandware.static/-/Sites-col-master-catalog/default/dw68f2f277/images/col/768/7680331-frente.jpg?sw=280&sh=280,,https://www.continente.pt/produto/o-mar-marion-billet-7680331.html,bebe,2025-04-21,Continente
Toalha Banho 75x75cm Urso,511677,17.99,"€17,99/un",Happy Bear,Bebé/Banho e Higiene/Toalhas de Banho,https://www.continente.pt/dw/image/v2/BDVS_PRD/on/demandware.static/-/Sites-col-master-catalog/default/dw408e88cd/images/col/779/7797519-frente.jpg?sw=280&sh=280,1 un,https://www.continente.pt/produto/toalha-banho-75x75cm-urso-happy-bear-511677.html,bebe,2025-04-21,Continente
Conjunto Evolutivo de Higiene Oral +3M,5258775,8.99,"€8,99/un",Tigex,Bebé/Banho e Higiene/Saúde e Bem-Estar,https://www.continente.pt/dw/image/v2/BDVS_PRD/on/demandware.static/-/Sites-col-master-catalog/default/dw133ff66c/images/col/525/5258775-frente-online.jpg?sw=280&sh=280,1 un,https://www.continente.pt/produto/conjunto-evolutivo-de-higiene-oral-3m-tigex-5258775.html,bebe,2025-04-21,Continente
Biberão 250ml Silicone Normal +2M,6547748,4.79,"€4,79/un",Neo Baby,"Bebé/Alimentação, Leites e Acessórios/Biberões e Acessórios",https://www.continente.pt/dw/image/v2/BDVS_PRD/on/demandware.static/-/Sites-col-master-catalog/default/dw8c7125c3/images/col/654/6547748-frente-semembalagem.jpg?sw=280&sh=280,1 un,https://www.continente.pt/produto/biberao-250ml-silicone-normal-2m-neo-baby-6547748.html,bebe,2025-04-21,Continente
Loção Corpo Shea Butter,7614606,6.99,"€17,48/lt",Dove,Beleza e Higiene/Corpo/Cremes e Loções,https://www.continente.pt/dw/image/v2/BDVS_PRD/on/demandware.static/-/Sites-col-master-catalog/default/dwd2732818/images/col/761/7614606-hero.jpg?sw=280&sh=280,emb. 400 ml,https://www.continente.pt/produto/locao-corpo-shea-butter-dove-7614606.html,bebe,2025-04-21,Continente
Manteiga Corpo Manga,8168314,5.99,"€5,99/un",Body Natur,Beleza e Higiene/Corpo/Cremes e Loções,https://www.continente.pt/dw/image/v2/BDVS_PRD/on/demandware.static/-/Sites-col-master-catalog/default/dw851c774a/images/col/816/8168314-frente.jpg?sw=280&sh=280,emb. 1 un,https://www.continente.pt/produto/manteiga-corpo-manga-body-natur-8168314.html,bebe,2025-04-21,Continente
Ser Pai,7575979,13.9,"€13,90/un",João Valente,Livraria e Papelaria/Livros/Saúde e Bem-Estar/Gravidez e Puericultura,https://www.continente.pt/dw/image/v2/BDVS_PRD/on/demandware.static/-/Sites-col-master-catalog/default/dw47e8b2b4/images/col/757/7575979-frente.jpg?sw=280&sh=280,,https://www.continente.pt/produto/ser-pai-joao-valente-7575979.html,bebe,2025-04-21,Continente
Loção Corpo Body Love Óleo de Abacate,7703630,6.99,"€17,48/lt",Dove,Beleza e Higiene/Corpo/Cremes e Loções,https://www.continente.pt/dw/image/v2/BDVS_PRD/on/demandware.static/-/Sites-col-master-catalog/default/dwe76aacbc/images/col/770/7703630-hero.jpg?sw=280&sh=280,emb. 400 ml,https://www.continente.pt/produto/locao-corpo-body-love-oleo-de-abacate-dove-7703630.html,bebe,2025-04-21,Continente
Forra Cadeira Refeição Minnie,7804060,24.99,"€24,99/un",Plastimyr,"Bebé/Alimentação, Leites e Acessórios/Cadeiras de Refeição",https://www.continente.pt/dw/image/v2/BDVS_PRD/on/demandware.static/-/Sites-col-master-catalog/default/dw2f6b8a74/images/col/780/7804060-frente.jpg?sw=280&sh=280,1 un,https://www.continente.pt/produto/forra-cadeira-refeicao-minnie-plastimyr-7804060.html,bebe,2025-04-21,Continente
O Meu Caderno Secreto da Tinta Invisível,8094238,11.61,"€11,61/un",Vários Autores,Livraria e Papelaria/Livros/Infantis/Livros de Atividades,https://www.continente.pt/dw/image/v2/BDVS_PRD/on/demandware.static/-/Sites-col-master-catalog/default/dw46400c6e/images/col/809/8094238-topshot.jpg?sw=280&sh=280,,https://www.continente.pt/produto/o-meu-caderno-secreto-da-tinta-invisivel-varios-autores-8094238.html,bebe,2025-04-21,Continente
Gel Higiene Íntima Iogurte,7136397,4.89,"€24,45/lt",Fresh&Clean,Beleza e Higiene/Higiene Íntima/Gel e Sabonetes Íntimos,https://www.continente.pt/dw/image/v2/BDVS_PRD/on/demandware.static/-/Sites-col-master-catalog/default/dw995b2d48/images/col/713/7136397-frente.jpg?sw=280&sh=280,emb. 200 ml,https://www.continente.pt/produto/gel-higiene-intima-iogurte-fresh-clean-7136397.html,bebe,2025-04-21,Continente
Cadeira Auto I-Size 76-150cm Isofix Cinza Roady,7926705,95.2,"€95,20/un",Jané,Bebé/Cadeiras Auto,https://www.continente.pt/dw/image/v2/BDVS_PRD/on/demandware.static/-/Sites-col-master-catalog/default/dw98d92ff4/images/col/792/7926705-esquerdo.jpg?sw=280&sh=280,1 un,https://www.continente.pt/produto/cadeira-auto-i-size-76-150cm-isofix-cinza-roady-jane-7926705.html,bebe,2025-04-21,Continente
Banheira com Redutor Onda (várias cores),5452722,29.99,"€29,99/un",Ok Baby,Bebé/Banho e Higiene/Banheiras e Assentos,https://www.continente.pt/dw/image/v2/BDVS_PRD/on/demandware.static/-/Sites-col-master-catalog/default/dw48edc8de/images/col/545/5452722-frente.jpg?sw=280&sh=280,1 un,https://www.continente.pt/produto/banheira-com-redutor-onda-varias-cores-ok-baby-5452722.html,bebe,2025-04-21,Continente
Cadeira Auto I-Size 100-150cm Isofix Cinza Two,7805758,95.2,"€95,20/un",Play,Bebé/Cadeiras Auto,https://www.continente.pt/dw/image/v2/BDVS_PRD/on/demandware.static/-/Sites-col-master-catalog/default/dw659d398d/images/col/780/7805758-frente.jpg?sw=280&sh=280,1 un,https://www.continente.pt/produto/cadeira-auto-i-size-100-150cm-isofix-cinza-two-play-7805758.html,bebe,2025-04-21,Continente
Não Quero Fraldas,7537786,14.36,"€14,36/un",Miriam Gonçalves,Livraria e Papelaria/Livros/Saúde e Bem-Estar/Gravidez e Puericultura,https://www.continente.pt/dw/image/v2/BDVS_PRD/on/demandware.static/-/Sites-col-master-catalog/default/dw4de9d7a3/images/col/753/7537786-frente.jpg?sw=280&sh=280,,https://www.continente.pt/produto/nao-quero-fraldas-miriam-goncalves-7537786.html,bebe,2025-04-21,Continente
Organizador de Viagem de 8 Bolsas Disney Minnie,8299525,16.99,"€16,99/un",Disney Minnie,Bebé/Passeio e Viagem/Marsúpios e Acessórios de Passeio,https://www.continente.pt/dw/image/v2/BDVS_PRD/on/demandware.static/-/Sites-col-master-catalog/default/dw35de631f/images/col/829/8299525-direito.jpg?sw=280&sh=280,1 un,https://www.continente.pt/produto/organizador-de-viagem-de-8-bolsas-disney-minnie-disney-minnie-8299525.html,bebe,2025-04-21,Continente
A Joaninha Doentinha,7127672,6.21,"€6,21/un",Annalisa Lay,Livraria e Papelaria/Livros/Infantis/Bebé,https://www.continente.pt/dw/image/v2/BDVS_PRD/on/demandware.static/-/Sites-col-master-catalog/default/dwb9edf195/images/col/712/7127672-frente.jpg?sw=280&sh=280,,https://www.continente.pt/produto/a-joaninha-doentinha-annalisa-lay-7127672.html,bebe,2025-04-21,Continente
Toca e Descobre - Hora Da Papinha,7420516,5.39,"€5,39/un",Vários Autores,Livraria e Papelaria/Livros/Infantis/Bebé,https://www.continente.pt/dw/image/v2/BDVS_PRD/on/demandware.static/-/Sites-col-master-catalog/default/dw299c0eb7/images/col/742/7420516-frente.jpg?sw=280&sh=280,,https://www.continente.pt/produto/toca-e-descobre---hora-da-papinha-varios-autores-7420516.html,bebe,2025-04-21,Continente
Ninho Ratinho,8389612,74.99,"€74,99/un",,Bebé/Proteção e Conforto/Almofadas e Ninhos,https://www.continente.pt/dw/image/v2/BDVS_PRD/on/demandware.static/-/Sites-col-master-catalog/default/dw9d6ee129/images/col/838/8389612-direito.jpg?sw=280&sh=280,1 un,https://www.continente.pt/produto/ninho-ratinho-8389612.html,bebe,2025-04-21,Continente
Toca e Sente do Bebé - Gatinhos,7106574,6.75,"€6,75/un",Vários Autores,Livraria e Papelaria/Livros/Infantis/Bebé,https://www.continente.pt/dw/image/v2/BDVS_PRD/on/demandware.static/-/Sites-col-master-catalog/default/dw6da728da/images/col/710/7106574-frente.jpg?sw=280&sh=280,,https://www.continente.pt/produto/toca-e-sente-do-bebe---gatinhos-varios-autores-7106574.html,bebe,2025-04-21,Continente
Assento Auto I-Size 125-150cm Isofix Dokka Fix,383779,35.99,"€35,99/un",Babyauto,Bebé/Cadeiras Auto/I-Size 125-150cm,https://www.continente.pt/dw/image/v2/BDVS_PRD/on/demandware.static/-/Sites-col-master-catalog/default/dw89306384/images/col/829/8293471-frente.jpg?sw=280&sh=280,1 un,https://www.continente.pt/produto/assento-auto-i-size-125-150cm-isofix-dokka-fix-babyauto-383779.html,bebe,2025-04-21,Continente
Tenda Pop Up Peppa Pig,7734142,21.24,"€21,24/un",Peppa Pig,Bebé/Quarto de Bebé/Mobiliário,https://www.continente.pt/dw/image/v2/BDVS_PRD/on/demandware.static/-/Sites-col-master-catalog/default/dw9b32d523/images/col/773/7734142-frente.jpg?sw=280&sh=280,1 un,https://www.continente.pt/produto/tenda-pop-up-peppa-pig-peppa-pig-7734142.html,bebe,2025-04-21,Continente
Olha - Estou Feliz!,7925420,8.96,"€8,96/un",Vários Autores,Livraria e Papelaria/Livros/Infantis/Bebé,https://www.continente.pt/dw/image/v2/BDVS_PRD/on/demandware.static/-/Sites-col-master-catalog/default/dw8c0f8be4/images/col/792/7925420-topshot.png?sw=280&sh=280,,https://www.continente.pt/produto/olha---estou-feliz-varios-autores-7925420.html,bebe,2025-04-21,Continente
"Conjunto de Mesa, 2 Cadeiras e Guarda-sol Disney Mickey",8299555,67.99,"€67,99/un",Disney Mickey,Bebé/Quarto de Bebé/Espreguiçadeiras,https://www.continente.pt/dw/image/v2/BDVS_PRD/on/demandware.static/-/Sites-col-master-catalog/default/dw4b6ff896/images/col/829/8299555-frente.jpg?sw=280&sh=280,4 un,https://www.continente.pt/produto/conjunto-de-mesa-2-cadeiras-e-guarda-sol-disney-mickey-disney-mickey-8299555.html,bebe,2025-04-21,Continente
Cadeira Dobrável com Braços George Pig,8299541,16.99,"€16,99/un",Peppa Pig,Bebé/Quarto de Bebé/Espreguiçadeiras,https://www.continente.pt/dw/image/v2/BDVS_PRD/on/demandware.static/-/Sites-col-master-catalog/default/dw493ad243/images/col/829/8299541-frente.jpg?sw=280&sh=280,1 un,https://www.continente.pt/produto/cadeira-dobravel-com-bracos-george-pig-peppa-pig-8299541.html,bebe,2025-04-21,Continente
Loção Corpo Advance Repair Pele Seca,7647756,6.59,"€16,48/lt",Vaseline,Beleza e Higiene/Corpo/Cremes e Loções,https://www.continente.pt/dw/image/v2/BDVS_PRD/on/demandware.static/-/Sites-col-master-catalog/default/dw6519cb2e/images/col/764/7647756-hero.jpg?sw=280&sh=280,emb. 400 ml,https://www.continente.pt/produto/locao-corpo-advance-repair-pele-seca-vaseline-7647756.html,bebe,2025-04-21,Continente
Doudou Ursinho,510991,7.99,"€7,99/un",Interbaby,"Bebé/Quarto de Bebé/Colchas, Mantas e Edredões",https://www.continente.pt/dw/image/v2/BDVS_PRD/on/demandware.static/-/Sites-col-master-catalog/default/dw99d5ca9c/images/col/773/7731567-frente.jpg?sw=280&sh=280,1 un,https://www.continente.pt/produto/doudou-ursinho-interbaby-510991.html,bebe,2025-04-21,Continente
Andador Blocos Polícia,7451360,36.54,"€36,54/un",Feber,Brinquedos e Jogos/Brinquedos de Exterior/Veículos/Triciclos,https://www.continente.pt/dw/image/v2/BDVS_PRD/on/demandware.static/-/Sites-col-master-catalog/default/dw460118ea/images/col/745/7451360-frente.jpg?sw=280&sh=280,,https://www.continente.pt/produto/andador-blocos-policia-feber-7451360.html,bebe,2025-04-21,Continente
Pequenos Grandes Passos - Vamos Largar a Chucha,8067174,8.91,"€8,91/un",Marie Kyprianou,Livraria e Papelaria/Livros/Infantis/Bebé,https://www.continente.pt/dw/image/v2/BDVS_PRD/on/demandware.static/-/Sites-col-master-catalog/default/dw7c135778/images/col/806/8067174-topshot.jpg?sw=280&sh=280,,https://www.continente.pt/produto/pequenos-grandes-passos---vamos-largar-a-chucha-marie-kyprianou-8067174.html,bebe,2025-04-21,Continente
Panda - Números,5401852,8.99,"€8,99/un",Panda,Livraria e Papelaria/Livros/Infantis/Bebé,https://www.continente.pt/dw/image/v2/BDVS_PRD/on/demandware.static/-/Sites-col-master-catalog/default/dw28e567ab/images/col/540/5401852-frente.jpg?sw=280&sh=280,,https://www.continente.pt/produto/panda---numeros-panda-5401852.html,bebe,2025-04-21,Continente
O Sapo Simão,7778025,7.11,"€7,11/un",Kirsten Påbøl Hansen,Livraria e Papelaria/Livros/Infantis/Bebé,https://www.continente.pt/dw/image/v2/BDVS_PRD/on/demandware.static/-/Sites-col-master-catalog/default/dw4fbfae46/images/col/777/7778025-frente.jpg?sw=280&sh=280,,https://www.continente.pt/produto/o-sapo-simao-kirsten-p%C3%A5b%C3%B8l-hansen-7778025.html,bebe,2025-04-21,Continente
Conjunto Capa Edredão e Fronha Almofada Carros,8389621,44.99,"€44,99/un",,"Bebé/Quarto de Bebé/Colchas, Mantas e Edredões",https://www.continente.pt/dw/image/v2/BDVS_PRD/on/demandware.static/-/Sites-col-master-catalog/default/dw7e874758/images/col/838/8389621-frente.jpg?sw=280&sh=280,2 un,https://www.continente.pt/produto/conjunto-capa-edredao-e-fronha-almofada-carros-8389621.html,bebe,2025-04-21,Continente
Cama de Viagem Cinza Estrelas,7658003,69.99,"€69,99/un",Asalvo,Bebé/Passeio e Viagem/Camas de Viagem,https://www.continente.pt/dw/image/v2/BDVS_PRD/on/demandware.static/-/Sites-col-master-catalog/default/dw0cba4b9b/images/col/765/7658003-frente.jpg?sw=280&sh=280,1 un,https://www.continente.pt/produto/cama-de-viagem-cinza-estrelas-asalvo-7658003.html,bebe,2025-04-21,Continente
Carrinho de Passeio Cinza Sunlite,8081401,119.2,"€119,20/un",Bebeconfort,Bebé/Passeio e Viagem/Carrinhos de Passeio,https://www.continente.pt/dw/image/v2/BDVS_PRD/on/demandware.static/-/Sites-col-master-catalog/default/dw1112f9e0/images/col/808/8081401-frente.jpg?sw=280&sh=280,1 un,https://www.continente.pt/produto/carrinho-de-passeio-cinza-sunlite-bebeconfort-8081401.html,bebe,2025-04-21,Continente
Carrinho de Passeio Ingenious Mineral,511591,119.99,"€119,99/un",Bebeconfort,Bebé/Passeio e Viagem/Carrinhos de Passeio,https://www.continente.pt/dw/image/v2/BDVS_PRD/on/demandware.static/-/Sites-col-master-catalog/default/dw5fd92845/images/col/780/7806047-frente.jpg?sw=280&sh=280,1 un,https://www.continente.pt/produto/carrinho-de-passeio-ingenious-mineral-bebeconfort-511591.html,bebe,2025-04-21,Continente
Carrinho de Passeio Cinza Junior,7926651,111.2,"€111,20/un",Jané,Bebé/Passeio e Viagem/Carrinhos de Passeio,https://www.continente.pt/dw/image/v2/BDVS_PRD/on/demandware.static/-/Sites-col-master-catalog/default/dw30c58341/images/col/792/7926651-direito.jpg?sw=280&sh=280,1 un,https://www.continente.pt/produto/carrinho-de-passeio-cinza-junior-jane-7926651.html,bebe,2025-04-21,Continente
Conjunto Exterior Mesa e 2 Cadeiras Mickey,7594162,67.99,"€67,99/un",Disney Mickey,Bebé/Quarto de Bebé/Mobiliário,https://www.continente.pt/dw/image/v2/BDVS_PRD/on/demandware.static/-/Sites-col-master-catalog/default/dw3c6a5a87/images/col/759/7594162-frente.jpg?sw=280&sh=280,1 un,https://www.continente.pt/produto/conjunto-exterior-mesa-e-2-cadeiras-mickey-disney-mickey-7594162.html,bebe,2025-04-21,Continente
Assento de Banho Azul Anatomy,4369852,14.39,"€14,39/un",Tigex,Bebé/Banho e Higiene/Banheiras e Assentos,https://www.continente.pt/dw/image/v2/BDVS_PRD/on/demandware.static/-/Sites-col-master-catalog/default/dwdd6045a9/images/col/436/4369852-direito.jpg?sw=280&sh=280,1 un,https://www.continente.pt/produto/assento-de-banho-azul-anatomy-tigex-4369852.html,bebe,2025-04-21,Continente
Capa para carrinho Passeio,511998,49.99,"€49,99/un",Twinko,Bebé/Passeio e Viagem/Marsúpios e Acessórios de Passeio,https://www.continente.pt/dw/image/v2/BDVS_PRD/on/demandware.static/-/Sites-col-master-catalog/default/dwb224060b/images/col/806/8069753-frente.jpg?sw=280&sh=280,1 un,https://www.continente.pt/produto/capa-para-carrinho-passeio-twinko-511998.html,bebe,2025-04-21,Continente
Banheira Insuflável,3805365,17.99,"€17,99/un",Jané,Bebé/Banho e Higiene/Banheiras e Assentos,https://www.continente.pt/dw/image/v2/BDVS_PRD/on/demandware.static/-/Sites-col-master-catalog/default/dwbc6bdad6/images/col/380/3805365-cima.jpg?sw=280&sh=280,1 un,https://www.continente.pt/produto/banheira-insuflavel-jane-3805365.html,bebe,2025-04-21,Continente
Estante 3 Gavetas 53x30x60cm Dragon Ball,7734136,22.09,"€22,09/un",Dragon Ball,Bebé/Quarto de Bebé/Mobiliário,https://www.continente.pt/dw/image/v2/BDVS_PRD/on/demandware.static/-/Sites-col-master-catalog/default/dw04f690c8/images/col/773/7734136-frente.jpg?sw=280&sh=280,1 un,https://www.continente.pt/produto/estante-3-gavetas-53x30x60cm-dragon-ball-dragon-ball-7734136.html,bebe,2025-04-21,Continente
Carrinho de Passeio Keo Cinza,7798458,111.3,"€111,30/un",MS,Bebé/Passeio e Viagem/Carrinhos de Passeio,https://www.continente.pt/dw/image/v2/BDVS_PRD/on/demandware.static/-/Sites-col-master-catalog/default/dw5cf0cc81/images/col/779/7798458-frente.jpg?sw=280&sh=280,1 un,https://www.continente.pt/produto/carrinho-de-passeio-keo-cinza-ms-7798458.html,bebe,2025-04-21,Continente
Organizador Carro,7612102,14.99,"€14,99/un",Tinéo,Bebé/Passeio e Viagem/Marsúpios e Acessórios de Passeio,https://www.continente.pt/dw/image/v2/BDVS_PRD/on/demandware.static/-/Sites-col-master-catalog/default/dw3552ff21/images/col/761/7612102-frente.jpg?sw=280&sh=280,1 un,https://www.continente.pt/produto/organizador-carro-tineo-7612102.html,bebe,2025-04-21,Continente
Banco de brinquedo de madeira Peppa Pig Rosa,7647760,59.49,"€59,49/un",Peppa Pig,Bebé/Quarto de Bebé/Mobiliário,https://www.continente.pt/dw/image/v2/BDVS_PRD/on/demandware.static/-/Sites-col-master-catalog/default/dw59c211f7/images/col/764/7647760-esquerdo.jpg?sw=280&sh=280,1 un,https://www.continente.pt/produto/banco-de-brinquedo-de-madeira-peppa-pig-rosa-peppa-pig-7647760.html,bebe,2025-04-21,Continente
Abraça um Unicórnio,7202495,8.91,"€8,91/un",Vários Autores,Livraria e Papelaria/Livros/Infantis/Bebé,https://www.continente.pt/dw/image/v2/BDVS_PRD/on/demandware.static/-/Sites-col-master-catalog/default/dw1a884572/images/col/720/7202495-frente.jpg?sw=280&sh=280,,https://www.continente.pt/produto/abraca-um-unicornio-varios-autores-7202495.html,bebe,2025-04-21,Continente
Quinta Interativa Bilingue,7226497,39.99,"€39,99/un",Chicco,Brinquedos e Jogos/Bebé e Peluches/Didáticos e Interativos,https://www.continente.pt/dw/image/v2/BDVS_PRD/on/demandware.static/-/Sites-col-master-catalog/default/dw1c1ba04a/images/col/722/7226497-frente.jpg?sw=280&sh=280,,https://www.continente.pt/produto/quinta-interativa-bilingue-chicco-7226497.html,bebe,2025-04-21,Continente
Cadeira Dobrável Dragon Ball,7998133,16.99,"€16,99/un",Dragon Ball,Bebé/Quarto de Bebé/Mobiliário,https://www.continente.pt/dw/image/v2/BDVS_PRD/on/demandware.static/-/Sites-col-master-catalog/default/dw5d042966/images/col/799/7998133-frente.jpg?sw=280&sh=280,1 un,https://www.continente.pt/produto/cadeira-dobravel-dragon-ball-dragon-ball-7998133.html,bebe,2025-04-21,Continente
Edredão + Resguardo Balões Azul,7610878,22.49,"€22,49/un",Happy Bear,"Bebé/Quarto de Bebé/Colchas, Mantas e Edredões",https://www.continente.pt/dw/image/v2/BDVS_PRD/on/demandware.static/-/Sites-col-master-catalog/default/dwc7b3edaa/images/col/761/7610878-frente.jpg?sw=280&sh=280,1 un,https://www.continente.pt/produto/edredao-resguardo-baloes-azul-happy-bear-7610878.html,bebe,2025-04-21,Continente
Manta Allover Navios Azul,7647037,11.19,"€11,19/un",Happy Bear,"Bebé/Quarto de Bebé/Colchas, Mantas e Edredões",https://www.continente.pt/dw/image/v2/BDVS_PRD/on/demandware.static/-/Sites-col-master-catalog/default/dwe6a292ab/images/col/764/7647037-frente.jpg?sw=280&sh=280,1 un,https://www.continente.pt/produto/manta-allover-navios-azul-happy-bear-7647037.html,bebe,2025-04-21,Continente
Organizador de Armário Suspenso de 4 Andares Lilo &Stitch,8299524,8.49,"€8,49/un",Disney Stitch,Bebé/Quarto de Bebé/Mobiliário,https://www.continente.pt/dw/image/v2/BDVS_PRD/on/demandware.static/-/Sites-col-master-catalog/default/dw583fea5e/images/col/829/8299524-frente.jpg?sw=280&sh=280,1 un,https://www.continente.pt/produto/organizador-de-armario-suspenso-de-4-andares-lilo--stitch-disney-stitch-8299524.html,bebe,2025-04-21,Continente
Organizador para Automóvel 35x58cm Patrulha Pata,8299515,8.49,"€8,49/un",Patrulha Pata,Bebé/Quarto de Bebé/Mobiliário,https://www.continente.pt/dw/image/v2/BDVS_PRD/on/demandware.static/-/Sites-col-master-catalog/default/dwa3eb6700/images/col/829/8299515-frente.jpg?sw=280&sh=280,1 un,https://www.continente.pt/produto/organizador-para-automovel-35x58cm-patrulha-pata-patrulha-pata-8299515.html,bebe,2025-04-21,Continente
De Quem é Esta Pata - Animais Domésticos,7807539,8.55,"€8,55/un",Daniela Gamba,Livraria e Papelaria/Livros/Infantis/Bebé,https://www.continente.pt/dw/image/v2/BDVS_PRD/on/demandware.static/-/Sites-col-master-catalog/default/dw7315edbb/images/col/780/7807539-frente.jpg?sw=280&sh=280,,https://www.continente.pt/produto/de-quem-e-esta-pata---animais-domesticos-daniela-gamba-7807539.html,bebe,2025-04-21,Continente
Roupeiro 2 Portas e 3 Gavetas 120x183x50cm Branco Dalia,8022800,659.0,"€659,00/un",Twinko,Bebé/Quarto de Bebé/Mobiliário,https://www.continente.pt/dw/image/v2/BDVS_PRD/on/demandware.static/-/Sites-col-master-catalog/default/dw5b3c7afb/images/col/802/8022800-frente.jpg?sw=280&sh=280,1 un,https://www.continente.pt/produto/roupeiro-2-portas-e-3-gavetas-120x183x50cm-branco-dalia-twinko-8022800.html,bebe,2025-04-21,Continente
Copo 360ml +36M Tritan Bite Proof (várias cores),7082526,15.99,"€15,99/un",Nuby,"Bebé/Alimentação, Leites e Acessórios/Pratos, Copos e Termos",https://www.continente.pt/dw/image/v2/BDVS_PRD/on/demandware.static/-/Sites-col-master-catalog/default/dwc26ab8f4/images/col/708/7082526-frente.jpg?sw=280&sh=280,1 un,https://www.continente.pt/produto/copo-360ml-36m-tritan-bite-proof-varias-cores-nuby-7082526.html,bebe,2025-04-21,Continente
Cómoda 73x40x74cm Branco Naili,8121804,119.0,"€119,00/un",Twinko,Bebé/Quarto de Bebé/Mobiliário,https://www.continente.pt/dw/image/v2/BDVS_PRD/on/demandware.static/-/Sites-col-master-catalog/default/dw75963183/images/col/812/8121804-frente.jpg?sw=280&sh=280,1 un,https://www.continente.pt/produto/comoda-73x40x74cm-branco-naili-twinko-8121804.html,bebe,2025-04-21,Continente
Andador com Música Misty,8072019,63.74,"€63,74/un",Kikka Boo,Bebé/Quarto de Bebé/Parques e Andadores,https://www.continente.pt/dw/image/v2/BDVS_PRD/on/demandware.static/-/Sites-col-master-catalog/default/dwd9fb2141/images/col/807/8072019-frente.jpg?sw=280&sh=280,1 un,https://www.continente.pt/produto/andador-com-musica-misty-kikka-boo-8072019.html,bebe,2025-04-21,Continente
Cómoda 80x45x88cm Branco Lydia,8121868,379.0,"€379,00/un",Twinko,Bebé/Quarto de Bebé/Mobiliário,https://www.continente.pt/dw/image/v2/BDVS_PRD/on/demandware.static/-/Sites-col-master-catalog/default/dwc8c17c6d/images/col/812/8121868-esquerdo.jpg?sw=280&sh=280,1 un,https://www.continente.pt/produto/comoda-80x45x88cm-branco-lydia-twinko-8121868.html,bebe,2025-04-21,Continente
Cadeira de Repouso com Música Cinza Hippo,8098038,79.99,"€79,99/un",Asalvo,Bebé/Quarto de Bebé/Espreguiçadeiras,https://www.continente.pt/dw/image/v2/BDVS_PRD/on/demandware.static/-/Sites-col-master-catalog/default/dw11202849/images/col/809/8098038-frente.jpg?sw=280&sh=280,1 un,https://www.continente.pt/produto/cadeira-de-repouso-com-musica-cinza-hippo-asalvo-8098038.html,bebe,2025-04-21,Continente
Conjunto de Mesa de Brincar,8121809,159.0,"€159,00/un",Twinko,Bebé/Quarto de Bebé/Mobiliário,https://www.continente.pt/dw/image/v2/BDVS_PRD/on/demandware.static/-/Sites-col-master-catalog/default/dwc6e9af82/images/col/812/8121809-frente.jpg?sw=280&sh=280,1 un,https://www.continente.pt/produto/conjunto-de-mesa-de-brincar-twinko-8121809.html,bebe,2025-04-21,Continente
Muda Fraldas Pauline Grafite,8121860,45.99,"€45,99/un",Twinko,Bebé/Banho e Higiene/Muda Fraldas,https://www.continente.pt/dw/image/v2/BDVS_PRD/on/demandware.static/-/Sites-col-master-catalog/default/dwb87869a2/images/col/812/8121860-frente.jpg?sw=280&sh=280,1 un,https://www.continente.pt/produto/muda-fraldas-pauline-grafite-twinko-8121860.html,bebe,2025-04-21,Continente
Cadeira Lua Unicórnio,7998152,29.74,"€29,74/un",Unicórnio,Bebé/Quarto de Bebé/Mobiliário,https://www.continente.pt/dw/image/v2/BDVS_PRD/on/demandware.static/-/Sites-col-master-catalog/default/dw04449ab2/images/col/799/7998152-frente.jpg?sw=280&sh=280,1 un,https://www.continente.pt/produto/cadeira-lua-unicornio-unicornio-7998152.html,bebe,2025-04-21,Continente
Cama de Grades Carvalho Amélia,8121876,259.0,"€259,00/un",Twinko,"Bebé/Quarto de Bebé/Camas, Berços e Colchões",https://www.continente.pt/dw/image/v2/BDVS_PRD/on/demandware.static/-/Sites-col-master-catalog/default/dw91a6cda6/images/col/812/8121876-direito.jpg?sw=280&sh=280,1 un,https://www.continente.pt/produto/cama-de-grades-carvalho-amelia-twinko-8121876.html,bebe,2025-04-21,Continente
Cadeira e Secretária com Arrumação Minnie,7594603,67.99,"€67,99/un",Disney Minnie,Bebé/Quarto de Bebé/Mobiliário,https://www.continente.pt/dw/image/v2/BDVS_PRD/on/demandware.static/-/Sites-col-master-catalog/default/dw21587e23/images/col/759/7594603-frente.jpg?sw=280&sh=280,1 un,https://www.continente.pt/produto/cadeira-e-secretaria-com-arrumacao-minnie-disney-minnie-7594603.html,bebe,2025-04-21,Continente
Cama de Grades Branca Scandinave,8121820,339.0,"€339,00/un",Twinko,"Bebé/Quarto de Bebé/Camas, Berços e Colchões",https://www.continente.pt/dw/image/v2/BDVS_PRD/on/demandware.static/-/Sites-col-master-catalog/default/dw5114267a/images/col/812/8121820-esquerdo.jpg?sw=280&sh=280,1 un,https://www.continente.pt/produto/cama-de-grades-branca-scandinave-twinko-8121820.html,bebe,2025-04-21,Continente
Cama de Grades com Barreira de Segurança Branca Amélia,8121885,369.0,"€369,00/un",Twinko,"Bebé/Quarto de Bebé/Camas, Berços e Colchões",https://www.continente.pt/dw/image/v2/BDVS_PRD/on/demandware.static/-/Sites-col-master-catalog/default/dwe17419e0/images/col/812/8121885-direito.jpg?sw=280&sh=280,1 un,https://www.continente.pt/produto/cama-de-grades-com-barreira-de-seguranca-branca-amelia-twinko-8121885.html,bebe,2025-04-21,Continente
Barreiras de Segurança para Berço 70x140cm Ochna,8121816,99.99,"€99,99/un",Twinko,Bebé/Quarto de Bebé/Mobiliário,https://www.continente.pt/dw/image/v2/BDVS_PRD/on/demandware.static/-/Sites-col-master-catalog/default/dwab8378cd/images/col/812/8121816-frente.jpg?sw=280&sh=280,1 un,https://www.continente.pt/produto/barreiras-de-seguranca-para-berco-70x140cm-ochna-twinko-8121816.html,bebe,2025-04-21,Continente
Biberão 300ml Gargalo Largo,7985325,7.99,"€7,99/un",Tigex,Bebé/Puericultura,https://www.continente.pt/dw/image/v2/BDVS_PRD/on/demandware.static/-/Sites-col-master-catalog/default/dw33f55848/images/col/798/7985325-frente.jpg?sw=280&sh=280,1 un,https://www.continente.pt/produto/biberao-300ml-gargalo-largo-tigex-7985325.html,bebe,2025-04-21,Continente
Biberão Tetina Silicone,511944,5.19,"€5,19/un",Neo Baby,"Bebé/Alimentação, Leites e Acessórios/Biberões e Acessórios",https://www.continente.pt/dw/image/v2/BDVS_PRD/on/demandware.static/-/Sites-col-master-catalog/default/dw112ab708/col/654/8044851_frente.jpg?sw=280&sh=280,1 un,https://www.continente.pt/produto/biberao-tetina-silicone-neo-baby-511944.html,bebe,2025-04-21,Continente
Andador Azul Baby Stars,8020927,69.99,"€69,99/un",Asalvo,Bebé/Quarto de Bebé/Parques e Andadores,https://www.continente.pt/dw/image/v2/BDVS_PRD/on/demandware.static/-/Sites-col-master-catalog/default/dw7dd9922f/col/792/8020927_frente.jpg?sw=280&sh=280,1 un,https://www.continente.pt/produto/andador-azul-baby-stars-asalvo-8020927.html,bebe,2025-04-21,Continente
Roupeiro 2 Portas e 2 Gavetas 80x183x52cm,512136,399.0,"€399,00/un",Twinko,Bebé/Quarto de Bebé/Mobiliário,https://www.continente.pt/dw/image/v2/BDVS_PRD/on/demandware.static/-/Sites-col-master-catalog/default/dw45b8c4e6/images/col/812/8121858-frente.jpg?sw=280&sh=280,1 un,https://www.continente.pt/produto/roupeiro-2-portas-e-2-gavetas-80x183x52cm-twinko-512136.html,bebe,2025-04-21,Continente
Muda Fraldas para Cómoda Faia Sofie,8121903,45.99,"€45,99/un",Twinko,Bebé/Banho e Higiene/Muda Fraldas,https://www.continente.pt/dw/image/v2/BDVS_PRD/on/demandware.static/-/Sites-col-master-catalog/default/dw9d8b8e6f/images/col/812/8121903-esquerdo.jpg?sw=280&sh=280,1 un,https://www.continente.pt/produto/muda-fraldas-para-comoda-faia-sofie-twinko-8121903.html,bebe,2025-04-21,Continente
Dispensador Leite BBC,7982966,5.99,"€5,99/un",Bebeconfort,Bebé/Puericultura,https://www.continente.pt/dw/image/v2/BDVS_PRD/on/demandware.static/-/Sites-col-master-catalog/default/dw0a6ed0c1/images/col/798/7982966-frente.jpg?sw=280&sh=280,1 un,https://www.continente.pt/produto/dispensador-leite-bbc-bebeconfort-7982966.html,bebe,2025-04-21,Continente
Escovilhão 2 em 1 Azul,2787891,5.99,"€5,99/un",Tigex,"Bebé/Alimentação, Leites e Acessórios/Biberões e Acessórios",https://www.continente.pt/dw/image/v2/BDVS_PRD/on/demandware.static/-/Sites-col-master-catalog/default/dwb03f86c9/images/col/278/2787891-frente.jpg?sw=280&sh=280,1 un,https://www.continente.pt/produto/escovilhao-2-em-1-azul-tigex-2787891.html,bebe,2025-04-21,Continente
Cadeira Auto I-Size 100-150 Isofix Cinza Country,7926707,71.99,"€71,99/un",Jané,Bebé/Cadeiras Auto,https://www.continente.pt/dw/image/v2/BDVS_PRD/on/demandware.static/-/Sites-col-master-catalog/default/dweea33774/images/col/792/7926707-frente.jpg?sw=280&sh=280,1 un,https://www.continente.pt/produto/cadeira-auto-i-size-100-150-isofix-cinza-country-jane-7926707.html,bebe,2025-04-21,Continente
Sinal Baby on Board para Janela Automóvel,7469698,3.99,"€3,99/un",Safety 1st,Bebé/Cadeiras Auto,https://www.continente.pt/dw/image/v2/BDVS_PRD/on/demandware.static/-/Sites-col-master-catalog/default/dw8f4c455c/images/col/746/7469698-frente.jpg?sw=280&sh=280,1 un,https://www.continente.pt/produto/sinal-baby-on-board-para-janela-automovel-safety-1st-7469698.html,bebe,2025-04-21,Continente
Assento Auto I-Size 125-150cm Isofix Nauna,511574,35.99,"€35,99/un",Babyauto,Bebé/Cadeiras Auto/I-Size 125-150cm,https://www.continente.pt/dw/image/v2/BDVS_PRD/on/demandware.static/-/Sites-col-master-catalog/default/dw819fd939/images/col/780/7804994-frente.jpg?sw=280&sh=280,,https://www.continente.pt/produto/assento-auto-i-size-125-150cm-isofix-nauna-babyauto-511574.html,bebe,2025-04-21,Continente
Capa Protetora Solar,7930303,6.39,"€6,39/un",Asalvo,Bebé/Cadeiras Auto/Acessórios Auto,https://www.continente.pt/dw/image/v2/BDVS_PRD/on/demandware.static/-/Sites-col-master-catalog/default/dw01369fec/images/col/793/7930303-frente.jpg?sw=280&sh=280,1 un,https://www.continente.pt/produto/capa-protetora-solar-asalvo-7930303.html,bebe,2025-04-21,Continente
Assento Auto I-Size 125-150cm Preto Booster,7851840,18.39,"€18,39/un",Infantia,Bebé/Cadeiras Auto,https://www.continente.pt/dw/image/v2/BDVS_PRD/on/demandware.static/-/Sites-col-master-catalog/default/dw98c03b39/col/785/7851840_frente.jpg?sw=280&sh=280,1 un,https://www.continente.pt/produto/assento-auto-i-size-125-150cm-preto-booster-infantia-7851840.html,bebe,2025-04-21,Continente
Muda Fraldas Dream,512017,139.0,"€139,00/un",Lourini,Bebé/Quarto de Bebé/Mobiliário,https://www.continente.pt/dw/image/v2/BDVS_PRD/on/demandware.static/-/Sites-col-master-catalog/default/dw8f648ef3/images/col/812/8120092-frente.jpg?sw=280&sh=280,1 un,https://www.continente.pt/produto/muda-fraldas-dream-lourini-512017.html,bebe,2025-04-21,Continente
Cómoda com Muda Fraldas 73x69x97cm Naili,8121805,159.0,"€159,00/un",Twinko,Bebé/Quarto de Bebé/Mobiliário,https://www.continente.pt/dw/image/v2/BDVS_PRD/on/demandware.static/-/Sites-col-master-catalog/default/dw70292c93/images/col/812/8121805-frente.jpg?sw=280&sh=280,1 un,https://www.continente.pt/produto/comoda-com-muda-fraldas-73x69x97cm-naili-twinko-8121805.html,bebe,2025-04-21,Continente
Secretária 120x55x81cm Ochna,8121815,299.0,"€299,00/un",Twinko,Bebé/Quarto de Bebé/Mobiliário,https://www.continente.pt/dw/image/v2/BDVS_PRD/on/demandware.static/-/Sites-col-master-catalog/default/dw503d3be1/images/col/812/8121815-frente.jpg?sw=280&sh=280,1 un,https://www.continente.pt/produto/secretaria-120x55x81cm-ochna-twinko-8121815.html,bebe,2025-04-21,Continente
Cómoda com Muda Fraldas Cinza Nati,8022803,349.0,"€349,00/un",Twinko,Bebé/Quarto de Bebé/Mobiliário,https://www.continente.pt/dw/image/v2/BDVS_PRD/on/demandware.static/-/Sites-col-master-catalog/default/dwf1054d1e/images/col/802/8022803-frente.jpg?sw=280&sh=280,1 un,https://www.continente.pt/produto/comoda-com-muda-fraldas-cinza-nati-twinko-8022803.html,bebe,2025-04-21,Continente
Toca e Sente do Bebé - Parabéns!,5672609,6.75,"€6,75/un",Dorling Kindersley,Livraria e Papelaria/Livros/Infantis/Bebé,https://www.continente.pt/dw/image/v2/BDVS_PRD/on/demandware.static/-/Sites-col-master-catalog/default/dw82317b25/images/col/567/5672609-frente.jpg?sw=280&sh=280,,https://www.continente.pt/produto/toca-e-sente-do-bebe---parabens-dorling-kindersley-5672609.html,bebe,2025-04-21,Continente
After Sun Loção Peles Sensíveis,7831940,4.79,"€19,16/lt",MyLabel,Beleza e Higiene/Corpo/Protetores Solares e Bronzeadores/After Sun,https://www.continente.pt/dw/image/v2/BDVS_PRD/on/demandware.static/-/Sites-col-master-catalog/default/dw1c78c898/images/col/783/7831940-frente.jpg?sw=280&sh=280,emb. 250 ml,https://www.continente.pt/produto/after-sun-locao-peles-sensiveis-mylabel-7831940.html,bebe,2025-04-21,Continente
Palavras Viajantes - Cores,7406807,6.97,"€6,98/un",Vários Autores,Livraria e Papelaria/Livros/Infantis/Bebé,https://www.continente.pt/dw/image/v2/BDVS_PRD/on/demandware.static/-/Sites-col-master-catalog/default/dw8bf7ecb9/images/col/740/7406807-frente.jpg?sw=280&sh=280,,https://www.continente.pt/produto/palavras-viajantes---cores-varios-autores-7406807.html,bebe,2025-04-21,Continente
Chave Falante,4948162,16.99,"€16,99/un",Chicco,Brinquedos e Jogos/Bebé e Peluches/Didáticos e Interativos,https://www.continente.pt/dw/image/v2/BDVS_PRD/on/demandware.static/-/Sites-col-master-catalog/default/dwa0856e53/images/col/494/4948162-frente.jpg?sw=280&sh=280,,https://www.continente.pt/produto/chave-falante-chicco-4948162.html,bebe,2025-04-21,Continente
Copo com Palha 540ml +24M (várias cores),7815165,15.99,"€15,99/un",Nuby,"Bebé/Alimentação, Leites e Acessórios/Pratos, Copos e Termos",https://www.continente.pt/dw/image/v2/BDVS_PRD/on/demandware.static/-/Sites-col-master-catalog/default/dwd71b12ad/col/782/7815165_frente.jpg?sw=280&sh=280,1 un,https://www.continente.pt/produto/copo-com-palha-540ml-24m-varias-cores-nuby-7815165.html,bebe,2025-04-21,Continente
Conjunto Exterior Mesa e 2 Cadeiras Peppa Pig,7594148,67.99,"€67,99/un",Peppa Pig,Bebé/Quarto de Bebé/Mobiliário,https://www.continente.pt/dw/image/v2/BDVS_PRD/on/demandware.static/-/Sites-col-master-catalog/default/dw6d0c2828/images/col/759/7594148-frente.jpg?sw=280&sh=280,1 un,https://www.continente.pt/produto/conjunto-exterior-mesa-e-2-cadeiras-peppa-pig-peppa-pig-7594148.html,bebe,2025-04-21,Continente
Carrinho de Passeio Verde Mombi,511533,79.99,"€79,99/un",Asalvo,Bebé/Passeio e Viagem/Carrinhos de Passeio,https://www.continente.pt/dw/image/v2/BDVS_PRD/on/demandware.static/-/Sites-col-master-catalog/default/dw295b7b3d/images/col/786/7864419-frente.jpg?sw=280&sh=280,1 un,https://www.continente.pt/produto/carrinho-de-passeio-verde-mombi-asalvo-511533.html,bebe,2025-04-21,Continente
Loção Baby Hidratante,7537931,4.79,"€11,97/lt",Dove,Bebé/Banho e Higiene/Proteção e Hidratação,https://www.continente.pt/dw/image/v2/BDVS_PRD/on/demandware.static/-/Sites-col-master-catalog/default/dw9bf7aa6c/images/col/753/7537931-hero.jpg?sw=280&sh=280,emb. 400 ml,https://www.continente.pt/produto/locao-baby-hidratante-dove-7537931.html,bebe,2025-04-21,Continente
Toalhitas Bebé Pure,7161059,2.29,"€2,29/un",Huggies,Bebé/Fraldas e Toalhitas/Toalhitas,https://www.continente.pt/dw/image/v2/BDVS_PRD/on/demandware.static/-/Sites-col-master-catalog/default/dw374d6667/images/col/716/7161059-direito.jpg?sw=280&sh=280,emb. 56 un,https://www.continente.pt/produto/toalhitas-bebe-pure-huggies-7161059.html,bebe,2025-04-21,Continente
Cuecas Banho Splashers 9-15kg T4,8208625,15.23,"€0,69/un",Dodot,Bebé/Fraldas e Toalhitas/Fraldas de Banho,https://www.continente.pt/dw/image/v2/BDVS_PRD/on/demandware.static/-/Sites-col-master-catalog/default/dw56faaa85/images/col/820/8208625-hero.jpg?sw=280&sh=280,emb. 22 un (2 x 11 un),https://www.continente.pt/produto/cuecas-banho-splashers-9-15kg-t4-dodot-8208625.html,bebe,2025-04-21,Continente
Fraldas Pants Activity Extra 14-19kg T6,8122182,47.3,"€0,68/un",Dodot,Bebé/Fraldas e Toalhitas/Fraldas 13-18kg/+18kg (T5 e T6),https://www.continente.pt/dw/image/v2/BDVS_PRD/on/demandware.static/-/Sites-col-master-catalog/default/dw189b79f0/images/col/812/8122182-hero.jpg?sw=280&sh=280,emb. 70 un (2 x 35 un),https://www.continente.pt/produto/fraldas-pants-activity-extra-14-19kg-t6-dodot-8122182.html,bebe,2025-04-21,Continente
Colotastico! Vaca,6441808,3.56,"€3,56/un",Yoyo Studios,Livraria e Papelaria/Livros/Infantis/Livros de Atividades,https://www.continente.pt/dw/image/v2/BDVS_PRD/on/demandware.static/-/Sites-col-master-catalog/default/dw7ad88123/images/col/644/6441808-frente.jpg?sw=280&sh=280,,https://www.continente.pt/produto/colotastico-vaca-yoyo-studios-6441808.html,bebe,2025-04-21,Continente
Conjunto de Rua Duo Cinza Biarritz,8181936,207.2,"€207,20/un",Asalvo,Bebé/Passeio e Viagem/Carrinhos de Passeio,https://www.continente.pt/dw/image/v2/BDVS_PRD/on/demandware.static/-/Sites-col-master-catalog/default/dw9224a0dd/images/col/818/8181936-frente.jpg?sw=280&sh=280,1 un,https://www.continente.pt/produto/conjunto-de-rua-duo-cinza-biarritz-asalvo-8181936.html,bebe,2025-04-21,Continente
Meu Amor,7759405,11.65,"€11,66/un",Lucie Brunellière,Livraria e Papelaria/Livros/Infantis/Bebé,https://www.continente.pt/dw/image/v2/BDVS_PRD/on/demandware.static/-/Sites-col-master-catalog/default/dwd3035d04/images/col/775/7759405-frente.jpg?sw=280&sh=280,,https://www.continente.pt/produto/meu-amor-lucie-brunelliere-7759405.html,bebe,2025-04-21,Continente
Toalhitas Bebé Disney,7924804,2.99,"€0,05/un",Huggies,Bebé/Fraldas e Toalhitas/Toalhitas,https://www.continente.pt/dw/image/v2/BDVS_PRD/on/demandware.static/-/Sites-col-master-catalog/default/dwfd827c31/images/col/792/7924804-frente.jpg?sw=280&sh=280,emb. 56 un,https://www.continente.pt/produto/toalhitas-bebe-disney-huggies-7924804.html,bebe,2025-04-21,Continente
Conjunto 3 Escovas Dentes Infantis 3-36 Meses,8069167,5.99,"€5,99/un",Bebeconfort,Bebé/Banho e Higiene/Complementos de Higiene,https://www.continente.pt/dw/image/v2/BDVS_PRD/on/demandware.static/-/Sites-col-master-catalog/default/dw04fb0bcc/images/col/806/8069167-frente.jpg?sw=280&sh=280,1 un,https://www.continente.pt/produto/conjunto-3-escovas-dentes-infantis-3-36-meses-bebeconfort-8069167.html,bebe,2025-04-21,Continente
Almofada Amamentação Cinza,8069736,59.99,"€59,99/un",Twinko,Bebé/Maternidade e Amamentação/Almofadas de Amamentação,https://www.continente.pt/dw/image/v2/BDVS_PRD/on/demandware.static/-/Sites-col-master-catalog/default/dw989bf3e8/images/col/806/8069736-esquerdo.jpg?sw=280&sh=280,1 un,https://www.continente.pt/produto/almofada-amamentacao-cinza-twinko-8069736.html,bebe,2025-04-21,Continente
Cadeira de Refeição com Redutor Cinza Basmati,8176240,119.0,"€119,00/un",Asalvo,"Bebé/Alimentação, Leites e Acessórios/Cadeiras de Refeição",https://www.continente.pt/dw/image/v2/BDVS_PRD/on/demandware.static/-/Sites-col-master-catalog/default/dwc6df7d10/images/col/817/8176240-frente.jpg?sw=280&sh=280,1 un,https://www.continente.pt/produto/cadeira-de-refeicao-com-redutor-cinza-basmati-asalvo-8176240.html,bebe,2025-04-21,Continente
Cadeira de Refeição Verde Mallow,8081312,79.99,"€79,99/un",Bebeconfort,"Bebé/Alimentação, Leites e Acessórios/Cadeiras de Refeição",https://www.continente.pt/dw/image/v2/BDVS_PRD/on/demandware.static/-/Sites-col-master-catalog/default/dw09cb1972/images/col/808/8081312-frente.jpg?sw=280&sh=280,1 un,https://www.continente.pt/produto/cadeira-de-refeicao-verde-mallow-bebeconfort-8081312.html,bebe,2025-04-21,Continente
Adoro Unicórnios! A Kikas e os Números!,8008962,11.69,"€11,69/un",Vários Autores,Livraria e Papelaria/Livros/Infantis/Livros de Atividades,https://www.continente.pt/dw/image/v2/BDVS_PRD/on/demandware.static/-/Sites-col-master-catalog/default/dw4815dee2/images/col/800/8008962-topshot.jpg?sw=280&sh=280,,https://www.continente.pt/produto/adoro-unicornios-a-kikas-e-os-numeros-varios-autores-8008962.html,bebe,2025-04-21,Continente
O Meu Primeiro Livro Mágico - Primeiras Palavras,8016701,8.96,"€8,96/un",Elizabeth Golding,Livraria e Papelaria/Livros/Infantis/Livros de Atividades,https://www.continente.pt/dw/image/v2/BDVS_PRD/on/demandware.static/-/Sites-col-master-catalog/default/dw29f7d71d/images/col/801/8016701-topshot.jpg?sw=280&sh=280,,https://www.continente.pt/produto/o-meu-primeiro-livro-magico---primeiras-palavras-elizabeth-golding-8016701.html,bebe,2025-04-21,Continente
Os Contos de Fadas,8038240,10.76,"€10,76/un",Stephanie Evans,Livraria e Papelaria/Livros/Infantis/Livros de Atividades,https://www.continente.pt/dw/image/v2/BDVS_PRD/on/demandware.static/-/Sites-col-master-catalog/default/dwc9a328b9/images/col/803/8038240-topshot.jpg?sw=280&sh=280,,https://www.continente.pt/produto/os-contos-de-fadas-stephanie-evans-8038240.html,bebe,2025-04-21,Continente
Cadeira de Refeição Cinza Rabit,8022357,109.0,"€109,00/un",Asalvo,"Bebé/Alimentação, Leites e Acessórios/Cadeiras de Refeição",https://www.continente.pt/dw/image/v2/BDVS_PRD/on/demandware.static/-/Sites-col-master-catalog/default/dwd62b2deb/col/792/8022357_frente.jpg?sw=280&sh=280,1 un,https://www.continente.pt/produto/cadeira-de-refeicao-cinza-rabit-asalvo-8022357.html,bebe,2025-04-21,Continente
A Minha Biblioteca Gigante,7970609,18.81,"€18,81/un",Igloo,Livraria e Papelaria/Livros/Infantis/Coleções Infantis,https://www.continente.pt/dw/image/v2/BDVS_PRD/on/demandware.static/-/Sites-col-master-catalog/default/dwb5ce051b/images/col/797/7970609-topshot.jpg?sw=280&sh=280,,https://www.continente.pt/produto/a-minha-biblioteca-gigante-igloo-7970609.html,bebe,2025-04-21,Continente
Eu Adoro o Mar,7960462,7.65,"€7,65/un",Vários Autores,Livraria e Papelaria/Livros/Infantis/Bebé,https://www.continente.pt/dw/image/v2/BDVS_PRD/on/demandware.static/-/Sites-col-master-catalog/default/dw26a987ff/images/col/796/7960462-topshot.jpg?sw=280&sh=280,,https://www.continente.pt/produto/eu-adoro-o-mar-varios-autores-7960462.html,bebe,2025-04-21,Continente
Andador Fórmula 1 Vermelho,7804561,99.99,"€99,99/un",Asalvo,Bebé/Quarto de Bebé/Parques e Andadores,https://www.continente.pt/dw/image/v2/BDVS_PRD/on/demandware.static/-/Sites-col-master-catalog/default/dw2c70f454/images/col/780/7804561-frente.jpg?sw=280&sh=280,1 un,https://www.continente.pt/produto/andador-formula-1-vermelho-asalvo-7804561.html,bebe,2025-04-21,Continente
Banco e Bau de arrumação,7647749,59.49,"€59,49/un",Fisher-Price,Bebé/Quarto de Bebé/Mobiliário,https://www.continente.pt/dw/image/v2/BDVS_PRD/on/demandware.static/-/Sites-col-master-catalog/default/dw6dc52564/images/col/764/7647749-esquerdo.jpg?sw=280&sh=280,1 un,https://www.continente.pt/produto/banco-e-bau-de-arrumacao-fisher-price-7647749.html,bebe,2025-04-21,Continente
Liderar é um Ato de Amor,8292896,16.2,"€16,20/un",Fábio Castro,Livraria e Papelaria/Livros/Saúde e Bem-Estar/Gravidez e Puericultura,https://www.continente.pt/dw/image/v2/BDVS_PRD/on/demandware.static/-/Sites-col-master-catalog/default/dwdab1de1c/images/col/829/8292896-topshot.jpg?sw=280&sh=280,,https://www.continente.pt/produto/liderar-e-um-ato-de-amor-fabio-castro-8292896.html,bebe,2025-04-21,Continente
Parque Cinza Adonis,8081486,79.99,"€79,99/un",Bebeconfort,Bebé/Quarto de Bebé/Parques e Andadores,https://www.continente.pt/dw/image/v2/BDVS_PRD/on/demandware.static/-/Sites-col-master-catalog/default/dw09be9a15/images/col/808/8081486-frente.jpg?sw=280&sh=280,1 un,https://www.continente.pt/produto/parque-cinza-adonis-bebeconfort-8081486.html,bebe,2025-04-21,Continente
Os Dinossauros - Pintura Mágica com Água,8033351,8.91,"€8,91/un",Elizabeth Morais,Livraria e Papelaria/Livros/Infantis/Livros de Atividades,https://www.continente.pt/dw/image/v2/BDVS_PRD/on/demandware.static/-/Sites-col-master-catalog/default/dwfe239c1d/images/col/803/8033351-topshot.jpg?sw=280&sh=280,,https://www.continente.pt/produto/os-dinossauros---pintura-magica-com-agua-elizabeth-morais-8033351.html,bebe,2025-04-21,Continente
Cama de Grades com Barreira de Segurança 124x66x85cm Pauline Grafite,512119,239.0,"€239,00/un",Twinko,"Bebé/Quarto de Bebé/Camas, Berços e Colchões",https://www.continente.pt/dw/image/v2/BDVS_PRD/on/demandware.static/-/Sites-col-master-catalog/default/dw5a79a6d4/images/col/812/8121856-direito.jpg?sw=280&sh=280,1 un,https://www.continente.pt/produto/cama-de-grades-com-barreira-de-seguranca-124x66x85cm-pauline-grafite-twinko-512119.html,bebe,2025-04-21,Continente
A Minha Primeira Caixa de Livros,8037532,17.01,"€17,01/un",Vários Autores,Livraria e Papelaria/Livros/Infantis/Bebé,https://www.continente.pt/dw/image/v2/BDVS_PRD/on/demandware.static/-/Sites-col-master-catalog/default/dwaa280e0e/images/col/803/8037532-topshot.jpg?sw=280&sh=280,,https://www.continente.pt/produto/a-minha-primeira-caixa-de-livros-varios-autores-8037532.html,bebe,2025-04-21,Continente
Almofada Anti-regurgitação 35x29cm Bigo,6953853,17.99,"€17,99/un",Happy Bear,Bebé/Proteção e Conforto/Almofadas e Ninhos,https://www.continente.pt/dw/image/v2/BDVS_PRD/on/demandware.static/-/Sites-col-master-catalog/default/dw3b72d45e/images/col/695/6953853-frente.jpg?sw=280&sh=280,1 un,https://www.continente.pt/produto/almofada-anti-regurgitacao-35x29cm-bigo-happy-bear-6953853.html,bebe,2025-04-21,Continente
Degrau  Mickey,511586,10.99,"€10,99/un",Disney,Bebé/Banho e Higiene/Complementos de Higiene,https://www.continente.pt/dw/image/v2/BDVS_PRD/on/demandware.static/-/Sites-col-master-catalog/default/dwa1aa3df9/images/col/757/7571268-esquerdo.jpg?sw=280&sh=280,,https://www.continente.pt/produto/degrau--mickey-disney-511586.html,bebe,2025-04-21,Continente
Férias com Frozen 4 - Aprendo com a Disney,8060601,7.92,"€7,92/un",Vários Autores,Livraria e Papelaria/Livros/Infantis/Livros de Atividades,https://www.continente.pt/dw/image/v2/BDVS_PRD/on/demandware.static/-/Sites-col-master-catalog/default/dweb9f797e/images/col/806/8060601-topshot.jpg?sw=280&sh=280,,https://www.continente.pt/produto/ferias-com-frozen-4---aprendo-com-a-disney-varios-autores-8060601.html,bebe,2025-04-21,Continente
"Milo, à Descoberta (Livro Banho)",7757523,7.61,"€7,60/un",Vários Autores,Livraria e Papelaria/Livros/Infantis/Bebé,https://www.continente.pt/dw/image/v2/BDVS_PRD/on/demandware.static/-/Sites-col-master-catalog/default/dw19d03fda/images/col/775/7757523-frente.jpg?sw=280&sh=280,,https://www.continente.pt/produto/milo-a-descoberta-livro-banho-varios-autores-7757523.html,bebe,2025-04-21,Continente
Champô Pele Sensível 2 em 1,7319048,6.99,"€13,98/lt",Corine de Farme,Bebé/Banho e Higiene/Cabelo e Perfumaria,https://www.continente.pt/dw/image/v2/BDVS_PRD/on/demandware.static/-/Sites-col-master-catalog/default/dwb01b9d9f/images/col/731/7319048-frente.jpg?sw=280&sh=280,emb. 500 ml,https://www.continente.pt/produto/champo-pele-sensivel-2-em-1-corine-de-farme-7319048.html,bebe,2025-04-21,Continente
Conjunto Capa Edredão e Fronha Almofada,512002,29.99,"€29,99/un",Twinko,"Bebé/Quarto de Bebé/Colchas, Mantas e Edredões",https://www.continente.pt/dw/image/v2/BDVS_PRD/on/demandware.static/-/Sites-col-master-catalog/default/dw664921f9/images/col/806/8069672-topshot.jpg?sw=280&sh=280,1 un,https://www.continente.pt/produto/conjunto-capa-edredao-e-fronha-almofada-twinko-512002.html,bebe,2025-04-21,Continente
Eau de Toilette,7020396,7.75,"€258,33/lt",Frozen,Bebé/Banho e Higiene/Cabelo e Perfumaria,https://www.continente.pt/dw/image/v2/BDVS_PRD/on/demandware.static/-/Sites-col-master-catalog/default/dw39f810fc/images/col/702/7020396-direito.jpg?sw=280&sh=280,emb. 30 ml,https://www.continente.pt/produto/eau-de-toilette-frozen-7020396.html,bebe,2025-04-21,Continente
Como Educar Crianças Desafiantes,7725917,15.21,"€15,21/un",Laura Sanches,Livraria e Papelaria/Livros/Saúde e Bem-Estar/Gravidez e Puericultura,https://www.continente.pt/dw/image/v2/BDVS_PRD/on/demandware.static/-/Sites-col-master-catalog/default/dw5d6cdd78/images/col/772/7725917-frente.jpg?sw=280&sh=280,,https://www.continente.pt/produto/como-educar-criancas-desafiantes-laura-sanches-7725917.html,bebe,2025-04-21,Continente
Forra Cadeira Refeição Mickey,7804057,24.99,"€24,99/un",Plastimyr,"Bebé/Alimentação, Leites e Acessórios/Cadeiras de Refeição",https://www.continente.pt/dw/image/v2/BDVS_PRD/on/demandware.static/-/Sites-col-master-catalog/default/dwfd7149ee/images/col/780/7804057-frente.jpg?sw=280&sh=280,1 un,https://www.continente.pt/produto/forra-cadeira-refeicao-mickey-plastimyr-7804057.html,bebe,2025-04-21,Continente
Andador Hamilton Rosa,6949441,74.99,"€74,99/un",Asalvo,Bebé/Quarto de Bebé/Parques e Andadores,https://www.continente.pt/dw/image/v2/BDVS_PRD/on/demandware.static/-/Sites-col-master-catalog/default/dw349397bb/images/col/694/6949441-frente.jpg?sw=280&sh=280,1 un,https://www.continente.pt/produto/andador-hamilton-rosa-asalvo-6949441.html,bebe,2025-04-21,Continente
Carrinho de Passeio Rosa Cadiz,7673441,95.2,"€95,20/un",Asalvo,Bebé/Passeio e Viagem/Carrinhos de Passeio,https://www.continente.pt/dw/image/v2/BDVS_PRD/on/demandware.static/-/Sites-col-master-catalog/default/dw14d64543/images/col/767/7673441-frente.jpg?sw=280&sh=280,1 un,https://www.continente.pt/produto/carrinho-de-passeio-rosa-cadiz-asalvo-7673441.html,bebe,2025-04-21,Continente
Almofada de Viagem Disney Mickey,8299527,13.59,"€13,59/un",Disney Mickey,Bebé/Passeio e Viagem/Marsúpios e Acessórios de Passeio,https://www.continente.pt/dw/image/v2/BDVS_PRD/on/demandware.static/-/Sites-col-master-catalog/default/dwbe71c6e1/images/col/829/8299527-frente.jpg?sw=280&sh=280,1 un,https://www.continente.pt/produto/almofada-de-viagem-disney-mickey-disney-mickey-8299527.html,bebe,2025-04-21,Continente
Bacio Peppa Pig,8299503,6.79,"€6,79/un",Peppa Pig,Bebé/Banho e Higiene/Bacios e Redutores,https://www.continente.pt/dw/image/v2/BDVS_PRD/on/demandware.static/-/Sites-col-master-catalog/default/dw283483ae/images/col/829/8299503-esquerdo.jpg?sw=280&sh=280,1 un,https://www.continente.pt/produto/bacio-peppa-pig-peppa-pig-8299503.html,bebe,2025-04-21,Continente
Bacio Rosa Patrulha Pata,8299512,6.79,"€6,79/un",Patrulha Pata,Bebé/Banho e Higiene/Bacios e Redutores,https://www.continente.pt/dw/image/v2/BDVS_PRD/on/demandware.static/-/Sites-col-master-catalog/default/dw17fb3794/images/col/829/8299512-esquerdo.jpg?sw=280&sh=280,1 un,https://www.continente.pt/produto/bacio-rosa-patrulha-pata-patrulha-pata-8299512.html,bebe,2025-04-21,Continente
Almofada de Viagem Barbie,8299479,13.59,"€13,59/un",Barbie,Bebé/Passeio e Viagem/Marsúpios e Acessórios de Passeio,https://www.continente.pt/dw/image/v2/BDVS_PRD/on/demandware.static/-/Sites-col-master-catalog/default/dw848ed157/images/col/829/8299479-frente.jpg?sw=280&sh=280,1 un,https://www.continente.pt/produto/almofada-de-viagem-barbie-barbie-8299479.html,bebe,2025-04-21,Continente
Muda Fraldas Rígido Oh Baby 80cm,8389605,44.99,"€44,99/un",,Bebé/Banho e Higiene/Muda Fraldas,https://www.continente.pt/dw/image/v2/BDVS_PRD/on/demandware.static/-/Sites-col-master-catalog/default/dwfa8c9a33/images/col/838/8389605-topshot.jpg?sw=280&sh=280,1 un,https://www.continente.pt/produto/muda-fraldas-rigido-oh-baby-80cm-8389605.html,bebe,2025-04-21,Continente
Muda Fraldas Rígido 80x47cm Carros,8389620,44.99,"€44,99/un",,Bebé/Banho e Higiene/Muda Fraldas,https://www.continente.pt/dw/image/v2/BDVS_PRD/on/demandware.static/-/Sites-col-master-catalog/default/dw06b88f58/images/col/838/8389620-topshot.jpg?sw=280&sh=280,1 un,https://www.continente.pt/produto/muda-fraldas-rigido-80x47cm-carros-8389620.html,bebe,2025-04-21,Continente
Muda Fraldas Rígido Oh Baby 70x50cm,8389604,29.99,"€29,99/un",,Bebé/Banho e Higiene/Muda Fraldas,https://www.continente.pt/dw/image/v2/BDVS_PRD/on/demandware.static/-/Sites-col-master-catalog/default/dwf3313d01/images/col/838/8389604-topshot.jpg?sw=280&sh=280,1 un,https://www.continente.pt/produto/muda-fraldas-rigido-oh-baby-70x50cm-8389604.html,bebe,2025-04-21,Continente
Assento Auto I-Size 125-150cm Isofix Gekko Fix Preto,8293467,31.99,"€31,99/un",Babyauto,Bebé/Cadeiras Auto/I-Size 125-150cm,https://www.continente.pt/dw/image/v2/BDVS_PRD/on/demandware.static/-/Sites-col-master-catalog/default/dw116546ef/images/col/829/8293467-frente.jpg?sw=280&sh=280,1 un,https://www.continente.pt/produto/assento-auto-i-size-125-150cm-isofix-gekko-fix-preto-babyauto-8293467.html,bebe,2025-04-21,Continente
Roupeiro 3 Portas e 2 Gavetas 135x200x540cm Dream,512133,479.0,"€479,00/un",Lourini,Bebé/Quarto de Bebé/Mobiliário,https://www.continente.pt/dw/image/v2/BDVS_PRD/on/demandware.static/-/Sites-col-master-catalog/default/dw0afab83e/images/col/812/8120088-frente.jpg?sw=280&sh=280,1 un,https://www.continente.pt/produto/roupeiro-3-portas-e-2-gavetas-135x200x540cm-dream-lourini-512133.html,bebe,2025-04-21,Continente
Toca e Sente do Bebé - Póó! Póó!,7101404,6.75,"€6,75/un",Vários Autores,Livraria e Papelaria/Livros/Infantis/Bebé,https://www.continente.pt/dw/image/v2/BDVS_PRD/on/demandware.static/-/Sites-col-master-catalog/default/dwd06cb82b/images/col/710/7101404-frente.jpg?sw=280&sh=280,,https://www.continente.pt/produto/toca-e-sente-do-bebe---poo-poo-varios-autores-7101404.html,bebe,2025-04-21,Continente
Tudo o que Precisa de Saber sobre o Seu Filho,7708964,13.41,"€13,41/un",Maria Montessori,Livraria e Papelaria/Livros/Saúde e Bem-Estar/Gravidez e Puericultura,https://www.continente.pt/dw/image/v2/BDVS_PRD/on/demandware.static/-/Sites-col-master-catalog/default/dw741e52ce/images/col/770/7708964-frente.jpg?sw=280&sh=280,,https://www.continente.pt/produto/tudo-o-que-precisa-de-saber-sobre-o-seu-filho-maria-montessori-7708964.html,bebe,2025-04-21,Continente
Manta e Doudou Cinza,7050543,16.99,"€16,99/un",Interbaby,"Bebé/Quarto de Bebé/Colchas, Mantas e Edredões",https://www.continente.pt/dw/image/v2/BDVS_PRD/on/demandware.static/-/Sites-col-master-catalog/default/dwb1c12b95/images/col/705/7050543-frente.jpg?sw=280&sh=280,1 un,https://www.continente.pt/produto/manta-e-doudou-cinza-interbaby-7050543.html,bebe,2025-04-21,Continente
Baby Castelo Divertido,6835228,12.99,"€12,99/un",Baby Clementoni,Brinquedos e Jogos/Bebé e Peluches/Didáticos e Interativos,https://www.continente.pt/dw/image/v2/BDVS_PRD/on/demandware.static/-/Sites-col-master-catalog/default/dwaa17c41f/images/col/683/6835228-frente.png?sw=280&sh=280,,https://www.continente.pt/produto/baby-castelo-divertido-baby-clementoni-6835228.html,bebe,2025-04-21,Continente
Toca e Sente do Bebé - Números,5672623,6.75,"€6,75/un",Dorling Kindersley,Livraria e Papelaria/Livros/Infantis/Bebé,https://www.continente.pt/dw/image/v2/BDVS_PRD/on/demandware.static/-/Sites-col-master-catalog/default/dw6f6ad432/images/col/567/5672623-frente.jpg?sw=280&sh=280,,https://www.continente.pt/produto/toca-e-sente-do-bebe---numeros-dorling-kindersley-5672623.html,bebe,2025-04-21,Continente
Primeiras Imagens - É Hora do Banho!,7273086,3.3,"€3,30/un",Sophie Ledesma,Livraria e Papelaria/Livros/Infantis/Bebé,https://www.continente.pt/dw/image/v2/BDVS_PRD/on/demandware.static/-/Sites-col-master-catalog/default/dwae344632/images/col/727/7273086-topshot.jpg?sw=280&sh=280,,https://www.continente.pt/produto/primeiras-imagens---e-hora-do-banho-sophie-ledesma-7273086.html,bebe,2025-04-21,Continente
Bluey - Como Desenhar?,8091601,9.4,"€9,40/un",Vários Autores,Livraria e Papelaria/Livros/Infantis/Livros de Atividades,https://www.continente.pt/dw/image/v2/BDVS_PRD/on/demandware.static/-/Sites-col-master-catalog/default/dw34a73a98/images/col/809/8091601-topshot.jpg?sw=280&sh=280,,https://www.continente.pt/produto/bluey---como-desenhar-varios-autores-8091601.html,bebe,2025-04-21,Continente
O Meu Amigo Fofinho - Elefante,7478154,14.98,"€14,98/un",Yoyo Studios,Livraria e Papelaria/Livros/Infantis/Bebé,https://www.continente.pt/dw/image/v2/BDVS_PRD/on/demandware.static/-/Sites-col-master-catalog/default/dwc2eedd96/images/col/747/7478154-frente.jpg?sw=280&sh=280,,https://www.continente.pt/produto/o-meu-amigo-fofinho---elefante-yoyo-studios-7478154.html,bebe,2025-04-21,Continente
Procura e Encontra - Oceano,8067085,10.76,"€10,76/un",Vários Autores,Livraria e Papelaria/Livros/Infantis/Livros de Atividades,https://www.continente.pt/dw/image/v2/BDVS_PRD/on/demandware.static/-/Sites-col-master-catalog/default/dw1cedc01a/images/col/806/8067085-topshot.jpg?sw=280&sh=280,,https://www.continente.pt/produto/procura-e-encontra---oceano-varios-autores-8067085.html,bebe,2025-04-21,Continente
O Principezinho - Livro de Atividades,8079957,8.99,"€8,99/un",Corinne Delporte,Livraria e Papelaria/Livros/Infantis/Livros de Atividades,https://www.continente.pt/dw/image/v2/BDVS_PRD/on/demandware.static/-/Sites-col-master-catalog/default/dwed731b7b/images/col/807/8079957-topshot.jpg?sw=280&sh=280,,https://www.continente.pt/produto/o-principezinho---livro-de-atividades-corinne-delporte-8079957.html,bebe,2025-04-21,Continente
O Meu Primeiro Livro dos Números,7970664,11.97,"€11,97/un",Vários Autores,Livraria e Papelaria/Livros/Infantis/Coleções Infantis,https://www.continente.pt/dw/image/v2/BDVS_PRD/on/demandware.static/-/Sites-col-master-catalog/default/dw176d27b1/images/col/797/7970664-topshot.jpg?sw=280&sh=280,,https://www.continente.pt/produto/o-meu-primeiro-livro-dos-numeros-varios-autores-7970664.html,bebe,2025-04-21,Continente
Ursito Tito - Hoje Há Piza,7731816,8.91,"€8,91/un",Benji Davies,Livraria e Papelaria/Livros/Infantis/Coleções Infantis,https://www.continente.pt/dw/image/v2/BDVS_PRD/on/demandware.static/-/Sites-col-master-catalog/default/dw16995b25/images/col/773/7731816-frente.jpg?sw=280&sh=280,,https://www.continente.pt/produto/ursito-tito---hoje-ha-piza-benji-davies-7731816.html,bebe,2025-04-21,Continente
Chupetas Silicone,161249,7.99,"€7,99/un",Tigex,Bebé/Chupetas e Mordedores/Chupetas,https://www.continente.pt/dw/image/v2/BDVS_PRD/on/demandware.static/-/Sites-col-master-catalog/default/dw891275af/images/col/798/7985309-frente.jpg?sw=280&sh=280,,https://www.continente.pt/produto/chupetas-silicone-tigex-161249.html,bebe,2025-04-21,Continente
Banco de Arrumação Dinossauros,8299534,11.04,"€11,04/un",,Bebé/Quarto de Bebé/Mobiliário,https://www.continente.pt/dw/image/v2/BDVS_PRD/on/demandware.static/-/Sites-col-master-catalog/default/dw7bd7a1da/images/col/829/8299534-frente.jpg?sw=280&sh=280,1 un,https://www.continente.pt/produto/banco-de-arrumacao-dinossauros-8299534.html,bebe,2025-04-21,Continente
Aquacadabra - Peixinho,7528198,8.09,"€8,09/un",Yoyo Studios,Livraria e Papelaria/Livros/Infantis/Bebé,https://www.continente.pt/dw/image/v2/BDVS_PRD/on/demandware.static/-/Sites-col-master-catalog/default/dwd7d8adb2/images/col/752/7528198-frente.jpg?sw=280&sh=280,,https://www.continente.pt/produto/aquacadabra---peixinho-yoyo-studios-7528198.html,bebe,2025-04-21,Continente
Cama de Viagem 2 Alturas Cinza Coelho,8020990,99.99,"€99,99/un",Asalvo,Bebé/Passeio e Viagem/Camas de Viagem,https://www.continente.pt/dw/image/v2/BDVS_PRD/on/demandware.static/-/Sites-col-master-catalog/default/dwf2c275cf/images/col/802/8020990-frente.jpg?sw=280&sh=280,1 un,https://www.continente.pt/produto/cama-de-viagem-2-alturas-cinza-coelho-asalvo-8020990.html,bebe,2025-04-21,Continente
Conjunto 2 Cortinas Sol Auto Aderentes,6966568,7.99,"€7,99/un",Babypack,Bebé/Passeio e Viagem/Marsúpios e Acessórios de Passeio,https://www.continente.pt/dw/image/v2/BDVS_PRD/on/demandware.static/-/Sites-col-master-catalog/default/dw86989f5d/images/col/696/6966568-frente.jpg?sw=280&sh=280,2 un,https://www.continente.pt/produto/conjunto-2-cortinas-sol-auto-aderentes-babypack-6966568.html,bebe,2025-04-21,Continente
Carrinho de Passeio Cinza Foggy,7806044,55.99,"€55,99/un",Bebeconfort,Bebé/Passeio e Viagem/Carrinhos de Passeio,https://www.continente.pt/dw/image/v2/BDVS_PRD/on/demandware.static/-/Sites-col-master-catalog/default/dw6f90c398/images/col/780/7806044-frente.jpg?sw=280&sh=280,1 un,https://www.continente.pt/produto/carrinho-de-passeio-cinza-foggy-bebeconfort-7806044.html,bebe,2025-04-21,Continente
Carrinho Passeio Gémeos Duo Smart,7940756,664.0,"€664,00/un",Chipolino,Bebé/Passeio e Viagem/Carrinhos de Passeio,https://www.continente.pt/dw/image/v2/BDVS_PRD/on/demandware.static/-/Sites-col-master-catalog/default/dw96a489fd/images/col/794/7940756-frente.jpg?sw=280&sh=280,1 un,https://www.continente.pt/produto/carrinho-passeio-gemeos-duo-smart-chipolino-7940756.html,bebe,2025-04-21,Continente
Cadeira Auto I-Size 40-150cm Isofix Rotativa Anura Preta,7888605,135.2,"€135,20/un",Babyauto,Bebé/Cadeiras Auto,https://www.continente.pt/dw/image/v2/BDVS_PRD/on/demandware.static/-/Sites-col-master-catalog/default/dw410ef131/images/col/788/7888605-frente.jpg?sw=280&sh=280,1 un,https://www.continente.pt/produto/cadeira-auto-i-size-40-150cm-isofix-rotativa-anura-preta-babyauto-7888605.html,bebe,2025-04-21,Continente
Veículos Atarefados - Camião de Bombeiros,7014628,7.65,"€7,65/un",Vários Autores,Livraria e Papelaria/Livros/Infantis/Bebé,https://www.continente.pt/dw/image/v2/BDVS_PRD/on/demandware.static/-/Sites-col-master-catalog/default/dw32966ae4/images/col/701/7014628-frente.jpg?sw=280&sh=280,,https://www.continente.pt/produto/veiculos-atarefados---camiao-de-bombeiros-varios-autores-7014628.html,bebe,2025-04-21,Continente
"1, 2, 3 Uma Colher de Cada Vez",6539472,22.41,"€22,41/un",João Breda e Maria Antónia Peças,Livraria e Papelaria/Livros/Saúde e Bem-Estar/Gravidez e Puericultura,https://www.continente.pt/dw/image/v2/BDVS_PRD/on/demandware.static/-/Sites-col-master-catalog/default/dw490cd447/images/col/653/6539472-frente.jpg?sw=280&sh=280,,https://www.continente.pt/produto/1-2-3-uma-colher-de-cada-vez-joao-breda-e-maria-antonia-pecas-6539472.html,bebe,2025-04-21,Continente
Creme Corpo Pro Age Care Peles Maduras,7733963,7.14,"€28,56/lt",Dove,Beleza e Higiene/Corpo/Cremes e Loções,https://www.continente.pt/dw/image/v2/BDVS_PRD/on/demandware.static/-/Sites-col-master-catalog/default/dw0068662b/images/col/773/7733963-frente.jpg?sw=280&sh=280,emb. 250 ml,https://www.continente.pt/produto/creme-corpo-pro-age-care-peles-maduras-dove-7733963.html,bebe,2025-04-21,Continente
Contos do Bosque da Bolota - A Sesta da Coelha,7708973,9.81,"€9,81/un",Julia Donaldson e Axel Scheffler,Livraria e Papelaria/Livros/Infantis/Bebé,https://www.continente.pt/dw/image/v2/BDVS_PRD/on/demandware.static/-/Sites-col-master-catalog/default/dwe5167ac0/images/col/770/7708973-frente.jpg?sw=280&sh=280,,https://www.continente.pt/produto/contos-do-bosque-da-bolota---a-sesta-da-coelha-julia-donaldson-e-axel-scheffler-7708973.html,bebe,2025-04-21,Continente
Creme Corpo Gordo 72h Hidratação Intensiva Pele Muito Seca,7059425,9.99,"€39,96/lt",Vaseline,Beleza e Higiene/Corpo/Cremes e Loções,https://www.continente.pt/dw/image/v2/BDVS_PRD/on/demandware.static/-/Sites-col-master-catalog/default/dw8106e487/images/col/705/7059425-hero.jpg?sw=280&sh=280,emb. 250 ml,https://www.continente.pt/produto/creme-corpo-gordo-72h-hidratacao-intensiva-pele-muito-seca-vaseline-7059425.html,bebe,2025-04-21,Continente
Bebé - Brincar às Escondidas,5493957,6.21,"€6,21/un",Dorling Kindersley,Livraria e Papelaria/Livros/Infantis/Bebé,https://www.continente.pt/dw/image/v2/BDVS_PRD/on/demandware.static/-/Sites-col-master-catalog/default/dwa110ff82/images/col/549/5493957-frente.jpg?sw=280&sh=280,,https://www.continente.pt/produto/bebe---brincar-as-escondidas-dorling-kindersley-5493957.html,bebe,2025-04-21,Continente
Toalha Com Bordado Sol Cinza,7647019,12.99,"€12,99/un",Happy Bear,Bebé/Banho e Higiene/Toalhas de Banho,https://www.continente.pt/dw/image/v2/BDVS_PRD/on/demandware.static/-/Sites-col-master-catalog/default/dw919a6378/images/col/764/7647019-frente.jpg?sw=280&sh=280,1 un,https://www.continente.pt/produto/toalha-com-bordado-sol-cinza-happy-bear-7647019.html,bebe,2025-04-21,Continente
Prateleira de Pendurar Branca,8121859,69.99,"€69,99/un",Twinko,Bebé/Quarto de Bebé/Mobiliário,https://www.continente.pt/dw/image/v2/BDVS_PRD/on/demandware.static/-/Sites-col-master-catalog/default/dw1468a85d/images/col/812/8121859-esquerdo.jpg?sw=280&sh=280,1 un,https://www.continente.pt/produto/prateleira-de-pendurar-branca-twinko-8121859.html,bebe,2025-04-21,Continente
Férias com Frozen 3 - Aprendo com a Disney,8060648,7.92,"€7,92/un",Vários Autores,Livraria e Papelaria/Livros/Infantis/Livros de Atividades,https://www.continente.pt/dw/image/v2/BDVS_PRD/on/demandware.static/-/Sites-col-master-catalog/default/dwf7d876dc/images/col/806/8060648-topshot.jpg?sw=280&sh=280,,https://www.continente.pt/produto/ferias-com-frozen-3---aprendo-com-a-disney-varios-autores-8060648.html,bebe,2025-04-21,Continente
Salpica & Mergulha - Baleia,8079289,8.99,"€8,99/un",Yoyo Studios,Livraria e Papelaria/Livros/Infantis/Bebé,https://www.continente.pt/dw/image/v2/BDVS_PRD/on/demandware.static/-/Sites-col-master-catalog/default/dw90f9c589/images/col/807/8079289-topshot.jpg?sw=280&sh=280,,https://www.continente.pt/produto/salpica-mergulha---baleia-yoyo-studios-8079289.html,bebe,2025-04-21,Continente
O Meu Livro dos Sorrisos,7680248,8.91,"€8,91/un",Anne Sofie Sternberg e Eva Sanz,Livraria e Papelaria/Livros/Infantis/Bebé,https://www.continente.pt/dw/image/v2/BDVS_PRD/on/demandware.static/-/Sites-col-master-catalog/default/dw83ef9369/images/col/768/7680248-frente.jpg?sw=280&sh=280,,https://www.continente.pt/produto/o-meu-livro-dos-sorrisos-anne-sofie-sternberg-e-eva-sanz-7680248.html,bebe,2025-04-21,Continente
Aprender a Ser,8159778,15.93,"€15,93/un",Inês Sottomayor,Livraria e Papelaria/Livros/Saúde e Bem-Estar/Gravidez e Puericultura,https://www.continente.pt/dw/image/v2/BDVS_PRD/on/demandware.static/-/Sites-col-master-catalog/default/dwa0eaf8b0/images/col/815/8159778-topshot.jpg?sw=280&sh=280,,https://www.continente.pt/produto/aprender-a-ser-ines-sottomayor-8159778.html,bebe,2025-04-21,Continente
Frozen - História Para Colorir,5767849,4.41,"€4,41/un",Disney,Livraria e Papelaria/Livros/Infantis/Livros de Atividades,https://www.continente.pt/dw/image/v2/BDVS_PRD/on/demandware.static/-/Sites-col-master-catalog/default/dw9cc6439a/col/576/5767849.jpg?sw=280&sh=280,,https://www.continente.pt/produto/frozen---historia-para-colorir-disney-5767849.html,bebe,2025-04-21,Continente
Os Aromas da Quinta,7750047,8.91,"€8,91/un",Adeline Pierre,Livraria e Papelaria/Livros/Infantis/Bebé,https://www.continente.pt/dw/image/v2/BDVS_PRD/on/demandware.static/-/Sites-col-master-catalog/default/dw2e6756f8/images/col/775/7750047-frente.jpg?sw=280&sh=280,,https://www.continente.pt/produto/os-aromas-da-quinta-adeline-pierre-7750047.html,bebe,2025-04-21,Continente
Manteiga Corpo Arroz e Coco,8168301,5.99,"€5,99/un",Body Natur,Beleza e Higiene/Corpo/Cremes e Loções,https://www.continente.pt/dw/image/v2/BDVS_PRD/on/demandware.static/-/Sites-col-master-catalog/default/dwbfa589f0/images/col/816/8168301-frente.jpg?sw=280&sh=280,emb. 1 un,https://www.continente.pt/produto/manteiga-corpo-arroz-e-coco-body-natur-8168301.html,bebe,2025-04-21,Continente
Almofada de Amamentação Multifuncional Branca,7997348,39.99,"€39,99/un",Kikka Boo,Bebé/Maternidade e Amamentação/Almofadas de Amamentação,https://www.continente.pt/dw/image/v2/BDVS_PRD/on/demandware.static/-/Sites-col-master-catalog/default/dw14e00b33/images/col/799/7997348-frente.jpg?sw=280&sh=280,1 un,https://www.continente.pt/produto/almofada-de-amamentacao-multifuncional-branca-kikka-boo-7997348.html,bebe,2025-04-21,Continente
Cama de Viagem 2 Níveis Complet Duo,512108,89.99,"€89,99/un",Asalvo,Bebé/Passeio e Viagem/Camas de Viagem,https://www.continente.pt/dw/image/v2/BDVS_PRD/on/demandware.static/-/Sites-col-master-catalog/default/dw45185953/images/col/811/8118638-frente.jpg?sw=280&sh=280,1 un,https://www.continente.pt/produto/cama-de-viagem-2-niveis-complet-duo-asalvo-512108.html,bebe,2025-04-21,Continente
Cadeira de Refeição Rosa Forest,8022355,109.0,"€109,00/un",Asalvo,"Bebé/Alimentação, Leites e Acessórios/Cadeiras de Refeição",https://www.continente.pt/dw/image/v2/BDVS_PRD/on/demandware.static/-/Sites-col-master-catalog/default/dw3d61a73d/images/col/802/8022355-frente.jpg?sw=280&sh=280,1 un,https://www.continente.pt/produto/cadeira-de-refeicao-rosa-forest-asalvo-8022355.html,bebe,2025-04-21,Continente
Abraça e Aconchega - Grandes Amigos: Baleia,8181592,17.99,"€17,99/un",Yoyo Studios,Livraria e Papelaria/Livros/Infantis/Bebé,https://www.continente.pt/dw/image/v2/BDVS_PRD/on/demandware.static/-/Sites-col-master-catalog/default/dwdc4512f5/images/col/818/8181592-frente.jpg?sw=280&sh=280,,https://www.continente.pt/produto/abraca-e-aconchega---grandes-amigos-baleia-yoyo-studios-8181592.html,bebe,2025-04-21,Continente
Cuecas Menstruais Expert para Fluxo Ligeiro S,7908361,19.9,"€19,90/un",Dim,Beleza e Higiene/Higiene Íntima/Pensos e Cuecas Menstruais,https://www.continente.pt/dw/image/v2/BDVS_PRD/on/demandware.static/-/Sites-col-master-catalog/default/dw253b6209/images/col/790/7908361-frente.jpg?sw=280&sh=280,emb. 1 un,https://www.continente.pt/produto/cuecas-menstruais-expert-para-fluxo-ligeiro-s-dim-7908361.html,bebe,2025-04-21,Continente
Método Montessori,7840076,14.31,"€14,31/un",Beatriz Vasconcelos Freitas,Livraria e Papelaria/Livros/Saúde e Bem-Estar/Gravidez e Puericultura,https://www.continente.pt/dw/image/v2/BDVS_PRD/on/demandware.static/-/Sites-col-master-catalog/default/dw45f785c2/images/col/784/7840076-frente.jpg?sw=280&sh=280,,https://www.continente.pt/produto/metodo-montessori-beatriz-vasconcelos-freitas-7840076.html,bebe,2025-04-21,Continente
Ninho de Bebé Cute Flores Verde,7926901,54.99,"€54,99/un",Jané,Bebé/Proteção e Conforto/Almofadas e Ninhos,https://www.continente.pt/dw/image/v2/BDVS_PRD/on/demandware.static/-/Sites-col-master-catalog/default/dw304c7934/images/col/792/7926901-topshot.jpg?sw=280&sh=280,1 un,https://www.continente.pt/produto/ninho-de-bebe-cute-flores-verde-jane-7926901.html,bebe,2025-04-21,Continente
Divirto-me no Fundo do Mar,7815063,11.61,"€11,61/un",Vários Autores,Livraria e Papelaria/Livros/Infantis/Bebé,https://www.continente.pt/dw/image/v2/BDVS_PRD/on/demandware.static/-/Sites-col-master-catalog/default/dw459d70a8/images/col/781/7815063-frente.jpg?sw=280&sh=280,,https://www.continente.pt/produto/divirto-me-no-fundo-do-mar-varios-autores-7815063.html,bebe,2025-04-21,Continente
Boa Noite! - Coruja,7486889,9.99,"€9,99/un",Yoyo Studios,Livraria e Papelaria/Livros/Infantis/Bebé,https://www.continente.pt/dw/image/v2/BDVS_PRD/on/demandware.static/-/Sites-col-master-catalog/default/dwe516a581/images/col/748/7486889-frente.jpg?sw=280&sh=280,,https://www.continente.pt/produto/boa-noite---coruja-yoyo-studios-7486889.html,bebe,2025-04-21,Continente
Assento Refeição Happy Lunch,7591720,24.99,"€24,99/un",Happy Bear,"Bebé/Alimentação, Leites e Acessórios/Cadeiras de Refeição",https://www.continente.pt/dw/image/v2/BDVS_PRD/on/demandware.static/-/Sites-col-master-catalog/default/dwde1cb052/images/col/759/7591720-frente.jpg?sw=280&sh=280,1 un,https://www.continente.pt/produto/assento-refeicao-happy-lunch-happy-bear-7591720.html,bebe,2025-04-21,Continente
Divertida-Mente 2 - História Para Colorir,8081313,4.41,"€4,41/un",Vários Autores,Livraria e Papelaria/Livros/Infantis/Livros de Atividades,https://www.continente.pt/dw/image/v2/BDVS_PRD/on/demandware.static/-/Sites-col-master-catalog/default/dw10990b17/images/col/808/8081313-topshot.jpg?sw=280&sh=280,,https://www.continente.pt/produto/divertida-mente-2---historia-para-colorir-varios-autores-8081313.html,bebe,2025-04-21,Continente
As Sereias - Desenha com Stencils,8081125,10.76,"€10,76/un",Elizabeth Golding,Livraria e Papelaria/Livros/Infantis/Livros de Atividades,https://www.continente.pt/dw/image/v2/BDVS_PRD/on/demandware.static/-/Sites-col-master-catalog/default/dw8e2d5c55/images/col/808/8081125-topshot.jpg?sw=280&sh=280,,https://www.continente.pt/produto/as-sereias---desenha-com-stencils-elizabeth-golding-8081125.html,bebe,2025-04-21,Continente
Almofada Anti-alérgica 44x35cm Bigo,6953851,7.99,"€7,99/un",Happy Bear,Bebé/Proteção e Conforto/Almofadas e Ninhos,https://www.continente.pt/dw/image/v2/BDVS_PRD/on/demandware.static/-/Sites-col-master-catalog/default/dw8ff85991/images/col/695/6953851-frente.jpg?sw=280&sh=280,1 un,https://www.continente.pt/produto/almofada-anti-alergica-44x35cm-bigo-happy-bear-6953851.html,bebe,2025-04-21,Continente
555 Atividades Superdivertidas,8094108,8.99,"€8,99/un",Vários Autores,Livraria e Papelaria/Livros/Infantis/Livros de Atividades,https://www.continente.pt/dw/image/v2/BDVS_PRD/on/demandware.static/-/Sites-col-master-catalog/default/dw36756727/images/col/809/8094108-topshot.jpg?sw=280&sh=280,,https://www.continente.pt/produto/555-atividades-superdivertidas-varios-autores-8094108.html,bebe,2025-04-21,Continente
Conjunto de Rua Trio Cinza Oslo 2,7833574,244.3,"€244,30/un",Asalvo,Bebé/Passeio e Viagem/Carrinhos de Passeio,https://www.continente.pt/dw/image/v2/BDVS_PRD/on/demandware.static/-/Sites-col-master-catalog/default/dwbd4b346d/col/783/7833574_frente.jpg?sw=280&sh=280,1 un,https://www.continente.pt/produto/conjunto-de-rua-trio-cinza-oslo-2-asalvo-7833574.html,bebe,2025-04-21,Continente
Formas e Autocolantes - Pato,8013100,6.29,"€6,29/un",Yoyo Studios,Livraria e Papelaria/Livros/Infantis/Livros de Atividades,https://www.continente.pt/dw/image/v2/BDVS_PRD/on/demandware.static/-/Sites-col-master-catalog/default/dw140fd211/images/col/801/8013100-topshot.jpg?sw=280&sh=280,,https://www.continente.pt/produto/formas-e-autocolantes---pato-yoyo-studios-8013100.html,bebe,2025-04-21,Continente
Carrinho de Passeio Rosa Mombi,7864420,79.99,"€79,99/un",Asalvo,Bebé/Passeio e Viagem/Carrinhos de Passeio,https://www.continente.pt/dw/image/v2/BDVS_PRD/on/demandware.static/-/Sites-col-master-catalog/default/dwb3734c0e/images/col/786/7864420-frente.jpg?sw=280&sh=280,1 un,https://www.continente.pt/produto/carrinho-de-passeio-rosa-mombi-asalvo-7864420.html,bebe,2025-04-21,Continente
O Meu Pequeno Amigo Fantoche de Dedo - Na Quinta,8013121,14.98,"€14,98/un",Yoyo Studios,Livraria e Papelaria/Livros/Infantis/Bebé,https://www.continente.pt/dw/image/v2/BDVS_PRD/on/demandware.static/-/Sites-col-master-catalog/default/dw6f1209ff/images/col/801/8013121-topshot.jpg?sw=280&sh=280,,https://www.continente.pt/produto/o-meu-pequeno-amigo-fantoche-de-dedo---na-quinta-yoyo-studios-8013121.html,bebe,2025-04-21,Continente
Carrinho de Passeio Amarelo Mombi,7864421,79.99,"€79,99/un",Asalvo,Bebé/Passeio e Viagem/Carrinhos de Passeio,https://www.continente.pt/dw/image/v2/BDVS_PRD/on/demandware.static/-/Sites-col-master-catalog/default/dwaf579447/images/col/786/7864421-frente.jpg?sw=280&sh=280,1 un,https://www.continente.pt/produto/carrinho-de-passeio-amarelo-mombi-asalvo-7864421.html,bebe,2025-04-21,Continente
Carrinho De Passeio Flight Preto e Rosa,7864446,119.2,"€119,20/un",Asalvo,Bebé/Passeio e Viagem/Carrinhos de Passeio,https://www.continente.pt/dw/image/v2/BDVS_PRD/on/demandware.static/-/Sites-col-master-catalog/default/dw44445934/images/col/786/7864446-frente.jpg?sw=280&sh=280,1 un,https://www.continente.pt/produto/carrinho-de-passeio-flight-preto-e-rosa-asalvo-7864446.html,bebe,2025-04-21,Continente
Carrinho de Passeio Verde América,8021958,111.2,"€111,20/un",Asalvo,Bebé/Passeio e Viagem/Carrinhos de Passeio,https://www.continente.pt/dw/image/v2/BDVS_PRD/on/demandware.static/-/Sites-col-master-catalog/default/dw17135049/images/col/802/8021958-frente.jpg?sw=280&sh=280,1 un,https://www.continente.pt/produto/carrinho-de-passeio-verde-america-asalvo-8021958.html,bebe,2025-04-21,Continente
Termo Inox 500ml Organic,7068374,14.99,"€14,99/un",Jané,"Bebé/Alimentação, Leites e Acessórios/Pratos, Copos e Termos",https://www.continente.pt/dw/image/v2/BDVS_PRD/on/demandware.static/-/Sites-col-master-catalog/default/dw64dc6b32/images/col/706/7068374-frente.jpg?sw=280&sh=280,1 un,https://www.continente.pt/produto/termo-inox-500ml-organic-jane-7068374.html,bebe,2025-04-21,Continente
Barreira de Segurança 80cm Easy-Close,6122305,39.99,"€39,99/un",Safety 1st,Bebé/Proteção e Conforto/Segurança em Casa,https://www.continente.pt/dw/image/v2/BDVS_PRD/on/demandware.static/-/Sites-col-master-catalog/default/dwc2be877e/images/col/612/6122305-direito.jpg?sw=280&sh=280,1 un,https://www.continente.pt/produto/barreira-de-seguranca-80cm-easy-close-safety-1st-6122305.html,bebe,2025-04-21,Continente
Bacio Panda,7469650,44.99,"€44,99/un",Bebeconfort,Bebé/Banho e Higiene/Complementos de Higiene,https://www.continente.pt/dw/image/v2/BDVS_PRD/on/demandware.static/-/Sites-col-master-catalog/default/dw3161a1eb/images/col/746/7469650-frente.jpg?sw=280&sh=280,1 un,https://www.continente.pt/produto/bacio-panda-bebeconfort-7469650.html,bebe,2025-04-21,Continente
Avental sem Mangas para Atividades,8299480,5.09,"€5,09/un",Fisher-Price,Bebé/Brinquedos e Livros/Brinquedos de Bebé,https://www.continente.pt/dw/image/v2/BDVS_PRD/on/demandware.static/-/Sites-col-master-catalog/default/dw81cd60f4/images/col/829/8299480-frente.jpg?sw=280&sh=280,1 un,https://www.continente.pt/produto/avental-sem-mangas-para-atividades-fisher-price-8299480.html,bebe,2025-04-21,Continente
Avental sem Mangas para Atividades Disney Mickey,8299519,5.09,"€5,09/un",Disney Mickey,Bebé/Brinquedos e Livros/Brinquedos de Bebé,https://www.continente.pt/dw/image/v2/BDVS_PRD/on/demandware.static/-/Sites-col-master-catalog/default/dwe7e08477/images/col/829/8299519-frente.jpg?sw=280&sh=280,1 un,https://www.continente.pt/produto/avental-sem-mangas-para-atividades-disney-mickey-disney-mickey-8299519.html,bebe,2025-04-21,Continente
Aprende & Diverte-te,6926910,8.09,"€8,09/un",Yoyo Studios,Livraria e Papelaria/Livros/Infantis/Livros de Atividades,https://www.continente.pt/dw/image/v2/BDVS_PRD/on/demandware.static/-/Sites-col-master-catalog/default/dw4333aa9c/images/col/692/6926910-frente.jpg?sw=280&sh=280,,https://www.continente.pt/produto/aprende-diverte-te-yoyo-studios-6926910.html,bebe,2025-04-21,Continente
Biblioteca dos Meus Primeiros Conceitos,7630653,11.61,"€11,61/un",Vários Autores,Livraria e Papelaria/Livros/Infantis/Bebé,https://www.continente.pt/dw/image/v2/BDVS_PRD/on/demandware.static/-/Sites-col-master-catalog/default/dw5167bfa0/images/col/763/7630653-frente.jpg?sw=280&sh=280,,https://www.continente.pt/produto/biblioteca-dos-meus-primeiros-conceitos-varios-autores-7630653.html,bebe,2025-04-21,Continente
Camaleão Brincalhão,7116689,12.99,"€12,99/un",Baby Clementoni,Brinquedos e Jogos/Bebé e Peluches/Primeiros Brinquedos,https://www.continente.pt/dw/image/v2/BDVS_PRD/on/demandware.static/-/Sites-col-master-catalog/default/dw90f01667/images/col/711/7116689-frente.jpg?sw=280&sh=280,,https://www.continente.pt/produto/camaleao-brincalhao-baby-clementoni-7116689.html,bebe,2025-04-21,Continente
Loção Corpo Figura Perfeita,5530246,4.15,"€12,58/lt",Natural Honey,Beleza e Higiene/Corpo/Cremes e Loções,https://www.continente.pt/dw/image/v2/BDVS_PRD/on/demandware.static/-/Sites-col-master-catalog/default/dweac5fcea/images/col/553/5530246-frente.jpg?sw=280&sh=280,emb. 330 ml,https://www.continente.pt/produto/locao-corpo-figura-perfeita-natural-honey-5530246.html,bebe,2025-04-21,Continente
Edredão e Resguardo Urso Nuvem,333480,55.99,"€55,99/un",Happy Bear,"Bebé/Quarto de Bebé/Colchas, Mantas e Edredões",https://www.continente.pt/dw/image/v2/BDVS_PRD/on/demandware.static/-/Sites-col-master-catalog/default/dwa7a36388/images/col/779/7797527-frente.jpg?sw=280&sh=280,1 un,https://www.continente.pt/produto/edredao-e-resguardo-urso-nuvem-happy-bear-333480.html,bebe,2025-04-21,Continente
Ursinho Doces Melodias,7526772,19.99,"€19,99/un",Chicco,Brinquedos e Jogos/Bebé e Peluches/Primeiros Brinquedos,https://www.continente.pt/dw/image/v2/BDVS_PRD/on/demandware.static/-/Sites-col-master-catalog/default/dw0bda1e39/images/col/752/7526772-frente.jpg?sw=280&sh=280,,https://www.continente.pt/produto/ursinho-doces-melodias-chicco-7526772.html,bebe,2025-04-21,Continente
Ver o Meu Bebé Crescer,6338135,22.41,"€22,41/un",Vários Autores,Livraria e Papelaria/Livros/Saúde e Bem-Estar/Gravidez e Puericultura,https://www.continente.pt/dw/image/v2/BDVS_PRD/on/demandware.static/-/Sites-col-master-catalog/default/dwd149cb63/images/col/633/6338135-frente.jpg?sw=280&sh=280,,https://www.continente.pt/produto/ver-o-meu-bebe-crescer-varios-autores-6338135.html,bebe,2025-04-21,Continente
Protetores de Tomadas,4257135,4.99,"€4,99/un",Safety 1st,Bebé/Proteção e Conforto/Segurança em Casa,https://www.continente.pt/dw/image/v2/BDVS_PRD/on/demandware.static/-/Sites-col-master-catalog/default/dwd602bc78/images/col/425/4257135-direito.jpg?sw=280&sh=280,8 un,https://www.continente.pt/produto/protetores-de-tomadas-safety-1st-4257135.html,bebe,2025-04-21,Continente
Biberão 360ml Physio Sandal L,7982959,7.99,"€7,99/un",Bebeconfort,Bebé/Puericultura,https://www.continente.pt/dw/image/v2/BDVS_PRD/on/demandware.static/-/Sites-col-master-catalog/default/dw4fafd21a/images/col/798/7982959-frente.jpg?sw=280&sh=280,1 un,https://www.continente.pt/produto/biberao-360ml-physio-sandal-l-bebeconfort-7982959.html,bebe,2025-04-21,Continente
Toalha Com Bordado Luas Rosa,7647022,12.99,"€12,99/un",Happy Bear,Bebé/Banho e Higiene/Toalhas de Banho,https://www.continente.pt/dw/image/v2/BDVS_PRD/on/demandware.static/-/Sites-col-master-catalog/default/dw1965bdcf/images/col/764/7647022-frente.jpg?sw=280&sh=280,1 un,https://www.continente.pt/produto/toalha-com-bordado-luas-rosa-happy-bear-7647022.html,bebe,2025-04-21,Continente
Colchão para Cama Tipi 70x140cm,7758470,69.99,"€69,99/un",Happy Bear,"Bebé/Quarto de Bebé/Camas, Berços e Colchões",https://www.continente.pt/dw/image/v2/BDVS_PRD/on/demandware.static/-/Sites-col-master-catalog/default/dw61336ac4/images/col/775/7758470-frente.jpg?sw=280&sh=280,1 un,https://www.continente.pt/produto/colchao-para-cama-tipi-70x140cm-happy-bear-7758470.html,bebe,2025-04-21,Continente
"Banco e Baú Arrumação Madeira 62,5x40x37cm Minnie",7594582,59.49,"€59,49/un",Disney Minnie,Bebé/Quarto de Bebé/Mobiliário,https://www.continente.pt/dw/image/v2/BDVS_PRD/on/demandware.static/-/Sites-col-master-catalog/default/dwc4e4a057/images/col/759/7594582-frente.jpg?sw=280&sh=280,1 un,https://www.continente.pt/produto/banco-e-bau-arrumacao-madeira-625x40x37cm-minnie-disney-minnie-7594582.html,bebe,2025-04-21,Continente
Livro Casa das Formas,7116002,19.99,"€19,99/un",Chicco,Brinquedos e Jogos/Bebé e Peluches/Didáticos e Interativos,https://www.continente.pt/dw/image/v2/BDVS_PRD/on/demandware.static/-/Sites-col-master-catalog/default/dw947daa72/images/col/711/7116002-frente-sem-embalagem.jpg?sw=280&sh=280,,https://www.continente.pt/produto/livro-casa-das-formas-chicco-7116002.html,bebe,2025-04-21,Continente
Palavras Viajantes - Animais,7406806,6.97,"€6,98/un",Vários Autores,Livraria e Papelaria/Livros/Infantis/Bebé,https://www.continente.pt/dw/image/v2/BDVS_PRD/on/demandware.static/-/Sites-col-master-catalog/default/dw7b81bbb6/images/col/740/7406806-frente.jpg?sw=280&sh=280,,https://www.continente.pt/produto/palavras-viajantes---animais-varios-autores-7406806.html,bebe,2025-04-21,Continente
Móbile Next2Dreams Bege,6694450,39.99,"€39,99/un",Chicco,Brinquedos e Jogos/Bebé e Peluches/Primeiros Brinquedos,https://www.continente.pt/dw/image/v2/BDVS_PRD/on/demandware.static/-/Sites-col-master-catalog/default/dw4ab15e52/images/col/669/6694450-esquerdo.jpg?sw=280&sh=280,,https://www.continente.pt/produto/mobile-next2dreams-bege-chicco-6694450.html,bebe,2025-04-21,Continente
Fraldas Pants Activity Extra 9-15kg T4,7854387,23.89,"€0,56/un",Dodot,Bebé/Fraldas e Toalhitas/Fraldas 4-11kg/9-15kg (T3 e T4),https://www.continente.pt/dw/image/v2/BDVS_PRD/on/demandware.static/-/Sites-col-master-catalog/default/dwa74c09dc/images/col/785/7854387-frente.jpg?sw=280&sh=280,emb. 43 un,https://www.continente.pt/produto/fraldas-pants-activity-extra-9-15kg-t4-dodot-7854387.html,bebe,2025-04-21,Continente
Loção Corpo Beloved Musk,7201819,2.91,"€11,64/lt",Bioten,Beleza e Higiene/Corpo/Cremes e Loções,https://www.continente.pt/dw/image/v2/BDVS_PRD/on/demandware.static/-/Sites-col-master-catalog/default/dwbd701d0c/images/col/720/7201819-frente.jpg?sw=280&sh=280,emb. 250 ml,https://www.continente.pt/produto/locao-corpo-beloved-musk-bioten-7201819.html,bebe,2025-04-21,Continente
Carrinho de Passeio Cinza Tokio,8022339,55.99,"€55,99/un",Asalvo,Bebé/Passeio e Viagem/Carrinhos de Passeio,https://www.continente.pt/dw/image/v2/BDVS_PRD/on/demandware.static/-/Sites-col-master-catalog/default/dw120c6791/col/792/8022339_frente.jpg?sw=280&sh=280,1 un,https://www.continente.pt/produto/carrinho-de-passeio-cinza-tokio-asalvo-8022339.html,bebe,2025-04-21,Continente
Carrinho de Passeio Rosa Tokio,7725173,55.99,"€55,99/un",Asalvo,Bebé/Passeio e Viagem/Carrinhos de Passeio,https://www.continente.pt/dw/image/v2/BDVS_PRD/on/demandware.static/-/Sites-col-master-catalog/default/dwf88858c2/images/col/772/7725173-frente.jpg?sw=280&sh=280,1 un,https://www.continente.pt/produto/carrinho-de-passeio-rosa-tokio-asalvo-7725173.html,bebe,2025-04-21,Continente
Como Não Estragar Completamente os Filhos,7114324,13.95,"€13,95/un",James Breakwell,Livraria e Papelaria/Livros/Saúde e Bem-Estar/Gravidez e Puericultura,https://www.continente.pt/dw/image/v2/BDVS_PRD/on/demandware.static/-/Sites-col-master-catalog/default/dwd5ca699b/images/col/711/7114324-frente.jpg?sw=280&sh=280,,https://www.continente.pt/produto/como-nao-estragar-completamente-os-filhos-james-breakwell-7114324.html,bebe,2025-04-21,Continente
Conjunto de Rua Duo Preto Biarritz,8181890,207.2,"€207,20/un",Asalvo,Bebé/Passeio e Viagem/Carrinhos de Passeio,https://www.continente.pt/dw/image/v2/BDVS_PRD/on/demandware.static/-/Sites-col-master-catalog/default/dw0ea5bccb/images/col/818/8181890-frente.jpg?sw=280&sh=280,1 un,https://www.continente.pt/produto/conjunto-de-rua-duo-preto-biarritz-asalvo-8181890.html,bebe,2025-04-21,Continente
Vira a Página e Aprende - Quem É o Número 1?,7748802,9.99,"€9,99/un",Yoyo Studios,Livraria e Papelaria/Livros/Infantis/Bebé,https://www.continente.pt/dw/image/v2/BDVS_PRD/on/demandware.static/-/Sites-col-master-catalog/default/dw39906fb6/images/col/774/7748802-frente.jpg?sw=280&sh=280,,https://www.continente.pt/produto/vira-a-pagina-e-aprende---quem-e-o-numero-1-yoyo-studios-7748802.html,bebe,2025-04-21,Continente
O Meu Primeiro Livro Mágico - Opostos,8016702,8.96,"€8,96/un",Elizabeth Golding,Livraria e Papelaria/Livros/Infantis/Livros de Atividades,https://www.continente.pt/dw/image/v2/BDVS_PRD/on/demandware.static/-/Sites-col-master-catalog/default/dw80977f54/images/col/801/8016702-topshot.jpg?sw=280&sh=280,,https://www.continente.pt/produto/o-meu-primeiro-livro-magico---opostos-elizabeth-golding-8016702.html,bebe,2025-04-21,Continente
Eu Consigo Pintar com Água! - Pinguim,8021459,8.99,"€8,99/un",Yoyo Studios,Livraria e Papelaria/Livros/Infantis/Livros de Atividades,https://www.continente.pt/dw/image/v2/BDVS_PRD/on/demandware.static/-/Sites-col-master-catalog/default/dw033c1a3f/images/col/802/8021459-topshot.jpg?sw=280&sh=280,,https://www.continente.pt/produto/eu-consigo-pintar-com-agua---pinguim-yoyo-studios-8021459.html,bebe,2025-04-21,Continente
A Minha Malinha de Autocolantes Prateada,8094237,8.01,"€8,01/un",Vários Autores,Livraria e Papelaria/Livros/Infantis/Livros de Atividades,https://www.continente.pt/dw/image/v2/BDVS_PRD/on/demandware.static/-/Sites-col-master-catalog/default/dw32772fbd/images/col/809/8094237-topshot.jpg?sw=280&sh=280,,https://www.continente.pt/produto/a-minha-malinha-de-autocolantes-prateada-varios-autores-8094237.html,bebe,2025-04-21,Continente
Stitch - O Pequeno Amigo,8091664,18.81,"€18,81/un",Vários Autores,Livraria e Papelaria/Livros/Infantis/Livros de Atividades,https://www.continente.pt/dw/image/v2/BDVS_PRD/on/demandware.static/-/Sites-col-master-catalog/default/dw4f86db97/images/col/809/8091664-frente.jpg?sw=280&sh=280,,https://www.continente.pt/produto/stitch---o-pequeno-amigo-varios-autores-8091664.html,bebe,2025-04-21,Continente
Primeiras 100 Palavras - Opostos,8193800,12.59,"€12,59/un",Yoyo Studios,Livraria e Papelaria/Livros/Infantis/Bebé,https://www.continente.pt/dw/image/v2/BDVS_PRD/on/demandware.static/-/Sites-col-master-catalog/default/dw3ea8003d/images/col/819/8193800-topshot.jpg?sw=280&sh=280,,https://www.continente.pt/produto/primeiras-100-palavras---opostos-yoyo-studios-8193800.html,bebe,2025-04-21,Continente
Carrinho de Passeio Misty,512031,87.2,"€87,20/un",Bebeconfort,Bebé/Passeio e Viagem/Carrinhos de Passeio,https://www.continente.pt/dw/image/v2/BDVS_PRD/on/demandware.static/-/Sites-col-master-catalog/default/dw80598fc1/images/col/808/8081294-frente.jpg?sw=280&sh=280,1 un,https://www.continente.pt/produto/carrinho-de-passeio-misty-bebeconfort-512031.html,bebe,2025-04-21,Continente
Carrinho de Passeio Verde Milan,8022049,79.99,"€79,99/un",Asalvo,Bebé/Passeio e Viagem/Carrinhos de Passeio,https://www.continente.pt/dw/image/v2/BDVS_PRD/on/demandware.static/-/Sites-col-master-catalog/default/dw65e7463a/images/col/802/8022049-frente.jpg?sw=280&sh=280,1 un,https://www.continente.pt/produto/carrinho-de-passeio-verde-milan-asalvo-8022049.html,bebe,2025-04-21,Continente
Carrinho de Passeio Verde Mombi,7864419,79.99,"€79,99/un",Asalvo,Bebé/Passeio e Viagem/Carrinhos de Passeio,https://www.continente.pt/dw/image/v2/BDVS_PRD/on/demandware.static/-/Sites-col-master-catalog/default/dw295b7b3d/images/col/786/7864419-frente.jpg?sw=280&sh=280,1 un,https://www.continente.pt/produto/carrinho-de-passeio-verde-mombi-asalvo-7864419.html,bebe,2025-04-21,Continente
Saco Dormir,512012,24.99,"€24,99/un",Twinko,Bebé/Proteção e Conforto/Almofadas e Ninhos,https://www.continente.pt/dw/image/v2/BDVS_PRD/on/demandware.static/-/Sites-col-master-catalog/default/dwe357b728/images/col/806/8069718-topshot.jpg?sw=280&sh=280,1 un,https://www.continente.pt/produto/saco-dormir-twinko-512012.html,bebe,2025-04-21,Continente
Cadeira Auto I-Size 100-150cm Isofix Jef Fix,383785,79.99,"€79,99/un",Babyauto,Bebé/Cadeiras Auto,https://www.continente.pt/dw/image/v2/BDVS_PRD/on/demandware.static/-/Sites-col-master-catalog/default/dw58b4557a/images/col/829/8293511-frente.jpg?sw=280&sh=280,1 un,https://www.continente.pt/produto/cadeira-auto-i-size-100-150cm-isofix-jef-fix-babyauto-383785.html,bebe,2025-04-21,Continente
"Cómoda com Muda Fraldas 79,6x70x94,4cm Carvalho e Branco Helicia",8121788,169.0,"€169,00/un",Twinko,Bebé/Quarto de Bebé/Mobiliário,https://www.continente.pt/dw/image/v2/BDVS_PRD/on/demandware.static/-/Sites-col-master-catalog/default/dwe1bddc08/images/col/812/8121788-frente.jpg?sw=280&sh=280,1 un,https://www.continente.pt/produto/comoda-com-muda-fraldas-796x70x944cm-carvalho-e-branco-helicia-twinko-8121788.html,bebe,2025-04-21,Continente
Lateral Evolutiva para Berço 140x70cm Scandinave,8121822,54.99,"€54,99/un",Twinko,Bebé/Quarto de Bebé/Mobiliário,https://www.continente.pt/dw/image/v2/BDVS_PRD/on/demandware.static/-/Sites-col-master-catalog/default/dw9434884a/images/col/812/8121822-frente.jpg?sw=280&sh=280,1 un,https://www.continente.pt/produto/lateral-evolutiva-para-berco-140x70cm-scandinave-twinko-8121822.html,bebe,2025-04-21,Continente
Cama Junior com Gavetão Branca Dalia,8022798,319.0,"€319,00/un",Twinko,"Bebé/Quarto de Bebé/Camas, Berços e Colchões",https://www.continente.pt/dw/image/v2/BDVS_PRD/on/demandware.static/-/Sites-col-master-catalog/default/dwdedd1dec/images/col/802/8022798-direito.jpg?sw=280&sh=280,1 un,https://www.continente.pt/produto/cama-junior-com-gavetao-branca-dalia-twinko-8022798.html,bebe,2025-04-21,Continente
Conjunto Mesa e 2 Cadeiras Madeira Stitch,7998142,67.99,"€67,99/un",Stitch,Bebé/Quarto de Bebé/Mobiliário,https://www.continente.pt/dw/image/v2/BDVS_PRD/on/demandware.static/-/Sites-col-master-catalog/default/dw2122331d/images/col/799/7998142-frente.jpg?sw=280&sh=280,1 un,https://www.continente.pt/produto/conjunto-mesa-e-2-cadeiras-madeira-stitch-stitch-7998142.html,bebe,2025-04-21,Continente
Gavetão para Cama de Grades Faia Olivia,8121914,64.99,"€64,99/un",Twinko,Bebé/Quarto de Bebé/Mobiliário,https://www.continente.pt/dw/image/v2/BDVS_PRD/on/demandware.static/-/Sites-col-master-catalog/default/dw6b0fd309/images/col/812/8121914-direito.jpg?sw=280&sh=280,1 un,https://www.continente.pt/produto/gavetao-para-cama-de-grades-faia-olivia-twinko-8121914.html,bebe,2025-04-21,Continente
Pais e Filhos,7399805,13.95,"€13,95/un",Rita Costa,Livraria e Papelaria/Livros/Saúde e Bem-Estar/Gravidez e Puericultura,https://www.continente.pt/dw/image/v2/BDVS_PRD/on/demandware.static/-/Sites-col-master-catalog/default/dwdc0d04d7/images/col/739/7399805-frente.jpg?sw=280&sh=280,,https://www.continente.pt/produto/pais-e-filhos-rita-costa-7399805.html,bebe,2025-04-21,Continente
"Canal Panda - Hora do banho, Panda!",7403684,8.99,"€8,99/un",Panda,Livraria e Papelaria/Livros/Infantis/Bebé,https://www.continente.pt/dw/image/v2/BDVS_PRD/on/demandware.static/-/Sites-col-master-catalog/default/dwa3a6451d/images/col/740/7403684-frente.jpg?sw=280&sh=280,,https://www.continente.pt/produto/canal-panda---hora-do-banho-panda-panda-7403684.html,bebe,2025-04-21,Continente
Degrau Elevador Antiderrapante Verde,7800236,10.39,"€10,39/un",Badabulle,Bebé/Banho e Higiene/Complementos de Higiene,https://www.continente.pt/dw/image/v2/BDVS_PRD/on/demandware.static/-/Sites-col-master-catalog/default/dw6f8b7177/images/col/780/7800236-direito.jpg?sw=280&sh=280,1 un,https://www.continente.pt/produto/degrau-elevador-antiderrapante-verde-badabulle-7800236.html,bebe,2025-04-21,Continente
Salpica & Mergulha - Peixe,8079298,8.99,"€8,99/un",Yoyo Studios,Livraria e Papelaria/Livros/Infantis/Bebé,https://www.continente.pt/dw/image/v2/BDVS_PRD/on/demandware.static/-/Sites-col-master-catalog/default/dw1b95c553/images/col/807/8079298-topshot.jpg?sw=280&sh=280,,https://www.continente.pt/produto/salpica-mergulha---peixe-yoyo-studios-8079298.html,bebe,2025-04-21,Continente
Já Sei Tomar Banho Sozinho!,7305283,9.89,"€9,89/un",Patrícia Geis,Livraria e Papelaria/Livros/Infantis/Bebé,https://www.continente.pt/dw/image/v2/BDVS_PRD/on/demandware.static/-/Sites-col-master-catalog/default/dw1aa150cd/images/col/730/7305283-frente.jpg?sw=280&sh=280,,https://www.continente.pt/produto/ja-sei-tomar-banho-sozinho-patricia-geis-7305283.html,bebe,2025-04-21,Continente
Aquacadabra - Pato,7528199,8.09,"€8,09/un",Yoyo Studios,Livraria e Papelaria/Livros/Infantis/Bebé,https://www.continente.pt/dw/image/v2/BDVS_PRD/on/demandware.static/-/Sites-col-master-catalog/default/dw76f618db/images/col/752/7528199-frente.jpg?sw=280&sh=280,,https://www.continente.pt/produto/aquacadabra---pato-yoyo-studios-7528199.html,bebe,2025-04-21,Continente
Creme Fortalecedor Ceramida Protect,8014437,6.49,"€16,22/lt",Mixa,Beleza e Higiene/Corpo/Cremes e Loções,https://www.continente.pt/dw/image/v2/BDVS_PRD/on/demandware.static/-/Sites-col-master-catalog/default/dw2fb17c51/images/col/801/8014437-hero.jpg?sw=280&sh=280,emb. 400 ml,https://www.continente.pt/produto/creme-fortalecedor-ceramida-protect-mixa-8014437.html,bebe,2025-04-21,Continente
Pocoyo - Vamos Lavar os Dentes,8031537,9.86,"€9,86/un",Zinkia,Livraria e Papelaria/Livros/Infantis/Bebé,https://www.continente.pt/dw/image/v2/BDVS_PRD/on/demandware.static/-/Sites-col-master-catalog/default/dwa4a76333/images/col/803/8031537-topshot.jpg?sw=280&sh=280,,https://www.continente.pt/produto/pocoyo---vamos-lavar-os-dentes-zinkia-8031537.html,bebe,2025-04-21,Continente
Bichinhos Curiosos,7578296,4.94,"€4,94/un",Vários Autores,Livraria e Papelaria/Livros/Infantis/Bebé,https://www.continente.pt/dw/image/v2/BDVS_PRD/on/demandware.static/-/Sites-col-master-catalog/default/dwc06a7b62/images/col/757/7578296-frente.jpg?sw=280&sh=280,,https://www.continente.pt/produto/bichinhos-curiosos-varios-autores-7578296.html,bebe,2025-04-21,Continente
Chupetas +0M Anatómicas Silicone Rosa,6547764,3.99,"€3,99/un",Neo Baby,Bebé/Chupetas e Mordedores/Chupetas,https://www.continente.pt/dw/image/v2/BDVS_PRD/on/demandware.static/-/Sites-col-master-catalog/default/dw2c877324/images/col/654/6547764-esquerdo-semembalagem.jpg?sw=280&sh=280,2 un,https://www.continente.pt/produto/chupetas-0m-anatomicas-silicone-rosa-neo-baby-6547764.html,bebe,2025-04-21,Continente
Chupetas 6-18M Reversíveis Silicone,7982968,5.99,"€5,99/un",Bebeconfort,Bebé/Puericultura,https://www.continente.pt/dw/image/v2/BDVS_PRD/on/demandware.static/-/Sites-col-master-catalog/default/dw34430ca6/images/col/798/7982968-frente.jpg?sw=280&sh=280,2 un,https://www.continente.pt/produto/chupetas-6-18m-reversiveis-silicone-bebeconfort-7982968.html,bebe,2025-04-21,Continente
Conjunto 2 Chupetas Silicone,511945,4.79,"€4,79/un",Neo Baby,Bebé/Chupetas e Mordedores/Chupetas,https://www.continente.pt/dw/image/v2/BDVS_PRD/on/demandware.static/-/Sites-col-master-catalog/default/dw9bddabf4/col/792/8044902_frente.jpg?sw=280&sh=280,1 un,https://www.continente.pt/produto/conjunto-2-chupetas-silicone-neo-baby-511945.html,bebe,2025-04-21,Continente
Animais Simpáticos,7578295,4.94,"€4,94/un",Vários Autores,Livraria e Papelaria/Livros/Infantis/Bebé,https://www.continente.pt/dw/image/v2/BDVS_PRD/on/demandware.static/-/Sites-col-master-catalog/default/dw7fb7bb15/images/col/757/7578295-frente.jpg?sw=280&sh=280,,https://www.continente.pt/produto/animais-simpaticos-varios-autores-7578295.html,bebe,2025-04-21,Continente
Mais de 100 Palavras,7003309,12.95,"€12,95/un",Vários Autores,Livraria e Papelaria/Livros/Infantis/Bebé,https://www.continente.pt/dw/image/v2/BDVS_PRD/on/demandware.static/-/Sites-col-master-catalog/default/dw721c0287/images/col/700/7003309-frente.jpg?sw=280&sh=280,,https://www.continente.pt/produto/mais-de-100-palavras-varios-autores-7003309.html,bebe,2025-04-21,Continente
Livro de Banho Mágico - Primeiros Conceitos,7594610,8.91,"€8,91/un",Vários Autores,Livraria e Papelaria/Livros/Infantis/Bebé,https://www.continente.pt/dw/image/v2/BDVS_PRD/on/demandware.static/-/Sites-col-master-catalog/default/dwf4be7f93/images/col/759/7594610-frente.jpg?sw=280&sh=280,,https://www.continente.pt/produto/livro-de-banho-magico---primeiros-conceitos-varios-autores-7594610.html,bebe,2025-04-21,Continente
Amigos Animais - Estimação,7035592,8.99,"€8,99/un",Vários Autores,Livraria e Papelaria/Livros/Infantis/Bebé,https://www.continente.pt/dw/image/v2/BDVS_PRD/on/demandware.static/-/Sites-col-master-catalog/default/dw190b37ce/images/col/703/7035592-frente.jpg?sw=280&sh=280,,https://www.continente.pt/produto/amigos-animais---estimacao-varios-autores-7035592.html,bebe,2025-04-21,Continente
Pack Saquetas de Fruta Maçã e Banana,8003861,3.39,"€9,42/lt",Andros,"Mercearia/Alimentação Infantil/Boiões, Saquetas e Puré de Fruta",https://www.continente.pt/dw/image/v2/BDVS_PRD/on/demandware.static/-/Sites-col-master-catalog/default/dw40156543/images/col/800/8003861-esquerdo.jpg?sw=280&sh=280,emb. 4 x 90 gr,https://www.continente.pt/produto/pack-saquetas-de-fruta-maca-e-banana-andros-8003861.html,bebe,2025-04-21,Continente
101 Atividades Superdivertidas,8094052,8.99,"€8,99/un",Vários Autores,Livraria e Papelaria/Livros/Infantis/Livros de Atividades,https://www.continente.pt/dw/image/v2/BDVS_PRD/on/demandware.static/-/Sites-col-master-catalog/default/dwa151fecf/images/col/809/8094052-topshot.jpg?sw=280&sh=280,,https://www.continente.pt/produto/101-atividades-superdivertidas-varios-autores-8094052.html,bebe,2025-04-21,Continente
Manta Estrelas,511993,15.99,"€15,99/un",Interbaby,"Bebé/Quarto de Bebé/Colchas, Mantas e Edredões",https://www.continente.pt/dw/image/v2/BDVS_PRD/on/demandware.static/-/Sites-col-master-catalog/default/dwbd32dd09/images/col/806/8066917-frente.jpg?sw=280&sh=280,,https://www.continente.pt/produto/manta-estrelas-interbaby-511993.html,bebe,2025-04-21,Continente
Conjunto de Rua Trio Preto Oslo 2,7925744,279.2,"€279,20/un",Asalvo,Bebé/Passeio e Viagem/Carrinhos de Passeio,https://www.continente.pt/dw/image/v2/BDVS_PRD/on/demandware.static/-/Sites-col-master-catalog/default/dwbe9fd91f/col/785/7925744_frente.jpg?sw=280&sh=280,1 un,https://www.continente.pt/produto/conjunto-de-rua-trio-preto-oslo-2-asalvo-7925744.html,bebe,2025-04-21,Continente
Procura e Encontra - Quinta,8031546,10.76,"€10,76/un",Vários Autores,Livraria e Papelaria/Livros/Infantis/Livros de Atividades,https://www.continente.pt/dw/image/v2/BDVS_PRD/on/demandware.static/-/Sites-col-master-catalog/default/dw892a94e9/images/col/803/8031546-topshot.jpg?sw=280&sh=280,,https://www.continente.pt/produto/procura-e-encontra---quinta-varios-autores-8031546.html,bebe,2025-04-21,Continente
Berço Bege Nidus,7864505,79.0,"€79,00/un",Asalvo,"Bebé/Quarto de Bebé/Camas, Berços e Colchões",https://www.continente.pt/dw/image/v2/BDVS_PRD/on/demandware.static/-/Sites-col-master-catalog/default/dw29b63317/images/col/786/7864505-frente.jpg?sw=280&sh=280,1 un,https://www.continente.pt/produto/berco-bege-nidus-asalvo-7864505.html,bebe,2025-04-21,Continente
Andador Básico Girafa,8020933,69.99,"€69,99/un",Asalvo,Bebé/Quarto de Bebé/Parques e Andadores,https://www.continente.pt/dw/image/v2/BDVS_PRD/on/demandware.static/-/Sites-col-master-catalog/default/dw3feff105/col/792/8020933_frente.jpg?sw=280&sh=280,1 un,https://www.continente.pt/produto/andador-basico-girafa-asalvo-8020933.html,bebe,2025-04-21,Continente
Dinossauros Bebés,8019992,9.81,"€9,81/un",Vários Autores,Livraria e Papelaria/Livros/Infantis/Literatura Infantil,https://www.continente.pt/dw/image/v2/BDVS_PRD/on/demandware.static/-/Sites-col-master-catalog/default/dwcdddaf75/images/col/801/8019992-topshot.jpg?sw=280&sh=280,,https://www.continente.pt/produto/dinossauros-bebes-varios-autores-8019992.html,bebe,2025-04-21,Continente
Cadeira de Refeição Rosa Rabit,8022373,109.0,"€109,00/un",Asalvo,"Bebé/Alimentação, Leites e Acessórios/Cadeiras de Refeição",https://www.continente.pt/dw/image/v2/BDVS_PRD/on/demandware.static/-/Sites-col-master-catalog/default/dwd251e83e/col/792/8022373_frente.jpg?sw=280&sh=280,1 un,https://www.continente.pt/produto/cadeira-de-refeicao-rosa-rabit-asalvo-8022373.html,bebe,2025-04-21,Continente
Andador Azul Baby Stars,8020927,69.99,"€69,99/un",Asalvo,Bebé/Quarto de Bebé/Parques e Andadores,https://www.continente.pt/dw/image/v2/BDVS_PRD/on/demandware.static/-/Sites-col-master-catalog/default/dw7dd9922f/col/792/8020927_frente.jpg?sw=280&sh=280,1 un,https://www.continente.pt/produto/andador-azul-baby-stars-asalvo-8020927.html,bebe,2025-04-21,Continente
Cama de Viagem 2 Níveis Cinza Cão Complet Duo,8118639,89.99,"€89,99/un",Asalvo,Bebé/Passeio e Viagem/Camas de Viagem,https://www.continente.pt/dw/image/v2/BDVS_PRD/on/demandware.static/-/Sites-col-master-catalog/default/dw7bb2c185/images/col/811/8118639-frente.jpg?sw=280&sh=280,1 un,https://www.continente.pt/produto/cama-de-viagem-2-niveis-cinza-cao-complet-duo-asalvo-8118639.html,bebe,2025-04-21,Continente
Cama de Viagem 2 Níveis Verde Ouriço Complet Duo,8118638,89.99,"€89,99/un",Asalvo,Bebé/Passeio e Viagem/Camas de Viagem,https://www.continente.pt/dw/image/v2/BDVS_PRD/on/demandware.static/-/Sites-col-master-catalog/default/dw45185953/images/col/811/8118638-frente.jpg?sw=280&sh=280,1 un,https://www.continente.pt/produto/cama-de-viagem-2-niveis-verde-ourico-complet-duo-asalvo-8118638.html,bebe,2025-04-21,Continente
Cadeira de Refeição Portátil Cinza Malva,8081315,49.99,"€49,99/un",Bebeconfort,"Bebé/Alimentação, Leites e Acessórios/Cadeiras de Refeição",https://www.continente.pt/dw/image/v2/BDVS_PRD/on/demandware.static/-/Sites-col-master-catalog/default/dw12edcfd1/images/col/808/8081315-frente.jpg?sw=280&sh=280,1 un,https://www.continente.pt/produto/cadeira-de-refeicao-portatil-cinza-malva-bebeconfort-8081315.html,bebe,2025-04-21,Continente
Banco e Baú Arrumação 60x70x44cm Paw Patrol,7734144,67.99,"€67,99/un",Patrulha Pata,Bebé/Quarto de Bebé/Mobiliário,https://www.continente.pt/dw/image/v2/BDVS_PRD/on/demandware.static/-/Sites-col-master-catalog/default/dwa277b52f/images/col/773/7734144-frente.jpg?sw=280&sh=280,1 un,https://www.continente.pt/produto/banco-e-bau-arrumacao-60x70x44cm-paw-patrol-patrulha-pata-7734144.html,bebe,2025-04-21,Continente
Animais Bebés: Vamos Encontrar!,5526036,8.55,"€8,55/un",DK,Livraria e Papelaria/Livros/Infantis/Bebé,https://www.continente.pt/dw/image/v2/BDVS_PRD/on/demandware.static/-/Sites-col-master-catalog/default/dw4ab78601/images/col/552/5526036-frente.png?sw=280&sh=280,,https://www.continente.pt/produto/animais-bebes-vamos-encontrar-dk-5526036.html,bebe,2025-04-21,Continente
Creme Hidratante Pele Sensível,7374691,5.29,"€52,90/lt",Corine de Farme,Bebé/Banho e Higiene/Proteção e Hidratação,https://www.continente.pt/dw/image/v2/BDVS_PRD/on/demandware.static/-/Sites-col-master-catalog/default/dw04feeade/images/col/737/7374691-frente.jpg?sw=280&sh=280,emb. 100 ml,https://www.continente.pt/produto/creme-hidratante-pele-sensivel-corine-de-farme-7374691.html,bebe,2025-04-21,Continente
Buraquinhos - Vamos Contar,7202370,5.85,"€5,85/un",Giovanna Mantegazza,Livraria e Papelaria/Livros/Infantis/Bebé,https://www.continente.pt/dw/image/v2/BDVS_PRD/on/demandware.static/-/Sites-col-master-catalog/default/dwb2a3b556/images/col/720/7202370-frente.jpg?sw=280&sh=280,,https://www.continente.pt/produto/buraquinhos---vamos-contar-giovanna-mantegazza-7202370.html,bebe,2025-04-21,Continente
Os Bebés Sabem Comer Sozinhos,7346517,15.3,"€15,30/un",Gill Rapley e Travey Murkett,Livraria e Papelaria/Livros/Saúde e Bem-Estar/Gravidez e Puericultura,https://www.continente.pt/dw/image/v2/BDVS_PRD/on/demandware.static/-/Sites-col-master-catalog/default/dwa467e9e0/images/col/734/7346517-frente.jpg?sw=280&sh=280,,https://www.continente.pt/produto/os-bebes-sabem-comer-sozinhos-gill-rapley-e-travey-murkett-7346517.html,bebe,2025-04-21,Continente
Conjunto de Higiene +0M Bege,7435113,24.99,"€24,99/un",Jané,Bebé/Banho e Higiene/Complementos de Higiene,https://www.continente.pt/dw/image/v2/BDVS_PRD/on/demandware.static/-/Sites-col-master-catalog/default/dw73b2d063/images/col/743/7435113-frente.jpg?sw=280&sh=280,1 un,https://www.continente.pt/produto/conjunto-de-higiene-0m-bege-jane-7435113.html,bebe,2025-04-21,Continente
Super Rodinhas - Reboque,8021451,6.29,"€6,29/un",Yoyo Studios,Livraria e Papelaria/Livros/Infantis/Bebé,https://www.continente.pt/dw/image/v2/BDVS_PRD/on/demandware.static/-/Sites-col-master-catalog/default/dw80a2a93e/images/col/802/8021451-topshot.jpg?sw=280&sh=280,,https://www.continente.pt/produto/super-rodinhas---reboque-yoyo-studios-8021451.html,bebe,2025-04-21,Continente
Comando de Jogos Aprender e Brincar,6708050,14.99,"€14,99/un",Fisher-Price,Brinquedos e Jogos/Bebé e Peluches/Didáticos e Interativos,https://www.continente.pt/dw/image/v2/BDVS_PRD/on/demandware.static/-/Sites-col-master-catalog/default/dwec8b6762/images/col/670/6708050-frente.jpg?sw=280&sh=280,,https://www.continente.pt/produto/comando-de-jogos-aprender-e-brincar-fisher-price-6708050.html,bebe,2025-04-21,Continente
Espelho de Vigilância Auto de Duplo Sistema,7469658,7.99,"€7,99/un",Bebeconfort,Bebé/Passeio e Viagem/Marsúpios e Acessórios de Passeio,https://www.continente.pt/dw/image/v2/BDVS_PRD/on/demandware.static/-/Sites-col-master-catalog/default/dw6d95a898/images/col/746/7469658-frente.jpg?sw=280&sh=280,1 un,https://www.continente.pt/produto/espelho-de-vigilancia-auto-de-duplo-sistema-bebeconfort-7469658.html,bebe,2025-04-21,Continente
Carrinho de Passeio Tokio,511584,55.99,"€55,99/un",Asalvo,Bebé/Passeio e Viagem/Carrinhos de Passeio,https://www.continente.pt/dw/image/v2/BDVS_PRD/on/demandware.static/-/Sites-col-master-catalog/default/dw7cd30365/images/col/772/7725170-frente.jpg?sw=280&sh=280,1 un,https://www.continente.pt/produto/carrinho-de-passeio-tokio-asalvo-511584.html,bebe,2025-04-21,Continente
Conjunto de Rua Trio Cinza Selina,8118636,230.3,"€230,30/un",Kikka Boo,Bebé/Passeio e Viagem/Carrinhos de Passeio,https://www.continente.pt/dw/image/v2/BDVS_PRD/on/demandware.static/-/Sites-col-master-catalog/default/dwa27d3514/images/col/811/8118636-frente.jpg?sw=280&sh=280,1 un,https://www.continente.pt/produto/conjunto-de-rua-trio-cinza-selina-kikka-boo-8118636.html,bebe,2025-04-21,Continente
Banheira Quadrada Branca,2096972,17.99,"€17,99/un",,Bebé/Banho e Higiene/Banheiras e Assentos,https://www.continente.pt/dw/image/v2/BDVS_PRD/on/demandware.static/-/Sites-col-master-catalog/default/dwa0627a27/images/col/209/2096972-frente.jpg?sw=280&sh=280,1 un,https://www.continente.pt/produto/banheira-quadrada-branca-2096972.html,bebe,2025-04-21,Continente
Conjunto Talheres Aço Inoxidável +12M,7721332,9.99,"€9,99/un",Tigex,"Bebé/Alimentação, Leites e Acessórios/Pratos, Copos e Termos",https://www.continente.pt/dw/image/v2/BDVS_PRD/on/demandware.static/-/Sites-col-master-catalog/default/dwed06dd1f/images/col/772/7721332-frente.jpg?sw=280&sh=280,1 un,https://www.continente.pt/produto/conjunto-talheres-aco-inoxidavel-12m-tigex-7721332.html,bebe,2025-04-21,Continente
Copo Antiderrapante +12M Little Buddies,7728312,3.99,"€3,99/un",Bebeconfort,"Bebé/Alimentação, Leites e Acessórios/Pratos, Copos e Termos",https://www.continente.pt/dw/image/v2/BDVS_PRD/on/demandware.static/-/Sites-col-master-catalog/default/dw217ae032/images/col/772/7728312-frente.jpg?sw=280&sh=280,1 un,https://www.continente.pt/produto/copo-antiderrapante-12m-little-buddies-bebeconfort-7728312.html,bebe,2025-04-21,Continente
Estou Grávida - Agenda da Nossa Viagem,7388870,15.73,"€15,73/un",Cláudia Milhinhos e Raquel Gonçalves,Livraria e Papelaria/Livros/Saúde e Bem-Estar/Gravidez e Puericultura,https://www.continente.pt/dw/image/v2/BDVS_PRD/on/demandware.static/-/Sites-col-master-catalog/default/dw2f919e2d/images/col/738/7388870-frente.jpg?sw=280&sh=280,,https://www.continente.pt/produto/estou-gravida---agenda-da-nossa-viagem-claudia-milhinhos-e-raquel-goncalves-7388870.html,bebe,2025-04-21,Continente
Cómoda 80x81x45cm Branca Dalia,8022799,319.0,"€319,00/un",Twinko,Bebé/Quarto de Bebé/Mobiliário,https://www.continente.pt/dw/image/v2/BDVS_PRD/on/demandware.static/-/Sites-col-master-catalog/default/dw14a072ea/images/col/802/8022799-esquerdo.jpg?sw=280&sh=280,1 un,https://www.continente.pt/produto/comoda-80x81x45cm-branca-dalia-twinko-8022799.html,bebe,2025-04-21,Continente
Conjunto Mesa e 2 Cadeiras Madeira Batman,7998130,67.99,"€67,99/un",Batman,Bebé/Quarto de Bebé/Mobiliário,https://www.continente.pt/dw/image/v2/BDVS_PRD/on/demandware.static/-/Sites-col-master-catalog/default/dw68e13cbc/images/col/799/7998130-frente.jpg?sw=280&sh=280,1 un,https://www.continente.pt/produto/conjunto-mesa-e-2-cadeiras-madeira-batman-batman-7998130.html,bebe,2025-04-21,Continente
Barreira de Segurança para Cama de Grades Branca,8121866,74.99,"€74,99/un",Twinko,Bebé/Quarto de Bebé/Mobiliário,https://www.continente.pt/dw/image/v2/BDVS_PRD/on/demandware.static/-/Sites-col-master-catalog/default/dw863ccdcb/images/col/812/8121866-esquerdo.jpg?sw=280&sh=280,1 un,https://www.continente.pt/produto/barreira-de-seguranca-para-cama-de-grades-branca-twinko-8121866.html,bebe,2025-04-21,Continente
Quadro de madeira multifunções Peppa Pig Rosa,7647764,67.99,"€67,99/un",Peppa Pig,Bebé/Quarto de Bebé/Mobiliário,https://www.continente.pt/dw/image/v2/BDVS_PRD/on/demandware.static/-/Sites-col-master-catalog/default/dw07803768/images/col/764/7647764-frente.jpg?sw=280&sh=280,1 un,https://www.continente.pt/produto/quadro-de-madeira-multifuncoes-peppa-pig-rosa-peppa-pig-7647764.html,bebe,2025-04-21,Continente
Estante com 3 Gavetas Minnie,7734165,22.09,"€22,09/un",Disney Minnie,Bebé/Quarto de Bebé/Mobiliário,https://www.continente.pt/dw/image/v2/BDVS_PRD/on/demandware.static/-/Sites-col-master-catalog/default/dw9871f1aa/images/col/773/7734165-frente.jpg?sw=280&sh=280,1 un,https://www.continente.pt/produto/estante-com-3-gavetas-minnie-disney-minnie-7734165.html,bebe,2025-04-21,Continente
Cadeira Lua Dragon Ball,7734135,29.74,"€29,74/un",Dragon Ball,Bebé/Quarto de Bebé/Mobiliário,https://www.continente.pt/dw/image/v2/BDVS_PRD/on/demandware.static/-/Sites-col-master-catalog/default/dw33a7a1c0/images/col/773/7734135-frente.jpg?sw=280&sh=280,1 un,https://www.continente.pt/produto/cadeira-lua-dragon-ball-dragon-ball-7734135.html,bebe,2025-04-21,Continente
"Banco e Baú Arrumação Madeira 62,5x40x37cm Mickey",7594594,59.49,"€59,49/un",Disney Mickey,Bebé/Quarto de Bebé/Mobiliário,https://www.continente.pt/dw/image/v2/BDVS_PRD/on/demandware.static/-/Sites-col-master-catalog/default/dw9760b087/images/col/759/7594594-frente.jpg?sw=280&sh=280,1 un,https://www.continente.pt/produto/banco-e-bau-arrumacao-madeira-625x40x37cm-mickey-disney-mickey-7594594.html,bebe,2025-04-21,Continente
Conjunto de Rua Duo Bege Biarritz,8098307,207.2,"€207,20/un",Asalvo,Bebé/Passeio e Viagem/Carrinhos de Passeio,https://www.continente.pt/dw/image/v2/BDVS_PRD/on/demandware.static/-/Sites-col-master-catalog/default/dwd58ebea6/images/col/809/8098307-esquerdo.jpg?sw=280&sh=280,1 un,https://www.continente.pt/produto/conjunto-de-rua-duo-bege-biarritz-asalvo-8098307.html,bebe,2025-04-21,Continente
Saco de Dormir 75cm,512013,39.99,"€39,99/un",Twinko,Bebé/Proteção e Conforto/Almofadas e Ninhos,https://www.continente.pt/dw/image/v2/BDVS_PRD/on/demandware.static/-/Sites-col-master-catalog/default/dwea5ff32d/images/col/806/8069737-topshot.jpg?sw=280&sh=280,1 un,https://www.continente.pt/produto/saco-de-dormir-75cm-twinko-512013.html,bebe,2025-04-21,Continente
Cama de Grades Madeira Branca Lydia,8121865,339.0,"€339,00/un",Twinko,"Bebé/Quarto de Bebé/Camas, Berços e Colchões",https://www.continente.pt/dw/image/v2/BDVS_PRD/on/demandware.static/-/Sites-col-master-catalog/default/dw201110c5/images/col/812/8121865-direito.jpg?sw=280&sh=280,1 un,https://www.continente.pt/produto/cama-de-grades-madeira-branca-lydia-twinko-8121865.html,bebe,2025-04-21,Continente
Conjunto 2 Biberões 270ml Silicone Médio +3M e Doseador de Leite,7982962,16.99,"€16,99/un",Bebeconfort,"Bebé/Alimentação, Leites e Acessórios/Biberões e Acessórios",https://www.continente.pt/dw/image/v2/BDVS_PRD/on/demandware.static/-/Sites-col-master-catalog/default/dwb29929db/images/col/798/7982962-frente.jpg?sw=280&sh=280,1 un,https://www.continente.pt/produto/conjunto-2-biberoes-270ml-silicone-medio-3m-e-doseador-de-leite-bebeconfort-7982962.html,bebe,2025-04-21,Continente
Toalhitas Íntimas Frescura,7136395,3.49,"€3,49/un",Fresh&Clean,Beleza e Higiene/Higiene Íntima/Toalhitas Íntimas,https://www.continente.pt/dw/image/v2/BDVS_PRD/on/demandware.static/-/Sites-col-master-catalog/default/dwa82bf1fd/images/col/713/7136395-frente.jpg?sw=280&sh=280,emb. 20 un,https://www.continente.pt/produto/toalhitas-intimas-frescura-fresh-clean-7136395.html,bebe,2025-04-21,Continente
Cãozinho Aprender e Brincar,3861414,39.99,"€39,99/un",Fisher-Price,Brinquedos e Jogos/Bebé e Peluches/Peluches,https://www.continente.pt/dw/image/v2/BDVS_PRD/on/demandware.static/-/Sites-col-master-catalog/default/dw1e83fe9f/images/col/386/3861414-frente.jpg?sw=280&sh=280,,https://www.continente.pt/produto/caozinho-aprender-e-brincar-fisher-price-3861414.html,bebe,2025-04-21,Continente
Cadeira Auto I-Size 40-150cm Isofix Rotativa Preta Starfix,8021707,160.3,"€160,30/un",Asalvo,Bebé/Cadeiras Auto,https://www.continente.pt/dw/image/v2/BDVS_PRD/on/demandware.static/-/Sites-col-master-catalog/default/dw5baec52a/images/col/802/8021707-frente.jpg?sw=280&sh=280,1 un,https://www.continente.pt/produto/cadeira-auto-i-size-40-150cm-isofix-rotativa-preta-starfix-asalvo-8021707.html,bebe,2025-04-21,Continente
Assento Auto I-Size 125-150cm Pamy,512044,15.99,"€15,99/un",Asalvo,Bebé/Cadeiras Auto,https://www.continente.pt/dw/image/v2/BDVS_PRD/on/demandware.static/-/Sites-col-master-catalog/default/dwb1dac198/images/col/808/8089734-frente.jpg?sw=280&sh=280,1 un,https://www.continente.pt/produto/assento-auto-i-size-125-150cm-pamy-asalvo-512044.html,bebe,2025-04-21,Continente
Cadeira Auto I-Size 40-150cm Isofix 360º Preta Jet,7926708,151.2,"€151,20/un",Jané,Bebé/Cadeiras Auto,https://www.continente.pt/dw/image/v2/BDVS_PRD/on/demandware.static/-/Sites-col-master-catalog/default/dwa00edf7b/images/col/792/7926708-frente.jpg?sw=280&sh=280,1 un,https://www.continente.pt/produto/cadeira-auto-i-size-40-150cm-isofix-360-preta-jet-jane-7926708.html,bebe,2025-04-21,Continente
Cadeira Auto I-Size 40-150cm Isofix Rotativa Cinza Itrip,7997349,143.2,"€143,20/un",Kikka Boo,Bebé/Cadeiras Auto,https://www.continente.pt/dw/image/v2/BDVS_PRD/on/demandware.static/-/Sites-col-master-catalog/default/dw1cbf18f6/images/col/799/7997349-frente.jpg?sw=280&sh=280,1 un,https://www.continente.pt/produto/cadeira-auto-i-size-40-150cm-isofix-rotativa-cinza-itrip-kikka-boo-7997349.html,bebe,2025-04-21,Continente
Cadeira Auto I-Size 40-150cm Isofix Rotativa Preta Denver,8017086,151.2,"€151,20/un",MS,Bebé/Cadeiras Auto,https://www.continente.pt/dw/image/v2/BDVS_PRD/on/demandware.static/-/Sites-col-master-catalog/default/dweb4acce3/col/792/8017086_frente.jpg?sw=280&sh=280,1 un,https://www.continente.pt/produto/cadeira-auto-i-size-40-150cm-isofix-rotativa-preta-denver-ms-8017086.html,bebe,2025-04-21,Continente
Saco de Dormir Ratinho Tamanho M,8389611,59.99,"€59,99/un",,Bebé/Proteção e Conforto/Almofadas e Ninhos,https://www.continente.pt/dw/image/v2/BDVS_PRD/on/demandware.static/-/Sites-col-master-catalog/default/dwf6a086af/images/col/838/8389611-topshot.jpg?sw=280&sh=280,1 un,https://www.continente.pt/produto/saco-de-dormir-ratinho-tamanho-m-8389611.html,bebe,2025-04-21,Continente
As Minhas Primeiras 1001 Palavras,7405029,11.61,"€11,61/un",Vários Autores,Livraria e Papelaria/Livros/Infantis/Bebé,https://www.continente.pt/dw/image/v2/BDVS_PRD/on/demandware.static/-/Sites-col-master-catalog/default/dwe2d7e968/images/col/740/7405029-frente.jpg?sw=280&sh=280,,https://www.continente.pt/produto/as-minhas-primeiras-1001-palavras-varios-autores-7405029.html,bebe,2025-04-21,Continente
Babete Impermeável +12M Minnie,6101508,7.99,"€7,99/un",Tigex,"Bebé/Alimentação, Leites e Acessórios/Babetes",https://www.continente.pt/dw/image/v2/BDVS_PRD/on/demandware.static/-/Sites-col-master-catalog/default/dw52a6cbde/images/col/610/6101508-frente.jpg?sw=280&sh=280,1 un,https://www.continente.pt/produto/babete-impermeavel-12m-minnie-tigex-6101508.html,bebe,2025-04-21,Continente
Edredão Branco 100x135,7794447,27.99,"€27,99/un",Happy Bear,"Bebé/Quarto de Bebé/Colchas, Mantas e Edredões",https://www.continente.pt/dw/image/v2/BDVS_PRD/on/demandware.static/-/Sites-col-master-catalog/default/dwcce054ab/images/col/779/7794447-frente.jpg?sw=280&sh=280,1 un,https://www.continente.pt/produto/edredao-branco-100x135-happy-bear-7794447.html,bebe,2025-04-21,Continente
Muda Fraldas Rigido (Várias Cores),7595545,39.99,"€39,99/un",Lorelli,Bebé/Banho e Higiene/Muda Fraldas,https://www.continente.pt/dw/image/v2/BDVS_PRD/on/demandware.static/-/Sites-col-master-catalog/default/dwd61c4a73/images/col/759/7595545-frente.jpg?sw=280&sh=280,1 un,https://www.continente.pt/produto/muda-fraldas-rigido-varias-cores-lorelli-7595545.html,bebe,2025-04-21,Continente
Muda Fraldas Portátil Arco-Íris,7825427,17.99,"€17,99/un",Plastimyr,Bebé/Banho e Higiene/Muda Fraldas,https://www.continente.pt/dw/image/v2/BDVS_PRD/on/demandware.static/-/Sites-col-master-catalog/default/dwfc94c58a/images/col/782/7825427-frente.jpg?sw=280&sh=280,1 un,https://www.continente.pt/produto/muda-fraldas-portatil-arco-iris-plastimyr-7825427.html,bebe,2025-04-21,Continente
Conjunto de mesa e cadeira,7647448,59.49,"€59,49/un",Fisher-Price,Bebé/Quarto de Bebé/Mobiliário,https://www.continente.pt/dw/image/v2/BDVS_PRD/on/demandware.static/-/Sites-col-master-catalog/default/dwd58f2cc7/images/col/764/7647448-frente.jpg?sw=280&sh=280,1 un,https://www.continente.pt/produto/conjunto-de-mesa-e-cadeira-fisher-price-7647448.html,bebe,2025-04-21,Continente
Barreira de Segurança para Cama de Grades Faia Sofie,8121896,74.99,"€74,99/un",Twinko,Bebé/Quarto de Bebé/Mobiliário,https://www.continente.pt/dw/image/v2/BDVS_PRD/on/demandware.static/-/Sites-col-master-catalog/default/dw5c663e58/images/col/812/8121896-esquerdo.jpg?sw=280&sh=280,1 un,https://www.continente.pt/produto/barreira-de-seguranca-para-cama-de-grades-faia-sofie-twinko-8121896.html,bebe,2025-04-21,Continente
Cadeira-Secretária Peppa Pig Rosa,7647762,67.99,"€67,99/un",Peppa Pig,Bebé/Quarto de Bebé/Mobiliário,https://www.continente.pt/dw/image/v2/BDVS_PRD/on/demandware.static/-/Sites-col-master-catalog/default/dwf72731dc/images/col/764/7647762-esquerdo.jpg?sw=280&sh=280,1 un,https://www.continente.pt/produto/cadeira-secretaria-peppa-pig-rosa-peppa-pig-7647762.html,bebe,2025-04-21,Continente
Cómoda Cupboard 83x71x96cm Branca,7466423,299.0,"€299,00/un",Lorelli,Bebé/Quarto de Bebé/Mobiliário,https://www.continente.pt/dw/image/v2/BDVS_PRD/on/demandware.static/-/Sites-col-master-catalog/default/dw2d8a63e1/images/col/746/7466423-esquerdo.jpg?sw=280&sh=280,1 un,https://www.continente.pt/produto/comoda-cupboard-83x71x96cm-branca-lorelli-7466423.html,bebe,2025-04-21,Continente
Cadeira de Refeição Verde Arbol,7725206,109.0,"€109,00/un",Asalvo,"Bebé/Alimentação, Leites e Acessórios/Cadeiras de Refeição",https://www.continente.pt/dw/image/v2/BDVS_PRD/on/demandware.static/-/Sites-col-master-catalog/default/dw4167ff65/images/col/772/7725206-frente.jpg?sw=280&sh=280,1 un,https://www.continente.pt/produto/cadeira-de-refeicao-verde-arbol-asalvo-7725206.html,bebe,2025-04-21,Continente
Cadeira Lua Mickey,7734167,29.74,"€29,74/un",Disney Mickey,Bebé/Quarto de Bebé/Mobiliário,https://www.continente.pt/dw/image/v2/BDVS_PRD/on/demandware.static/-/Sites-col-master-catalog/default/dw80a325dc/images/col/773/7734167-frente.jpg?sw=280&sh=280,1 un,https://www.continente.pt/produto/cadeira-lua-mickey-disney-mickey-7734167.html,bebe,2025-04-21,Continente
Sofá Espuma com Tampa Removível Mickey,7647767,42.49,"€42,49/un",Disney Mickey,Bebé/Quarto de Bebé/Mobiliário,https://www.continente.pt/dw/image/v2/BDVS_PRD/on/demandware.static/-/Sites-col-master-catalog/default/dw33a64dd3/images/col/764/7647767-frente.jpg?sw=280&sh=280,1 un,https://www.continente.pt/produto/sofa-espuma-com-tampa-removivel-mickey-disney-mickey-7647767.html,bebe,2025-04-21,Continente
"Banco, Mesa e Baú Madeira - 3 em 1 Peppa Pig",7647761,67.99,"€67,99/un",Peppa Pig,Bebé/Quarto de Bebé/Mobiliário,https://www.continente.pt/dw/image/v2/BDVS_PRD/on/demandware.static/-/Sites-col-master-catalog/default/dwa0b7d98d/images/col/764/7647761-frente.jpg?sw=280&sh=280,1 un,https://www.continente.pt/produto/banco-mesa-e-bau-madeira---3-em-1-peppa-pig-peppa-pig-7647761.html,bebe,2025-04-21,Continente
Conjunto 5 Bodies Manga Comprida Bebé Menino Branco 1/3M,7728269,12.99,,MO Kids,"Desporto e Bagagens/Roupa e Calçado/Bebé [até aos 36 meses]/Bodies, Babygrows e Interiores",https://www.continente.pt/dw/image/v2/BDVS_PRD/on/demandware.static/-/Sites-col-master-catalog/default/dw4f5c3f26/images/col/772/7728267-frente.jpg?sw=280&sh=280,5 un,https://www.continente.pt/produto/conjunto-5-bodies-manga-comprida-bebe-menino-branco-1-3m-mo-kids-7728269.html,bebe,2025-04-21,Continente
Redutor de Sanita com Pegas Amarelo,8071637,7.99,"€7,99/un",Happy Bear,Bebé/Banho e Higiene/Bacios e Redutores,https://www.continente.pt/dw/image/v2/BDVS_PRD/on/demandware.static/-/Sites-col-master-catalog/default/dw989377f3/images/col/807/8071637-topshot.jpg?sw=280&sh=280,1 un,https://www.continente.pt/produto/redutor-de-sanita-com-pegas-amarelo-happy-bear-8071637.html,bebe,2025-04-21,Continente
O Pintainho Amiguinho,7102696,6.21,"€6,21/un",Annalisa Lay,Livraria e Papelaria/Livros/Infantis/Bebé,https://www.continente.pt/dw/image/v2/BDVS_PRD/on/demandware.static/-/Sites-col-master-catalog/default/dwbbcd1e1b/images/col/710/7102696-frente.jpg?sw=280&sh=280,,https://www.continente.pt/produto/o-pintainho-amiguinho-annalisa-lay-7102696.html,bebe,2025-04-21,Continente
Pokémon - Livro de Colorir com Píxeis,8021544,9.86,"€9,86/un",Vários Autores,Livraria e Papelaria/Livros/Infantis/Livros de Atividades,https://www.continente.pt/dw/image/v2/BDVS_PRD/on/demandware.static/-/Sites-col-master-catalog/default/dwa1c99365/images/col/802/8021544-topshot.jpg?sw=280&sh=280,,https://www.continente.pt/produto/pokemon---livro-de-colorir-com-pixeis-varios-autores-8021544.html,bebe,2025-04-21,Continente
O Patinho Pedro,7539416,7.11,"€7,11/un",Kirsten Påbøl Hansen,Livraria e Papelaria/Livros/Infantis/Bebé,https://www.continente.pt/dw/image/v2/BDVS_PRD/on/demandware.static/-/Sites-col-master-catalog/default/dw8029f651/images/col/753/7539416-frente.jpg?sw=280&sh=280,,https://www.continente.pt/produto/o-patinho-pedro-kirsten-p%C3%A5b%C3%B8l-hansen-7539416.html,bebe,2025-04-21,Continente
Creme Restaurador Panthenol Comfort,8014405,6.49,"€16,22/lt",Mixa,Beleza e Higiene/Corpo/Cremes e Loções,https://www.continente.pt/dw/image/v2/BDVS_PRD/on/demandware.static/-/Sites-col-master-catalog/default/dwb37ae338/images/col/801/8014405-hero.jpg?sw=280&sh=280,emb. 400 ml,https://www.continente.pt/produto/creme-restaurador-panthenol-comfort-mixa-8014405.html,bebe,2025-04-21,Continente
Unicórnios - Decalques Mágicos,8079687,8.91,"€8,91/un",Vários Autores,Livraria e Papelaria/Livros/Infantis/Livros de Atividades,https://www.continente.pt/dw/image/v2/BDVS_PRD/on/demandware.static/-/Sites-col-master-catalog/default/dw666ccb09/images/col/807/8079687-topshot.jpg?sw=280&sh=280,,https://www.continente.pt/produto/unicornios---decalques-magicos-varios-autores-8079687.html,bebe,2025-04-21,Continente
Cadeira Repouso 2 em 1 Animais,7799314,52.49,"€52,49/un",Bright Stars,Bebé/Quarto de Bebé/Espreguiçadeiras,https://www.continente.pt/dw/image/v2/BDVS_PRD/on/demandware.static/-/Sites-col-master-catalog/default/dwe0543506/images/col/779/7799314-frente.jpg?sw=280&sh=280,1 un,https://www.continente.pt/produto/cadeira-repouso-2-em-1-animais-bright-stars-7799314.html,bebe,2025-04-21,Continente
Mordedor Refrescante,7985319,7.99,"€7,99/un",Tigex,Bebé/Puericultura,https://www.continente.pt/dw/image/v2/BDVS_PRD/on/demandware.static/-/Sites-col-master-catalog/default/dwf562ec71/images/col/798/7985319-frente.jpg?sw=280&sh=280,1 un,https://www.continente.pt/produto/mordedor-refrescante-tigex-7985319.html,bebe,2025-04-21,Continente
Porta Chupetas Rosa,6547767,3.19,"€3,19/un",Neo Baby,Bebé/Chupetas e Mordedores/Porta e Prende Chupetas,https://www.continente.pt/dw/image/v2/BDVS_PRD/on/demandware.static/-/Sites-col-master-catalog/default/dw9e9ca5bb/images/col/654/6547767-frente.jpg?sw=280&sh=280,1 un,https://www.continente.pt/produto/porta-chupetas-rosa-neo-baby-6547767.html,bebe,2025-04-21,Continente
Gavetão com Divisória 83x19x79cm Amélia,512138,99.99,"€99,99/un",Twinko,Bebé/Quarto de Bebé/Mobiliário,https://www.continente.pt/dw/image/v2/BDVS_PRD/on/demandware.static/-/Sites-col-master-catalog/default/dw09a1a302/images/col/812/8121881-frente.jpg?sw=280&sh=280,1 un,https://www.continente.pt/produto/gavetao-com-divisoria-83x19x79cm-amelia-twinko-512138.html,bebe,2025-04-21,Continente
100 Atividades Montessori para o Despertar das Crianças,7506178,14.31,"€14,31/un",Ève Herrmann,Livraria e Papelaria/Livros/Saúde e Bem-Estar/Gravidez e Puericultura,https://www.continente.pt/dw/image/v2/BDVS_PRD/on/demandware.static/-/Sites-col-master-catalog/default/dw830e2f58/images/col/750/7506178-frente.jpg?sw=280&sh=280,,https://www.continente.pt/produto/100-atividades-montessori-para-o-despertar-das-criancas-eve-herrmann-7506178.html,bebe,2025-04-21,Continente
Cadeira Auto I-Size 40-150cm Sanna Ibelt Castanha,8291082,103.2,"€103,20/un",Babyauto,Bebé/Cadeiras Auto,https://www.continente.pt/dw/image/v2/BDVS_PRD/on/demandware.static/-/Sites-col-master-catalog/default/dw24168cbb/images/col/829/8291082-frente.jpg?sw=280&sh=280,1 un,https://www.continente.pt/produto/cadeira-auto-i-size-40-150cm-sanna-ibelt-castanha-babyauto-8291082.html,bebe,2025-04-21,Continente
Divirto-me no Banho com os Unicórnios,7335188,11.61,"€11,61/un",Vários Autores,Livraria e Papelaria/Livros/Infantis/Bebé,https://www.continente.pt/dw/image/v2/BDVS_PRD/on/demandware.static/-/Sites-col-master-catalog/default/dw1a153a65/images/col/733/7335188-frente.jpg?sw=280&sh=280,,https://www.continente.pt/produto/divirto-me-no-banho-com-os-unicornios-varios-autores-7335188.html,bebe,2025-04-21,Continente
"Conjunto de Mesa, 2 Cadeiras e Guarda-sol Spider-Man",8299548,67.99,"€67,99/un",Spider-Man,Bebé/Quarto de Bebé/Espreguiçadeiras,https://www.continente.pt/dw/image/v2/BDVS_PRD/on/demandware.static/-/Sites-col-master-catalog/default/dw2315c290/images/col/829/8299548-frente.jpg?sw=280&sh=280,4 un,https://www.continente.pt/produto/conjunto-de-mesa-2-cadeiras-e-guarda-sol-spider-man-spider-man-8299548.html,bebe,2025-04-21,Continente
Cadeira Forma de Lua Disney Frozen,8299549,29.74,"€29,74/un",Disney Frozen,Bebé/Quarto de Bebé/Espreguiçadeiras,https://www.continente.pt/dw/image/v2/BDVS_PRD/on/demandware.static/-/Sites-col-master-catalog/default/dwd6b47dda/images/col/829/8299549-frente.jpg?sw=280&sh=280,1 un,https://www.continente.pt/produto/cadeira-forma-de-lua-disney-frozen-disney-frozen-8299549.html,bebe,2025-04-21,Continente
Conjunto Capa Edredão e Fronha Almofada Oh Baby,8389607,59.99,"€59,99/un",,"Bebé/Quarto de Bebé/Colchas, Mantas e Edredões",https://www.continente.pt/dw/image/v2/BDVS_PRD/on/demandware.static/-/Sites-col-master-catalog/default/dwe88db9c3/images/col/838/8389607-topshot.jpg?sw=280&sh=280,2 un,https://www.continente.pt/produto/conjunto-capa-edredao-e-fronha-almofada-oh-baby-8389607.html,bebe,2025-04-21,Continente
Cadeira Forma de Lua Marvel,8299537,29.74,"€29,74/un",Marvel,Bebé/Quarto de Bebé/Espreguiçadeiras,https://www.continente.pt/dw/image/v2/BDVS_PRD/on/demandware.static/-/Sites-col-master-catalog/default/dwaeebcadb/images/col/829/8299537-frente.jpg?sw=280&sh=280,1 un,https://www.continente.pt/produto/cadeira-forma-de-lua-marvel-marvel-8299537.html,bebe,2025-04-21,Continente
Cadeira Dobrável com Braços Patrulha Pata,8299545,16.99,"€16,99/un",Patrulha Pata,Bebé/Quarto de Bebé/Espreguiçadeiras,https://www.continente.pt/dw/image/v2/BDVS_PRD/on/demandware.static/-/Sites-col-master-catalog/default/dw983145bb/images/col/829/8299545-frente.jpg?sw=280&sh=280,1 un,https://www.continente.pt/produto/cadeira-dobravel-com-bracos-patrulha-pata-patrulha-pata-8299545.html,bebe,2025-04-21,Continente
Disney Baby - As Formas,7108979,7.11,"€7,11/un",Disney,Livraria e Papelaria/Livros/Infantis/Bebé,https://www.continente.pt/dw/image/v2/BDVS_PRD/on/demandware.static/-/Sites-col-master-catalog/default/dw31fb87bd/images/col/710/7108979-frente.jpg?sw=280&sh=280,,https://www.continente.pt/produto/disney-baby---as-formas-disney-7108979.html,bebe,2025-04-21,Continente
Um Livro Sobre - O Urso Jeremias na Quinta,7127673,8.01,"€8,01/un",Melissa Crowton,Livraria e Papelaria/Livros/Infantis/Bebé,https://www.continente.pt/dw/image/v2/BDVS_PRD/on/demandware.static/-/Sites-col-master-catalog/default/dwb2ad3efa/images/col/712/7127673-frente.jpg?sw=280&sh=280,,https://www.continente.pt/produto/um-livro-sobre---o-urso-jeremias-na-quinta-melissa-crowton-7127673.html,bebe,2025-04-21,Continente
Cores e Números,7247910,7.11,"€7,11/un",La Coccinella,Livraria e Papelaria/Livros/Infantis/Bebé,https://www.continente.pt/dw/image/v2/BDVS_PRD/on/demandware.static/-/Sites-col-master-catalog/default/dw68af60f0/images/col/724/7247910-frente.jpg?sw=280&sh=280,,https://www.continente.pt/produto/cores-e-numeros-la-coccinella-7247910.html,bebe,2025-04-21,Continente
Carrinho de Passeio América,511853,111.2,"€111,20/un",Asalvo,Bebé/Passeio e Viagem/Carrinhos de Passeio,https://www.continente.pt/dw/image/v2/BDVS_PRD/on/demandware.static/-/Sites-col-master-catalog/default/dw17135049/images/col/802/8021958-frente.jpg?sw=280&sh=280,1 un,https://www.continente.pt/produto/carrinho-de-passeio-america-asalvo-511853.html,bebe,2025-04-21,Continente
Carrinho De Passeio Flight Preto e Rosa,7864446,119.2,"€119,20/un",Asalvo,Bebé/Passeio e Viagem/Carrinhos de Passeio,https://www.continente.pt/dw/image/v2/BDVS_PRD/on/demandware.static/-/Sites-col-master-catalog/default/dw44445934/images/col/786/7864446-frente.jpg?sw=280&sh=280,1 un,https://www.continente.pt/produto/carrinho-de-passeio-flight-preto-e-rosa-asalvo-7864446.html,bebe,2025-04-21,Continente
Saco Maternidade,511589,39.99,"€39,99/un",Happy Bear,Bebé/Passeio e Viagem/Marsúpios e Acessórios de Passeio,https://www.continente.pt/dw/image/v2/BDVS_PRD/on/demandware.static/-/Sites-col-master-catalog/default/dw570cee08/images/col/761/7619923-frente.jpg?sw=280&sh=280,,https://www.continente.pt/produto/saco-maternidade-happy-bear-511589.html,bebe,2025-04-21,Continente
Conjunto de Rua Duo Tango,145203,255.2,"€255,20/un",Maxi Baby,Bebé/Passeio e Viagem/Carrinhos de Passeio,https://www.continente.pt/dw/image/v2/BDVS_PRD/on/demandware.static/-/Sites-col-master-catalog/default/dw0d407cc2/col/785/7918425_frente.jpg?sw=280&sh=280,1 un,https://www.continente.pt/produto/conjunto-de-rua-duo-tango-maxi-baby-145203.html,bebe,2025-04-21,Continente
Organizador de madeira com 6 cestos de arrumação de Peppa Pig,7647796,56.09,"€56,09/un",Peppa Pig,Bebé/Quarto de Bebé/Mobiliário,https://www.continente.pt/dw/image/v2/BDVS_PRD/on/demandware.static/-/Sites-col-master-catalog/default/dw9cff7543/images/col/764/7647796-direito.jpg?sw=280&sh=280,1 un,https://www.continente.pt/produto/organizador-de-madeira-com-6-cestos-de-arrumacao-de-peppa-pig-peppa-pig-7647796.html,bebe,2025-04-21,Continente
Conjunto Mesa e cadeiras,7647748,67.99,"€67,99/un",Fisher-Price,Bebé/Quarto de Bebé/Mobiliário,https://www.continente.pt/dw/image/v2/BDVS_PRD/on/demandware.static/-/Sites-col-master-catalog/default/dw2ec1a52c/images/col/764/7647748-frente.jpg?sw=280&sh=280,1 un,https://www.continente.pt/produto/conjunto-mesa-e-cadeiras-fisher-price-7647748.html,bebe,2025-04-21,Continente
Estante 3 Gavetas 53x30x60 Mickey,7734166,22.09,"€22,09/un",Disney Mickey,Bebé/Quarto de Bebé/Mobiliário,https://www.continente.pt/dw/image/v2/BDVS_PRD/on/demandware.static/-/Sites-col-master-catalog/default/dwc508a985/images/col/773/7734166-frente.jpg?sw=280&sh=280,1 un,https://www.continente.pt/produto/estante-3-gavetas-53x30x60-mickey-disney-mickey-7734166.html,bebe,2025-04-21,Continente
Cama de Grades em Madeira Ursinho,7553681,219.0,"€219,00/un",Happy Bear,"Bebé/Quarto de Bebé/Camas, Berços e Colchões",https://www.continente.pt/dw/image/v2/BDVS_PRD/on/demandware.static/-/Sites-col-master-catalog/default/dw00dd775e/images/col/755/7553681-esquerdo.jpg?sw=280&sh=280,1 un,https://www.continente.pt/produto/cama-de-grades-em-madeira-ursinho-happy-bear-7553681.html,bebe,2025-04-21,Continente
Pack 2 Fraldas Lisa e Bordado Azul,7647046,7.99,"€7,99/un",Happy Bear,Bebé/Quarto de Bebé/Fraldas de Pano,https://www.continente.pt/dw/image/v2/BDVS_PRD/on/demandware.static/-/Sites-col-master-catalog/default/dw48645525/images/col/764/7647046-frente.jpg?sw=280&sh=280,1 un,https://www.continente.pt/produto/pack-2-fraldas-lisa-e-bordado-azul-happy-bear-7647046.html,bebe,2025-04-21,Continente
Barreira de Segurança Evolutiva para Cama Amélia,512124,74.99,"€74,99/un",Twinko,Bebé/Quarto de Bebé/Mobiliário,https://www.continente.pt/dw/image/v2/BDVS_PRD/on/demandware.static/-/Sites-col-master-catalog/default/dwcc1ac753/images/col/812/8121877-frente.jpg?sw=280&sh=280,1 un,https://www.continente.pt/produto/barreira-de-seguranca-evolutiva-para-cama-amelia-twinko-512124.html,bebe,2025-04-21,Continente
Cama de Grades Madeira Branca Dalia,350289,229.0,"€229,00/un",Twinko,"Bebé/Quarto de Bebé/Camas, Berços e Colchões",https://www.continente.pt/dw/image/v2/BDVS_PRD/on/demandware.static/-/Sites-col-master-catalog/default/dw3341a900/images/col/802/8022816-frente.jpg?sw=280&sh=280,1 un,https://www.continente.pt/produto/cama-de-grades-madeira-branca-dalia-twinko-350289.html,bebe,2025-04-21,Continente
Colchão Ortopédico 120x60cm,8022337,59.99,"€59,99/un",Happy Bear,"Bebé/Quarto de Bebé/Camas, Berços e Colchões",https://www.continente.pt/dw/image/v2/BDVS_PRD/on/demandware.static/-/Sites-col-master-catalog/default/dw128a3ee0/images/col/802/8022337-frente.jpg?sw=280&sh=280,1 un,https://www.continente.pt/produto/colchao-ortopedico-120x60cm-happy-bear-8022337.html,bebe,2025-04-21,Continente
Andador Básico,511912,69.99,"€69,99/un",Asalvo,Bebé/Quarto de Bebé/Parques e Andadores,https://www.continente.pt/dw/image/v2/BDVS_PRD/on/demandware.static/-/Sites-col-master-catalog/default/dw9647e2be/col/792/8020931_frente.jpg?sw=280&sh=280,1 un,https://www.continente.pt/produto/andador-basico-asalvo-511912.html,bebe,2025-04-21,Continente
Pop-Ups Cucu! - Gosto Muito de Ti,7968826,13.95,"€13,95/un",Vários Autores,Livraria e Papelaria/Livros/Infantis/Bebé,https://www.continente.pt/dw/image/v2/BDVS_PRD/on/demandware.static/-/Sites-col-master-catalog/default/dwcb0b7688/images/col/796/7968826-topshot.jpg?sw=280&sh=280,,https://www.continente.pt/produto/pop-ups-cucu---gosto-muito-de-ti-varios-autores-7968826.html,bebe,2025-04-21,Continente
Saco Isotérmico com Oferta 3 Peças,7465207,29.99,"€29,99/un",Badabulle,"Bebé/Alimentação, Leites e Acessórios/Pratos, Copos e Termos",https://www.continente.pt/dw/image/v2/BDVS_PRD/on/demandware.static/-/Sites-col-master-catalog/default/dw93377fe4/images/col/746/7465207-frente.jpg?sw=280&sh=280,1 un,https://www.continente.pt/produto/saco-isotermico-com-oferta-3-pecas-badabulle-7465207.html,bebe,2025-04-21,Continente
Copo com Palha 360ML +12M Tritan Flip Rosa,7082693,14.99,"€14,99/un",Nuby,"Bebé/Alimentação, Leites e Acessórios/Pratos, Copos e Termos",https://www.continente.pt/dw/image/v2/BDVS_PRD/on/demandware.static/-/Sites-col-master-catalog/default/dw89cc1460/images/col/708/7082693-frente.jpg?sw=280&sh=280,1 un,https://www.continente.pt/produto/copo-com-palha-360ml-12m-tritan-flip-rosa-nuby-7082693.html,bebe,2025-04-21,Continente
Secretária com Arrumação Faia e Branco Sofie,8121902,289.0,"€289,00/un",Twinko,Bebé/Quarto de Bebé/Mobiliário,https://www.continente.pt/dw/image/v2/BDVS_PRD/on/demandware.static/-/Sites-col-master-catalog/default/dw4e1ba81d/images/col/812/8121902-frente.jpg?sw=280&sh=280,1 un,https://www.continente.pt/produto/secretaria-com-arrumacao-faia-e-branco-sofie-twinko-8121902.html,bebe,2025-04-21,Continente
Cadeira de Repouso Cinza Hamaquita,7961091,49.99,"€49,99/un",Happy Bear,Bebé/Quarto de Bebé/Espreguiçadeiras,https://www.continente.pt/dw/image/v2/BDVS_PRD/on/demandware.static/-/Sites-col-master-catalog/default/dw6c34a526/images/col/796/7961091-frente.jpg?sw=280&sh=280,1 un,https://www.continente.pt/produto/cadeira-de-repouso-cinza-hamaquita-happy-bear-7961091.html,bebe,2025-04-21,Continente
Muda Fraldas para Cómoda Scandinave,8121823,64.99,"€64,99/un",Twinko,Bebé/Banho e Higiene/Muda Fraldas,https://www.continente.pt/dw/image/v2/BDVS_PRD/on/demandware.static/-/Sites-col-master-catalog/default/dwc036f60c/images/col/812/8121823-frente.jpg?sw=280&sh=280,1 un,https://www.continente.pt/produto/muda-fraldas-para-comoda-scandinave-twinko-8121823.html,bebe,2025-04-21,Continente
Manta para Registo Fotográfico 100x85cm,7756548,17.99,"€17,99/un",Happy Bear,"Bebé/Quarto de Bebé/Colchas, Mantas e Edredões",https://www.continente.pt/dw/image/v2/BDVS_PRD/on/demandware.static/-/Sites-col-master-catalog/default/dw68c1c8c4/images/col/775/7756548-frente.jpg?sw=280&sh=280,1 un,https://www.continente.pt/produto/manta-para-registo-fotografico-100x85cm-happy-bear-7756548.html,bebe,2025-04-21,Continente
Copo com Bocal Brilha Escuro 360ml +18M (várias cores),7461583,8.79,"€8,79/un",Nuby,"Bebé/Alimentação, Leites e Acessórios/Pratos, Copos e Termos",https://www.continente.pt/dw/image/v2/BDVS_PRD/on/demandware.static/-/Sites-col-master-catalog/default/dwf4ccb191/images/col/746/7461583-frente.jpg?sw=280&sh=280,1 un,https://www.continente.pt/produto/copo-com-bocal-brilha-escuro-360ml-18m-varias-cores-nuby-7461583.html,bebe,2025-04-21,Continente
Termómetro de Banho Pinguim (várias cores),5843011,4.79,"€4,79/un",Tigex,Bebé/Banho e Higiene/Saúde e Bem-Estar,https://www.continente.pt/dw/image/v2/BDVS_PRD/on/demandware.static/-/Sites-col-master-catalog/default/dw39b1ec88/images/col/584/5843011-frente.jpg?sw=280&sh=280,1 un,https://www.continente.pt/produto/termometro-de-banho-pinguim-varias-cores-tigex-5843011.html,bebe,2025-04-21,Continente
Toalha Lisa Azul,7646994,9.99,"€9,99/un",Happy Bear,Bebé/Banho e Higiene/Toalhas de Banho,https://www.continente.pt/dw/image/v2/BDVS_PRD/on/demandware.static/-/Sites-col-master-catalog/default/dw0e9764cc/images/col/764/7646994-frente.jpg?sw=280&sh=280,1 un,https://www.continente.pt/produto/toalha-lisa-azul-happy-bear-7646994.html,bebe,2025-04-21,Continente
Colchão 120x60cm Baby Safe Ortopédico,7067223,99.99,"€99,99/un",Happy Bear,"Bebé/Quarto de Bebé/Camas, Berços e Colchões",https://www.continente.pt/dw/image/v2/BDVS_PRD/on/demandware.static/-/Sites-col-master-catalog/default/dw99dfd322/images/col/706/7067223-frente.jpg?sw=280&sh=280,1 un,https://www.continente.pt/produto/colchao-120x60cm-baby-safe-ortopedico-happy-bear-7067223.html,bebe,2025-04-21,Continente
Babete com Mangas Rosa,7465103,9.99,"€9,99/un",Badabulle,"Bebé/Alimentação, Leites e Acessórios/Babetes",https://www.continente.pt/dw/image/v2/BDVS_PRD/on/demandware.static/-/Sites-col-master-catalog/default/dw48cf289c/images/col/746/7465103-frente.jpg?sw=280&sh=280,1 un,https://www.continente.pt/produto/babete-com-mangas-rosa-badabulle-7465103.html,bebe,2025-04-21,Continente
Loção Corpo Skin Nutries Aloe e Cânhamo,7712612,3.99,"€9,97/lt",Bioten,Beleza e Higiene/Corpo/Cremes e Loções,https://www.continente.pt/dw/image/v2/BDVS_PRD/on/demandware.static/-/Sites-col-master-catalog/default/dw76cd4888/images/col/771/7712612-frente.jpg?sw=280&sh=280,emb. 400 ml,https://www.continente.pt/produto/locao-corpo-skin-nutries-aloe-e-canhamo-bioten-7712612.html,bebe,2025-04-21,Continente
Conjunto 3 Peças Lençol Sol Cinza,7647028,19.99,"€19,99/un",Happy Bear,Bebé/Quarto de Bebé/Lençóis,https://www.continente.pt/dw/image/v2/BDVS_PRD/on/demandware.static/-/Sites-col-master-catalog/default/dw7a930958/images/col/764/7647028-frente.jpg?sw=280&sh=280,1 un,https://www.continente.pt/produto/conjunto-3-pecas-lencol-sol-cinza-happy-bear-7647028.html,bebe,2025-04-21,Continente
Organizador de Armário Suspenso de 4 Andares Unicórnios,8299536,8.49,"€8,49/un",UNICORN,Bebé/Quarto de Bebé/Mobiliário,https://www.continente.pt/dw/image/v2/BDVS_PRD/on/demandware.static/-/Sites-col-master-catalog/default/dw240a11be/images/col/829/8299536-frente.jpg?sw=280&sh=280,1 un,https://www.continente.pt/produto/organizador-de-armario-suspenso-de-4-andares-unicornios-unicorn-8299536.html,bebe,2025-04-21,Continente
Berço Madeira Multifunções Branco Zoya,8022804,219.0,"€219,00/un",Twinko,"Bebé/Quarto de Bebé/Camas, Berços e Colchões",https://www.continente.pt/dw/image/v2/BDVS_PRD/on/demandware.static/-/Sites-col-master-catalog/default/dwf83d4c4f/images/col/802/8022804-frente.jpg?sw=280&sh=280,1 un,https://www.continente.pt/produto/berco-madeira-multifuncoes-branco-zoya-twinko-8022804.html,bebe,2025-04-21,Continente
Amigos do Mar - Livro de Banho,7414603,8.91,"€8,91/un",Vários Autores,Livraria e Papelaria/Livros/Infantis/Bebé,https://www.continente.pt/dw/image/v2/BDVS_PRD/on/demandware.static/-/Sites-col-master-catalog/default/dw6b50f521/images/col/741/7414603-frente.jpg?sw=280&sh=280,,https://www.continente.pt/produto/amigos-do-mar---livro-de-banho-varios-autores-7414603.html,bebe,2025-04-21,Continente
Seres Fantásticos - Livro de Atividades,7990112,8.99,"€8,99/un",Vários Autores,Livraria e Papelaria/Livros/Infantis/Livros de Atividades,https://www.continente.pt/dw/image/v2/BDVS_PRD/on/demandware.static/-/Sites-col-master-catalog/default/dwb1663d05/images/col/799/7990112-topshot.jpg?sw=280&sh=280,,https://www.continente.pt/produto/seres-fantasticos---livro-de-atividades-varios-autores-7990112.html,bebe,2025-04-21,Continente
O Mundo dos Dinossauros - Decalques Mágicos,8086658,8.91,"€8,91/un",Vários Autores,Livraria e Papelaria/Livros/Infantis/Livros de Atividades,https://www.continente.pt/dw/image/v2/BDVS_PRD/on/demandware.static/-/Sites-col-master-catalog/default/dwc1369317/images/col/808/8086658-topshot.jpg?sw=280&sh=280,,https://www.continente.pt/produto/o-mundo-dos-dinossauros---decalques-magicos-varios-autores-8086658.html,bebe,2025-04-21,Continente
Gira e Vira - Animais da Quinta,8017368,8.99,"€8,99/un",Yoyo Studios,Livraria e Papelaria/Livros/Infantis/Bebé,https://www.continente.pt/dw/image/v2/BDVS_PRD/on/demandware.static/-/Sites-col-master-catalog/default/dw92e8f262/images/col/801/8017368-topshot.jpg?sw=280&sh=280,,https://www.continente.pt/produto/gira-e-vira---animais-da-quinta-yoyo-studios-8017368.html,bebe,2025-04-21,Continente
À Descoberta - Os Números,7624898,6.75,"€6,75/un",Hemma,Livraria e Papelaria/Livros/Infantis/Bebé,https://www.continente.pt/dw/image/v2/BDVS_PRD/on/demandware.static/-/Sites-col-master-catalog/default/dwf15e063d/images/col/762/7624898-frente.jpg?sw=280&sh=280,,https://www.continente.pt/produto/a-descoberta---os-numeros-hemma-7624898.html,bebe,2025-04-21,Continente
Primeiras Aventuras com as Formas,6929630,6.21,"€6,21/un",Vários Autores,Livraria e Papelaria/Livros/Infantis/Bebé,https://www.continente.pt/dw/image/v2/BDVS_PRD/on/demandware.static/-/Sites-col-master-catalog/default/dwa773c1de/images/col/692/6929630-frente.jpg?sw=280&sh=280,,https://www.continente.pt/produto/primeiras-aventuras-com-as-formas-varios-autores-6929630.html,bebe,2025-04-21,Continente
Conjunto 3 Babetes,7843636,7.99,"€7,99/un",Continente do Bebé By Happy Bear,"Bebé/Alimentação, Leites e Acessórios/Babetes",https://www.continente.pt/dw/image/v2/BDVS_PRD/on/demandware.static/-/Sites-col-master-catalog/default/dw084e7c12/images/col/784/7843636-frente.jpg?sw=280&sh=280,1 un,https://www.continente.pt/produto/conjunto-3-babetes-continente-do-bebe-by-happy-bear-7843636.html,bebe,2025-04-21,Continente
Loção Corpo Ceramide Protect,8014477,5.84,"€14,60/lt",Mixa,Beleza e Higiene/Corpo/Cremes e Loções,https://www.continente.pt/dw/image/v2/BDVS_PRD/on/demandware.static/-/Sites-col-master-catalog/default/dw67b27f29/images/col/801/8014477-hero.jpg?sw=280&sh=280,emb. 400 ml,https://www.continente.pt/produto/locao-corpo-ceramide-protect-mixa-8014477.html,bebe,2025-04-21,Continente
Chupetas Koala Silicone,511720,7.99,"€7,99/un",Tigex,Bebé/Chupetas e Mordedores/Chupetas,https://www.continente.pt/dw/image/v2/BDVS_PRD/on/demandware.static/-/Sites-col-master-catalog/default/dw7dfebccc/images/col/798/7985315-frente.jpg?sw=280&sh=280,,https://www.continente.pt/produto/chupetas-koala-silicone-tigex-511720.html,bebe,2025-04-21,Continente
Livro Mágico para o Banho - Na Água,8014196,7.11,"€7,11/un",Disney,Livraria e Papelaria/Livros/Infantis/Bebé,https://www.continente.pt/dw/image/v2/BDVS_PRD/on/demandware.static/-/Sites-col-master-catalog/default/dw1e11485f/images/col/801/8014196-topshot.jpg?sw=280&sh=280,,https://www.continente.pt/produto/livro-magico-para-o-banho---na-agua-disney-8014196.html,bebe,2025-04-21,Continente
Cadeira De Refeição Love Cinza,7851687,95.2,"€95,20/un",Kinderland,"Bebé/Alimentação, Leites e Acessórios/Cadeiras de Refeição",https://www.continente.pt/dw/image/v2/BDVS_PRD/on/demandware.static/-/Sites-col-master-catalog/default/dwa537c85e/images/col/785/7851687-frente.jpg?sw=280&sh=280,1 un,https://www.continente.pt/produto/cadeira-de-refeicao-love-cinza-kinderland-7851687.html,bebe,2025-04-21,Continente
Atividades Ferozes no Mundo dos Dinossauros,8050831,9.86,"€9,86/un",Vários Autores,Livraria e Papelaria/Livros/Infantis/Livros de Atividades,https://www.continente.pt/dw/image/v2/BDVS_PRD/on/demandware.static/-/Sites-col-master-catalog/default/dwc9270db8/images/col/805/8050831-topshot.jpg?sw=280&sh=280,,https://www.continente.pt/produto/atividades-ferozes-no-mundo-dos-dinossauros-varios-autores-8050831.html,bebe,2025-04-21,Continente
Mil cores - Os Unicórnios com o Pincel Mágico,8045031,9.81,"€9,81/un",La Coccinella,Livraria e Papelaria/Livros/Infantis/Livros de Atividades,https://www.continente.pt/dw/image/v2/BDVS_PRD/on/demandware.static/-/Sites-col-master-catalog/default/dw7c992651/images/col/804/8045031-topshot.jpg?sw=280&sh=280,,https://www.continente.pt/produto/mil-cores---os-unicornios-com-o-pincel-magico-la-coccinella-8045031.html,bebe,2025-04-21,Continente
O Meu Livro de Desafios - Animais Fofos,8079220,9.86,"€9,86/un",Stephanie Evans,Livraria e Papelaria/Livros/Infantis/Livros de Atividades,https://www.continente.pt/dw/image/v2/BDVS_PRD/on/demandware.static/-/Sites-col-master-catalog/default/dwe3b0b7aa/images/col/807/8079220-topshot.jpg?sw=280&sh=280,,https://www.continente.pt/produto/o-meu-livro-de-desafios---animais-fofos-stephanie-evans-8079220.html,bebe,2025-04-21,Continente
Fraldas Pants Activity Extra +17kg T7,8203665,70.95,"€0,82/un",Dodot,Bebé/Fraldas e Toalhitas/Fraldas de Aprendizagem,https://www.continente.pt/dw/image/v2/BDVS_PRD/on/demandware.static/-/Sites-col-master-catalog/default/dw25ce9373/images/col/820/8203665-hero.jpg?sw=280&sh=280,emb. 87 un (3 x 29 un),https://www.continente.pt/produto/fraldas-pants-activity-extra-17kg-t7-dodot-8203665.html,bebe,2025-04-21,Continente
À Descoberta - As Cores,7624899,6.75,"€6,75/un",Hemma,Livraria e Papelaria/Livros/Infantis/Bebé,https://www.continente.pt/dw/image/v2/BDVS_PRD/on/demandware.static/-/Sites-col-master-catalog/default/dw81bb4fa6/images/col/762/7624899-frente.jpg?sw=280&sh=280,,https://www.continente.pt/produto/a-descoberta---as-cores-hemma-7624899.html,bebe,2025-04-21,Continente
Creme Corpo Repara&Cuida Sensitive,8123897,6.58,"€6,58/un",Nivea,Beleza e Higiene/Corpo/Cremes e Loções,https://www.continente.pt/dw/image/v2/BDVS_PRD/on/demandware.static/-/Sites-col-master-catalog/default/dw6a2ef872/images/col/812/8123897-hero.jpg?sw=280&sh=280,emb. 400 ml,https://www.continente.pt/produto/creme-corpo-repara-cuida-sensitive-nivea-8123897.html,bebe,2025-04-21,Continente
Disney Baby - Entre Amigos,7553215,10.71,"€10,71/un",Disney,Livraria e Papelaria/Livros/Infantis/Bebé,https://www.continente.pt/dw/image/v2/BDVS_PRD/on/demandware.static/-/Sites-col-master-catalog/default/dw91a6aaed/images/col/755/7553215-frente.jpg?sw=280&sh=280,,https://www.continente.pt/produto/disney-baby---entre-amigos-disney-7553215.html,bebe,2025-04-21,Continente
Andador Bege Baby Stars,8020935,69.99,"€69,99/un",Asalvo,Bebé/Quarto de Bebé/Parques e Andadores,https://www.continente.pt/dw/image/v2/BDVS_PRD/on/demandware.static/-/Sites-col-master-catalog/default/dwd850bd5d/images/col/802/8020935-frente.jpg?sw=280&sh=280,1 un,https://www.continente.pt/produto/andador-bege-baby-stars-asalvo-8020935.html,bebe,2025-04-21,Continente
Cama de Grades Branca Amélia II,8121886,249.0,"€249,00/un",Twinko,"Bebé/Quarto de Bebé/Camas, Berços e Colchões",https://www.continente.pt/dw/image/v2/BDVS_PRD/on/demandware.static/-/Sites-col-master-catalog/default/dw538894bd/images/col/812/8121886-direito.jpg?sw=280&sh=280,1 un,https://www.continente.pt/produto/cama-de-grades-branca-amelia-ii-twinko-8121886.html,bebe,2025-04-21,Continente
Ganchos Universais para Carrinho de Passeio,6650601,6.99,"€6,99/un",Asalvo,Bebé/Passeio e Viagem/Marsúpios e Acessórios de Passeio,https://www.continente.pt/dw/image/v2/BDVS_PRD/on/demandware.static/-/Sites-col-master-catalog/default/dw13692d5b/images/col/665/6650601-frente.jpg?sw=280&sh=280,2 un,https://www.continente.pt/produto/ganchos-universais-para-carrinho-de-passeio-asalvo-6650601.html,bebe,2025-04-21,Continente
Capa para Cadeira Auto Caranguejo e Amigos,8069761,74.99,"€74,99/un",Twinko,Bebé/Passeio e Viagem/Marsúpios e Acessórios de Passeio,https://www.continente.pt/dw/image/v2/BDVS_PRD/on/demandware.static/-/Sites-col-master-catalog/default/dwe7d02ad7/images/col/806/8069761-topshot.jpg?sw=280&sh=280,1 un,https://www.continente.pt/produto/capa-para-cadeira-auto-caranguejo-e-amigos-twinko-8069761.html,bebe,2025-04-21,Continente
Conjunto de Rua Duo Preto Oslo,7864471,207.2,"€207,20/un",Asalvo,Bebé/Passeio e Viagem/Carrinhos de Passeio,https://www.continente.pt/dw/image/v2/BDVS_PRD/on/demandware.static/-/Sites-col-master-catalog/default/dw061d506c/images/col/786/7864471-frente.jpg?sw=280&sh=280,1 un,https://www.continente.pt/produto/conjunto-de-rua-duo-preto-oslo-asalvo-7864471.html,bebe,2025-04-21,Continente
Capa para Cadeira Auto Animais da Selva,8069743,79.99,"€79,99/un",Twinko,Bebé/Passeio e Viagem/Marsúpios e Acessórios de Passeio,https://www.continente.pt/dw/image/v2/BDVS_PRD/on/demandware.static/-/Sites-col-master-catalog/default/dwd5abe39e/images/col/806/8069743-frente.jpg?sw=280&sh=280,1 un,https://www.continente.pt/produto/capa-para-cadeira-auto-animais-da-selva-twinko-8069743.html,bebe,2025-04-21,Continente
Muda Fraldas,106111,24.99,"€24,99/un",Happy Bear,Bebé/Banho e Higiene/Muda Fraldas,https://www.continente.pt/dw/image/v2/BDVS_PRD/on/demandware.static/-/Sites-col-master-catalog/default/dw9debb319/images/col/761/7619931-frente.jpg?sw=280&sh=280,,https://www.continente.pt/produto/muda-fraldas-happy-bear-106111.html,bebe,2025-04-21,Continente
Muda Fraldas Portátil,512016,22.99,"€22,99/un",Twinko,Bebé/Banho e Higiene/Muda Fraldas,https://www.continente.pt/dw/image/v2/BDVS_PRD/on/demandware.static/-/Sites-col-master-catalog/default/dw1e03b09d/images/col/806/8069759-topshot.jpg?sw=280&sh=280,1 un,https://www.continente.pt/produto/muda-fraldas-portatil-twinko-512016.html,bebe,2025-04-21,Continente
Marsúpio Cinza,6990541,23.99,"€23,99/un",Asalvo,Bebé/Passeio e Viagem/Marsúpios e Acessórios de Passeio,https://www.continente.pt/dw/image/v2/BDVS_PRD/on/demandware.static/-/Sites-col-master-catalog/default/dw334fe32a/images/col/699/6990541-frente.jpg?sw=280&sh=280,1 un,https://www.continente.pt/produto/marsupio-cinza-asalvo-6990541.html,bebe,2025-04-21,Continente
Carrinho de Passeio 0-22Kg Cinza Iron,7926652,119.2,"€119,20/un",Jané,Bebé/Passeio e Viagem/Carrinhos de Passeio,https://www.continente.pt/dw/image/v2/BDVS_PRD/on/demandware.static/-/Sites-col-master-catalog/default/dw49cee64d/images/col/792/7926652-direito.jpg?sw=280&sh=280,1 un,https://www.continente.pt/produto/carrinho-de-passeio-0-22kg-cinza-iron-jane-7926652.html,bebe,2025-04-21,Continente
É Tempo de Seres Feliz,8045036,12.51,"€12,51/un",Susana Teixeira,Livraria e Papelaria/Livros/Saúde e Bem-Estar/Gravidez e Puericultura,https://www.continente.pt/dw/image/v2/BDVS_PRD/on/demandware.static/-/Sites-col-master-catalog/default/dw3ea25b58/images/col/804/8045036-topshot.jpg?sw=280&sh=280,,https://www.continente.pt/produto/e-tempo-de-seres-feliz-susana-teixeira-8045036.html,bebe,2025-04-21,Continente
"Pequenos Humanos, Grandes Emoções",8068854,16.96,"€16,96/un",Alyssa Blask Campbell,Livraria e Papelaria/Livros/Saúde e Bem-Estar/Gravidez e Puericultura,https://www.continente.pt/dw/image/v2/BDVS_PRD/on/demandware.static/-/Sites-col-master-catalog/default/dw70229c01/images/col/806/8068854-topshot.jpg?sw=280&sh=280,,https://www.continente.pt/produto/pequenos-humanos-grandes-emocoes-alyssa-blask-campbell-8068854.html,bebe,2025-04-21,Continente
Banheira Alta Dobrável Zoe,8373341,119.0,"€119,00/un",MS,Bebé/Banho e Higiene/Banheiras e Assentos,https://www.continente.pt/dw/image/v2/BDVS_PRD/on/demandware.static/-/Sites-col-master-catalog/default/dwb909ed9a/images/col/837/8373341-frente.jpg?sw=280&sh=280,1 un,https://www.continente.pt/produto/banheira-alta-dobravel-zoe-ms-8373341.html,bebe,2025-04-21,Continente
Amigos do Mar,7514611,4.94,"€4,94/un",Vários Autores,Livraria e Papelaria/Livros/Infantis/Bebé,https://www.continente.pt/dw/image/v2/BDVS_PRD/on/demandware.static/-/Sites-col-master-catalog/default/dw8a9d1b60/images/col/751/7514611-frente.jpg?sw=280&sh=280,,https://www.continente.pt/produto/amigos-do-mar-varios-autores-7514611.html,bebe,2025-04-21,Continente
As Cores,7515068,9.44,"€9,44/un",Magda Garguláková,Livraria e Papelaria/Livros/Infantis/Bebé,https://www.continente.pt/dw/image/v2/BDVS_PRD/on/demandware.static/-/Sites-col-master-catalog/default/dw248b4aab/images/col/751/7515068-frente.jpg?sw=280&sh=280,,https://www.continente.pt/produto/as-cores-magda-gargulakova-7515068.html,bebe,2025-04-21,Continente
Gel Higiene Íntima Fresh,6938961,6.49,"€25,96/lt",Corine de Farme,Beleza e Higiene/Higiene Íntima/Gel e Sabonetes Íntimos,https://www.continente.pt/dw/image/v2/BDVS_PRD/on/demandware.static/-/Sites-col-master-catalog/default/dwd392648f/images/col/693/6938961-frente-online.jpg?sw=280&sh=280,emb. 250 ml,https://www.continente.pt/produto/gel-higiene-intima-fresh-corine-de-farme-6938961.html,bebe,2025-04-21,Continente
Assento Auto I-Size 125-150cm Preto Saga,8004888,18.39,"€18,39/un",Babyauto,Bebé/Cadeiras Auto/I-Size 125-150cm,https://www.continente.pt/dw/image/v2/BDVS_PRD/on/demandware.static/-/Sites-col-master-catalog/default/dw4daf1755/images/col/800/8004888-frente.jpg?sw=280&sh=280,1 un,https://www.continente.pt/produto/assento-auto-i-size-125-150cm-preto-saga-babyauto-8004888.html,bebe,2025-04-21,Continente
Cadeira Auto I-Size 100-150cm Isofix Cinza Andros,7653829,103.2,"€103,20/un",MS,Bebé/Cadeiras Auto,https://www.continente.pt/dw/image/v2/BDVS_PRD/on/demandware.static/-/Sites-col-master-catalog/default/dw0501738c/images/col/765/7653829-frente.jpg?sw=280&sh=280,1 un,https://www.continente.pt/produto/cadeira-auto-i-size-100-150cm-isofix-cinza-andros-ms-7653829.html,bebe,2025-04-21,Continente
Cadeira Auto I-Size 100-150cm Isofix Cinza Modena,8045122,87.2,"€87,20/un",MS,Bebé/Cadeiras Auto,https://www.continente.pt/dw/image/v2/BDVS_PRD/on/demandware.static/-/Sites-col-master-catalog/default/dw029a3f43/images/col/804/8045122-frente.jpg?sw=280&sh=280,1 un,https://www.continente.pt/produto/cadeira-auto-i-size-100-150cm-isofix-cinza-modena-ms-8045122.html,bebe,2025-04-21,Continente
Assento Auto I-Size 125-150cm,512110,19.99,"€19,99/un",,Bebé/Cadeiras Auto/I-Size 125-150cm,https://www.continente.pt/dw/image/v2/BDVS_PRD/on/demandware.static/-/Sites-col-master-catalog/default/dwc82476ac/images/col/811/8119059-frente.jpg?sw=280&sh=280,1 un,https://www.continente.pt/produto/assento-auto-i-size-125-150cm-512110.html,bebe,2025-04-21,Continente
Redutor para Sanita Peppa Pig,8299505,9.34,"€9,34/un",Peppa Pig,Bebé/Banho e Higiene/Bacios e Redutores,https://www.continente.pt/dw/image/v2/BDVS_PRD/on/demandware.static/-/Sites-col-master-catalog/default/dw65b47cbf/images/col/829/8299505-direito.jpg?sw=280&sh=280,1 un,https://www.continente.pt/produto/redutor-para-sanita-peppa-pig-peppa-pig-8299505.html,bebe,2025-04-21,Continente
Redutor para Sanita Azul Patrulha Pata,8299513,9.34,"€9,34/un",Patrulha Pata,Bebé/Banho e Higiene/Bacios e Redutores,https://www.continente.pt/dw/image/v2/BDVS_PRD/on/demandware.static/-/Sites-col-master-catalog/default/dw010a1998/images/col/829/8299513-direito.jpg?sw=280&sh=280,1 un,https://www.continente.pt/produto/redutor-para-sanita-azul-patrulha-pata-patrulha-pata-8299513.html,bebe,2025-04-21,Continente
Primeiras Aventuras com as Cores,6874625,6.21,"€6,21/un",Vários Autores,Livraria e Papelaria/Livros/Infantis/Bebé,https://www.continente.pt/dw/image/v2/BDVS_PRD/on/demandware.static/-/Sites-col-master-catalog/default/dwd2265d5b/images/col/687/6874625-frente.jpg?sw=280&sh=280,,https://www.continente.pt/produto/primeiras-aventuras-com-as-cores-varios-autores-6874625.html,bebe,2025-04-21,Continente
Chupetas +6M Anatómicas Silicone Azuis,6547758,3.99,"€3,99/un",Neo Baby,Bebé/Chupetas e Mordedores/Chupetas,https://www.continente.pt/dw/image/v2/BDVS_PRD/on/demandware.static/-/Sites-col-master-catalog/default/dw67426cdf/images/col/654/6547758-frente.jpg?sw=280&sh=280,2 un,https://www.continente.pt/produto/chupetas-6m-anatomicas-silicone-azuis-neo-baby-6547758.html,bebe,2025-04-21,Continente
Assento Auto I-Size 125-150cm Isofix Vista,383786,31.99,"€31,99/un",Babyauto,Bebé/Cadeiras Auto/I-Size 125-150cm,https://www.continente.pt/dw/image/v2/BDVS_PRD/on/demandware.static/-/Sites-col-master-catalog/default/dw374ea621/images/col/829/8293515-frente.jpg?sw=280&sh=280,1 un,https://www.continente.pt/produto/assento-auto-i-size-125-150cm-isofix-vista-babyauto-383786.html,bebe,2025-04-21,Continente
Andador Dente de Leão,7320956,99.99,"€99,99/un",Asalvo,Bebé/Quarto de Bebé/Parques e Andadores,https://www.continente.pt/dw/image/v2/BDVS_PRD/on/demandware.static/-/Sites-col-master-catalog/default/dwef62ce55/images/col/732/7320956-frente.jpg?sw=280&sh=280,1 un,https://www.continente.pt/produto/andador-dente-de-leao-asalvo-7320956.html,bebe,2025-04-21,Continente
Cama de Grades Madeira Branca Paula,8022793,189.0,"€189,00/un",Twinko,"Bebé/Quarto de Bebé/Camas, Berços e Colchões",https://www.continente.pt/dw/image/v2/BDVS_PRD/on/demandware.static/-/Sites-col-master-catalog/default/dw5f986241/images/col/802/8022793-frente.jpg?sw=280&sh=280,1 un,https://www.continente.pt/produto/cama-de-grades-madeira-branca-paula-twinko-8022793.html,bebe,2025-04-21,Continente
Leite em Pó de Continuação Pro Alfa 2 +6M,6134526,28.19,"€17,62/kg",Nutribén,Mercearia/Alimentação Infantil/Leites em Pó e Bebidas Lácteas,https://www.continente.pt/dw/image/v2/BDVS_PRD/on/demandware.static/-/Sites-col-master-catalog/default/dw15688770/images/col/613/6134526-frente.png?sw=280&sh=280,emb. 2 x 800 gr,https://www.continente.pt/produto/leite-em-po-de-continuacao-pro-alfa-2-6m-nutriben-6134526.html,bebe,2025-04-21,Continente
Gavetão 119x62x16cm Carvalho Amélia,8121878,64.99,"€64,99/un",Twinko,"Bebé/Quarto de Bebé/Camas, Berços e Colchões",https://www.continente.pt/dw/image/v2/BDVS_PRD/on/demandware.static/-/Sites-col-master-catalog/default/dw847a897e/images/col/812/8121878-frente.jpg?sw=280&sh=280,1 un,https://www.continente.pt/produto/gavetao-119x62x16cm-carvalho-amelia-twinko-8121878.html,bebe,2025-04-21,Continente
Cadeira de Repouso com Vibração Verde Mummy,8118752,49.99,"€49,99/un",Asalvo,Bebé/Quarto de Bebé/Espreguiçadeiras,https://www.continente.pt/dw/image/v2/BDVS_PRD/on/demandware.static/-/Sites-col-master-catalog/default/dw1b5c0e36/images/col/811/8118752-frente.jpg?sw=280&sh=280,1 un,https://www.continente.pt/produto/cadeira-de-repouso-com-vibracao-verde-mummy-asalvo-8118752.html,bebe,2025-04-21,Continente
Uma Aventura Minecraft - Livro de Colorir,8081209,9.86,"€9,86/un",Vários Autores,Livraria e Papelaria/Livros/Infantis/Livros de Atividades,https://www.continente.pt/dw/image/v2/BDVS_PRD/on/demandware.static/-/Sites-col-master-catalog/default/dw9d3e465e/images/col/808/8081209-topshot.jpg?sw=280&sh=280,,https://www.continente.pt/produto/uma-aventura-minecraft---livro-de-colorir-varios-autores-8081209.html,bebe,2025-04-21,Continente
Ninho de Bebé,7655620,55.99,"€55,99/un",Tinéo,Bebé/Proteção e Conforto/Almofadas e Ninhos,https://www.continente.pt/dw/image/v2/BDVS_PRD/on/demandware.static/-/Sites-col-master-catalog/default/dw92a863bd/images/col/765/7655620-frente.jpg?sw=280&sh=280,1 un,https://www.continente.pt/produto/ninho-de-bebe-tineo-7655620.html,bebe,2025-04-21,Continente
Degrau Duplo Cinza Star,7619896,16.99,"€16,99/un",Maxi Baby,Bebé/Banho e Higiene/Complementos de Higiene,https://www.continente.pt/dw/image/v2/BDVS_PRD/on/demandware.static/-/Sites-col-master-catalog/default/dwf3bfb6d6/images/col/761/7619896-frente.jpg?sw=280&sh=280,1 un,https://www.continente.pt/produto/degrau-duplo-cinza-star-maxi-baby-7619896.html,bebe,2025-04-21,Continente
Mini Protetor de Berço Ratinho,8389616,34.99,"€34,99/un",,"Bebé/Quarto de Bebé/Colchas, Mantas e Edredões",https://www.continente.pt/dw/image/v2/BDVS_PRD/on/demandware.static/-/Sites-col-master-catalog/default/dw52f1253c/images/col/838/8389616-direito.jpg?sw=280&sh=280,1 un,https://www.continente.pt/produto/mini-protetor-de-berco-ratinho-8389616.html,bebe,2025-04-21,Continente
Manteiga Corpo Frutos Vermelhos,8168317,5.99,"€5,99/un",Body Natur,Beleza e Higiene/Corpo/Cremes e Loções,https://www.continente.pt/dw/image/v2/BDVS_PRD/on/demandware.static/-/Sites-col-master-catalog/default/dw02717fa9/images/col/816/8168317-frente.jpg?sw=280&sh=280,emb. 1 un,https://www.continente.pt/produto/manteiga-corpo-frutos-vermelhos-body-natur-8168317.html,bebe,2025-04-21,Continente
Banheira Alta Dobrável,7698126,109.0,"€109,00/un",Happy Bear,Bebé/Banho e Higiene/Banheiras e Assentos,https://www.continente.pt/dw/image/v2/BDVS_PRD/on/demandware.static/-/Sites-col-master-catalog/default/dw5549ec3e/images/col/769/7698126-frente.jpg?sw=280&sh=280,1 un,https://www.continente.pt/produto/banheira-alta-dobravel-happy-bear-7698126.html,bebe,2025-04-21,Continente
Cama Tenda Madeira Branca Montessori,7599899,279.0,"€279,00/un",Happy Bear,"Bebé/Quarto de Bebé/Camas, Berços e Colchões",https://www.continente.pt/dw/image/v2/BDVS_PRD/on/demandware.static/-/Sites-col-master-catalog/default/dw4bff356d/images/col/759/7599899-frente.jpg?sw=280&sh=280,1 un,https://www.continente.pt/produto/cama-tenda-madeira-branca-montessori-happy-bear-7599899.html,bebe,2025-04-21,Continente
Chupetas 18-36 M Silicone Minnie,7323431,9.99,"€5,00/un",Tigex,Bebé/Chupetas e Mordedores/Chupetas,https://www.continente.pt/dw/image/v2/BDVS_PRD/on/demandware.static/-/Sites-col-master-catalog/default/dwd145bc93/images/col/732/7323433-frente.jpg?sw=280&sh=280,2 un,https://www.continente.pt/produto/chupetas-18-36-m-silicone-minnie-tigex-7323431.html,bebe,2025-04-21,Continente
Colher Macia Silicone +6M,2459507,6.99,"€6,99/un",Tigex,"Bebé/Alimentação, Leites e Acessórios/Pratos, Copos e Termos",https://www.continente.pt/dw/image/v2/BDVS_PRD/on/demandware.static/-/Sites-col-master-catalog/default/dw14de7f01/images/col/245/2459507-frente.jpg?sw=280&sh=280,1 un,https://www.continente.pt/produto/colher-macia-silicone-6m-tigex-2459507.html,bebe,2025-04-21,Continente
Copo Aprendizagem Anti-fugas 250ml,6130144,12.99,"€12,99/un",Tigex,"Bebé/Alimentação, Leites e Acessórios/Pratos, Copos e Termos",https://www.continente.pt/dw/image/v2/BDVS_PRD/on/demandware.static/-/Sites-col-master-catalog/default/dw291d0d8d/images/col/613/6130144-frente.jpg?sw=280&sh=280,1 un,https://www.continente.pt/produto/copo-aprendizagem-anti-fugas-250ml-tigex-6130144.html,bebe,2025-04-21,Continente
Prato Aprendizagem com 3 Compartimentos +12M Little Buddies,7728308,5.99,"€5,99/un",Bebeconfort,"Bebé/Alimentação, Leites e Acessórios/Pratos, Copos e Termos",https://www.continente.pt/dw/image/v2/BDVS_PRD/on/demandware.static/-/Sites-col-master-catalog/default/dw886b5c66/images/col/772/7728308-frente.jpg?sw=280&sh=280,1 un,https://www.continente.pt/produto/prato-aprendizagem-com-3-compartimentos-12m-little-buddies-bebeconfort-7728308.html,bebe,2025-04-21,Continente
Roupeiro 2 Portas 80x50x180cm Faia e Branco Sofie,8121899,479.0,"€479,00/un",Twinko,Bebé/Quarto de Bebé/Mobiliário,https://www.continente.pt/dw/image/v2/BDVS_PRD/on/demandware.static/-/Sites-col-master-catalog/default/dwddfff94e/images/col/812/8121899-frente.jpg?sw=280&sh=280,1 un,https://www.continente.pt/produto/roupeiro-2-portas-80x50x180cm-faia-e-branco-sofie-twinko-8121899.html,bebe,2025-04-21,Continente
Cadeira Lua Spider-Man,7998137,29.74,"€29,74/un",Spider-Man,Bebé/Quarto de Bebé/Mobiliário,https://www.continente.pt/dw/image/v2/BDVS_PRD/on/demandware.static/-/Sites-col-master-catalog/default/dw13e249b6/images/col/799/7998137-frente.jpg?sw=280&sh=280,1 un,https://www.continente.pt/produto/cadeira-lua-spider-man-spider-man-7998137.html,bebe,2025-04-21,Continente
Cadeira Lua Patrulha Pata,7998136,29.74,"€29,74/un",Patrulha Pata,Bebé/Quarto de Bebé/Mobiliário,https://www.continente.pt/dw/image/v2/BDVS_PRD/on/demandware.static/-/Sites-col-master-catalog/default/dw20b6eb60/images/col/799/7998136-frente.jpg?sw=280&sh=280,1 un,https://www.continente.pt/produto/cadeira-lua-patrulha-pata-patrulha-pata-7998136.html,bebe,2025-04-21,Continente
Sofá Espuma com Tampa Removível Patrulha Pata,7734146,42.49,"€42,49/un",Patrulha Pata,Bebé/Quarto de Bebé/Mobiliário,https://www.continente.pt/dw/image/v2/BDVS_PRD/on/demandware.static/-/Sites-col-master-catalog/default/dw7836e6c4/images/col/773/7734146-frente.jpg?sw=280&sh=280,1 un,https://www.continente.pt/produto/sofa-espuma-com-tampa-removivel-patrulha-pata-patrulha-pata-7734146.html,bebe,2025-04-21,Continente
Organizador Madeira com 6 Cestos de Arrumação 62x30x60cm Azul e Verde Mickey,7594601,56.09,"€56,09/un",Disney Mickey,Bebé/Quarto de Bebé/Mobiliário,https://www.continente.pt/dw/image/v2/BDVS_PRD/on/demandware.static/-/Sites-col-master-catalog/default/dw701f7636/images/col/759/7594601-frente.jpg?sw=280&sh=280,1 un,https://www.continente.pt/produto/organizador-madeira-com-6-cestos-de-arrumacao-62x30x60cm-azul-e-verde-mickey-disney-mickey-7594601.html,bebe,2025-04-21,Continente
Quadro Multifunções Paw Patrol,7734149,67.99,"€67,99/un",Patrulha Pata,Bebé/Quarto de Bebé/Mobiliário,https://www.continente.pt/dw/image/v2/BDVS_PRD/on/demandware.static/-/Sites-col-master-catalog/default/dwb0f6669c/images/col/773/7734149-frente.jpg?sw=280&sh=280,1 un,https://www.continente.pt/produto/quadro-multifuncoes-paw-patrol-patrulha-pata-7734149.html,bebe,2025-04-21,Continente
Organizador Madeira com 6 Cestos de Arrumação 62x30x60cm Rosa Minnie,7594590,56.09,"€56,09/un",Disney Minnie,Bebé/Quarto de Bebé/Mobiliário,https://www.continente.pt/dw/image/v2/BDVS_PRD/on/demandware.static/-/Sites-col-master-catalog/default/dwba1c4c38/images/col/759/7594590-frente.jpg?sw=280&sh=280,1 un,https://www.continente.pt/produto/organizador-madeira-com-6-cestos-de-arrumacao-62x30x60cm-rosa-minnie-disney-minnie-7594590.html,bebe,2025-04-21,Continente
Floresta Mágica - Livro para Colorir,8086656,8.01,"€8,01/un",Vários Autores,Livraria e Papelaria/Livros/Infantis/Livros de Atividades,https://www.continente.pt/dw/image/v2/BDVS_PRD/on/demandware.static/-/Sites-col-master-catalog/default/dw0999f89c/images/col/808/8086656-topshot.jpg?sw=280&sh=280,,https://www.continente.pt/produto/floresta-magica---livro-para-colorir-varios-autores-8086656.html,bebe,2025-04-21,Continente
Loção Corpo Ceramide Protect,8014476,4.19,"€16,76/lt",Mixa,Beleza e Higiene/Corpo/Cremes e Loções,https://www.continente.pt/dw/image/v2/BDVS_PRD/on/demandware.static/-/Sites-col-master-catalog/default/dw20180fc3/images/col/801/8014476-hero.jpg?sw=280&sh=280,emb. 250 ml,https://www.continente.pt/produto/locao-corpo-ceramide-protect-mixa-8014476.html,bebe,2025-04-21,Continente
O Meu Estojo de Atividades - Os Animais,8037542,12.51,"€12,51/un",Vários Autores,Livraria e Papelaria/Livros/Infantis/Livros de Atividades,https://www.continente.pt/dw/image/v2/BDVS_PRD/on/demandware.static/-/Sites-col-master-catalog/default/dwff9e73f0/images/col/803/8037542-topshot.jpg?sw=280&sh=280,,https://www.continente.pt/produto/o-meu-estojo-de-atividades---os-animais-varios-autores-8037542.html,bebe,2025-04-21,Continente
Colorista - Hipo,7968268,4.49,"€4,49/un",Yoyo Studios,Livraria e Papelaria/Livros/Infantis/Livros de Atividades,https://www.continente.pt/dw/image/v2/BDVS_PRD/on/demandware.static/-/Sites-col-master-catalog/default/dw6ed9941e/images/col/796/7968268-topshot.jpg?sw=280&sh=280,,https://www.continente.pt/produto/colorista---hipo-yoyo-studios-7968268.html,bebe,2025-04-21,Continente
Pequenos Grandes Passos - Vamos Escovar os Dentes,8079688,8.91,"€8,91/un",Marie Kyprianou,Livraria e Papelaria/Livros/Infantis/Bebé,https://www.continente.pt/dw/image/v2/BDVS_PRD/on/demandware.static/-/Sites-col-master-catalog/default/dwfc4c00e2/images/col/807/8079688-topshot.jpg?sw=280&sh=280,,https://www.continente.pt/produto/pequenos-grandes-passos---vamos-escovar-os-dentes-marie-kyprianou-8079688.html,bebe,2025-04-21,Continente
Adivinha Quanto Eu Gosto de Ti - Números,7558980,8.55,"€8,55/un",Sam McBratney,Livraria e Papelaria/Livros/Infantis/Bebé,https://www.continente.pt/dw/image/v2/BDVS_PRD/on/demandware.static/-/Sites-col-master-catalog/default/dw2b0c1969/images/col/755/7558980-frente.jpg?sw=280&sh=280,,https://www.continente.pt/produto/adivinha-quanto-eu-gosto-de-ti---numeros-sam-mcbratney-7558980.html,bebe,2025-04-21,Continente
Biberão 250ml Silicone Normal +2M,6547747,4.79,"€4,79/un",Neo Baby,"Bebé/Alimentação, Leites e Acessórios/Biberões e Acessórios",https://www.continente.pt/dw/image/v2/BDVS_PRD/on/demandware.static/-/Sites-col-master-catalog/default/dwaae37adb/images/col/654/6547747-frente-semembalagem.jpg?sw=280&sh=280,1 un,https://www.continente.pt/produto/biberao-250ml-silicone-normal-2m-neo-baby-6547747.html,bebe,2025-04-21,Continente
Fecho de Segurança Multiusos,6981415,2.99,"€2,99/un",Inofix,Bebé/Proteção e Conforto/Segurança em Casa,https://www.continente.pt/dw/image/v2/BDVS_PRD/on/demandware.static/-/Sites-col-master-catalog/default/dwffcd70cd/images/col/698/6981415-esquerdo.jpg?sw=280&sh=280,emb. 1 un,https://www.continente.pt/produto/fecho-de-seguranca-multiusos-inofix-6981415.html,bebe,2025-04-21,Continente
Organizador Madeira com 6 Cestos de Arrumação 62x30x60cm Branco e Preto Mickey,7594486,56.09,"€56,09/un",Disney Mickey,Bebé/Quarto de Bebé/Mobiliário,https://www.continente.pt/dw/image/v2/BDVS_PRD/on/demandware.static/-/Sites-col-master-catalog/default/dwb64e0875/images/col/759/7594486-esquerdo.jpg?sw=280&sh=280,1 un,https://www.continente.pt/produto/organizador-madeira-com-6-cestos-de-arrumacao-62x30x60cm-branco-e-preto-mickey-disney-mickey-7594486.html,bebe,2025-04-21,Continente
Amigos com Rimas - O Peixinho Meiguinho,7127670,6.21,"€6,21/un",Annalisa Lay,Livraria e Papelaria/Livros/Infantis/Bebé,https://www.continente.pt/dw/image/v2/BDVS_PRD/on/demandware.static/-/Sites-col-master-catalog/default/dw261aa213/images/col/712/7127670-frente.jpg?sw=280&sh=280,,https://www.continente.pt/produto/amigos-com-rimas---o-peixinho-meiguinho-annalisa-lay-7127670.html,bebe,2025-04-21,Continente
Cadeira Dobrável com Braços Disney Mickey,8299553,16.99,"€16,99/un",Disney Mickey,Bebé/Quarto de Bebé/Espreguiçadeiras,https://www.continente.pt/dw/image/v2/BDVS_PRD/on/demandware.static/-/Sites-col-master-catalog/default/dw19c090ee/images/col/829/8299553-direito.jpg?sw=280&sh=280,1 un,https://www.continente.pt/produto/cadeira-dobravel-com-bracos-disney-mickey-disney-mickey-8299553.html,bebe,2025-04-21,Continente
Cadeira Dobrável com Braços Disney Frozen,8299556,16.99,"€16,99/un",Disney Frozen,Bebé/Quarto de Bebé/Espreguiçadeiras,https://www.continente.pt/dw/image/v2/BDVS_PRD/on/demandware.static/-/Sites-col-master-catalog/default/dwd648fd3f/images/col/829/8299556-frente.jpg?sw=280&sh=280,1 un,https://www.continente.pt/produto/cadeira-dobravel-com-bracos-disney-frozen-disney-frozen-8299556.html,bebe,2025-04-21,Continente
"Conjunto de Mesa, 2 Cadeiras e Guarda-sol Disney Frozen",8299558,67.99,"€67,99/un",Disney Frozen,Bebé/Quarto de Bebé/Espreguiçadeiras,https://www.continente.pt/dw/image/v2/BDVS_PRD/on/demandware.static/-/Sites-col-master-catalog/default/dwe08b69bd/images/col/829/8299558-frente.jpg?sw=280&sh=280,4 un,https://www.continente.pt/produto/conjunto-de-mesa-2-cadeiras-e-guarda-sol-disney-frozen-disney-frozen-8299558.html,bebe,2025-04-21,Continente
Toca e Sente do Bebé - Hora de Dormir,5512852,6.75,"€6,75/un",DK,Livraria e Papelaria/Livros/Infantis/Bebé,https://www.continente.pt/dw/image/v2/BDVS_PRD/on/demandware.static/-/Sites-col-master-catalog/default/dw4f2ad07e/images/col/551/5512852-frente.png?sw=280&sh=280,,https://www.continente.pt/produto/toca-e-sente-do-bebe---hora-de-dormir-dk-5512852.html,bebe,2025-04-21,Continente
Bebé Amado,7341499,15.71,"€15,70/un",Cátia Godinho,Livraria e Papelaria/Livros/Saúde e Bem-Estar/Gravidez e Puericultura,https://www.continente.pt/dw/image/v2/BDVS_PRD/on/demandware.static/-/Sites-col-master-catalog/default/dw20a95f47/images/col/734/7341499-frente.jpg?sw=280&sh=280,,https://www.continente.pt/produto/bebe-amado-catia-godinho-7341499.html,bebe,2025-04-21,Continente
Cama de Grades Branca e Pinho Karolina,8022796,189.0,"€189,00/un",Twinko,"Bebé/Quarto de Bebé/Camas, Berços e Colchões",https://www.continente.pt/dw/image/v2/BDVS_PRD/on/demandware.static/-/Sites-col-master-catalog/default/dwdeb0e731/images/col/802/8022796-frente.jpg?sw=280&sh=280,1 un,https://www.continente.pt/produto/cama-de-grades-branca-e-pinho-karolina-twinko-8022796.html,bebe,2025-04-21,Continente
Ajude o Seu Bebé a Dormir,7620084,14.31,"€14,31/un",Mafalda Navarro,Livraria e Papelaria/Livros/Saúde e Bem-Estar/Gravidez e Puericultura,https://www.continente.pt/dw/image/v2/BDVS_PRD/on/demandware.static/-/Sites-col-master-catalog/default/dw78771580/images/col/762/7620084-frente.jpg?sw=280&sh=280,,https://www.continente.pt/produto/ajude-o-seu-bebe-a-dormir-mafalda-navarro-7620084.html,bebe,2025-04-21,Continente
Cómoda 90x87x55cm Branco Ochna,8121817,299.0,"€299,00/un",Twinko,Bebé/Quarto de Bebé/Mobiliário,https://www.continente.pt/dw/image/v2/BDVS_PRD/on/demandware.static/-/Sites-col-master-catalog/default/dw9b7ce319/images/col/812/8121817-frente.jpg?sw=280&sh=280,1 un,https://www.continente.pt/produto/comoda-90x87x55cm-branco-ochna-twinko-8121817.html,bebe,2025-04-21,Continente
Andador Azul Ocean,7159050,74.99,"€74,99/un",Asalvo,Bebé/Quarto de Bebé/Parques e Andadores,https://www.continente.pt/dw/image/v2/BDVS_PRD/on/demandware.static/-/Sites-col-master-catalog/default/dw202a673d/images/col/715/7159050-frente.jpg?sw=280&sh=280,1 un,https://www.continente.pt/produto/andador-azul-ocean-asalvo-7159050.html,bebe,2025-04-21,Continente
Cómoda com Muda Fraldas Branca Karolina,8022797,279.0,"€279,00/un",Twinko,Bebé/Quarto de Bebé/Mobiliário,https://www.continente.pt/dw/image/v2/BDVS_PRD/on/demandware.static/-/Sites-col-master-catalog/default/dwf288c9cf/images/col/802/8022797-frente.jpg?sw=280&sh=280,1 un,https://www.continente.pt/produto/comoda-com-muda-fraldas-branca-karolina-twinko-8022797.html,bebe,2025-04-21,Continente
"Cómoda com Muda Fraldas 79,6x70x94,4cm Cinza Gabin",8121787,199.0,"€199,00/un",Twinko,Bebé/Quarto de Bebé/Mobiliário,https://www.continente.pt/dw/image/v2/BDVS_PRD/on/demandware.static/-/Sites-col-master-catalog/default/dw6e3e6f53/images/col/812/8121787-frente.jpg?sw=280&sh=280,1 un,https://www.continente.pt/produto/comoda-com-muda-fraldas-796x70x944cm-cinza-gabin-twinko-8121787.html,bebe,2025-04-21,Continente
Muda Fraldas para Cómoda Carvalho Amélia,8121884,45.99,"€45,99/un",Twinko,Bebé/Banho e Higiene/Muda Fraldas,https://www.continente.pt/dw/image/v2/BDVS_PRD/on/demandware.static/-/Sites-col-master-catalog/default/dw7bb2832b/images/col/812/8121884-esquerdo.jpg?sw=280&sh=280,1 un,https://www.continente.pt/produto/muda-fraldas-para-comoda-carvalho-amelia-twinko-8121884.html,bebe,2025-04-21,Continente
Mousse Íntima de Limpeza,7731747,6.39,"€15,97/lt",Lindor,Beleza e Higiene/Higiene Íntima/Gel e Sabonetes Íntimos,https://www.continente.pt/dw/image/v2/BDVS_PRD/on/demandware.static/-/Sites-col-master-catalog/default/dw544de41a/images/col/773/7731747-frente.jpg?sw=280&sh=280,emb. 400 ml,https://www.continente.pt/produto/mousse-intima-de-limpeza-lindor-7731747.html,bebe,2025-04-21,Continente
Gel Corpo Anti-celulite Slim,6131969,7.69,"€51,27/lt",Bioten,Beleza e Higiene/Corpo/Cremes e Loções,https://www.continente.pt/dw/image/v2/BDVS_PRD/on/demandware.static/-/Sites-col-master-catalog/default/dw603d3ee5/images/col/613/6131969-frente.jpg?sw=280&sh=280,emb. 150 ml,https://www.continente.pt/produto/gel-corpo-anti-celulite-slim-bioten-6131969.html,bebe,2025-04-21,Continente
Loção Corpo Óleo de Coco,6099785,10.26,"€41,04/lt",Palmers,Beleza e Higiene/Corpo/Cremes e Loções,https://www.continente.pt/dw/image/v2/BDVS_PRD/on/demandware.static/-/Sites-col-master-catalog/default/dwe0480a12/images/col/609/6099785-frente.jpg?sw=280&sh=280,emb. 250 ml,https://www.continente.pt/produto/locao-corpo-oleo-de-coco-palmers-6099785.html,bebe,2025-04-21,Continente
Exfoliante Corpo Arroz e Óleo de Coco,7144279,7.35,"€36,75/lt",Body Natur,Beleza e Higiene/Corpo/Cremes e Loções,https://www.continente.pt/dw/image/v2/BDVS_PRD/on/demandware.static/-/Sites-col-master-catalog/default/dwd4c3a61b/images/col/714/7144279-frente.jpg?sw=280&sh=280,emb. 200 ml,https://www.continente.pt/produto/exfoliante-corpo-arroz-e-oleo-de-coco-body-natur-7144279.html,bebe,2025-04-21,Continente
Banda Musical,6553545,9.99,"€9,99/un",Zoko Happy Bear,Brinquedos e Jogos/Bebé e Peluches/Didáticos e Interativos,https://www.continente.pt/dw/image/v2/BDVS_PRD/on/demandware.static/-/Sites-col-master-catalog/default/dw22b2fa5b/images/col/655/6553545-frente.jpg?sw=280&sh=280,,https://www.continente.pt/produto/banda-musical-zoko-happy-bear-6553545.html,bebe,2025-04-21,Continente
Biberão Autonomia 300ml Silicone +6M,7721348,8.99,"€8,99/un",Tigex,"Bebé/Alimentação, Leites e Acessórios/Biberões e Acessórios",https://www.continente.pt/dw/image/v2/BDVS_PRD/on/demandware.static/-/Sites-col-master-catalog/default/dwcb004997/images/col/772/7721348-frente.jpg?sw=280&sh=280,1 un,https://www.continente.pt/produto/biberao-autonomia-300ml-silicone-6m-tigex-7721348.html,bebe,2025-04-21,Continente
Conjunto Acessórios Higiene Bebé,7831823,4.99,"€4,99/un",Happy Bear,Bebé/Banho e Higiene/Saúde e Bem-Estar,https://www.continente.pt/dw/image/v2/BDVS_PRD/on/demandware.static/-/Sites-col-master-catalog/default/dw58cfb49c/images/col/783/7831823-frente.jpg?sw=280&sh=280,1 un,https://www.continente.pt/produto/conjunto-acessorios-higiene-bebe-happy-bear-7831823.html,bebe,2025-04-21,Continente
Prato com Tampa e Colher +6M (várias cores),6242522,10.99,"€10,99/un",Tigex,"Bebé/Alimentação, Leites e Acessórios/Pratos, Copos e Termos",https://www.continente.pt/dw/image/v2/BDVS_PRD/on/demandware.static/-/Sites-col-master-catalog/default/dw0e9b1486/images/col/624/6242522-frente.jpg?sw=280&sh=280,1 un,https://www.continente.pt/produto/prato-com-tampa-e-colher-6m-varias-cores-tigex-6242522.html,bebe,2025-04-21,Continente
Alimentador de Fruta com Rede +6M (várias cores),7082519,9.99,"€9,99/un",Nuby,"Bebé/Alimentação, Leites e Acessórios/Biberões e Acessórios",https://www.continente.pt/dw/image/v2/BDVS_PRD/on/demandware.static/-/Sites-col-master-catalog/default/dw317c8d1c/images/col/708/7082519-frente.jpg?sw=280&sh=280,1 un,https://www.continente.pt/produto/alimentador-de-fruta-com-rede-6m-varias-cores-nuby-7082519.html,bebe,2025-04-21,Continente
Biberão 330ml Silicone Variável +6M Mickey,5555450,8.99,"€8,99/un",Tigex,"Bebé/Alimentação, Leites e Acessórios/Biberões e Acessórios",https://www.continente.pt/dw/image/v2/BDVS_PRD/on/demandware.static/-/Sites-col-master-catalog/default/dw27aebad2/images/col/555/5555450-frente.jpg?sw=280&sh=280,1 un,https://www.continente.pt/produto/biberao-330ml-silicone-variavel-6m-mickey-tigex-5555450.html,bebe,2025-04-21,Continente
Cama de Grades Evolutiva Ochna,8121814,499.0,"€499,00/un",Twinko,"Bebé/Quarto de Bebé/Camas, Berços e Colchões",https://www.continente.pt/dw/image/v2/BDVS_PRD/on/demandware.static/-/Sites-col-master-catalog/default/dwb8062475/images/col/812/8121814-frente.jpg?sw=280&sh=280,1 un,https://www.continente.pt/produto/cama-de-grades-evolutiva-ochna-twinko-8121814.html,bebe,2025-04-21,Continente
"Gavetão para Cama Evolutiva 139,4x73x16,2cm Gabin",8121703,109.0,"€109,00/un",Twinko,Bebé/Quarto de Bebé/Mobiliário,https://www.continente.pt/dw/image/v2/BDVS_PRD/on/demandware.static/-/Sites-col-master-catalog/default/dw68934d62/images/col/812/8121703-frente.jpg?sw=280&sh=280,1 un,https://www.continente.pt/produto/gavetao-para-cama-evolutiva-1394x73x162cm-gabin-twinko-8121703.html,bebe,2025-04-21,Continente
Cama de Grades Madeira,511579,89.99,"€89,99/un",Happy Bear,"Bebé/Quarto de Bebé/Camas, Berços e Colchões",https://www.continente.pt/dw/image/v2/BDVS_PRD/on/demandware.static/-/Sites-col-master-catalog/default/dwb38613df/images/col/695/6953783-frente.jpg?sw=280&sh=280,,https://www.continente.pt/produto/cama-de-grades-madeira-happy-bear-511579.html,bebe,2025-04-21,Continente
Torre de Aprendizagem com Degrau,7924976,49.99,"€49,99/un",Happy Bear,Bebé/Quarto de Bebé/Mobiliário,https://www.continente.pt/dw/image/v2/BDVS_PRD/on/demandware.static/-/Sites-col-master-catalog/default/dw0580864c/images/col/792/7924976-esquerdo.jpg?sw=280&sh=280,1 un,https://www.continente.pt/produto/torre-de-aprendizagem-com-degrau-happy-bear-7924976.html,bebe,2025-04-21,Continente
Roupeiro 3 Portas 117x50x180cm Faia e Branco Sofie,8121900,599.0,"€599,00/un",Twinko,Bebé/Quarto de Bebé/Mobiliário,https://www.continente.pt/dw/image/v2/BDVS_PRD/on/demandware.static/-/Sites-col-master-catalog/default/dw86bb50bb/images/col/812/8121900-frente.jpg?sw=280&sh=280,1 un,https://www.continente.pt/produto/roupeiro-3-portas-117x50x180cm-faia-e-branco-sofie-twinko-8121900.html,bebe,2025-04-21,Continente
Conjunto 2 Lençóis para Alcofa Animais da Selva,8069745,29.99,"€29,99/un",Twinko,Bebé/Quarto de Bebé/Lençóis,https://www.continente.pt/dw/image/v2/BDVS_PRD/on/demandware.static/-/Sites-col-master-catalog/default/dwe7c2fcfe/images/col/806/8069745-esquerdo.jpg?sw=280&sh=280,1 un,https://www.continente.pt/produto/conjunto-2-lencois-para-alcofa-animais-da-selva-twinko-8069745.html,bebe,2025-04-21,Continente
Cómoda 3 Gavetas 84x45x87cm Amélia,512125,369.0,"€369,00/un",Twinko,Bebé/Quarto de Bebé/Mobiliário,https://www.continente.pt/dw/image/v2/BDVS_PRD/on/demandware.static/-/Sites-col-master-catalog/default/dw89cf54ee/images/col/812/8121892-frente.jpg?sw=280&sh=280,1 un,https://www.continente.pt/produto/comoda-3-gavetas-84x45x87cm-amelia-twinko-512125.html,bebe,2025-04-21,Continente
Copo com Bocal 240ml +6M Super Spout (várias cores),7082523,9.99,"€9,99/un",Nuby,"Bebé/Alimentação, Leites e Acessórios/Pratos, Copos e Termos",https://www.continente.pt/dw/image/v2/BDVS_PRD/on/demandware.static/-/Sites-col-master-catalog/default/dw806e95cc/images/col/708/7082523-amb.jpg?sw=280&sh=280,1 un,https://www.continente.pt/produto/copo-com-bocal-240ml-6m-super-spout-varias-cores-nuby-7082523.html,bebe,2025-04-21,Continente
Copo com Bico Macio Mickey e Minnie,7323518,12.99,"€12,99/un",Tigex,"Bebé/Alimentação, Leites e Acessórios/Pratos, Copos e Termos",https://www.continente.pt/dw/image/v2/BDVS_PRD/on/demandware.static/-/Sites-col-master-catalog/default/dw04fe620b/images/col/732/7323518-frente.jpg?sw=280&sh=280,1 un,https://www.continente.pt/produto/copo-com-bico-macio-mickey-e-minnie-tigex-7323518.html,bebe,2025-04-21,Continente
Cama 3 em 1 Kompakt,512120,599.0,"€599,00/un",Twinko,"Bebé/Quarto de Bebé/Camas, Berços e Colchões",https://www.continente.pt/dw/image/v2/BDVS_PRD/on/demandware.static/-/Sites-col-master-catalog/default/dw500393b2/images/col/812/8121700-frente.jpg?sw=280&sh=280,1 un,https://www.continente.pt/produto/cama-3-em-1-kompakt-twinko-512120.html,bebe,2025-04-21,Continente
Sofá macio de toque infantil de Mickey,7647768,42.49,"€42,49/un",Disney Mickey,Bebé/Quarto de Bebé/Mobiliário,https://www.continente.pt/dw/image/v2/BDVS_PRD/on/demandware.static/-/Sites-col-master-catalog/default/dw70ff035f/images/col/764/7647768-frente.jpg?sw=280&sh=280,1 un,https://www.continente.pt/produto/sofa-macio-de-toque-infantil-de-mickey-disney-mickey-7647768.html,bebe,2025-04-21,Continente
Organizador Arrumação C/6 Cestos Minnie,7734160,56.09,"€56,09/un",Disney Minnie,Bebé/Quarto de Bebé/Mobiliário,https://www.continente.pt/dw/image/v2/BDVS_PRD/on/demandware.static/-/Sites-col-master-catalog/default/dw14c22d74/images/col/773/7734160-frente.jpg?sw=280&sh=280,1 un,https://www.continente.pt/produto/organizador-arrumacao-c-6-cestos-minnie-disney-minnie-7734160.html,bebe,2025-04-21,Continente
Pack 2 Fraldas Lisa e Bordado Cinza,7647044,7.99,"€7,99/un",Happy Bear,Bebé/Quarto de Bebé/Fraldas de Pano,https://www.continente.pt/dw/image/v2/BDVS_PRD/on/demandware.static/-/Sites-col-master-catalog/default/dw04d610af/images/col/764/7647044-frente.jpg?sw=280&sh=280,1 un,https://www.continente.pt/produto/pack-2-fraldas-lisa-e-bordado-cinza-happy-bear-7647044.html,bebe,2025-04-21,Continente
Berço Branco Sleep Plus,8120036,219.0,"€219,00/un",Lusocolchão,"Bebé/Quarto de Bebé/Camas, Berços e Colchões",https://www.continente.pt/dw/image/v2/BDVS_PRD/on/demandware.static/-/Sites-col-master-catalog/default/dw88b43fd6/images/col/812/8120036-esquerdo.jpg?sw=280&sh=280,1 un,https://www.continente.pt/produto/berco-branco-sleep-plus-lusocolchao-8120036.html,bebe,2025-04-21,Continente
Sofá Espuma com Tampa Removível Minnie,7734159,42.49,"€42,49/un",Disney Minnie,Bebé/Quarto de Bebé/Mobiliário,https://www.continente.pt/dw/image/v2/BDVS_PRD/on/demandware.static/-/Sites-col-master-catalog/default/dwacb58d21/images/col/773/7734159-frente.jpg?sw=280&sh=280,1 un,https://www.continente.pt/produto/sofa-espuma-com-tampa-removivel-minnie-disney-minnie-7734159.html,bebe,2025-04-21,Continente
Manta Bebé Algodão,510645,11.19,"€11,19/un",Twinko,"Bebé/Quarto de Bebé/Colchas, Mantas e Edredões",https://www.continente.pt/dw/image/v2/BDVS_PRD/on/demandware.static/-/Sites-col-master-catalog/default/dwe45ee8af/images/col/764/7647033-frente.jpg?sw=280&sh=280,1 un,https://www.continente.pt/produto/manta-bebe-algodao-twinko-510645.html,bebe,2025-04-21,Continente
Os Primeiros 24 Meses - A Etapa dos Milagres,7114238,14.31,"€14,31/un",Hedvig Montgomery,Livraria e Papelaria/Livros/Saúde e Bem-Estar/Gravidez e Puericultura,https://www.continente.pt/dw/image/v2/BDVS_PRD/on/demandware.static/-/Sites-col-master-catalog/default/dw6d1c2c49/images/col/711/7114238-frente.jpg?sw=280&sh=280,,https://www.continente.pt/produto/os-primeiros-24-meses---a-etapa-dos-milagres-hedvig-montgomery-7114238.html,bebe,2025-04-21,Continente
Cadeira Auto I-Size 40-150cm Isofix Rotativa Preta Aitana,7677741,199.2,"€199,20/un",Babyauto,Bebé/Cadeiras Auto,https://www.continente.pt/dw/image/v2/BDVS_PRD/on/demandware.static/-/Sites-col-master-catalog/default/dwd7bdd0cb/images/col/767/7677741-hero.jpg?sw=280&sh=280,1 un,https://www.continente.pt/produto/cadeira-auto-i-size-40-150cm-isofix-rotativa-preta-aitana-babyauto-7677741.html,bebe,2025-04-21,Continente
Assento Auto I-Size 125-150cm Isofix Gaia Cinza,8081248,39.99,"€39,99/un",Bebeconfort,Bebé/Cadeiras Auto/I-Size 125-150cm,https://www.continente.pt/dw/image/v2/BDVS_PRD/on/demandware.static/-/Sites-col-master-catalog/default/dw48821753/images/col/808/8081248-frente.jpg?sw=280&sh=280,1 un,https://www.continente.pt/produto/assento-auto-i-size-125-150cm-isofix-gaia-cinza-bebeconfort-8081248.html,bebe,2025-04-21,Continente
Assento Auto I-Size 125-150cm Preto Gaia,8082037,29.99,"€29,99/un",Bebeconfort,Bebé/Cadeiras Auto/I-Size 125-150cm,https://www.continente.pt/dw/image/v2/BDVS_PRD/on/demandware.static/-/Sites-col-master-catalog/default/dwfa688003/images/col/808/8082037-esquerdo.jpg?sw=280&sh=280,1 un,https://www.continente.pt/produto/assento-auto-i-size-125-150cm-preto-gaia-bebeconfort-8082037.html,bebe,2025-04-21,Continente
Régua medição,7647451,29.74,"€29,74/un",Fisher-Price,Bebé/Quarto de Bebé/Mobiliário,https://www.continente.pt/dw/image/v2/BDVS_PRD/on/demandware.static/-/Sites-col-master-catalog/default/dw03e11c64/images/col/764/7647451-frente.jpg?sw=280&sh=280,1 un,https://www.continente.pt/produto/regua-medicao-fisher-price-7647451.html,bebe,2025-04-21,Continente
Adivinha Quanto Eu Gosto de Ti - Cores,7558978,8.55,"€8,55/un",Sam McBratney,Livraria e Papelaria/Livros/Infantis/Bebé,https://www.continente.pt/dw/image/v2/BDVS_PRD/on/demandware.static/-/Sites-col-master-catalog/default/dw11f23913/images/col/755/7558978-frente.jpg?sw=280&sh=280,,https://www.continente.pt/produto/adivinha-quanto-eu-gosto-de-ti---cores-sam-mcbratney-7558978.html,bebe,2025-04-21,Continente
Primeiras Palavras de Amor,7987942,6.21,"€6,21/un",Vários Autores,Livraria e Papelaria/Livros/Infantis/Bebé,https://www.continente.pt/dw/image/v2/BDVS_PRD/on/demandware.static/-/Sites-col-master-catalog/default/dwce04e3f4/images/col/798/7987942-topshot.jpg?sw=280&sh=280,,https://www.continente.pt/produto/primeiras-palavras-de-amor-varios-autores-7987942.html,bebe,2025-04-21,Continente
Creme Higiene Íntima Dermoprotetor,7731753,6.39,"€31,95/lt",Lindor,Beleza e Higiene/Higiene Íntima/Gel e Sabonetes Íntimos,https://www.continente.pt/dw/image/v2/BDVS_PRD/on/demandware.static/-/Sites-col-master-catalog/default/dwf233dd99/images/col/773/7731753-frente.jpg?sw=280&sh=280,emb. 200 ml,https://www.continente.pt/produto/creme-higiene-intima-dermoprotetor-lindor-7731753.html,bebe,2025-04-21,Continente
Banheira Branca,7680971,12.99,"€12,99/un",Happy Bear,Bebé/Banho e Higiene/Banheiras e Assentos,https://www.continente.pt/dw/image/v2/BDVS_PRD/on/demandware.static/-/Sites-col-master-catalog/default/dw66c8e671/images/col/768/7680971-frente.jpg?sw=280&sh=280,1 un,https://www.continente.pt/produto/banheira-branca-happy-bear-7680971.html,bebe,2025-04-21,Continente
Prato Silicone 4 Compartimentos com Ventosa +6M,7721326,17.99,"€17,99/un",Tigex,"Bebé/Alimentação, Leites e Acessórios/Pratos, Copos e Termos",https://www.continente.pt/dw/image/v2/BDVS_PRD/on/demandware.static/-/Sites-col-master-catalog/default/dw866651bb/images/col/772/7721326-frente.jpg?sw=280&sh=280,1 un,https://www.continente.pt/produto/prato-silicone-4-compartimentos-com-ventosa-6m-tigex-7721326.html,bebe,2025-04-21,Continente
Muda Fraldas Soft (Várias Cores),7595550,24.99,"€24,99/un",Lorelli,Bebé/Banho e Higiene/Muda Fraldas,https://www.continente.pt/dw/image/v2/BDVS_PRD/on/demandware.static/-/Sites-col-master-catalog/default/dw53a48d4d/images/col/759/7595550-frente-9.jpg?sw=280&sh=280,1 un,https://www.continente.pt/produto/muda-fraldas-soft-varias-cores-lorelli-7595550.html,bebe,2025-04-21,Continente
Sofá Espuma com Tampa Removível Stitch,7998147,42.49,"€42,49/un",Stitch,Bebé/Quarto de Bebé/Mobiliário,https://www.continente.pt/dw/image/v2/BDVS_PRD/on/demandware.static/-/Sites-col-master-catalog/default/dwd7cf3f91/images/col/799/7998147-frente.jpg?sw=280&sh=280,1 un,https://www.continente.pt/produto/sofa-espuma-com-tampa-removivel-stitch-stitch-7998147.html,bebe,2025-04-21,Continente
"Armário 90,7x50x177,3cm Cinza Gabin",8121786,299.0,"€299,00/un",Twinko,Bebé/Quarto de Bebé/Mobiliário,https://www.continente.pt/dw/image/v2/BDVS_PRD/on/demandware.static/-/Sites-col-master-catalog/default/dw87e0930e/images/col/812/8121786-frente.jpg?sw=280&sh=280,1 un,https://www.continente.pt/produto/armario-907x50x1773cm-cinza-gabin-twinko-8121786.html,bebe,2025-04-21,Continente
Gavetão 119x62x17cm Branco Amélia,8121888,64.99,"€64,99/un",Twinko,Bebé/Quarto de Bebé/Mobiliário,https://www.continente.pt/dw/image/v2/BDVS_PRD/on/demandware.static/-/Sites-col-master-catalog/default/dw7274caf7/images/col/812/8121888-esquerdo.jpg?sw=280&sh=280,1 un,https://www.continente.pt/produto/gavetao-119x62x17cm-branco-amelia-twinko-8121888.html,bebe,2025-04-21,Continente
Tenda Tipi,7734137,38.24,"€38,24/un",Fisher-Price,Bebé/Quarto de Bebé/Mobiliário,https://www.continente.pt/dw/image/v2/BDVS_PRD/on/demandware.static/-/Sites-col-master-catalog/default/dw662c1f66/images/col/773/7734137-frente.jpg?sw=280&sh=280,1 un,https://www.continente.pt/produto/tenda-tipi-fisher-price-7734137.html,bebe,2025-04-21,Continente
"Banco, Mesa e Baú Stitch",7998146,67.99,"€67,99/un",Stitch,Bebé/Quarto de Bebé/Mobiliário,https://www.continente.pt/dw/image/v2/BDVS_PRD/on/demandware.static/-/Sites-col-master-catalog/default/dw9baf07d0/images/col/799/7998146-frente.jpg?sw=280&sh=280,1 un,https://www.continente.pt/produto/banco-mesa-e-bau-stitch-stitch-7998146.html,bebe,2025-04-21,Continente
Barreira de Segurança para Cama de Grades Faia Olivia,8121913,74.99,"€74,99/un",Twinko,Bebé/Quarto de Bebé/Mobiliário,https://www.continente.pt/dw/image/v2/BDVS_PRD/on/demandware.static/-/Sites-col-master-catalog/default/dw07109a53/images/col/812/8121913-esquerdo.jpg?sw=280&sh=280,1 un,https://www.continente.pt/produto/barreira-de-seguranca-para-cama-de-grades-faia-olivia-twinko-8121913.html,bebe,2025-04-21,Continente
Cama de Grades Girafa,28477,219.0,"€219,00/un",Twinko,"Bebé/Quarto de Bebé/Camas, Berços e Colchões",https://www.continente.pt/dw/image/v2/BDVS_PRD/on/demandware.static/-/Sites-col-master-catalog/default/dwb60497fb/images/col/802/8022805-frente.jpg?sw=280&sh=280,1 un,https://www.continente.pt/produto/cama-de-grades-girafa-twinko-28477.html,bebe,2025-04-21,Continente
Tenda Teepee Play de Patrulha Pata Azul,7647766,38.24,"€38,24/un",Patrulha Pata,Bebé/Quarto de Bebé/Mobiliário,https://www.continente.pt/dw/image/v2/BDVS_PRD/on/demandware.static/-/Sites-col-master-catalog/default/dwbef70aa8/images/col/764/7647766-frente.jpg?sw=280&sh=280,1 un,https://www.continente.pt/produto/tenda-teepee-play-de-patrulha-pata-azul-patrulha-pata-7647766.html,bebe,2025-04-21,Continente
Sofá Infantil de Toque Macio Patrulha Pata,7647765,42.49,"€42,49/un",Patrulha Pata,Bebé/Quarto de Bebé/Mobiliário,https://www.continente.pt/dw/image/v2/BDVS_PRD/on/demandware.static/-/Sites-col-master-catalog/default/dwcf64d2f9/images/col/764/7647765-frente.jpg?sw=280&sh=280,1 un,https://www.continente.pt/produto/sofa-infantil-de-toque-macio-patrulha-pata-patrulha-pata-7647765.html,bebe,2025-04-21,Continente
Berço Nidus,511537,79.0,"€79,00/un",Asalvo,"Bebé/Quarto de Bebé/Camas, Berços e Colchões",https://www.continente.pt/dw/image/v2/BDVS_PRD/on/demandware.static/-/Sites-col-master-catalog/default/dw29b63317/images/col/786/7864505-frente.jpg?sw=280&sh=280,1 un,https://www.continente.pt/produto/berco-nidus-asalvo-511537.html,bebe,2025-04-21,Continente
Cama Evolutiva,510263,519.0,"€519,00/un",Lorelli,"Bebé/Quarto de Bebé/Camas, Berços e Colchões",https://www.continente.pt/dw/image/v2/BDVS_PRD/on/demandware.static/-/Sites-col-master-catalog/default/dwc8348409/images/col/728/7284578-frente.jpg?sw=280&sh=280,,https://www.continente.pt/produto/cama-evolutiva-lorelli-510263.html,bebe,2025-04-21,Continente
As Minhas Rotinas Nº 4 - Hora do Banho,7521171,6.92,"€6,92/un",Vários Autores,Livraria e Papelaria/Livros/Infantis/Bebé,https://www.continente.pt/dw/image/v2/BDVS_PRD/on/demandware.static/-/Sites-col-master-catalog/default/dw1adfdb5f/images/col/752/7521171-frente.jpg?sw=280&sh=280,,https://www.continente.pt/produto/as-minhas-rotinas-n-4---hora-do-banho-varios-autores-7521171.html,bebe,2025-04-21,Continente
Robe Mulher Cinzento,7819606,15.99,"€15,99/un",MO Body,Desporto e Malas de Viagem/Roupa e Calçado/Mulher/Pijamas e Interiores,https://www.continente.pt/dw/image/v2/BDVS_PRD/on/demandware.static/-/Sites-col-master-catalog/default/dwffba1d05/images/col/781/7819606-frente.jpg?sw=280&sh=280,1 un,https://www.continente.pt/produto/robe-mulher-cinzento-mo-body-7819606.html,bebe,2025-04-21,Continente
TV Musical,6553548,12.99,"€12,99/un",Zoko Happy Bear,Brinquedos e Jogos/Bebé e Peluches/Didáticos e Interativos,https://www.continente.pt/dw/image/v2/BDVS_PRD/on/demandware.static/-/Sites-col-master-catalog/default/dwe849b3ef/images/col/655/6553548-frente.jpg?sw=280&sh=280,,https://www.continente.pt/produto/tv-musical-zoko-happy-bear-6553548.html,bebe,2025-04-21,Continente
Telemóvel Cãozinho,6830847,12.99,"€12,99/un",Chicco,Brinquedos e Jogos/Bebé e Peluches/Didáticos e Interativos,https://www.continente.pt/dw/image/v2/BDVS_PRD/on/demandware.static/-/Sites-col-master-catalog/default/dw4eb7d5fd/images/col/683/6830847-frente.jpg?sw=280&sh=280,,https://www.continente.pt/produto/telemovel-caozinho-chicco-6830847.html,bebe,2025-04-21,Continente
Copo com Palha 360ml +24M (várias cores),7815164,15.99,"€15,99/un",Nuby,"Bebé/Alimentação, Leites e Acessórios/Pratos, Copos e Termos",https://www.continente.pt/dw/image/v2/BDVS_PRD/on/demandware.static/-/Sites-col-master-catalog/default/dw75392d89/col/782/7815164_frente.jpg?sw=280&sh=280,1 un,https://www.continente.pt/produto/copo-com-palha-360ml-24m-varias-cores-nuby-7815164.html,bebe,2025-04-21,Continente
Cortina de Sol Auto,7469655,5.99,"€5,99/un",Bebeconfort,Bebé/Passeio e Viagem/Marsúpios e Acessórios de Passeio,https://www.continente.pt/dw/image/v2/BDVS_PRD/on/demandware.static/-/Sites-col-master-catalog/default/dwc3571a84/images/col/746/7469655-frente.jpg?sw=280&sh=280,1 un,https://www.continente.pt/produto/cortina-de-sol-auto-bebeconfort-7469655.html,bebe,2025-04-21,Continente
Carrinho de Passeio Rosa Paris,8022077,100.0,"€100,00/un",Asalvo,Bebé/Passeio e Viagem/Carrinhos de Passeio,https://www.continente.pt/dw/image/v2/BDVS_PRD/on/demandware.static/-/Sites-col-master-catalog/default/dwf3f55c44/images/col/802/8022077-frente.jpg?sw=280&sh=280,1 un,https://www.continente.pt/produto/carrinho-de-passeio-rosa-paris-asalvo-8022077.html,bebe,2025-04-21,Continente
Carrinho de Passeio para Gémeos Cinza Bro,7925736,383.2,"€383,20/un",Asalvo,Bebé/Passeio e Viagem/Carrinhos de Passeio,https://www.continente.pt/dw/image/v2/BDVS_PRD/on/demandware.static/-/Sites-col-master-catalog/default/dw909aed6a/images/col/792/7925736-frente.jpg?sw=280&sh=280,1 un,https://www.continente.pt/produto/carrinho-de-passeio-para-gemeos-cinza-bro-asalvo-7925736.html,bebe,2025-04-21,Continente
Carrinho de Passeio Verde Henry,8022020,151.2,"€151,20/un",Asalvo,Bebé/Passeio e Viagem/Carrinhos de Passeio,https://www.continente.pt/dw/image/v2/BDVS_PRD/on/demandware.static/-/Sites-col-master-catalog/default/dw9d1c0b0a/images/col/802/8022020-frente.jpg?sw=280&sh=280,1 un,https://www.continente.pt/produto/carrinho-de-passeio-verde-henry-asalvo-8022020.html,bebe,2025-04-21,Continente
Conjunto de Rua Duo Cinza Sidney,7833568,239.2,"€239,20/un",Asalvo,Bebé/Passeio e Viagem/Carrinhos de Passeio,https://www.continente.pt/dw/image/v2/BDVS_PRD/on/demandware.static/-/Sites-col-master-catalog/default/dw9dd6f3c2/images/col/783/7833568-frente.jpg?sw=280&sh=280,1 un,https://www.continente.pt/produto/conjunto-de-rua-duo-cinza-sidney-asalvo-7833568.html,bebe,2025-04-21,Continente
O Principezinho para os Mais Pequeninos,5659167,11.61,"€11,61/un",Antoine de Saint-Exupéry,Livraria e Papelaria/Livros/Infantis/Bebé,https://www.continente.pt/dw/image/v2/BDVS_PRD/on/demandware.static/-/Sites-col-master-catalog/default/dw831099fe/images/col/565/5659167-frente.jpg?sw=280&sh=280,,https://www.continente.pt/produto/o-principezinho-para-os-mais-pequeninos-antoine-de-saint-exupery-5659167.html,bebe,2025-04-21,Continente
Loção Corpo Extra Nutritiva,7735433,4.08,"€12,36/lt",Natural Honey,Beleza e Higiene/Corpo/Cremes e Loções,https://www.continente.pt/dw/image/v2/BDVS_PRD/on/demandware.static/-/Sites-col-master-catalog/default/dw042703c2/images/col/773/7735433-frente.jpg?sw=280&sh=280,emb. 330 ml,https://www.continente.pt/produto/locao-corpo-extra-nutritiva-natural-honey-7735433.html,bebe,2025-04-21,Continente
Trio Viagem Atividades Musicais,7253987,19.99,"€19,99/un",Playgro,Brinquedos e Jogos/Bebé e Peluches/Primeiros Brinquedos,https://www.continente.pt/dw/image/v2/BDVS_PRD/on/demandware.static/-/Sites-col-master-catalog/default/dwf4661923/images/col/725/7253987-frente.jpg?sw=280&sh=280,,https://www.continente.pt/produto/trio-viagem-atividades-musicais-playgro-7253987.html,bebe,2025-04-21,Continente
Base Isofix Grupo 0+,5737148,71.99,"€71,99/un",Maxi Baby,Bebé/Cadeiras Auto,https://www.continente.pt/dw/image/v2/BDVS_PRD/on/demandware.static/-/Sites-col-master-catalog/default/dwebcb8dc4/images/col/573/5737148-frente.jpg?sw=280&sh=280,1 un,https://www.continente.pt/produto/base-isofix-grupo-0-maxi-baby-5737148.html,bebe,2025-04-21,Continente
Cubos de Empilhar com Balde,5059106,12.99,"€12,99/un",Zoko Happy Bear,Brinquedos e Jogos/Bebé e Peluches/Didáticos e Interativos,https://www.continente.pt/dw/image/v2/BDVS_PRD/on/demandware.static/-/Sites-col-master-catalog/default/dw362463a7/images/col/505/5059106-frente.jpg?sw=280&sh=280,,https://www.continente.pt/produto/cubos-de-empilhar-com-balde-zoko-happy-bear-5059106.html,bebe,2025-04-21,Continente
O Meu 1º Teclado,4907907,19.99,"€19,99/un",Zoko Happy Bear,Brinquedos e Jogos/Bebé e Peluches/Brinquedos Didáticos,https://www.continente.pt/dw/image/v2/BDVS_PRD/on/demandware.static/-/Sites-col-master-catalog/default/dw76313611/images/col/490/4907907-frente.jpg?sw=280&sh=280,,https://www.continente.pt/produto/o-meu-1-teclado-zoko-happy-bear-4907907.html,bebe,2025-04-21,Continente
Condicionador Gotas De Força Criança,6838335,4.49,"€8,98/lt",Johnsons Baby,Beleza e Higiene/Cabelo/Criança,https://www.continente.pt/dw/image/v2/BDVS_PRD/on/demandware.static/-/Sites-col-master-catalog/default/dwca7175e2/images/col/683/6838335-frente.jpg?sw=280&sh=280,emb. 500 ml,https://www.continente.pt/produto/condicionador-gotas-de-forca-crianca-johnsons-baby-6838335.html,bebe,2025-04-21,Continente
Champô Suave Bons Sonhos Bebé,6840657,4.49,"€8,98/lt",Johnsons Baby,Beleza e Higiene/Cabelo/Criança,https://www.continente.pt/dw/image/v2/BDVS_PRD/on/demandware.static/-/Sites-col-master-catalog/default/dw608e1171/images/col/684/6840657-frente.jpg?sw=280&sh=280,emb. 500 ml,https://www.continente.pt/produto/champo-suave-bons-sonhos-bebe-johnsons-baby-6840657.html,bebe,2025-04-21,Continente
Fraldas Pants Activity Extra 12-17kg T5,8122184,47.3,"€0,62/un",Dodot,Bebé/Fraldas e Toalhitas/Fraldas 13-18kg/+18kg (T5 e T6),https://www.continente.pt/dw/image/v2/BDVS_PRD/on/demandware.static/-/Sites-col-master-catalog/default/dw6a7007db/images/col/812/8122184-hero.jpg?sw=280&sh=280,emb. 76 un (2 x 38 un),https://www.continente.pt/produto/fraldas-pants-activity-extra-12-17kg-t5-dodot-8122184.html,bebe,2025-04-21,Continente
