Product Name,Product ID,Price,Price per unit,Brand,Category,Image URL,Minimum Quantity,Product Link,cgid,tracking_date,source
Porções de Salmão Fresco,6661780,2.99,"€19,93/kg",,"Frescos/Peixaria/Filetes, Lombos e Postas/Fresco",https://www.continente.pt/dw/image/v2/BDVS_PRD/on/demandware.static/-/Sites-col-master-catalog/default/dw17370d84/images/col/666/6661780-cima-pedra.jpg?sw=280&sh=280,Quant. Mínima = 300 gr (2 un),https://www.continente.pt/produto/porcoes-de-salmao-fresco-6661780.html,frescos,2025-04-21,Continente
Picanha de Bovino América do Sul Inteira,4517263,18.99,"€28,48/un",Continente,"Frescos/Talho/Novilho, Vitela e Vitelão",https://www.continente.pt/dw/image/v2/BDVS_PRD/on/demandware.static/-/Sites-col-master-catalog/default/dwc233a8e6/images/col/451/4517263-frente.jpg?sw=280&sh=280,"emb. 1,5 kg (aprox.)",https://www.continente.pt/produto/picanha-de-bovino-america-do-sul-inteira-continente-4517263.html,frescos,2025-04-21,Continente
Cabaz de Frutas da Época,6872502,18.99,"€3,80/kg",Continente,Frescos/Frutas/Cabazes de Frutas e Legumes,https://www.continente.pt/dw/image/v2/BDVS_PRD/on/demandware.static/-/Sites-col-master-catalog/default/dw5033a17b/images/col/687/6872502-cima.jpg?sw=280&sh=280,emb. 5 kg,https://www.continente.pt/produto/cabaz-de-frutas-da-epoca-continente-6872502.html,frescos,2025-04-21,Continente
Presunto Fatiado 9 Meses de Cura,7218060,3.89,"€25,93/kg",Casa do Monte,Frescos/Charcutaria/Presunto,https://www.continente.pt/dw/image/v2/BDVS_PRD/on/demandware.static/-/Sites-col-master-catalog/default/dw22e315ad/images/col/721/7218060-frente-fatia.jpg?sw=280&sh=280,emb. 150 gr,https://www.continente.pt/produto/presunto-fatiado-9-meses-de-cura-casa-do-monte-7218060.html,frescos,2025-04-21,Continente
Pão de Abóbora e Nozes,7371652,0.49,"€4,90/kg",,Frescos/Padaria e Pastelaria/Pão do Dia e Broa,https://www.continente.pt/dw/image/v2/BDVS_PRD/on/demandware.static/-/Sites-col-master-catalog/default/dw885e640d/images/col/737/7371652-cima-acessorio.png?sw=280&sh=280,Quant. Mínima = 2 un (200 gr),https://www.continente.pt/produto/pao-de-abobora-e-nozes-7371652.html,frescos,2025-04-21,Continente
Bacalhau à Gomes de Sá,7740959,3.89,"€12,97/kg",Cozinha Continente,Frescos/Take Away/Refeições Prontas/Peixe e Marisco,https://www.continente.pt/dw/image/v2/BDVS_PRD/on/demandware.static/-/Sites-col-master-catalog/default/dw1a92a628/images/col/774/7740959-topshot.jpg?sw=280&sh=280,emb. 300 gr,https://www.continente.pt/produto/bacalhau-a-gomes-de-sa-cozinha-continente-7740959.html,frescos,2025-04-21,Continente
Rolo de Carne de Novilho com Queijo e Fiambre,7298016,11.69,"€12,86/un",Continente Seleção,"Frescos/Talho/Novilho, Vitela e Vitelão",https://www.continente.pt/dw/image/v2/BDVS_PRD/on/demandware.static/-/Sites-col-master-catalog/default/dw11cadde1/images/col/729/7298016-frente.jpg?sw=280&sh=280,"emb. 1,1 kg (aprox.)",https://www.continente.pt/produto/rolo-de-carne-de-novilho-com-queijo-e-fiambre-continente-selecao-7298016.html,frescos,2025-04-21,Continente
Lombos de Bacalhau 12 Meses de Cura MSC Gourmet Ultracongelado,6364533,32.79,"€32,79/kg",Riberalves,Frescos/Peixaria/Bacalhau/Congelado,https://www.continente.pt/dw/image/v2/BDVS_PRD/on/demandware.static/-/Sites-col-master-catalog/default/dw1ae59e77/images/col/636/6364533-frente.jpg?sw=280&sh=280,3 un (1 kg),https://www.continente.pt/produto/lombos-de-bacalhau-12-meses-de-cura-msc-gourmet-ultracongelado-riberalves-6364533.html,frescos,2025-04-21,Continente
Queijo Flamengo Fatiado,6419166,7.49,"€9,36/kg",Campainha,Frescos/Queijos/Fatiado e Bolas,https://www.continente.pt/dw/image/v2/BDVS_PRD/on/demandware.static/-/Sites-col-master-catalog/default/dwb86254bc/images/col/641/6419166-topshot.jpg?sw=280&sh=280,2 un x 400 gr (800 gr),https://www.continente.pt/produto/queijo-flamengo-fatiado-campainha-6419166.html,frescos,2025-04-21,Continente
Palmiers,7548675,3.49,"€4,85/kg",Da Nossa Pastelaria,Frescos/Padaria e Pastelaria/Biscoitos,https://www.continente.pt/dw/image/v2/BDVS_PRD/on/demandware.static/-/Sites-col-master-catalog/default/dw88cd1089/images/col/754/7548675-direito.jpg?sw=280&sh=280,emb. 720 gr,https://www.continente.pt/produto/palmiers-da-nossa-pastelaria-7548675.html,frescos,2025-04-21,Continente
Espargos Verdes,7162145,2.99,"€11,96/kg",Continente,"Frescos/Legumes/Cogumelos, Espargos e Exóticos",https://www.continente.pt/dw/image/v2/BDVS_PRD/on/demandware.static/-/Sites-col-master-catalog/default/dw297077b1/images/col/716/7162145-frente.jpg?sw=280&sh=280,emb. 250 gr,https://www.continente.pt/produto/espargos-verdes-continente-7162145.html,frescos,2025-04-21,Continente
Peito de Frango,7069674,6.49,"€7,79/un",Continente,Frescos/Talho/Frango e Peru,https://www.continente.pt/dw/image/v2/BDVS_PRD/on/demandware.static/-/Sites-col-master-catalog/default/dwfcfa7bdd/images/col/706/7069674-frente.jpg?sw=280&sh=280,"emb. 1,2 kg (aprox.)",https://www.continente.pt/produto/peito-de-frango-continente-7069674.html,frescos,2025-04-21,Continente
Banana,2597619,1.29,"€0,26/un",Continente,"Frescos/Frutas/Banana, Maçã e Pera",https://www.continente.pt/dw/image/v2/BDVS_PRD/on/demandware.static/-/Sites-col-master-catalog/default/dwcd554331/images/col/259/2597619-frente.jpg?sw=280&sh=280,Quant. Mínima = 600 gr (3 un),https://www.continente.pt/produto/banana-continente-2597619.html,frescos,2025-04-21,Continente
Curgete Verde,2076759,0.99,"€0,49/un",Continente,"Frescos/Legumes/Curgete, Beringela e Feijão Verde",https://www.continente.pt/dw/image/v2/BDVS_PRD/on/demandware.static/-/Sites-col-master-catalog/default/dw501f0905/images/col/207/2076759-frente.jpg?sw=280&sh=280,Quant. Mínima = 500 gr (1 un),https://www.continente.pt/produto/curgete-verde-continente-2076759.html,frescos,2025-04-21,Continente
Laranja IGP Algarve,2507240,0.95,"€0,29/un",IGP Algarve,"Frescos/Frutas/Laranja, Clementina e Limão",https://www.continente.pt/dw/image/v2/BDVS_PRD/on/demandware.static/-/Sites-col-master-catalog/default/dwcb649a09/images/col/250/2507240-frente.jpg?sw=280&sh=280,"Quant. Mínima = 1,24 kg (4 un)",https://www.continente.pt/produto/laranja-igp-algarve-igp-algarve-2507240.html,frescos,2025-04-21,Continente
Peito de Frango em Vácuo,6950358,5.99,"€13,18/un",Continente,Frescos/Talho/Frango e Peru,https://www.continente.pt/dw/image/v2/BDVS_PRD/on/demandware.static/-/Sites-col-master-catalog/default/dwd43d2a97/images/col/695/6950358-frente.jpg?sw=280&sh=280,"emb. 2,2 kg (aprox.)",https://www.continente.pt/produto/peito-de-frango-em-vacuo-continente-6950358.html,frescos,2025-04-21,Continente
Cenoura,2885107,0.89,"€0,89/kg",Continente,"Frescos/Legumes/Cenoura, Abóbora e Beterraba",https://www.continente.pt/dw/image/v2/BDVS_PRD/on/demandware.static/-/Sites-col-master-catalog/default/dwaa0ae3ae/images/col/288/2885107-frente.jpg?sw=280&sh=280,emb. 1 kg,https://www.continente.pt/produto/cenoura-continente-2885107.html,frescos,2025-04-21,Continente
Clementina,2165762,2.49,"€0,37/un",Continente,"Frescos/Frutas/Laranja, Clementina e Limão",https://www.continente.pt/dw/image/v2/BDVS_PRD/on/demandware.static/-/Sites-col-master-catalog/default/dwcc44ffc5/images/col/216/2165762-frente.jpg?sw=280&sh=280,Quant. Mínima = 450 gr (3 un),https://www.continente.pt/produto/clementina-continente-2165762.html,frescos,2025-04-21,Continente
Queijo Flamengo Fatiado,2888438,4.19,"€8,38/kg",Continente,Frescos/Queijos/Fatiado e Bolas,https://www.continente.pt/dw/image/v2/BDVS_PRD/on/demandware.static/-/Sites-col-master-catalog/default/dw5375a1e4/images/col/288/2888438-frente-embalagem-acessorio.jpg?sw=280&sh=280,emb. 500 gr,https://www.continente.pt/produto/queijo-flamengo-fatiado-continente-2888438.html,frescos,2025-04-21,Continente
Morango,2471513,1.99,"€3,98/kg",Continente,Frescos/Frutas/Morango e Frutos Vermelhos,https://www.continente.pt/dw/image/v2/BDVS_PRD/on/demandware.static/-/Sites-col-master-catalog/default/dw8727d039/images/col/247/2471513-cima-fora-embalagem.jpg?sw=280&sh=280,emb. 500 gr,https://www.continente.pt/produto/morango-continente-2471513.html,frescos,2025-04-21,Continente
Batata Vermelha,5454736,3.59,"€1,20/kg",Continente,"Frescos/Legumes/Batata, Batata Doce e Mandioca",https://www.continente.pt/dw/image/v2/BDVS_PRD/on/demandware.static/-/Sites-col-master-catalog/default/dw70d04ce2/images/col/545/5454736-frente.jpg?sw=280&sh=280,emb. 3 kg,https://www.continente.pt/produto/batata-vermelha-continente-5454736.html,frescos,2025-04-21,Continente
Couve Brócolo,2076764,2.49,"€1,49/un",Continente,"Frescos/Legumes/Couves, Brócolos e Espinafres",https://www.continente.pt/dw/image/v2/BDVS_PRD/on/demandware.static/-/Sites-col-master-catalog/default/dwb527b076/images/col/207/2076764-frente.jpg?sw=280&sh=280,Quant. Mínima = 600 gr (1 un),https://www.continente.pt/produto/couve-brocolo-continente-2076764.html,frescos,2025-04-21,Continente
Pera Rocha DOP Oeste,7102076,1.99,"€0,38/un",Continente,"Frescos/Frutas/Banana, Maçã e Pera",https://www.continente.pt/dw/image/v2/BDVS_PRD/on/demandware.static/-/Sites-col-master-catalog/default/dwe16d9b17/images/col/710/7102076-frente.jpg?sw=280&sh=280,Quant. Mínima = 760 gr (4 un),https://www.continente.pt/produto/pera-rocha-dop-oeste-continente-7102076.html,frescos,2025-04-21,Continente
Uva Branca sem Grainha,7618292,3.49,"€6,98/kg",Continente,Frescos/Frutas/Uvas e Tropicais,https://www.continente.pt/dw/image/v2/BDVS_PRD/on/demandware.static/-/Sites-col-master-catalog/default/dw5c3ca6e6/images/col/761/7618292-frente.jpg?sw=280&sh=280,emb. 500 gr,https://www.continente.pt/produto/uva-branca-sem-grainha-continente-7618292.html,frescos,2025-04-21,Continente
Queijo Flamengo sem Lactose Fatiado,4863936,4.99,"€12,48/kg",Limiano,Frescos/Queijos/Fatiado e Bolas,https://www.continente.pt/dw/image/v2/BDVS_PRD/on/demandware.static/-/Sites-col-master-catalog/default/dw53868b13/images/col/486/4863936-hero.jpg?sw=280&sh=280,2 un x 200 gr (400 gr),https://www.continente.pt/produto/queijo-flamengo-sem-lactose-fatiado-limiano-4863936.html,frescos,2025-04-21,Continente
Bifes de Frango,7068833,6.79,"€4,62/un",Continente,Frescos/Talho/Frango e Peru,https://www.continente.pt/dw/image/v2/BDVS_PRD/on/demandware.static/-/Sites-col-master-catalog/default/dw6786e05e/images/col/706/7068833-frente.jpg?sw=280&sh=280,emb. 680 gr (aprox.),https://www.continente.pt/produto/bifes-de-frango-continente-7068833.html,frescos,2025-04-21,Continente
Mirtilo,7751334,6.99,"€13,98/kg",Beira Baga,Frescos/Frutas/Morango e Frutos Vermelhos,https://www.continente.pt/dw/image/v2/BDVS_PRD/on/demandware.static/-/Sites-col-master-catalog/default/dw2843a5be/images/col/775/7751334-cima-embalagem-granel.jpg?sw=280&sh=280,emb. 500 gr,https://www.continente.pt/produto/mirtilo-beira-baga-7751334.html,frescos,2025-04-21,Continente
Preparado de Carne Picada de Bovino,7430620,10.99,"€12,21/kg",Continente,"Frescos/Talho/Novilho, Vitela e Vitelão",https://www.continente.pt/dw/image/v2/BDVS_PRD/on/demandware.static/-/Sites-col-master-catalog/default/dw1b7fad47/images/col/743/7430620-frente.jpg?sw=280&sh=280,emb. 900 gr,https://www.continente.pt/produto/preparado-de-carne-picada-de-bovino-continente-7430620.html,frescos,2025-04-21,Continente
Uva Branca sem Grainha,2076622,5.99,"€5,99/un",Continente,Frescos/Frutas/Uvas e Tropicais,https://www.continente.pt/dw/image/v2/BDVS_PRD/on/demandware.static/-/Sites-col-master-catalog/default/dw16d008f5/images/col/207/2076622-frente.jpg?sw=280&sh=280,Quant. Mínima = 1 kg,https://www.continente.pt/produto/uva-branca-sem-grainha-continente-2076622.html,frescos,2025-04-21,Continente
Bola de Lenha,7371764,0.49,"€4,90/kg",,Frescos/Padaria e Pastelaria/Pão do Dia e Broa,https://www.continente.pt/dw/image/v2/BDVS_PRD/on/demandware.static/-/Sites-col-master-catalog/default/dw92424cc8/images/col/737/7371764-cima-acessorio.png?sw=280&sh=280,Quant. Mínima = 2 un (200 gr),https://www.continente.pt/produto/bola-de-lenha-7371764.html,frescos,2025-04-21,Continente
Queijo Flamengo sem Lactose Fatiado,5125010,4.09,"€10,22/kg",Terra Nostra,Frescos/Queijos/Fatiado e Bolas,https://www.continente.pt/dw/image/v2/BDVS_PRD/on/demandware.static/-/Sites-col-master-catalog/default/dwa4f0e81b/images/col/512/5125010-topshot.png?sw=280&sh=280,2 un x 200 gr (400 gr),https://www.continente.pt/produto/queijo-flamengo-sem-lactose-fatiado-terra-nostra-5125010.html,frescos,2025-04-21,Continente
Morango Premium,7374929,4.49,"€4,49/kg",Continente,Frescos/Frutas/Morango e Frutos Vermelhos,https://www.continente.pt/dw/image/v2/BDVS_PRD/on/demandware.static/-/Sites-col-master-catalog/default/dw6186ccb6/images/col/737/7374929-frente.jpg?sw=280&sh=280,emb. 1 kg,https://www.continente.pt/produto/morango-premium-continente-7374929.html,frescos,2025-04-21,Continente
Posta de Salmão Fresca,4405983,12.99,"€3,25/un",,"Frescos/Peixaria/Filetes, Lombos e Postas/Fresco",https://www.continente.pt/dw/image/v2/BDVS_PRD/on/demandware.static/-/Sites-col-master-catalog/default/dw84bddfed/images/col/440/4405983-amb-tabua.jpg?sw=280&sh=280,Quant. Mínima = 500 gr (2 un),https://www.continente.pt/produto/posta-de-salmao-fresca-4405983.html,frescos,2025-04-21,Continente
Espinafre Baby Leaf,7171318,1.19,"€7,00/kg",Continente,"Frescos/Legumes/Couves, Brócolos e Espinafres",https://www.continente.pt/dw/image/v2/BDVS_PRD/on/demandware.static/-/Sites-col-master-catalog/default/dw37a7df2c/images/col/717/7171318-frente.jpg?sw=280&sh=280,emb. 170 gr,https://www.continente.pt/produto/espinafre-baby-leaf-continente-7171318.html,frescos,2025-04-21,Continente
Kiwi,3725842,3.99,"€0,48/un",Continente,"Frescos/Frutas/Pêssego, Ameixa e Kiwi",https://www.continente.pt/dw/image/v2/BDVS_PRD/on/demandware.static/-/Sites-col-master-catalog/default/dwff64a49b/images/col/372/3725842-frente.jpg?sw=280&sh=280,Quant. Mínima = 480 gr (4 un),https://www.continente.pt/produto/kiwi-continente-3725842.html,frescos,2025-04-21,Continente
Batata Doce,2076703,1.99,"€1,00/un",Continente,"Frescos/Legumes/Batata, Batata Doce e Mandioca",https://www.continente.pt/dw/image/v2/BDVS_PRD/on/demandware.static/-/Sites-col-master-catalog/default/dw898623a2/images/col/207/2076703-cima.jpg?sw=280&sh=280,Quant. Mínima = 1 kg (2 un),https://www.continente.pt/produto/batata-doce-continente-2076703.html,frescos,2025-04-21,Continente
Batata Vermelha,4475280,1.59,"€0,41/un",Continente,"Frescos/Legumes/Batata, Batata Doce e Mandioca",https://www.continente.pt/dw/image/v2/BDVS_PRD/on/demandware.static/-/Sites-col-master-catalog/default/dwb541c162/images/col/447/4475280-frente.jpg?sw=280&sh=280,Quant. Mínima = 780 gr (3 un),https://www.continente.pt/produto/batata-vermelha-continente-4475280.html,frescos,2025-04-21,Continente
Queijo Fresco Longa Duração Light,6355315,2.74,"€10,96/kg",Continente Equilíbrio,"Frescos/Queijos/Fresco, Requeijão e Mozzarella",https://www.continente.pt/dw/image/v2/BDVS_PRD/on/demandware.static/-/Sites-col-master-catalog/default/dw207c7de4/images/col/635/6355315-frente.jpg?sw=280&sh=280,"4 un x 62,5 gr (250 gr)",https://www.continente.pt/produto/queijo-fresco-longa-duracao-light-continente-equilibrio-6355315.html,frescos,2025-04-21,Continente
Queijo Mini,5608649,4.59,"€19,13/kg",Babybel,Frescos/Queijos/Snacks e Barrar,https://www.continente.pt/dw/image/v2/BDVS_PRD/on/demandware.static/-/Sites-col-master-catalog/default/dw2be5d4e0/images/col/560/5608649-frente.jpg?sw=280&sh=280,12 un x 20 gr (240 gr),https://www.continente.pt/produto/queijo-mini-babybel-5608649.html,frescos,2025-04-21,Continente
Lombinhos de Porco,2588815,6.99,"€4,89/un",Continente,Frescos/Talho/Porco,https://www.continente.pt/dw/image/v2/BDVS_PRD/on/demandware.static/-/Sites-col-master-catalog/default/dwd61350b0/images/col/258/2588815-frente.jpg?sw=280&sh=280,emb. 700 gr (aprox.),https://www.continente.pt/produto/lombinhos-de-porco-continente-2588815.html,frescos,2025-04-21,Continente
Fiambre da Perna Extra Fatias Finíssimas,7102483,1.85,"€9,25/kg",Continente,"Frescos/Charcutaria/Fiambre, Mortadela e Salame/Fiambre de Porco",https://www.continente.pt/dw/image/v2/BDVS_PRD/on/demandware.static/-/Sites-col-master-catalog/default/dw9585f7e0/images/col/710/7102483-frente.png?sw=280&sh=280,emb. 200 gr,https://www.continente.pt/produto/fiambre-da-perna-extra-fatias-finissimas-continente-7102483.html,frescos,2025-04-21,Continente
Papaia de Avião,2076576,3.59,"€2,15/un",Continente,Frescos/Frutas/Uvas e Tropicais,https://www.continente.pt/dw/image/v2/BDVS_PRD/on/demandware.static/-/Sites-col-master-catalog/default/dwecd8d546/images/col/207/2076576-frente.jpg?sw=280&sh=280,Quant. Mínima = 600 gr (1 un),https://www.continente.pt/produto/papaia-de-aviao-continente-2076576.html,frescos,2025-04-21,Continente
Pão de Leite,6367767,2.69,"€7,69/kg",Continente,Frescos/Padaria e Pastelaria/Croissants e Pães de Leite,https://www.continente.pt/dw/image/v2/BDVS_PRD/on/demandware.static/-/Sites-col-master-catalog/default/dwabbcc93e/images/col/636/6367767-frente.jpg?sw=280&sh=280,emb. 350 gr (10 un),https://www.continente.pt/produto/pao-de-leite-continente-6367767.html,frescos,2025-04-21,Continente
Filetes de Robalo Fresco,7530198,2.49,"€20,75/kg",,"Frescos/Peixaria/Filetes, Lombos e Postas/Fresco",https://www.continente.pt/dw/image/v2/BDVS_PRD/on/demandware.static/-/Sites-col-master-catalog/default/dwf2dee338/images/col/753/7530198-esquerdo.jpg?sw=280&sh=280,Quant. Mínima = 240 gr (2 un),https://www.continente.pt/produto/filetes-de-robalo-fresco-7530198.html,frescos,2025-04-21,Continente
Tomate Redondo,2076841,2.29,"€0,69/un",Continente,"Frescos/Legumes/Alface, Tomate, Pepino e Pimento",https://www.continente.pt/dw/image/v2/BDVS_PRD/on/demandware.static/-/Sites-col-master-catalog/default/dwf85534f7/images/col/207/2076841-frente.jpg?sw=280&sh=280,Quant. Mínima = 900 gr (3 un),https://www.continente.pt/produto/tomate-redondo-continente-2076841.html,frescos,2025-04-21,Continente
Filetes de Dourada Fresca,7530187,2.49,"€20,75/kg",,"Frescos/Peixaria/Filetes, Lombos e Postas/Fresco",https://www.continente.pt/dw/image/v2/BDVS_PRD/on/demandware.static/-/Sites-col-master-catalog/default/dweb4fd42f/images/col/753/7530187-esquerdo.jpg?sw=280&sh=280,Quant. Mínima = 240 gr (2 un),https://www.continente.pt/produto/filetes-de-dourada-fresca-7530187.html,frescos,2025-04-21,Continente
Uva Rosada ou Preta sem Grainha,7853374,2.99,"€5,98/kg",Continente,Frescos/Frutas/Uvas e Tropicais,https://www.continente.pt/dw/image/v2/BDVS_PRD/on/demandware.static/-/Sites-col-master-catalog/default/dwe9ad0e98/images/col/785/7853374-frente.jpg?sw=280&sh=280,emb. 500 gr,https://www.continente.pt/produto/uva-rosada-ou-preta-sem-grainha-continente-7853374.html,frescos,2025-04-21,Continente
Miolo de Camarão 80/100 Ultracongelado,4750959,3.79,"€15,16/kg",Continente,Frescos/Peixaria/Marisco/Congelado,https://www.continente.pt/dw/image/v2/BDVS_PRD/on/demandware.static/-/Sites-col-master-catalog/default/dwefe74a89/images/col/475/4750959-frente.jpg?sw=280&sh=280,emb. 250 gr,https://www.continente.pt/produto/miolo-de-camarao-80-100-ultracongelado-continente-4750959.html,frescos,2025-04-21,Continente
Hambúrguer de Bovino com Picanha,6245680,7.29,"€15,19/kg",Continente,"Frescos/Talho/Novilho, Vitela e Vitelão",https://www.continente.pt/dw/image/v2/BDVS_PRD/on/demandware.static/-/Sites-col-master-catalog/default/dw41592be0/images/col/624/6245680_topshot.jpg?sw=280&sh=280,4 un x 120 gr (480 gr),https://www.continente.pt/produto/hamburguer-de-bovino-com-picanha-continente-6245680.html,frescos,2025-04-21,Continente
Queijo Fresco Cottage Magro,7621913,1.99,"€11,06/kg",Matinal,"Frescos/Queijos/Fresco, Requeijão e Mozzarella",https://www.continente.pt/dw/image/v2/BDVS_PRD/on/demandware.static/-/Sites-col-master-catalog/default/dwd239870a/images/col/762/7621913-frente.jpg?sw=280&sh=280,emb. 180 gr,https://www.continente.pt/produto/queijo-fresco-cottage-magro-matinal-7621913.html,frescos,2025-04-21,Continente
Pimento Vermelho,2076826,3.49,"€1,22/un",Continente,"Frescos/Legumes/Alface, Tomate, Pepino e Pimento",https://www.continente.pt/dw/image/v2/BDVS_PRD/on/demandware.static/-/Sites-col-master-catalog/default/dwad8ece1b/images/col/207/2076826-frente.jpg?sw=280&sh=280,Quant. Mínima = 350 gr (1 un),https://www.continente.pt/produto/pimento-vermelho-continente-2076826.html,frescos,2025-04-21,Continente
Queijo Mozzarella Ralado para Pizza,8094510,3.49,"€8,73/kg",Continente,Frescos/Queijos/Ralado,https://www.continente.pt/dw/image/v2/BDVS_PRD/on/demandware.static/-/Sites-col-master-catalog/default/dw321feca7/images/col/761/7611747-frente.jpg?sw=280&sh=280,2 un x 200 gr (400 gr),https://www.continente.pt/produto/queijo-mozzarella-ralado-para-pizza-continente-8094510.html,frescos,2025-04-21,Continente
Pão de Forma sem Côdea,6246547,2.14,"€3,29/kg",Bimbo,Frescos/Padaria e Pastelaria/Pão de Forma e Embalado,https://www.continente.pt/dw/image/v2/BDVS_PRD/on/demandware.static/-/Sites-col-master-catalog/default/dwd5b70e28/images/col/624/6246547-frente.jpg?sw=280&sh=280,emb. 650 gr,https://www.continente.pt/produto/pao-de-forma-sem-codea-bimbo-6246547.html,frescos,2025-04-21,Continente
Alface Frisada,2647366,1.49,"€0,70/un",Continente,"Frescos/Legumes/Alface, Tomate, Pepino e Pimento",https://www.continente.pt/dw/image/v2/BDVS_PRD/on/demandware.static/-/Sites-col-master-catalog/default/dw932fed5e/images/col/264/2647366-frente.jpg?sw=280&sh=280,Quant. Mínima = 470 gr (1 un),https://www.continente.pt/produto/alface-frisada-continente-2647366.html,frescos,2025-04-21,Continente
Coxas de Frango,7069743,4.59,"€5,05/un",Continente,Frescos/Talho/Frango e Peru,https://www.continente.pt/dw/image/v2/BDVS_PRD/on/demandware.static/-/Sites-col-master-catalog/default/dwafdfe56b/images/col/706/7069743-frente.jpg?sw=280&sh=280,"emb. 1,1 kg (aprox.)",https://www.continente.pt/produto/coxas-de-frango-continente-7069743.html,frescos,2025-04-21,Continente
Pera Rocha DOP Oeste,7036485,1.79,"€2,42/un",Continente,"Frescos/Frutas/Banana, Maçã e Pera",https://www.continente.pt/dw/image/v2/BDVS_PRD/on/demandware.static/-/Sites-col-master-catalog/default/dwfa5bc523/images/col/703/7036485-frente.png?sw=280&sh=280,"emb. 1,35 kg",https://www.continente.pt/produto/pera-rocha-dop-oeste-continente-7036485.html,frescos,2025-04-21,Continente
Bifes de Frango Extrafino,7069726,8.99,"€4,94/un",Continente,Frescos/Talho/Frango e Peru,https://www.continente.pt/dw/image/v2/BDVS_PRD/on/demandware.static/-/Sites-col-master-catalog/default/dw70244890/images/col/706/7069726-frente.jpg?sw=280&sh=280,emb. 550 gr (aprox.),https://www.continente.pt/produto/bifes-de-frango-extrafino-continente-7069726.html,frescos,2025-04-21,Continente
Tomate Cherry Vermelho,5813805,1.49,"€5,96/kg",Continente,"Frescos/Legumes/Alface, Tomate, Pepino e Pimento",https://www.continente.pt/dw/image/v2/BDVS_PRD/on/demandware.static/-/Sites-col-master-catalog/default/dwdf0c9999/images/col/581/5813805-frente.jpg?sw=280&sh=280,emb. 250 gr,https://www.continente.pt/produto/tomate-cherry-vermelho-continente-5813805.html,frescos,2025-04-21,Continente
Queijo Mozzarella Ralado para Pizza -30% Gordura,7739428,1.49,"€9,93/kg",Continente Equilíbrio,Frescos/Queijos/Ralado,https://www.continente.pt/dw/image/v2/BDVS_PRD/on/demandware.static/-/Sites-col-master-catalog/default/dw56fc4abe/images/col/773/7739428-cima.jpg?sw=280&sh=280,emb. 150 gr,https://www.continente.pt/produto/queijo-mozzarella-ralado-para-pizza--30--gordura-continente-equilibrio-7739428.html,frescos,2025-04-21,Continente
Frango Inteiro,4234958,2.29,"€3,89/un",Continente,Frescos/Talho/Frango e Peru,https://www.continente.pt/dw/image/v2/BDVS_PRD/on/demandware.static/-/Sites-col-master-catalog/default/dw05ece0c2/images/col/423/4234958-frente.jpg?sw=280&sh=280,"emb. 1,7 kg (aprox.)",https://www.continente.pt/produto/frango-inteiro-continente-4234958.html,frescos,2025-04-21,Continente
Maçã IGP Alcobaça Kid Resíduo Zero,7683301,1.29,"€1,61/kg",Continente,"Frescos/Frutas/Banana, Maçã e Pera",https://www.continente.pt/dw/image/v2/BDVS_PRD/on/demandware.static/-/Sites-col-master-catalog/default/dw94587d16/images/col/768/7683301-topshot.png?sw=280&sh=280,emb. 800 gr,https://www.continente.pt/produto/maca-igp-alcobaca-kid-residuo-zero-continente-7683301.html,frescos,2025-04-21,Continente
Tofu Biológico,7103466,1.99,"€4,98/kg",Continente Bio,"Bio e Saudável/Biológicos/Peixaria, Talho e Alternativas",https://www.continente.pt/dw/image/v2/BDVS_PRD/on/demandware.static/-/Sites-col-master-catalog/default/dw2f14a399/images/col/710/7103466-frente.jpg?sw=280&sh=280,emb. 400 gr,https://www.continente.pt/produto/tofu-biologico-continente-bio-7103466.html,frescos,2025-04-21,Continente
Pera Conference,3067675,2.49,"€0,62/un",Continente,"Frescos/Frutas/Banana, Maçã e Pera",https://www.continente.pt/dw/image/v2/BDVS_PRD/on/demandware.static/-/Sites-col-master-catalog/default/dw19c1ca03/images/col/306/3067675-frente.jpg?sw=280&sh=280,Quant. Mínima = 750 gr (3 un),https://www.continente.pt/produto/pera-conference-continente-3067675.html,frescos,2025-04-21,Continente
Queijo Flamengo Light Fatiado,4781831,4.29,"€9,53/kg",Continente Equilíbrio,Frescos/Queijos/Fatiado e Bolas,https://www.continente.pt/dw/image/v2/BDVS_PRD/on/demandware.static/-/Sites-col-master-catalog/default/dw36af67bb/images/col/478/4781831-cima.jpg?sw=280&sh=280,2 un x 225 gr (450 gr),https://www.continente.pt/produto/queijo-flamengo-light-fatiado-continente-equilibrio-4781831.html,frescos,2025-04-21,Continente
Queijo Mozzarella Ralado para Pizza,8036907,1.89,"€9,45/kg",Continente,Frescos/Queijos/Ralado,https://www.continente.pt/dw/image/v2/BDVS_PRD/on/demandware.static/-/Sites-col-master-catalog/default/dwec59740a/images/col/803/8036907-frente.jpg?sw=280&sh=280,emb. 200 gr,https://www.continente.pt/produto/queijo-mozzarella-ralado-para-pizza-continente-8036907.html,frescos,2025-04-21,Continente
Cebola Zero Desperdício,3618608,2.29,"€1,15/kg",Continente,"Frescos/Legumes/Cebola, Alho e Nabo",https://www.continente.pt/dw/image/v2/BDVS_PRD/on/demandware.static/-/Sites-col-master-catalog/default/dw3754bce2/images/col/361/3618608-frente.jpg?sw=280&sh=280,emb. 2 kg,https://www.continente.pt/produto/cebola-zero-desperdicio-continente-3618608.html,frescos,2025-04-21,Continente
Fiambre de Peito de Frango,7310431,1.99,"€13,27/kg",Continente,"Frescos/Charcutaria/Fiambre, Mortadela e Salame/Fiambre de Aves",https://www.continente.pt/dw/image/v2/BDVS_PRD/on/demandware.static/-/Sites-col-master-catalog/default/dwdeeb50c6/images/col/731/7310431-frente.jpg?sw=280&sh=280,emb. 150 gr,https://www.continente.pt/produto/fiambre-de-peito-de-frango-continente-7310431.html,frescos,2025-04-21,Continente
Queijo Mozzarella,6249460,0.99,"€7,92/kg",Continente,"Frescos/Queijos/Fresco, Requeijão e Mozzarella",https://www.continente.pt/dw/image/v2/BDVS_PRD/on/demandware.static/-/Sites-col-master-catalog/default/dweab91bc9/images/col/624/6249460-frente.jpg?sw=280&sh=280,emb. 125 gr,https://www.continente.pt/produto/queijo-mozzarella-continente-6249460.html,frescos,2025-04-21,Continente
Tomate Cherry Trimix,5704687,1.49,"€5,96/kg",Continente,"Frescos/Legumes/Alface, Tomate, Pepino e Pimento",https://www.continente.pt/dw/image/v2/BDVS_PRD/on/demandware.static/-/Sites-col-master-catalog/default/dw52f876cf/images/col/570/5704687-frente.jpg?sw=280&sh=280,emb. 250 gr,https://www.continente.pt/produto/tomate-cherry-trimix-continente-5704687.html,frescos,2025-04-21,Continente
Nabo sem Rama,2076812,1.99,"€0,62/un",Continente,"Frescos/Legumes/Cebola, Alho e Nabo",https://www.continente.pt/dw/image/v2/BDVS_PRD/on/demandware.static/-/Sites-col-master-catalog/default/dwffacdb6f/images/col/207/2076812-frente-fatiado.jpg?sw=280&sh=280,Quant. Mínima = 620 gr (2 un),https://www.continente.pt/produto/nabo-sem-rama-continente-2076812.html,frescos,2025-04-21,Continente
Pão de Queijo,7446837,0.23,"€10,45/kg",,Frescos/Padaria e Pastelaria/Pastelaria Sortida,https://www.continente.pt/dw/image/v2/BDVS_PRD/on/demandware.static/-/Sites-col-master-catalog/default/dw1f50b8ba/images/col/744/7446837-amb.jpg?sw=280&sh=280,Quant. Mínima = 6 un (135 gr),https://www.continente.pt/produto/pao-de-queijo-7446837.html,frescos,2025-04-21,Continente
Lombos de Bacalhau da Noruega MSC Demolhado Ultracongelado,7291113,14.49,"€18,11/kg",Continente,Frescos/Peixaria/Bacalhau/Congelado,https://www.continente.pt/dw/image/v2/BDVS_PRD/on/demandware.static/-/Sites-col-master-catalog/default/dw287aec2f/images/col/729/7291113-frente.jpg?sw=280&sh=280,emb. 800 gr,https://www.continente.pt/produto/lombos-de-bacalhau-da-noruega-msc-demolhado-ultracongelado-continente-7291113.html,frescos,2025-04-21,Continente
Feijão Verde,3835925,2.99,"€5,98/kg",Continente,"Frescos/Legumes/Curgete, Beringela e Feijão Verde",https://www.continente.pt/dw/image/v2/BDVS_PRD/on/demandware.static/-/Sites-col-master-catalog/default/dw59e6c42f/images/col/383/3835925-cima.jpg?sw=280&sh=280,emb. 500 gr,https://www.continente.pt/produto/feijao-verde-continente-3835925.html,frescos,2025-04-21,Continente
Bacalhau à Brás,7785223,12.79,"€3,20/un",Cozinha Continente,Frescos/Take Away/Refeições Prontas/Peixe e Marisco,https://www.continente.pt/dw/image/v2/BDVS_PRD/on/demandware.static/-/Sites-col-master-catalog/default/dw7889c255/images/col/778/7785223-amb-sala.jpg?sw=280&sh=280,Quant. Mínima = 250 gr,https://www.continente.pt/produto/bacalhau-a-bras-cozinha-continente-7785223.html,frescos,2025-04-21,Continente
Cebola Nova,5063153,1.49,"€0,31/un",Continente,"Frescos/Legumes/Cebola, Alho e Nabo",https://www.continente.pt/dw/image/v2/BDVS_PRD/on/demandware.static/-/Sites-col-master-catalog/default/dwc8216219/images/col/506/5063153-cima.jpg?sw=280&sh=280,Quant. Mínima = 630 gr (3 un),https://www.continente.pt/produto/cebola-nova-continente-5063153.html,frescos,2025-04-21,Continente
Salada Ibéria,3606266,1.39,"€9,27/kg",Continente,"Frescos/Legumes/Saladas, Sopas e Salteados",https://www.continente.pt/dw/image/v2/BDVS_PRD/on/demandware.static/-/Sites-col-master-catalog/default/dw7365bc70/images/col/360/3606266-frente.jpg?sw=280&sh=280,emb. 150 gr (3 doses),https://www.continente.pt/produto/salada-iberia-continente-3606266.html,frescos,2025-04-21,Continente
Fiambre da Perna Extra Fatiado,7102481,1.79,"€8,95/kg",Continente,"Frescos/Charcutaria/Fiambre, Mortadela e Salame/Fiambre de Porco",https://www.continente.pt/dw/image/v2/BDVS_PRD/on/demandware.static/-/Sites-col-master-catalog/default/dwd21c5a42/images/col/710/7102481-frente.png?sw=280&sh=280,emb. 200 gr,https://www.continente.pt/produto/fiambre-da-perna-extra-fatiado-continente-7102481.html,frescos,2025-04-21,Continente
Hambúrguer 100% Carne de Novilho Angus,7082480,4.99,"€16,63/kg",Continente Seleção,"Frescos/Talho/Novilho, Vitela e Vitelão",https://www.continente.pt/dw/image/v2/BDVS_PRD/on/demandware.static/-/Sites-col-master-catalog/default/dw8b99d889/images/col/708/7082480-frente.jpg?sw=280&sh=280,2 un x 150 gr (300 gr),https://www.continente.pt/produto/hamburguer-100--carne-de-novilho-angus-continente-selecao-7082480.html,frescos,2025-04-21,Continente
Abacaxi Super Sweet,6891575,1.49,"€3,28/un",Continente,Frescos/Frutas/Uvas e Tropicais,https://www.continente.pt/dw/image/v2/BDVS_PRD/on/demandware.static/-/Sites-col-master-catalog/default/dw982f83d1/images/col/689/6891575-frente.png?sw=280&sh=280,"Quant. Mínima = 2,2 kg (1 un)",https://www.continente.pt/produto/abacaxi-super-sweet-continente-6891575.html,frescos,2025-04-21,Continente
Bacon Fumado Tiras,5242937,2.99,"€11,96/kg",Continente,Frescos/Charcutaria/Bacon e Fumados,https://www.continente.pt/dw/image/v2/BDVS_PRD/on/demandware.static/-/Sites-col-master-catalog/default/dw6e3cc356/images/col/524/5242937-frente-fora-embalagem.jpg?sw=280&sh=280,2 un x 125 gr (250 gr),https://www.continente.pt/produto/bacon-fumado-tiras-continente-5242937.html,frescos,2025-04-21,Continente
Postas do Lombo de Bacalhau 9 Meses de Cura MSC Ultracongelado,8113566,11.69,"€23,38/kg",Riberalves,Frescos/Peixaria/Bacalhau/Congelado,https://www.continente.pt/dw/image/v2/BDVS_PRD/on/demandware.static/-/Sites-col-master-catalog/default/dw2f9171b9/images/col/811/8113566-frente.jpg?sw=280&sh=280,emb. 500 gr,https://www.continente.pt/produto/postas-do-lombo-de-bacalhau-9-meses-de-cura-msc-ultracongelado-riberalves-8113566.html,frescos,2025-04-21,Continente
Preparado de Carne Picada Mista,7993967,8.49,"€9,43/kg",Continente,Frescos/Talho/Pronto a Cozinhar,https://www.continente.pt/dw/image/v2/BDVS_PRD/on/demandware.static/-/Sites-col-master-catalog/default/dwf5e3b0c6/images/col/799/7993967-topshot.jpg?sw=280&sh=280,emb. 900 gr,https://www.continente.pt/produto/preparado-de-carne-picada-mista-continente-7993967.html,frescos,2025-04-21,Continente
Perninhas de Frango,7069741,4.79,"€4,31/un",Continente,Frescos/Talho/Frango e Peru,https://www.continente.pt/dw/image/v2/BDVS_PRD/on/demandware.static/-/Sites-col-master-catalog/default/dw62cdeab0/images/col/706/7069741-cima.jpg?sw=280&sh=280,emb. 900 gr (aprox.),https://www.continente.pt/produto/perninhas-de-frango-continente-7069741.html,frescos,2025-04-21,Continente
Queijo Feta DOP,7830469,2.09,"€13,93/kg",Continente,Frescos/Queijos/Queijos do Mundo,https://www.continente.pt/dw/image/v2/BDVS_PRD/on/demandware.static/-/Sites-col-master-catalog/default/dw30596d6c/images/col/783/7830469-cima.jpg?sw=280&sh=280,emb. 150 gr,https://www.continente.pt/produto/queijo-feta-dop-continente-7830469.html,frescos,2025-04-21,Continente
Laranja Zero Desperdício,7998103,3.57,"€1,19/kg",Continente,"Frescos/Frutas/Laranja, Clementina e Limão",https://www.continente.pt/dw/image/v2/BDVS_PRD/on/demandware.static/-/Sites-col-master-catalog/default/dwe2d8d312/images/col/799/7998103-frente.jpg?sw=280&sh=280,emb. 3 kg,https://www.continente.pt/produto/laranja-zero-desperdicio-continente-7998103.html,frescos,2025-04-21,Continente
Medalhões de Salmão Ultracongelado,7656035,12.49,"€31,22/kg",Pescanova,"Frescos/Peixaria/Filetes, Lombos e Postas/Congelado",https://www.continente.pt/dw/image/v2/BDVS_PRD/on/demandware.static/-/Sites-col-master-catalog/default/dw90e92b44/images/col/765/7656035-frente.jpg?sw=280&sh=280,emb. 400 gr,https://www.continente.pt/produto/medalhoes-de-salmao-ultracongelado-pescanova-7656035.html,frescos,2025-04-21,Continente
Queijo Fundido Palitos,2237563,1.99,"€14,21/kg",A Vaca que ri,Frescos/Queijos/Snacks e Barrar,https://www.continente.pt/dw/image/v2/BDVS_PRD/on/demandware.static/-/Sites-col-master-catalog/default/dwde474aa1/images/col/223/2237563-frente.jpg?sw=280&sh=280,emb. 140 gr,https://www.continente.pt/produto/queijo-fundido-palitos-a-vaca-que-ri-2237563.html,frescos,2025-04-21,Continente
Queijo Parmigiano Reggiano Ralado,5013557,2.1,"€35,00/kg",Parmareggio,Frescos/Queijos/Ralado,https://www.continente.pt/dw/image/v2/BDVS_PRD/on/demandware.static/-/Sites-col-master-catalog/default/dw389bd281/images/col/501/5013557-frente.jpg?sw=280&sh=280,emb. 60 gr,https://www.continente.pt/produto/queijo-parmigiano-reggiano-ralado-parmareggio-5013557.html,frescos,2025-04-21,Continente
Abóbora Cubos,6517122,1.49,"€2,48/kg",Continente,"Frescos/Legumes/Cenoura, Abóbora e Beterraba",https://www.continente.pt/dw/image/v2/BDVS_PRD/on/demandware.static/-/Sites-col-master-catalog/default/dw4d67cb2d/images/col/651/6517122-cima.jpg?sw=280&sh=280,emb. 600 gr,https://www.continente.pt/produto/abobora-cubos-continente-6517122.html,frescos,2025-04-21,Continente
Hambúrguer 100% Carne de Bovino Angus Chakall Congelado,7325792,7.99,"€12,48/kg",Prime Meat,Frescos/Talho/Pronto a Cozinhar,https://www.continente.pt/dw/image/v2/BDVS_PRD/on/demandware.static/-/Sites-col-master-catalog/default/dw38e347c5/images/col/732/7325792-frente.jpg?sw=280&sh=280,4 un x 160 gr (640 gr),https://www.continente.pt/produto/hamburguer-100--carne-de-bovino-angus-chakall-congelado-prime-meat-7325792.html,frescos,2025-04-21,Continente
Jardineira de Novilho Balcão,7530498,12.99,"€7,79/un",Angus,"Frescos/Talho/Novilho, Vitela e Vitelão",https://www.continente.pt/dw/image/v2/BDVS_PRD/on/demandware.static/-/Sites-col-master-catalog/default/dwdea5bad1/images/col/753/7530498-frente.jpg?sw=280&sh=280,Quant. Mínima = 600 gr,https://www.continente.pt/produto/jardineira-de-novilho-balcao-angus-7530498.html,frescos,2025-04-21,Continente
Salada Camponesa,4513221,1.39,"€5,56/kg",Continente,"Frescos/Legumes/Saladas, Sopas e Salteados",https://www.continente.pt/dw/image/v2/BDVS_PRD/on/demandware.static/-/Sites-col-master-catalog/default/dw48de2a2a/images/col/451/4513221-frente.jpg?sw=280&sh=280,emb. 250gr (5 doses),https://www.continente.pt/produto/salada-camponesa-continente-4513221.html,frescos,2025-04-21,Continente
Pão Padeira,7649357,0.7,"€1,75/kg",,Frescos/Padaria e Pastelaria/Pão do Dia e Broa,https://www.continente.pt/dw/image/v2/BDVS_PRD/on/demandware.static/-/Sites-col-master-catalog/default/dw370ad135/images/col/764/7649357-cima-acessorio.png?sw=280&sh=280,emb. 400 gr (1 un),https://www.continente.pt/produto/pao-padeira-7649357.html,frescos,2025-04-21,Continente
Chapata de Cereais,7371799,0.39,"€4,88/kg",,Frescos/Padaria e Pastelaria/Pão do Dia e Broa,https://www.continente.pt/dw/image/v2/BDVS_PRD/on/demandware.static/-/Sites-col-master-catalog/default/dwdde28aa2/images/col/737/7371799-cima.png?sw=280&sh=280,Quant. Mínima = 2 un (180 gr),https://www.continente.pt/produto/chapata-de-cereais-7371799.html,frescos,2025-04-21,Continente
Queijo Brie,6770911,1.75,"€8,75/kg",Continente,Frescos/Queijos/Queijos do Mundo,https://www.continente.pt/dw/image/v2/BDVS_PRD/on/demandware.static/-/Sites-col-master-catalog/default/dw15fe8337/images/col/677/6770911-frente.jpg?sw=280&sh=280,emb. 200 gr,https://www.continente.pt/produto/queijo-brie-continente-6770911.html,frescos,2025-04-21,Continente
Couve Coração Resíduo Zero,8208578,1.29,"€1,61/un",Continente,"Frescos/Legumes/Couves, Brócolos e Espinafres",https://www.continente.pt/dw/image/v2/BDVS_PRD/on/demandware.static/-/Sites-col-master-catalog/default/dwf5c27ec2/images/col/820/8208578-hero.jpg?sw=280&sh=280,"Quant. Mínima = 1,25 kg (1 un)",https://www.continente.pt/produto/couve-coracao-residuo-zero-continente-8208578.html,frescos,2025-04-21,Continente
Dourada Grande Fresca,2147601,8.99,"€6,29/un",,Frescos/Peixaria/Peixe Fresco,https://www.continente.pt/dw/image/v2/BDVS_PRD/on/demandware.static/-/Sites-col-master-catalog/default/dw32db82df/images/col/214/2147601-cima.jpg?sw=280&sh=280,Quant. Mínima = 700 gr (1 un),https://www.continente.pt/produto/dourada-grande-fresca-2147601.html,frescos,2025-04-21,Continente
Costeletas do Cachaço de Porco,5182090,4.99,"€3,24/un",Continente,Frescos/Talho/Porco,https://www.continente.pt/dw/image/v2/BDVS_PRD/on/demandware.static/-/Sites-col-master-catalog/default/dw814c6b11/images/col/518/5182090-topshot.jpg?sw=280&sh=280,emb. 650 gr (aprox.),https://www.continente.pt/produto/costeletas-do-cachaco-de-porco-continente-5182090.html,frescos,2025-04-21,Continente
Pão de Centeio Serra da Estrela Fatiado,2960790,1.79,"€3,98/kg",Museu do Pão,Frescos/Padaria e Pastelaria/Pão de Forma e Embalado,https://www.continente.pt/dw/image/v2/BDVS_PRD/on/demandware.static/-/Sites-col-master-catalog/default/dw3ddd3b86/images/col/296/2960790-frente.jpg?sw=280&sh=280,emb. 450 gr,https://www.continente.pt/produto/pao-de-centeio-serra-da-estrela-fatiado-museu-do-pao-2960790.html,frescos,2025-04-21,Continente
Almôndegas de Bovino Pack Poupança,7744076,10.99,"€12,21/kg",Continente Fácil & Bom,"Frescos/Talho/Novilho, Vitela e Vitelão",https://www.continente.pt/dw/image/v2/BDVS_PRD/on/demandware.static/-/Sites-col-master-catalog/default/dwbeb09276/images/col/774/7744076-cima.jpg?sw=280&sh=280,emb. 720 gr + 180 gr GRÁTIS,https://www.continente.pt/produto/almondegas-de-bovino-pack-poupanca-continente-facil-bom-7744076.html,frescos,2025-04-21,Continente
Curgete Biológica,7380497,2.69,"€5,38/kg",Continente Bio,"Frescos/Legumes/Curgete, Beringela e Feijão Verde",https://www.continente.pt/dw/image/v2/BDVS_PRD/on/demandware.static/-/Sites-col-master-catalog/default/dw90d7aa97/images/col/738/7380497-frente.jpg?sw=280&sh=280,emb. 500 gr,https://www.continente.pt/produto/curgete-biologica-continente-bio-7380497.html,frescos,2025-04-21,Continente
Caju Cru,8114848,2.69,"€13,45/kg",Continente,"Frescos/Frutas/Frutos Secos, Desidratados e Sementes/Frutos Secos",https://www.continente.pt/dw/image/v2/BDVS_PRD/on/demandware.static/-/Sites-col-master-catalog/default/dw885671d9/images/col/811/8114848-frente.png?sw=280&sh=280,emb. 200 gr,https://www.continente.pt/produto/caju-cru-continente-8114848.html,frescos,2025-04-21,Continente
Queijo Fundido Light Porções,7708156,3.79,"€10,11/kg",A Vaca que ri,Frescos/Queijos/Snacks e Barrar,https://www.continente.pt/dw/image/v2/BDVS_PRD/on/demandware.static/-/Sites-col-master-catalog/default/dwea68a52e/images/col/770/7708156-frente.png?sw=280&sh=280,24 un (375 gr),https://www.continente.pt/produto/queijo-fundido-light-porcoes-a-vaca-que-ri-7708156.html,frescos,2025-04-21,Continente
Preparado de Carne Picada de Bovino Angus,7723930,4.99,"€12,48/kg",Continente Seleção,"Frescos/Talho/Novilho, Vitela e Vitelão",https://www.continente.pt/dw/image/v2/BDVS_PRD/on/demandware.static/-/Sites-col-master-catalog/default/dwe1f65342/images/col/772/7723930-cima.jpg?sw=280&sh=280,emb. 400 gr,https://www.continente.pt/produto/preparado-de-carne-picada-de-bovino-angus-continente-selecao-7723930.html,frescos,2025-04-21,Continente
Queijo Burrata de Búfala,6824038,1.97,"€15,76/kg",Continente Seleção,"Frescos/Queijos/Fresco, Requeijão e Mozzarella",https://www.continente.pt/dw/image/v2/BDVS_PRD/on/demandware.static/-/Sites-col-master-catalog/default/dw90b9c040/images/col/682/6824038-topshot.jpg?sw=280&sh=280,emb. 125 gr,https://www.continente.pt/produto/queijo-burrata-de-bufala-continente-selecao-6824038.html,frescos,2025-04-21,Continente
Limão Zero Desperdício,2669174,1.79,"€1,79/kg",Continente,"Frescos/Frutas/Laranja, Clementina e Limão",https://www.continente.pt/dw/image/v2/BDVS_PRD/on/demandware.static/-/Sites-col-master-catalog/default/dw6da1f60c/images/col/266/2669174-frente.jpg?sw=280&sh=280,emb. 1 kg,https://www.continente.pt/produto/limao-zero-desperdicio-continente-2669174.html,frescos,2025-04-21,Continente
Queijo Flamengo Ralado para Gratinar,8170352,1.49,"€7,45/kg",Continente,Frescos/Queijos/Ralado,https://www.continente.pt/dw/image/v2/BDVS_PRD/on/demandware.static/-/Sites-col-master-catalog/default/dw125c9633/images/col/817/8170352-frente.jpg?sw=280&sh=280,emb. 200 gr,https://www.continente.pt/produto/queijo-flamengo-ralado-para-gratinar-continente-8170352.html,frescos,2025-04-21,Continente
Abacaxi,2230127,1.19,"€2,74/un",Continente,Frescos/Frutas/Uvas e Tropicais,https://www.continente.pt/dw/image/v2/BDVS_PRD/on/demandware.static/-/Sites-col-master-catalog/default/dw7f6ab300/images/col/223/2230127-frente.jpg?sw=280&sh=280,"Quant. Mínima = 2,3 kg (1 un)",https://www.continente.pt/produto/abacaxi-continente-2230127.html,frescos,2025-04-21,Continente
Bacalhau Desfiado Congelado,7430640,9.99,"€11,75/kg",Pescanova,Frescos/Peixaria/Bacalhau/Congelado,https://www.continente.pt/dw/image/v2/BDVS_PRD/on/demandware.static/-/Sites-col-master-catalog/default/dw99fd60c2/images/col/743/7430640-frente.jpg?sw=280&sh=280,emb. 850 gr,https://www.continente.pt/produto/bacalhau-desfiado-congelado-pescanova-7430640.html,frescos,2025-04-21,Continente
Rojões de Porco,2231360,4.99,"€3,49/un",Continente,Frescos/Talho/Porco,https://www.continente.pt/dw/image/v2/BDVS_PRD/on/demandware.static/-/Sites-col-master-catalog/default/dw68fa9a65/images/col/223/2231360-frente.jpg?sw=280&sh=280,emb. 700 gr (aprox.),https://www.continente.pt/produto/rojoes-de-porco-continente-2231360.html,frescos,2025-04-21,Continente
Batata para Assar,6011910,2.79,"€1,40/kg",Continente,"Frescos/Legumes/Batata, Batata Doce e Mandioca",https://www.continente.pt/dw/image/v2/BDVS_PRD/on/demandware.static/-/Sites-col-master-catalog/default/dw9de0c8d8/images/col/601/6011910-frente.png?sw=280&sh=280,emb. 2 kg,https://www.continente.pt/produto/batata-para-assar-continente-6011910.html,frescos,2025-04-21,Continente
Maçã Golden,7677658,1.19,"€1,19/kg",IGP Alocabaça,"Frescos/Frutas/Banana, Maçã e Pera",https://www.continente.pt/dw/image/v2/BDVS_PRD/on/demandware.static/-/Sites-col-master-catalog/default/dw2bb89c6c/images/col/767/7677658-frente.jpg?sw=280&sh=280,emb. 1 kg,https://www.continente.pt/produto/maca-golden-igp-alocabaca-7677658.html,frescos,2025-04-21,Continente
Pão de Leite,7539987,1.89,"€5,40/kg",Dulcesol,Frescos/Padaria e Pastelaria/Croissants e Pães de Leite,https://www.continente.pt/dw/image/v2/BDVS_PRD/on/demandware.static/-/Sites-col-master-catalog/default/dwd00e8d03/images/col/753/7539987-frente.jpg?sw=280&sh=280,emb. 350 gr (10 un),https://www.continente.pt/produto/pao-de-leite-dulcesol-7539987.html,frescos,2025-04-21,Continente
Húmus Clássico,7156651,1.99,"€11,06/kg",Cozinha Continente,Frescos/Take Away/Grab&Go/Pastas e Dips,https://www.continente.pt/dw/image/v2/BDVS_PRD/on/demandware.static/-/Sites-col-master-catalog/default/dwf92eecf2/images/col/715/7156651-frente.jpg?sw=280&sh=280,emb. 180 gr,https://www.continente.pt/produto/humus-classico-cozinha-continente-7156651.html,frescos,2025-04-21,Continente
Alho Francês,2076696,2.69,"€1,21/un",Continente,"Frescos/Legumes/Cebola, Alho e Nabo",https://www.continente.pt/dw/image/v2/BDVS_PRD/on/demandware.static/-/Sites-col-master-catalog/default/dw851e0aa0/images/col/207/2076696-cima.jpg?sw=280&sh=280,Quant. Mínima = 420 gr (1 un),https://www.continente.pt/produto/alho-frances-continente-2076696.html,frescos,2025-04-21,Continente
Massa Folhada Retangular,5184892,1.35,"€3,60/kg",Continente,Frescos/Padaria e Pastelaria/Massas para Culinária,https://www.continente.pt/dw/image/v2/BDVS_PRD/on/demandware.static/-/Sites-col-master-catalog/default/dw85a582b6/images/col/518/5184892-frente.jpg?sw=280&sh=280,emb. 375 gr,https://www.continente.pt/produto/massa-folhada-retangular-continente-5184892.html,frescos,2025-04-21,Continente
Azeitona Verde Descaroçada,7571658,1.29,"€7,82/kg",Continente,Frescos/Legumes/Tremoços e Azeitonas,https://www.continente.pt/dw/image/v2/BDVS_PRD/on/demandware.static/-/Sites-col-master-catalog/default/dwdaf5e383/images/col/757/7571658-frente.jpg?sw=280&sh=280,emb. 165 gr,https://www.continente.pt/produto/azeitona-verde-descarocada-continente-7571658.html,frescos,2025-04-21,Continente
Queijo Fresco,2112706,0.79,"€9,88/kg",Santiago,"Frescos/Queijos/Fresco, Requeijão e Mozzarella",https://www.continente.pt/dw/image/v2/BDVS_PRD/on/demandware.static/-/Sites-col-master-catalog/default/dw605ca8eb/images/col/211/2112706-frente.jpg?sw=280&sh=280,emb. 80 gr,https://www.continente.pt/produto/queijo-fresco-santiago-2112706.html,frescos,2025-04-21,Continente
Queijo Edam Fatiado,7455030,1.68,"€8,40/kg",Continente,Frescos/Queijos/Fatiado e Bolas,https://www.continente.pt/dw/image/v2/BDVS_PRD/on/demandware.static/-/Sites-col-master-catalog/default/dw17851ec6/images/col/745/7455030-frente.jpg?sw=280&sh=280,emb. 200 gr,https://www.continente.pt/produto/queijo-edam-fatiado-continente-7455030.html,frescos,2025-04-21,Continente
Miolo de Camarão Gigante 15/30 Ultracongelado,4490751,6.99,"€27,96/kg",Pescanova,Frescos/Peixaria/Marisco/Congelado,https://www.continente.pt/dw/image/v2/BDVS_PRD/on/demandware.static/-/Sites-col-master-catalog/default/dw5f2a7371/images/col/449/4490751-frente.png?sw=280&sh=280,emb. 250 gr,https://www.continente.pt/produto/miolo-de-camarao-gigante-15-30-ultracongelado-pescanova-4490751.html,frescos,2025-04-21,Continente
Batata Vermelha,7577954,4.99,"€1,00/kg",Continente,"Frescos/Legumes/Batata, Batata Doce e Mandioca",https://www.continente.pt/dw/image/v2/BDVS_PRD/on/demandware.static/-/Sites-col-master-catalog/default/dwf14148af/images/col/757/7577954-frente.jpg?sw=280&sh=280,emb. 5 kg,https://www.continente.pt/produto/batata-vermelha-continente-7577954.html,frescos,2025-04-21,Continente
Sopa de Grão com Espinafres,5469856,1.69,"€4,23/kg",Cozinha Continente,Frescos/Take Away/Sopas/Tradicionais,https://www.continente.pt/dw/image/v2/BDVS_PRD/on/demandware.static/-/Sites-col-master-catalog/default/dw95c4685a/images/col/546/5469856-topshot.jpg?sw=280&sh=280,emb. 400 gr,https://www.continente.pt/produto/sopa-de-grao-com-espinafres-cozinha-continente-5469856.html,frescos,2025-04-21,Continente
Creme de Cenoura,5119481,2.49,"€3,11/kg",Cozinha Continente,Frescos/Take Away/Sopas/Tradicionais,https://www.continente.pt/dw/image/v2/BDVS_PRD/on/demandware.static/-/Sites-col-master-catalog/default/dw5e8745c7/images/col/511/5119481-topshot.jpg?sw=280&sh=280,emb. 800 gr,https://www.continente.pt/produto/creme-de-cenoura-cozinha-continente-5119481.html,frescos,2025-04-21,Continente
Cebola Biológica,7382396,1.99,"€2,65/kg",Continente Bio,"Frescos/Legumes/Cebola, Alho e Nabo",https://www.continente.pt/dw/image/v2/BDVS_PRD/on/demandware.static/-/Sites-col-master-catalog/default/dwbf5c6e07/images/col/738/7382396-frente.jpg?sw=280&sh=280,emb. 750 gr,https://www.continente.pt/produto/cebola-biologica-continente-bio-7382396.html,frescos,2025-04-21,Continente
Queijo de Cabra Curado Fatiado,5131213,2.19,"€14,60/kg",Continente,Frescos/Queijos/Fatiado e Bolas,https://www.continente.pt/dw/image/v2/BDVS_PRD/on/demandware.static/-/Sites-col-master-catalog/default/dw313b8e31/images/col/513/5131213-frente.jpg?sw=280&sh=280,emb. 150 gr,https://www.continente.pt/produto/queijo-de-cabra-curado-fatiado-continente-5131213.html,frescos,2025-04-21,Continente
Ameixa Preta / Vermelha,2420019,3.99,"€0,48/un",Continente,"Frescos/Frutas/Pêssego, Ameixa e Kiwi",https://www.continente.pt/dw/image/v2/BDVS_PRD/on/demandware.static/-/Sites-col-master-catalog/default/dwa612b152/images/col/242/2420019-frente.jpg?sw=280&sh=280,Quant. Mínima = 360 gr (3 un),https://www.continente.pt/produto/ameixa-preta-vermelha-continente-2420019.html,frescos,2025-04-21,Continente
Croissant Folhado Pack Poupança,7760834,2.69,"€6,40/kg",Continente Poupança,Frescos/Padaria e Pastelaria/Croissants e Pães de Leite,https://www.continente.pt/dw/image/v2/BDVS_PRD/on/demandware.static/-/Sites-col-master-catalog/default/dwf1b7373c/images/col/776/7760834-esquerdo.jpg?sw=280&sh=280,emb. 6 un,https://www.continente.pt/produto/croissant-folhado-pack-poupanca-continente-poupanca-7760834.html,frescos,2025-04-21,Continente
Perna de Frango em Vácuo,6950357,2.99,"€5,02/un",Continente,Frescos/Talho/Frango e Peru,https://www.continente.pt/dw/image/v2/BDVS_PRD/on/demandware.static/-/Sites-col-master-catalog/default/dw3c677ee0/images/col/695/6950357-frente.jpg?sw=280&sh=280,"emb. 1,75 kg (aprox.)",https://www.continente.pt/produto/perna-de-frango-em-vacuo-continente-6950357.html,frescos,2025-04-21,Continente
Lanchinhos com Pepitas de Chocolate,4792972,1.85,"€7,71/kg",Continente,Frescos/Padaria e Pastelaria/Croissants e Pães de Leite,https://www.continente.pt/dw/image/v2/BDVS_PRD/on/demandware.static/-/Sites-col-master-catalog/default/dwd3c4698a/images/col/479/4792972-frente.jpg?sw=280&sh=280,emb. 240 gr (6 un),https://www.continente.pt/produto/lanchinhos-com-pepitas-de-chocolate-continente-4792972.html,frescos,2025-04-21,Continente
Fiambre da Perna Extra Fatias Finas,4866511,1.89,"€15,75/kg",Nobre,"Frescos/Charcutaria/Fiambre, Mortadela e Salame/Fiambre de Porco",https://www.continente.pt/dw/image/v2/BDVS_PRD/on/demandware.static/-/Sites-col-master-catalog/default/dwd71daa91/images/col/486/4866511-hero.jpg?sw=280&sh=280,emb. 120 gr,https://www.continente.pt/produto/fiambre-da-perna-extra-fatias-finas-nobre-4866511.html,frescos,2025-04-21,Continente
Salmão Fumado da Noruega,8111516,6.99,"€34,95/kg",Continente Seleção,Frescos/Charcutaria/Salmão Fumado e Especialidades,https://www.continente.pt/dw/image/v2/BDVS_PRD/on/demandware.static/-/Sites-col-master-catalog/default/dw51800bfc/images/col/811/8111516-topshot.jpg?sw=280&sh=280,emb. 200 gr,https://www.continente.pt/produto/salmao-fumado-da-noruega-continente-selecao-8111516.html,frescos,2025-04-21,Continente
Salmão Fumado da Noruega,8168167,5.99,"€29,95/kg",Continente,Frescos/Charcutaria/Salmão Fumado e Especialidades,https://www.continente.pt/dw/image/v2/BDVS_PRD/on/demandware.static/-/Sites-col-master-catalog/default/dwd157e3f3/images/col/816/8168167-frente.jpg?sw=280&sh=280,emb. 200 gr,https://www.continente.pt/produto/salmao-fumado-da-noruega-continente-8168167.html,frescos,2025-04-21,Continente
Fiambre de Peito de Peru Forno de Lenha Fatias Finas,5031062,2.75,"€22,92/kg",Campofrio,"Frescos/Charcutaria/Fiambre, Mortadela e Salame/Fiambre de Aves",https://www.continente.pt/dw/image/v2/BDVS_PRD/on/demandware.static/-/Sites-col-master-catalog/default/dw755ba6bb/images/col/503/5031062-frente.jpg?sw=280&sh=280,emb. 120 gr,https://www.continente.pt/produto/fiambre-de-peito-de-peru-forno-de-lenha-fatias-finas-campofrio-5031062.html,frescos,2025-04-21,Continente
Pão de Forma com Côdea Familiar,5571005,1.99,"€2,84/kg",Bimbo,Frescos/Padaria e Pastelaria/Pão de Forma e Embalado,https://www.continente.pt/dw/image/v2/BDVS_PRD/on/demandware.static/-/Sites-col-master-catalog/default/dw7eef611f/images/col/557/5571005-frente.jpg?sw=280&sh=280,emb. 700 gr,https://www.continente.pt/produto/pao-de-forma-com-codea-familiar-bimbo-5571005.html,frescos,2025-04-21,Continente
Queijo Mozzarella Fatiado,7544167,1.44,"€9,60/kg",Continente,Frescos/Queijos/Fatiado e Bolas,https://www.continente.pt/dw/image/v2/BDVS_PRD/on/demandware.static/-/Sites-col-master-catalog/default/dwbb07ae1a/images/col/754/7544167-frente.jpg?sw=280&sh=280,emb. 150 gr,https://www.continente.pt/produto/queijo-mozzarella-fatiado-continente-7544167.html,frescos,2025-04-21,Continente
Açorda de Camarão,8122238,3.89,"€12,97/kg",Cozinha Continente,Frescos/Take Away/Refeições Prontas/Peixe e Marisco,https://www.continente.pt/dw/image/v2/BDVS_PRD/on/demandware.static/-/Sites-col-master-catalog/default/dwb68daf88/images/col/812/8122238-topshot.jpg?sw=280&sh=280,emb. 300 gr,https://www.continente.pt/produto/acorda-de-camarao-cozinha-continente-8122238.html,frescos,2025-04-21,Continente
Filetes de Dourada ASC Ultracongelada,7415729,5.99,"€29,95/kg",Iglo,"Frescos/Peixaria/Filetes, Lombos e Postas/Congelado",https://www.continente.pt/dw/image/v2/BDVS_PRD/on/demandware.static/-/Sites-col-master-catalog/default/dw52ebd53b/images/col/741/7415729-direito.jpg?sw=280&sh=280,2 un x 100 gr (200 gr),https://www.continente.pt/produto/filetes-de-dourada-asc-ultracongelada-iglo-7415729.html,frescos,2025-04-21,Continente
Queijo para Barrar Light,6409881,3.39,"€12,56/kg",Philadelphia,Frescos/Queijos/Snacks e Barrar,https://www.continente.pt/dw/image/v2/BDVS_PRD/on/demandware.static/-/Sites-col-master-catalog/default/dwf981b9f8/images/col/640/6409881-frente.png?sw=280&sh=280,emb. 270 gr,https://www.continente.pt/produto/queijo-para-barrar-light-philadelphia-6409881.html,frescos,2025-04-21,Continente
Pizza Fresca de Queijo e Fiambre,6716090,2.49,"€6,07/kg",Continente,Frescos/Take Away/Pizzas,https://www.continente.pt/dw/image/v2/BDVS_PRD/on/demandware.static/-/Sites-col-master-catalog/default/dw7709b9ef/images/col/671/6716090-frente.jpg?sw=280&sh=280,emb. 410 gr,https://www.continente.pt/produto/pizza-fresca-de-queijo-e-fiambre-continente-6716090.html,frescos,2025-04-21,Continente
Lima,2076510,3.39,"€0,31/un",Continente,"Frescos/Frutas/Laranja, Clementina e Limão",https://www.continente.pt/dw/image/v2/BDVS_PRD/on/demandware.static/-/Sites-col-master-catalog/default/dw2b53c43d/images/col/207/2076510-frente.jpg?sw=280&sh=280,Quant. Mínima = 270 gr (3 un),https://www.continente.pt/produto/lima-continente-2076510.html,frescos,2025-04-21,Continente
Empadão de Carne Gratinado,7877377,4.29,"€10,73/kg",Cozinha Continente,Frescos/Take Away/Refeições Prontas/Carne,https://www.continente.pt/dw/image/v2/BDVS_PRD/on/demandware.static/-/Sites-col-master-catalog/default/dw680a85f9/images/col/787/7877377-frente.png?sw=280&sh=280,emb. 400 gr,https://www.continente.pt/produto/empadao-de-carne-gratinado-cozinha-continente-7877377.html,frescos,2025-04-21,Continente
Esparguete à Bolonhesa,7063681,3.59,"€10,26/kg",Cozinha Continente,Frescos/Take Away/Refeições Prontas/Italianas,https://www.continente.pt/dw/image/v2/BDVS_PRD/on/demandware.static/-/Sites-col-master-catalog/default/dwcc65a417/images/col/706/7063681-topshot.jpg?sw=280&sh=280,emb. 350 gr,https://www.continente.pt/produto/esparguete-a-bolonhesa-cozinha-continente-7063681.html,frescos,2025-04-21,Continente
Tostas de Pão Alentejano,7423170,1.99,"€19,90/kg",Forno do Monte,"Frescos/Padaria e Pastelaria/Tostas, Gressinos e Croutons",https://www.continente.pt/dw/image/v2/BDVS_PRD/on/demandware.static/-/Sites-col-master-catalog/default/dw30799006/images/col/742/7423170-cima.jpg?sw=280&sh=280,emb. 100 gr,https://www.continente.pt/produto/tostas-de-pao-alentejano-forno-do-monte-7423170.html,frescos,2025-04-21,Continente
Agrião Baby,3904652,1.39,"€9,27/kg",Continente,"Frescos/Legumes/Couves, Brócolos e Espinafres",https://www.continente.pt/dw/image/v2/BDVS_PRD/on/demandware.static/-/Sites-col-master-catalog/default/dw7eba5cc6/images/col/390/3904652-frente.jpg?sw=280&sh=280,emb. 150 gr,https://www.continente.pt/produto/agriao-baby-continente-3904652.html,frescos,2025-04-21,Continente
Coxas de Frango Congeladas,4734165,3.99,"€3,99/kg",Continente,Frescos/Talho/Frango e Peru,https://www.continente.pt/dw/image/v2/BDVS_PRD/on/demandware.static/-/Sites-col-master-catalog/default/dwef2d8b28/images/col/473/4734165-topshot.jpg?sw=280&sh=280,emb. 1 kg,https://www.continente.pt/produto/coxas-de-frango-congeladas-continente-4734165.html,frescos,2025-04-21,Continente
Esparregado,4700309,5.79,"€1,45/un",Cozinha Continente,Frescos/Take Away/Refeições Prontas/Acompanhamentos,https://www.continente.pt/dw/image/v2/BDVS_PRD/on/demandware.static/-/Sites-col-master-catalog/default/dwd783d543/images/col/470/4700309-amb.jpg?sw=280&sh=280,Quant. Mínima = 250 gr,https://www.continente.pt/produto/esparregado-cozinha-continente-4700309.html,frescos,2025-04-21,Continente
Pão Vianinha,6142749,0.34,"€4,25/kg",,Frescos/Padaria e Pastelaria/Pão do Dia e Broa,https://www.continente.pt/dw/image/v2/BDVS_PRD/on/demandware.static/-/Sites-col-master-catalog/default/dwd38d7b31/images/col/614/6142749-frente.jpg?sw=280&sh=280,Quant. Mínima = 4 un (320 gr),https://www.continente.pt/produto/pao-vianinha-6142749.html,frescos,2025-04-21,Continente
Batata Doce Polpa Laranja Biológica,7382501,2.29,"€2,29/kg",Continente Bio,"Frescos/Legumes/Batata, Batata Doce e Mandioca",https://www.continente.pt/dw/image/v2/BDVS_PRD/on/demandware.static/-/Sites-col-master-catalog/default/dw9d4fc1a1/images/col/738/7382501-frente.jpg?sw=280&sh=280,emb. 1 kg,https://www.continente.pt/produto/batata-doce-polpa-laranja-biologica-continente-bio-7382501.html,frescos,2025-04-21,Continente
Queijo Feta DOP,7499673,2.49,"€16,60/kg",Omiros,Frescos/Queijos/Queijos do Mundo,https://www.continente.pt/dw/image/v2/BDVS_PRD/on/demandware.static/-/Sites-col-master-catalog/default/dwa3d92c02/images/col/749/7499673-frente.jpg?sw=280&sh=280,emb. 150 gr,https://www.continente.pt/produto/queijo-feta-dop-omiros-7499673.html,frescos,2025-04-21,Continente
Framboesa Resíduo Zero,7743467,3.39,"€22,60/kg",Continente,Frescos/Frutas/Morango e Frutos Vermelhos,https://www.continente.pt/dw/image/v2/BDVS_PRD/on/demandware.static/-/Sites-col-master-catalog/default/dw929380ec/images/col/774/7743467-cima.jpg?sw=280&sh=280,emb. 150 gr,https://www.continente.pt/produto/framboesa-residuo-zero-continente-7743467.html,frescos,2025-04-21,Continente
Batata Especial Assar,5464171,1.69,"€1,69/kg",Continente Seleção,"Frescos/Legumes/Batata, Batata Doce e Mandioca",https://www.continente.pt/dw/image/v2/BDVS_PRD/on/demandware.static/-/Sites-col-master-catalog/default/dw3bcc2fed/images/col/546/5464171-frente.jpg?sw=280&sh=280,emb. 1 kg,https://www.continente.pt/produto/batata-especial-assar-continente-selecao-5464171.html,frescos,2025-04-21,Continente
Aipo,5816322,1.69,"€3,38/kg",Continente,"Frescos/Legumes/Cebola, Alho e Nabo",https://www.continente.pt/dw/image/v2/BDVS_PRD/on/demandware.static/-/Sites-col-master-catalog/default/dw497b73ed/images/col/581/5816322-frente.jpg?sw=280&sh=280,emb. 500 gr,https://www.continente.pt/produto/aipo-continente-5816322.html,frescos,2025-04-21,Continente
Batata Zero Desperdício,7706410,3.69,"€0,92/kg",Continente,"Frescos/Legumes/Batata, Batata Doce e Mandioca",https://www.continente.pt/dw/image/v2/BDVS_PRD/on/demandware.static/-/Sites-col-master-catalog/default/dw3dcf6e04/images/col/770/7706410-frente.jpg?sw=280&sh=280,emb. 4 kg,https://www.continente.pt/produto/batata-zero-desperdicio-continente-7706410.html,frescos,2025-04-21,Continente
Lagartos,6036897,2.45,"€3,27/kg",Da Nossa Pastelaria,Frescos/Padaria e Pastelaria/Biscoitos,https://www.continente.pt/dw/image/v2/BDVS_PRD/on/demandware.static/-/Sites-col-master-catalog/default/dw70cf8cca/images/col/603/6036897-frente.jpg?sw=280&sh=280,emb. 750 gr,https://www.continente.pt/produto/lagartos-da-nossa-pastelaria-6036897.html,frescos,2025-04-21,Continente
Clementina Orri,5303778,2.99,"€0,42/un",Continente,"Frescos/Frutas/Laranja, Clementina e Limão",https://www.continente.pt/dw/image/v2/BDVS_PRD/on/demandware.static/-/Sites-col-master-catalog/default/dw2ebb7c0a/images/col/530/5303778-frente.jpg?sw=280&sh=280,Quant. Mínima = 420 gr (3 un),https://www.continente.pt/produto/clementina-orri-continente-5303778.html,frescos,2025-04-21,Continente
Gressinos Naturais,6217948,1.68,"€6,72/kg",Continente,"Frescos/Padaria e Pastelaria/Tostas, Gressinos e Croutons",https://www.continente.pt/dw/image/v2/BDVS_PRD/on/demandware.static/-/Sites-col-master-catalog/default/dwc002cf9e/images/col/621/6217948-frente.jpg?sw=280&sh=280,5 un x 50 gr (250 gr),https://www.continente.pt/produto/gressinos-naturais-continente-6217948.html,frescos,2025-04-21,Continente
Fiambre de Peito de Peru Fatias Finas Cuida-t+,5508730,2.75,"€25,00/kg",Nobre,"Frescos/Charcutaria/Fiambre, Mortadela e Salame/Fiambre de Aves",https://www.continente.pt/dw/image/v2/BDVS_PRD/on/demandware.static/-/Sites-col-master-catalog/default/dw6cd70de6/images/col/550/5508730-hero.jpg?sw=280&sh=280,emb. 110 gr,https://www.continente.pt/produto/fiambre-de-peito-de-peru-fatias-finas-cuida-t-nobre-5508730.html,frescos,2025-04-21,Continente
Pão de Trigo Alentejo Massa Mãe,7371810,1.89,"€3,78/kg",,Frescos/Padaria e Pastelaria/Pão do Dia e Broa,https://www.continente.pt/dw/image/v2/BDVS_PRD/on/demandware.static/-/Sites-col-master-catalog/default/dw8df6d996/images/col/737/7371810-cima-1.png?sw=280&sh=280,emb. 500 gr (1 un),https://www.continente.pt/produto/pao-de-trigo-alentejo-massa-mae-7371810.html,frescos,2025-04-21,Continente
Empadas de Frango,7739168,0.99,"€11,00/kg",Cozinha Continente,Frescos/Take Away/Entradas e Salgados,https://www.continente.pt/dw/image/v2/BDVS_PRD/on/demandware.static/-/Sites-col-master-catalog/default/dwf4dbca06/images/col/773/7739168-amb.jpg?sw=280&sh=280,Quant. Mínima = 2 un,https://www.continente.pt/produto/empadas-de-frango-cozinha-continente-7739168.html,frescos,2025-04-21,Continente
Almôndegas de Bovino,6152478,5.59,"€13,98/kg",Continente,"Frescos/Talho/Novilho, Vitela e Vitelão",https://www.continente.pt/dw/image/v2/BDVS_PRD/on/demandware.static/-/Sites-col-master-catalog/default/dw12e4d5d6/images/col/615/6152478-frente.jpg?sw=280&sh=280,emb. 400 gr,https://www.continente.pt/produto/almondegas-de-bovino-continente-6152478.html,frescos,2025-04-21,Continente
Perna de Frango,7069739,4.79,"€5,03/un",Continente,Frescos/Talho/Frango e Peru,https://www.continente.pt/dw/image/v2/BDVS_PRD/on/demandware.static/-/Sites-col-master-catalog/default/dwa5e23a3e/images/col/706/7069739-frente.jpg?sw=280&sh=280,"emb. 1,05 kg (aprox.)",https://www.continente.pt/produto/perna-de-frango-continente-7069739.html,frescos,2025-04-21,Continente
Preparado de Carne Picada de Porco,6148726,2.99,"€7,48/kg",Continente,Frescos/Talho/Pronto a Cozinhar,https://www.continente.pt/dw/image/v2/BDVS_PRD/on/demandware.static/-/Sites-col-master-catalog/default/dw24c74927/images/col/614/6148726-frente.jpg?sw=280&sh=280,emb. 400 gr,https://www.continente.pt/produto/preparado-de-carne-picada-de-porco-continente-6148726.html,frescos,2025-04-21,Continente
Sopa de Agrião,4388731,1.69,"€4,23/kg",Cozinha Continente,Frescos/Take Away/Sopas/Tradicionais,https://www.continente.pt/dw/image/v2/BDVS_PRD/on/demandware.static/-/Sites-col-master-catalog/default/dw762851e0/images/col/438/4388731-topshot.jpg?sw=280&sh=280,emb. 400 gr,https://www.continente.pt/produto/sopa-de-agriao-cozinha-continente-4388731.html,frescos,2025-04-21,Continente
Metade Couve Flor,6219571,2.59,"€1,81/un",Continente,"Frescos/Legumes/Couves, Brócolos e Espinafres",https://www.continente.pt/dw/image/v2/BDVS_PRD/on/demandware.static/-/Sites-col-master-catalog/default/dw0f958d5c/images/col/621/6219571-frente.jpg?sw=280&sh=280,1/2 Couve = 700 gr,https://www.continente.pt/produto/metade-couve-flor-continente-6219571.html,frescos,2025-04-21,Continente
Robalo Grande Fresco,4302565,9.99,"€6,99/un",,Frescos/Peixaria/Peixe Fresco,https://www.continente.pt/dw/image/v2/BDVS_PRD/on/demandware.static/-/Sites-col-master-catalog/default/dw5274c1d8/images/col/430/4302565-cima-acessorio.jpg?sw=280&sh=280,Quant. Mínima = 700 gr (1 un),https://www.continente.pt/produto/robalo-grande-fresco-4302565.html,frescos,2025-04-21,Continente
Melão Verde Premium,7473416,1.99,"€8,36/un",Continente,"Frescos/Frutas/Melancia, Melão e Meloa",https://www.continente.pt/dw/image/v2/BDVS_PRD/on/demandware.static/-/Sites-col-master-catalog/default/dwa0a387d9/images/col/747/7473416-frente.jpg?sw=280&sh=280,"Quant. Mínima = 4,2 kg (1 un)",https://www.continente.pt/produto/melao-verde-premium-continente-7473416.html,frescos,2025-04-21,Continente
Arroz de Pato,8169778,8.99,"€12,84/kg",Cozinha Continente,Frescos/Take Away/Refeições Prontas/Carne,https://www.continente.pt/dw/image/v2/BDVS_PRD/on/demandware.static/-/Sites-col-master-catalog/default/dw97c455a0/images/col/816/8169778-frente.png?sw=280&sh=280,emb. 700 gr,https://www.continente.pt/produto/arroz-de-pato-cozinha-continente-8169778.html,frescos,2025-04-21,Continente
Queijo Fundido Light Palitos,6372252,1.99,"€14,21/kg",A Vaca que ri,Frescos/Queijos/Snacks e Barrar,https://www.continente.pt/dw/image/v2/BDVS_PRD/on/demandware.static/-/Sites-col-master-catalog/default/dwd509ceb3/images/col/637/6372252-frente.jpg?sw=280&sh=280,emb. 140 gr,https://www.continente.pt/produto/queijo-fundido-light-palitos-a-vaca-que-ri-6372252.html,frescos,2025-04-21,Continente
Arroz à Valenciana,7913064,11.25,"€2,81/un",Cozinha Continente,Frescos/Take Away/Refeições Prontas/Carne,https://www.continente.pt/dw/image/v2/BDVS_PRD/on/demandware.static/-/Sites-col-master-catalog/default/dw2eb36051/images/col/791/7913064-amb.jpg?sw=280&sh=280,Quant. Mínima = 250 gr,https://www.continente.pt/produto/arroz-a-valenciana-cozinha-continente-7913064.html,frescos,2025-04-21,Continente
Pizza Fresca 4 Queijos,6595792,2.79,"€6,98/kg",Continente,Frescos/Take Away/Pizzas,https://www.continente.pt/dw/image/v2/BDVS_PRD/on/demandware.static/-/Sites-col-master-catalog/default/dw64eabd13/images/col/659/6595792-frente.jpg?sw=280&sh=280,emb. 400 gr,https://www.continente.pt/produto/pizza-fresca-4-queijos-continente-6595792.html,frescos,2025-04-21,Continente
Entremeada com Osso,2245742,4.89,"€4,89/un",Continente,Frescos/Talho/Porco,https://www.continente.pt/dw/image/v2/BDVS_PRD/on/demandware.static/-/Sites-col-master-catalog/default/dwc50a7479/images/col/224/2245742-frente.jpg?sw=280&sh=280,emb. 1 kg (aprox.),https://www.continente.pt/produto/entremeada-com-osso-continente-2245742.html,frescos,2025-04-21,Continente
Fiambre da Perna Extra Fatiado,7395925,3.19,"€14,50/kg",Nobre,"Frescos/Charcutaria/Fiambre, Mortadela e Salame/Fiambre de Porco",https://www.continente.pt/dw/image/v2/BDVS_PRD/on/demandware.static/-/Sites-col-master-catalog/default/dw54f4c19c/images/col/739/7395925-frente.jpg?sw=280&sh=280,emb. 220 gr,https://www.continente.pt/produto/fiambre-da-perna-extra-fatiado-nobre-7395925.html,frescos,2025-04-21,Continente
Almôndegas com Molho de Tomate,7834164,11.99,"€3,00/un",Cozinha Continente,Frescos/Take Away/Refeições Prontas/Carne,https://www.continente.pt/dw/image/v2/BDVS_PRD/on/demandware.static/-/Sites-col-master-catalog/default/dw4e6a5718/images/col/777/7775199-amb.jpg?sw=280&sh=280,Quant. Mínima = 250 gr,https://www.continente.pt/produto/almondegas-com-molho-de-tomate-cozinha-continente-7834164.html,frescos,2025-04-21,Continente
Peito de Frango do Campo,2818798,8.29,"€5,80/un",Continente Seleção,Frescos/Talho/Frango e Peru,https://www.continente.pt/dw/image/v2/BDVS_PRD/on/demandware.static/-/Sites-col-master-catalog/default/dw429ddc61/images/col/281/2818798-frente.jpg?sw=280&sh=280,emb. 700 gr (aprox.),https://www.continente.pt/produto/peito-de-frango-do-campo-continente-selecao-2818798.html,frescos,2025-04-21,Continente
Perninha de Frango Congelada,4734159,3.99,"€3,99/kg",Continente,Frescos/Talho/Frango e Peru,https://www.continente.pt/dw/image/v2/BDVS_PRD/on/demandware.static/-/Sites-col-master-catalog/default/dw2cd12de3/images/col/473/4734159-frente.jpg?sw=280&sh=280,emb. 1 kg,https://www.continente.pt/produto/perninha-de-frango-congelada-continente-4734159.html,frescos,2025-04-21,Continente
Miolo de Amêndoa com Pele,8112457,2.15,"€10,75/kg",Continente,"Frescos/Frutas/Frutos Secos, Desidratados e Sementes/Frutos Secos",https://www.continente.pt/dw/image/v2/BDVS_PRD/on/demandware.static/-/Sites-col-master-catalog/default/dw826f1622/images/col/811/8112457-frente.png?sw=280&sh=280,emb. 200 gr,https://www.continente.pt/produto/miolo-de-amendoa-com-pele-continente-8112457.html,frescos,2025-04-21,Continente
Tentáculos de Pota Grandes Congelados,7094127,6.99,"€11,88/un",Continente,"Frescos/Peixaria/Polvo, Lulas e Chocos/Congelado",https://www.continente.pt/dw/image/v2/BDVS_PRD/on/demandware.static/-/Sites-col-master-catalog/default/dwbf25cf6f/images/col/709/7094127-cima.jpg?sw=280&sh=280,"Quant. Mínima = 1,7 kg",https://www.continente.pt/produto/tentaculos-de-pota-grandes-congelados-continente-7094127.html,frescos,2025-04-21,Continente
Medalhões de Pescada do Cabo MSC Ultracongelada Pack Poupança,5768470,9.17,"€9,17/kg",Continente,"Frescos/Peixaria/Filetes, Lombos e Postas/Congelado",https://www.continente.pt/dw/image/v2/BDVS_PRD/on/demandware.static/-/Sites-col-master-catalog/default/dw47871108/images/col/576/5768470-frente.jpg?sw=280&sh=280,emb. 1 kg,https://www.continente.pt/produto/medalhoes-de-pescada-do-cabo-msc-ultracongelada-pack-poupanca-continente-5768470.html,frescos,2025-04-21,Continente
Strogonoff de Frango do Campo,2964421,9.49,"€5,79/un",Campoaves,Frescos/Talho/Frango e Peru,https://www.continente.pt/dw/image/v2/BDVS_PRD/on/demandware.static/-/Sites-col-master-catalog/default/dwaadf1899/images/col/296/2964421-frente.jpg?sw=280&sh=280,emb. 610 gr (aprox.),https://www.continente.pt/produto/strogonoff-de-frango-do-campo-campoaves-2964421.html,frescos,2025-04-21,Continente
Couve Ripada para Caldo Verde,7178244,1.09,"€4,36/kg",Continente,"Frescos/Legumes/Saladas, Sopas e Salteados",https://www.continente.pt/dw/image/v2/BDVS_PRD/on/demandware.static/-/Sites-col-master-catalog/default/dw355ab5a7/images/col/717/7178244-frente.jpg?sw=280&sh=280,emb. 250 gr (3 doses),https://www.continente.pt/produto/couve-ripada-para-caldo-verde-continente-7178244.html,frescos,2025-04-21,Continente
Tortelloni Fresco com Ricotta e Espinafres,6517886,1.99,"€7,96/kg",Continente,Frescos/Take Away/Massas Frescas/Massas Recheadas,https://www.continente.pt/dw/image/v2/BDVS_PRD/on/demandware.static/-/Sites-col-master-catalog/default/dwd4077c9e/images/col/651/6517886-frente.jpg?sw=280&sh=280,emb. 250 gr,https://www.continente.pt/produto/tortelloni-fresco-com-ricotta-e-espinafres-continente-6517886.html,frescos,2025-04-21,Continente
Hambúrguer de Bovino,6152474,6.19,"€12,90/kg",Continente,"Frescos/Talho/Novilho, Vitela e Vitelão",https://www.continente.pt/dw/image/v2/BDVS_PRD/on/demandware.static/-/Sites-col-master-catalog/default/dwad077a60/images/col/615/6152474-frente.jpg?sw=280&sh=280,4 un x 120 gr (480 gr),https://www.continente.pt/produto/hamburguer-de-bovino-continente-6152474.html,frescos,2025-04-21,Continente
Posta de Perca do Nilo Fresca,4403147,9.99,"€3,00/un",,"Frescos/Peixaria/Filetes, Lombos e Postas/Fresco",https://www.continente.pt/dw/image/v2/BDVS_PRD/on/demandware.static/-/Sites-col-master-catalog/default/dwb7801e1a/images/col/440/4403147-cima-acessorio.jpg?sw=280&sh=280,Quant. Mínima = 300 gr (1 un),https://www.continente.pt/produto/posta-de-perca-do-nilo-fresca-4403147.html,frescos,2025-04-21,Continente
Cebola Resíduo Zero,8174650,3.19,"€2,13/kg",Continente,"Frescos/Legumes/Cebola, Alho e Nabo",https://www.continente.pt/dw/image/v2/BDVS_PRD/on/demandware.static/-/Sites-col-master-catalog/default/dw15826329/images/col/817/8174650-frente.png?sw=280&sh=280,"emb. 1,5 kg",https://www.continente.pt/produto/cebola-residuo-zero-continente-8174650.html,frescos,2025-04-21,Continente
Metade Abacaxi,5579113,1.29,"€1,52/un",Continente,Frescos/Frutas/Uvas e Tropicais,https://www.continente.pt/dw/image/v2/BDVS_PRD/on/demandware.static/-/Sites-col-master-catalog/default/dw96ceacd0/images/col/557/5579113-frente.jpg?sw=280&sh=280,"1/2 Abacaxi = 1,18 kg",https://www.continente.pt/produto/metade-abacaxi-continente-5579113.html,frescos,2025-04-21,Continente
Metade Mamão,5579127,4.69,"€3,75/un",Continente,Frescos/Frutas/Uvas e Tropicais,https://www.continente.pt/dw/image/v2/BDVS_PRD/on/demandware.static/-/Sites-col-master-catalog/default/dw01c803dd/images/col/557/5579127-cima.jpg?sw=280&sh=280,1/2 Mamão = 800 gr,https://www.continente.pt/produto/metade-mamao-continente-5579127.html,frescos,2025-04-21,Continente
Tomate Cherry Biológico,4956901,1.79,"€7,16/kg",Continente Bio,"Frescos/Legumes/Alface, Tomate, Pepino e Pimento",https://www.continente.pt/dw/image/v2/BDVS_PRD/on/demandware.static/-/Sites-col-master-catalog/default/dw7d2e7a68/images/col/495/4956901-frente.jpg?sw=280&sh=280,emb. 250 gr,https://www.continente.pt/produto/tomate-cherry-biologico-continente-bio-4956901.html,frescos,2025-04-21,Continente
Nectarina,7366014,5.99,"€1,20/un",Continente,"Frescos/Frutas/Pêssego, Ameixa e Kiwi",https://www.continente.pt/dw/image/v2/BDVS_PRD/on/demandware.static/-/Sites-col-master-catalog/default/dw515106ca/images/col/736/7366014-frente.jpg?sw=280&sh=280,Quant. Mínima = 400 gr (2 un),https://www.continente.pt/produto/nectarina-continente-7366014.html,frescos,2025-04-21,Continente
Queijo Mozzarella di Búfala Campana DOP Mini,7127064,1.69,"€13,52/kg",Continente Seleção,"Frescos/Queijos/Fresco, Requeijão e Mozzarella",https://www.continente.pt/dw/image/v2/BDVS_PRD/on/demandware.static/-/Sites-col-master-catalog/default/dw6fe4d886/images/col/712/7127064-hero.jpg?sw=280&sh=280,emb. 125 gr,https://www.continente.pt/produto/queijo-mozzarella-di-bufala-campana-dop-mini-continente-selecao-7127064.html,frescos,2025-04-21,Continente
Rolo de Carne de Porco com Queijo e Fiambre,6408174,7.49,"€8,24/un",Continente,Frescos/Talho/Pronto a Cozinhar,https://www.continente.pt/dw/image/v2/BDVS_PRD/on/demandware.static/-/Sites-col-master-catalog/default/dwe6ee2d71/images/col/640/6408174-frente.jpg?sw=280&sh=280,"emb. 1,1 kg (aprox.)",https://www.continente.pt/produto/rolo-de-carne-de-porco-com-queijo-e-fiambre-continente-6408174.html,frescos,2025-04-21,Continente
Couve Branca,2076762,1.49,"€1,86/un",Continente,"Frescos/Legumes/Couves, Brócolos e Espinafres",https://www.continente.pt/dw/image/v2/BDVS_PRD/on/demandware.static/-/Sites-col-master-catalog/default/dwdcb4c963/images/col/207/2076762-amb.jpg?sw=280&sh=280,"Quant. Mínima = 1,25 kg (1 un)",https://www.continente.pt/produto/couve-branca-continente-2076762.html,frescos,2025-04-21,Continente
Metade Couve Branca,6219591,1.59,"€1,19/un",Continente,"Frescos/Legumes/Couves, Brócolos e Espinafres",https://www.continente.pt/dw/image/v2/BDVS_PRD/on/demandware.static/-/Sites-col-master-catalog/default/dwa261a39e/images/col/621/6219591-amb.png?sw=280&sh=280,1/2 Couve = 750 gr,https://www.continente.pt/produto/metade-couve-branca-continente-6219591.html,frescos,2025-04-21,Continente
Paio do Lombo Fatias Clássicas,4766880,2.99,"€29,90/kg",Nobre,"Frescos/Charcutaria/Salpicão, Paio e Fuet",https://www.continente.pt/dw/image/v2/BDVS_PRD/on/demandware.static/-/Sites-col-master-catalog/default/dwfab8eb01/images/col/476/4766880-hero.jpg?sw=280&sh=280,emb. 100 gr,https://www.continente.pt/produto/paio-do-lombo-fatias-classicas-nobre-4766880.html,frescos,2025-04-21,Continente
Queijo Flamengo Fatiado,7480697,7.49,"€10,70/kg",Gresso,Frescos/Queijos/Fatiado e Bolas,https://www.continente.pt/dw/image/v2/BDVS_PRD/on/demandware.static/-/Sites-col-master-catalog/default/dw33b20b78/images/col/748/7480697-frente.jpeg?sw=280&sh=280,2 un x 350 gr (700 gr),https://www.continente.pt/produto/queijo-flamengo-fatiado-gresso-7480697.html,frescos,2025-04-21,Continente
Tortellini Fresco de Ricotta e Espinafres,5060932,3.79,"€15,16/kg",Rana,Frescos/Take Away/Massas Frescas/Massas Recheadas,https://www.continente.pt/dw/image/v2/BDVS_PRD/on/demandware.static/-/Sites-col-master-catalog/default/dw0d97e3ec/images/col/506/5060932-frente.jpg?sw=280&sh=280,emb. 250 gr,https://www.continente.pt/produto/tortellini-fresco-de-ricotta-e-espinafres-rana-5060932.html,frescos,2025-04-21,Continente
Queijo Fresco Longa Duração Magro,5803076,1.99,"€9,21/kg",Matinal,"Frescos/Queijos/Fresco, Requeijão e Mozzarella",https://www.continente.pt/dw/image/v2/BDVS_PRD/on/demandware.static/-/Sites-col-master-catalog/default/dwda1ec5e6/images/col/580/5803076-topshot.jpg?sw=280&sh=280,3 un x 72 gr (216 gr),https://www.continente.pt/produto/queijo-fresco-longa-duracao-magro-matinal-5803076.html,frescos,2025-04-21,Continente
Uva Passa sem Grainha,8112327,0.65,"€3,25/kg",Continente,"Frescos/Frutas/Frutos Secos, Desidratados e Sementes/Frutos Secos",https://www.continente.pt/dw/image/v2/BDVS_PRD/on/demandware.static/-/Sites-col-master-catalog/default/dw2aa6e91e/images/col/811/8112327-frente.png?sw=280&sh=280,emb. 200 gr,https://www.continente.pt/produto/uva-passa-sem-grainha-continente-8112327.html,frescos,2025-04-21,Continente
Coxas de Frango,7069742,4.99,"€3,24/un",Continente,Frescos/Talho/Frango e Peru,https://www.continente.pt/dw/image/v2/BDVS_PRD/on/demandware.static/-/Sites-col-master-catalog/default/dw1b04ee81/images/col/706/7069742-frente.jpg?sw=280&sh=280,emb. 650 gr (aprox.),https://www.continente.pt/produto/coxas-de-frango-continente-7069742.html,frescos,2025-04-21,Continente
Mini Fofos,5619216,1.29,"€4,30/kg",Continente,Frescos/Padaria e Pastelaria/Croissants e Pães de Leite,https://www.continente.pt/dw/image/v2/BDVS_PRD/on/demandware.static/-/Sites-col-master-catalog/default/dw0c7889b0/images/col/561/5619216-frente.jpg?sw=280&sh=280,emb. 300 gr (12 un),https://www.continente.pt/produto/mini-fofos-continente-5619216.html,frescos,2025-04-21,Continente
Ravioli Fresco de Atum e Tomate,5060866,3.49,"€13,96/kg",Rana,Frescos/Take Away/Massas Frescas/Massas Recheadas,https://www.continente.pt/dw/image/v2/BDVS_PRD/on/demandware.static/-/Sites-col-master-catalog/default/dwcfdfa784/images/col/506/5060866-frente.jpg?sw=280&sh=280,emb. 250 gr,https://www.continente.pt/produto/ravioli-fresco-de-atum-e-tomate-rana-5060866.html,frescos,2025-04-21,Continente
Postas de Bacalhau MSC Demolhado Ultracongelado Pack Poupança,7463420,11.49,"€9,58/kg",Continente,Frescos/Peixaria/Bacalhau/Congelado,https://www.continente.pt/dw/image/v2/BDVS_PRD/on/demandware.static/-/Sites-col-master-catalog/default/dw152392b3/images/col/746/7463420-frente.jpg?sw=280&sh=280,"emb. 1,2 kg",https://www.continente.pt/produto/postas-de-bacalhau-msc-demolhado-ultracongelado-pack-poupanca-continente-7463420.html,frescos,2025-04-21,Continente
Azeitona Verde com Pimento,7571647,1.59,"€7,95/kg",Continente,Frescos/Legumes/Tremoços e Azeitonas,https://www.continente.pt/dw/image/v2/BDVS_PRD/on/demandware.static/-/Sites-col-master-catalog/default/dw60c701c2/images/col/757/7571647-frente.jpg?sw=280&sh=280,emb. 200 gr,https://www.continente.pt/produto/azeitona-verde-com-pimento-continente-7571647.html,frescos,2025-04-21,Continente
Uva Red Globe,2170414,3.99,"€4,59/un",Continente,Frescos/Frutas/Uvas e Tropicais,https://www.continente.pt/dw/image/v2/BDVS_PRD/on/demandware.static/-/Sites-col-master-catalog/default/dw8cff5f68/images/col/217/2170414-cima.jpg?sw=280&sh=280,"Quant. Mínima = 1,15 kg",https://www.continente.pt/produto/uva-red-globe-continente-2170414.html,frescos,2025-04-21,Continente
Cachaço Inteiro de Porco sem Osso,7519669,5.29,"€14,55/un",Continente,Frescos/Talho/Porco,https://www.continente.pt/dw/image/v2/BDVS_PRD/on/demandware.static/-/Sites-col-master-catalog/default/dwef02b097/images/col/751/7519669-frente.jpg?sw=280&sh=280,"emb. 2,75 kg (aprox.)",https://www.continente.pt/produto/cachaco-inteiro-de-porco-sem-osso-continente-7519669.html,frescos,2025-04-21,Continente
Queijo Fresco Longa Duração sem Lactose,5136545,1.49,"€11,92/kg",Continente,"Frescos/Queijos/Fresco, Requeijão e Mozzarella",https://www.continente.pt/dw/image/v2/BDVS_PRD/on/demandware.static/-/Sites-col-master-catalog/default/dwe238b9d1/images/col/513/5136545-topshot.jpg?sw=280&sh=280,"2 un x 62,5 gr (125 gr)",https://www.continente.pt/produto/queijo-fresco-longa-duracao-sem-lactose-continente-5136545.html,frescos,2025-04-21,Continente
Bagels Clássico,7479987,2.74,"€9,13/kg",Bimbo,"Frescos/Padaria e Pastelaria/Pão de Hambúrguer, Cachorro e Wraps",https://www.continente.pt/dw/image/v2/BDVS_PRD/on/demandware.static/-/Sites-col-master-catalog/default/dw5a83d838/images/col/747/7479987-frente.jpg?sw=280&sh=280,emb. 300 gr (4 un),https://www.continente.pt/produto/bagels-classico-bimbo-7479987.html,frescos,2025-04-21,Continente
Sopa de Legumes,5119461,2.49,"€3,11/kg",Cozinha Continente,Frescos/Take Away/Sopas/Tradicionais,https://www.continente.pt/dw/image/v2/BDVS_PRD/on/demandware.static/-/Sites-col-master-catalog/default/dw2e9fc4eb/images/col/511/5119461-cima.jpg?sw=280&sh=280,emb. 800 gr,https://www.continente.pt/produto/sopa-de-legumes-cozinha-continente-5119461.html,frescos,2025-04-21,Continente
Kiwi Verde,6317851,3.29,"€6,58/kg",Zespri,"Frescos/Frutas/Pêssego, Ameixa e Kiwi",https://www.continente.pt/dw/image/v2/BDVS_PRD/on/demandware.static/-/Sites-col-master-catalog/default/dwdb9868b4/images/col/631/6317851-frente.jpg?sw=280&sh=280,emb. 500 gr,https://www.continente.pt/produto/kiwi-verde-zespri-6317851.html,frescos,2025-04-21,Continente
Caju com Sal,8114842,2.69,"€13,45/kg",Continente,"Frescos/Frutas/Frutos Secos, Desidratados e Sementes/Frutos Secos",https://www.continente.pt/dw/image/v2/BDVS_PRD/on/demandware.static/-/Sites-col-master-catalog/default/dwd6e46f6b/images/col/811/8114842-frente.jpg?sw=280&sh=280,emb. 200 gr,https://www.continente.pt/produto/caju-com-sal-continente-8114842.html,frescos,2025-04-21,Continente
Folhado de Maçã,5467123,0.89,"€8,90/kg",,Frescos/Padaria e Pastelaria/Pastelaria Sortida,https://www.continente.pt/dw/image/v2/BDVS_PRD/on/demandware.static/-/Sites-col-master-catalog/default/dw83f69a09/images/col/546/5467123-frente.jpg?sw=280&sh=280,1 un,https://www.continente.pt/produto/folhado-de-maca-5467123.html,frescos,2025-04-21,Continente
Manjericão Fresco,3842671,1.49,"€74,50/kg",Continente,Frescos/Legumes/Ervas Aromáticas e Especiarias,https://www.continente.pt/dw/image/v2/BDVS_PRD/on/demandware.static/-/Sites-col-master-catalog/default/dwea5a23ad/images/col/384/3842671-frente.jpg?sw=280&sh=280,emb. 20 gr,https://www.continente.pt/produto/manjericao-fresco-continente-3842671.html,frescos,2025-04-21,Continente
Bife da Vazia de Novilho,7411347,19.99,"€5,40/un",Continente,"Frescos/Talho/Novilho, Vitela e Vitelão",https://www.continente.pt/dw/image/v2/BDVS_PRD/on/demandware.static/-/Sites-col-master-catalog/default/dw916e310f/images/col/741/7411347-topshot.jpg?sw=280&sh=280,emb. 270 gr (aprox.),https://www.continente.pt/produto/bife-da-vazia-de-novilho-continente-7411347.html,frescos,2025-04-21,Continente
Sopa de Feijão Verde,4388643,1.79,"€4,48/kg",Cozinha Continente,Frescos/Take Away/Sopas/Tradicionais,https://www.continente.pt/dw/image/v2/BDVS_PRD/on/demandware.static/-/Sites-col-master-catalog/default/dw4738d323/images/col/438/4388643-cima.jpg?sw=280&sh=280,emb. 400 gr,https://www.continente.pt/produto/sopa-de-feijao-verde-cozinha-continente-4388643.html,frescos,2025-04-21,Continente
Fiambre da Perna Extra Fatias Finas,7395922,3.19,"€14,50/kg",Nobre,"Frescos/Charcutaria/Fiambre, Mortadela e Salame/Fiambre de Porco",https://www.continente.pt/dw/image/v2/BDVS_PRD/on/demandware.static/-/Sites-col-master-catalog/default/dw04e47b2e/images/col/739/7395922-frente.jpg?sw=280&sh=280,emb. 220 gr,https://www.continente.pt/produto/fiambre-da-perna-extra-fatias-finas-nobre-7395922.html,frescos,2025-04-21,Continente
Laranja IGP Algarve Resíduo Zero,8017997,2.49,"€1,66/kg",IGP Algarve,"Frescos/Frutas/Laranja, Clementina e Limão",https://www.continente.pt/dw/image/v2/BDVS_PRD/on/demandware.static/-/Sites-col-master-catalog/default/dwa7badb1b/images/col/801/8017997-frente.jpg?sw=280&sh=280,"emb. 1,5 kg",https://www.continente.pt/produto/laranja-igp-algarve-residuo-zero-igp-algarve-8017997.html,frescos,2025-04-21,Continente
Pastel de Nata,7641645,0.44,"€7,33/kg",,Frescos/Padaria e Pastelaria/Pastelaria Sortida,https://www.continente.pt/dw/image/v2/BDVS_PRD/on/demandware.static/-/Sites-col-master-catalog/default/dwc57aa9c9/images/col/764/7641645-frente.jpg?sw=280&sh=280,Quant. Mínima = 2 un,https://www.continente.pt/produto/pastel-de-nata-7641645.html,frescos,2025-04-21,Continente
Hambúrguer de Bovino Carnalentejana DOP,5603637,8.99,"€19,33/kg",Continente,"Frescos/Talho/Novilho, Vitela e Vitelão",https://www.continente.pt/dw/image/v2/BDVS_PRD/on/demandware.static/-/Sites-col-master-catalog/default/dw992e1afc/images/col/560/5603637-topshot.png?sw=280&sh=280,4 un (465 gr),https://www.continente.pt/produto/hamburguer-de-bovino-carnalentejana-dop-continente-5603637.html,frescos,2025-04-21,Continente
Fiambre da Perna Extra em Cubos,8284462,1.39,"€9,27/kg",Continente,"Frescos/Charcutaria/Fiambre, Mortadela e Salame/Fiambre de Porco",https://www.continente.pt/dw/image/v2/BDVS_PRD/on/demandware.static/-/Sites-col-master-catalog/default/dw8efe0421/images/col/828/8284462-frente.png?sw=280&sh=280,2 un x 75 gr (150 gr),https://www.continente.pt/produto/fiambre-da-perna-extra-em-cubos-continente-8284462.html,frescos,2025-04-21,Continente
Ravioli Fresco de Frango Assado com Alecrim,6063139,3.49,"€13,96/kg",Rana,Frescos/Take Away/Massas Frescas/Massas Recheadas,https://www.continente.pt/dw/image/v2/BDVS_PRD/on/demandware.static/-/Sites-col-master-catalog/default/dw236f2f27/images/col/606/6063139-frente.jpg?sw=280&sh=280,emb. 250 gr,https://www.continente.pt/produto/ravioli-fresco-de-frango-assado-com-alecrim-rana-6063139.html,frescos,2025-04-21,Continente
Bife de Atum Ultracongelado,3779616,5.29,"€13,22/kg",Continente,"Frescos/Peixaria/Filetes, Lombos e Postas/Congelado",https://www.continente.pt/dw/image/v2/BDVS_PRD/on/demandware.static/-/Sites-col-master-catalog/default/dw8a34669d/images/col/377/3779616-frente.jpg?sw=280&sh=280,emb. 400 gr,https://www.continente.pt/produto/bife-de-atum-ultracongelado-continente-3779616.html,frescos,2025-04-21,Continente
Miolo de Camarão Selvagem 80/100 Congelado Pack Poupança,7788025,5.49,"€10,98/kg",Continente,Frescos/Peixaria/Marisco/Congelado,https://www.continente.pt/dw/image/v2/BDVS_PRD/on/demandware.static/-/Sites-col-master-catalog/default/dw215b4838/images/col/778/7788025-frente.jpg?sw=280&sh=280,emb. 500 gr,https://www.continente.pt/produto/miolo-de-camarao-selvagem-80-100-congelado-pack-poupanca-continente-7788025.html,frescos,2025-04-21,Continente
Lombo de Novilho Fatiado no Balcão,6870577,29.99,"€5,40/un",Angus,"Frescos/Talho/Novilho, Vitela e Vitelão",https://www.continente.pt/dw/image/v2/BDVS_PRD/on/demandware.static/-/Sites-col-master-catalog/default/dw4341617a/images/col/687/6870577-frente.jpg?sw=280&sh=280,Quant. Mínima = 540 gr (aprox. 5 fatias),https://www.continente.pt/produto/lombo-de-novilho-fatiado-no-balcao-angus-6870577.html,frescos,2025-04-21,Continente
Jardineira de Novilho,7363668,11.99,"€8,03/un",Continente,"Frescos/Talho/Novilho, Vitela e Vitelão",https://www.continente.pt/dw/image/v2/BDVS_PRD/on/demandware.static/-/Sites-col-master-catalog/default/dw588ac5c1/images/col/736/7363668-frente.jpg?sw=280&sh=280,emb. 670 gr (aprox.),https://www.continente.pt/produto/jardineira-de-novilho-continente-7363668.html,frescos,2025-04-21,Continente
Bacalhau com Natas,8113066,3.99,"€13,30/kg",Cozinha Continente,Frescos/Take Away/Refeições Prontas/Peixe e Marisco,https://www.continente.pt/dw/image/v2/BDVS_PRD/on/demandware.static/-/Sites-col-master-catalog/default/dwf8cb7fba/images/col/811/8113066-topshot.jpg?sw=280&sh=280,emb. 300 gr,https://www.continente.pt/produto/bacalhau-com-natas-cozinha-continente-8113066.html,frescos,2025-04-21,Continente
Folhas Frescas para Lasanha,5693833,1.18,"€4,72/kg",Nonna Amelia,Frescos/Padaria e Pastelaria/Massas para Culinária,https://www.continente.pt/dw/image/v2/BDVS_PRD/on/demandware.static/-/Sites-col-master-catalog/default/dw45e55f69/images/col/569/5693833-frente.jpg?sw=280&sh=280,emb. 250 gr,https://www.continente.pt/produto/folhas-frescas-para-lasanha-nonna-amelia-5693833.html,frescos,2025-04-21,Continente
Cenoura Ripada,3802122,0.89,"€4,45/kg",Continente,"Frescos/Legumes/Cenoura, Abóbora e Beterraba",https://www.continente.pt/dw/image/v2/BDVS_PRD/on/demandware.static/-/Sites-col-master-catalog/default/dwddd7b580/images/col/380/3802122-frente.jpg?sw=280&sh=280,emb. 200 gr (4 doses),https://www.continente.pt/produto/cenoura-ripada-continente-3802122.html,frescos,2025-04-21,Continente
Miolo de Avelã Torrada,7029235,3.19,"€15,95/kg",Continente,"Frescos/Frutas/Frutos Secos, Desidratados e Sementes/Frutos Secos",https://www.continente.pt/dw/image/v2/BDVS_PRD/on/demandware.static/-/Sites-col-master-catalog/default/dwb1d7cea7/images/col/702/7029235-frente.jpg?sw=280&sh=280,emb. 200 gr,https://www.continente.pt/produto/miolo-de-avela-torrada-continente-7029235.html,frescos,2025-04-21,Continente
Queijo Cheddar Fatiado,7455034,1.57,"€10,47/kg",Continente,Frescos/Queijos/Fatiado e Bolas,https://www.continente.pt/dw/image/v2/BDVS_PRD/on/demandware.static/-/Sites-col-master-catalog/default/dw1de57c70/images/col/745/7455034-frente.jpg?sw=280&sh=280,emb. 150 gr,https://www.continente.pt/produto/queijo-cheddar-fatiado-continente-7455034.html,frescos,2025-04-21,Continente
Queijo Fresco,4789971,1.49,"€9,31/kg",Tété,"Frescos/Queijos/Fresco, Requeijão e Mozzarella",https://www.continente.pt/dw/image/v2/BDVS_PRD/on/demandware.static/-/Sites-col-master-catalog/default/dw93a27d93/images/col/478/4789971-frente.jpg?sw=280&sh=280,2 un x 80 gr (160 gr),https://www.continente.pt/produto/queijo-fresco-tete-4789971.html,frescos,2025-04-21,Continente
Pão de Leite,7108149,2.99,"€10,68/kg",Bimbo,Frescos/Padaria e Pastelaria/Croissants e Pães de Leite,https://www.continente.pt/dw/image/v2/BDVS_PRD/on/demandware.static/-/Sites-col-master-catalog/default/dw85da0c0c/images/col/710/7108149-frente.jpg?sw=280&sh=280,emb. 280 gr (8 un),https://www.continente.pt/produto/pao-de-leite-bimbo-7108149.html,frescos,2025-04-21,Continente
Pão de Forma 12 Cereais e Sementes com Côdea,8036528,2.19,"€3,98/kg",Oroweat,Frescos/Padaria e Pastelaria/Pão de Forma e Embalado,https://www.continente.pt/dw/image/v2/BDVS_PRD/on/demandware.static/-/Sites-col-master-catalog/default/dw149521ca/images/col/803/8036528-frente.jpg?sw=280&sh=280,emb. 550 gr,https://www.continente.pt/produto/pao-de-forma-12-cereais-e-sementes-com-codea-oroweat-8036528.html,frescos,2025-04-21,Continente
Cebolinha Fresca,7273061,1.39,"€11,12/kg",Continente,"Frescos/Legumes/Cebola, Alho e Nabo",https://www.continente.pt/dw/image/v2/BDVS_PRD/on/demandware.static/-/Sites-col-master-catalog/default/dwec1e5bcf/images/col/727/7273061-cima.jpg?sw=280&sh=280,emb. 125 gr,https://www.continente.pt/produto/cebolinha-fresca-continente-7273061.html,frescos,2025-04-21,Continente
Preparado de Carne Picada de Bovino Carnalentejana DOP,5603614,8.89,"€22,23/kg",Continente,"Frescos/Talho/Novilho, Vitela e Vitelão",https://www.continente.pt/dw/image/v2/BDVS_PRD/on/demandware.static/-/Sites-col-master-catalog/default/dw4bf8d66f/images/col/560/5603614-topshot.png?sw=280&sh=280,emb. 400 gr,https://www.continente.pt/produto/preparado-de-carne-picada-de-bovino-carnalentejana-dop-continente-5603614.html,frescos,2025-04-21,Continente
Caril de Frango,8204749,12.99,"€12,99/un",Cozinha Continente,Frescos/Take Away/Refeições Prontas/Carne,https://www.continente.pt/dw/image/v2/BDVS_PRD/on/demandware.static/-/Sites-col-master-catalog/default/dwe8b6618b/images/col/820/8204749-cima.jpg?sw=280&sh=280,Quant. Mínima = 250 gr,https://www.continente.pt/produto/caril-de-frango-cozinha-continente-8204749.html,frescos,2025-04-21,Continente
Cacetinho Integral,8367083,0.2,"€2,35/kg",,Frescos/Padaria e Pastelaria/Pão do Dia e Broa,https://www.continente.pt/dw/image/v2/BDVS_PRD/on/demandware.static/-/Sites-col-master-catalog/default/dwc3d6fd8e/images/col/836/8367083-cima.jpg?sw=280&sh=280,Quant. Mínima = 4 un,https://www.continente.pt/produto/cacetinho-integral-8367083.html,frescos,2025-04-21,Continente
Cebola Chalota,3800766,1.09,"€4,36/kg",Continente,"Frescos/Legumes/Cebola, Alho e Nabo",https://www.continente.pt/dw/image/v2/BDVS_PRD/on/demandware.static/-/Sites-col-master-catalog/default/dw4e746bae/images/col/380/3800766-frente.jpg?sw=280&sh=280,emb. 250 gr,https://www.continente.pt/produto/cebola-chalota-continente-3800766.html,frescos,2025-04-21,Continente
Queijinhos Cremosos,4988748,1.79,"€6,39/kg",Continente,Frescos/Queijos/Snacks e Barrar,https://www.continente.pt/dw/image/v2/BDVS_PRD/on/demandware.static/-/Sites-col-master-catalog/default/dwf60be585/images/col/498/4988748-frente.jpg?sw=280&sh=280,"16 un x 17,5 gr (280 gr)",https://www.continente.pt/produto/queijinhos-cremosos-continente-4988748.html,frescos,2025-04-21,Continente
Creme de Legumes,7414787,2.49,"€3,11/kg",Cozinha Continente,Frescos/Take Away/Sopas/Tradicionais,https://www.continente.pt/dw/image/v2/BDVS_PRD/on/demandware.static/-/Sites-col-master-catalog/default/dw50c9f0af/images/col/741/7414787-topshot.jpg?sw=280&sh=280,emb. 800 gr,https://www.continente.pt/produto/creme-de-legumes-cozinha-continente-7414787.html,frescos,2025-04-21,Continente
"Croutons com Azeite, Alho e Salsa",4411982,0.78,"€10,40/kg",Continente,"Frescos/Padaria e Pastelaria/Tostas, Gressinos e Croutons",https://www.continente.pt/dw/image/v2/BDVS_PRD/on/demandware.static/-/Sites-col-master-catalog/default/dw7799c2e9/images/col/441/4411982-frente.jpg?sw=280&sh=280,emb. 75 gr,https://www.continente.pt/produto/croutons-com-azeite-alho-e-salsa-continente-4411982.html,frescos,2025-04-21,Continente
Pescada Grande do Cabo MSC para Cozer Ultracongelada,4741881,6.25,"€7,81/kg",Continente,"Frescos/Peixaria/Filetes, Lombos e Postas/Congelado",https://www.continente.pt/dw/image/v2/BDVS_PRD/on/demandware.static/-/Sites-col-master-catalog/default/dw5982ad4e/images/col/474/4741881-frente.jpg?sw=280&sh=280,emb. 800 gr,https://www.continente.pt/produto/pescada-grande-do-cabo-msc-para-cozer-ultracongelada-continente-4741881.html,frescos,2025-04-21,Continente
Maçã Vermelha Zero Desperdício,7909941,1.69,"€2,11/un",Continente,"Frescos/Frutas/Banana, Maçã e Pera",https://www.continente.pt/dw/image/v2/BDVS_PRD/on/demandware.static/-/Sites-col-master-catalog/default/dw00aef130/images/col/790/7909941-topshot-saco.jpg?sw=280&sh=280,"emb. 1,25 kg",https://www.continente.pt/produto/maca-vermelha-zero-desperdicio-continente-7909941.html,frescos,2025-04-21,Continente
Mirtilo Biológico,8420798,2.49,"€19,92/kg",Continente Bio,Frescos/Frutas/Morango e Frutos Vermelhos,https://www.continente.pt/dw/image/v2/BDVS_PRD/on/demandware.static/-/Sites-col-master-catalog/default/dweb611c69/images/col/842/8420798-frente.jpg?sw=280&sh=280,emb. 125 gr,https://www.continente.pt/produto/mirtilo-biologico-continente-bio-8420798.html,frescos,2025-04-21,Continente
Queijo de Vaca Curado,6877045,5.99,"€11,98/kg",Castelões,Frescos/Queijos/Curado,https://www.continente.pt/dw/image/v2/BDVS_PRD/on/demandware.static/-/Sites-col-master-catalog/default/dwaffd354b/images/col/687/6877045-frente.jpg?sw=280&sh=280,emb. 500 gr (aprox.),https://www.continente.pt/produto/queijo-de-vaca-curado-casteloes-6877045.html,frescos,2025-04-21,Continente
Bacalhau à Gomes de Sá,7748233,11.99,"€3,00/un",Cozinha Continente,Frescos/Take Away/Refeições Prontas/Peixe e Marisco,https://www.continente.pt/dw/image/v2/BDVS_PRD/on/demandware.static/-/Sites-col-master-catalog/default/dw0e62ee5a/images/col/774/7748233-amb.jpg?sw=280&sh=280,Quant. Mínima = 250 gr,https://www.continente.pt/produto/bacalhau-a-gomes-de-sa-cozinha-continente-7748233.html,frescos,2025-04-21,Continente
Queijo Emmental Ralado,4054579,2.59,"€17,27/kg",Président,Frescos/Queijos/Ralado,https://www.continente.pt/dw/image/v2/BDVS_PRD/on/demandware.static/-/Sites-col-master-catalog/default/dw6d242a96/images/col/405/4054579-frente.jpg?sw=280&sh=280,emb. 150 gr,https://www.continente.pt/produto/queijo-emmental-ralado-president-4054579.html,frescos,2025-04-21,Continente
Ravioli Fresco de 4 Queijos,5060909,3.49,"€13,96/kg",Rana,Frescos/Take Away/Massas Frescas/Massas Recheadas,https://www.continente.pt/dw/image/v2/BDVS_PRD/on/demandware.static/-/Sites-col-master-catalog/default/dw65b0f57c/images/col/506/5060909-frente.jpg?sw=280&sh=280,emb. 250 gr,https://www.continente.pt/produto/ravioli-fresco-de-4-queijos-rana-5060909.html,frescos,2025-04-21,Continente
Bife do Lombo de Novilho,7411346,29.99,"€12,00/un",Continente,"Frescos/Talho/Novilho, Vitela e Vitelão",https://www.continente.pt/dw/image/v2/BDVS_PRD/on/demandware.static/-/Sites-col-master-catalog/default/dw8212a345/images/col/741/7411346-topshot.jpg?sw=280&sh=280,emb. 400 gr (aprox.),https://www.continente.pt/produto/bife-do-lombo-de-novilho-continente-7411346.html,frescos,2025-04-21,Continente
Pão Rústico Cereais Massa Mãe Fatiado,7855619,2.09,"€4,64/kg",Continente,Frescos/Padaria e Pastelaria/Pão de Forma e Embalado,https://www.continente.pt/dw/image/v2/BDVS_PRD/on/demandware.static/-/Sites-col-master-catalog/default/dwd15e51b8/images/col/785/7855619-frente.png?sw=280&sh=280,emb. 450 gr,https://www.continente.pt/produto/pao-rustico-cereais-massa-mae-fatiado-continente-7855619.html,frescos,2025-04-21,Continente
Paelha à Valenciana,7888283,3.99,"€15,96/kg",Cozinha Continente,Frescos/Take Away/Refeições Prontas/Peixe e Marisco,https://www.continente.pt/dw/image/v2/BDVS_PRD/on/demandware.static/-/Sites-col-master-catalog/default/dw58b6e4b1/images/col/788/7888283-frente.jpg?sw=280&sh=280,emb. 250 gr,https://www.continente.pt/produto/paelha-a-valenciana-cozinha-continente-7888283.html,frescos,2025-04-21,Continente
Queijo Fresco de Cabra,6053916,1.59,"€12,23/kg",Continente,"Frescos/Queijos/Fresco, Requeijão e Mozzarella",https://www.continente.pt/dw/image/v2/BDVS_PRD/on/demandware.static/-/Sites-col-master-catalog/default/dw90866609/images/col/605/6053916-frente.jpg?sw=280&sh=280,emb. 130 gr,https://www.continente.pt/produto/queijo-fresco-de-cabra-continente-6053916.html,frescos,2025-04-21,Continente
Fiambre de Peito Peru Fatiado no Balcão Forno de Lenha,2812840,15.99,"€1,60/un",Campofrio,"Frescos/Charcutaria/Fiambre, Mortadela e Salame/Fiambre de Aves",https://www.continente.pt/dw/image/v2/BDVS_PRD/on/demandware.static/-/Sites-col-master-catalog/default/dweb326a96/images/col/281/2812840-frente.jpg?sw=280&sh=280,Quant. Mínima = 100 gr (aprox. 6 fatias),https://www.continente.pt/produto/fiambre-de-peito-peru-fatiado-no-balcao-forno-de-lenha-campofrio-2812840.html,frescos,2025-04-21,Continente
Ravioli Fresco de Abóbora e Cebola Caramelizada,7749062,3.79,"€15,16/kg",Rana,Frescos/Take Away/Massas Frescas/Massas Recheadas,https://www.continente.pt/dw/image/v2/BDVS_PRD/on/demandware.static/-/Sites-col-master-catalog/default/dw86af3845/images/col/774/7749062-frente.jpg?sw=280&sh=280,emb. 250 gr,https://www.continente.pt/produto/ravioli-fresco-de-abobora-e-cebola-caramelizada-rana-7749062.html,frescos,2025-04-21,Continente
Tomate Cacho Biológico,7382563,2.59,"€5,18/kg",Continente Bio,"Frescos/Legumes/Alface, Tomate, Pepino e Pimento",https://www.continente.pt/dw/image/v2/BDVS_PRD/on/demandware.static/-/Sites-col-master-catalog/default/dw7a142ef4/images/col/738/7382563-frente.jpg?sw=280&sh=280,emb. 500 gr,https://www.continente.pt/produto/tomate-cacho-biologico-continente-bio-7382563.html,frescos,2025-04-21,Continente
Fiambre de Peito de Peru Forno de Lenha Fatiado,5031522,2.75,"€22,92/kg",Campofrio,"Frescos/Charcutaria/Fiambre, Mortadela e Salame/Fiambre de Aves",https://www.continente.pt/dw/image/v2/BDVS_PRD/on/demandware.static/-/Sites-col-master-catalog/default/dw364a84d5/images/col/503/5031522-frente.jpg?sw=280&sh=280,emb. 120 gr,https://www.continente.pt/produto/fiambre-de-peito-de-peru-forno-de-lenha-fatiado-campofrio-5031522.html,frescos,2025-04-21,Continente
Queijo Cheddar Vintage,7515334,4.45,"€22,25/kg",Kerrygold,Frescos/Queijos/Queijos do Mundo,https://www.continente.pt/dw/image/v2/BDVS_PRD/on/demandware.static/-/Sites-col-master-catalog/default/dwb4df196d/images/col/751/7515334-frente.jpg?sw=280&sh=280,emb. 200 gr,https://www.continente.pt/produto/queijo-cheddar-vintage-kerrygold-7515334.html,frescos,2025-04-21,Continente
Frango para Churrasco,7069753,3.49,"€3,84/un",Continente,Frescos/Talho/Frango e Peru,https://www.continente.pt/dw/image/v2/BDVS_PRD/on/demandware.static/-/Sites-col-master-catalog/default/dwd75187eb/images/col/706/7069753-topshot.jpg?sw=280&sh=280,"emb. 1,1 kg (aprox.)",https://www.continente.pt/produto/frango-para-churrasco-continente-7069753.html,frescos,2025-04-21,Continente
Pizza Fresca Romana,6716050,2.39,"€5,76/kg",Continente,Frescos/Take Away/Pizzas,https://www.continente.pt/dw/image/v2/BDVS_PRD/on/demandware.static/-/Sites-col-master-catalog/default/dw3c035882/images/col/671/6716050-frente.jpg?sw=280&sh=280,emb. 415 gr,https://www.continente.pt/produto/pizza-fresca-romana-continente-6716050.html,frescos,2025-04-21,Continente
Sopa de Peixe,5235822,2.49,"€6,23/kg",Cozinha Continente,Frescos/Take Away/Sopas/Tradicionais,https://www.continente.pt/dw/image/v2/BDVS_PRD/on/demandware.static/-/Sites-col-master-catalog/default/dwb18f59c6/images/col/523/5235822-topshot.jpg?sw=280&sh=280,emb. 400 gr,https://www.continente.pt/produto/sopa-de-peixe-cozinha-continente-5235822.html,frescos,2025-04-21,Continente
Baguete de Trigo,8023240,0.46,"€2,30/kg",,Frescos/Padaria e Pastelaria/Pão do Dia e Broa,https://www.continente.pt/dw/image/v2/BDVS_PRD/on/demandware.static/-/Sites-col-master-catalog/default/dwef07f165/images/col/802/8023236-cima.jpg?sw=280&sh=280,emb. 200 gr (1 un),https://www.continente.pt/produto/baguete-de-trigo-8023240.html,frescos,2025-04-21,Continente
Lombo Assado Fatiado,7804597,4.99,"€12,48/kg",H.M. Caneira,Frescos/Take Away/Refeições Prontas/Carne,https://www.continente.pt/dw/image/v2/BDVS_PRD/on/demandware.static/-/Sites-col-master-catalog/default/dwca0f0852/images/col/780/7804597-direito.jpg?sw=280&sh=280,emb. 400 gr,https://www.continente.pt/produto/lombo-assado-fatiado-h.m.-caneira-7804597.html,frescos,2025-04-21,Continente
Girasoli Fresco com Pesto,7279387,2.49,"€9,96/kg",Continente Seleção,Frescos/Take Away/Massas Frescas/Massas Recheadas,https://www.continente.pt/dw/image/v2/BDVS_PRD/on/demandware.static/-/Sites-col-master-catalog/default/dw9428cf98/images/col/727/7279387-cima.jpg?sw=280&sh=280,emb. 250 gr,https://www.continente.pt/produto/girasoli-fresco-com-pesto-continente-selecao-7279387.html,frescos,2025-04-21,Continente
Espinafre Baby,7576701,1.59,"€9,09/kg",Florette,"Frescos/Legumes/Couves, Brócolos e Espinafres",https://www.continente.pt/dw/image/v2/BDVS_PRD/on/demandware.static/-/Sites-col-master-catalog/default/dw338d44a7/images/col/757/7576701-frente.jpg?sw=280&sh=280,emb. 175 gr,https://www.continente.pt/produto/espinafre-baby-florette-7576701.html,frescos,2025-04-21,Continente
Queijo Ralado para Pratos Mexicanos,7619391,1.89,"€9,45/kg",Continente,Frescos/Queijos/Ralado,https://www.continente.pt/dw/image/v2/BDVS_PRD/on/demandware.static/-/Sites-col-master-catalog/default/dw190fabf3/images/col/761/7619391-frente.jpg?sw=280&sh=280,emb. 200 gr,https://www.continente.pt/produto/queijo-ralado-para-pratos-mexicanos-continente-7619391.html,frescos,2025-04-21,Continente
Batata Assada com Bacon,7677231,6.99,"€1,75/un",Cozinha Continente,Frescos/Take Away/Refeições Prontas/Acompanhamentos,https://www.continente.pt/dw/image/v2/BDVS_PRD/on/demandware.static/-/Sites-col-master-catalog/default/dw6f09d50d/images/col/767/7677231-amb.jpg?sw=280&sh=280,Quant. Mínima = 250 gr,https://www.continente.pt/produto/batata-assada-com-bacon-cozinha-continente-7677231.html,frescos,2025-04-21,Continente
Espinafre,5773748,1.52,"€10,13/kg",Vitacress,"Frescos/Legumes/Couves, Brócolos e Espinafres",https://www.continente.pt/dw/image/v2/BDVS_PRD/on/demandware.static/-/Sites-col-master-catalog/default/dwcbaad536/images/col/577/5773748-frente.jpg?sw=280&sh=280,emb. 150 gr,https://www.continente.pt/produto/espinafre-vitacress-5773748.html,frescos,2025-04-21,Continente
Queijo Mozzarella Light,6249472,1.05,"€8,40/kg",Continente Equilíbrio,"Frescos/Queijos/Fresco, Requeijão e Mozzarella",https://www.continente.pt/dw/image/v2/BDVS_PRD/on/demandware.static/-/Sites-col-master-catalog/default/dwda3a70f7/images/col/624/6249472-frente.jpg?sw=280&sh=280,emb. 125 gr,https://www.continente.pt/produto/queijo-mozzarella-light-continente-equilibrio-6249472.html,frescos,2025-04-21,Continente
Queijo Curado Light Fatiado,7540921,2.09,"€11,61/kg",Milhafre,Frescos/Queijos/Fatiado e Bolas,https://www.continente.pt/dw/image/v2/BDVS_PRD/on/demandware.static/-/Sites-col-master-catalog/default/dw981de9df/images/col/754/7540921-frente.jpg?sw=280&sh=280,emb. 180 gr,https://www.continente.pt/produto/queijo-curado-light-fatiado-milhafre-7540921.html,frescos,2025-04-21,Continente
Sementes de Chia Biológicas,6616056,1.49,"€9,93/kg",Continente Bio,"Frescos/Frutas/Frutos Secos, Desidratados e Sementes/Sementes e Pevides",https://www.continente.pt/dw/image/v2/BDVS_PRD/on/demandware.static/-/Sites-col-master-catalog/default/dwff4fff84/images/col/661/6616056-amb.jpg?sw=280&sh=280,emb. 150 gr,https://www.continente.pt/produto/sementes-de-chia-biologicas-continente-bio-6616056.html,frescos,2025-04-21,Continente
Pão de Leite Brioche,5016591,2.99,"€8,54/kg",Brioche Pasquier,Frescos/Padaria e Pastelaria/Croissants e Pães de Leite,https://www.continente.pt/dw/image/v2/BDVS_PRD/on/demandware.static/-/Sites-col-master-catalog/default/dw6adc7f28/images/col/501/5016591-frente.jpg?sw=280&sh=280,emb. 350 gr (10 un),https://www.continente.pt/produto/pao-de-leite-brioche-brioche-pasquier-5016591.html,frescos,2025-04-21,Continente
Perninha de Frango do Campo,2839966,7.99,"€4,63/un",Continente Seleção,Frescos/Talho/Frango e Peru,https://www.continente.pt/dw/image/v2/BDVS_PRD/on/demandware.static/-/Sites-col-master-catalog/default/dwc9c79cef/images/col/283/2839966-frente.jpg?sw=280&sh=280,emb. 580 gr (aprox.),https://www.continente.pt/produto/perninha-de-frango-do-campo-continente-selecao-2839966.html,frescos,2025-04-21,Continente
Queijo Mozzarella e Emmental Ralado para Pizza,4054566,2.59,"€17,27/kg",Président,Frescos/Queijos/Ralado,https://www.continente.pt/dw/image/v2/BDVS_PRD/on/demandware.static/-/Sites-col-master-catalog/default/dw7d4dc7fd/images/col/405/4054566-frente.jpg?sw=280&sh=280,emb. 150 gr,https://www.continente.pt/produto/queijo-mozzarella-e-emmental-ralado-para-pizza-president-4054566.html,frescos,2025-04-21,Continente
Seitan Biológico,7103468,2.79,"€7,97/kg",Continente Bio,"Bio e Saudável/Biológicos/Peixaria, Talho e Alternativas",https://www.continente.pt/dw/image/v2/BDVS_PRD/on/demandware.static/-/Sites-col-master-catalog/default/dw33c59317/images/col/710/7103468-cima.jpg?sw=280&sh=280,emb. 350 gr,https://www.continente.pt/produto/seitan-biologico-continente-bio-7103468.html,frescos,2025-04-21,Continente
Queijo Flamengo dos Açores Fatiado,5126086,2.49,"€9,96/kg",Continente,Frescos/Queijos/Fatiado e Bolas,https://www.continente.pt/dw/image/v2/BDVS_PRD/on/demandware.static/-/Sites-col-master-catalog/default/dw1a8877b9/images/col/512/5126086-frente.jpg?sw=280&sh=280,emb. 250 gr,https://www.continente.pt/produto/queijo-flamengo-dos-acores-fatiado-continente-5126086.html,frescos,2025-04-21,Continente
Fiambre da Perna Fatiado,4952196,1.18,"€11,80/kg",Nobre,"Frescos/Charcutaria/Fiambre, Mortadela e Salame/Fiambre de Porco",https://www.continente.pt/dw/image/v2/BDVS_PRD/on/demandware.static/-/Sites-col-master-catalog/default/dw624d5959/images/col/495/4952196-hero.jpg?sw=280&sh=280,emb. 100 gr,https://www.continente.pt/produto/fiambre-da-perna-fatiado-nobre-4952196.html,frescos,2025-04-21,Continente
Beterraba Cozida,2202907,1.55,"€3,10/kg",Continente,"Frescos/Legumes/Cenoura, Abóbora e Beterraba",https://www.continente.pt/dw/image/v2/BDVS_PRD/on/demandware.static/-/Sites-col-master-catalog/default/dwdeb86d18/images/col/220/2202907-frente.jpg?sw=280&sh=280,emb. 500 gr,https://www.continente.pt/produto/beterraba-cozida-continente-2202907.html,frescos,2025-04-21,Continente
Canónigos,2716608,1.29,"€10,32/kg",Continente,"Frescos/Legumes/Saladas, Sopas e Salteados",https://www.continente.pt/dw/image/v2/BDVS_PRD/on/demandware.static/-/Sites-col-master-catalog/default/dw1966fbbb/images/col/271/2716608-frente.jpg?sw=280&sh=280,emb. 125 gr,https://www.continente.pt/produto/canonigos-continente-2716608.html,frescos,2025-04-21,Continente
Ravioli Fresco de Queijo de Cabra e Cebola Caramelizada,5060950,3.99,"€15,96/kg",Rana,Frescos/Take Away/Massas Frescas/Massas Recheadas,https://www.continente.pt/dw/image/v2/BDVS_PRD/on/demandware.static/-/Sites-col-master-catalog/default/dwb679afec/images/col/506/5060950-frente.jpg?sw=280&sh=280,emb. 250 gr,https://www.continente.pt/produto/ravioli-fresco-de-queijo-de-cabra-e-cebola-caramelizada-rana-5060950.html,frescos,2025-04-21,Continente
Carne de Porco à Portuguesa,5969840,11.99,"€3,00/un",Cozinha Continente,Frescos/Take Away/Refeições Prontas/Carne,https://www.continente.pt/dw/image/v2/BDVS_PRD/on/demandware.static/-/Sites-col-master-catalog/default/dwdb7d38c9/images/col/596/5969840-amb.jpg?sw=280&sh=280,Quant. Mínima = 250 gr,https://www.continente.pt/produto/carne-de-porco-a-portuguesa-cozinha-continente-5969840.html,frescos,2025-04-21,Continente
Alho Seco Descascado,7320080,1.29,"€12,90/kg",ELS,"Frescos/Legumes/Cebola, Alho e Nabo",https://www.continente.pt/dw/image/v2/BDVS_PRD/on/demandware.static/-/Sites-col-master-catalog/default/dw6c360361/images/col/732/7320080-direito.jpg?sw=280&sh=280,emb. 100 gr,https://www.continente.pt/produto/alho-seco-descascado-els-7320080.html,frescos,2025-04-21,Continente
Queijo Fresco Meio Gordo,2112708,1.37,"€6,85/kg",Santiago,"Frescos/Queijos/Fresco, Requeijão e Mozzarella",https://www.continente.pt/dw/image/v2/BDVS_PRD/on/demandware.static/-/Sites-col-master-catalog/default/dw8021ef65/images/col/211/2112708-frente.jpg?sw=280&sh=280,emb. 200 gr,https://www.continente.pt/produto/queijo-fresco-meio-gordo-santiago-2112708.html,frescos,2025-04-21,Continente
Alface Lisa,6579810,1.29,"€6,45/kg",Continente,"Frescos/Legumes/Alface, Tomate, Pepino e Pimento",https://www.continente.pt/dw/image/v2/BDVS_PRD/on/demandware.static/-/Sites-col-master-catalog/default/dw82af1ee9/images/col/657/6579810-cima-granel.jpg?sw=280&sh=280,emb. 200 gr,https://www.continente.pt/produto/alface-lisa-continente-6579810.html,frescos,2025-04-21,Continente
Baguete de Cereais,7648367,1.15,"€5,75/kg",,Frescos/Padaria e Pastelaria/Pão do Dia e Broa,https://www.continente.pt/dw/image/v2/BDVS_PRD/on/demandware.static/-/Sites-col-master-catalog/default/dwd4fbec09/images/col/764/7648367-cima.jpg?sw=280&sh=280,emb. 200 gr (1 un),https://www.continente.pt/produto/baguete-de-cereais-7648367.html,frescos,2025-04-21,Continente
Ravioli Fresco de Fiambre e Queijo,5060891,3.49,"€13,96/kg",Rana,Frescos/Take Away/Massas Frescas/Massas Recheadas,https://www.continente.pt/dw/image/v2/BDVS_PRD/on/demandware.static/-/Sites-col-master-catalog/default/dw03ef6074/images/col/506/5060891-frente.jpg?sw=280&sh=280,emb. 250 gr,https://www.continente.pt/produto/ravioli-fresco-de-fiambre-e-queijo-rana-5060891.html,frescos,2025-04-21,Continente
Ravioli Fresco de Bolonhesa,5311121,3.49,"€13,96/kg",Rana,Frescos/Take Away/Massas Frescas/Massas Recheadas,https://www.continente.pt/dw/image/v2/BDVS_PRD/on/demandware.static/-/Sites-col-master-catalog/default/dwc8c13b1d/images/col/531/5311121-frente.jpg?sw=280&sh=280,emb. 250 gr,https://www.continente.pt/produto/ravioli-fresco-de-bolonhesa-rana-5311121.html,frescos,2025-04-21,Continente
Preparado para Sopa de Espinafres,6610199,2.49,"€4,98/kg",ELS,"Frescos/Legumes/Saladas, Sopas e Salteados",https://www.continente.pt/dw/image/v2/BDVS_PRD/on/demandware.static/-/Sites-col-master-catalog/default/dw0edd119f/images/col/661/6610199-frente.jpg?sw=280&sh=280,emb. 500 gr,https://www.continente.pt/produto/preparado-para-sopa-de-espinafres-els-6610199.html,frescos,2025-04-21,Continente
Queijo Fresco Meio Gordo Longa Duração,6355380,2.74,"€10,96/kg",Continente,"Frescos/Queijos/Fresco, Requeijão e Mozzarella",https://www.continente.pt/dw/image/v2/BDVS_PRD/on/demandware.static/-/Sites-col-master-catalog/default/dwa6836c57/images/col/635/6355380-frente.jpg?sw=280&sh=280,"4 un x 62,5 gr (250 gr)",https://www.continente.pt/produto/queijo-fresco-meio-gordo-longa-duracao-continente-6355380.html,frescos,2025-04-21,Continente
Fiambre de Peito de Frango Fatias Finas Cuida-t+,5508722,2.75,"€25,00/kg",Nobre,"Frescos/Charcutaria/Fiambre, Mortadela e Salame/Fiambre de Aves",https://www.continente.pt/dw/image/v2/BDVS_PRD/on/demandware.static/-/Sites-col-master-catalog/default/dw00120e7b/images/col/550/5508722-hero.jpg?sw=280&sh=280,emb. 110 gr,https://www.continente.pt/produto/fiambre-de-peito-de-frango-fatias-finas-cuida-t-nobre-5508722.html,frescos,2025-04-21,Continente
Carne de Porco à Portuguesa para 3 Pessoas,8067721,10.79,"€10,79/kg",Cozinha Continente,Frescos/Take Away/Refeições Prontas/Carne,https://www.continente.pt/dw/image/v2/BDVS_PRD/on/demandware.static/-/Sites-col-master-catalog/default/dw8a79dbf2/images/col/806/8067721-topshot.jpg?sw=280&sh=280,emb. 1 kg,https://www.continente.pt/produto/carne-de-porco-a-portuguesa-para-3-pessoas-cozinha-continente-8067721.html,frescos,2025-04-21,Continente
Cebola Doce,5987283,2.39,"€3,41/kg",Continente,"Frescos/Legumes/Cebola, Alho e Nabo",https://www.continente.pt/dw/image/v2/BDVS_PRD/on/demandware.static/-/Sites-col-master-catalog/default/dwa5ff97b7/images/col/598/5987283-frente.png?sw=280&sh=280,emb. 700 gr,https://www.continente.pt/produto/cebola-doce-continente-5987283.html,frescos,2025-04-21,Continente
Queijo Cheddar Mature,7515337,4.2,"€21,00/kg",Kerrygold,Frescos/Queijos/Queijos do Mundo,https://www.continente.pt/dw/image/v2/BDVS_PRD/on/demandware.static/-/Sites-col-master-catalog/default/dw8fb66e42/images/col/751/7515337-frente.jpg?sw=280&sh=280,emb. 200 gr,https://www.continente.pt/produto/queijo-cheddar-mature-kerrygold-7515337.html,frescos,2025-04-21,Continente
Limão Biológico,7382311,1.69,"€3,38/kg",Continente Bio,"Frescos/Frutas/Laranja, Clementina e Limão",https://www.continente.pt/dw/image/v2/BDVS_PRD/on/demandware.static/-/Sites-col-master-catalog/default/dw75b9cfa9/images/col/738/7382311_frente.jpg?sw=280&sh=280,emb. 500 gr,https://www.continente.pt/produto/limao-biologico-continente-bio-7382311.html,frescos,2025-04-21,Continente
Queijo da Ilha Ralado,4106151,1.99,"€9,95/kg",Continente,Frescos/Queijos/Ralado,https://www.continente.pt/dw/image/v2/BDVS_PRD/on/demandware.static/-/Sites-col-master-catalog/default/dw9f7bbc95/images/col/410/4106151-frente.jpg?sw=280&sh=280,emb. 200 gr,https://www.continente.pt/produto/queijo-da-ilha-ralado-continente-4106151.html,frescos,2025-04-21,Continente
Queijo Curado Light Sem Lactose Fatiado,7329390,3.49,"€11,63/kg",Castelões,Frescos/Queijos/Fatiado e Bolas,https://www.continente.pt/dw/image/v2/BDVS_PRD/on/demandware.static/-/Sites-col-master-catalog/default/dw631f77ce/images/col/732/7329390-frente.jpg?sw=280&sh=280,2 un x 150 gr (300 gr),https://www.continente.pt/produto/queijo-curado-light-sem-lactose-fatiado-casteloes-7329390.html,frescos,2025-04-21,Continente
Paloco do Pacífico MSC Desfiado Demolhado Ultracongelado,7291496,4.29,"€8,58/kg",Continente,Frescos/Peixaria/Bacalhau/Congelado,https://www.continente.pt/dw/image/v2/BDVS_PRD/on/demandware.static/-/Sites-col-master-catalog/default/dw724ee5f8/images/col/729/7291496-frente.jpg?sw=280&sh=280,emb. 500 gr,https://www.continente.pt/produto/paloco-do-pacifico-msc-desfiado-demolhado-ultracongelado-continente-7291496.html,frescos,2025-04-21,Continente
Lasanha Bolonhesa,7414651,2.49,"€6,23/kg",Continente,Frescos/Take Away/Refeições Prontas/Italianas,https://www.continente.pt/dw/image/v2/BDVS_PRD/on/demandware.static/-/Sites-col-master-catalog/default/dw93f67320/images/col/741/7414651-frente.jpg?sw=280&sh=280,emb. 400 gr,https://www.continente.pt/produto/lasanha-bolonhesa-continente-7414651.html,frescos,2025-04-21,Continente
Caju Biológico,7184113,2.99,"€19,93/kg",Continente Bio,"Frescos/Frutas/Frutos Secos, Desidratados e Sementes/Frutos Secos",https://www.continente.pt/dw/image/v2/BDVS_PRD/on/demandware.static/-/Sites-col-master-catalog/default/dw20092520/images/col/718/7184113-cima.jpg?sw=280&sh=280,emb. 150 gr,https://www.continente.pt/produto/caju-biologico-continente-bio-7184113.html,frescos,2025-04-21,Continente
Abóbora Butternut Biológica,5593661,1.59,"€1,65/un",Continente Bio,"Frescos/Legumes/Cenoura, Abóbora e Beterraba",https://www.continente.pt/dw/image/v2/BDVS_PRD/on/demandware.static/-/Sites-col-master-catalog/default/dwc72dbf48/images/col/559/5593661-frente.jpg?sw=280&sh=280,"Quant. Mínima = 1,04 kg (1 un)",https://www.continente.pt/produto/abobora-butternut-biologica-continente-bio-5593661.html,frescos,2025-04-21,Continente
Cogumelo Marron Fresco,4987751,5.99,"€0,24/un",Continente,"Frescos/Legumes/Cogumelos, Espargos e Exóticos",https://www.continente.pt/dw/image/v2/BDVS_PRD/on/demandware.static/-/Sites-col-master-catalog/default/dwe0f52a7c/images/col/498/4987751-cima-granel.png?sw=280&sh=280,Quant. Mínima = 240 gr (6 un),https://www.continente.pt/produto/cogumelo-marron-fresco-continente-4987751.html,frescos,2025-04-21,Continente
Húmus Beterraba,7156652,1.99,"€11,06/kg",Cozinha Continente,Frescos/Take Away/Grab&Go/Pastas e Dips,https://www.continente.pt/dw/image/v2/BDVS_PRD/on/demandware.static/-/Sites-col-master-catalog/default/dw14d23460/images/col/715/7156652-frente.jpg?sw=280&sh=280,emb. 180 gr,https://www.continente.pt/produto/humus-beterraba-cozinha-continente-7156652.html,frescos,2025-04-21,Continente
Fiambre de Peito Peru Braseado Fatias Finas Cuida-t+,5508724,2.75,"€25,00/kg",Nobre,"Frescos/Charcutaria/Fiambre, Mortadela e Salame/Fiambre de Aves",https://www.continente.pt/dw/image/v2/BDVS_PRD/on/demandware.static/-/Sites-col-master-catalog/default/dwc60300aa/images/col/550/5508724-hero.jpg?sw=280&sh=280,emb. 110 gr,https://www.continente.pt/produto/fiambre-de-peito-peru-braseado-fatias-finas-cuida-t-nobre-5508724.html,frescos,2025-04-21,Continente
Mistura de Pimentos Doces,5687417,1.99,"€9,95/kg",Continente,"Frescos/Legumes/Alface, Tomate, Pepino e Pimento",https://www.continente.pt/dw/image/v2/BDVS_PRD/on/demandware.static/-/Sites-col-master-catalog/default/dwb2477d4d/images/col/568/5687417-frente.jpg?sw=280&sh=280,emb. 200 gr,https://www.continente.pt/produto/mistura-de-pimentos-doces-continente-5687417.html,frescos,2025-04-21,Continente
Pimento Verde,2076823,3.49,"€1,05/un",Continente,"Frescos/Legumes/Alface, Tomate, Pepino e Pimento",https://www.continente.pt/dw/image/v2/BDVS_PRD/on/demandware.static/-/Sites-col-master-catalog/default/dw13347299/images/col/207/2076823-frente.jpg?sw=280&sh=280,Quant. Mínima = 600 gr (2 un),https://www.continente.pt/produto/pimento-verde-continente-2076823.html,frescos,2025-04-21,Continente
Pão de Forma Integral sem Côdea,7159007,1.59,"€3,53/kg",Continente,Frescos/Padaria e Pastelaria/Pão de Forma e Embalado,https://www.continente.pt/dw/image/v2/BDVS_PRD/on/demandware.static/-/Sites-col-master-catalog/default/dw773e6ddd/images/col/715/7159007-frente.jpg?sw=280&sh=280,emb. 450 gr,https://www.continente.pt/produto/pao-de-forma-integral-sem-codea-continente-7159007.html,frescos,2025-04-21,Continente
Pão de Forma Integral sem Côdea,6996106,1.99,"€4,42/kg",Bimbo,Frescos/Padaria e Pastelaria/Pão de Forma e Embalado,https://www.continente.pt/dw/image/v2/BDVS_PRD/on/demandware.static/-/Sites-col-master-catalog/default/dwad6333db/images/col/699/6996106-frente.jpg?sw=280&sh=280,emb. 450 gr,https://www.continente.pt/produto/pao-de-forma-integral-sem-codea-bimbo-6996106.html,frescos,2025-04-21,Continente
Tagliatelle Fresco Biológico,7551410,2.19,"€2,19/un",Casa Milo,Frescos/Take Away/Massas Frescas/Massas Simples,https://www.continente.pt/dw/image/v2/BDVS_PRD/on/demandware.static/-/Sites-col-master-catalog/default/dw3f88e0b9/images/col/755/7551410-frente.jpg?sw=280&sh=280,emb. 250 gr,https://www.continente.pt/produto/tagliatelle-fresco-biologico-casa-milo-7551410.html,frescos,2025-04-21,Continente
Tostas de Trigo Integrais,5078545,2.59,"€3,45/kg",Continente Equilíbrio,"Frescos/Padaria e Pastelaria/Tostas, Gressinos e Croutons",https://www.continente.pt/dw/image/v2/BDVS_PRD/on/demandware.static/-/Sites-col-master-catalog/default/dwfba14fe4/images/col/507/5078545-frente.jpg?sw=280&sh=280,5 un x 150 gr (750 gr),https://www.continente.pt/produto/tostas-de-trigo-integrais-continente-equilibrio-5078545.html,frescos,2025-04-21,Continente
Almôndegas de Bovino Carnalentejana DOP,5603585,8.89,"€25,40/kg",Continente,"Frescos/Talho/Novilho, Vitela e Vitelão",https://www.continente.pt/dw/image/v2/BDVS_PRD/on/demandware.static/-/Sites-col-master-catalog/default/dwde330c2c/images/col/560/5603585-topshot.png?sw=280&sh=280,emb. 350 gr,https://www.continente.pt/produto/almondegas-de-bovino-carnalentejana-dop-continente-5603585.html,frescos,2025-04-21,Continente
Conjunto 3 Queijos Curados,5465212,2.95,"€10,93/kg",Montiqueijo,Frescos/Queijos/Curado,https://www.continente.pt/dw/image/v2/BDVS_PRD/on/demandware.static/-/Sites-col-master-catalog/default/dw0a054fee/images/col/546/5465212-topshot.jpg?sw=280&sh=280,3 un (270 gr),https://www.continente.pt/produto/conjunto-3-queijos-curados-montiqueijo-5465212.html,frescos,2025-04-21,Continente
Pão Alentejano,7371806,1.35,"€3,38/kg",,Frescos/Padaria e Pastelaria/Pão do Dia e Broa,https://www.continente.pt/dw/image/v2/BDVS_PRD/on/demandware.static/-/Sites-col-master-catalog/default/dwa393a5bd/images/col/737/7371806-cima.jpg?sw=280&sh=280,emb. 400 gr (1 un),https://www.continente.pt/produto/pao-alentejano-7371806.html,frescos,2025-04-21,Continente
Queijinhos Cremosos Light,4989065,2.29,"€8,18/kg",Continente,Frescos/Queijos/Snacks e Barrar,https://www.continente.pt/dw/image/v2/BDVS_PRD/on/demandware.static/-/Sites-col-master-catalog/default/dwaac65d08/images/col/498/4989065-frente.jpg?sw=280&sh=280,"16 un x 17,5 gr (280 gr)",https://www.continente.pt/produto/queijinhos-cremosos-light-continente-4989065.html,frescos,2025-04-21,Continente
Bife de Atum Ultracongelado,7621341,4.49,"€17,96/kg",Continente Seleção,"Frescos/Peixaria/Filetes, Lombos e Postas/Congelado",https://www.continente.pt/dw/image/v2/BDVS_PRD/on/demandware.static/-/Sites-col-master-catalog/default/dw53196984/images/col/762/7621341-cima.jpg?sw=280&sh=280,emb. 250 gr,https://www.continente.pt/produto/bife-de-atum-ultracongelado-continente-selecao-7621341.html,frescos,2025-04-21,Continente
Rúcula Selvagem ,7802003,1.49,"€19,87/kg",Vitacress,"Frescos/Legumes/Saladas, Sopas e Salteados",https://www.continente.pt/dw/image/v2/BDVS_PRD/on/demandware.static/-/Sites-col-master-catalog/default/dwed111e65/images/col/780/7802003-frente.jpg?sw=280&sh=280,emb. 75 gr,https://www.continente.pt/produto/rucula-selvagem%C2%A0-vitacress-7802003.html,frescos,2025-04-21,Continente
Mirtilo Biológico,7465846,2.59,"€20,72/kg",Continente Bio,Frescos/Frutas/Morango e Frutos Vermelhos,https://www.continente.pt/dw/image/v2/BDVS_PRD/on/demandware.static/-/Sites-col-master-catalog/default/dw70e89f25/images/col/746/7465846-frente.jpg?sw=280&sh=280,emb. 125 gr,https://www.continente.pt/produto/mirtilo-biologico-continente-bio-7465846.html,frescos,2025-04-21,Continente
Pastéis de Bacalhau Gourmet para Forno,7650433,4.99,"€19,49/kg",Riberalves,"Congelados/Salgados, Folhados e Pastelaria/Salgados",https://www.continente.pt/dw/image/v2/BDVS_PRD/on/demandware.static/-/Sites-col-master-catalog/default/dw574e6ef7/images/col/765/7650433-frente.jpg?sw=280&sh=280,emb. 256 gr,https://www.continente.pt/produto/pasteis-de-bacalhau-gourmet-para-forno-riberalves-7650433.html,frescos,2025-04-21,Continente
Queijo de Mistura sem Lactose Amanteigado Fatiado,5344275,2.75,"€15,28/kg",Limiano,Frescos/Queijos/Fatiado e Bolas,https://www.continente.pt/dw/image/v2/BDVS_PRD/on/demandware.static/-/Sites-col-master-catalog/default/dw3a648737/images/col/534/5344275-frente.jpg?sw=280&sh=280,emb. 180 gr,https://www.continente.pt/produto/queijo-de-mistura-sem-lactose-amanteigado-fatiado-limiano-5344275.html,frescos,2025-04-21,Continente
Bola da Aldeia,7847191,0.35,"€3,89/kg",,Frescos/Padaria e Pastelaria/Pão do Dia e Broa,https://www.continente.pt/dw/image/v2/BDVS_PRD/on/demandware.static/-/Sites-col-master-catalog/default/dw09871e17/images/col/784/7847191-cima.png?sw=280&sh=280,Quant. Mínima = 2 un (180 gr),https://www.continente.pt/produto/bola-da-aldeia-7847191.html,frescos,2025-04-21,Continente
Perna de Frango do Campo,2818787,7.99,"€5,99/un",Continente Seleção,Frescos/Talho/Frango e Peru,https://www.continente.pt/dw/image/v2/BDVS_PRD/on/demandware.static/-/Sites-col-master-catalog/default/dw7bb622f9/images/col/281/2818787-frente.jpg?sw=280&sh=280,emb. 750 gr (aprox.),https://www.continente.pt/produto/perna-de-frango-do-campo-continente-selecao-2818787.html,frescos,2025-04-21,Continente
Fiambre de Peito de Frango Forno de Lenha Fatiado no Balcão,4954272,15.99,"€1,60/un",Campofrio,"Frescos/Charcutaria/Fiambre, Mortadela e Salame/Fiambre de Aves",https://www.continente.pt/dw/image/v2/BDVS_PRD/on/demandware.static/-/Sites-col-master-catalog/default/dw04e50ef7/images/col/495/4954272-frente.jpg?sw=280&sh=280,Quant. Mínima = 100 gr (aprox. 8 fatias),https://www.continente.pt/produto/fiambre-de-peito-de-frango-forno-de-lenha-fatiado-no-balcao-campofrio-4954272.html,frescos,2025-04-21,Continente
Batata Frita com Oregãos,7810634,1.39,"€11,58/kg",Cozinha Continente,Frescos/Take Away/Refeições Prontas/Acompanhamentos,https://www.continente.pt/dw/image/v2/BDVS_PRD/on/demandware.static/-/Sites-col-master-catalog/default/dw4b109daf/images/col/781/7810634-cima.jpg?sw=280&sh=280,emb. 120 gr,https://www.continente.pt/produto/batata-frita-com-oregaos-cozinha-continente-7810634.html,frescos,2025-04-21,Continente
Metade Papaia de Avião,5579140,3.69,"€1,03/un",Continente,Frescos/Frutas/Uvas e Tropicais,https://www.continente.pt/dw/image/v2/BDVS_PRD/on/demandware.static/-/Sites-col-master-catalog/default/dw79d3baec/images/col/557/5579140-cima.jpg?sw=280&sh=280,1/2 Papaia = 280 gr,https://www.continente.pt/produto/metade-papaia-de-aviao-continente-5579140.html,frescos,2025-04-21,Continente
Queijo Curado Fatiado,8122267,4.89,"€12,23/kg",Milhafre,Frescos/Queijos/Fatiado e Bolas,https://www.continente.pt/dw/image/v2/BDVS_PRD/on/demandware.static/-/Sites-col-master-catalog/default/dwb3333840/images/col/812/8122267-frente.jpg?sw=280&sh=280,2 x 200 gr (400 gr),https://www.continente.pt/produto/queijo-curado-fatiado-milhafre-8122267.html,frescos,2025-04-21,Continente
Queijo Flamengo sem Lactose Fatiado,7490244,1.49,"€9,93/kg",Continente,Frescos/Queijos/Fatiado e Bolas,https://www.continente.pt/dw/image/v2/BDVS_PRD/on/demandware.static/-/Sites-col-master-catalog/default/dw2dbddf87/images/col/749/7490244-frente.jpg?sw=280&sh=280,emb. 150 gr,https://www.continente.pt/produto/queijo-flamengo-sem-lactose-fatiado-continente-7490244.html,frescos,2025-04-21,Continente
Metade Couve Coração,8208581,1.39,"€1,04/un",Continente,"Frescos/Legumes/Couves, Brócolos e Espinafres",https://www.continente.pt/dw/image/v2/BDVS_PRD/on/demandware.static/-/Sites-col-master-catalog/default/dw19908d36/images/col/820/8208581-frente.jpg?sw=280&sh=280,1/2 Couve = 750 gr,https://www.continente.pt/produto/metade-couve-coracao-continente-8208581.html,frescos,2025-04-21,Continente
Alface Roxa,6579807,1.29,"€6,45/kg",Continente,"Frescos/Legumes/Alface, Tomate, Pepino e Pimento",https://www.continente.pt/dw/image/v2/BDVS_PRD/on/demandware.static/-/Sites-col-master-catalog/default/dwbd956a0d/images/col/657/6579807-cima-granel.jpg?sw=280&sh=280,emb. 200 gr,https://www.continente.pt/produto/alface-roxa-continente-6579807.html,frescos,2025-04-21,Continente
Queijo Fresco Longa Duração sem Lactose,7095568,2.59,"€10,36/kg",Président,"Frescos/Queijos/Fresco, Requeijão e Mozzarella",https://www.continente.pt/dw/image/v2/BDVS_PRD/on/demandware.static/-/Sites-col-master-catalog/default/dw853c50ab/images/col/709/7095568-frente.jpg?sw=280&sh=280,"4 un x 62,5 gr (250 gr)",https://www.continente.pt/produto/queijo-fresco-longa-duracao-sem-lactose-president-7095568.html,frescos,2025-04-21,Continente
Fuet Extra,5466091,2.05,"€12,06/kg",Continente,"Frescos/Charcutaria/Salpicão, Paio e Fuet",https://www.continente.pt/dw/image/v2/BDVS_PRD/on/demandware.static/-/Sites-col-master-catalog/default/dw41e28586/images/col/546/5466091-cima-acessorio.jpg?sw=280&sh=280,emb. 170 gr,https://www.continente.pt/produto/fuet-extra-continente-5466091.html,frescos,2025-04-21,Continente
Tiras de Entrecosto de Porco,2751718,6.99,"€6,64/un",Continente,Frescos/Talho/Porco,https://www.continente.pt/dw/image/v2/BDVS_PRD/on/demandware.static/-/Sites-col-master-catalog/default/dw899ffd45/images/col/275/2751718-frente.jpg?sw=280&sh=280,emb. 950 gr (aprox.),https://www.continente.pt/produto/tiras-de-entrecosto-de-porco-continente-2751718.html,frescos,2025-04-21,Continente
Tostas de Trigo,5078541,2.59,"€3,45/kg",Continente,"Frescos/Padaria e Pastelaria/Tostas, Gressinos e Croutons",https://www.continente.pt/dw/image/v2/BDVS_PRD/on/demandware.static/-/Sites-col-master-catalog/default/dw6b4fe06a/images/col/507/5078541-frente.jpg?sw=280&sh=280,5 un x 150 gr (750 gr),https://www.continente.pt/produto/tostas-de-trigo-continente-5078541.html,frescos,2025-04-21,Continente
Miolo de Amendoim com Mel e Sal,8112413,1.35,"€6,75/kg",Continente,"Frescos/Frutas/Frutos Secos, Desidratados e Sementes/Frutos Secos",https://www.continente.pt/dw/image/v2/BDVS_PRD/on/demandware.static/-/Sites-col-master-catalog/default/dwd2915559/images/col/811/8112413-frente.jpg?sw=280&sh=280,emb. 200 gr,https://www.continente.pt/produto/miolo-de-amendoim-com-mel-e-sal-continente-8112413.html,frescos,2025-04-21,Continente
Queijo Mini,2163597,2.49,"€20,75/kg",Babybel,Frescos/Queijos/Snacks e Barrar,https://www.continente.pt/dw/image/v2/BDVS_PRD/on/demandware.static/-/Sites-col-master-catalog/default/dwe39383f8/images/col/216/2163597-frente.jpg?sw=280&sh=280,6 un x 20 gr (120 gr),https://www.continente.pt/produto/queijo-mini-babybel-2163597.html,frescos,2025-04-21,Continente
Queijo Emmental Fatiado,7455025,1.74,"€11,60/kg",Continente,Frescos/Queijos/Fatiado e Bolas,https://www.continente.pt/dw/image/v2/BDVS_PRD/on/demandware.static/-/Sites-col-master-catalog/default/dwb4b359a2/images/col/745/7455025-frente.jpg?sw=280&sh=280,emb. 150 gr,https://www.continente.pt/produto/queijo-emmental-fatiado-continente-7455025.html,frescos,2025-04-21,Continente
Beterraba Cozida Biológica,5103536,1.59,"€3,53/kg",Beterraba Bio,"Frescos/Legumes/Cenoura, Abóbora e Beterraba",https://www.continente.pt/dw/image/v2/BDVS_PRD/on/demandware.static/-/Sites-col-master-catalog/default/dwf23c0742/images/col/510/5103536-cima.jpg?sw=280&sh=280,emb. 450 gr,https://www.continente.pt/produto/beterraba-cozida-biologica-beterraba-bio-5103536.html,frescos,2025-04-21,Continente
Cogumelo Shitake Fresco,6921726,3.29,"€16,45/kg",Continente,"Frescos/Legumes/Cogumelos, Espargos e Exóticos",https://www.continente.pt/dw/image/v2/BDVS_PRD/on/demandware.static/-/Sites-col-master-catalog/default/dw4641c234/images/col/692/6921726-frente.png?sw=280&sh=280,emb. 200 gr,https://www.continente.pt/produto/cogumelo-shitake-fresco-continente-6921726.html,frescos,2025-04-21,Continente
Nêspera,5527026,3.49,"€6,98/kg",Continente,"Frescos/Frutas/Pêssego, Ameixa e Kiwi",https://www.continente.pt/dw/image/v2/BDVS_PRD/on/demandware.static/-/Sites-col-master-catalog/default/dw17c201e0/images/col/552/5527026-frente.jpg?sw=280&sh=280,emb. 500 gr,https://www.continente.pt/produto/nespera-continente-5527026.html,frescos,2025-04-21,Continente
Mortadela de Porco com Azeitonas,7634860,2.49,"€11,07/kg",ElPozo,"Frescos/Charcutaria/Fiambre, Mortadela e Salame/Mortadela e Salame",https://www.continente.pt/dw/image/v2/BDVS_PRD/on/demandware.static/-/Sites-col-master-catalog/default/dw5971b867/images/col/763/7634860-frente.jpg?sw=280&sh=280,emb. 225 gr,https://www.continente.pt/produto/mortadela-de-porco-com-azeitonas-elpozo-7634860.html,frescos,2025-04-21,Continente
Pizza Fresca Barbecue,6623708,2.79,"€6,98/kg",Continente,Frescos/Take Away/Pizzas,https://www.continente.pt/dw/image/v2/BDVS_PRD/on/demandware.static/-/Sites-col-master-catalog/default/dwffa18c50/images/col/662/6623708-frente.jpg?sw=280&sh=280,emb. 400 gr,https://www.continente.pt/produto/pizza-fresca-barbecue-continente-6623708.html,frescos,2025-04-21,Continente
Kiwi Biológico,7379331,2.99,"€7,48/kg",Continente Bio,"Frescos/Frutas/Pêssego, Ameixa e Kiwi",https://www.continente.pt/dw/image/v2/BDVS_PRD/on/demandware.static/-/Sites-col-master-catalog/default/dwa1d20b2e/images/col/737/7379331-frente.jpg?sw=280&sh=280,emb. 400 gr,https://www.continente.pt/produto/kiwi-biologico-continente-bio-7379331.html,frescos,2025-04-21,Continente
Queijo Roquefort,7652965,1.89,"€18,90/kg",Continente,Frescos/Queijos/Queijos do Mundo,https://www.continente.pt/dw/image/v2/BDVS_PRD/on/demandware.static/-/Sites-col-master-catalog/default/dwb8110206/images/col/765/7652965-frente.jpg?sw=280&sh=280,emb. 100 gr,https://www.continente.pt/produto/queijo-roquefort-continente-7652965.html,frescos,2025-04-21,Continente
Nabiça,5702425,1.29,"€8,60/kg",Continente,"Frescos/Legumes/Couves, Brócolos e Espinafres",https://www.continente.pt/dw/image/v2/BDVS_PRD/on/demandware.static/-/Sites-col-master-catalog/default/dw6dc894c0/images/col/570/5702425-frente.png?sw=280&sh=280,emb. 150 gr,https://www.continente.pt/produto/nabica-continente-5702425.html,frescos,2025-04-21,Continente
Ravioli Fresco de Trufas Brancas,5316710,3.99,"€15,96/kg",Rana,Frescos/Take Away/Massas Frescas/Massas Recheadas,https://www.continente.pt/dw/image/v2/BDVS_PRD/on/demandware.static/-/Sites-col-master-catalog/default/dwb6b7bd5a/images/col/531/5316710-frente.jpg?sw=280&sh=280,emb. 250 gr,https://www.continente.pt/produto/ravioli-fresco-de-trufas-brancas-rana-5316710.html,frescos,2025-04-21,Continente
Miolo de Caju,7625587,2.79,"€13,95/kg",Frumesa,"Frescos/Frutas/Frutos Secos, Desidratados e Sementes/Frutos Secos",https://www.continente.pt/dw/image/v2/BDVS_PRD/on/demandware.static/-/Sites-col-master-catalog/default/dw6b05e32e/images/col/762/7625587-frente.jpg?sw=280&sh=280,emb. 200 gr,https://www.continente.pt/produto/miolo-de-caju-frumesa-7625587.html,frescos,2025-04-21,Continente
Azeitona Mista Retalhada,7805856,2.49,"€16,60/kg",Maçarico,Frescos/Legumes/Tremoços e Azeitonas,https://www.continente.pt/dw/image/v2/BDVS_PRD/on/demandware.static/-/Sites-col-master-catalog/default/dw541c270a/images/col/780/7805856-cima.jpg?sw=280&sh=280,emb. 150 gr,https://www.continente.pt/produto/azeitona-mista-retalhada-macarico-7805856.html,frescos,2025-04-21,Continente
Pão de Cachorro,2060250,1.49,"€4,52/kg",Bimbo,"Frescos/Padaria e Pastelaria/Pão de Hambúrguer, Cachorro e Wraps",https://www.continente.pt/dw/image/v2/BDVS_PRD/on/demandware.static/-/Sites-col-master-catalog/default/dw06fb52fc/images/col/206/2060250-frente.jpg?sw=280&sh=280,emb. 330 gr (6 un),https://www.continente.pt/produto/pao-de-cachorro-bimbo-2060250.html,frescos,2025-04-21,Continente
Salada Russa,7864836,3.29,"€10,97/kg",Cozinha Continente,Frescos/Take Away/Refeições Prontas/Acompanhamentos,https://www.continente.pt/dw/image/v2/BDVS_PRD/on/demandware.static/-/Sites-col-master-catalog/default/dwcffd0fc2/images/col/786/7864836-frente.png?sw=280&sh=280,emb. 300 gr,https://www.continente.pt/produto/salada-russa-cozinha-continente-7864836.html,frescos,2025-04-21,Continente
Paloco do Pacífico Desfiado Congelado Pack Poupança,7854232,6.99,"€7,77/kg",Continente,Frescos/Peixaria/Bacalhau/Congelado,https://www.continente.pt/dw/image/v2/BDVS_PRD/on/demandware.static/-/Sites-col-master-catalog/default/dwda0461e1/images/col/785/7854232-topshot.jpg?sw=280&sh=280,emb. 900 gr,https://www.continente.pt/produto/paloco-do-pacifico-desfiado-congelado-pack-poupanca-continente-7854232.html,frescos,2025-04-21,Continente
Wrap,2838708,1.99,"€8,29/kg",Bimbo,"Frescos/Padaria e Pastelaria/Pão de Hambúrguer, Cachorro e Wraps",https://www.continente.pt/dw/image/v2/BDVS_PRD/on/demandware.static/-/Sites-col-master-catalog/default/dwb3230093/images/col/283/2838708-frente.jpg?sw=280&sh=280,emb. 240 gr (6 un),https://www.continente.pt/produto/wrap-bimbo-2838708.html,frescos,2025-04-21,Continente
Chouriço de Porco Preto Alentejano,7474148,1.99,"€15,31/kg",Continente Seleção,Frescos/Charcutaria/Chouriço e Morcela,https://www.continente.pt/dw/image/v2/BDVS_PRD/on/demandware.static/-/Sites-col-master-catalog/default/dw37514ad9/images/col/747/7474148-topshot.png?sw=280&sh=280,emb. 130 gr,https://www.continente.pt/produto/chourico-de-porco-preto-alentejano-continente-selecao-7474148.html,frescos,2025-04-21,Continente
Tofu Fumado Biológico,5885211,3.39,"€16,95/kg",Taifun,"Bio e Saudável/Biológicos/Peixaria, Talho e Alternativas",https://www.continente.pt/dw/image/v2/BDVS_PRD/on/demandware.static/-/Sites-col-master-catalog/default/dwca432d72/images/col/588/5885211-frente.jpg?sw=280&sh=280,emb. 200 gr,https://www.continente.pt/produto/tofu-fumado-biologico-taifun-5885211.html,frescos,2025-04-21,Continente
Salame de Chocolate,5131479,2.49,"€5,53/kg",Da Nossa Pastelaria,Frescos/Padaria e Pastelaria/Bolos e Sobremesas,https://www.continente.pt/dw/image/v2/BDVS_PRD/on/demandware.static/-/Sites-col-master-catalog/default/dw5f6852c8/images/col/513/5131479-frente.jpg?sw=280&sh=280,emb. 450 gr,https://www.continente.pt/produto/salame-de-chocolate-da-nossa-pastelaria-5131479.html,frescos,2025-04-21,Continente
Miolo de Gamba Rosa Selvagem de Moçambique 30/40 Congelado,7071705,5.49,"€21,96/kg",Continente Seleção,Frescos/Peixaria/Marisco/Congelado,https://www.continente.pt/dw/image/v2/BDVS_PRD/on/demandware.static/-/Sites-col-master-catalog/default/dwef5f9d12/images/col/707/7071705-frente.jpg?sw=280&sh=280,emb. 250 gr,https://www.continente.pt/produto/miolo-de-gamba-rosa-selvagem-de-mocambique-30-40-congelado-continente-selecao-7071705.html,frescos,2025-04-21,Continente
Arroz Branco,6917558,3.49,"€0,87/un",Cozinha Continente,Frescos/Take Away/Refeições Prontas/Acompanhamentos,https://www.continente.pt/dw/image/v2/BDVS_PRD/on/demandware.static/-/Sites-col-master-catalog/default/dwf9eea8f8/images/col/691/6917558-amb.jpg?sw=280&sh=280,Quant. Mínima = 250 gr,https://www.continente.pt/produto/arroz-branco-cozinha-continente-6917558.html,frescos,2025-04-21,Continente
Queijo Ralado para Massas,8170428,1.99,"€9,95/kg",Continente,Frescos/Queijos/Ralado,https://www.continente.pt/dw/image/v2/BDVS_PRD/on/demandware.static/-/Sites-col-master-catalog/default/dwb1839852/images/col/817/8170428-frente-acessorio.jpg?sw=280&sh=280,emb. 200 gr,https://www.continente.pt/produto/queijo-ralado-para-massas-continente-8170428.html,frescos,2025-04-21,Continente
Queijo Fresco Natural Longa Duração,6355391,2.54,"€10,16/kg",Continente,"Frescos/Queijos/Fresco, Requeijão e Mozzarella",https://www.continente.pt/dw/image/v2/BDVS_PRD/on/demandware.static/-/Sites-col-master-catalog/default/dw5efcb5db/images/col/635/6355391-frente.jpg?sw=280&sh=280,emb. 250 gr,https://www.continente.pt/produto/queijo-fresco-natural-longa-duracao-continente-6355391.html,frescos,2025-04-21,Continente
Coentros Natura Frescos,5662697,0.99,"€33,00/kg",Vitacress,Frescos/Legumes/Ervas Aromáticas e Especiarias,https://www.continente.pt/dw/image/v2/BDVS_PRD/on/demandware.static/-/Sites-col-master-catalog/default/dwb48bdbd3/images/col/566/5662697-frente.jpg?sw=280&sh=280,emb. 30 gr,https://www.continente.pt/produto/coentros-natura-frescos-vitacress-5662697.html,frescos,2025-04-21,Continente
Queijo Chèvre Biológico,6506903,3.99,"€22,17/kg",Soignon,Frescos/Queijos/Queijos do Mundo,https://www.continente.pt/dw/image/v2/BDVS_PRD/on/demandware.static/-/Sites-col-master-catalog/default/dw1101817f/images/col/650/6506903-frente.jpg?sw=280&sh=280,emb. 180 gr,https://www.continente.pt/produto/queijo-chevre-biologico-soignon-6506903.html,frescos,2025-04-21,Continente
Pizza Fresca Carbonara,6623707,2.79,"€6,80/kg",Continente,Frescos/Take Away/Pizzas,https://www.continente.pt/dw/image/v2/BDVS_PRD/on/demandware.static/-/Sites-col-master-catalog/default/dwe97545b7/images/col/662/6623707-frente.jpg?sw=280&sh=280,emb. 410 gr,https://www.continente.pt/produto/pizza-fresca-carbonara-continente-6623707.html,frescos,2025-04-21,Continente
Biscoitos de Cacau,4660709,2.99,"€3,99/kg",Da Nossa Pastelaria,Frescos/Padaria e Pastelaria/Biscoitos,https://www.continente.pt/dw/image/v2/BDVS_PRD/on/demandware.static/-/Sites-col-master-catalog/default/dwc47f7e26/images/col/466/4660709-frente.jpg?sw=280&sh=280,emb. 750 gr,https://www.continente.pt/produto/biscoitos-de-cacau-da-nossa-pastelaria-4660709.html,frescos,2025-04-21,Continente
Arroz Integral Pronto a Comer sem Glúten,3643622,1.45,"€5,80/kg",Cigala,Mercearia/Sopas e Refeições/Refeições,https://www.continente.pt/dw/image/v2/BDVS_PRD/on/demandware.static/-/Sites-col-master-catalog/default/dw49994a8d/images/col/364/3643622-cima.jpg?sw=280&sh=280,emb. 2 x 125 gr,https://www.continente.pt/produto/arroz-integral-pronto-a-comer-sem-gluten-cigala-3643622.html,frescos,2025-04-21,Continente
Croissant Folhado,7759757,0.55,"€9,17/kg",,Frescos/Padaria e Pastelaria/Croissants e Pães de Leite,https://www.continente.pt/dw/image/v2/BDVS_PRD/on/demandware.static/-/Sites-col-master-catalog/default/dw043bc2a2/images/col/775/7759757-frente.jpg?sw=280&sh=280,Quant. Mínima = 2 un,https://www.continente.pt/produto/croissant-folhado-7759757.html,frescos,2025-04-21,Continente
Cacetinho Rústico,7713027,0.24,"€1,71/kg",,Frescos/Padaria e Pastelaria/Pão do Dia e Broa,https://www.continente.pt/dw/image/v2/BDVS_PRD/on/demandware.static/-/Sites-col-master-catalog/default/dw87399c20/images/col/771/7713027-cima-acessorio.png?sw=280&sh=280,Quant. Mínima = 2 un (280 gr),https://www.continente.pt/produto/cacetinho-rustico-7713027.html,frescos,2025-04-21,Continente
Cachorro com Queijo Gouda,8022052,2.49,"€12,45/kg",Continente,"Frescos/Take Away/Grab&Go/Hambúrgueres, Sandes e Wraps",https://www.continente.pt/dw/image/v2/BDVS_PRD/on/demandware.static/-/Sites-col-master-catalog/default/dw2b56b10e/images/col/802/8022052-frente.jpg?sw=280&sh=280,emb. 200 gr (2 un),https://www.continente.pt/produto/cachorro-com-queijo-gouda-continente-8022052.html,frescos,2025-04-21,Continente
Couve Flor Biológica,7357121,3.59,"€7,18/kg",Continente Bio,"Frescos/Legumes/Couves, Brócolos e Espinafres",https://www.continente.pt/dw/image/v2/BDVS_PRD/on/demandware.static/-/Sites-col-master-catalog/default/dw2c4b3021/images/col/735/7357121-cima.jpg?sw=280&sh=280,emb. 500 gr,https://www.continente.pt/produto/couve-flor-biologica-continente-bio-7357121.html,frescos,2025-04-21,Continente
Supremas de Bacalhau Ultracongeladas,4676679,6.99,"€17,47/kg",Pescanova,Frescos/Peixaria/Bacalhau/Congelado,https://www.continente.pt/dw/image/v2/BDVS_PRD/on/demandware.static/-/Sites-col-master-catalog/default/dw9c3af6de/images/col/467/4676679-frente.jpg?sw=280&sh=280,emb. 400 gr,https://www.continente.pt/produto/supremas-de-bacalhau-ultracongeladas-pescanova-4676679.html,frescos,2025-04-21,Continente
Linguiça Extra,4873358,1.39,"€9,27/kg",Continente,Frescos/Charcutaria/Salsichas e Linguiças,https://www.continente.pt/dw/image/v2/BDVS_PRD/on/demandware.static/-/Sites-col-master-catalog/default/dw246d65ba/images/col/487/4873358-frente.jpg?sw=280&sh=280,emb. 150 gr,https://www.continente.pt/produto/linguica-extra-continente-4873358.html,frescos,2025-04-21,Continente
Queijo Parmigiano Reggiano DOP Lascas,6635027,2.69,"€33,63/kg",Soloitalia,Frescos/Queijos/Queijos do Mundo,https://www.continente.pt/dw/image/v2/BDVS_PRD/on/demandware.static/-/Sites-col-master-catalog/default/dw4dc61b88/images/col/663/6635027-frente.jpg?sw=280&sh=280,emb. 80 gr,https://www.continente.pt/produto/queijo-parmigiano-reggiano-dop-lascas-soloitalia-6635027.html,frescos,2025-04-21,Continente
Frango do Campo Inteiro Com Miúdos,2816831,4.49,"€10,91/un",Continente,Frescos/Talho/Frango e Peru,https://www.continente.pt/dw/image/v2/BDVS_PRD/on/demandware.static/-/Sites-col-master-catalog/default/dw438006f5/images/col/281/2816831-frente.jpg?sw=280&sh=280,"emb. 2,43 kg (aprox.)",https://www.continente.pt/produto/frango-do-campo-inteiro-com-miudos-continente-2816831.html,frescos,2025-04-21,Continente
Pizza Fresca Queijo e Frango,6716051,2.79,"€6,64/kg",Continente,Frescos/Take Away/Pizzas,https://www.continente.pt/dw/image/v2/BDVS_PRD/on/demandware.static/-/Sites-col-master-catalog/default/dwd7109794/images/col/671/6716051-cima.jpg?sw=280&sh=280,emb. 420 gr,https://www.continente.pt/produto/pizza-fresca-queijo-e-frango-continente-6716051.html,frescos,2025-04-21,Continente
Gengibre Biológico Fresco,6367103,2.29,"€7,63/kg",Continente Bio,"Frescos/Legumes/Cogumelos, Espargos e Exóticos",https://www.continente.pt/dw/image/v2/BDVS_PRD/on/demandware.static/-/Sites-col-master-catalog/default/dw26695f11/images/col/636/6367103-frente.jpg?sw=280&sh=280,emb. 300 gr,https://www.continente.pt/produto/gengibre-biologico-fresco-continente-bio-6367103.html,frescos,2025-04-21,Continente
Agrião,7127901,1.89,"€15,12/kg",Vitacress,"Frescos/Legumes/Couves, Brócolos e Espinafres",https://www.continente.pt/dw/image/v2/BDVS_PRD/on/demandware.static/-/Sites-col-master-catalog/default/dwd1a97a1c/images/col/712/7127901-frente.jpg?sw=280&sh=280,emb. 125 gr,https://www.continente.pt/produto/agriao-vitacress-7127901.html,frescos,2025-04-21,Continente
Presunto Fatiado 9 Meses de Cura,7156770,2.89,"€24,08/kg",Continente,Frescos/Charcutaria/Presunto,https://www.continente.pt/dw/image/v2/BDVS_PRD/on/demandware.static/-/Sites-col-master-catalog/default/dwdcac4494/images/col/715/7156770-cima.jpg?sw=280&sh=280,emb. 120 gr,https://www.continente.pt/produto/presunto-fatiado-9-meses-de-cura-continente-7156770.html,frescos,2025-04-21,Continente
Red Fish Médio Congelado,2214009,3.99,"€2,00/un",,Frescos/Peixaria/Peixe Congelado,https://www.continente.pt/dw/image/v2/BDVS_PRD/on/demandware.static/-/Sites-col-master-catalog/default/dw1123efce/images/col/221/2214009-frente.jpg?sw=280&sh=280,Quant. Mínima = 500 gr,https://www.continente.pt/produto/red-fish-medio-congelado-2214009.html,frescos,2025-04-21,Continente
Posta de Pescada Nº 3 do Cabo para Cozer Ultracongelada,2211982,5.99,"€9,98/kg",Pescanova,"Frescos/Peixaria/Filetes, Lombos e Postas/Congelado",https://www.continente.pt/dw/image/v2/BDVS_PRD/on/demandware.static/-/Sites-col-master-catalog/default/dw7eccb767/images/col/221/2211982-cima.jpg?sw=280&sh=280,emb. 600 gr,https://www.continente.pt/produto/posta-de-pescada-n-3-do-cabo-para-cozer-ultracongelada-pescanova-2211982.html,frescos,2025-04-21,Continente
Pão Rústico Mistura Massa Mãe Fatiado,7855601,2.09,"€4,64/kg",Continente,Frescos/Padaria e Pastelaria/Pão de Forma e Embalado,https://www.continente.pt/dw/image/v2/BDVS_PRD/on/demandware.static/-/Sites-col-master-catalog/default/dw5a32505b/images/col/785/7855601-frente.png?sw=280&sh=280,emb. 450 gr,https://www.continente.pt/produto/pao-rustico-mistura-massa-mae-fatiado-continente-7855601.html,frescos,2025-04-21,Continente
Preparado de Sopa de Agrião,6610198,2.29,"€4,58/kg",ELS,"Frescos/Legumes/Saladas, Sopas e Salteados",https://www.continente.pt/dw/image/v2/BDVS_PRD/on/demandware.static/-/Sites-col-master-catalog/default/dwa43005eb/images/col/661/6610198-frente.jpg?sw=280&sh=280,emb. 500 gr,https://www.continente.pt/produto/preparado-de-sopa-de-agriao-els-6610198.html,frescos,2025-04-21,Continente
Salame Nápoles Fatiado,6490620,3.29,"€41,13/kg",Corte del Gusto,"Frescos/Charcutaria/Fiambre, Mortadela e Salame/Mortadela e Salame",https://www.continente.pt/dw/image/v2/BDVS_PRD/on/demandware.static/-/Sites-col-master-catalog/default/dw6b5da84f/images/col/649/6490620-frente.jpg?sw=280&sh=280,emb. 80 gr,https://www.continente.pt/produto/salame-napoles-fatiado-corte-del-gusto-6490620.html,frescos,2025-04-21,Continente
Sopa de Cenoura e Coentros,6901688,2.79,"€3,49/lt",Go Natural,Frescos/Take Away/Sopas/Sem Batata,https://www.continente.pt/dw/image/v2/BDVS_PRD/on/demandware.static/-/Sites-col-master-catalog/default/dw404e879d/images/col/690/6901688-frente.jpg?sw=280&sh=280,emb. 800 gr,https://www.continente.pt/produto/sopa-de-cenoura-e-coentros-go-natural-6901688.html,frescos,2025-04-21,Continente
Azeitona Verde Descaroçada,7805858,2.49,"€20,75/kg",Maçarico,Frescos/Legumes/Tremoços e Azeitonas,https://www.continente.pt/dw/image/v2/BDVS_PRD/on/demandware.static/-/Sites-col-master-catalog/default/dwf144da5b/images/col/780/7805858-cima.jpg?sw=280&sh=280,emb. 120 gr,https://www.continente.pt/produto/azeitona-verde-descarocada-macarico-7805858.html,frescos,2025-04-21,Continente
Queijo de Vaca Chaumes Balcão,7918438,29.99,"€6,00/un",Haute Fromagerie,Frescos/Queijos/Queijos do Mundo,https://www.continente.pt/dw/image/v2/BDVS_PRD/on/demandware.static/-/Sites-col-master-catalog/default/dw8ca80237/images/col/791/7918438-frente.jpg?sw=280&sh=280,Quant. Mínima = 200 gr,https://www.continente.pt/produto/queijo-de-vaca-chaumes-balcao-haute-fromagerie-7918438.html,frescos,2025-04-21,Continente
Queijo Fresco Magro,2555568,0.79,"€9,88/kg",Santiago,"Frescos/Queijos/Fresco, Requeijão e Mozzarella",https://www.continente.pt/dw/image/v2/BDVS_PRD/on/demandware.static/-/Sites-col-master-catalog/default/dw6e164588/images/col/255/2555568-frente.jpg?sw=280&sh=280,emb. 80 gr,https://www.continente.pt/produto/queijo-fresco-magro-santiago-2555568.html,frescos,2025-04-21,Continente
Bolinhos,6881740,2.59,"€8,09/kg",Brioche Pasquier,Frescos/Padaria e Pastelaria/Croissants e Pães de Leite,https://www.continente.pt/dw/image/v2/BDVS_PRD/on/demandware.static/-/Sites-col-master-catalog/default/dwa9450af9/images/col/688/6881740-frente.jpg?sw=280&sh=280,emb. 320 gr (8 un),https://www.continente.pt/produto/bolinhos-brioche-pasquier-6881740.html,frescos,2025-04-21,Continente
Miolo de Amêndoa sem Pele com Sal,7029260,3.19,"€15,95/kg",Continente,"Frescos/Frutas/Frutos Secos, Desidratados e Sementes/Frutos Secos",https://www.continente.pt/dw/image/v2/BDVS_PRD/on/demandware.static/-/Sites-col-master-catalog/default/dwcf523a0b/images/col/702/7029260-frente.jpg?sw=280&sh=280,emb. 200 gr,https://www.continente.pt/produto/miolo-de-amendoa-sem-pele-com-sal-continente-7029260.html,frescos,2025-04-21,Continente
Caju de Moçambique com Sal Marinho,7458816,4.19,"€20,95/kg",Os Originais,"Frescos/Frutas/Frutos Secos, Desidratados e Sementes/Frutos Secos",https://www.continente.pt/dw/image/v2/BDVS_PRD/on/demandware.static/-/Sites-col-master-catalog/default/dw081cd64a/images/col/745/7458816-cima.jpg?sw=280&sh=280,emb. 200 gr,https://www.continente.pt/produto/caju-de-mocambique-com-sal-marinho-os-originais-7458816.html,frescos,2025-04-21,Continente
Almôndegas de Porco,6148734,2.99,"€7,48/kg",Continente,Frescos/Talho/Pronto a Cozinhar,https://www.continente.pt/dw/image/v2/BDVS_PRD/on/demandware.static/-/Sites-col-master-catalog/default/dw99149094/images/col/614/6148734-frente.jpg?sw=280&sh=280,emb. 400 gr,https://www.continente.pt/produto/almondegas-de-porco-continente-6148734.html,frescos,2025-04-21,Continente
Tostas Clássicas,7638927,2.99,"€11,96/kg",La Mole,"Frescos/Padaria e Pastelaria/Tostas, Gressinos e Croutons",https://www.continente.pt/dw/image/v2/BDVS_PRD/on/demandware.static/-/Sites-col-master-catalog/default/dw7861279d/images/col/763/7638927-cima.jpg?sw=280&sh=280,emb. 250 gr,https://www.continente.pt/produto/tostas-classicas-la-mole-7638927.html,frescos,2025-04-21,Continente
Sopa de Legumes,4388730,1.79,"€4,48/kg",Cozinha Continente,Frescos/Take Away/Sopas/Tradicionais,https://www.continente.pt/dw/image/v2/BDVS_PRD/on/demandware.static/-/Sites-col-master-catalog/default/dwccbda517/images/col/438/4388730-topshot.jpg?sw=280&sh=280,emb. 400 gr,https://www.continente.pt/produto/sopa-de-legumes-cozinha-continente-4388730.html,frescos,2025-04-21,Continente
Lula Limpa 20/40 Ultracongelada,4901242,5.49,"€12,20/kg",Pescanova,"Frescos/Peixaria/Polvo, Lulas e Chocos/Congelado",https://www.continente.pt/dw/image/v2/BDVS_PRD/on/demandware.static/-/Sites-col-master-catalog/default/dw800330f3/images/col/490/4901242-frente.jpg?sw=280&sh=280,emb. 450 gr,https://www.continente.pt/produto/lula-limpa-20-40-ultracongelada-pescanova-4901242.html,frescos,2025-04-21,Continente
Massa Folhada Light,5184895,1.49,"€6,48/kg",Continente,Frescos/Padaria e Pastelaria/Massas para Culinária,https://www.continente.pt/dw/image/v2/BDVS_PRD/on/demandware.static/-/Sites-col-master-catalog/default/dw297f4d22/images/col/518/5184895-frente.jpg?sw=280&sh=280,emb. 230 gr,https://www.continente.pt/produto/massa-folhada-light-continente-5184895.html,frescos,2025-04-21,Continente
Tortilhas de Trigo,5181117,3.89,"€11,11/kg",Old El Paso,"Frescos/Padaria e Pastelaria/Pão de Hambúrguer, Cachorro e Wraps",https://www.continente.pt/dw/image/v2/BDVS_PRD/on/demandware.static/-/Sites-col-master-catalog/default/dw030ecdee/images/col/518/5181117-frente.jpg?sw=280&sh=280,emb. 350 gr (6 un),https://www.continente.pt/produto/tortilhas-de-trigo-old-el-paso-5181117.html,frescos,2025-04-21,Continente
Fiambre de Peito de Peru Fatiado no Balcão,3639558,17.99,"€1,80/un",Campofrio,"Frescos/Charcutaria/Fiambre, Mortadela e Salame/Fiambre de Aves",https://www.continente.pt/dw/image/v2/BDVS_PRD/on/demandware.static/-/Sites-col-master-catalog/default/dwd8ed3607/images/col/363/3639558-frente-tabua.jpg?sw=280&sh=280,Quant. Mínima = 100 gr (aprox. 6 fatias),https://www.continente.pt/produto/fiambre-de-peito-de-peru-fatiado-no-balcao-campofrio-3639558.html,frescos,2025-04-21,Continente
Cenoura Baby,7156301,2.09,"€8,36/kg",Continente,"Frescos/Legumes/Cenoura, Abóbora e Beterraba",https://www.continente.pt/dw/image/v2/BDVS_PRD/on/demandware.static/-/Sites-col-master-catalog/default/dw413c236e/images/col/715/7156301-frente.jpg?sw=280&sh=280,emb. 250 gr,https://www.continente.pt/produto/cenoura-baby-continente-7156301.html,frescos,2025-04-21,Continente
Salada Minute Suprema,7720407,3.49,"€17,45/kg",Vitacress,Frescos/Take Away/Grab&Go/Saladas,https://www.continente.pt/dw/image/v2/BDVS_PRD/on/demandware.static/-/Sites-col-master-catalog/default/dw67e81153/col/772/7720407_cima.jpg?sw=280&sh=280,emb. 200 gr,https://www.continente.pt/produto/salada-minute-suprema-vitacress-7720407.html,frescos,2025-04-21,Continente
Rúcula,7578234,1.59,"€15,90/kg",Florette,"Frescos/Legumes/Saladas, Sopas e Salteados",https://www.continente.pt/dw/image/v2/BDVS_PRD/on/demandware.static/-/Sites-col-master-catalog/default/dwc5366643/images/col/757/7578234-frente.jpg?sw=280&sh=280,emb. 100 gr,https://www.continente.pt/produto/rucula-florette-7578234.html,frescos,2025-04-21,Continente
Sopa de Cenoura e Coentros,6901789,1.86,"€4,65/lt",Go Natural,Frescos/Take Away/Sopas/Sem Batata,https://www.continente.pt/dw/image/v2/BDVS_PRD/on/demandware.static/-/Sites-col-master-catalog/default/dw0a9429b7/images/col/690/6901789-topshot.jpg?sw=280&sh=280,emb. 400 gr,https://www.continente.pt/produto/sopa-de-cenoura-e-coentros-go-natural-6901789.html,frescos,2025-04-21,Continente
Queijo Fresco Alho e Ervas Finas,2163633,2.37,"€15,80/kg",Boursin,Frescos/Queijos/Snacks e Barrar,https://www.continente.pt/dw/image/v2/BDVS_PRD/on/demandware.static/-/Sites-col-master-catalog/default/dweac4f028/images/col/216/2163633-frente.png?sw=280&sh=280,emb. 150 gr,https://www.continente.pt/produto/queijo-fresco-alho-e-ervas-finas-boursin-2163633.html,frescos,2025-04-21,Continente
Couve Portuguesa / Penca,2076774,1.89,"€1,83/un",Continente,"Frescos/Legumes/Couves, Brócolos e Espinafres",https://www.continente.pt/dw/image/v2/BDVS_PRD/on/demandware.static/-/Sites-col-master-catalog/default/dw1f8de341/images/col/207/2076774-cima.jpg?sw=280&sh=280,Quant. Mínima = 970 gr,https://www.continente.pt/produto/couve-portuguesa-penca-continente-2076774.html,frescos,2025-04-21,Continente
Camarão Black Tiger 20/30 Congelado,5664357,10.99,"€0,44/un",,Frescos/Peixaria/Marisco/Congelado,https://www.continente.pt/dw/image/v2/BDVS_PRD/on/demandware.static/-/Sites-col-master-catalog/default/dw1082da68/images/col/566/5664357-cima.jpg?sw=280&sh=280,Quant. Mínima = 400 gr (10 un),https://www.continente.pt/produto/camarao-black-tiger-20-30-congelado-5664357.html,frescos,2025-04-21,Continente
Perna de Frango com Costa,7384305,2.49,"€4,23/un",Continente,Frescos/Talho/Frango e Peru,https://www.continente.pt/dw/image/v2/BDVS_PRD/on/demandware.static/-/Sites-col-master-catalog/default/dw149d34b9/images/col/738/7384305-frente.jpg?sw=280&sh=280,"emb. 1,7 kg (aprox.)",https://www.continente.pt/produto/perna-de-frango-com-costa-continente-7384305.html,frescos,2025-04-21,Continente
Bife do Coração de Alcatra de Vitela Fatiado no Balcão,6872154,16.99,"€3,40/un",Continente,"Frescos/Talho/Novilho, Vitela e Vitelão",https://www.continente.pt/dw/image/v2/BDVS_PRD/on/demandware.static/-/Sites-col-master-catalog/default/dw1a8c6205/images/col/687/6872154-frente.jpg?sw=280&sh=280,Quant. Mínima = 600 gr (aprox. 3 fatias),https://www.continente.pt/produto/bife-do-coracao-de-alcatra-de-vitela-fatiado-no-balcao-continente-6872154.html,frescos,2025-04-21,Continente
Queijo Manchego DOP 6 Meses de Cura,7442283,5.29,"€21,16/kg",Continente,Frescos/Queijos/Queijos do Mundo,https://www.continente.pt/dw/image/v2/BDVS_PRD/on/demandware.static/-/Sites-col-master-catalog/default/dw71c71054/images/col/744/7442283-frente.jpg?sw=280&sh=280,emb. 250 gr,https://www.continente.pt/produto/queijo-manchego-dop-6-meses-de-cura-continente-7442283.html,frescos,2025-04-21,Continente
Pão de Forma 9 Cereais sem Côdea,5547623,2.69,"€5,60/kg",Panrico,Frescos/Padaria e Pastelaria/Pão de Forma e Embalado,https://www.continente.pt/dw/image/v2/BDVS_PRD/on/demandware.static/-/Sites-col-master-catalog/default/dw9687e00a/images/col/554/5547623-frente.jpg?sw=280&sh=280,emb. 480 gr,https://www.continente.pt/produto/pao-de-forma-9-cereais-sem-codea-panrico-5547623.html,frescos,2025-04-21,Continente
Queijo Flamengo Light Fatiado,4943167,2.65,"€13,25/kg",Nova Açores,Frescos/Queijos/Fatiado e Bolas,https://www.continente.pt/dw/image/v2/BDVS_PRD/on/demandware.static/-/Sites-col-master-catalog/default/dwe5fb6e71/images/col/494/4943167-frente.jpg?sw=280&sh=280,emb. 200 gr,https://www.continente.pt/produto/queijo-flamengo-light-fatiado-nova-acores-4943167.html,frescos,2025-04-21,Continente
Azeitona Verde Descaroçada,7639811,1.86,"€11,62/kg",Qampo,Frescos/Legumes/Tremoços e Azeitonas,https://www.continente.pt/dw/image/v2/BDVS_PRD/on/demandware.static/-/Sites-col-master-catalog/default/dwe8d88508/images/col/763/7639811-frente.jpg?sw=280&sh=280,emb. 160 gr,https://www.continente.pt/produto/azeitona-verde-descarocada-qampo-7639811.html,frescos,2025-04-21,Continente
Bife Traseiro de Bovino,7303651,15.99,"€6,40/un",Continente,"Frescos/Talho/Novilho, Vitela e Vitelão",https://www.continente.pt/dw/image/v2/BDVS_PRD/on/demandware.static/-/Sites-col-master-catalog/default/dwcc762fa0/images/col/730/7303651-frente.jpg?sw=280&sh=280,emb. 400 gr (aprox.),https://www.continente.pt/produto/bife-traseiro-de-bovino-continente-7303651.html,frescos,2025-04-21,Continente
Noz com Casca Trás-os-Montes,7458314,3.99,"€7,98/kg",Os Originais,"Frescos/Frutas/Frutos Secos, Desidratados e Sementes/Frutos Secos",https://www.continente.pt/dw/image/v2/BDVS_PRD/on/demandware.static/-/Sites-col-master-catalog/default/dw1c1fbce6/images/col/745/7458314-frente.jpg?sw=280&sh=280,emb. 500 gr,https://www.continente.pt/produto/noz-com-casca-tras-os-montes-os-originais-7458314.html,frescos,2025-04-21,Continente
Sopa de Cenoura e Abóbora Biológica,7073310,1.86,"€4,65/un",Go Natural,Frescos/Take Away/Sopas/Sem Batata,https://www.continente.pt/dw/image/v2/BDVS_PRD/on/demandware.static/-/Sites-col-master-catalog/default/dwa2eb9715/images/col/707/7073310_topshot.jpg?sw=280&sh=280,emb. 400 gr,https://www.continente.pt/produto/sopa-de-cenoura-e-abobora-biologica-go-natural-7073310.html,frescos,2025-04-21,Continente
Arroz de Pato,8114915,11.99,"€11,99/un",Cozinha Continente,Frescos/Take Away/Refeições Prontas/Carne,https://www.continente.pt/dw/image/v2/BDVS_PRD/on/demandware.static/-/Sites-col-master-catalog/default/dw55035fe7/images/col/811/8114915-frente.jpg?sw=280&sh=280,Quant. Mínima = 250 gr,https://www.continente.pt/produto/arroz-de-pato-cozinha-continente-8114915.html,frescos,2025-04-21,Continente
Tortilhas de Trigo Fajita,7730874,1.19,"€3,72/kg",Continente,"Frescos/Padaria e Pastelaria/Pão de Hambúrguer, Cachorro e Wraps",https://www.continente.pt/dw/image/v2/BDVS_PRD/on/demandware.static/-/Sites-col-master-catalog/default/dw8c535b1f/images/col/773/7730874-frente.jpg?sw=280&sh=280,emb. 320 gr,https://www.continente.pt/produto/tortilhas-de-trigo-fajita-continente-7730874.html,frescos,2025-04-21,Continente
Salame Fatiado,7638584,1.59,"€10,60/kg",Continente,"Frescos/Charcutaria/Fiambre, Mortadela e Salame/Mortadela e Salame",https://www.continente.pt/dw/image/v2/BDVS_PRD/on/demandware.static/-/Sites-col-master-catalog/default/dwee8b9eba/images/col/763/7638584-frente.jpg?sw=280&sh=280,emb. 150 gr,https://www.continente.pt/produto/salame-fatiado-continente-7638584.html,frescos,2025-04-21,Continente
Sementes de Girassol Biológicas,6627430,0.79,"€3,95/kg",Continente Bio,"Frescos/Frutas/Frutos Secos, Desidratados e Sementes/Sementes e Pevides",https://www.continente.pt/dw/image/v2/BDVS_PRD/on/demandware.static/-/Sites-col-master-catalog/default/dw92ca41d0/images/col/662/6627430-frente.jpg?sw=280&sh=280,emb. 200 gr,https://www.continente.pt/produto/sementes-de-girassol-biologicas-continente-bio-6627430.html,frescos,2025-04-21,Continente
Pão de Forma Artesano com Côdea,8042219,1.99,"€3,98/kg",Bimbo,Frescos/Padaria e Pastelaria/Pão de Forma e Embalado,https://www.continente.pt/dw/image/v2/BDVS_PRD/on/demandware.static/-/Sites-col-master-catalog/default/dw03e3e6a3/images/col/804/8042219-frente.jpg?sw=280&sh=280,emb. 500 gr,https://www.continente.pt/produto/pao-de-forma-artesano-com-codea-bimbo-8042219.html,frescos,2025-04-21,Continente
Pera Rocha Biológica,7439688,2.69,"€5,38/kg",Continente Bio,"Frescos/Frutas/Banana, Maçã e Pera",https://www.continente.pt/dw/image/v2/BDVS_PRD/on/demandware.static/-/Sites-col-master-catalog/default/dw1b4ab699/images/col/743/7439688-cima.jpg?sw=280&sh=280,emb. 500 gr,https://www.continente.pt/produto/pera-rocha-biologica-continente-bio-7439688.html,frescos,2025-04-21,Continente
Fiambre da Perna Extra Fatiado,4948493,1.99,"€16,58/kg",Nobre,"Frescos/Charcutaria/Fiambre, Mortadela e Salame/Fiambre de Porco",https://www.continente.pt/dw/image/v2/BDVS_PRD/on/demandware.static/-/Sites-col-master-catalog/default/dwc167b31d/images/col/494/4948493-hero.jpg?sw=280&sh=280,emb. 120 gr,https://www.continente.pt/produto/fiambre-da-perna-extra-fatiado-nobre-4948493.html,frescos,2025-04-21,Continente
Pão de Forma com Sementes de Sésamo e Linhaça com Côdea,8036527,2.19,"€3,98/kg",Oroweat,Frescos/Padaria e Pastelaria/Pão de Forma e Embalado,https://www.continente.pt/dw/image/v2/BDVS_PRD/on/demandware.static/-/Sites-col-master-catalog/default/dwbc7e1b6a/images/col/803/8036527-frente.jpg?sw=280&sh=280,emb. 550 gr,https://www.continente.pt/produto/pao-de-forma-com-sementes-de-sesamo-e-linhaca-com-codea-oroweat-8036527.html,frescos,2025-04-21,Continente
Tomate Rosa,7630612,3.39,"€0,78/un",Tip Top,"Frescos/Legumes/Alface, Tomate, Pepino e Pimento",https://www.continente.pt/dw/image/v2/BDVS_PRD/on/demandware.static/-/Sites-col-master-catalog/default/dw527261a1/images/col/763/7630612-cima-granel.jpg?sw=280&sh=280,Quant. Mínima = 230 gr (1 un),https://www.continente.pt/produto/tomate-rosa-tip-top-7630612.html,frescos,2025-04-21,Continente
Salada Ibérica,4716698,1.75,"€17,50/kg",Vitacress,"Frescos/Legumes/Saladas, Sopas e Salteados",https://www.continente.pt/dw/image/v2/BDVS_PRD/on/demandware.static/-/Sites-col-master-catalog/default/dw90c8c61a/images/col/471/4716698-frente.jpg?sw=280&sh=280,emb. 100 gr,https://www.continente.pt/produto/salada-iberica-vitacress-4716698.html,frescos,2025-04-21,Continente
Queijo Feta DOP,7628257,3.25,"€21,67/kg",Président,Frescos/Queijos/Queijos do Mundo,https://www.continente.pt/dw/image/v2/BDVS_PRD/on/demandware.static/-/Sites-col-master-catalog/default/dw2005d936/images/col/762/7628257-frente.jpg?sw=280&sh=280,emb. 150 gr,https://www.continente.pt/produto/queijo-feta-dop-president-7628257.html,frescos,2025-04-21,Continente
Lombinho de Peru Congelado,7789810,8.89,"€4,45/un",Continente,Frescos/Talho/Frango e Peru/Peru,https://www.continente.pt/dw/image/v2/BDVS_PRD/on/demandware.static/-/Sites-col-master-catalog/default/dwecdfa64c/images/col/778/7789810-cima.jpg?sw=280&sh=280,emb. 500 gr (aprox.),https://www.continente.pt/produto/lombinho-de-peru-congelado-continente-7789810.html,frescos,2025-04-21,Continente
Guacamole,7703625,1.95,"€9,75/kg",Cozinha Continente,Frescos/Take Away/Grab&Go/Pastas e Dips,https://www.continente.pt/dw/image/v2/BDVS_PRD/on/demandware.static/-/Sites-col-master-catalog/default/dwf44f8e6f/images/col/770/7703625-cima.jpg?sw=280&sh=280,emb. 200 gr,https://www.continente.pt/produto/guacamole-cozinha-continente-7703625.html,frescos,2025-04-21,Continente
Filetes de Robalo ASC Ultracongelado,8400396,16.69,"€27,82/kg",Iglo,"Frescos/Peixaria/Filetes, Lombos e Postas/Congelado",https://www.continente.pt/dw/image/v2/BDVS_PRD/on/demandware.static/-/Sites-col-master-catalog/default/dwb9b5df5c/images/col/840/8400396-frente.png?sw=280&sh=280,6 un x 100 gr (600 gr),https://www.continente.pt/produto/filetes-de-robalo-asc-ultracongelado-iglo-8400396.html,frescos,2025-04-21,Continente
Cebola para assar,6410386,1.79,"€3,58/kg",Continente,"Frescos/Legumes/Cebola, Alho e Nabo",https://www.continente.pt/dw/image/v2/BDVS_PRD/on/demandware.static/-/Sites-col-master-catalog/default/dwafc5a819/images/col/641/6410386-frente.jpg?sw=280&sh=280,emb. 500 gr,https://www.continente.pt/produto/cebola-para-assar-continente-6410386.html,frescos,2025-04-21,Continente
Bola de Berlim Creme de Ovo,7754413,0.89,"€7,42/kg",,Frescos/Padaria e Pastelaria/Pastelaria Sortida,https://www.continente.pt/dw/image/v2/BDVS_PRD/on/demandware.static/-/Sites-col-master-catalog/default/dwd866ca7b/images/col/775/7754413-frente.jpg?sw=280&sh=280,Quant. Mínima = 2 un,https://www.continente.pt/produto/bola-de-berlim-creme-de-ovo-7754413.html,frescos,2025-04-21,Continente
Sementes de Abóbora Biológicas,6627432,2.49,"€12,45/kg",Continente Bio,"Frescos/Frutas/Frutos Secos, Desidratados e Sementes/Sementes e Pevides",https://www.continente.pt/dw/image/v2/BDVS_PRD/on/demandware.static/-/Sites-col-master-catalog/default/dwf9bae610/images/col/662/6627432-frente.jpg?sw=280&sh=280,emb. 200 gr,https://www.continente.pt/produto/sementes-de-abobora-biologicas-continente-bio-6627432.html,frescos,2025-04-21,Continente
Metade Melão Amarelo,7278939,2.09,"€2,93/un",Continente,"Frescos/Frutas/Melancia, Melão e Meloa",https://www.continente.pt/dw/image/v2/BDVS_PRD/on/demandware.static/-/Sites-col-master-catalog/default/dwc19a001a/images/col/727/7278939-frente.jpg?sw=280&sh=280,"1/2 Melão = 1,4 kg",https://www.continente.pt/produto/metade-melao-amarelo-continente-7278939.html,frescos,2025-04-21,Continente
Lombo de Porco com Molho,7706617,16.99,"€4,25/un",Cozinha Continente,Frescos/Take Away/Refeições Prontas/Carne,https://www.continente.pt/dw/image/v2/BDVS_PRD/on/demandware.static/-/Sites-col-master-catalog/default/dw92eb2b11/images/col/770/7706617-amb.jpg?sw=280&sh=280,Quant. Mínima = 250 gr,https://www.continente.pt/produto/lombo-de-porco-com-molho-cozinha-continente-7706617.html,frescos,2025-04-21,Continente
Mini Gressinos com Azeite,4644452,2.19,"€7,30/kg",Continente,"Frescos/Padaria e Pastelaria/Tostas, Gressinos e Croutons",https://www.continente.pt/dw/image/v2/BDVS_PRD/on/demandware.static/-/Sites-col-master-catalog/default/dw6ef71b2b/images/col/464/4644452-frente.jpg?sw=280&sh=280,emb. 300 gr,https://www.continente.pt/produto/mini-gressinos-com-azeite-continente-4644452.html,frescos,2025-04-21,Continente
Kiwi Verde Biológico,7432878,3.39,"€6,78/kg",Zespri,"Frescos/Frutas/Pêssego, Ameixa e Kiwi",https://www.continente.pt/dw/image/v2/BDVS_PRD/on/demandware.static/-/Sites-col-master-catalog/default/dw448f2f9c/images/col/743/7432878-direito.jpg?sw=280&sh=280,emb. 500 gr,https://www.continente.pt/produto/kiwi-verde-biologico-zespri-7432878.html,frescos,2025-04-21,Continente
Queijo Fundido Light Porções,7708154,3.49,"€13,96/kg",A Vaca que ri,Frescos/Queijos/Snacks e Barrar,https://www.continente.pt/dw/image/v2/BDVS_PRD/on/demandware.static/-/Sites-col-master-catalog/default/dwaa58a164/images/col/770/7708154-frente.png?sw=280&sh=280,16 un (250 gr),https://www.continente.pt/produto/queijo-fundido-light-porcoes-a-vaca-que-ri-7708154.html,frescos,2025-04-21,Continente
Beringela Biológica,7380498,2.39,"€5,98/kg",Continente Bio,"Frescos/Legumes/Curgete, Beringela e Feijão Verde",https://www.continente.pt/dw/image/v2/BDVS_PRD/on/demandware.static/-/Sites-col-master-catalog/default/dw6b45371d/images/col/738/7380498-cima.jpg?sw=280&sh=280,emb. 400 gr,https://www.continente.pt/produto/beringela-biologica-continente-bio-7380498.html,frescos,2025-04-21,Continente
Pão Clássico de Cereais com Côdea sem Glúten,5296274,3.94,"€13,13/kg",Schär,Frescos/Padaria e Pastelaria/Pão de Forma e Embalado,https://www.continente.pt/dw/image/v2/BDVS_PRD/on/demandware.static/-/Sites-col-master-catalog/default/dw747d46da/images/col/529/5296274-frente.jpg?sw=280&sh=280,emb. 300 gr,https://www.continente.pt/produto/pao-classico-de-cereais-com-codea-sem-gluten-schar-5296274.html,frescos,2025-04-21,Continente
Presunto Parma Fatiado 16 Meses de Cura,6490615,5.59,"€69,88/kg",Corte del Gusto,Frescos/Charcutaria/Presunto,https://www.continente.pt/dw/image/v2/BDVS_PRD/on/demandware.static/-/Sites-col-master-catalog/default/dw369e0bed/images/col/649/6490615-frente.jpg?sw=280&sh=280,emb. 80 gr,https://www.continente.pt/produto/presunto-parma-fatiado-16-meses-de-cura-corte-del-gusto-6490615.html,frescos,2025-04-21,Continente
Jardineira de Peru,7071903,9.49,"€5,69/un",Continente,Frescos/Talho/Frango e Peru/Peru,https://www.continente.pt/dw/image/v2/BDVS_PRD/on/demandware.static/-/Sites-col-master-catalog/default/dw51998db2/images/col/707/7071903-frente.jpg?sw=280&sh=280,emb. 600 gr (aprox.),https://www.continente.pt/produto/jardineira-de-peru-continente-7071903.html,frescos,2025-04-21,Continente
Azeitona Mista Retalhada,7571614,2.29,"€10,90/kg",Continente,Frescos/Legumes/Tremoços e Azeitonas,https://www.continente.pt/dw/image/v2/BDVS_PRD/on/demandware.static/-/Sites-col-master-catalog/default/dw079daf55/images/col/757/7571614-frente.jpg?sw=280&sh=280,emb. 210 gr,https://www.continente.pt/produto/azeitona-mista-retalhada-continente-7571614.html,frescos,2025-04-21,Continente
Mini Gressinos de Trigo,2200050,1.89,"€6,30/kg",Continente,"Frescos/Padaria e Pastelaria/Tostas, Gressinos e Croutons",https://www.continente.pt/dw/image/v2/BDVS_PRD/on/demandware.static/-/Sites-col-master-catalog/default/dw8789a2ee/images/col/220/2200050-frente.jpg?sw=280&sh=280,emb. 300 gr,https://www.continente.pt/produto/mini-gressinos-de-trigo-continente-2200050.html,frescos,2025-04-21,Continente
Presunto Fatias Finas 9 Meses de Cura,7156763,5.49,"€24,95/kg",Continente,Frescos/Charcutaria/Presunto,https://www.continente.pt/dw/image/v2/BDVS_PRD/on/demandware.static/-/Sites-col-master-catalog/default/dw40d1c21a/images/col/715/7156763-frente.jpg?sw=280&sh=280,emb. 220 gr,https://www.continente.pt/produto/presunto-fatias-finas-9-meses-de-cura-continente-7156763.html,frescos,2025-04-21,Continente
Fiambre Dinamarquês Fatiado no Balcão,6303867,22.49,"€2,25/un",Tulip,"Frescos/Charcutaria/Fiambre, Mortadela e Salame/Fiambre de Porco",https://www.continente.pt/dw/image/v2/BDVS_PRD/on/demandware.static/-/Sites-col-master-catalog/default/dwdc3d5c9e/images/col/630/6303867-direito.jpg?sw=280&sh=280,Quant. Mínima = 100 gr,https://www.continente.pt/produto/fiambre-dinamarques-fatiado-no-balcao-tulip-6303867.html,frescos,2025-04-21,Continente
Robalo Médio Fresco Nacional,7045216,8.99,"€3,42/un",,Frescos/Peixaria/Peixe Fresco,https://www.continente.pt/dw/image/v2/BDVS_PRD/on/demandware.static/-/Sites-col-master-catalog/default/dwcbb29dac/images/col/704/7045216-frente.jpg?sw=280&sh=280,Quant. Mínima = 380 gr (1 un),https://www.continente.pt/produto/robalo-medio-fresco-nacional-7045216.html,frescos,2025-04-21,Continente
Chourição Sabor Suave Fatiado,4952205,1.39,"€13,90/kg",Nobre,"Frescos/Charcutaria/Salpicão, Paio e Fuet",https://www.continente.pt/dw/image/v2/BDVS_PRD/on/demandware.static/-/Sites-col-master-catalog/default/dw1b526d7f/images/col/495/4952205-hero.jpg?sw=280&sh=280,emb. 100 gr,https://www.continente.pt/produto/chouricao-sabor-suave-fatiado-nobre-4952205.html,frescos,2025-04-21,Continente
Pepino Biológico,7382502,2.59,"€5,18/kg",Continente Bio,"Frescos/Legumes/Alface, Tomate, Pepino e Pimento",https://www.continente.pt/dw/image/v2/BDVS_PRD/on/demandware.static/-/Sites-col-master-catalog/default/dwc26a54b2/images/col/738/7382502-cima.jpg?sw=280&sh=280,emb. 500 gr,https://www.continente.pt/produto/pepino-biologico-continente-bio-7382502.html,frescos,2025-04-21,Continente
Coco Fresco Pedaços Biológico,7193737,1.19,"€11,90/kg",Genuine Coconut,Frescos/Frutas/Uvas e Tropicais,https://www.continente.pt/dw/image/v2/BDVS_PRD/on/demandware.static/-/Sites-col-master-catalog/default/dwa92f0fcf/images/col/719/7193737-frente.jpg?sw=280&sh=280,emb. 100 gr,https://www.continente.pt/produto/coco-fresco-pedacos-biologico-genuine-coconut-7193737.html,frescos,2025-04-21,Continente
Broas de Milho e Mel,4615745,2.39,"€11,95/kg",Susana Vieira,Frescos/Padaria e Pastelaria/Biscoitos,https://www.continente.pt/dw/image/v2/BDVS_PRD/on/demandware.static/-/Sites-col-master-catalog/default/dw90eda25d/images/col/461/4615745-frente.jpg?sw=280&sh=280,emb. 200 gr,https://www.continente.pt/produto/broas-de-milho-e-mel-susana-vieira-4615745.html,frescos,2025-04-21,Continente
Bretzel de Amêndoa,7772568,1.0,"€6,71/kg",,Frescos/Padaria e Pastelaria/Pastelaria Sortida,https://www.continente.pt/dw/image/v2/BDVS_PRD/on/demandware.static/-/Sites-col-master-catalog/default/dw2174f8fe/images/col/777/7772568-cima.jpg?sw=280&sh=280,1 un,https://www.continente.pt/produto/bretzel-de-amendoa-7772568.html,frescos,2025-04-21,Continente
Azeitona Galega,5789728,2.24,"€10,67/kg",Qampo,Frescos/Legumes/Tremoços e Azeitonas,https://www.continente.pt/dw/image/v2/BDVS_PRD/on/demandware.static/-/Sites-col-master-catalog/default/dw23864571/images/col/578/5789728-frente.jpg?sw=280&sh=280,emb. 210 gr,https://www.continente.pt/produto/azeitona-galega-qampo-5789728.html,frescos,2025-04-21,Continente
Fiambre Italiano Fatiado,6490612,3.99,"€39,90/kg",Corte del Gusto,"Frescos/Charcutaria/Fiambre, Mortadela e Salame/Fiambre de Porco",https://www.continente.pt/dw/image/v2/BDVS_PRD/on/demandware.static/-/Sites-col-master-catalog/default/dwbf72dbad/images/col/649/6490612-frente.jpg?sw=280&sh=280,emb. 100 gr,https://www.continente.pt/produto/fiambre-italiano-fatiado-corte-del-gusto-6490612.html,frescos,2025-04-21,Continente
Bacalhau Pacífico Desfiado Seco,7328281,3.99,"€9,97/kg",Continente,Frescos/Peixaria/Bacalhau/Seco,https://www.continente.pt/dw/image/v2/BDVS_PRD/on/demandware.static/-/Sites-col-master-catalog/default/dw92bd3568/images/col/732/7328281-frente.jpg?sw=280&sh=280,emb. 400 gr,https://www.continente.pt/produto/bacalhau-pacifico-desfiado-seco-continente-7328281.html,frescos,2025-04-21,Continente
Fiambre da Perna Extra Duroc,6861630,2.79,"€23,25/kg",ElPozo,"Frescos/Charcutaria/Fiambre, Mortadela e Salame/Fiambre de Porco",https://www.continente.pt/dw/image/v2/BDVS_PRD/on/demandware.static/-/Sites-col-master-catalog/default/dw7e220075/images/col/686/6861630-frente.jpg?sw=280&sh=280,emb. 120 gr,https://www.continente.pt/produto/fiambre-da-perna-extra-duroc-elpozo-6861630.html,frescos,2025-04-21,Continente
Cogumelo Branco Biológico Fresco,7559238,1.99,"€9,95/kg",Continente Bio,"Frescos/Legumes/Cogumelos, Espargos e Exóticos",https://www.continente.pt/dw/image/v2/BDVS_PRD/on/demandware.static/-/Sites-col-master-catalog/default/dw52f3d41a/images/col/755/7559238-frente.jpg?sw=280&sh=280,emb. 200 gr,https://www.continente.pt/produto/cogumelo-branco-biologico-fresco-continente-bio-7559238.html,frescos,2025-04-21,Continente
Sopa de Abóbora,6901782,1.86,"€4,65/lt",Go Natural,Frescos/Take Away/Sopas/Sem Batata,https://www.continente.pt/dw/image/v2/BDVS_PRD/on/demandware.static/-/Sites-col-master-catalog/default/dwee3a11e3/images/col/690/6901782-cima.png?sw=280&sh=280,emb. 400 gr,https://www.continente.pt/produto/sopa-de-abobora-go-natural-6901782.html,frescos,2025-04-21,Continente
Mini Pepino Biológico,8110477,2.39,"€9,56/kg",Continente Bio,"Frescos/Legumes/Alface, Tomate, Pepino e Pimento",https://www.continente.pt/dw/image/v2/BDVS_PRD/on/demandware.static/-/Sites-col-master-catalog/default/dw8f734d77/images/col/811/8110477-topshot-embalagem.jpg?sw=280&sh=280,emb. 250 gr,https://www.continente.pt/produto/mini-pepino-biologico-continente-bio-8110477.html,frescos,2025-04-21,Continente
Amendoim no Forno,4297831,2.63,"€13,15/kg",Matutano,"Frescos/Frutas/Frutos Secos, Desidratados e Sementes/Frutos Secos",https://www.continente.pt/dw/image/v2/BDVS_PRD/on/demandware.static/-/Sites-col-master-catalog/default/dwbc0dd3d8/images/col/429/4297831-frente.png?sw=280&sh=280,emb. 200 gr,https://www.continente.pt/produto/amendoim-no-forno-matutano-4297831.html,frescos,2025-04-21,Continente
Peito de Pato Congelado,4283242,14.99,"€9,74/un",Quinta da Marinha,Frescos/Talho/Pato e Coelho,https://www.continente.pt/dw/image/v2/BDVS_PRD/on/demandware.static/-/Sites-col-master-catalog/default/dwe11c025b/images/col/428/4283242-frente.jpg?sw=280&sh=280,emb. 650 gr (aprox.),https://www.continente.pt/produto/peito-de-pato-congelado-quinta-da-marinha-4283242.html,frescos,2025-04-21,Continente
Lombo de Porco sem Osso para Assar,2525325,4.49,"€9,65/un",Continente,Frescos/Talho/Porco,https://www.continente.pt/dw/image/v2/BDVS_PRD/on/demandware.static/-/Sites-col-master-catalog/default/dw39feea54/images/col/252/2525325-frente.jpg?sw=280&sh=280,"emb. 2,15 kg (aprox.)",https://www.continente.pt/produto/lombo-de-porco-sem-osso-para-assar-continente-2525325.html,frescos,2025-04-21,Continente
Dourada Extra Fresca,6764693,10.99,"€11,54/un",,Frescos/Peixaria/Peixe Fresco,https://www.continente.pt/dw/image/v2/BDVS_PRD/on/demandware.static/-/Sites-col-master-catalog/default/dw23fb72e9/images/col/676/6764693-frente.jpg?sw=280&sh=280,"Quant. Mínima = 1,05 kg (1 un)",https://www.continente.pt/produto/dourada-extra-fresca-6764693.html,frescos,2025-04-21,Continente
Queijo Flamengo sem Lactose Quarto,5127455,3.89,"€11,97/kg",Limiano,Frescos/Queijos/Fatiado e Bolas,https://www.continente.pt/dw/image/v2/BDVS_PRD/on/demandware.static/-/Sites-col-master-catalog/default/dwb131f5ef/images/col/512/5127455-frente.jpg?sw=280&sh=280,emb. 325 gr,https://www.continente.pt/produto/queijo-flamengo-sem-lactose-quarto-limiano-5127455.html,frescos,2025-04-21,Continente
Feijão Verde Biológico,7382645,2.99,"€9,97/kg",Continente Bio,"Frescos/Legumes/Curgete, Beringela e Feijão Verde",https://www.continente.pt/dw/image/v2/BDVS_PRD/on/demandware.static/-/Sites-col-master-catalog/default/dwb6d811fc/images/col/738/7382645-frente.jpg?sw=280&sh=280,emb. 300 gr,https://www.continente.pt/produto/feijao-verde-biologico-continente-bio-7382645.html,frescos,2025-04-21,Continente
Espinafre,8094697,2.49,"€9,96/kg",Vitacress,"Frescos/Legumes/Couves, Brócolos e Espinafres",https://www.continente.pt/dw/image/v2/BDVS_PRD/on/demandware.static/-/Sites-col-master-catalog/default/dwc47a1b81/images/col/809/8094697-frente.jpg?sw=280&sh=280,emb. 250 gr,https://www.continente.pt/produto/espinafre-vitacress-8094697.html,frescos,2025-04-21,Continente
Pão de Hambúrguer Maxi,2606193,1.69,"€5,63/kg",Bimbo,"Frescos/Padaria e Pastelaria/Pão de Hambúrguer, Cachorro e Wraps",https://www.continente.pt/dw/image/v2/BDVS_PRD/on/demandware.static/-/Sites-col-master-catalog/default/dwb68a5f69/images/col/260/2606193-frente.jpg?sw=280&sh=280,emb. 300 gr (4 un),https://www.continente.pt/produto/pao-de-hamburguer-maxi-bimbo-2606193.html,frescos,2025-04-21,Continente
Posta de Maruca 2ª Pele Congelada,6917631,10.99,"€2,75/un",Continente,"Frescos/Peixaria/Filetes, Lombos e Postas/Congelado",https://www.continente.pt/dw/image/v2/BDVS_PRD/on/demandware.static/-/Sites-col-master-catalog/default/dwb2acbc97/images/col/691/6917631-frente.jpg?sw=280&sh=280,emb. 250 gr,https://www.continente.pt/produto/posta-de-maruca-2-pele-congelada-continente-6917631.html,frescos,2025-04-21,Continente
Bolo de Arroz Pack Poupança,7708148,2.49,"€8,89/kg",Continente Poupança,Frescos/Padaria e Pastelaria/Pastelaria Sortida,https://www.continente.pt/dw/image/v2/BDVS_PRD/on/demandware.static/-/Sites-col-master-catalog/default/dwe4d784d1/images/col/770/7708148-direito.jpg?sw=280&sh=280,emb. 4 un,https://www.continente.pt/produto/bolo-de-arroz-pack-poupanca-continente-poupanca-7708148.html,frescos,2025-04-21,Continente
Salada Iceberg,7578216,1.59,"€6,36/kg",Florette,"Frescos/Legumes/Saladas, Sopas e Salteados",https://www.continente.pt/dw/image/v2/BDVS_PRD/on/demandware.static/-/Sites-col-master-catalog/default/dw4b9bf779/images/col/757/7578216-frente.jpg?sw=280&sh=280,emb. 250 gr,https://www.continente.pt/produto/salada-iceberg-florette-7578216.html,frescos,2025-04-21,Continente
Mini Tostas Extra Finas,2155885,1.45,"€14,50/kg",Bimbo,"Frescos/Padaria e Pastelaria/Tostas, Gressinos e Croutons",https://www.continente.pt/dw/image/v2/BDVS_PRD/on/demandware.static/-/Sites-col-master-catalog/default/dw9c846767/images/col/215/2155885-frente.jpg?sw=280&sh=280,emb. 100 gr,https://www.continente.pt/produto/mini-tostas-extra-finas-bimbo-2155885.html,frescos,2025-04-21,Continente
Tapas de Salpicão e Paio,5130196,2.59,"€17,27/kg",Continente,"Frescos/Charcutaria/Salpicão, Paio e Fuet",https://www.continente.pt/dw/image/v2/BDVS_PRD/on/demandware.static/-/Sites-col-master-catalog/default/dw23b7c09c/images/col/513/5130196-frente.jpg?sw=280&sh=280,emb. 150 gr,https://www.continente.pt/produto/tapas-de-salpicao-e-paio-continente-5130196.html,frescos,2025-04-21,Continente
Girasoli Fresco com Cogumelos e Queijo Mascarpone,7279388,2.49,"€9,96/kg",Continente Seleção,Frescos/Take Away/Massas Frescas/Massas Recheadas,https://www.continente.pt/dw/image/v2/BDVS_PRD/on/demandware.static/-/Sites-col-master-catalog/default/dwef88878e/images/col/727/7279388-cima.jpg?sw=280&sh=280,emb. 250 gr,https://www.continente.pt/produto/girasoli-fresco-com-cogumelos-e-queijo-mascarpone-continente-selecao-7279388.html,frescos,2025-04-21,Continente
Pão Rústico Massa Mãe,7581363,1.69,"€3,38/kg",,Frescos/Padaria e Pastelaria/Pão do Dia e Broa,https://www.continente.pt/dw/image/v2/BDVS_PRD/on/demandware.static/-/Sites-col-master-catalog/default/dwa30145e0/images/col/758/7581363-cima-acessorio.png?sw=280&sh=280,emb. 500 gr (1 un),https://www.continente.pt/produto/pao-rustico-massa-mae-7581363.html,frescos,2025-04-21,Continente
Crepe de Legumes,7447231,0.79,"€9,88/kg",Cozinha Continente,Frescos/Take Away/Entradas e Salgados,https://www.continente.pt/dw/image/v2/BDVS_PRD/on/demandware.static/-/Sites-col-master-catalog/default/dwacd5a21a/images/col/744/7447231-amb.jpg?sw=280&sh=280,Quant. Mínima = 2 un,https://www.continente.pt/produto/crepe-de-legumes-cozinha-continente-7447231.html,frescos,2025-04-21,Continente
Queijo de Vaca Amanteigado,4778674,4.59,"€9,18/kg",Continente,Frescos/Queijos/Amanteigado,https://www.continente.pt/dw/image/v2/BDVS_PRD/on/demandware.static/-/Sites-col-master-catalog/default/dwb25d4d2f/images/col/477/4778674-frente.jpg?sw=280&sh=280,emb. 550 gr (aprox.),https://www.continente.pt/produto/queijo-de-vaca-amanteigado-continente-4778674.html,frescos,2025-04-21,Continente
Morango Resíduo Zero,7746642,4.99,"€4,99/kg",Candela,Frescos/Frutas/Morango e Frutos Vermelhos,https://www.continente.pt/dw/image/v2/BDVS_PRD/on/demandware.static/-/Sites-col-master-catalog/default/dw5cd73ee8/images/col/774/7746642-cima-granel.jpg?sw=280&sh=280,emb. 1 kg,https://www.continente.pt/produto/morango-residuo-zero-candela-7746642.html,frescos,2025-04-21,Continente
Lasanha de Ricotta e Espinafres,7971074,2.49,"€6,23/kg",Continente,Frescos/Take Away/Refeições Prontas/Italianas,https://www.continente.pt/dw/image/v2/BDVS_PRD/on/demandware.static/-/Sites-col-master-catalog/default/dwf5b8d2f9/images/col/797/7971074-topshot.jpg?sw=280&sh=280,emb. 400 gr,https://www.continente.pt/produto/lasanha-de-ricotta-e-espinafres-continente-7971074.html,frescos,2025-04-21,Continente
Pá de Novilho Fatiada no Balcão,6870580,14.99,"€3,75/un",Angus,"Frescos/Talho/Novilho, Vitela e Vitelão",https://www.continente.pt/dw/image/v2/BDVS_PRD/on/demandware.static/-/Sites-col-master-catalog/default/dw860eac40/col/687/6870580.jpg?sw=280&sh=280,Quant. Mínima = 500 gr (aprox. 2 fatias),https://www.continente.pt/produto/pa-de-novilho-fatiada-no-balcao-angus-6870580.html,frescos,2025-04-21,Continente
Preparado para Sopa Portuguesa,4076639,1.19,"€3,40/kg",Continente,"Frescos/Legumes/Saladas, Sopas e Salteados",https://www.continente.pt/dw/image/v2/BDVS_PRD/on/demandware.static/-/Sites-col-master-catalog/default/dw9f56d451/images/col/407/4076639-frente.jpg?sw=280&sh=280,emb. 350 gr (4 doses),https://www.continente.pt/produto/preparado-para-sopa-portuguesa-continente-4076639.html,frescos,2025-04-21,Continente
Tostas de Trigo,5128353,0.99,"€4,40/kg",Continente,"Frescos/Padaria e Pastelaria/Tostas, Gressinos e Croutons",https://www.continente.pt/dw/image/v2/BDVS_PRD/on/demandware.static/-/Sites-col-master-catalog/default/dwe4158482/images/col/512/5128353-frente.jpg?sw=280&sh=280,2 un x 112.5 gr (225 gr),https://www.continente.pt/produto/tostas-de-trigo-continente-5128353.html,frescos,2025-04-21,Continente
Pizza Fresca Havaiana,6716056,2.79,"€6,64/kg",Continente,Frescos/Take Away/Pizzas,https://www.continente.pt/dw/image/v2/BDVS_PRD/on/demandware.static/-/Sites-col-master-catalog/default/dw77b70643/images/col/671/6716056-frente.jpg?sw=280&sh=280,emb. 420 gr,https://www.continente.pt/produto/pizza-fresca-havaiana-continente-6716056.html,frescos,2025-04-21,Continente
Patê de Pato com Vinho do Porto,5564243,1.01,"€18,36/kg",Capdevila,Mercearia/Conservas/Patês,https://www.continente.pt/dw/image/v2/BDVS_PRD/on/demandware.static/-/Sites-col-master-catalog/default/dw501ef44c/images/col/556/5564243-topshot.jpg?sw=280&sh=280,emb. 55 gr,https://www.continente.pt/produto/pate-de-pato-com-vinho-do-porto-capdevila-5564243.html,frescos,2025-04-21,Continente
Pão de Centeio,7371794,1.59,"€3,98/kg",,Frescos/Padaria e Pastelaria/Pão do Dia e Broa,https://www.continente.pt/dw/image/v2/BDVS_PRD/on/demandware.static/-/Sites-col-master-catalog/default/dwcbf84e24/images/col/737/7371794-cima.jpg?sw=280&sh=280,emb. 400 gr (1 un),https://www.continente.pt/produto/pao-de-centeio-7371794.html,frescos,2025-04-21,Continente
Queijo Fresco de Cabra Longa Duração,7696350,2.79,"€22,32/kg",Paiva,"Frescos/Queijos/Fresco, Requeijão e Mozzarella",https://www.continente.pt/dw/image/v2/BDVS_PRD/on/demandware.static/-/Sites-col-master-catalog/default/dw78ecfe39/images/col/769/7696350-direito.jpg?sw=280&sh=280,"2 un x 62,5 gr (125 gr)",https://www.continente.pt/produto/queijo-fresco-de-cabra-longa-duracao-paiva-7696350.html,frescos,2025-04-21,Continente
Paio do Lombo Fatiado no Balcão,5719749,24.49,"€2,45/un",Nobre,"Frescos/Charcutaria/Salpicão, Paio e Fuet",https://www.continente.pt/dw/image/v2/BDVS_PRD/on/demandware.static/-/Sites-col-master-catalog/default/dwea494669/images/col/571/5719749-frente.jpg?sw=280&sh=280,Quant. Mínima = 100 gr (aprox. 12 fatias),https://www.continente.pt/produto/paio-do-lombo-fatiado-no-balcao-nobre-5719749.html,frescos,2025-04-21,Continente
Queijo Emmental Ralado,6947724,2.49,"€16,60/kg",Campainha,Frescos/Queijos/Ralado,https://www.continente.pt/dw/image/v2/BDVS_PRD/on/demandware.static/-/Sites-col-master-catalog/default/dw86213d6b/images/col/694/6947724-frente.jpg?sw=280&sh=280,emb. 150 gr,https://www.continente.pt/produto/queijo-emmental-ralado-campainha-6947724.html,frescos,2025-04-21,Continente
Fusilli de Frango com Legumes ao Vapor,7055302,3.99,"€12,47/kg",Cozinha Continente,Frescos/Take Away/Refeições Prontas/Italianas,https://www.continente.pt/dw/image/v2/BDVS_PRD/on/demandware.static/-/Sites-col-master-catalog/default/dw9696de30/images/col/705/7055302-cima.jpg?sw=280&sh=280,emb. 320 gr,https://www.continente.pt/produto/fusilli-de-frango-com-legumes-ao-vapor-cozinha-continente-7055302.html,frescos,2025-04-21,Continente
Pão de Forma sem Côdea Especial Torradas,8088173,1.59,"€3,53/kg",Bimbo,Frescos/Padaria e Pastelaria/Pão de Forma e Embalado,https://www.continente.pt/dw/image/v2/BDVS_PRD/on/demandware.static/-/Sites-col-master-catalog/default/dw206870e6/images/col/808/8088173-hero.jpg?sw=280&sh=280,emb. 450 gr,https://www.continente.pt/produto/pao-de-forma-sem-codea-especial-torradas-bimbo-8088173.html,frescos,2025-04-21,Continente
Salada de Abacaxi,8154262,1.99,"€8,84/kg",Continente,Frescos/Frutas/Uvas e Tropicais,https://www.continente.pt/dw/image/v2/BDVS_PRD/on/demandware.static/-/Sites-col-master-catalog/default/dw81acfe0a/images/col/815/8154262-frente.png?sw=280&sh=280,emb. 225 gr,https://www.continente.pt/produto/salada-de-abacaxi-continente-8154262.html,frescos,2025-04-21,Continente
Presunto Meias Fatias 9 Meses de Cura,7156883,4.39,"€27,44/kg",Continente,Frescos/Charcutaria/Presunto,https://www.continente.pt/dw/image/v2/BDVS_PRD/on/demandware.static/-/Sites-col-master-catalog/default/dw3bc48667/images/col/715/7156883-frente.jpg?sw=280&sh=280,2 un x 80 gr (160 gr),https://www.continente.pt/produto/presunto-meias-fatias-9-meses-de-cura-continente-7156883.html,frescos,2025-04-21,Continente
Miolo de Castanha do Maranhão,7029189,1.89,"€15,12/kg",Continente,"Frescos/Frutas/Frutos Secos, Desidratados e Sementes/Frutos Secos",https://www.continente.pt/dw/image/v2/BDVS_PRD/on/demandware.static/-/Sites-col-master-catalog/default/dw85067ffc/images/col/702/7029189-frente.jpg?sw=280&sh=280,emb. 125 gr,https://www.continente.pt/produto/miolo-de-castanha-do-maranhao-continente-7029189.html,frescos,2025-04-21,Continente
Linhaça Dourada Moída Biológica,6627426,1.09,"€5,45/kg",Continente Bio,"Frescos/Frutas/Frutos Secos, Desidratados e Sementes/Sementes e Pevides",https://www.continente.pt/dw/image/v2/BDVS_PRD/on/demandware.static/-/Sites-col-master-catalog/default/dw5c90cf6b/images/col/662/6627426-frente.jpg?sw=280&sh=280,emb. 200 gr,https://www.continente.pt/produto/linhaca-dourada-moida-biologica-continente-bio-6627426.html,frescos,2025-04-21,Continente
Bife do Lombo de Vitelão Mertolengo,6207611,29.99,"€10,80/un",DOP Mertolenga,"Frescos/Talho/Novilho, Vitela e Vitelão",https://www.continente.pt/dw/image/v2/BDVS_PRD/on/demandware.static/-/Sites-col-master-catalog/default/dw822439e7/images/col/620/6207611-frente.jpg?sw=280&sh=280,emb. 360 gr (aprox.,https://www.continente.pt/produto/bife-do-lombo-de-vitelao-mertolengo-dop-mertolenga-6207611.html,frescos,2025-04-21,Continente
Queijo Flamengo Curado sem Lactose Fatiado,7462069,2.25,"€12,50/kg",Terra Nostra,Frescos/Queijos/Fatiado e Bolas,https://www.continente.pt/dw/image/v2/BDVS_PRD/on/demandware.static/-/Sites-col-master-catalog/default/dw91ee5f8d/images/col/746/7462069-frente.jpg?sw=280&sh=280,emb. 180 gr,https://www.continente.pt/produto/queijo-flamengo-curado-sem-lactose-fatiado-terra-nostra-7462069.html,frescos,2025-04-21,Continente
Massa Quebrada sem Glúten,5681049,2.63,"€9,39/kg",Pasta do Dia,Frescos/Padaria e Pastelaria/Massas para Culinária,https://www.continente.pt/dw/image/v2/BDVS_PRD/on/demandware.static/-/Sites-col-master-catalog/default/dw9bddca82/images/col/568/5681049-frente.jpg?sw=280&sh=280,emb. 280 gr,https://www.continente.pt/produto/massa-quebrada-sem-gluten-pasta-do-dia-5681049.html,frescos,2025-04-21,Continente
Queijo Burrata de Vaca,7779941,2.99,"€23,92/kg",Granarolo,"Frescos/Queijos/Fresco, Requeijão e Mozzarella",https://www.continente.pt/dw/image/v2/BDVS_PRD/on/demandware.static/-/Sites-col-master-catalog/default/dw63fbcac8/images/col/777/7779941-frente.jpg?sw=280&sh=280,emb. 125 gr,https://www.continente.pt/produto/queijo-burrata-de-vaca-granarolo-7779941.html,frescos,2025-04-21,Continente
Queijo Fresco Longa Duração sem Lactose,7600641,1.99,"€9,21/kg",Matinal,"Frescos/Queijos/Fresco, Requeijão e Mozzarella",https://www.continente.pt/dw/image/v2/BDVS_PRD/on/demandware.static/-/Sites-col-master-catalog/default/dw8508827d/images/col/760/7600641-topshot.jpg?sw=280&sh=280,3 un x 72 gr (216 gr),https://www.continente.pt/produto/queijo-fresco-longa-duracao-sem-lactose-matinal-7600641.html,frescos,2025-04-21,Continente
Broas de Mel e Limão,7630214,2.99,"€9,97/kg",Da Nossa Pastelaria,Frescos/Padaria e Pastelaria/Biscoitos,https://www.continente.pt/dw/image/v2/BDVS_PRD/on/demandware.static/-/Sites-col-master-catalog/default/dw85b90c67/images/col/763/7630214-frente.jpg?sw=280&sh=280,emb. 300 gr,https://www.continente.pt/produto/broas-de-mel-e-limao-da-nossa-pastelaria-7630214.html,frescos,2025-04-21,Continente
Pão Alentejano Massa Mãe,6837960,3.39,"€3,39/un",,Frescos/Padaria e Pastelaria/Pão do Dia e Broa,https://www.continente.pt/dw/image/v2/BDVS_PRD/on/demandware.static/-/Sites-col-master-catalog/default/dw0c05698b/images/col/683/6837960-frente.jpg?sw=280&sh=280,Quant. Mínima = 1 un (1 kg ),https://www.continente.pt/produto/pao-alentejano-massa-mae-6837960.html,frescos,2025-04-21,Continente
Laranja Biológica,7382507,2.59,"€3,45/kg",Continente Bio,"Frescos/Frutas/Laranja, Clementina e Limão",https://www.continente.pt/dw/image/v2/BDVS_PRD/on/demandware.static/-/Sites-col-master-catalog/default/dwe6f78ad9/images/col/738/7382507-frente.jpg?sw=280&sh=280,emb. 750 gr,https://www.continente.pt/produto/laranja-biologica-continente-bio-7382507.html,frescos,2025-04-21,Continente
Filetes de Salmão Fresco,7630712,6.59,"€21,97/kg",Continente,"Frescos/Peixaria/Filetes, Lombos e Postas/Fresco",https://www.continente.pt/dw/image/v2/BDVS_PRD/on/demandware.static/-/Sites-col-master-catalog/default/dwc4cdfdf3/images/col/763/7630712-topshot.jpg?sw=280&sh=280,emb. 300 gr,https://www.continente.pt/produto/filetes-de-salmao-fresco-continente-7630712.html,frescos,2025-04-21,Continente
Rolo de Carne de Porco com Espinafres e Queijo,6394308,7.59,"€8,35/un",Continente,Frescos/Talho/Pronto a Cozinhar,https://www.continente.pt/dw/image/v2/BDVS_PRD/on/demandware.static/-/Sites-col-master-catalog/default/dw1b750522/images/col/639/6394308-cima.jpg?sw=280&sh=280,"emb. 1,1 kg (aprox.)",https://www.continente.pt/produto/rolo-de-carne-de-porco-com-espinafres-e-queijo-continente-6394308.html,frescos,2025-04-21,Continente
Tofu Refrigerado Biológico,3047533,4.15,"€8,30/kg",Seara,"Bio e Saudável/Biológicos/Peixaria, Talho e Alternativas",https://www.continente.pt/dw/image/v2/BDVS_PRD/on/demandware.static/-/Sites-col-master-catalog/default/dw25857973/images/col/304/3047533-frente.jpg?sw=280&sh=280,emb. 500 gr,https://www.continente.pt/produto/tofu-refrigerado-biologico-seara-3047533.html,frescos,2025-04-21,Continente
Sopa Couve Flor e Coentros,6901774,2.79,"€3,49/lt",Go Natural,Frescos/Take Away/Sopas/Sem Batata,https://www.continente.pt/dw/image/v2/BDVS_PRD/on/demandware.static/-/Sites-col-master-catalog/default/dw801b6f6f/images/col/690/6901774-topshot.jpg?sw=280&sh=280,emb. 800 gr,https://www.continente.pt/produto/sopa-couve-flor-e-coentros-go-natural-6901774.html,frescos,2025-04-21,Continente
Alface Romana Biológica,7995537,2.49,"€12,45/kg",Continente Bio,"Frescos/Legumes/Alface, Tomate, Pepino e Pimento",https://www.continente.pt/dw/image/v2/BDVS_PRD/on/demandware.static/-/Sites-col-master-catalog/default/dwd09ec3d4/images/col/799/7995537-frente.png?sw=280&sh=280,emb. 200 gr,https://www.continente.pt/produto/alface-romana-biologica-continente-bio-7995537.html,frescos,2025-04-21,Continente
Trança de Noz Pecan,6855941,0.99,"€10,10/kg",,Frescos/Padaria e Pastelaria/Pastelaria Sortida,https://www.continente.pt/dw/image/v2/BDVS_PRD/on/demandware.static/-/Sites-col-master-catalog/default/dwcda867f7/images/col/685/6855941-frente.jpg?sw=280&sh=280,1 un,https://www.continente.pt/produto/tranca-de-noz-pecan-6855941.html,frescos,2025-04-21,Continente
Tremoço Extra,7723320,2.17,"€9,23/kg",Qampo,Frescos/Legumes/Tremoços e Azeitonas,https://www.continente.pt/dw/image/v2/BDVS_PRD/on/demandware.static/-/Sites-col-master-catalog/default/dwd89e92a2/images/col/772/7723320-frente.jpg?sw=280&sh=280,emb. 235gr,https://www.continente.pt/produto/tremoco-extra-qampo-7723320.html,frescos,2025-04-21,Continente
Bife da Vazia de Vitela Branca Fatiado no Balcão,6848579,19.99,"€4,00/un",Continente,"Frescos/Talho/Novilho, Vitela e Vitelão",https://www.continente.pt/dw/image/v2/BDVS_PRD/on/demandware.static/-/Sites-col-master-catalog/default/dwab942e86/images/col/684/6848579-frente.jpg?sw=280&sh=280,Quant. Mínima = 600 gr (aprox. 3 fatias),https://www.continente.pt/produto/bife-da-vazia-de-vitela-branca-fatiado-no-balcao-continente-6848579.html,frescos,2025-04-21,Continente
Queijo Flamengo Light Fatiado,7629311,2.25,"€13,24/kg",Agros,Frescos/Queijos/Fatiado e Bolas,https://www.continente.pt/dw/image/v2/BDVS_PRD/on/demandware.static/-/Sites-col-master-catalog/default/dw9cd4b052/images/col/762/7629311-esquerdo.jpg?sw=280&sh=280,emb. 170 gr,https://www.continente.pt/produto/queijo-flamengo-light-fatiado-agros-7629311.html,frescos,2025-04-21,Continente
Queijo de Ovelha Trufa Negra,7780512,3.79,"€25,27/kg",Vega Sotuelamos,Frescos/Queijos/Queijos do Mundo,https://www.continente.pt/dw/image/v2/BDVS_PRD/on/demandware.static/-/Sites-col-master-catalog/default/dw7a4fe2a1/images/col/778/7780512-frente.jpg?sw=280&sh=280,emb. 150 gr,https://www.continente.pt/produto/queijo-de-ovelha-trufa-negra-vega-sotuelamos-7780512.html,frescos,2025-04-21,Continente
Queijo Fatiado,8060069,3.99,"€26,60/kg",Old Amsterdam,Frescos/Queijos/Fatiado e Bolas,https://www.continente.pt/dw/image/v2/BDVS_PRD/on/demandware.static/-/Sites-col-master-catalog/default/dwd8a8cd65/images/col/806/8060069-frente.jpg?sw=280&sh=280,emb. 150 gr,https://www.continente.pt/produto/queijo-fatiado-old-amsterdam-8060069.html,frescos,2025-04-21,Continente
Empadão de Carne,6955558,9.99,"€2,50/un",Cozinha Continente,Frescos/Take Away/Refeições Prontas/Carne,https://www.continente.pt/dw/image/v2/BDVS_PRD/on/demandware.static/-/Sites-col-master-catalog/default/dw90991557/images/col/695/6955558-amb.jpg?sw=280&sh=280,Quant. Mínima = 250 gr,https://www.continente.pt/produto/empadao-de-carne-cozinha-continente-6955558.html,frescos,2025-04-21,Continente
Pedaços de Caju Zero Desperdício,7832166,1.99,"€9,95/kg",Continente,"Frescos/Frutas/Frutos Secos, Desidratados e Sementes/Frutos Secos",https://www.continente.pt/dw/image/v2/BDVS_PRD/on/demandware.static/-/Sites-col-master-catalog/default/dwfbd176e7/images/col/783/7832166-frente.png?sw=280&sh=280,emb. 200 gr,https://www.continente.pt/produto/pedacos-de-caju-zero-desperdicio-continente-7832166.html,frescos,2025-04-21,Continente
Húmus Oriental,7156659,1.99,"€11,06/kg",Cozinha Continente,Frescos/Take Away/Grab&Go/Pastas e Dips,https://www.continente.pt/dw/image/v2/BDVS_PRD/on/demandware.static/-/Sites-col-master-catalog/default/dw8b5242c0/images/col/715/7156659-frente.jpg?sw=280&sh=280,emb. 180 gr,https://www.continente.pt/produto/humus-oriental-cozinha-continente-7156659.html,frescos,2025-04-21,Continente
Lombos de Salmão com Pele Ultracongelado,7907474,5.99,"€23,96/kg",Pescanova,Frescos/Peixaria/Peixe Congelado,https://www.continente.pt/dw/image/v2/BDVS_PRD/on/demandware.static/-/Sites-col-master-catalog/default/dw7b7a75c5/images/col/790/7907474-frente.png?sw=280&sh=280,emb. 250 gr,https://www.continente.pt/produto/lombos-de-salmao-com-pele-ultracongelado-pescanova-7907474.html,frescos,2025-04-21,Continente
Salada Russa para 5 Pessoas,8068240,8.99,"€8,99/kg",Cozinha Continente,Frescos/Take Away/Refeições Prontas/Acompanhamentos,https://www.continente.pt/dw/image/v2/BDVS_PRD/on/demandware.static/-/Sites-col-master-catalog/default/dwf143910d/images/col/806/8068240-topshot.jpg?sw=280&sh=280,emb. 1 kg,https://www.continente.pt/produto/salada-russa-para-5-pessoas-cozinha-continente-8068240.html,frescos,2025-04-21,Continente
Azeitona Abruzo,7449613,2.99,"€19,93/kg",Ficacci,Frescos/Legumes/Tremoços e Azeitonas,https://www.continente.pt/dw/image/v2/BDVS_PRD/on/demandware.static/-/Sites-col-master-catalog/default/dwa3330453/images/col/744/7449613-frente.jpg?sw=280&sh=280,emb. 150 gr,https://www.continente.pt/produto/azeitona-abruzo-ficacci-7449613.html,frescos,2025-04-21,Continente
Queijo São Jorge DOP 4 Meses de Cura,4861884,5.49,"€15,69/kg",Continente Seleção,Frescos/Queijos/Curado,https://www.continente.pt/dw/image/v2/BDVS_PRD/on/demandware.static/-/Sites-col-master-catalog/default/dw32d09b2a/images/col/486/4861884-cima.jpg?sw=280&sh=280,emb. 350 gr,https://www.continente.pt/produto/queijo-sao-jorge-dop-4-meses-de-cura-continente-selecao-4861884.html,frescos,2025-04-21,Continente
Queijo Ralado Fumado,7918199,1.69,"€13,52/kg",Mr. Cheese,Frescos/Queijos/Ralado,https://www.continente.pt/dw/image/v2/BDVS_PRD/on/demandware.static/-/Sites-col-master-catalog/default/dw06059955/images/col/791/7918199-frente.jpg?sw=280&sh=280,emb. 125 gr,https://www.continente.pt/produto/queijo-ralado-fumado-mr.-cheese-7918199.html,frescos,2025-04-21,Continente
Fiambre de Peito de Peru Grelhado Fatiado no Balcão,5679052,29.99,"€3,00/un",Dieter Hein,"Frescos/Charcutaria/Fiambre, Mortadela e Salame/Fiambre de Aves",https://www.continente.pt/dw/image/v2/BDVS_PRD/on/demandware.static/-/Sites-col-master-catalog/default/dwa05fb8b5/images/col/567/5679052-direito.jpg?sw=280&sh=280,Quant. Mínima = 100 gr,https://www.continente.pt/produto/fiambre-de-peito-de-peru-grelhado-fatiado-no-balcao-dieter-hein-5679052.html,frescos,2025-04-21,Continente
Queijo de Cabra Grego,7673435,3.42,"€22,80/kg",Islos,Frescos/Queijos/Queijos do Mundo,https://www.continente.pt/dw/image/v2/BDVS_PRD/on/demandware.static/-/Sites-col-master-catalog/default/dwe9a6415b/images/col/767/7673435-frente.jpg?sw=280&sh=280,emb. 150 gr,https://www.continente.pt/produto/queijo-de-cabra-grego-islos-7673435.html,frescos,2025-04-21,Continente
Filetes de Dourada Fresca,7575360,5.09,"€21,21/kg",Continente,"Frescos/Peixaria/Filetes, Lombos e Postas/Fresco",https://www.continente.pt/dw/image/v2/BDVS_PRD/on/demandware.static/-/Sites-col-master-catalog/default/dwbedf5314/images/col/757/7575360-topshot.jpg?sw=280&sh=280,2 un x 120 gr (240 gr),https://www.continente.pt/produto/filetes-de-dourada-fresca-continente-7575360.html,frescos,2025-04-21,Continente
Fusilli com Frango e Bacon para 3 Pessoas,8067887,10.79,"€10,79/kg",Cozinha Continente,Frescos/Take Away/Refeições Prontas/Italianas,https://www.continente.pt/dw/image/v2/BDVS_PRD/on/demandware.static/-/Sites-col-master-catalog/default/dwb0bf542b/images/col/806/8067887-topshot.jpg?sw=280&sh=280,emb. 1 kg,https://www.continente.pt/produto/fusilli-com-frango-e-bacon-para-3-pessoas-cozinha-continente-8067887.html,frescos,2025-04-21,Continente
Preparado para Sopa de Feijão Verde com Cenoura,3799879,2.49,"€6,23/kg",Continente,"Frescos/Legumes/Saladas, Sopas e Salteados",https://www.continente.pt/dw/image/v2/BDVS_PRD/on/demandware.static/-/Sites-col-master-catalog/default/dwc29ebbf2/images/col/379/3799879-frente.jpg?sw=280&sh=280,emb. 400 gr,https://www.continente.pt/produto/preparado-para-sopa-de-feijao-verde-com-cenoura-continente-3799879.html,frescos,2025-04-21,Continente
Sultana Preta,7030189,1.09,"€5,45/kg",Continente,"Frescos/Frutas/Frutos Secos, Desidratados e Sementes/Frutos Desidratados",https://www.continente.pt/dw/image/v2/BDVS_PRD/on/demandware.static/-/Sites-col-master-catalog/default/dwdf776d86/images/col/703/7030189-frente.jpg?sw=280&sh=280,emb. 200 gr,https://www.continente.pt/produto/sultana-preta-continente-7030189.html,frescos,2025-04-21,Continente
Linguiça Picante,4871790,1.14,"€7,60/kg",Continente,Frescos/Charcutaria/Salsichas e Linguiças,https://www.continente.pt/dw/image/v2/BDVS_PRD/on/demandware.static/-/Sites-col-master-catalog/default/dwb3f425c9/images/col/487/4871790-frente.jpg?sw=280&sh=280,emb. 150 gr,https://www.continente.pt/produto/linguica-picante-continente-4871790.html,frescos,2025-04-21,Continente
Preparado para Creme de Batata Doce e Espinafres,7377398,2.49,"€5,53/kg",Continente,"Frescos/Legumes/Saladas, Sopas e Salteados",https://www.continente.pt/dw/image/v2/BDVS_PRD/on/demandware.static/-/Sites-col-master-catalog/default/dwb762f23b/images/col/737/7377398-frente.png?sw=280&sh=280,emb. 450 gr,https://www.continente.pt/produto/preparado-para-creme-de-batata-doce-e-espinafres-continente-7377398.html,frescos,2025-04-21,Continente
Croutons com Alho e Ervas,5821112,1.79,"€25,57/kg",Florette,"Frescos/Padaria e Pastelaria/Tostas, Gressinos e Croutons",https://www.continente.pt/dw/image/v2/BDVS_PRD/on/demandware.static/-/Sites-col-master-catalog/default/dw852e9481/images/col/582/5821112-frente.jpg?sw=280&sh=280,emb. 70 gr,https://www.continente.pt/produto/croutons-com-alho-e-ervas-florette-5821112.html,frescos,2025-04-21,Continente
Acelga,7102101,1.89,"€18,90/kg",Vitacress,"Frescos/Legumes/Saladas, Sopas e Salteados",https://www.continente.pt/dw/image/v2/BDVS_PRD/on/demandware.static/-/Sites-col-master-catalog/default/dwaba9683c/images/col/710/7102101-frente.jpg?sw=280&sh=280,emb. 100 gr,https://www.continente.pt/produto/acelga-vitacress-7102101.html,frescos,2025-04-21,Continente
Tâmara Medjool,7463611,5.99,"€23,96/kg",Os Originais,"Frescos/Frutas/Frutos Secos, Desidratados e Sementes/Frutos Desidratados",https://www.continente.pt/dw/image/v2/BDVS_PRD/on/demandware.static/-/Sites-col-master-catalog/default/dwb49ae8b0/images/col/746/7463611-frente.jpg?sw=280&sh=280,emb. 250 gr,https://www.continente.pt/produto/tamara-medjool-os-originais-7463611.html,frescos,2025-04-21,Continente
Sultana Clara,8112360,0.79,"€3,95/kg",Continente,"Frescos/Frutas/Frutos Secos, Desidratados e Sementes/Frutos Secos",https://www.continente.pt/dw/image/v2/BDVS_PRD/on/demandware.static/-/Sites-col-master-catalog/default/dw8f5bf5fa/images/col/811/8112360-cima-granel.png?sw=280&sh=280,emb. 200 gr,https://www.continente.pt/produto/sultana-clara-continente-8112360.html,frescos,2025-04-21,Continente
Menu Frango Assado + Arroz Branco,6920487,6.29,"€6,29/kg",Cozinha Continente,Frescos/Take Away/Refeições Prontas/Carne,https://www.continente.pt/dw/image/v2/BDVS_PRD/on/demandware.static/-/Sites-col-master-catalog/default/dw06751dd6/images/col/692/6920487-frente.jpg?sw=280&sh=280,1 un,https://www.continente.pt/produto/menu-frango-assado-arroz-branco-cozinha-continente-6920487.html,frescos,2025-04-21,Continente
Salsicha Bockwurst,7521167,4.29,"€11,92/kg",Continente,Frescos/Charcutaria/Salsichas e Linguiças,https://www.continente.pt/dw/image/v2/BDVS_PRD/on/demandware.static/-/Sites-col-master-catalog/default/dw99084c64/images/col/752/7521167-frente.jpg?sw=280&sh=280,emb. 360 gr,https://www.continente.pt/produto/salsicha-bockwurst-continente-7521167.html,frescos,2025-04-21,Continente
Salada A Nossa Camponesa,8110563,1.49,"€7,45/kg",Vitacress,"Frescos/Legumes/Saladas, Sopas e Salteados",https://www.continente.pt/dw/image/v2/BDVS_PRD/on/demandware.static/-/Sites-col-master-catalog/default/dw13b94592/images/col/811/8110563-frente.jpg?sw=280&sh=280,emb. 200 gr,https://www.continente.pt/produto/salada-a-nossa-camponesa-vitacress-8110563.html,frescos,2025-04-21,Continente
Preparado de Carne Picada de Bovino Biológica,7146064,7.99,"€19,98/kg",Biologic,"Bio e Saudável/Biológicos/Peixaria, Talho e Alternativas",https://www.continente.pt/dw/image/v2/BDVS_PRD/on/demandware.static/-/Sites-col-master-catalog/default/dw7f959076/images/col/714/7146064-cima.jpg?sw=280&sh=280,emb. 400 gr,https://www.continente.pt/produto/preparado-de-carne-picada-de-bovino-biologica-biologic-7146064.html,frescos,2025-04-21,Continente
Bacon Fumado Naco,6989467,2.39,"€11,95/kg",Continente,Frescos/Charcutaria/Bacon e Fumados,https://www.continente.pt/dw/image/v2/BDVS_PRD/on/demandware.static/-/Sites-col-master-catalog/default/dw9e15f5fe/images/col/698/6989467-frente.jpg?sw=280&sh=280,emb. 200 gr,https://www.continente.pt/produto/bacon-fumado-naco-continente-6989467.html,frescos,2025-04-21,Continente
Churritos,7751608,2.0,"€8,33/kg",Da Nossa Pastelaria,Frescos/Padaria e Pastelaria/Biscoitos,https://www.continente.pt/dw/image/v2/BDVS_PRD/on/demandware.static/-/Sites-col-master-catalog/default/dwd7bd2675/images/col/775/7751608-cima.jpg?sw=280&sh=280,emb. 200 gr,https://www.continente.pt/produto/churritos-da-nossa-pastelaria-7751608.html,frescos,2025-04-21,Continente
Queijo Flamengo Quarto,6146038,7.79,"€3,12/un",Continente,Frescos/Queijos/Fatiado e Bolas,https://www.continente.pt/dw/image/v2/BDVS_PRD/on/demandware.static/-/Sites-col-master-catalog/default/dweac45542/images/col/614/6146038-frente.jpg?sw=280&sh=280,Quant. Mínima = 400 gr,https://www.continente.pt/produto/queijo-flamengo-quarto-continente-6146038.html,frescos,2025-04-21,Continente
Croutons com Alho,6881249,2.28,"€15,20/kg",Continente,"Frescos/Padaria e Pastelaria/Tostas, Gressinos e Croutons",https://www.continente.pt/dw/image/v2/BDVS_PRD/on/demandware.static/-/Sites-col-master-catalog/default/dw28737abc/images/col/688/6881249-frente.jpg?sw=280&sh=280,2 un x 75 gr (150 gr),https://www.continente.pt/produto/croutons-com-alho-continente-6881249.html,frescos,2025-04-21,Continente
Bolachas de Amendoim,5610608,2.5,"€9,62/kg",Da Nossa Pastelaria,Frescos/Padaria e Pastelaria/Biscoitos,https://www.continente.pt/dw/image/v2/BDVS_PRD/on/demandware.static/-/Sites-col-master-catalog/default/dw3f2f4320/images/col/561/5610608-direito.jpg?sw=280&sh=280,emb. 220 gr,https://www.continente.pt/produto/bolachas-de-amendoim-da-nossa-pastelaria-5610608.html,frescos,2025-04-21,Continente
Arandos Desidratados,8111956,2.19,"€10,95/kg",Continente,"Frescos/Frutas/Frutos Secos, Desidratados e Sementes/Frutos Desidratados",https://www.continente.pt/dw/image/v2/BDVS_PRD/on/demandware.static/-/Sites-col-master-catalog/default/dw862c76dc/images/col/811/8111956-frente.png?sw=280&sh=280,emb. 200 gr,https://www.continente.pt/produto/arandos-desidratados-continente-8111956.html,frescos,2025-04-21,Continente
Azeitona Galega,7571596,2.89,"€13,76/kg",Continente,Frescos/Legumes/Tremoços e Azeitonas,https://www.continente.pt/dw/image/v2/BDVS_PRD/on/demandware.static/-/Sites-col-master-catalog/default/dw4a62270e/images/col/757/7571596-frente.jpg?sw=280&sh=280,emb. 210 gr,https://www.continente.pt/produto/azeitona-galega-continente-7571596.html,frescos,2025-04-21,Continente
Entrecosto de Porco Congelado,7484541,4.99,"€5,99/un",Continente,Frescos/Talho/Porco,https://www.continente.pt/dw/image/v2/BDVS_PRD/on/demandware.static/-/Sites-col-master-catalog/default/dwd559865f/images/col/748/7484541-frente.jpg?sw=280&sh=280,"emb. 1,2 kg (aprox.)",https://www.continente.pt/produto/entrecosto-de-porco-congelado-continente-7484541.html,frescos,2025-04-21,Continente
Fiambre Peito de Frango Forno a Lenha,7162650,2.69,"€24,45/kg",Izidoro,"Frescos/Charcutaria/Fiambre, Mortadela e Salame/Fiambre de Aves",https://www.continente.pt/dw/image/v2/BDVS_PRD/on/demandware.static/-/Sites-col-master-catalog/default/dw50888fac/images/col/716/7162650-frente.jpg?sw=280&sh=280,emb. 110 gr + 30 gr GRÁTIS,https://www.continente.pt/produto/fiambre-peito-de-frango-forno-a-lenha-izidoro-7162650.html,frescos,2025-04-21,Continente
Bifinhos do Cachaço de Porco Finíssimos,5328902,1.99,"€7,96/kg",Continente,Frescos/Talho/Porco,https://www.continente.pt/dw/image/v2/BDVS_PRD/on/demandware.static/-/Sites-col-master-catalog/default/dw5dedeb28/images/col/532/5328902-frente.jpg?sw=280&sh=280,emb. 250 gr,https://www.continente.pt/produto/bifinhos-do-cachaco-de-porco-finissimos-continente-5328902.html,frescos,2025-04-21,Continente
Batata Branca Média,8111247,1.98,"€3,30/kg",Vitacress,"Frescos/Legumes/Batata, Batata Doce e Mandioca",https://www.continente.pt/dw/image/v2/BDVS_PRD/on/demandware.static/-/Sites-col-master-catalog/default/dw2338d45e/images/col/811/8111247-frente.jpg?sw=280&sh=280,emb. 600 gr,https://www.continente.pt/produto/batata-branca-media-vitacress-8111247.html,frescos,2025-04-21,Continente
Cebola Branca,3800768,1.9,"€3,80/kg",Continente,"Frescos/Legumes/Cebola, Alho e Nabo",https://www.continente.pt/dw/image/v2/BDVS_PRD/on/demandware.static/-/Sites-col-master-catalog/default/dwcf474ad5/images/col/380/3800768-frente.jpg?sw=280&sh=280,emb. 500 gr,https://www.continente.pt/produto/cebola-branca-continente-3800768.html,frescos,2025-04-21,Continente
Bacon Extra Fatias,6989463,2.29,"€15,27/kg",Continente,Frescos/Charcutaria/Bacon e Fumados,https://www.continente.pt/dw/image/v2/BDVS_PRD/on/demandware.static/-/Sites-col-master-catalog/default/dwcb2e0755/images/col/698/6989463-frente.jpg?sw=280&sh=280,emb. 150 gr,https://www.continente.pt/produto/bacon-extra-fatias-continente-6989463.html,frescos,2025-04-21,Continente
Chourição Fatiado no Balcão,2112776,14.99,"€1,50/un",Nobre,"Frescos/Charcutaria/Salpicão, Paio e Fuet",https://www.continente.pt/dw/image/v2/BDVS_PRD/on/demandware.static/-/Sites-col-master-catalog/default/dwd40582ea/images/col/211/2112776-frente.jpg?sw=280&sh=280,Quant. Mínima = 100 gr (aprox. 16 fatias),https://www.continente.pt/produto/chouricao-fatiado-no-balcao-nobre-2112776.html,frescos,2025-04-21,Continente
Amêndoa com Pele Biológica,7184190,2.39,"€15,93/kg",Continente Bio,"Frescos/Frutas/Frutos Secos, Desidratados e Sementes/Frutos Secos",https://www.continente.pt/dw/image/v2/BDVS_PRD/on/demandware.static/-/Sites-col-master-catalog/default/dw4e4ac61a/images/col/718/7184190-frente.png?sw=280&sh=280,emb. 150 gr,https://www.continente.pt/produto/amendoa-com-pele-biologica-continente-bio-7184190.html,frescos,2025-04-21,Continente
Gnocchi Fresco,7707857,2.69,"€6,73/kg",Rana,Frescos/Take Away/Massas Frescas/Massas Simples,https://www.continente.pt/dw/image/v2/BDVS_PRD/on/demandware.static/-/Sites-col-master-catalog/default/dwfdf9a699/images/col/770/7707857-frente.jpg?sw=280&sh=280,emb. 400 gr,https://www.continente.pt/produto/gnocchi-fresco-rana-7707857.html,frescos,2025-04-21,Continente
Tremoço,8071347,0.99,"€2,83/kg",Continente,Frescos/Legumes/Tremoços e Azeitonas,https://www.continente.pt/dw/image/v2/BDVS_PRD/on/demandware.static/-/Sites-col-master-catalog/default/dwc1959a51/images/col/807/8071347-frente.jpg?sw=280&sh=280,emb. 350 gr,https://www.continente.pt/produto/tremoco-continente-8071347.html,frescos,2025-04-21,Continente
Paio de Lombo 50% Ibérico Fatiado,7681926,4.89,"€54,33/kg",Continente,"Frescos/Charcutaria/Salpicão, Paio e Fuet",https://www.continente.pt/dw/image/v2/BDVS_PRD/on/demandware.static/-/Sites-col-master-catalog/default/dw6ea78831/images/col/768/7681926-cima.jpg?sw=280&sh=280,emb. 90 gr,https://www.continente.pt/produto/paio-de-lombo-50--iberico-fatiado-continente-7681926.html,frescos,2025-04-21,Continente
Bacon Fumado Mini Tiras,8371733,3.39,"€22,60/kg",Continente,Frescos/Charcutaria/Bacon e Fumados,https://www.continente.pt/dw/image/v2/BDVS_PRD/on/demandware.static/-/Sites-col-master-catalog/default/dw05ea3c51/images/col/837/8371733-frente.jpg?sw=280&sh=280,2 un x 75 gr (150 gr),https://www.continente.pt/produto/bacon-fumado-mini-tiras-continente-8371733.html,frescos,2025-04-21,Continente
Queijo Flamengo São Luiz Fatiado no Balcão,7617587,9.99,"€1,00/un",Milhafre,Frescos/Queijos/Fatiado e Bolas,https://www.continente.pt/dw/image/v2/BDVS_PRD/on/demandware.static/-/Sites-col-master-catalog/default/dwc7e18afa/images/col/761/7617587-direito.jpg?sw=280&sh=280,Quant. Mínima = 100 gr (aprox. 5 fatias),https://www.continente.pt/produto/queijo-flamengo-sao-luiz-fatiado-no-balcao-milhafre-7617587.html,frescos,2025-04-21,Continente
Perninha de Peru,7071907,3.89,"€3,58/un",Continente,Frescos/Talho/Frango e Peru/Peru,https://www.continente.pt/dw/image/v2/BDVS_PRD/on/demandware.static/-/Sites-col-master-catalog/default/dwe4e93f25/images/col/707/7071907-frente.jpg?sw=280&sh=280,emb. 920 gr (aprox.),https://www.continente.pt/produto/perninha-de-peru-continente-7071907.html,frescos,2025-04-21,Continente
Bacon Fumado Tiras,5181660,4.59,"€17,65/kg",Marion,Frescos/Charcutaria/Bacon e Fumados,https://www.continente.pt/dw/image/v2/BDVS_PRD/on/demandware.static/-/Sites-col-master-catalog/default/dwb9e577ef/images/col/518/5181660-frente.jpg?sw=280&sh=280,2 un x 130 gr (260 gr),https://www.continente.pt/produto/bacon-fumado-tiras-marion-5181660.html,frescos,2025-04-21,Continente
Pizza Fresca Fiambre e Queijo Familiar,5102099,3.39,"€5,84/kg",Continente,Frescos/Take Away/Pizzas,https://www.continente.pt/dw/image/v2/BDVS_PRD/on/demandware.static/-/Sites-col-master-catalog/default/dw30f7f2d7/images/col/510/5102099-cima.jpg?sw=280&sh=280,emb. 580 gr,https://www.continente.pt/produto/pizza-fresca-fiambre-e-queijo-familiar-continente-5102099.html,frescos,2025-04-21,Continente
Almôndegas Proteína Vegetal,7011815,3.99,"€19,95/kg",Garden Gourmet,Frescos/Take Away/Vegetariano e Vegan/Pronto a Cozinhar,https://www.continente.pt/dw/image/v2/BDVS_PRD/on/demandware.static/-/Sites-col-master-catalog/default/dwe820cadc/images/col/701/7011815-frente.jpg?sw=280&sh=280,emb. 200 gr (10 un),https://www.continente.pt/produto/almondegas-proteina-vegetal-garden-gourmet-7011815.html,frescos,2025-04-21,Continente
Multipack Snack de Maçã Desidratada,7538624,1.86,"€19,38/kg",Fruut,"Frescos/Frutas/Frutos Secos, Desidratados e Sementes/Frutos Desidratados",https://www.continente.pt/dw/image/v2/BDVS_PRD/on/demandware.static/-/Sites-col-master-catalog/default/dwc567cf58/images/col/753/7538624-hero.jpg?sw=280&sh=280,emb. 8 x 12gr,https://www.continente.pt/produto/multipack-snack-de-maca-desidratada-fruut-7538624.html,frescos,2025-04-21,Continente
Azeitona Verde Manzanilla Descaroçada Biológica,7760388,2.39,"€14,06/kg",Campomar,Frescos/Legumes/Tremoços e Azeitonas,https://www.continente.pt/dw/image/v2/BDVS_PRD/on/demandware.static/-/Sites-col-master-catalog/default/dw51f04f3c/images/col/776/7760388-frente.jpg?sw=280&sh=280,emb. 170 gr,https://www.continente.pt/produto/azeitona-verde-manzanilla-descarocada-biologica-campomar-7760388.html,frescos,2025-04-21,Continente
Linguini com Camarão e Pesto,8018758,4.99,"€14,26/kg",Go Natural,Frescos/Take Away/Refeições Prontas/Peixe e Marisco,https://www.continente.pt/dw/image/v2/BDVS_PRD/on/demandware.static/-/Sites-col-master-catalog/default/dw5f9f54bc/images/col/801/8018758-topshot.png?sw=280&sh=280,emb. 350 gr,https://www.continente.pt/produto/linguini-com-camarao-e-pesto-go-natural-8018758.html,frescos,2025-04-21,Continente
Amêijoa Vietnamita com Casca Congelada,2879958,1.99,"€2,19/un",,Frescos/Peixaria/Marisco/Congelado,https://www.continente.pt/dw/image/v2/BDVS_PRD/on/demandware.static/-/Sites-col-master-catalog/default/dw29ac4658/images/col/287/2879958-amb-tabua.jpg?sw=280&sh=280,"Quant. Mínima = 1,1 kg",https://www.continente.pt/produto/ameijoa-vietnamita-com-casca-congelada-2879958.html,frescos,2025-04-21,Continente
Mezzelune Fresco com Cogumelos e Trufa,7815149,2.29,"€9,16/kg",Continente,Frescos/Take Away/Massas Frescas/Massas Recheadas,https://www.continente.pt/dw/image/v2/BDVS_PRD/on/demandware.static/-/Sites-col-master-catalog/default/dw89df1682/images/col/781/7815149-cima.jpg?sw=280&sh=280,emb. 250 gr,https://www.continente.pt/produto/mezzelune-fresco-com-cogumelos-e-trufa-continente-7815149.html,frescos,2025-04-21,Continente
Queijo Emmental Fatiado,7969511,2.39,"€15,93/kg",Mr. Cheese,Frescos/Queijos/Fatiado e Bolas,https://www.continente.pt/dw/image/v2/BDVS_PRD/on/demandware.static/-/Sites-col-master-catalog/default/dw740709fc/images/col/796/7969511-frente.jpg?sw=280&sh=280,emb. 150 gr,https://www.continente.pt/produto/queijo-emmental-fatiado-mr.-cheese-7969511.html,frescos,2025-04-21,Continente
Cachaço Fumado Fatiado no Balcão,6813003,26.99,"€2,70/un",Quinta dos Fumeiros,Frescos/Charcutaria/Bacon e Fumados,https://www.continente.pt/dw/image/v2/BDVS_PRD/on/demandware.static/-/Sites-col-master-catalog/default/dw2d8013d8/images/col/681/6813003-frente.jpg?sw=280&sh=280,Quant. Mínima = 100 gr (aprox. 16 fatias),https://www.continente.pt/produto/cachaco-fumado-fatiado-no-balcao-quinta-dos-fumeiros-6813003.html,frescos,2025-04-21,Continente
Salada Gourmet 8 Variedades,7576693,2.49,"€24,90/kg",Florette,"Frescos/Legumes/Saladas, Sopas e Salteados",https://www.continente.pt/dw/image/v2/BDVS_PRD/on/demandware.static/-/Sites-col-master-catalog/default/dw542957a8/images/col/757/7576693-cima.jpg?sw=280&sh=280,emb. 100 gr,https://www.continente.pt/produto/salada-gourmet-8-variedades-florette-7576693.html,frescos,2025-04-21,Continente
Bife Bavette de Bovino,6650398,4.99,"€24,95/kg",Angus,"Frescos/Talho/Novilho, Vitela e Vitelão",https://www.continente.pt/dw/image/v2/BDVS_PRD/on/demandware.static/-/Sites-col-master-catalog/default/dw6064988d/images/col/665/6650398-frente.jpg?sw=280&sh=280,emb. 200 gr,https://www.continente.pt/produto/bife-bavette-de-bovino-angus-6650398.html,frescos,2025-04-21,Continente
Penne de Frango e Nozes,8018761,4.99,"€14,26/kg",Go Natural,Frescos/Take Away/Refeições Prontas/Carne,https://www.continente.pt/dw/image/v2/BDVS_PRD/on/demandware.static/-/Sites-col-master-catalog/default/dwc1c0a720/images/col/801/8018761-topshot.png?sw=280&sh=280,emb. 350 gr,https://www.continente.pt/produto/penne-de-frango-e-nozes-go-natural-8018761.html,frescos,2025-04-21,Continente
Tostas com Alho e Salsa,5223378,1.49,"€14,90/kg",Rialto,"Frescos/Padaria e Pastelaria/Tostas, Gressinos e Croutons",https://www.continente.pt/dw/image/v2/BDVS_PRD/on/demandware.static/-/Sites-col-master-catalog/default/dw970e7b0c/images/col/522/5223378-frente.jpg?sw=280&sh=280,emb. 100 gr,https://www.continente.pt/produto/tostas-com-alho-e-salsa-rialto-5223378.html,frescos,2025-04-21,Continente
Lombo de Salmão Fumado Noruega,6917883,10.95,"€73,00/kg",Ubago,Frescos/Charcutaria/Salmão Fumado e Especialidades,https://www.continente.pt/dw/image/v2/BDVS_PRD/on/demandware.static/-/Sites-col-master-catalog/default/dw71813a8a/images/col/691/6917883-frente.jpg?sw=280&sh=280,emb. 150 gr,https://www.continente.pt/produto/lombo-de-salmao-fumado-noruega-ubago-6917883.html,frescos,2025-04-21,Continente
Fiambre da Perna Extra Braseado Fatiado,7522427,1.89,"€15,75/kg",Nobre,"Frescos/Charcutaria/Fiambre, Mortadela e Salame/Fiambre de Porco",https://www.continente.pt/dw/image/v2/BDVS_PRD/on/demandware.static/-/Sites-col-master-catalog/default/dw5af2d7dc/images/col/752/7522427-hero.jpg?sw=280&sh=280,emb. 120 gr,https://www.continente.pt/produto/fiambre-da-perna-extra-braseado-fatiado-nobre-7522427.html,frescos,2025-04-21,Continente
Metade Abóbora Bolina / Menina,6956932,2.09,"€3,87/un",Continente,"Frescos/Legumes/Cenoura, Abóbora e Beterraba",https://www.continente.pt/dw/image/v2/BDVS_PRD/on/demandware.static/-/Sites-col-master-catalog/default/dwd9566d6d/images/col/695/6956932-frente.jpg?sw=280&sh=280,"1/2 Abóbora = 1,85 kg",https://www.continente.pt/produto/metade-abobora-bolina-menina-continente-6956932.html,frescos,2025-04-21,Continente
Cebola Roxa,3800767,1.99,"€3,98/kg",Continente,"Frescos/Legumes/Cebola, Alho e Nabo",https://www.continente.pt/dw/image/v2/BDVS_PRD/on/demandware.static/-/Sites-col-master-catalog/default/dwb0f6fc47/images/col/380/3800767-frente.jpg?sw=280&sh=280,emb. 500 gr,https://www.continente.pt/produto/cebola-roxa-continente-3800767.html,frescos,2025-04-21,Continente
Chouriço de Carne da Guarda,6683336,2.89,"€14,45/kg",Continente,Frescos/Charcutaria/Chouriço e Morcela,https://www.continente.pt/dw/image/v2/BDVS_PRD/on/demandware.static/-/Sites-col-master-catalog/default/dw47545464/images/col/668/6683336-frente.jpg?sw=280&sh=280,emb. 200 gr,https://www.continente.pt/produto/chourico-de-carne-da-guarda-continente-6683336.html,frescos,2025-04-21,Continente
Queijo de Mistura Curado,4858749,2.49,"€13,11/kg",Continente,Frescos/Queijos/Curado,https://www.continente.pt/dw/image/v2/BDVS_PRD/on/demandware.static/-/Sites-col-master-catalog/default/dw131b612f/images/col/485/4858749-frente.jpg?sw=280&sh=280,emb. 190 gr,https://www.continente.pt/produto/queijo-de-mistura-curado-continente-4858749.html,frescos,2025-04-21,Continente
Pão de Trigo da Serra da Estrela Fatiado,3610559,1.79,"€3,98/kg",Museu do Pão,Frescos/Padaria e Pastelaria/Pão de Forma e Embalado,https://www.continente.pt/dw/image/v2/BDVS_PRD/on/demandware.static/-/Sites-col-master-catalog/default/dwa62cf539/images/col/361/3610559-frente.jpg?sw=280&sh=280,emb. 450 gr,https://www.continente.pt/produto/pao-de-trigo-da-serra-da-estrela-fatiado-museu-do-pao-3610559.html,frescos,2025-04-21,Continente
Croissant Brioche,5005065,0.69,"€8,12/kg",,Frescos/Padaria e Pastelaria/Croissants e Pães de Leite,https://www.continente.pt/dw/image/v2/BDVS_PRD/on/demandware.static/-/Sites-col-master-catalog/default/dw678878ac/images/col/500/5005065-frente.jpg?sw=280&sh=280,Quant. Mínima = 2 un,https://www.continente.pt/produto/croissant-brioche-5005065.html,frescos,2025-04-21,Continente
Pistácio Torrado com Casca e Sal Marinho,7463440,4.29,"€21,45/kg",Os Originais,"Frescos/Frutas/Frutos Secos, Desidratados e Sementes/Frutos Secos",https://www.continente.pt/dw/image/v2/BDVS_PRD/on/demandware.static/-/Sites-col-master-catalog/default/dwffd70433/images/col/746/7463440-frente.jpg?sw=280&sh=280,emb. 200 gr,https://www.continente.pt/produto/pistacio-torrado-com-casca-e-sal-marinho-os-originais-7463440.html,frescos,2025-04-21,Continente
Queijo Brie Gourmet,7211678,3.79,"€18,95/kg",Président,Frescos/Queijos/Queijos do Mundo,https://www.continente.pt/dw/image/v2/BDVS_PRD/on/demandware.static/-/Sites-col-master-catalog/default/dw731799d9/images/col/721/7211678-direito.jpg?sw=280&sh=280,emb. 200 gr,https://www.continente.pt/produto/queijo-brie-gourmet-president-7211678.html,frescos,2025-04-21,Continente
Queijo Grana Padano DOP Ralado,7196358,2.79,"€31,00/kg",Granarolo,Frescos/Queijos/Ralado,https://www.continente.pt/dw/image/v2/BDVS_PRD/on/demandware.static/-/Sites-col-master-catalog/default/dw6533daa7/images/col/719/7196358-frente.jpg?sw=280&sh=280,emb. 90 gr,https://www.continente.pt/produto/queijo-grana-padano-dop-ralado-granarolo-7196358.html,frescos,2025-04-21,Continente
Sumo 100% Laranja Natural,5727202,1.99,"€3,98/lt",Continente,Frescos/Frutas/Sumos Espremidos na Hora,https://www.continente.pt/dw/image/v2/BDVS_PRD/on/demandware.static/-/Sites-col-master-catalog/default/dw0fd20db0/images/col/572/5727202-frente-amb.jpg?sw=280&sh=280,emb. 50 cl,https://www.continente.pt/produto/sumo-100--laranja-natural-continente-5727202.html,frescos,2025-04-21,Continente
Palmiers Mini,8042238,2.0,"€8,00/kg",Virgen del Brezo,Frescos/Padaria e Pastelaria/Biscoitos,https://www.continente.pt/dw/image/v2/BDVS_PRD/on/demandware.static/-/Sites-col-master-catalog/default/dwcdbc3721/images/col/804/8042238-topshot.jpg?sw=280&sh=280,emb. 180 gr,https://www.continente.pt/produto/palmiers-mini-virgen-del-brezo-8042238.html,frescos,2025-04-21,Continente
Pizza Fresca Barbecue,2957810,3.99,"€9,73/kg",Campofrio,Frescos/Take Away/Pizzas,https://www.continente.pt/dw/image/v2/BDVS_PRD/on/demandware.static/-/Sites-col-master-catalog/default/dwf38b431e/images/col/295/2957810-frente.jpg?sw=280&sh=280,emb. 410 gr,https://www.continente.pt/produto/pizza-fresca-barbecue-campofrio-2957810.html,frescos,2025-04-21,Continente
Queijo de Cabra Curado,5654314,4.19,"€22,05/kg",Capri Sicó,Frescos/Queijos/Curado,https://www.continente.pt/dw/image/v2/BDVS_PRD/on/demandware.static/-/Sites-col-master-catalog/default/dw3a22d36b/images/col/565/5654314-cima.jpg?sw=280&sh=280,2 un x 100 gr (200 gr),https://www.continente.pt/produto/queijo-de-cabra-curado-capri-sico-5654314.html,frescos,2025-04-21,Continente
Frango do Campo aos Pedaços,8043850,4.69,"€9,38/un",Continente Seleção,Frescos/Talho/Frango e Peru/Frango,https://www.continente.pt/dw/image/v2/BDVS_PRD/on/demandware.static/-/Sites-col-master-catalog/default/dwf82c2a45/images/col/804/8043850-frente.jpg?sw=280&sh=280,emb. 2 kg (aprox.),https://www.continente.pt/produto/frango-do-campo-aos-pedacos-continente-selecao-8043850.html,frescos,2025-04-21,Continente
Lasanha Bolonhesa,5456397,3.99,"€11,40/kg",Rana,Frescos/Take Away/Refeições Prontas/Italianas,https://www.continente.pt/dw/image/v2/BDVS_PRD/on/demandware.static/-/Sites-col-master-catalog/default/dw7692f5a8/images/col/545/5456397-frente.jpg?sw=280&sh=280,emb. 350 gr,https://www.continente.pt/produto/lasanha-bolonhesa-rana-5456397.html,frescos,2025-04-21,Continente
Focaccia de Azeite e Alecrim,7926197,0.99,"€8,25/kg",,Frescos/Padaria e Pastelaria/Pão do Dia e Broa,https://www.continente.pt/dw/image/v2/BDVS_PRD/on/demandware.static/-/Sites-col-master-catalog/default/dw34793fe8/images/col/792/7926197-cima.jpg?sw=280&sh=280,emb. 120 gr,https://www.continente.pt/produto/focaccia-de-azeite-e-alecrim-7926197.html,frescos,2025-04-21,Continente
"Queijo Mini Original, Cheddar e Emmental",7620508,3.99,"€22,17/kg",Babybel,Frescos/Queijos/Snacks e Barrar,https://www.continente.pt/dw/image/v2/BDVS_PRD/on/demandware.static/-/Sites-col-master-catalog/default/dwa202f613/images/col/762/7620508-frente.jpg?sw=280&sh=280,9 un x 20 gr (180 gr),https://www.continente.pt/produto/queijo-mini-original-cheddar-e-emmental-babybel-7620508.html,frescos,2025-04-21,Continente
Salsichas de Churrasco,6574808,1.43,"€7,15/kg",Continente,Frescos/Charcutaria/Salsichas e Linguiças,https://www.continente.pt/dw/image/v2/BDVS_PRD/on/demandware.static/-/Sites-col-master-catalog/default/dw6445d70a/images/col/657/6574808-frente.jpg?sw=280&sh=280,emb. 200 gr,https://www.continente.pt/produto/salsichas-de-churrasco-continente-6574808.html,frescos,2025-04-21,Continente
Mix Caju Cru e Arandos,8117663,2.99,"€14,95/kg",Continente,"Frescos/Frutas/Frutos Secos, Desidratados e Sementes/Frutos Secos",https://www.continente.pt/dw/image/v2/BDVS_PRD/on/demandware.static/-/Sites-col-master-catalog/default/dw9a6adafd/images/col/811/8117663-frente.png?sw=280&sh=280,emb. 200 gr,https://www.continente.pt/produto/mix-caju-cru-e-arandos-continente-8117663.html,frescos,2025-04-21,Continente
Fuet Extra com Trufas,7494397,3.99,"€26,60/kg",ElPozo,"Frescos/Charcutaria/Salpicão, Paio e Fuet",https://www.continente.pt/dw/image/v2/BDVS_PRD/on/demandware.static/-/Sites-col-master-catalog/default/dwb9b6883b/images/col/749/7494397-frente.jpg?sw=280&sh=280,emb. 150 gr,https://www.continente.pt/produto/fuet-extra-com-trufas-elpozo-7494397.html,frescos,2025-04-21,Continente
Choco Limpo Ultracongelado,4277919,7.49,"€14,98/kg",Pescanova,"Frescos/Peixaria/Polvo, Lulas e Chocos/Congelado",https://www.continente.pt/dw/image/v2/BDVS_PRD/on/demandware.static/-/Sites-col-master-catalog/default/dw9591265b/images/col/427/4277919-frente.jpg?sw=280&sh=280,emb. 500 gr,https://www.continente.pt/produto/choco-limpo-ultracongelado-pescanova-4277919.html,frescos,2025-04-21,Continente
Salsichas Frescas de Peru,6282115,3.99,"€7,98/kg",Continente,Frescos/Talho/Frango e Peru/Peru,https://www.continente.pt/dw/image/v2/BDVS_PRD/on/demandware.static/-/Sites-col-master-catalog/default/dwc08f760e/images/col/628/6282115-cima.jpg?sw=280&sh=280,emb. 500 gr,https://www.continente.pt/produto/salsichas-frescas-de-peru-continente-6282115.html,frescos,2025-04-21,Continente
Lombo de Porco Preto Fatiado,6717032,5.49,"€21,96/kg",Miguel & Miguel,Frescos/Talho/Porco,https://www.continente.pt/dw/image/v2/BDVS_PRD/on/demandware.static/-/Sites-col-master-catalog/default/dw4bd4d188/images/col/671/6717032-frente.jpg?sw=280&sh=280,emb. 250 gr,https://www.continente.pt/produto/lombo-de-porco-preto-fatiado-miguel-miguel-6717032.html,frescos,2025-04-21,Continente
Queijo Ralado Mix sem Lactose,7175439,1.99,"€13,27/kg",Quinta da Serra,Frescos/Queijos/Ralado,https://www.continente.pt/dw/image/v2/BDVS_PRD/on/demandware.static/-/Sites-col-master-catalog/default/dw99e13a6d/images/col/717/7175439-topshot.jpg?sw=280&sh=280,emb. 150 gr,https://www.continente.pt/produto/queijo-ralado-mix-sem-lactose-quinta-da-serra-7175439.html,frescos,2025-04-21,Continente
Pão Clássico com Côdea sem Glúten,5296290,3.69,"€12,30/kg",Schär,Frescos/Padaria e Pastelaria/Pão de Forma e Embalado,https://www.continente.pt/dw/image/v2/BDVS_PRD/on/demandware.static/-/Sites-col-master-catalog/default/dw87cf2575/images/col/529/5296290-frente.jpg?sw=280&sh=280,emb. 300 gr,https://www.continente.pt/produto/pao-classico-com-codea-sem-gluten-schar-5296290.html,frescos,2025-04-21,Continente
Cebola Roxa,7625471,2.39,"€2,39/kg",Continente,"Frescos/Legumes/Cebola, Alho e Nabo",https://www.continente.pt/dw/image/v2/BDVS_PRD/on/demandware.static/-/Sites-col-master-catalog/default/dw5f9c8be7/images/col/762/7625471-frente.jpg?sw=280&sh=280,emb. 1 kg,https://www.continente.pt/produto/cebola-roxa-continente-7625471.html,frescos,2025-04-21,Continente
Mirtilo Resíduo Zero,7743468,2.99,"€14,95/kg",Continente,Frescos/Frutas/Morango e Frutos Vermelhos,https://www.continente.pt/dw/image/v2/BDVS_PRD/on/demandware.static/-/Sites-col-master-catalog/default/dw12c3477b/images/col/774/7743468-frente.jpg?sw=280&sh=280,emb. 200 gr,https://www.continente.pt/produto/mirtilo-residuo-zero-continente-7743468.html,frescos,2025-04-21,Continente
Tiras Braseadas Proteína Vegetal,7011817,3.59,"€20,51/kg",Garden Gourmet,Bio e Saudável/Vegetariano e Vegan/Alternativas Carne e Peixe,https://www.continente.pt/dw/image/v2/BDVS_PRD/on/demandware.static/-/Sites-col-master-catalog/default/dwd70bb9f5/images/col/701/7011817-frente.jpg?sw=280&sh=280,emb. 175 gr (25 un),https://www.continente.pt/produto/tiras-braseadas-proteina-vegetal-garden-gourmet-7011817.html,frescos,2025-04-21,Continente
Salame Palaciego Fatiado no Balcão,2116395,20.99,"€2,10/un",Campofrio,"Frescos/Charcutaria/Fiambre, Mortadela e Salame/Mortadela e Salame",https://www.continente.pt/dw/image/v2/BDVS_PRD/on/demandware.static/-/Sites-col-master-catalog/default/dwa556a63b/images/col/211/2116395-frente.jpg?sw=280&sh=280,Quant. Mínima = 100 gr (aprox. 16 fatias),https://www.continente.pt/produto/salame-palaciego-fatiado-no-balcao-campofrio-2116395.html,frescos,2025-04-21,Continente
Baguete Rústica Massa Mãe,7719065,0.89,"€3,56/kg",,Frescos/Padaria e Pastelaria/Pão do Dia e Broa,https://www.continente.pt/dw/image/v2/BDVS_PRD/on/demandware.static/-/Sites-col-master-catalog/default/dw987c409e/images/col/771/7719065-frente.jpg?sw=280&sh=280,emb. 250 gr (1 un),https://www.continente.pt/produto/baguete-rustica-massa-mae-7719065.html,frescos,2025-04-21,Continente
Delícias do Mar Ultracongeladas,8165888,4.92,"€9,84/kg",Pescanova,Frescos/Peixaria/Marisco/Congelado,https://www.continente.pt/dw/image/v2/BDVS_PRD/on/demandware.static/-/Sites-col-master-catalog/default/dwd41b0aac/images/col/816/8165888-frente.jpg?sw=280&sh=280,emb. 500 gr,https://www.continente.pt/produto/delicias-do-mar-ultracongeladas-pescanova-8165888.html,frescos,2025-04-21,Continente
Maçaroca de Milho Doce Cozido Biológico,6590648,3.39,"€8,48/kg",Ecoeduco,"Frescos/Legumes/Alface, Tomate, Pepino e Pimento",https://www.continente.pt/dw/image/v2/BDVS_PRD/on/demandware.static/-/Sites-col-master-catalog/default/dwae74a675/images/col/659/6590648-frente.jpg?sw=280&sh=280,emb. 400 gr,https://www.continente.pt/produto/macaroca-de-milho-doce-cozido-biologico-ecoeduco-6590648.html,frescos,2025-04-21,Continente
Argolas do Mar Ultracongeladas,5020771,4.38,"€10,95/kg",Pescanova,"Frescos/Peixaria/Polvo, Lulas e Chocos/Congelado",https://www.continente.pt/dw/image/v2/BDVS_PRD/on/demandware.static/-/Sites-col-master-catalog/default/dwb5868ecf/images/col/502/5020771-frente.jpg?sw=280&sh=280,emb. 400 gr,https://www.continente.pt/produto/argolas-do-mar-ultracongeladas-pescanova-5020771.html,frescos,2025-04-21,Continente
Queijo Flamengo sem Lactose Fatiado,5703784,2.59,"€17,27/kg",Paiva,Frescos/Queijos/Fatiado e Bolas,https://www.continente.pt/dw/image/v2/BDVS_PRD/on/demandware.static/-/Sites-col-master-catalog/default/dw5bff13af/images/col/570/5703784-frente.jpg?sw=280&sh=280,emb. 150 gr,https://www.continente.pt/produto/queijo-flamengo-sem-lactose-fatiado-paiva-5703784.html,frescos,2025-04-21,Continente
Pão Rústico Integral Massa Mãe Fatiado,7704721,2.19,"€5,47/kg",The Rustik Bakery,Frescos/Padaria e Pastelaria/Pão de Forma e Embalado,https://www.continente.pt/dw/image/v2/BDVS_PRD/on/demandware.static/-/Sites-col-master-catalog/default/dw4a96080f/images/col/770/7704721-frente.png?sw=280&sh=280,emb. 400 gr,https://www.continente.pt/produto/pao-rustico-integral-massa-mae-fatiado-the-rustik-bakery-7704721.html,frescos,2025-04-21,Continente
Pimento Assado às Tiras Biológico,6418505,3.39,"€13,56/kg",Continente Bio,"Frescos/Legumes/Alface, Tomate, Pepino e Pimento",https://www.continente.pt/dw/image/v2/BDVS_PRD/on/demandware.static/-/Sites-col-master-catalog/default/dwc5a32529/images/col/641/6418505-frente.jpg?sw=280&sh=280,emb. 250 gr,https://www.continente.pt/produto/pimento-assado-as-tiras-biologico-continente-bio-6418505.html,frescos,2025-04-21,Continente
Cannellonis de Bolonhesa,7971434,4.99,"€4,99/kg",Continente,Frescos/Take Away/Refeições Prontas/Italianas,https://www.continente.pt/dw/image/v2/BDVS_PRD/on/demandware.static/-/Sites-col-master-catalog/default/dw351c4f50/images/col/797/7971434-frente.jpg?sw=280&sh=280,emb. 1 kg,https://www.continente.pt/produto/cannellonis-de-bolonhesa-continente-7971434.html,frescos,2025-04-21,Continente
Wafers de Baunilha,7961101,1.49,"€9,31/kg",Da Nossa Pastelaria,Frescos/Padaria e Pastelaria/Biscoitos,https://www.continente.pt/dw/image/v2/BDVS_PRD/on/demandware.static/-/Sites-col-master-catalog/default/dw392ab536/images/col/796/7961101-cima.jpg?sw=280&sh=280,emb. 160 gr,https://www.continente.pt/produto/wafers-de-baunilha-da-nossa-pastelaria-7961101.html,frescos,2025-04-21,Continente
Queijo Fundido Light Fatiado,2163680,2.69,"€13,45/kg",A Vaca que ri,Frescos/Queijos/Fatiado e Bolas,https://www.continente.pt/dw/image/v2/BDVS_PRD/on/demandware.static/-/Sites-col-master-catalog/default/dwfe6d6f3f/images/col/216/2163680-topshot.jpg?sw=280&sh=280,emb. 200 gr,https://www.continente.pt/produto/queijo-fundido-light-fatiado-a-vaca-que-ri-2163680.html,frescos,2025-04-21,Continente
Queijo Curado com Trufa,8059626,5.39,"€26,95/kg",Président,Frescos/Queijos/Queijos do Mundo,https://www.continente.pt/dw/image/v2/BDVS_PRD/on/demandware.static/-/Sites-col-master-catalog/default/dwf070b072/images/col/805/8059626-frente.jpg?sw=280&sh=280,emb. 200 gr,https://www.continente.pt/produto/queijo-curado-com-trufa-president-8059626.html,frescos,2025-04-21,Continente
Salada Serrana,4965242,1.99,"€13,27/kg",Continente Seleção,"Frescos/Legumes/Saladas, Sopas e Salteados",https://www.continente.pt/dw/image/v2/BDVS_PRD/on/demandware.static/-/Sites-col-master-catalog/default/dw5d51697c/images/col/496/4965242-frente.jpg?sw=280&sh=280,emb. 150 gr,https://www.continente.pt/produto/salada-serrana-continente-selecao-4965242.html,frescos,2025-04-21,Continente
Queijo Flamengo Light Fatiado no Balcão,4922545,11.19,"€1,12/un",Continente Equilíbrio,Frescos/Queijos/Fatiado e Bolas,https://www.continente.pt/dw/image/v2/BDVS_PRD/on/demandware.static/-/Sites-col-master-catalog/default/dw5c5bb28f/images/col/492/4922545-frente.jpg?sw=280&sh=280,Quant. Mínima = 100 gr,https://www.continente.pt/produto/queijo-flamengo-light-fatiado-no-balcao-continente-equilibrio-4922545.html,frescos,2025-04-21,Continente
Agrião,2647220,2.19,"€17,52/kg",Florette,"Frescos/Legumes/Couves, Brócolos e Espinafres",https://www.continente.pt/dw/image/v2/BDVS_PRD/on/demandware.static/-/Sites-col-master-catalog/default/dw2848d896/images/col/264/2647220-frente.jpg?sw=280&sh=280,emb. 125 gr,https://www.continente.pt/produto/agriao-florette-2647220.html,frescos,2025-04-21,Continente
Mortadela de Porco Fatias Finas,7646637,0.99,"€4,95/kg",Continente,"Frescos/Charcutaria/Fiambre, Mortadela e Salame/Mortadela e Salame",https://www.continente.pt/dw/image/v2/BDVS_PRD/on/demandware.static/-/Sites-col-master-catalog/default/dw5d03c9ae/images/col/764/7646637-frente.jpg?sw=280&sh=280,emb. 200 gr,https://www.continente.pt/produto/mortadela-de-porco-fatias-finas-continente-7646637.html,frescos,2025-04-21,Continente
Queijo Fresco de Vaca,4934627,2.15,"€10,75/kg",Tété,"Frescos/Queijos/Fresco, Requeijão e Mozzarella",https://www.continente.pt/dw/image/v2/BDVS_PRD/on/demandware.static/-/Sites-col-master-catalog/default/dwbd324f1f/images/col/493/4934627-frente.jpg?sw=280&sh=280,emb. 200 gr,https://www.continente.pt/produto/queijo-fresco-de-vaca-tete-4934627.html,frescos,2025-04-21,Continente
Framboesa Biológica,8275256,2.99,"€23,92/kg",Sudoberry,Frescos/Frutas/Morango e Frutos Vermelhos,https://www.continente.pt/dw/image/v2/BDVS_PRD/on/demandware.static/-/Sites-col-master-catalog/default/dw5a969d6c/images/col/827/8275256-cima.jpg?sw=280&sh=280,emb. 125 gr,https://www.continente.pt/produto/framboesa-biologica-sudoberry-8275256.html,frescos,2025-04-21,Continente
Alface Romana,7809219,1.79,"€4,48/kg",Continente,"Frescos/Legumes/Alface, Tomate, Pepino e Pimento",https://www.continente.pt/dw/image/v2/BDVS_PRD/on/demandware.static/-/Sites-col-master-catalog/default/dwad989ce2/images/col/780/7809219-cima-fora-embalagem.jpg?sw=280&sh=280,emb. 400 gr,https://www.continente.pt/produto/alface-romana-continente-7809219.html,frescos,2025-04-21,Continente
Chouriço de Porco Preto,6297976,2.89,"€19,27/kg",Montaraz,Frescos/Charcutaria/Chouriço e Morcela,https://www.continente.pt/dw/image/v2/BDVS_PRD/on/demandware.static/-/Sites-col-master-catalog/default/dwe91c86c8/images/col/629/6297976-frente.jpg?sw=280&sh=280,emb. 150 gr,https://www.continente.pt/produto/chourico-de-porco-preto-montaraz-6297976.html,frescos,2025-04-21,Continente
Hambúrguer de Aves com Queijo,4999531,2.49,"€9,96/kg",Continente,"Frescos/Take Away/Grab&Go/Hambúrgueres, Sandes e Wraps",https://www.continente.pt/dw/image/v2/BDVS_PRD/on/demandware.static/-/Sites-col-master-catalog/default/dw13cb3efa/images/col/499/4999531-cima.png?sw=280&sh=280,emb. 250 gr (2 un),https://www.continente.pt/produto/hamburguer-de-aves-com-queijo-continente-4999531.html,frescos,2025-04-21,Continente
Salame Sopressa Veneta Fatiado,7640140,4.29,"€53,63/kg",Levoni,"Frescos/Charcutaria/Fiambre, Mortadela e Salame/Mortadela e Salame",https://www.continente.pt/dw/image/v2/BDVS_PRD/on/demandware.static/-/Sites-col-master-catalog/default/dw9873ae81/images/col/764/7640140-frente.jpg?sw=280&sh=280,emb. 80 gr,https://www.continente.pt/produto/salame-sopressa-veneta-fatiado-levoni-7640140.html,frescos,2025-04-21,Continente
Pevide com Casca e Sal,8118237,2.89,"€11,56/kg",Continente,"Frescos/Frutas/Frutos Secos, Desidratados e Sementes/Sementes e Pevides",https://www.continente.pt/dw/image/v2/BDVS_PRD/on/demandware.static/-/Sites-col-master-catalog/default/dw3919aa15/images/col/811/8118237-topshot.jpg?sw=280&sh=280,emb. 250 gr,https://www.continente.pt/produto/pevide-com-casca-e-sal-continente-8118237.html,frescos,2025-04-21,Continente
Tortilhas Mexicanas de Trigo,6043520,2.69,"€11,02/kg",Old El Paso,"Frescos/Padaria e Pastelaria/Pão de Hambúrguer, Cachorro e Wraps",https://www.continente.pt/dw/image/v2/BDVS_PRD/on/demandware.static/-/Sites-col-master-catalog/default/dwa8788152/images/col/604/6043520-frente.jpg?sw=280&sh=280,emb. 244 gr (6 un),https://www.continente.pt/produto/tortilhas-mexicanas-de-trigo-old-el-paso-6043520.html,frescos,2025-04-21,Continente
Fiambre de Peito de Peru Fatias Finas,8090664,1.99,"€16,58/kg",Izidoro,"Frescos/Charcutaria/Fiambre, Mortadela e Salame/Fiambre de Aves",https://www.continente.pt/dw/image/v2/BDVS_PRD/on/demandware.static/-/Sites-col-master-catalog/default/dw9df15254/images/col/809/8090664-frente.jpg?sw=280&sh=280,emb. 120 gr + 30 gr GRÁTIS,https://www.continente.pt/produto/fiambre-de-peito-de-peru-fatias-finas-izidoro-8090664.html,frescos,2025-04-21,Continente
Amendoim Frito com Sal,8021463,1.09,"€7,27/kg",Frutorra,"Frescos/Frutas/Frutos Secos, Desidratados e Sementes/Frutos Secos",https://www.continente.pt/dw/image/v2/BDVS_PRD/on/demandware.static/-/Sites-col-master-catalog/default/dw5a7deca7/images/col/802/8021463-frente.jpg?sw=280&sh=280,emb. 150 gr,https://www.continente.pt/produto/amendoim-frito-com-sal-frutorra-8021463.html,frescos,2025-04-21,Continente
Queijo Gouda Fatiado,6970341,8.59,"€10,74/kg",Campainha,Frescos/Queijos/Fatiado e Bolas,https://www.continente.pt/dw/image/v2/BDVS_PRD/on/demandware.static/-/Sites-col-master-catalog/default/dw198f824a/images/col/697/6970341-topshot.jpg?sw=280&sh=280,2 un x 400 gr (800 gr),https://www.continente.pt/produto/queijo-gouda-fatiado-campainha-6970341.html,frescos,2025-04-21,Continente
Fiambre Fumado Praga Fatiado no Balcão,6913534,28.59,"€2,86/un",Hein,"Frescos/Charcutaria/Fiambre, Mortadela e Salame/Fiambre de Porco",https://www.continente.pt/dw/image/v2/BDVS_PRD/on/demandware.static/-/Sites-col-master-catalog/default/dwc1d455b3/images/col/691/6913534-frente.jpg?sw=280&sh=280,Quant. Mínima = 100 gr,https://www.continente.pt/produto/fiambre-fumado-praga-fatiado-no-balcao-hein-6913534.html,frescos,2025-04-21,Continente
Miolo de Gambão 20/40 Ultracongelado,6536239,7.29,"€36,45/kg",Pescanova,Frescos/Peixaria/Marisco/Congelado,https://www.continente.pt/dw/image/v2/BDVS_PRD/on/demandware.static/-/Sites-col-master-catalog/default/dwca6a76f3/images/col/653/6536239-frente.png?sw=280&sh=280,emb. 200 gr,https://www.continente.pt/produto/miolo-de-gambao-20-40-ultracongelado-pescanova-6536239.html,frescos,2025-04-21,Continente
Tofu Fumado,5344100,2.99,"€14,95/kg",Joya,Bio e Saudável/Vegetariano/Tofu e Seitan,https://www.continente.pt/dw/image/v2/BDVS_PRD/on/demandware.static/-/Sites-col-master-catalog/default/dwf95106fd/images/col/534/5344100-frente.png?sw=280&sh=280,emb. 200 gr,https://www.continente.pt/produto/tofu-fumado-joya-5344100.html,frescos,2025-04-21,Continente
Espirais de Curgete,6313404,1.99,"€6,63/kg",Continente,"Frescos/Legumes/Curgete, Beringela e Feijão Verde",https://www.continente.pt/dw/image/v2/BDVS_PRD/on/demandware.static/-/Sites-col-master-catalog/default/dw8d6fa063/images/col/631/6313404-frente.png?sw=280&sh=280,emb. 300 gr,https://www.continente.pt/produto/espirais-de-curgete-continente-6313404.html,frescos,2025-04-21,Continente
Clementina Biológica,8221132,2.39,"€4,78/kg",Continente Bio,"Frescos/Frutas/Laranja, Clementina e Limão",https://www.continente.pt/dw/image/v2/BDVS_PRD/on/demandware.static/-/Sites-col-master-catalog/default/dw0b219e94/images/col/822/8221132-frente.png?sw=280&sh=280,emb. 500 gr,https://www.continente.pt/produto/clementina-biologica-continente-bio-8221132.html,frescos,2025-04-21,Continente
Esparguete com Ovo,6517766,0.85,"€3,40/kg",Continente,Frescos/Take Away/Massas Frescas/Massas Simples,https://www.continente.pt/dw/image/v2/BDVS_PRD/on/demandware.static/-/Sites-col-master-catalog/default/dw8ccaaabf/images/col/651/6517766-frente.jpg?sw=280&sh=280,emb. 250 gr,https://www.continente.pt/produto/esparguete-com-ovo-continente-6517766.html,frescos,2025-04-21,Continente
Pato Inteiro com Miúdos,7396935,4.49,"€10,78/un",Quinta da Marinha,Frescos/Talho/Pato e Coelho,https://www.continente.pt/dw/image/v2/BDVS_PRD/on/demandware.static/-/Sites-col-master-catalog/default/dw594d1cd2/images/col/739/7396935-topshot.jpg?sw=280&sh=280,"emb. 2,4 kg (aprox.)",https://www.continente.pt/produto/pato-inteiro-com-miudos-quinta-da-marinha-7396935.html,frescos,2025-04-21,Continente
Queijo Fundido Fatiado,2163679,2.69,"€13,45/kg",A Vaca que ri,Frescos/Queijos/Fatiado e Bolas,https://www.continente.pt/dw/image/v2/BDVS_PRD/on/demandware.static/-/Sites-col-master-catalog/default/dw7690544d/images/col/216/2163679-topshot.jpg?sw=280&sh=280,emb. 200 gr,https://www.continente.pt/produto/queijo-fundido-fatiado-a-vaca-que-ri-2163679.html,frescos,2025-04-21,Continente
Preparado para Sopa Juliana,3802134,1.65,"€3,67/kg",Continente,"Frescos/Legumes/Saladas, Sopas e Salteados",https://www.continente.pt/dw/image/v2/BDVS_PRD/on/demandware.static/-/Sites-col-master-catalog/default/dwe7647c8c/images/col/380/3802134-frente.jpg?sw=280&sh=280,emb. 450 gr,https://www.continente.pt/produto/preparado-para-sopa-juliana-continente-3802134.html,frescos,2025-04-21,Continente
Cogumelo Pleurotus Biológico Fresco,7559249,1.99,"€13,27/kg",Continente Bio,"Frescos/Legumes/Cogumelos, Espargos e Exóticos",https://www.continente.pt/dw/image/v2/BDVS_PRD/on/demandware.static/-/Sites-col-master-catalog/default/dw90ba2790/images/col/755/7559249-frente.jpg?sw=280&sh=280,emb. 150 gr,https://www.continente.pt/produto/cogumelo-pleurotus-biologico-fresco-continente-bio-7559249.html,frescos,2025-04-21,Continente
Chouriço de  Carne,7435436,1.89,"€14,54/kg",Continente,Frescos/Charcutaria/Chouriço e Morcela,https://www.continente.pt/dw/image/v2/BDVS_PRD/on/demandware.static/-/Sites-col-master-catalog/default/dw1dcc8407/images/col/743/7435436-frente.jpg?sw=280&sh=280,emb. 130 gr,https://www.continente.pt/produto/chourico-de--carne-continente-7435436.html,frescos,2025-04-21,Continente
Presunto Fatias Finas 9 Meses de Cura,7156877,3.29,"€27,42/kg",Continente,Frescos/Charcutaria/Presunto,https://www.continente.pt/dw/image/v2/BDVS_PRD/on/demandware.static/-/Sites-col-master-catalog/default/dwe9cc019f/images/col/715/7156877-cima.jpg?sw=280&sh=280,emb. 120 gr,https://www.continente.pt/produto/presunto-fatias-finas-9-meses-de-cura-continente-7156877.html,frescos,2025-04-21,Continente
Sementes de Linhaça Dourada Biológicas,6625843,1.09,"€5,45/kg",Continente Bio,"Frescos/Frutas/Frutos Secos, Desidratados e Sementes/Sementes e Pevides",https://www.continente.pt/dw/image/v2/BDVS_PRD/on/demandware.static/-/Sites-col-master-catalog/default/dw8dda793a/images/col/662/6625843-frente.jpg?sw=280&sh=280,emb. 200 gr,https://www.continente.pt/produto/sementes-de-linhaca-dourada-biologicas-continente-bio-6625843.html,frescos,2025-04-21,Continente
Maçã Golden Biológica,7366349,2.69,"€5,38/kg",Continente Bio,"Frescos/Frutas/Banana, Maçã e Pera",https://www.continente.pt/dw/image/v2/BDVS_PRD/on/demandware.static/-/Sites-col-master-catalog/default/dw0c91e516/images/col/736/7366349-frente.jpg?sw=280&sh=280,emb. 500 gr,https://www.continente.pt/produto/maca-golden-biologica-continente-bio-7366349.html,frescos,2025-04-21,Continente
Bacalhau Desfiado Seco,7328060,4.49,"€11,22/kg",Continente,Frescos/Peixaria/Bacalhau/Seco,https://www.continente.pt/dw/image/v2/BDVS_PRD/on/demandware.static/-/Sites-col-master-catalog/default/dwd169d2db/images/col/732/7328060-frente.jpg?sw=280&sh=280,emb. 400 gr,https://www.continente.pt/produto/bacalhau-desfiado-seco-continente-7328060.html,frescos,2025-04-21,Continente
Pão de Forma com Côdea,7970657,1.74,"€4,05/kg",Bimbo,Frescos/Padaria e Pastelaria/Pão de Forma e Embalado,https://www.continente.pt/dw/image/v2/BDVS_PRD/on/demandware.static/-/Sites-col-master-catalog/default/dw000569d7/images/col/797/7970657-frente.jpg?sw=280&sh=280,emb. 430 gr,https://www.continente.pt/produto/pao-de-forma-com-codea-bimbo-7970657.html,frescos,2025-04-21,Continente
Funcho Cuvete,4106279,5.39,"€1,89/un",Continente,"Frescos/Legumes/Cenoura, Abóbora e Beterraba",https://www.continente.pt/dw/image/v2/BDVS_PRD/on/demandware.static/-/Sites-col-master-catalog/default/dw1fb8f1b6/images/col/410/4106279-frente.jpg?sw=280&sh=280,emb. 350 gr,https://www.continente.pt/produto/funcho-cuvete-continente-4106279.html,frescos,2025-04-21,Continente
Presunto Ibérico Lascas 24 Meses de Cura,7193539,5.99,"€74,88/kg",Continente Seleção,Frescos/Charcutaria/Presunto,https://www.continente.pt/dw/image/v2/BDVS_PRD/on/demandware.static/-/Sites-col-master-catalog/default/dw702ef94b/images/col/719/7193539-frente.jpg?sw=280&sh=280,emb. 80 gr,https://www.continente.pt/produto/presunto-iberico-lascas-24-meses-de-cura-continente-selecao-7193539.html,frescos,2025-04-21,Continente
Supremas de Chocolate,7751628,2.85,"€9,50/kg",Da Nossa Pastelaria,Frescos/Padaria e Pastelaria/Biscoitos,https://www.continente.pt/dw/image/v2/BDVS_PRD/on/demandware.static/-/Sites-col-master-catalog/default/dwcc7e53e8/images/col/775/7751628-frente.jpg?sw=280&sh=280,emb. 300 gr,https://www.continente.pt/produto/supremas-de-chocolate-da-nossa-pastelaria-7751628.html,frescos,2025-04-21,Continente
Malagueta Vermelha,7248117,1.99,"€19,90/kg",Continente,"Frescos/Legumes/Alface, Tomate, Pepino e Pimento",https://www.continente.pt/dw/image/v2/BDVS_PRD/on/demandware.static/-/Sites-col-master-catalog/default/dw26a567cb/images/col/724/7248117-cima.jpg?sw=280&sh=280,emb. 100 gr,https://www.continente.pt/produto/malagueta-vermelha-continente-7248117.html,frescos,2025-04-21,Continente
Postas Médias de Bacalhau MSC Demolhado Ultracongelado,7291115,6.49,"€10,82/kg",Continente,Frescos/Peixaria/Bacalhau/Congelado,https://www.continente.pt/dw/image/v2/BDVS_PRD/on/demandware.static/-/Sites-col-master-catalog/default/dw06886228/images/col/729/7291115-frente.jpg?sw=280&sh=280,emb. 600 gr,https://www.continente.pt/produto/postas-medias-de-bacalhau-msc-demolhado-ultracongelado-continente-7291115.html,frescos,2025-04-21,Continente
Chouriço de Porco Preto de Barrancos,6297546,3.55,"€19,72/kg",Segredos de Barrancos,Frescos/Charcutaria/Chouriço e Morcela,https://www.continente.pt/dw/image/v2/BDVS_PRD/on/demandware.static/-/Sites-col-master-catalog/default/dw77f4a1ea/images/col/629/6297546-frente.jpg?sw=280&sh=280,emb. 180 gr,https://www.continente.pt/produto/chourico-de-porco-preto-de-barrancos-segredos-de-barrancos-6297546.html,frescos,2025-04-21,Continente
Pão de Forma com Côdea Especial Torradas,6919358,1.99,"€2,84/kg",Bimbo,Frescos/Padaria e Pastelaria/Pão de Forma e Embalado,https://www.continente.pt/dw/image/v2/BDVS_PRD/on/demandware.static/-/Sites-col-master-catalog/default/dw6d524b98/images/col/691/6919358-frente.jpg?sw=280&sh=280,emb. 700 gr,https://www.continente.pt/produto/pao-de-forma-com-codea-especial-torradas-bimbo-6919358.html,frescos,2025-04-21,Continente
Figo Seco,7463606,2.49,"€9,96/kg",Os Originais,"Frescos/Frutas/Frutos Secos, Desidratados e Sementes/Frutos Secos",https://www.continente.pt/dw/image/v2/BDVS_PRD/on/demandware.static/-/Sites-col-master-catalog/default/dw48cb527f/images/col/746/7463606-cima.png?sw=280&sh=280,emb. 250 gr,https://www.continente.pt/produto/figo-seco-os-originais-7463606.html,frescos,2025-04-21,Continente
Queijo Burrata de Vaca,7703643,3.29,"€21,93/kg",Galbani,"Frescos/Queijos/Fresco, Requeijão e Mozzarella",https://www.continente.pt/dw/image/v2/BDVS_PRD/on/demandware.static/-/Sites-col-master-catalog/default/dw3e76aaf1/images/col/770/7703643-frente.png?sw=280&sh=280,emb. 150 gr,https://www.continente.pt/produto/queijo-burrata-de-vaca-galbani-7703643.html,frescos,2025-04-21,Continente
Lombos de Salmão ASC Ultracongelado,6635822,7.49,"€29,96/kg",Continente,"Frescos/Peixaria/Filetes, Lombos e Postas/Congelado",https://www.continente.pt/dw/image/v2/BDVS_PRD/on/demandware.static/-/Sites-col-master-catalog/default/dwe41dd5f8/images/col/663/6635822-frente.jpg?sw=280&sh=280,2 un x 125 gr (250 gr),https://www.continente.pt/produto/lombos-de-salmao-asc-ultracongelado-continente-6635822.html,frescos,2025-04-21,Continente
Queijo Camembert Fundido para Barrar,2531683,2.59,"€20,72/kg",Président,Frescos/Queijos/Snacks e Barrar,https://www.continente.pt/dw/image/v2/BDVS_PRD/on/demandware.static/-/Sites-col-master-catalog/default/dwe084b91f/images/col/253/2531683-frente.jpg?sw=280&sh=280,emb. 125 gr,https://www.continente.pt/produto/queijo-camembert-fundido-para-barrar-president-2531683.html,frescos,2025-04-21,Continente
Amendoim com Mel e Sal,2717912,5.49,"€21,96/kg",Eagle,"Frescos/Frutas/Frutos Secos, Desidratados e Sementes/Frutos Secos",https://www.continente.pt/dw/image/v2/BDVS_PRD/on/demandware.static/-/Sites-col-master-catalog/default/dwcdeb3792/images/col/271/2717912-frente.png?sw=280&sh=280,emb. 250 gr,https://www.continente.pt/produto/amendoim-com-mel-e-sal-eagle-2717912.html,frescos,2025-04-21,Continente
Lombo Curado Fatiado,7638583,2.69,"€26,90/kg",Continente,Frescos/Charcutaria/Bacon e Fumados,https://www.continente.pt/dw/image/v2/BDVS_PRD/on/demandware.static/-/Sites-col-master-catalog/default/dw2110ba5c/images/col/763/7638583-frente.jpg?sw=280&sh=280,emb. 100 gr,https://www.continente.pt/produto/lombo-curado-fatiado-continente-7638583.html,frescos,2025-04-21,Continente
Paloco do Pacífico Desfiado Seco,7328272,3.49,"€8,73/kg",Continente,Frescos/Peixaria/Bacalhau/Seco,https://www.continente.pt/dw/image/v2/BDVS_PRD/on/demandware.static/-/Sites-col-master-catalog/default/dwc0dfd405/images/col/732/7328272-frente.jpg?sw=280&sh=280,emb. 400 gr,https://www.continente.pt/produto/paloco-do-pacifico-desfiado-seco-continente-7328272.html,frescos,2025-04-21,Continente
Pão de Forma Regional de Mafra,6924240,1.84,"€3,68/kg",Continente,Frescos/Padaria e Pastelaria/Pão de Forma e Embalado,https://www.continente.pt/dw/image/v2/BDVS_PRD/on/demandware.static/-/Sites-col-master-catalog/default/dw385093eb/images/col/692/6924240-frente.jpg?sw=280&sh=280,emb. 500 gr,https://www.continente.pt/produto/pao-de-forma-regional-de-mafra-continente-6924240.html,frescos,2025-04-21,Continente
Farinheira do Fundão,5165527,2.19,"€9,95/kg",Continente,Frescos/Charcutaria/Alheira e Farinheira,https://www.continente.pt/dw/image/v2/BDVS_PRD/on/demandware.static/-/Sites-col-master-catalog/default/dwb1b29f6a/images/col/516/5165527-frente.jpg?sw=280&sh=280,emb. 220 gr,https://www.continente.pt/produto/farinheira-do-fundao-continente-5165527.html,frescos,2025-04-21,Continente
Grelos de Nabo,6383759,2.29,"€3,27/kg",Continente,"Frescos/Legumes/Couves, Brócolos e Espinafres",https://www.continente.pt/dw/image/v2/BDVS_PRD/on/demandware.static/-/Sites-col-master-catalog/default/dwe9e61abf/images/col/638/6383759-frente.jpg?sw=280&sh=280,emb. 700 gr,https://www.continente.pt/produto/grelos-de-nabo-continente-6383759.html,frescos,2025-04-21,Continente
Queijo de Cabra Curado Azeitonas e Orégãos,2964687,3.49,"€26,85/kg",Palhais,Frescos/Queijos/Curado,https://www.continente.pt/dw/image/v2/BDVS_PRD/on/demandware.static/-/Sites-col-master-catalog/default/dw15ab6319/images/col/296/2964687-frente.png?sw=280&sh=280,emb. 130 gr,https://www.continente.pt/produto/queijo-de-cabra-curado-azeitonas-e-oregaos-palhais-2964687.html,frescos,2025-04-21,Continente
Chambão de Novilho Balcão,6870574,12.99,"€7,79/un",Angus,"Frescos/Talho/Novilho, Vitela e Vitelão",https://www.continente.pt/dw/image/v2/BDVS_PRD/on/demandware.static/-/Sites-col-master-catalog/default/dw1fa4f897/col/687/6870574.jpg?sw=280&sh=280,Quant. Mínima = 600 gr (1 un),https://www.continente.pt/produto/chambao-de-novilho-balcao-angus-6870574.html,frescos,2025-04-21,Continente
Hambúrguer de Bovino Mertolengo DOP,5699336,10.39,"€22,59/kg",Continente,"Frescos/Talho/Novilho, Vitela e Vitelão",https://www.continente.pt/dw/image/v2/BDVS_PRD/on/demandware.static/-/Sites-col-master-catalog/default/dwc0b88569/images/col/569/5699336-topshot.jpg?sw=280&sh=280,4 un x 115 gr (460 gr),https://www.continente.pt/produto/hamburguer-de-bovino-mertolengo-dop-continente-5699336.html,frescos,2025-04-21,Continente
Queijo Fresco Magro,7506787,1.15,"€5,75/kg",Continente Equilíbrio,"Frescos/Queijos/Fresco, Requeijão e Mozzarella",https://www.continente.pt/dw/image/v2/BDVS_PRD/on/demandware.static/-/Sites-col-master-catalog/default/dw49bb517f/images/col/750/7506787-frente.jpg?sw=280&sh=280,emb. 200 gr,https://www.continente.pt/produto/queijo-fresco-magro-continente-equilibrio-7506787.html,frescos,2025-04-21,Continente
Miolo de Amêijoa Dourada Ultracongelada,7146449,2.99,"€11,96/kg",Continente,Frescos/Peixaria/Marisco/Congelado,https://www.continente.pt/dw/image/v2/BDVS_PRD/on/demandware.static/-/Sites-col-master-catalog/default/dw89f2fde4/images/col/714/7146449-cima.jpg?sw=280&sh=280,emb. 250 gr,https://www.continente.pt/produto/miolo-de-ameijoa-dourada-ultracongelada-continente-7146449.html,frescos,2025-04-21,Continente
Fiambre de Peito de Frango Fatiado,8199989,3.49,"€11,63/kg",Continente,"Frescos/Charcutaria/Fiambre, Mortadela e Salame/Fiambre de Aves",https://www.continente.pt/dw/image/v2/BDVS_PRD/on/demandware.static/-/Sites-col-master-catalog/default/dwf9a8cb1e/images/col/819/8199989-frente-2.jpg?sw=280&sh=280,emb. 300 gr,https://www.continente.pt/produto/fiambre-de-peito-de-frango-fatiado-continente-8199989.html,frescos,2025-04-21,Continente
Queijo Gouda Fatiado,7465025,1.99,"€13,27/kg",Mr. Cheese,Frescos/Queijos/Fatiado e Bolas,https://www.continente.pt/dw/image/v2/BDVS_PRD/on/demandware.static/-/Sites-col-master-catalog/default/dweec6cf97/images/col/746/7465025-frente.jpg?sw=280&sh=280,emb. 150 gr,https://www.continente.pt/produto/queijo-gouda-fatiado-mr.-cheese-7465025.html,frescos,2025-04-21,Continente
Mini Tostas de Trigo,2074302,2.59,"€7,40/kg",Diatosta,"Frescos/Padaria e Pastelaria/Tostas, Gressinos e Croutons",https://www.continente.pt/dw/image/v2/BDVS_PRD/on/demandware.static/-/Sites-col-master-catalog/default/dwd409dac5/images/col/207/2074302-frente.jpg?sw=280&sh=280,emb. 350 gr,https://www.continente.pt/produto/mini-tostas-de-trigo-diatosta-2074302.html,frescos,2025-04-21,Continente
Esparregado para 6 Pessoas,7072281,5.21,"€5,21/kg",Cozinha Continente,Frescos/Take Away/Refeições Prontas/Acompanhamentos,https://www.continente.pt/dw/image/v2/BDVS_PRD/on/demandware.static/-/Sites-col-master-catalog/default/dw88d5e9c4/images/col/707/7072281-topshot.jpg?sw=280&sh=280,emb. 1 kg,https://www.continente.pt/produto/esparregado-para-6-pessoas-cozinha-continente-7072281.html,frescos,2025-04-21,Continente
Posta de Peixe Espada Preto Congelado,8108508,9.49,"€13,56/kg",,"Frescos/Peixaria/Filetes, Lombos e Postas/Congelado",https://www.continente.pt/dw/image/v2/BDVS_PRD/on/demandware.static/-/Sites-col-master-catalog/default/dw5e7e0714/images/col/810/8108508-topshot-emb.jpg?sw=280&sh=280,emb. 700 gr,https://www.continente.pt/produto/posta-de-peixe-espada-preto-congelado-8108508.html,frescos,2025-04-21,Continente
Pão de Leite com Pepitas de Chocolate,7553352,2.49,"€11,86/kg",Brioche Pasquier,Frescos/Padaria e Pastelaria/Croissants e Pães de Leite,https://www.continente.pt/dw/image/v2/BDVS_PRD/on/demandware.static/-/Sites-col-master-catalog/default/dw36acae8c/images/col/755/7553352-frente.jpg?sw=280&sh=280,emb. 210 (6 un),https://www.continente.pt/produto/pao-de-leite-com-pepitas-de-chocolate-brioche-pasquier-7553352.html,frescos,2025-04-21,Continente
Queijo Chèvre,5055960,3.79,"€21,06/kg",Palhais,Frescos/Queijos/Queijos do Mundo,https://www.continente.pt/dw/image/v2/BDVS_PRD/on/demandware.static/-/Sites-col-master-catalog/default/dw0758d507/images/col/505/5055960-direito.png?sw=280&sh=280,emb. 180 gr,https://www.continente.pt/produto/queijo-chevre-palhais-5055960.html,frescos,2025-04-21,Continente
Noz Pecan Torrada com Sal,7463444,4.39,"€29,27/kg",Os Originais,"Frescos/Frutas/Frutos Secos, Desidratados e Sementes/Frutos Secos",https://www.continente.pt/dw/image/v2/BDVS_PRD/on/demandware.static/-/Sites-col-master-catalog/default/dw5d6d7ad4/images/col/746/7463444-frente.jpg?sw=280&sh=280,emb. 150 gr,https://www.continente.pt/produto/noz-pecan-torrada-com-sal-os-originais-7463444.html,frescos,2025-04-21,Continente
Queijo Feta DOP Cubos,7933667,2.89,"€19,27/kg",Omiros,Frescos/Queijos/Queijos do Mundo,https://www.continente.pt/dw/image/v2/BDVS_PRD/on/demandware.static/-/Sites-col-master-catalog/default/dw9ff61e56/images/col/793/7933667-frente.jpg?sw=280&sh=280,emb. 150 gr,https://www.continente.pt/produto/queijo-feta-dop-cubos-omiros-7933667.html,frescos,2025-04-21,Continente
Tremoço com Alho e Manjericão,7805853,1.49,"€6,21/kg",Maçarico,Frescos/Legumes/Tremoços e Azeitonas,https://www.continente.pt/dw/image/v2/BDVS_PRD/on/demandware.static/-/Sites-col-master-catalog/default/dwca261c25/images/col/780/7805853-cima.jpg?sw=280&sh=280,emb. 240 gr,https://www.continente.pt/produto/tremoco-com-alho-e-manjericao-macarico-7805853.html,frescos,2025-04-21,Continente
Pancetta Fumada Cubos,7640139,3.99,"€28,50/kg",Levoni,Frescos/Charcutaria/Bacon e Fumados,https://www.continente.pt/dw/image/v2/BDVS_PRD/on/demandware.static/-/Sites-col-master-catalog/default/dwac0ffdcd/images/col/764/7640139-direito.jpg?sw=280&sh=280,2 un x 70 gr (140 gr),https://www.continente.pt/produto/pancetta-fumada-cubos-levoni-7640139.html,frescos,2025-04-21,Continente
"Salada de Manga, Melão e Meloa",7808750,3.99,"€11,40/kg",Continente,"Frescos/Frutas/Melancia, Melão e Meloa",https://www.continente.pt/dw/image/v2/BDVS_PRD/on/demandware.static/-/Sites-col-master-catalog/default/dwf4fce1e8/images/col/780/7808750-cima.png?sw=280&sh=280,emb. 350 gr,https://www.continente.pt/produto/salada-de-manga-melao-e-meloa-continente-7808750.html,frescos,2025-04-21,Continente
Lombinho de Porco Ibérico Balcão,6669980,14.99,"€5,25/un",ElPozo,Frescos/Talho/Porco,https://www.continente.pt/dw/image/v2/BDVS_PRD/on/demandware.static/-/Sites-col-master-catalog/default/dw0f456472/images/col/666/6669980-frente.jpg?sw=280&sh=280,Quant. Mínima = 350 gr (1 un),https://www.continente.pt/produto/lombinho-de-porco-iberico-balcao-elpozo-6669980.html,frescos,2025-04-21,Continente
Limonada Manjericão e Hortelã,7068489,1.69,"€6,76/lt",Go Natural,Bebidas e Garrafeira/Sumos e Refrigerantes/Sumos de Fruta,https://www.continente.pt/dw/image/v2/BDVS_PRD/on/demandware.static/-/Sites-col-master-catalog/default/dwa7e3f60a/images/col/706/7068489-frente.jpg?sw=280&sh=280,emb. 25 cl,https://www.continente.pt/produto/limonada-manjericao-e-hortela-go-natural-7068489.html,frescos,2025-04-21,Continente
Queijo de Cabra Curado,4283722,4.89,"€24,45/kg",Palhais,Frescos/Queijos/Curado,https://www.continente.pt/dw/image/v2/BDVS_PRD/on/demandware.static/-/Sites-col-master-catalog/default/dwe8275c7c/images/col/428/4283722-frente.png?sw=280&sh=280,2 un x 100 gr (200 gr),https://www.continente.pt/produto/queijo-de-cabra-curado-palhais-4283722.html,frescos,2025-04-21,Continente
Queijo de Vaca Curado Meio Gordo,2114105,9.99,"€5,99/un",D. Pedro,Frescos/Queijos/Curado,https://www.continente.pt/dw/image/v2/BDVS_PRD/on/demandware.static/-/Sites-col-master-catalog/default/dw0174ba5a/images/col/211/2114105-frente.jpg?sw=280&sh=280,Quant. Mínima = 600 gr (1/2 queijo),https://www.continente.pt/produto/queijo-de-vaca-curado-meio-gordo-d.-pedro-2114105.html,frescos,2025-04-21,Continente
Azeitona Mista Biológica,8061298,2.99,"€14,95/kg",Casa dos Montes,Frescos/Legumes/Tremoços e Azeitonas,https://www.continente.pt/dw/image/v2/BDVS_PRD/on/demandware.static/-/Sites-col-master-catalog/default/dwb8f95896/images/col/806/8061298-frente.jpg?sw=280&sh=280,emb. 200 gr,https://www.continente.pt/produto/azeitona-mista-biologica-casa-dos-montes-8061298.html,frescos,2025-04-21,Continente
Miolo de Camarão Selvagem 60/80 Congelado,7258371,7.99,"€19,98/kg",Continente,Frescos/Peixaria/Marisco/Congelado,https://www.continente.pt/dw/image/v2/BDVS_PRD/on/demandware.static/-/Sites-col-master-catalog/default/dwd26df2f2/images/col/725/7258371-frente.jpg?sw=280&sh=280,emb. 400 gr,https://www.continente.pt/produto/miolo-de-camarao-selvagem-60-80-congelado-continente-7258371.html,frescos,2025-04-21,Continente
Queijo Fundido Porções,7708145,1.99,"€15,92/kg",A Vaca que ri,Frescos/Queijos/Snacks e Barrar,https://www.continente.pt/dw/image/v2/BDVS_PRD/on/demandware.static/-/Sites-col-master-catalog/default/dw41587602/images/col/770/7708145-frente.png?sw=280&sh=280,8 un (125 gr),https://www.continente.pt/produto/queijo-fundido-porcoes-a-vaca-que-ri-7708145.html,frescos,2025-04-21,Continente
Queijo Brie,4922925,3.69,"€20,50/kg",Paysan Breton,Frescos/Queijos/Queijos do Mundo,https://www.continente.pt/dw/image/v2/BDVS_PRD/on/demandware.static/-/Sites-col-master-catalog/default/dw9ca28fec/images/col/492/4922925-frente.jpg?sw=280&sh=280,emb. 180 gr,https://www.continente.pt/produto/queijo-brie-paysan-breton-4922925.html,frescos,2025-04-21,Continente
Preparado para Mariscada Congelado Pack Poupança,7853490,7.41,"€8,23/kg",Continente,Frescos/Peixaria/Marisco/Congelado,https://www.continente.pt/dw/image/v2/BDVS_PRD/on/demandware.static/-/Sites-col-master-catalog/default/dwf9c92023/images/col/785/7853490-frente.jpg?sw=280&sh=280,emb. 900 gr,https://www.continente.pt/produto/preparado-para-mariscada-congelado-pack-poupanca-continente-7853490.html,frescos,2025-04-21,Continente
Biscoitos Areias,8119804,1.99,"€6,63/kg",Da Nossa Pastelaria,Frescos/Padaria e Pastelaria/Biscoitos,https://www.continente.pt/dw/image/v2/BDVS_PRD/on/demandware.static/-/Sites-col-master-catalog/default/dw9dd2f4a0/images/col/811/8119804-topshot.jpg?sw=280&sh=280,emb. 300 gr,https://www.continente.pt/produto/biscoitos-areias-da-nossa-pastelaria-8119804.html,frescos,2025-04-21,Continente
Tostas Rústicas 9 Cereais,6293022,1.79,"€7,46/kg",Brioche Pasquier,"Frescos/Padaria e Pastelaria/Tostas, Gressinos e Croutons",https://www.continente.pt/dw/image/v2/BDVS_PRD/on/demandware.static/-/Sites-col-master-catalog/default/dw1508cd63/images/col/629/6293022-frente.png?sw=280&sh=280,2 un x 120 gr (240 gr),https://www.continente.pt/produto/tostas-rusticas-9-cereais-brioche-pasquier-6293022.html,frescos,2025-04-21,Continente
Queijo de Ovelha Curado,7171531,4.59,"€25,50/kg",Monte do Ganhão,Frescos/Queijos/Curado,https://www.continente.pt/dw/image/v2/BDVS_PRD/on/demandware.static/-/Sites-col-master-catalog/default/dwd1886ed9/images/col/717/7171531-frente.jpg?sw=280&sh=280,2 un x 45 gr (90 gr),https://www.continente.pt/produto/queijo-de-ovelha-curado-monte-do-ganhao-7171531.html,frescos,2025-04-21,Continente
Grelos de Couve,6383772,2.29,"€3,27/kg",Continente,"Frescos/Legumes/Couves, Brócolos e Espinafres",https://www.continente.pt/dw/image/v2/BDVS_PRD/on/demandware.static/-/Sites-col-master-catalog/default/dw82872b7a/col/638/6383772.jpg?sw=280&sh=280,emb. 700 gr,https://www.continente.pt/produto/grelos-de-couve-continente-6383772.html,frescos,2025-04-21,Continente
Pinhão,8117154,2.99,"€59,80/kg",Continente,"Frescos/Frutas/Frutos Secos, Desidratados e Sementes/Frutos Secos",https://www.continente.pt/dw/image/v2/BDVS_PRD/on/demandware.static/-/Sites-col-master-catalog/default/dwb0b4507b/images/col/811/8117154-frente.jpg?sw=280&sh=280,emb. 50 gr,https://www.continente.pt/produto/pinhao-continente-8117154.html,frescos,2025-04-21,Continente
Chouriço 50% Ibérico Fatiado,7681927,3.29,"€36,56/kg",Continente,"Frescos/Charcutaria/Salpicão, Paio e Fuet",https://www.continente.pt/dw/image/v2/BDVS_PRD/on/demandware.static/-/Sites-col-master-catalog/default/dwe6b92e9a/images/col/768/7681927-cima.jpg?sw=280&sh=280,emb. 90 gr,https://www.continente.pt/produto/chourico-50--iberico-fatiado-continente-7681927.html,frescos,2025-04-21,Continente
Chouriço Picante da Guarda,5319017,3.39,"€16,95/kg",Continente,Frescos/Charcutaria/Chouriço e Morcela,https://www.continente.pt/dw/image/v2/BDVS_PRD/on/demandware.static/-/Sites-col-master-catalog/default/dwd189493a/images/col/531/5319017-frente.jpg?sw=280&sh=280,emb. 200 gr,https://www.continente.pt/produto/chourico-picante-da-guarda-continente-5319017.html,frescos,2025-04-21,Continente
Miolo de Amendoim com Piripiri,8113879,1.29,"€6,45/kg",Continente,"Frescos/Frutas/Frutos Secos, Desidratados e Sementes/Frutos Secos",https://www.continente.pt/dw/image/v2/BDVS_PRD/on/demandware.static/-/Sites-col-master-catalog/default/dw31432515/images/col/811/8113879-frente.jpg?sw=280&sh=280,emb. 200 gr,https://www.continente.pt/produto/miolo-de-amendoim-com-piripiri-continente-8113879.html,frescos,2025-04-21,Continente
Canudinhos Clássicos,7684383,1.49,"€8,28/kg",Da Nossa Pastelaria,Frescos/Padaria e Pastelaria/Biscoitos,https://www.continente.pt/dw/image/v2/BDVS_PRD/on/demandware.static/-/Sites-col-master-catalog/default/dwc34552e0/images/col/768/7684383-frente.jpg?sw=280&sh=280,emb. 180 gr,https://www.continente.pt/produto/canudinhos-classicos-da-nossa-pastelaria-7684383.html,frescos,2025-04-21,Continente
Caril de Frango para 3 Pessoas,8204769,8.76,"€11,68/kg",Cozinha Continente,Frescos/Take Away/Refeições Prontas/Carne,https://www.continente.pt/dw/image/v2/BDVS_PRD/on/demandware.static/-/Sites-col-master-catalog/default/dwd988dc25/images/col/820/8204769-frente.jpg?sw=280&sh=280,emb. 750 gr,https://www.continente.pt/produto/caril-de-frango-para-3-pessoas-cozinha-continente-8204769.html,frescos,2025-04-21,Continente
Queijo Mozzarella,7106513,1.69,"€13,52/kg",Granarolo,"Frescos/Queijos/Fresco, Requeijão e Mozzarella",https://www.continente.pt/dw/image/v2/BDVS_PRD/on/demandware.static/-/Sites-col-master-catalog/default/dw2798a7e5/images/col/710/7106513-frente.jpg?sw=280&sh=280,emb. 125 gr,https://www.continente.pt/produto/queijo-mozzarella-granarolo-7106513.html,frescos,2025-04-21,Continente
Wraps de Trigo,6218476,2.84,"€7,68/kg",Mexifoods,"Frescos/Padaria e Pastelaria/Pão de Hambúrguer, Cachorro e Wraps",https://www.continente.pt/dw/image/v2/BDVS_PRD/on/demandware.static/-/Sites-col-master-catalog/default/dw45748664/images/col/621/6218476-frente.jpg?sw=280&sh=280,emb. 370 gr (6 un),https://www.continente.pt/produto/wraps-de-trigo-mexifoods-6218476.html,frescos,2025-04-21,Continente
Camarão Cozido 25/35 Fresco,3815246,11.99,"€0,48/un",,Frescos/Peixaria/Marisco/Fresco e Cozido,https://www.continente.pt/dw/image/v2/BDVS_PRD/on/demandware.static/-/Sites-col-master-catalog/default/dw88cd3872/images/col/381/3815246-cima-acessorio.jpg?sw=280&sh=280,Quant. Mínima = 400 gr (10 un),https://www.continente.pt/produto/camarao-cozido-25-35-fresco-3815246.html,frescos,2025-04-21,Continente
Beringela Raiada Roxa,4770176,2.99,"€1,20/un",Continente,"Frescos/Legumes/Curgete, Beringela e Feijão Verde",https://www.continente.pt/dw/image/v2/BDVS_PRD/on/demandware.static/-/Sites-col-master-catalog/default/dw85acf2e2/images/col/477/4770176-cima.jpg?sw=280&sh=280,Quant. Mínima = 400 gr (1 un),https://www.continente.pt/produto/beringela-raiada-roxa-continente-4770176.html,frescos,2025-04-21,Continente
Bife de Espadarte Fresco,7629113,4.59,"€22,95/kg",Continente,"Frescos/Peixaria/Filetes, Lombos e Postas/Fresco",https://www.continente.pt/dw/image/v2/BDVS_PRD/on/demandware.static/-/Sites-col-master-catalog/default/dw07dacc58/images/col/762/7629113-frente.jpg?sw=280&sh=280,emb. 200 gr,https://www.continente.pt/produto/bife-de-espadarte-fresco-continente-7629113.html,frescos,2025-04-21,Continente
Miolo de Camarão Cozido 40/60 Ultracongelado,4298053,6.39,"€31,95/kg",Pescanova,Frescos/Peixaria/Marisco/Congelado,https://www.continente.pt/dw/image/v2/BDVS_PRD/on/demandware.static/-/Sites-col-master-catalog/default/dwe7e54424/images/col/429/4298053-frente.jpg?sw=280&sh=280,emb. 200 gr,https://www.continente.pt/produto/miolo-de-camarao-cozido-40-60-ultracongelado-pescanova-4298053.html,frescos,2025-04-21,Continente
Polvo Limpo Nacional Ultracongelado,5768468,13.99,"€13,99/kg",Continente,"Frescos/Peixaria/Polvo, Lulas e Chocos/Congelado",https://www.continente.pt/dw/image/v2/BDVS_PRD/on/demandware.static/-/Sites-col-master-catalog/default/dw8fa6f1ca/images/col/576/5768468-frente.jpg?sw=280&sh=280,emb. 1 kg,https://www.continente.pt/produto/polvo-limpo-nacional-ultracongelado-continente-5768468.html,frescos,2025-04-21,Continente
Mix Pimentos Zero Desperdício,5821474,2.99,"€1,99/kg",Continente,"Frescos/Legumes/Alface, Tomate, Pepino e Pimento",https://www.continente.pt/dw/image/v2/BDVS_PRD/on/demandware.static/-/Sites-col-master-catalog/default/dw6648622c/images/col/582/5821474-frente.png?sw=280&sh=280,"emb. 1,5 kg",https://www.continente.pt/produto/mix-pimentos-zero-desperdicio-continente-5821474.html,frescos,2025-04-21,Continente
Morango Biológico,7757948,6.49,"€12,98/kg",Quinta Santo Estevão,Frescos/Frutas/Morango e Frutos Vermelhos,https://www.continente.pt/dw/image/v2/BDVS_PRD/on/demandware.static/-/Sites-col-master-catalog/default/dw260c3f1e/images/col/775/7757948-frente.jpg?sw=280&sh=280,emb. 500 gr,https://www.continente.pt/produto/morango-biologico-quinta-santo-estevao-7757948.html,frescos,2025-04-21,Continente
Queijo Parmigiano Reggiano,6015551,5.29,"€26,45/kg",Continente,Frescos/Queijos/Queijos do Mundo,https://www.continente.pt/dw/image/v2/BDVS_PRD/on/demandware.static/-/Sites-col-master-catalog/default/dw75f5e999/images/col/601/6015551-frente.jpg?sw=280&sh=280,emb. 200 gr,https://www.continente.pt/produto/queijo-parmigiano-reggiano-continente-6015551.html,frescos,2025-04-21,Continente
Pastel de Chaves IGP,5728341,1.09,"€13,63/kg",,Frescos/Padaria e Pastelaria/Pastelaria Sortida,https://www.continente.pt/dw/image/v2/BDVS_PRD/on/demandware.static/-/Sites-col-master-catalog/default/dw8aed9a7a/images/col/572/5728341-esquerdo.jpg?sw=280&sh=280,1 un,https://www.continente.pt/produto/pastel-de-chaves-igp-5728341.html,frescos,2025-04-21,Continente
Queijo Gouda Semicurado Cortado,7398619,4.59,"€22,95/kg",Old Amsterdam,Frescos/Queijos/Queijos do Mundo,https://www.continente.pt/dw/image/v2/BDVS_PRD/on/demandware.static/-/Sites-col-master-catalog/default/dwfafadc3f/images/col/739/7398619-frente.jpg?sw=280&sh=280,emb. 200 gr,https://www.continente.pt/produto/queijo-gouda-semicurado-cortado-old-amsterdam-7398619.html,frescos,2025-04-21,Continente
Coppa Parma,6490704,3.99,"€49,88/kg",Corte del Gusto,Frescos/Charcutaria/Presunto,https://www.continente.pt/dw/image/v2/BDVS_PRD/on/demandware.static/-/Sites-col-master-catalog/default/dwa60e0e4c/images/col/649/6490704-cima.jpg?sw=280&sh=280,emb. 80 gr,https://www.continente.pt/produto/coppa-parma-corte-del-gusto-6490704.html,frescos,2025-04-21,Continente
Alheira Signature,8113579,1.99,"€11,06/kg",Continente Seleção,Frescos/Charcutaria/Alheira e Farinheira,https://www.continente.pt/dw/image/v2/BDVS_PRD/on/demandware.static/-/Sites-col-master-catalog/default/dwb8d2996c/images/col/811/8113579-frente.jpg?sw=280&sh=280,emb. 180 gr,https://www.continente.pt/produto/alheira-signature-continente-selecao-8113579.html,frescos,2025-04-21,Continente
Salada Crocante,7620687,1.99,"€7,96/kg",Vitacress,"Frescos/Legumes/Saladas, Sopas e Salteados",https://www.continente.pt/dw/image/v2/BDVS_PRD/on/demandware.static/-/Sites-col-master-catalog/default/dwd29a4f19/images/col/762/7620687-frente.jpg?sw=280&sh=280,emb. 250 gr,https://www.continente.pt/produto/salada-crocante-vitacress-7620687.html,frescos,2025-04-21,Continente
Sortido Húngaro,7574887,1.89,"€7,56/kg",Da Nossa Pastelaria,Frescos/Padaria e Pastelaria/Biscoitos,https://www.continente.pt/dw/image/v2/BDVS_PRD/on/demandware.static/-/Sites-col-master-catalog/default/dwb0fbc0f2/images/col/757/7574887-cima-esquerdo.jpg?sw=280&sh=280,emb. 250 gr,https://www.continente.pt/produto/sortido-hungaro-da-nossa-pastelaria-7574887.html,frescos,2025-04-21,Continente
Sementes de Sésamo Biológicas,6625850,1.15,"€5,75/un",Continente Bio,"Frescos/Frutas/Frutos Secos, Desidratados e Sementes/Sementes e Pevides",https://www.continente.pt/dw/image/v2/BDVS_PRD/on/demandware.static/-/Sites-col-master-catalog/default/dwa6d51d98/images/col/662/6625850-frente.jpg?sw=280&sh=280,emb. 200 gr,https://www.continente.pt/produto/sementes-de-sesamo-biologicas-continente-bio-6625850.html,frescos,2025-04-21,Continente
Dots de Açúcar,5776241,0.49,"€10,00/kg",,Frescos/Padaria e Pastelaria/Pastelaria Sortida,https://www.continente.pt/dw/image/v2/BDVS_PRD/on/demandware.static/-/Sites-col-master-catalog/default/dw30966f1c/images/col/577/5776241-frente.jpg?sw=280&sh=280,1 un,https://www.continente.pt/produto/dots-de-acucar-5776241.html,frescos,2025-04-21,Continente
Filetes de Salmão Congelado,5585661,15.99,"€26,65/kg",Royal Greenland,"Frescos/Peixaria/Filetes, Lombos e Postas/Congelado",https://www.continente.pt/dw/image/v2/BDVS_PRD/on/demandware.static/-/Sites-col-master-catalog/default/dwee2565be/images/col/558/5585661-frente.jpg?sw=280&sh=280,emb. 600 gr,https://www.continente.pt/produto/filetes-de-salmao-congelado-royal-greenland-5585661.html,frescos,2025-04-21,Continente
Queijo Fundido para Barrar com Presunto,2163699,1.38,"€13,80/kg",ERU Queru,Frescos/Queijos/Snacks e Barrar,https://www.continente.pt/dw/image/v2/BDVS_PRD/on/demandware.static/-/Sites-col-master-catalog/default/dw9cb3006e/images/col/216/2163699-frente.jpg?sw=280&sh=280,emb. 100 gr,https://www.continente.pt/produto/queijo-fundido-para-barrar-com-presunto-eru-queru-2163699.html,frescos,2025-04-21,Continente
Salmão Fumado Marinado da Noruega,8111526,4.59,"€57,38/kg",Continente Seleção,Frescos/Charcutaria/Salmão Fumado e Especialidades,https://www.continente.pt/dw/image/v2/BDVS_PRD/on/demandware.static/-/Sites-col-master-catalog/default/dw2c505896/images/col/811/8111526-topshot.jpg?sw=280&sh=280,emb. 80 gr,https://www.continente.pt/produto/salmao-fumado-marinado-da-noruega-continente-selecao-8111526.html,frescos,2025-04-21,Continente
Posta de Bovino,6650347,4.99,"€19,96/kg",Angus,"Frescos/Talho/Novilho, Vitela e Vitelão",https://www.continente.pt/dw/image/v2/BDVS_PRD/on/demandware.static/-/Sites-col-master-catalog/default/dwd73968c2/images/col/665/6650347-frente.jpg?sw=280&sh=280,emb. 250 gr,https://www.continente.pt/produto/posta-de-bovino-angus-6650347.html,frescos,2025-04-21,Continente
Queijo Danablu DOP,7794995,2.14,"€21,40/kg",Europes Finest,Frescos/Queijos/Queijos do Mundo,https://www.continente.pt/dw/image/v2/BDVS_PRD/on/demandware.static/-/Sites-col-master-catalog/default/dw1589b3a8/images/col/779/7794995-frente.jpg?sw=280&sh=280,emb. 100 gr,https://www.continente.pt/produto/queijo-danablu-dop-europes-finest-7794995.html,frescos,2025-04-21,Continente
"Mix Cogumelos Brancos, Marron, Shimeji e Pleurothus Frescos",8161126,2.99,"€14,95/kg",Continente,"Frescos/Legumes/Cogumelos, Espargos e Exóticos",https://www.continente.pt/dw/image/v2/BDVS_PRD/on/demandware.static/-/Sites-col-master-catalog/default/dw53db4488/images/col/816/8161126-topshot.jpg?sw=280&sh=280,emb. 200 gr,https://www.continente.pt/produto/mix-cogumelos-brancos-marron-shimeji-e-pleurothus-frescos-continente-8161126.html,frescos,2025-04-21,Continente
Salame de Chocolate com Amêndoa,5131501,2.99,"€6,64/kg",Da Nossa Pastelaria,Frescos/Padaria e Pastelaria/Bolos e Sobremesas,https://www.continente.pt/dw/image/v2/BDVS_PRD/on/demandware.static/-/Sites-col-master-catalog/default/dw48e500ff/images/col/513/5131501-cima.jpg?sw=280&sh=280,emb. 450 gr,https://www.continente.pt/produto/salame-de-chocolate-com-amendoa-da-nossa-pastelaria-5131501.html,frescos,2025-04-21,Continente
Bife de Vitelão Mertolengo Extra,6859318,22.99,"€8,05/un",DOP Mertolenga,"Frescos/Talho/Novilho, Vitela e Vitelão",https://www.continente.pt/dw/image/v2/BDVS_PRD/on/demandware.static/-/Sites-col-master-catalog/default/dw3b3d5f47/images/col/685/6859318-frente.jpg?sw=280&sh=280,emb. 350 gr (aprox.),https://www.continente.pt/produto/bife-de-vitelao-mertolengo-extra-dop-mertolenga-6859318.html,frescos,2025-04-21,Continente
Queijo Burrata de Vaca,7497309,3.49,"€27,92/kg",Gioiella,"Frescos/Queijos/Fresco, Requeijão e Mozzarella",https://www.continente.pt/dw/image/v2/BDVS_PRD/on/demandware.static/-/Sites-col-master-catalog/default/dw0e30ffb9/images/col/749/7497309-direito.jpg?sw=280&sh=280,emb. 125 gr,https://www.continente.pt/produto/queijo-burrata-de-vaca-gioiella-7497309.html,frescos,2025-04-21,Continente
Costeleta da Coxa de Peru,6917436,9.59,"€6,04/un",Turkey Lovers,Frescos/Talho/Frango e Peru/Peru,https://www.continente.pt/dw/image/v2/BDVS_PRD/on/demandware.static/-/Sites-col-master-catalog/default/dw4fd8684d/images/col/691/6917436-frente.jpg?sw=280&sh=280,emb. 630 gr (aprox.),https://www.continente.pt/produto/costeleta-da-coxa-de-peru-turkey-lovers-6917436.html,frescos,2025-04-21,Continente
Biscoitos de Amêndoa,7935765,2.0,"€8,00/kg",Da Nossa Pastelaria,Frescos/Padaria e Pastelaria/Biscoitos,https://www.continente.pt/dw/image/v2/BDVS_PRD/on/demandware.static/-/Sites-col-master-catalog/default/dwa2110325/images/col/793/7935765-frente.png?sw=280&sh=280,emb. 250 gr,https://www.continente.pt/produto/biscoitos-de-amendoa-da-nossa-pastelaria-7935765.html,frescos,2025-04-21,Continente
Secretos de Porco Congelados,7484543,5.99,"€5,99/un",Continente,Frescos/Talho/Porco,https://www.continente.pt/dw/image/v2/BDVS_PRD/on/demandware.static/-/Sites-col-master-catalog/default/dw133705c7/images/col/748/7484543-frente.jpg?sw=280&sh=280,emb. 1 kg (aprox.),https://www.continente.pt/produto/secretos-de-porco-congelados-continente-7484543.html,frescos,2025-04-21,Continente
Couve Roxa Biológica,8413931,1.99,"€3,98/kg",Biofrade,"Frescos/Legumes/Couves, Brócolos e Espinafres",https://www.continente.pt/dw/image/v2/BDVS_PRD/on/demandware.static/-/Sites-col-master-catalog/default/dw7a90b240/images/col/841/8413931-frente.jpg?sw=280&sh=280,emb. 500 gr,https://www.continente.pt/produto/couve-roxa-biologica-biofrade-8413931.html,frescos,2025-04-21,Continente
Bacalhau à Brás para 5 Pessoas,8067740,17.27,"€11,51/kg",Cozinha Continente,Frescos/Take Away/Refeições Prontas/Peixe e Marisco,https://www.continente.pt/dw/image/v2/BDVS_PRD/on/demandware.static/-/Sites-col-master-catalog/default/dw2616e4f2/images/col/806/8067740-topshot.jpg?sw=280&sh=280,"emb. 1,5 kg",https://www.continente.pt/produto/bacalhau-a-bras-para-5-pessoas-cozinha-continente-8067740.html,frescos,2025-04-21,Continente
Fiambre de Peito de Peru Fatiado,8083233,2.79,"€23,25/kg",ElPozo,"Frescos/Charcutaria/Fiambre, Mortadela e Salame/Fiambre de Aves",https://www.continente.pt/dw/image/v2/BDVS_PRD/on/demandware.static/-/Sites-col-master-catalog/default/dw862a6a16/images/col/808/8083233-frente.jpg?sw=280&sh=280,emb. 120 gr,https://www.continente.pt/produto/fiambre-de-peito-de-peru-fatiado-elpozo-8083233.html,frescos,2025-04-21,Continente
Salada de Frango e Rúcula,7802105,2.89,"€10,32/kg",Continente,Frescos/Take Away/Grab&Go/Saladas,https://www.continente.pt/dw/image/v2/BDVS_PRD/on/demandware.static/-/Sites-col-master-catalog/default/dw95464757/images/col/780/7802105-cima.jpg?sw=280&sh=280,emb. 280 gr,https://www.continente.pt/produto/salada-de-frango-e-rucula-continente-7802105.html,frescos,2025-04-21,Continente
Queijo Ricotta de Búfala,7109769,0.99,"€7,92/kg",Continente Seleção,"Frescos/Queijos/Fresco, Requeijão e Mozzarella",https://www.continente.pt/dw/image/v2/BDVS_PRD/on/demandware.static/-/Sites-col-master-catalog/default/dw755d23e6/images/col/710/7109769-frente-acessorio.jpg?sw=280&sh=280,emb. 125 gr,https://www.continente.pt/produto/queijo-ricotta-de-bufala-continente-selecao-7109769.html,frescos,2025-04-21,Continente
Postas de Bacalhau MSC Ultracongelado,7831860,11.59,"€11,59/kg",Riberalves,Frescos/Peixaria/Bacalhau/Congelado,https://www.continente.pt/dw/image/v2/BDVS_PRD/on/demandware.static/-/Sites-col-master-catalog/default/dw90230e04/images/col/783/7831860-cima.jpg?sw=280&sh=280,emb. 1 kg,https://www.continente.pt/produto/postas-de-bacalhau-msc-ultracongelado-riberalves-7831860.html,frescos,2025-04-21,Continente
Salsicha de Peru Frankfurt,5238294,1.09,"€7,79/kg",Campofrio,Frescos/Charcutaria/Salsichas e Linguiças,https://www.continente.pt/dw/image/v2/BDVS_PRD/on/demandware.static/-/Sites-col-master-catalog/default/dwf5639b0d/images/col/523/5238294-frente.jpg?sw=280&sh=280,emb. 140 gr,https://www.continente.pt/produto/salsicha-de-peru-frankfurt-campofrio-5238294.html,frescos,2025-04-21,Continente
Queijo Parmigiano Reggiano DOP Ralado,8094546,2.09,"€34,83/kg",Galbani,Frescos/Queijos/Ralado,https://www.continente.pt/dw/image/v2/BDVS_PRD/on/demandware.static/-/Sites-col-master-catalog/default/dw8d69a812/images/col/809/8094546-frente.jpg?sw=280&sh=280,emb. 60 gr,https://www.continente.pt/produto/queijo-parmigiano-reggiano-dop-ralado-galbani-8094546.html,frescos,2025-04-21,Continente
Muffin de Pepitas de Chocolate,8208524,0.89,"€8,09/kg",,Frescos/Padaria e Pastelaria/Pastelaria Sortida,https://www.continente.pt/dw/image/v2/BDVS_PRD/on/demandware.static/-/Sites-col-master-catalog/default/dwb560bdf3/images/col/820/8208524-cima.png?sw=280&sh=280,1 un,https://www.continente.pt/produto/muffin-de-pepitas-de-chocolate-8208524.html,frescos,2025-04-21,Continente
Queijo Flamengo Light Fatiado,4904007,2.69,"€11,96/kg",Continente Equilíbrio,Frescos/Queijos/Fatiado e Bolas,https://www.continente.pt/dw/image/v2/BDVS_PRD/on/demandware.static/-/Sites-col-master-catalog/default/dw3a3ce4ed/images/col/490/4904007-cima.jpg?sw=280&sh=280,emb. 225 gr,https://www.continente.pt/produto/queijo-flamengo-light-fatiado-continente-equilibrio-4904007.html,frescos,2025-04-21,Continente
Maçã Vermelha Desidratada Sabor a Canela,5302685,1.68,"€28,00/kg",Fruut,"Frescos/Frutas/Frutos Secos, Desidratados e Sementes/Frutos Desidratados",https://www.continente.pt/dw/image/v2/BDVS_PRD/on/demandware.static/-/Sites-col-master-catalog/default/dw883b497a/images/col/530/5302685-topshot-online.jpg?sw=280&sh=280,emb. 60 gr,https://www.continente.pt/produto/maca-vermelha-desidratada-sabor-a-canela-fruut-5302685.html,frescos,2025-04-21,Continente
Azeitona Preta Oxidada,7571620,3.99,"€7,13/kg",Continente,Frescos/Legumes/Tremoços e Azeitonas,https://www.continente.pt/dw/image/v2/BDVS_PRD/on/demandware.static/-/Sites-col-master-catalog/default/dw7c689155/images/col/757/7571620-frente.jpg?sw=280&sh=280,emb. 560 gr,https://www.continente.pt/produto/azeitona-preta-oxidada-continente-7571620.html,frescos,2025-04-21,Continente
Ovos Moles,2422203,4.84,"€19,36/kg",Fabridoce,Frescos/Padaria e Pastelaria/Pastelaria Sortida,https://www.continente.pt/dw/image/v2/BDVS_PRD/on/demandware.static/-/Sites-col-master-catalog/default/dw5e7c861e/images/col/242/2422203-frente.jpg?sw=280&sh=280,emb. 250 gr,https://www.continente.pt/produto/ovos-moles-fabridoce-2422203.html,frescos,2025-04-21,Continente
Lombos de Perca do Nilo Congelada,7047911,9.19,"€22,98/kg",Continente,"Frescos/Peixaria/Filetes, Lombos e Postas/Congelado",https://www.continente.pt/dw/image/v2/BDVS_PRD/on/demandware.static/-/Sites-col-master-catalog/default/dw512f8092/images/col/704/7047911-frente.jpg?sw=280&sh=280,emb. 400 gr,https://www.continente.pt/produto/lombos-de-perca-do-nilo-congelada-continente-7047911.html,frescos,2025-04-21,Continente
Queijo Burrata de Vaca com Trufas,7843119,2.99,"€29,90/kg",Gioiella,Frescos/Queijos/Queijos do Mundo,https://www.continente.pt/dw/image/v2/BDVS_PRD/on/demandware.static/-/Sites-col-master-catalog/default/dwb98f7605/images/col/784/7843119-frente.jpg?sw=280&sh=280,emb. 100 gr,https://www.continente.pt/produto/queijo-burrata-de-vaca-com-trufas-gioiella-7843119.html,frescos,2025-04-21,Continente
Lombo de Salmão Fresco,8290340,20.99,"€20,99/kg",Continente,"Frescos/Peixaria/Filetes, Lombos e Postas",https://www.continente.pt/dw/image/v2/BDVS_PRD/on/demandware.static/-/Sites-col-master-catalog/default/dw3b56780e/images/col/829/8290340-topshot.jpg?sw=280&sh=280,8 un x 125 gr (1 kg),https://www.continente.pt/produto/lombo-de-salmao-fresco-continente-8290340.html,frescos,2025-04-21,Continente
Couve Roxa,2076776,1.59,"€2,46/un",Continente,"Frescos/Legumes/Couves, Brócolos e Espinafres",https://www.continente.pt/dw/image/v2/BDVS_PRD/on/demandware.static/-/Sites-col-master-catalog/default/dw2a575428/images/col/207/2076776-frente.jpg?sw=280&sh=280,"Quant. Mínima = 1,55 kg (1 un)",https://www.continente.pt/produto/couve-roxa-continente-2076776.html,frescos,2025-04-21,Continente
Tiras de Entrecosto de Porco,8023150,6.99,"€6,64/un",Continente,Frescos/Talho/Porco,https://www.continente.pt/dw/image/v2/BDVS_PRD/on/demandware.static/-/Sites-col-master-catalog/default/dw62d77be8/images/col/802/8023150-topshot.jpg?sw=280&sh=280,emb. 950 gr (aprox.),https://www.continente.pt/produto/tiras-de-entrecosto-de-porco-continente-8023150.html,frescos,2025-04-21,Continente
Farinheira da Guarda,6679691,1.99,"€9,95/kg",Continente,Frescos/Charcutaria/Alheira e Farinheira,https://www.continente.pt/dw/image/v2/BDVS_PRD/on/demandware.static/-/Sites-col-master-catalog/default/dwac085bb1/images/col/667/6679691-frente.jpg?sw=280&sh=280,emb. 200 gr,https://www.continente.pt/produto/farinheira-da-guarda-continente-6679691.html,frescos,2025-04-21,Continente
Mirtilo Biológico,8275618,2.99,"€23,92/kg",Sudoberry,Frescos/Frutas/Morango e Frutos Vermelhos,https://www.continente.pt/dw/image/v2/BDVS_PRD/on/demandware.static/-/Sites-col-master-catalog/default/dwde06d734/images/col/827/8275618-topshot.jpg?sw=280&sh=280,emb. 125 gr,https://www.continente.pt/produto/mirtilo-biologico-sudoberry-8275618.html,frescos,2025-04-21,Continente
Chouriço Corrente,7056714,2.79,"€6,98/kg",Continente,Frescos/Charcutaria/Chouriço e Morcela,https://www.continente.pt/dw/image/v2/BDVS_PRD/on/demandware.static/-/Sites-col-master-catalog/default/dw61c3488a/images/col/705/7056714-frente.jpg?sw=280&sh=280,emb. 400 gr,https://www.continente.pt/produto/chourico-corrente-continente-7056714.html,frescos,2025-04-21,Continente
Muffin Red Velvet,8214833,0.89,"€8,09/kg",,Frescos/Padaria e Pastelaria/Pastelaria Sortida,https://www.continente.pt/dw/image/v2/BDVS_PRD/on/demandware.static/-/Sites-col-master-catalog/default/dwbfe278ea/images/col/821/8214833-cima.png?sw=280&sh=280,1 un,https://www.continente.pt/produto/muffin-red-velvet-8214833.html,frescos,2025-04-21,Continente
Bacalhau Desfiado Ultracongelado,4935930,8.48,"€21,20/kg",Pescanova,Frescos/Peixaria/Bacalhau/Congelado,https://www.continente.pt/dw/image/v2/BDVS_PRD/on/demandware.static/-/Sites-col-master-catalog/default/dwe8605479/images/col/493/4935930-frente.jpg?sw=280&sh=280,emb. 400 gr,https://www.continente.pt/produto/bacalhau-desfiado-ultracongelado-pescanova-4935930.html,frescos,2025-04-21,Continente
Gressinos com Queijo,7837654,1.29,"€23,04/kg",Snatts,"Frescos/Padaria e Pastelaria/Tostas, Gressinos e Croutons",https://www.continente.pt/dw/image/v2/BDVS_PRD/on/demandware.static/-/Sites-col-master-catalog/default/dwfa04701a/images/col/783/7837654-frente.jpg?sw=280&sh=280,emb. 56 gr,https://www.continente.pt/produto/gressinos-com-queijo-snatts-7837654.html,frescos,2025-04-21,Continente
Cebolinha Francesa,6108775,2.29,"€4,58/kg",Continente,"Frescos/Legumes/Cebola, Alho e Nabo",https://www.continente.pt/dw/image/v2/BDVS_PRD/on/demandware.static/-/Sites-col-master-catalog/default/dw7caee261/images/col/610/6108775-frente.jpg?sw=280&sh=280,emb. 500 gr,https://www.continente.pt/produto/cebolinha-francesa-continente-6108775.html,frescos,2025-04-21,Continente
Queijo de Vaca da Ilha 9 Meses de Cura Balcão,5517197,17.49,"€5,25/un",São Miguel,Frescos/Queijos/Curado,https://www.continente.pt/dw/image/v2/BDVS_PRD/on/demandware.static/-/Sites-col-master-catalog/default/dw3ab6c910/images/col/551/5517197-frente.jpg?sw=280&sh=280,Quant. Mínima = 300 gr,https://www.continente.pt/produto/queijo-de-vaca-da-ilha-9-meses-de-cura-balcao-sao-miguel-5517197.html,frescos,2025-04-21,Continente
Quartos de Cabrito Balcão,6623523,12.99,"€25,98/un",Continente,Frescos/Talho/Cabrito e Borrego,https://www.continente.pt/dw/image/v2/BDVS_PRD/on/demandware.static/-/Sites-col-master-catalog/default/dw38f24015/images/col/662/6623523-frente.jpg?sw=280&sh=280,Quant. Mínima = 2 kg,https://www.continente.pt/produto/quartos-de-cabrito-balcao-continente-6623523.html,frescos,2025-04-21,Continente
Maçaroca de Milho Doce Cozido,2188730,1.69,"€4,23/kg",Continente,"Frescos/Legumes/Alface, Tomate, Pepino e Pimento",https://www.continente.pt/dw/image/v2/BDVS_PRD/on/demandware.static/-/Sites-col-master-catalog/default/dw533ad182/images/col/218/2188730-frente.jpg?sw=280&sh=280,emb. 400 gr,https://www.continente.pt/produto/macaroca-de-milho-doce-cozido-continente-2188730.html,frescos,2025-04-21,Continente
Dots de Açúcar,7168421,2.09,"€10,05/kg",Dots,Frescos/Padaria e Pastelaria/Pastelaria Sortida,https://www.continente.pt/dw/image/v2/BDVS_PRD/on/demandware.static/-/Sites-col-master-catalog/default/dw309ce571/images/col/716/7168421-direito.jpg?sw=280&sh=280,emb. 4 un,https://www.continente.pt/produto/dots-de-acucar-dots-7168421.html,frescos,2025-04-21,Continente
Tostas Rústicas Integrais,6292995,1.79,"€7,46/kg",Brioche Pasquier,"Frescos/Padaria e Pastelaria/Tostas, Gressinos e Croutons",https://www.continente.pt/dw/image/v2/BDVS_PRD/on/demandware.static/-/Sites-col-master-catalog/default/dwfe34bc91/images/col/629/6292995-frente.png?sw=280&sh=280,2 un x 120 gr (240 gr),https://www.continente.pt/produto/tostas-rusticas-integrais-brioche-pasquier-6292995.html,frescos,2025-04-21,Continente
Lulinhas Ultracongeladas,7573261,4.99,"€9,98/kg",Pescanova,"Frescos/Peixaria/Polvo, Lulas e Chocos/Congelado",https://www.continente.pt/dw/image/v2/BDVS_PRD/on/demandware.static/-/Sites-col-master-catalog/default/dwd5a7b083/images/col/757/7573261-frente.jpg?sw=280&sh=280,emb. 500 gr,https://www.continente.pt/produto/lulinhas-ultracongeladas-pescanova-7573261.html,frescos,2025-04-21,Continente
Bacalhau à Brás,7739434,8.99,"€12,84/kg",Cozinha Continente,Frescos/Take Away/Refeições Prontas/Peixe e Marisco,https://www.continente.pt/dw/image/v2/BDVS_PRD/on/demandware.static/-/Sites-col-master-catalog/default/dwebbf5ab5/images/col/773/7739434-frente.jpg?sw=280&sh=280,emb. 700 gr,https://www.continente.pt/produto/bacalhau-a-bras-cozinha-continente-7739434.html,frescos,2025-04-21,Continente
Posta de Maruca Ultracongelada,4897282,6.99,"€11,65/kg",Continente,"Frescos/Peixaria/Filetes, Lombos e Postas/Congelado",https://www.continente.pt/dw/image/v2/BDVS_PRD/on/demandware.static/-/Sites-col-master-catalog/default/dw02addf2c/images/col/489/4897282-frente.jpg?sw=280&sh=280,emb. 600 gr,https://www.continente.pt/produto/posta-de-maruca-ultracongelada-continente-4897282.html,frescos,2025-04-21,Continente
Queijo de Ovelha Seia Amanteigado,4738643,4.99,"€22,18/kg",Lagos,Frescos/Queijos/Amanteigado,https://www.continente.pt/dw/image/v2/BDVS_PRD/on/demandware.static/-/Sites-col-master-catalog/default/dw8a0c3605/images/col/473/4738643-cima.jpg?sw=280&sh=280,emb. 225 gr (aprox.),https://www.continente.pt/produto/queijo-de-ovelha-seia-amanteigado-lagos-4738643.html,frescos,2025-04-21,Continente
Painho Alentejano Fatias,6679275,2.29,"€28,63/kg",Montaraz,"Frescos/Charcutaria/Salpicão, Paio e Fuet",https://www.continente.pt/dw/image/v2/BDVS_PRD/on/demandware.static/-/Sites-col-master-catalog/default/dw9f6625b2/images/col/667/6679275-frente.jpg?sw=280&sh=280,emb. 80 gr,https://www.continente.pt/produto/painho-alentejano-fatias-montaraz-6679275.html,frescos,2025-04-21,Continente
Queijo Flamengo sem Lactose Bola,2126474,9.69,"€9,30/un",Limiano,Frescos/Queijos/Fatiado e Bolas,https://www.continente.pt/dw/image/v2/BDVS_PRD/on/demandware.static/-/Sites-col-master-catalog/default/dwe7b65308/images/col/212/2126474-hero.jpg?sw=280&sh=280,Quant. Mínima = 960 gr (1/2 queijo),https://www.continente.pt/produto/queijo-flamengo-sem-lactose-bola-limiano-2126474.html,frescos,2025-04-21,Continente
Gressinos,7802788,1.49,"€11,92/kg",Roberto,"Frescos/Padaria e Pastelaria/Tostas, Gressinos e Croutons",https://www.continente.pt/dw/image/v2/BDVS_PRD/on/demandware.static/-/Sites-col-master-catalog/default/dwf820b350/images/col/780/7802788-esquerdo.jpg?sw=280&sh=280,emb. 125 gr,https://www.continente.pt/produto/gressinos-roberto-7802788.html,frescos,2025-04-21,Continente
Pernas de Coelho,5829021,13.89,"€6,25/un",Intercoelho,Frescos/Talho/Pato e Coelho,https://www.continente.pt/dw/image/v2/BDVS_PRD/on/demandware.static/-/Sites-col-master-catalog/default/dw7ff0114f/images/col/582/5829021-frente.jpg?sw=280&sh=280,emb. 450 gr (aprox.),https://www.continente.pt/produto/pernas-de-coelho-intercoelho-5829021.html,frescos,2025-04-21,Continente
Azeitona Verde Gordal,7571576,4.69,"€8,38/kg",Continente,Frescos/Legumes/Tremoços e Azeitonas,https://www.continente.pt/dw/image/v2/BDVS_PRD/on/demandware.static/-/Sites-col-master-catalog/default/dwd4f7a1ca/images/col/757/7571576-frente.jpg?sw=280&sh=280,emb. 560 gr,https://www.continente.pt/produto/azeitona-verde-gordal-continente-7571576.html,frescos,2025-04-21,Continente
Hambúrguer de Porco,6148711,2.99,"€6,23/kg",Continente,Frescos/Talho/Pronto a Cozinhar,https://www.continente.pt/dw/image/v2/BDVS_PRD/on/demandware.static/-/Sites-col-master-catalog/default/dw51d945a9/images/col/614/6148711-cima.jpg?sw=280&sh=280,4 un x 120 gr (480 gr),https://www.continente.pt/produto/hamburguer-de-porco-continente-6148711.html,frescos,2025-04-21,Continente
Queijo de Cabra Fresco,7190579,3.89,"€11,44/kg",Segredos de Barrancos,"Frescos/Queijos/Fresco, Requeijão e Mozzarella",https://www.continente.pt/dw/image/v2/BDVS_PRD/on/demandware.static/-/Sites-col-master-catalog/default/dwf1c774d4/images/col/719/7190579-frente.jpg?sw=280&sh=280,2 un x 170 gr (340 gr),https://www.continente.pt/produto/queijo-de-cabra-fresco-segredos-de-barrancos-7190579.html,frescos,2025-04-21,Continente
Fiambre da Perna Extra Fatiado Baixo Teor de Sal,7310427,2.79,"€13,95/kg",Continente,"Frescos/Charcutaria/Fiambre, Mortadela e Salame/Fiambre de Porco",https://www.continente.pt/dw/image/v2/BDVS_PRD/on/demandware.static/-/Sites-col-master-catalog/default/dwb0f55560/images/col/731/7310427-frente.jpg?sw=280&sh=280,emb. 200 gr,https://www.continente.pt/produto/fiambre-da-perna-extra-fatiado-baixo-teor-de-sal-continente-7310427.html,frescos,2025-04-21,Continente
"Bolachas de Sementes de linhaça, Sésamo e Abóbora",7194634,2.89,"€14,45/kg",Da Nossa Pastelaria,Frescos/Padaria e Pastelaria/Biscoitos,https://www.continente.pt/dw/image/v2/BDVS_PRD/on/demandware.static/-/Sites-col-master-catalog/default/dw8553c851/images/col/719/7194634-cima.jpg?sw=280&sh=280,emb. 200 gr,https://www.continente.pt/produto/bolachas-de-sementes-de-linhaca-sesamo-e-abobora-da-nossa-pastelaria-7194634.html,frescos,2025-04-21,Continente
Bacalhau à Brás,7578233,4.99,"€20,79/kg",Riberalves,Congelados/Refeições Prontas,https://www.continente.pt/dw/image/v2/BDVS_PRD/on/demandware.static/-/Sites-col-master-catalog/default/dw93ad97b6/images/col/757/7578233-frente.png?sw=280&sh=280,emb. 240 gr,https://www.continente.pt/produto/bacalhau-a-bras-riberalves-7578233.html,frescos,2025-04-21,Continente
Pão de Forma Integral com Côdea,6851526,1.89,"€3,94/kg",Bimbo,Frescos/Padaria e Pastelaria/Pão de Forma e Embalado,https://www.continente.pt/dw/image/v2/BDVS_PRD/on/demandware.static/-/Sites-col-master-catalog/default/dwa0ca80a3/images/col/685/6851526-frente.jpg?sw=280&sh=280,emb. 480 gr,https://www.continente.pt/produto/pao-de-forma-integral-com-codea-bimbo-6851526.html,frescos,2025-04-21,Continente
Queijo de Vaca Azul Bresse Bleu,7484295,3.83,"€27,36/kg",Haute Fromagerie,Frescos/Queijos/Queijos do Mundo,https://www.continente.pt/dw/image/v2/BDVS_PRD/on/demandware.static/-/Sites-col-master-catalog/default/dwd4be6cc2/images/col/748/7484295-cima.jpg?sw=280&sh=280,emb. 140 gr,https://www.continente.pt/produto/queijo-de-vaca-azul-bresse-bleu-haute-fromagerie-7484295.html,frescos,2025-04-21,Continente
Tigelada,7714526,1.29,"€8,90/kg",,Frescos/Padaria e Pastelaria/Pastelaria Sortida,https://www.continente.pt/dw/image/v2/BDVS_PRD/on/demandware.static/-/Sites-col-master-catalog/default/dwdd8e3fb9/col/610/6102132.jpg?sw=280&sh=280,1 un,https://www.continente.pt/produto/tigelada-7714526.html,frescos,2025-04-21,Continente
Mini Croissant Folhado de Ovo,7817923,2.25,"€7,50/kg",Continente,Frescos/Padaria e Pastelaria/Croissants e Pães de Leite,https://www.continente.pt/dw/image/v2/BDVS_PRD/on/demandware.static/-/Sites-col-master-catalog/default/dw5a541d99/images/col/781/7817923-cima.jpg?sw=280&sh=280,emb. 8 un,https://www.continente.pt/produto/mini-croissant-folhado-de-ovo-continente-7817923.html,frescos,2025-04-21,Continente
Queijo Mozzarella Light,2950765,2.05,"€16,40/kg",Galbani,"Frescos/Queijos/Fresco, Requeijão e Mozzarella",https://www.continente.pt/dw/image/v2/BDVS_PRD/on/demandware.static/-/Sites-col-master-catalog/default/dw30976def/images/col/295/2950765-frente.jpg?sw=280&sh=280,emb. 125 gr,https://www.continente.pt/produto/queijo-mozzarella-light-galbani-2950765.html,frescos,2025-04-21,Continente
Miolo de Avelã com Pele,8118229,3.29,"€16,45/kg",Continente,"Frescos/Frutas/Frutos Secos, Desidratados e Sementes/Frutos Secos",https://www.continente.pt/dw/image/v2/BDVS_PRD/on/demandware.static/-/Sites-col-master-catalog/default/dw75b0d009/images/col/811/8118229-topshot.png?sw=280&sh=280,emb. 200 gr,https://www.continente.pt/produto/miolo-de-avela-com-pele-continente-8118229.html,frescos,2025-04-21,Continente
Noz com Casca Biológica,7887287,3.99,"€9,98/kg",Continente Bio,"Frescos/Frutas/Frutos Secos, Desidratados e Sementes/Frutos Secos",https://www.continente.pt/dw/image/v2/BDVS_PRD/on/demandware.static/-/Sites-col-master-catalog/default/dw3ae4db01/images/col/788/7887287-topshot.png?sw=280&sh=280,emb. 500 gr,https://www.continente.pt/produto/noz-com-casca-biologica-continente-bio-7887287.html,frescos,2025-04-21,Continente
Queijo Roquefort,6621684,3.49,"€34,90/kg",Papillon,Frescos/Queijos/Queijos do Mundo,https://www.continente.pt/dw/image/v2/BDVS_PRD/on/demandware.static/-/Sites-col-master-catalog/default/dw5e2a5e4d/images/col/662/6621684-frente.jpg?sw=280&sh=280,emb. 100 gr,https://www.continente.pt/produto/queijo-roquefort-papillon-6621684.html,frescos,2025-04-21,Continente
Farinheira Ponte de Lima,7329323,2.59,"€12,95/kg",Continente,Frescos/Charcutaria/Alheira e Farinheira,https://www.continente.pt/dw/image/v2/BDVS_PRD/on/demandware.static/-/Sites-col-master-catalog/default/dw3a42c09b/images/col/732/7329323-frente.jpg?sw=280&sh=280,emb. 200 gr,https://www.continente.pt/produto/farinheira-ponte-de-lima-continente-7329323.html,frescos,2025-04-21,Continente
Medalhões de Pescada do Cabo Ultracongelada,7630268,7.99,"€22,19/kg",Iglo,Frescos/Peixaria/Peixe Congelado,https://www.continente.pt/dw/image/v2/BDVS_PRD/on/demandware.static/-/Sites-col-master-catalog/default/dwb7252b96/images/col/763/7630268-frente.jpg?sw=280&sh=280,6 un x 60 gr (360 gr),https://www.continente.pt/produto/medalhoes-de-pescada-do-cabo-ultracongelada-iglo-7630268.html,frescos,2025-04-21,Continente
Perna de Frango,7069725,4.99,"€3,24/un",Continente,Frescos/Talho/Frango e Peru,https://www.continente.pt/dw/image/v2/BDVS_PRD/on/demandware.static/-/Sites-col-master-catalog/default/dw2bd6781f/images/col/706/7069725-frente.jpg?sw=280&sh=280,emb. 650 gr (aprox.),https://www.continente.pt/produto/perna-de-frango-continente-7069725.html,frescos,2025-04-21,Continente
Queijo Mascarpone,7106489,3.49,"€13,96/kg",Granarolo,"Frescos/Queijos/Fresco, Requeijão e Mozzarella",https://www.continente.pt/dw/image/v2/BDVS_PRD/on/demandware.static/-/Sites-col-master-catalog/default/dwc5c68f9b/images/col/710/7106489-frente.jpg?sw=280&sh=280,emb. 250 gr,https://www.continente.pt/produto/queijo-mascarpone-granarolo-7106489.html,frescos,2025-04-21,Continente
Salmão Fumado da Noruega Eco Biológico,5807845,7.13,"€89,12/kg",Martiko,Frescos/Charcutaria/Salmão Fumado e Especialidades,https://www.continente.pt/dw/image/v2/BDVS_PRD/on/demandware.static/-/Sites-col-master-catalog/default/dw030bc0e1/images/col/580/5807845-cima.jpg?sw=280&sh=280,emb. 80 gr,https://www.continente.pt/produto/salmao-fumado-da-noruega-eco-biologico-martiko-5807845.html,frescos,2025-04-21,Continente
Croissant,6894517,2.49,"€10,38/kg",Aurora,Frescos/Padaria e Pastelaria/Croissants e Pães de Leite,https://www.continente.pt/dw/image/v2/BDVS_PRD/on/demandware.static/-/Sites-col-master-catalog/default/dw2be8a4c6/images/col/689/6894517-frente.jpg?sw=280&sh=280,emb. 240 gr (8 un),https://www.continente.pt/produto/croissant-aurora-6894517.html,frescos,2025-04-21,Continente
Tarte de Amêndoa,6682013,1.39,"€13,90/kg",,Frescos/Padaria e Pastelaria/Bolos e Sobremesas,https://www.continente.pt/dw/image/v2/BDVS_PRD/on/demandware.static/-/Sites-col-master-catalog/default/dwf45e3ba7/images/col/668/6682013-frente.jpg?sw=280&sh=280,emb. 1 un,https://www.continente.pt/produto/tarte-de-amendoa-6682013.html,frescos,2025-04-21,Continente
Queijo Fresco Trufa,8161676,2.49,"€16,60/kg",Boursin,Frescos/Queijos/Snacks e Barrar,https://www.continente.pt/dw/image/v2/BDVS_PRD/on/demandware.static/-/Sites-col-master-catalog/default/dw4bae30f8/images/col/816/8161676-frente.jpg?sw=280&sh=280,emb. 150 gr,https://www.continente.pt/produto/queijo-fresco-trufa-boursin-8161676.html,frescos,2025-04-21,Continente
Manjericão Biológico,6193040,1.49,"€49,67/kg",Continente Bio,Frescos/Legumes/Ervas Aromáticas e Especiarias,https://www.continente.pt/dw/image/v2/BDVS_PRD/on/demandware.static/-/Sites-col-master-catalog/default/dwc9023635/images/col/619/6193040-frente.jpg?sw=280&sh=280,emb. 30 gr,https://www.continente.pt/produto/manjericao-biologico-continente-bio-6193040.html,frescos,2025-04-21,Continente
Salpicão do Lombo de Lamego,6683113,5.89,"€19,63/kg",Continente Seleção,"Frescos/Charcutaria/Salpicão, Paio e Fuet",https://www.continente.pt/dw/image/v2/BDVS_PRD/on/demandware.static/-/Sites-col-master-catalog/default/dwb69ec380/images/col/668/6683113-frente.jpg?sw=280&sh=280,emb. 300 gr,https://www.continente.pt/produto/salpicao-do-lombo-de-lamego-continente-selecao-6683113.html,frescos,2025-04-21,Continente
Caju Cru,7275983,0.99,"€19,80/kg",Continente,"Frescos/Frutas/Frutos Secos, Desidratados e Sementes/Frutos Secos",https://www.continente.pt/dw/image/v2/BDVS_PRD/on/demandware.static/-/Sites-col-master-catalog/default/dw114ca197/images/col/727/7275983-frente.jpg?sw=280&sh=280,emb. 50 gr,https://www.continente.pt/produto/caju-cru-continente-7275983.html,frescos,2025-04-21,Continente
Queijo Mascarpone,7926339,3.49,"€13,96/kg",Brescialat,Frescos/Queijos/Queijos do Mundo,https://www.continente.pt/dw/image/v2/BDVS_PRD/on/demandware.static/-/Sites-col-master-catalog/default/dw8a56f744/images/col/792/7926339-frente.jpg?sw=280&sh=280,emb. 250 gr,https://www.continente.pt/produto/queijo-mascarpone-brescialat-7926339.html,frescos,2025-04-21,Continente
Lima Biológica,7675756,2.19,"€8,76/kg",Continente Bio,"Frescos/Frutas/Laranja, Clementina e Limão",https://www.continente.pt/dw/image/v2/BDVS_PRD/on/demandware.static/-/Sites-col-master-catalog/default/dw88d78500/images/col/767/7675756-frente.jpg?sw=280&sh=280,emb. 250 gr,https://www.continente.pt/produto/lima-biologica-continente-bio-7675756.html,frescos,2025-04-21,Continente
Salpicão de Seia,6308151,4.49,"€16,04/kg",Fumeiro da Serra da Estrela,"Frescos/Charcutaria/Salpicão, Paio e Fuet",https://www.continente.pt/dw/image/v2/BDVS_PRD/on/demandware.static/-/Sites-col-master-catalog/default/dw5f08481e/images/col/630/6308151-cima.jpg?sw=280&sh=280,emb. 280 gr,https://www.continente.pt/produto/salpicao-de-seia-fumeiro-da-serra-da-estrela-6308151.html,frescos,2025-04-21,Continente
Broas de Mel,7914265,2.09,"€8,36/kg",Da Nossa Pastelaria,Frescos/Padaria e Pastelaria/Biscoitos,https://www.continente.pt/dw/image/v2/BDVS_PRD/on/demandware.static/-/Sites-col-master-catalog/default/dw27d03596/images/col/791/7914265-topshot.png?sw=280&sh=280,emb. 250 gr,https://www.continente.pt/produto/broas-de-mel-da-nossa-pastelaria-7914265.html,frescos,2025-04-21,Continente
Tofu Refrigerado Biológico,3047531,2.25,"€9,00/kg",Seara,"Bio e Saudável/Biológicos/Peixaria, Talho e Alternativas",https://www.continente.pt/dw/image/v2/BDVS_PRD/on/demandware.static/-/Sites-col-master-catalog/default/dw3e82b817/images/col/304/3047531-frente.jpg?sw=280&sh=280,emb. 250 gr,https://www.continente.pt/produto/tofu-refrigerado-biologico-seara-3047531.html,frescos,2025-04-21,Continente
Chouriço Corrente,7056711,5.79,"€5,79/kg",Continente,Frescos/Charcutaria/Chouriço e Morcela,https://www.continente.pt/dw/image/v2/BDVS_PRD/on/demandware.static/-/Sites-col-master-catalog/default/dwe4143b87/images/col/705/7056711-frente.jpg?sw=280&sh=280,emb. 1 kg,https://www.continente.pt/produto/chourico-corrente-continente-7056711.html,frescos,2025-04-21,Continente
Picos sem Glúten,8030112,1.6,"€16,00/kg",Continente,"Frescos/Padaria e Pastelaria/Tostas, Gressinos e Croutons",https://www.continente.pt/dw/image/v2/BDVS_PRD/on/demandware.static/-/Sites-col-master-catalog/default/dw0334e57b/images/col/803/8030112-frente.jpg?sw=280&sh=280,emb. 100 gr,https://www.continente.pt/produto/picos-sem-gluten-continente-8030112.html,frescos,2025-04-21,Continente
Fiambre Peito de Peru Forno a Lenha,7162649,2.69,"€24,45/kg",Izidoro,"Frescos/Charcutaria/Fiambre, Mortadela e Salame/Fiambre de Aves",https://www.continente.pt/dw/image/v2/BDVS_PRD/on/demandware.static/-/Sites-col-master-catalog/default/dw1e01a4c7/images/col/716/7162649-frente.jpg?sw=280&sh=280,emb. 110 gr + 30 gr GRÁTIS,https://www.continente.pt/produto/fiambre-peito-de-peru-forno-a-lenha-izidoro-7162649.html,frescos,2025-04-21,Continente
Presunto Serrano Fatiado,7315659,2.15,"€26,88/kg",Campofrio,Frescos/Charcutaria/Presunto,https://www.continente.pt/dw/image/v2/BDVS_PRD/on/demandware.static/-/Sites-col-master-catalog/default/dw86d4bd6a/images/col/731/7315659-frente.jpg?sw=280&sh=280,emb. 80 gr,https://www.continente.pt/produto/presunto-serrano-fatiado-campofrio-7315659.html,frescos,2025-04-21,Continente
Cesto de Queijos de Vaca Curados,7969619,3.99,"€18,14/kg",Herdade da Maia,Frescos/Queijos/Curado,https://www.continente.pt/dw/image/v2/BDVS_PRD/on/demandware.static/-/Sites-col-master-catalog/default/dwda20ed4b/images/col/796/7969619-topshot.jpg?sw=280&sh=280,emb. 2 un x 110 gr (220 gr),https://www.continente.pt/produto/cesto-de-queijos-de-vaca-curados-herdade-da-maia-7969619.html,frescos,2025-04-21,Continente
Farinheira de Porco Preto Alentejano,7474136,2.19,"€13,69/kg",Continente Seleção,Frescos/Charcutaria/Alheira e Farinheira,https://www.continente.pt/dw/image/v2/BDVS_PRD/on/demandware.static/-/Sites-col-master-catalog/default/dwea57c66e/images/col/747/7474136-topshot.png?sw=280&sh=280,emb. 160 gr,https://www.continente.pt/produto/farinheira-de-porco-preto-alentejano-continente-selecao-7474136.html,frescos,2025-04-21,Continente
Pizza Fresca Fiambre e Queijo,3834953,3.99,"€11,08/kg",Campofrio,Frescos/Take Away/Pizzas,https://www.continente.pt/dw/image/v2/BDVS_PRD/on/demandware.static/-/Sites-col-master-catalog/default/dwfb381c82/images/col/383/3834953-frente.jpg?sw=280&sh=280,emb. 360 gr,https://www.continente.pt/produto/pizza-fresca-fiambre-e-queijo-campofrio-3834953.html,frescos,2025-04-21,Continente
Queijo de Mistura Curado,4893505,3.79,"€21,06/kg",Continente,Frescos/Queijos/Curado,https://www.continente.pt/dw/image/v2/BDVS_PRD/on/demandware.static/-/Sites-col-master-catalog/default/dw20ecc2aa/images/col/489/4893505-frente.jpg?sw=280&sh=280,2 un x 120 gr (240 gr),https://www.continente.pt/produto/queijo-de-mistura-curado-continente-4893505.html,frescos,2025-04-21,Continente
Tostas com Tomate e Orégãos,5223371,1.49,"€14,90/kg",Rialto,"Frescos/Padaria e Pastelaria/Tostas, Gressinos e Croutons",https://www.continente.pt/dw/image/v2/BDVS_PRD/on/demandware.static/-/Sites-col-master-catalog/default/dwb7b0ec74/images/col/522/5223371-frente.jpg?sw=280&sh=280,emb. 100 gr,https://www.continente.pt/produto/tostas-com-tomate-e-oregaos-rialto-5223371.html,frescos,2025-04-21,Continente
Canudinhos com Cacau e Avelã,7684384,1.59,"€8,83/kg",Da Nossa Pastelaria,Frescos/Padaria e Pastelaria/Biscoitos,https://www.continente.pt/dw/image/v2/BDVS_PRD/on/demandware.static/-/Sites-col-master-catalog/default/dw7359cbd0/images/col/768/7684384-frente.jpg?sw=280&sh=280,emb. 180 gr,https://www.continente.pt/produto/canudinhos-com-cacau-e-avela-da-nossa-pastelaria-7684384.html,frescos,2025-04-21,Continente
Azeitona Napolitana,7449588,2.99,"€19,93/kg",Ficacci,Frescos/Legumes/Tremoços e Azeitonas,https://www.continente.pt/dw/image/v2/BDVS_PRD/on/demandware.static/-/Sites-col-master-catalog/default/dwb74d82b0/images/col/744/7449588-frente.jpg?sw=280&sh=280,emb. 150 gr,https://www.continente.pt/produto/azeitona-napolitana-ficacci-7449588.html,frescos,2025-04-21,Continente
Maçã Fuji,5464060,2.19,"€0,48/un",Continente,"Frescos/Frutas/Banana, Maçã e Pera",https://www.continente.pt/dw/image/v2/BDVS_PRD/on/demandware.static/-/Sites-col-master-catalog/default/dw124e14b8/images/col/546/5464060-frente.jpg?sw=280&sh=280,Quant. Mínima = 880 gr (4 un),https://www.continente.pt/produto/maca-fuji-continente-5464060.html,frescos,2025-04-21,Continente
Chouriço de Carne de Porco Preto,7358339,2.79,"€18,60/kg",Miguel & Miguel,Frescos/Charcutaria/Chouriço e Morcela,https://www.continente.pt/dw/image/v2/BDVS_PRD/on/demandware.static/-/Sites-col-master-catalog/default/dwcdfe5e36/images/col/735/7358339-frente.jpg?sw=280&sh=280,emb. 150 gr,https://www.continente.pt/produto/chourico-de-carne-de-porco-preto-miguel-miguel-7358339.html,frescos,2025-04-21,Continente
Abacaxi de Avião,5559041,3.99,"€8,18/un",Continente,Frescos/Frutas/Uvas e Tropicais,https://www.continente.pt/dw/image/v2/BDVS_PRD/on/demandware.static/-/Sites-col-master-catalog/default/dw37f4fbeb/images/col/555/5559041-frente-acessorio-fatiado.jpg?sw=280&sh=280,"Quant. Mínima = 2,05 kg (1 un)",https://www.continente.pt/produto/abacaxi-de-aviao-continente-5559041.html,frescos,2025-04-21,Continente
Salmão Pequeno Fresco,2566219,8.99,"€16,90/un",,Frescos/Peixaria/Peixe Fresco,https://www.continente.pt/dw/image/v2/BDVS_PRD/on/demandware.static/-/Sites-col-master-catalog/default/dwf75f5b5c/images/col/256/2566219-frente.jpg?sw=280&sh=280,"Quant. Mínima = 1,88 kg (1 un)",https://www.continente.pt/produto/salmao-pequeno-fresco-2566219.html,frescos,2025-04-21,Continente
Salsichas Frescas de Porco,7610895,3.69,"€7,38/un",Continente Seleção,Frescos/Talho/Pronto a Cozinhar,https://www.continente.pt/dw/image/v2/BDVS_PRD/on/demandware.static/-/Sites-col-master-catalog/default/dw831bb62c/images/col/761/7610895-frente.jpg?sw=280&sh=280,emb. 500 gr,https://www.continente.pt/produto/salsichas-frescas-de-porco-continente-selecao-7610895.html,frescos,2025-04-21,Continente
Queijo Fundido Light Porções,7708138,1.99,"€15,92/kg",A Vaca que ri,Frescos/Queijos/Snacks e Barrar,https://www.continente.pt/dw/image/v2/BDVS_PRD/on/demandware.static/-/Sites-col-master-catalog/default/dw7848446d/images/col/770/7708138-frente.png?sw=280&sh=280,8 un (125 gr),https://www.continente.pt/produto/queijo-fundido-light-porcoes-a-vaca-que-ri-7708138.html,frescos,2025-04-21,Continente
Merendeira de Ovelha Seia Amanteigada,7484289,10.59,"€21,18/kg",Continente,Frescos/Queijos/Amanteigado,https://www.continente.pt/dw/image/v2/BDVS_PRD/on/demandware.static/-/Sites-col-master-catalog/default/dw347e95dd/images/col/748/7484289-frente-fatiado.jpg?sw=280&sh=280,emb. 500 gr (aprox.),https://www.continente.pt/produto/merendeira-de-ovelha-seia-amanteigada-continente-7484289.html,frescos,2025-04-21,Continente
Carpaccio de Salmão Fumado,6917879,8.99,"€89,90/kg",Ubago,Frescos/Charcutaria/Salmão Fumado e Especialidades,https://www.continente.pt/dw/image/v2/BDVS_PRD/on/demandware.static/-/Sites-col-master-catalog/default/dw3503491d/images/col/691/6917879-frente.jpg?sw=280&sh=280,emb. 100 gr,https://www.continente.pt/produto/carpaccio-de-salmao-fumado-ubago-6917879.html,frescos,2025-04-21,Continente
Metades de Cabrito Balcão,6623518,12.99,"€51,96/un",Continente,Frescos/Talho/Cabrito e Borrego,https://www.continente.pt/dw/image/v2/BDVS_PRD/on/demandware.static/-/Sites-col-master-catalog/default/dwd0fa66c4/images/col/662/6623518-frente.jpg?sw=280&sh=280,Quant. Mínima = 4 kg,https://www.continente.pt/produto/metades-de-cabrito-balcao-continente-6623518.html,frescos,2025-04-21,Continente
Fiambre de Peru com Trufas e Cogumelos Boletus Fatiado,7483287,2.79,"€23,25/kg",ElPozo,"Frescos/Charcutaria/Fiambre, Mortadela e Salame/Fiambre de Aves",https://www.continente.pt/dw/image/v2/BDVS_PRD/on/demandware.static/-/Sites-col-master-catalog/default/dwc6c61e80/images/col/748/7483287-frente.jpg?sw=280&sh=280,emb. 120 gr,https://www.continente.pt/produto/fiambre-de-peru-com-trufas-e-cogumelos-boletus-fatiado-elpozo-7483287.html,frescos,2025-04-21,Continente
Tortilha Fajita de Trigo,7778844,1.99,"€7,96/kg",Mexifoods,"Frescos/Padaria e Pastelaria/Pão de Hambúrguer, Cachorro e Wraps",https://www.continente.pt/dw/image/v2/BDVS_PRD/on/demandware.static/-/Sites-col-master-catalog/default/dw53f457c0/images/col/777/7778844-frente.jpg?sw=280&sh=280,emb. 250 gr (6 un),https://www.continente.pt/produto/tortilha-fajita-de-trigo-mexifoods-7778844.html,frescos,2025-04-21,Continente
Chouriço Mouro Ponte de Lima,7329322,3.69,"€18,45/kg",Continente,Frescos/Charcutaria/Chouriço e Morcela,https://www.continente.pt/dw/image/v2/BDVS_PRD/on/demandware.static/-/Sites-col-master-catalog/default/dwfeddc571/images/col/732/7329322-frente.jpg?sw=280&sh=280,emb. 200 gr,https://www.continente.pt/produto/chourico-mouro-ponte-de-lima-continente-7329322.html,frescos,2025-04-21,Continente
Ovos Cozidos,7295696,1.55,"€4,43/kg",Continente,Laticínios e Ovos/Ovos,https://www.continente.pt/dw/image/v2/BDVS_PRD/on/demandware.static/-/Sites-col-master-catalog/default/dw95b789a9/images/col/729/7295696-frente.png?sw=280&sh=280,emb. 4 un,https://www.continente.pt/produto/ovos-cozidos-continente-7295696.html,frescos,2025-04-21,Continente
Chouriço Mouro do Fundão,5165854,2.59,"€11,26/kg",Continente,Frescos/Charcutaria/Chouriço e Morcela,https://www.continente.pt/dw/image/v2/BDVS_PRD/on/demandware.static/-/Sites-col-master-catalog/default/dw8aafbbf9/images/col/516/5165854-frente.jpg?sw=280&sh=280,emb. 230 gr,https://www.continente.pt/produto/chourico-mouro-do-fundao-continente-5165854.html,frescos,2025-04-21,Continente
Presunto Fumado Fatiado Floresta Negra,6590329,1.79,"€22,38/kg",Abraham,Frescos/Charcutaria/Presunto,https://www.continente.pt/dw/image/v2/BDVS_PRD/on/demandware.static/-/Sites-col-master-catalog/default/dwef52ba56/images/col/659/6590329-frente.jpg?sw=280&sh=280,emb. 80 gr,https://www.continente.pt/produto/presunto-fumado-fatiado-floresta-negra-abraham-6590329.html,frescos,2025-04-21,Continente
Ervilha Torta,5818924,2.39,"€11,95/kg",Continente,"Frescos/Legumes/Curgete, Beringela e Feijão Verde",https://www.continente.pt/dw/image/v2/BDVS_PRD/on/demandware.static/-/Sites-col-master-catalog/default/dwb3c5b599/images/col/581/5818924-frente.jpg?sw=280&sh=280,emb. 200 gr,https://www.continente.pt/produto/ervilha-torta-continente-5818924.html,frescos,2025-04-21,Continente
Pizza Fresca 5 Queijos,5877580,3.99,"€10,93/kg",Campofrio,Frescos/Take Away/Pizzas,https://www.continente.pt/dw/image/v2/BDVS_PRD/on/demandware.static/-/Sites-col-master-catalog/default/dw085f255a/images/col/587/5877580-frente.jpg?sw=280&sh=280,emb. 365 gr,https://www.continente.pt/produto/pizza-fresca-5-queijos-campofrio-5877580.html,frescos,2025-04-21,Continente
Presunto Ibérico Fatiado,8083164,4.19,"€69,83/kg",ElPozo,Frescos/Charcutaria/Presunto,https://www.continente.pt/dw/image/v2/BDVS_PRD/on/demandware.static/-/Sites-col-master-catalog/default/dw207b81de/images/col/808/8083164-frente.jpg?sw=280&sh=280,emb. 60 gr,https://www.continente.pt/produto/presunto-iberico-fatiado-elpozo-8083164.html,frescos,2025-04-21,Continente
Girasoli Fresco com Legumes Grelhados,7815151,2.29,"€9,16/kg",Continente,Frescos/Take Away/Massas Frescas/Massas Recheadas,https://www.continente.pt/dw/image/v2/BDVS_PRD/on/demandware.static/-/Sites-col-master-catalog/default/dw922a8173/images/col/781/7815151-cima.jpg?sw=280&sh=280,emb. 250 gr,https://www.continente.pt/produto/girasoli-fresco-com-legumes-grelhados-continente-7815151.html,frescos,2025-04-21,Continente
Queijo Feta DOP sem Lactose,7830472,3.89,"€25,93/kg",Omiros,Frescos/Queijos/Queijos do Mundo,https://www.continente.pt/dw/image/v2/BDVS_PRD/on/demandware.static/-/Sites-col-master-catalog/default/dwe30b601c/images/col/783/7830472-topshot.jpg?sw=280&sh=280,emb. 150 gr,https://www.continente.pt/produto/queijo-feta-dop-sem-lactose-omiros-7830472.html,frescos,2025-04-21,Continente
Miolo de Amêndoa Palitada,7029085,2.59,"€12,95/kg",Continente,"Frescos/Frutas/Frutos Secos, Desidratados e Sementes/Frutos Secos",https://www.continente.pt/dw/image/v2/BDVS_PRD/on/demandware.static/-/Sites-col-master-catalog/default/dwf7aa8d02/images/col/702/7029085-frente.jpg?sw=280&sh=280,emb. 200 gr,https://www.continente.pt/produto/miolo-de-amendoa-palitada-continente-7029085.html,frescos,2025-04-21,Continente
Filetes Crocantes de Proteína Vegetal,7944137,3.99,"€22,17/kg",Garden Gourmet,Frescos/Take Away/Vegetariano e Vegan/Pronto a Cozinhar,https://www.continente.pt/dw/image/v2/BDVS_PRD/on/demandware.static/-/Sites-col-master-catalog/default/dw499799c1/images/col/794/7944137-frente.png?sw=280&sh=280,emb. 180 gr,https://www.continente.pt/produto/filetes-crocantes-de-proteina-vegetal-garden-gourmet-7944137.html,frescos,2025-04-21,Continente
Lombos de Pescada do Cabo Congelada,7367887,7.63,"€21,19/kg",Pescanova,"Frescos/Peixaria/Filetes, Lombos e Postas/Congelado",https://www.continente.pt/dw/image/v2/BDVS_PRD/on/demandware.static/-/Sites-col-master-catalog/default/dw1c948a51/images/col/736/7367887-direito.jpg?sw=280&sh=280,4 un x 90 gr (360 gr),https://www.continente.pt/produto/lombos-de-pescada-do-cabo-congelada-pescanova-7367887.html,frescos,2025-04-21,Continente
Fava Frita com Sal,8021552,1.29,"€8,60/kg",Frutorra,"Frescos/Frutas/Frutos Secos, Desidratados e Sementes/Frutos Secos",https://www.continente.pt/dw/image/v2/BDVS_PRD/on/demandware.static/-/Sites-col-master-catalog/default/dw92804a49/images/col/802/8021552-frente.jpg?sw=280&sh=280,emb. 150 gr,https://www.continente.pt/produto/fava-frita-com-sal-frutorra-8021552.html,frescos,2025-04-21,Continente
Croissant,7822653,1.8,"€8,57/kg",Dulca,Frescos/Padaria e Pastelaria/Croissants e Pães de Leite,https://www.continente.pt/dw/image/v2/BDVS_PRD/on/demandware.static/-/Sites-col-master-catalog/default/dwd6d15013/images/col/782/7822653-cima.jpg?sw=280&sh=280,emb. 210 gr (7 un),https://www.continente.pt/produto/croissant-dulca-7822653.html,frescos,2025-04-21,Continente
Salada Grega,7963596,3.49,"€17,45/kg",Vitacress,Frescos/Take Away/Grab&Go/Saladas,https://www.continente.pt/dw/image/v2/BDVS_PRD/on/demandware.static/-/Sites-col-master-catalog/default/dw85eda635/images/col/796/7963596-topshot.jpg?sw=280&sh=280,emb. 200 gr,https://www.continente.pt/produto/salada-grega-vitacress-7963596.html,frescos,2025-04-21,Continente
Escalopes de Bovino Biológicos,7395060,5.99,"€19,97/kg",Biologic,"Bio e Saudável/Biológicos/Peixaria, Talho e Alternativas",https://www.continente.pt/dw/image/v2/BDVS_PRD/on/demandware.static/-/Sites-col-master-catalog/default/dwbc356094/images/col/739/7395060-cima.jpg?sw=280&sh=280,emb. 300 gr,https://www.continente.pt/produto/escalopes-de-bovino-biologicos-biologic-7395060.html,frescos,2025-04-21,Continente
Croquetes de Pato,7983003,0.99,"€18,33/kg",Cozinha Continente,Frescos/Take Away/Entradas e Salgados,https://www.continente.pt/dw/image/v2/BDVS_PRD/on/demandware.static/-/Sites-col-master-catalog/default/dw055f1af3/images/col/798/7983003-amb.png?sw=280&sh=280,Quant. Mínima = 2 un,https://www.continente.pt/produto/croquetes-de-pato-cozinha-continente-7983003.html,frescos,2025-04-21,Continente
Tábua de Enchidos Alentejanos,7083369,2.29,"€28,63/kg",Montaraz,Frescos/Charcutaria/Tábuas e Aperitivos,https://www.continente.pt/dw/image/v2/BDVS_PRD/on/demandware.static/-/Sites-col-master-catalog/default/dw05bfea3e/images/col/708/7083369-frente-embalagem-acessorio.jpg?sw=280&sh=280,emb. 80 gr,https://www.continente.pt/produto/tabua-de-enchidos-alentejanos-montaraz-7083369.html,frescos,2025-04-21,Continente
Posta de Maruca para Cozer Congelada,7628105,4.49,"€8,98/kg",,"Frescos/Peixaria/Filetes, Lombos e Postas/Congelado",https://www.continente.pt/dw/image/v2/BDVS_PRD/on/demandware.static/-/Sites-col-master-catalog/default/dwe7e22d70/images/col/762/7628105-frente.jpg?sw=280&sh=280,emb. 500 gr,https://www.continente.pt/produto/posta-de-maruca-para-cozer-congelada-7628105.html,frescos,2025-04-21,Continente
Queijo Mozzarella de Búfala sem Lactose,7490243,1.99,"€15,92/kg",Garofalo,"Frescos/Queijos/Fresco, Requeijão e Mozzarella",https://www.continente.pt/dw/image/v2/BDVS_PRD/on/demandware.static/-/Sites-col-master-catalog/default/dw37378064/images/col/749/7490243-frente.jpg?sw=280&sh=280,emb. 125 gr,https://www.continente.pt/produto/queijo-mozzarella-de-bufala-sem-lactose-garofalo-7490243.html,frescos,2025-04-21,Continente
Milho Frito,8118248,1.49,"€7,45/kg",Continente,"Frescos/Frutas/Frutos Secos, Desidratados e Sementes/Frutos Secos",https://www.continente.pt/dw/image/v2/BDVS_PRD/on/demandware.static/-/Sites-col-master-catalog/default/dw4d46400c/images/col/811/8118248-frente.jpg?sw=280&sh=280,emb. 200 gr,https://www.continente.pt/produto/milho-frito-continente-8118248.html,frescos,2025-04-21,Continente
Requeijão de Vaca Magro,7104733,0.87,"€5,12/kg",Continente Equilíbrio,"Frescos/Queijos/Fresco, Requeijão e Mozzarella",https://www.continente.pt/dw/image/v2/BDVS_PRD/on/demandware.static/-/Sites-col-master-catalog/default/dw0398e1ff/images/col/710/7104733-frente.jpg?sw=280&sh=280,emb. 170 gr,https://www.continente.pt/produto/requeijao-de-vaca-magro-continente-equilibrio-7104733.html,frescos,2025-04-21,Continente
Beringela Japonesa,7486261,2.29,"€7,63/kg",NBR,"Frescos/Legumes/Curgete, Beringela e Feijão Verde",https://www.continente.pt/dw/image/v2/BDVS_PRD/on/demandware.static/-/Sites-col-master-catalog/default/dw0c44ccfe/images/col/748/7486261-frente.jpg?sw=280&sh=280,emb. 300 gr,https://www.continente.pt/produto/beringela-japonesa-nbr-7486261.html,frescos,2025-04-21,Continente
Doce de Abóbora Balcão,6426079,6.69,"€0,67/un",Prisca,"Mercearia/Compotas, Cremes e Mel/Doces e Compotas",https://www.continente.pt/dw/image/v2/BDVS_PRD/on/demandware.static/-/Sites-col-master-catalog/default/dw2ce6097a/images/col/642/6426079-frente.jpg?sw=280&sh=280,Quant. Mínima = 100 gr,https://www.continente.pt/produto/doce-de-abobora-balcao-prisca-6426079.html,frescos,2025-04-21,Continente
Salsichas Frankfurt Original,4360958,1.09,"€7,79/kg",Campofrio,Frescos/Charcutaria/Salsichas e Linguiças,https://www.continente.pt/dw/image/v2/BDVS_PRD/on/demandware.static/-/Sites-col-master-catalog/default/dw1a207a29/images/col/436/4360958-frente.jpg?sw=280&sh=280,emb. 140 gr,https://www.continente.pt/produto/salsichas-frankfurt-original-campofrio-4360958.html,frescos,2025-04-21,Continente
Broas de Mel e Amêndoa,7412743,3.39,"€10,59/kg",Da Nossa Pastelaria,Frescos/Padaria e Pastelaria/Biscoitos,https://www.continente.pt/dw/image/v2/BDVS_PRD/on/demandware.static/-/Sites-col-master-catalog/default/dw5c6b4de2/images/col/741/7412743-cima.jpg?sw=280&sh=280,emb. 320 gr,https://www.continente.pt/produto/broas-de-mel-e-amendoa-da-nossa-pastelaria-7412743.html,frescos,2025-04-21,Continente
Queijo Labné para Barrar,8112639,3.75,"€15,00/kg",Président,Frescos/Queijos/Snacks e Barrar,https://www.continente.pt/dw/image/v2/BDVS_PRD/on/demandware.static/-/Sites-col-master-catalog/default/dw4bcf584d/images/col/811/8112639-frente.jpg?sw=280&sh=280,emb. 250 gr,https://www.continente.pt/produto/queijo-labne-para-barrar-president-8112639.html,frescos,2025-04-21,Continente
Queque,5201123,0.69,"€13,80/kg",,Frescos/Padaria e Pastelaria/Pastelaria Sortida,https://www.continente.pt/dw/image/v2/BDVS_PRD/on/demandware.static/-/Sites-col-master-catalog/default/dwf2bb0501/images/col/520/5201123-frente.jpg?sw=280&sh=280,1 un,https://www.continente.pt/produto/queque-5201123.html,frescos,2025-04-21,Continente
Tiras de Pota Congeladas,4274548,4.99,"€7,13/kg",,"Frescos/Peixaria/Polvo, Lulas e Chocos/Congelado",https://www.continente.pt/dw/image/v2/BDVS_PRD/on/demandware.static/-/Sites-col-master-catalog/default/dw36ab9a6f/images/col/427/4274548-frente.jpg?sw=280&sh=280,emb. 700 gr,https://www.continente.pt/produto/tiras-de-pota-congeladas-4274548.html,frescos,2025-04-21,Continente
Escalopes Crocantes Vegan,7464671,3.99,"€3,99/un",Vivera,Frescos/Take Away/Vegetariano e Vegan/Pronto a Cozinhar,https://www.continente.pt/dw/image/v2/BDVS_PRD/on/demandware.static/-/Sites-col-master-catalog/default/dw327e2d57/images/col/746/7464671-frente.jpg?sw=280&sh=280,emb. 200 gr (2 un),https://www.continente.pt/produto/escalopes-crocantes-vegan-vivera-7464671.html,frescos,2025-04-21,Continente
Linhaça Dourada Moída,4806932,1.49,"€7,45/kg",Cem Porcento,"Frescos/Frutas/Frutos Secos, Desidratados e Sementes/Sementes e Pevides",https://www.continente.pt/dw/image/v2/BDVS_PRD/on/demandware.static/-/Sites-col-master-catalog/default/dw1b6ff685/images/col/480/4806932-direito.jpg?sw=280&sh=280,emb. 200 gr,https://www.continente.pt/produto/linhaca-dourada-moida-cem-porcento-4806932.html,frescos,2025-04-21,Continente
Sortido de Lombo e Cachaço Curados,7926662,2.99,"€37,38/kg",Casa do Monte,"Frescos/Charcutaria/Salpicão, Paio e Fuet",https://www.continente.pt/dw/image/v2/BDVS_PRD/on/demandware.static/-/Sites-col-master-catalog/default/dw6c4f6e61/images/col/792/7926662-frente.png?sw=280&sh=280,emb. 80 gr,https://www.continente.pt/produto/sortido-de-lombo-e-cachaco-curados-casa-do-monte-7926662.html,frescos,2025-04-21,Continente
Presunto San Daniele DOP 18 Meses de Cura,7640144,5.79,"€82,71/kg",Levoni,Frescos/Charcutaria/Presunto,https://www.continente.pt/dw/image/v2/BDVS_PRD/on/demandware.static/-/Sites-col-master-catalog/default/dw4a5b8a6d/images/col/764/7640144-frente.jpg?sw=280&sh=280,emb. 70 gr,https://www.continente.pt/produto/presunto-san-daniele-dop-18-meses-de-cura-levoni-7640144.html,frescos,2025-04-21,Continente
Pão de Forma Brioche de Rio Maior,7993199,2.59,"€5,18/kg",,Frescos/Padaria e Pastelaria/Pão do Dia e Broa,https://www.continente.pt/dw/image/v2/BDVS_PRD/on/demandware.static/-/Sites-col-master-catalog/default/dw713d1eb9/images/col/799/7993199-cima-1.jpg?sw=280&sh=280,emb. 500 gr,https://www.continente.pt/produto/pao-de-forma-brioche-de-rio-maior-7993199.html,frescos,2025-04-21,Continente
Mix Frutos Secos Atividade Pack Poupança,7381727,2.99,"€14,95/kg",Continente,"Frescos/Frutas/Frutos Secos, Desidratados e Sementes/Frutos Secos",https://www.continente.pt/dw/image/v2/BDVS_PRD/on/demandware.static/-/Sites-col-master-catalog/default/dwe65bfdf1/images/col/738/7381727-frente.jpg?sw=280&sh=280,emb. 4 x 50 gr,https://www.continente.pt/produto/mix-frutos-secos-atividade-pack-poupanca-continente-7381727.html,frescos,2025-04-21,Continente
Queijo Brie Balcão,2116426,18.15,"€5,45/un",Président,Frescos/Queijos/Queijos do Mundo,https://www.continente.pt/dw/image/v2/BDVS_PRD/on/demandware.static/-/Sites-col-master-catalog/default/dw6c5b6d1c/images/col/211/2116426-frente-tabua.jpg?sw=280&sh=280,Quant. Mínima = 300 gr,https://www.continente.pt/produto/queijo-brie-balcao-president-2116426.html,frescos,2025-04-21,Continente
Entremeada de Porco Fatiada Finíssima,5328971,1.99,"€7,96/kg",Continente,Frescos/Talho/Porco,https://www.continente.pt/dw/image/v2/BDVS_PRD/on/demandware.static/-/Sites-col-master-catalog/default/dw377da7b8/images/col/532/5328971-frente.jpg?sw=280&sh=280,emb. 250 gr,https://www.continente.pt/produto/entremeada-de-porco-fatiada-finissima-continente-5328971.html,frescos,2025-04-21,Continente
Queijo de Vaca Curado Meio Gordo,2947564,9.99,"€5,99/un",Paiva,Frescos/Queijos/Curado,https://www.continente.pt/dw/image/v2/BDVS_PRD/on/demandware.static/-/Sites-col-master-catalog/default/dwf6bbffa1/images/col/294/2947564-frente.jpg?sw=280&sh=280,Quant. Mínima = 600 gr (1/2 queijo),https://www.continente.pt/produto/queijo-de-vaca-curado-meio-gordo-paiva-2947564.html,frescos,2025-04-21,Continente
Pão de Forma Clássico Branco com Côdea sem Glúten,7102759,2.49,"€7,11/kg",Continente,Frescos/Padaria e Pastelaria/Pão de Forma e Embalado,https://www.continente.pt/dw/image/v2/BDVS_PRD/on/demandware.static/-/Sites-col-master-catalog/default/dwa4205f2b/images/col/710/7102759-frente.jpg?sw=280&sh=280,emb. 350 gr,https://www.continente.pt/produto/pao-de-forma-classico-branco-com-codea-sem-gluten-continente-7102759.html,frescos,2025-04-21,Continente
Perna de Peru,7071905,5.69,"€12,52/un",Continente,Frescos/Talho/Frango e Peru/Peru,https://www.continente.pt/dw/image/v2/BDVS_PRD/on/demandware.static/-/Sites-col-master-catalog/default/dw5a0e4096/images/col/707/7071905-frente.jpg?sw=280&sh=280,"emb. 2,2 kg (aprox.)",https://www.continente.pt/produto/perna-de-peru-continente-7071905.html,frescos,2025-04-21,Continente
Hambúrguer Goji,6561374,3.49,"€21,81/kg",Veg In,Frescos/Take Away/Vegetariano e Vegan/Pronto a Cozinhar,https://www.continente.pt/dw/image/v2/BDVS_PRD/on/demandware.static/-/Sites-col-master-catalog/default/dw3cdc2aa4/images/col/656/6561374-esquerdo.jpg?sw=280&sh=280,emb. 160 gr (2 un),https://www.continente.pt/produto/hamburguer-goji-veg-in-6561374.html,frescos,2025-04-21,Continente
Fiambre de Peito de Frango Fatiado Baixo Teor de Sal,7295971,2.59,"€17,27/kg",Continente,"Frescos/Charcutaria/Fiambre, Mortadela e Salame/Fiambre de Aves",https://www.continente.pt/dw/image/v2/BDVS_PRD/on/demandware.static/-/Sites-col-master-catalog/default/dwbf0e30dc/images/col/729/7295971-frente.jpg?sw=280&sh=280,emb. 150 gr,https://www.continente.pt/produto/fiambre-de-peito-de-frango-fatiado-baixo-teor-de-sal-continente-7295971.html,frescos,2025-04-21,Continente
Amendoim Frito com Piripiri,8021549,1.19,"€7,93/kg",Frutorra,"Frescos/Frutas/Frutos Secos, Desidratados e Sementes/Frutos Secos",https://www.continente.pt/dw/image/v2/BDVS_PRD/on/demandware.static/-/Sites-col-master-catalog/default/dw45b28fdb/images/col/802/8021549-frente.jpg?sw=280&sh=280,emb. 150 gr,https://www.continente.pt/produto/amendoim-frito-com-piripiri-frutorra-8021549.html,frescos,2025-04-21,Continente
Bolachas de Chocolate e Amendoim,5888325,2.89,"€14,45/kg",Da Nossa Pastelaria,Frescos/Padaria e Pastelaria/Biscoitos,https://www.continente.pt/dw/image/v2/BDVS_PRD/on/demandware.static/-/Sites-col-master-catalog/default/dw59361e2d/images/col/588/5888325-cima.jpg?sw=280&sh=280,emb. 200 gr,https://www.continente.pt/produto/bolachas-de-chocolate-e-amendoim-da-nossa-pastelaria-5888325.html,frescos,2025-04-21,Continente
Fiambre Italiano Fatiado,8077966,3.39,"€42,38/kg",Corte del Gusto,"Frescos/Charcutaria/Fiambre, Mortadela e Salame/Fiambre de Porco",https://www.continente.pt/dw/image/v2/BDVS_PRD/on/demandware.static/-/Sites-col-master-catalog/default/dwc8ffcbb3/images/col/807/8077966-topshot.jpg?sw=280&sh=280,emb. 80 gr,https://www.continente.pt/produto/fiambre-italiano-fatiado-corte-del-gusto-8077966.html,frescos,2025-04-21,Continente
Palmier XL,8035302,1.0,"€4,55/kg",,Frescos/Padaria e Pastelaria/Pastelaria Sortida,https://www.continente.pt/dw/image/v2/BDVS_PRD/on/demandware.static/-/Sites-col-master-catalog/default/dw9064649b/images/col/803/8035302-cima-conj.jpg?sw=280&sh=280,1 un,https://www.continente.pt/produto/palmier-xl-8035302.html,frescos,2025-04-21,Continente
Bacalhau Espiritual,7706625,11.99,"€3,00/un",Cozinha Continente,Frescos/Take Away/Refeições Prontas/Peixe e Marisco,https://www.continente.pt/dw/image/v2/BDVS_PRD/on/demandware.static/-/Sites-col-master-catalog/default/dw1a38cac0/images/col/770/7706625-amb.jpg?sw=280&sh=280,Quant. Mínima = 250 gr,https://www.continente.pt/produto/bacalhau-espiritual-cozinha-continente-7706625.html,frescos,2025-04-21,Continente
Miolo de Noz,7226470,1.19,"€23,80/kg",Continente,"Frescos/Frutas/Frutos Secos, Desidratados e Sementes/Frutos Secos",https://www.continente.pt/dw/image/v2/BDVS_PRD/on/demandware.static/-/Sites-col-master-catalog/default/dw1805d59d/images/col/722/7226470-frente.jpg?sw=280&sh=280,emb. 50 gr,https://www.continente.pt/produto/miolo-de-noz-continente-7226470.html,frescos,2025-04-21,Continente
Torresmos Fatias Finas,7648279,1.99,"€13,27/kg",Continente,Frescos/Charcutaria/Bacon e Fumados,https://www.continente.pt/dw/image/v2/BDVS_PRD/on/demandware.static/-/Sites-col-master-catalog/default/dwadef9e66/images/col/764/7648279-frente.jpg?sw=280&sh=280,emb. 150 gr,https://www.continente.pt/produto/torresmos-fatias-finas-continente-7648279.html,frescos,2025-04-21,Continente
Maminha de Bovino Inteira,7201650,14.99,"€21,44/un",Angus,"Frescos/Talho/Novilho, Vitela e Vitelão",https://www.continente.pt/dw/image/v2/BDVS_PRD/on/demandware.static/-/Sites-col-master-catalog/default/dw1b6ba2ce/images/col/720/7201650-frente.jpg?sw=280&sh=280,"emb. 1,43 kg (aprox.)",https://www.continente.pt/produto/maminha-de-bovino-inteira-angus-7201650.html,frescos,2025-04-21,Continente
Bife de Atum Fresco,7629112,4.49,"€22,45/kg",Continente,"Frescos/Peixaria/Filetes, Lombos e Postas/Fresco",https://www.continente.pt/dw/image/v2/BDVS_PRD/on/demandware.static/-/Sites-col-master-catalog/default/dw960949dd/images/col/762/7629112-frente.jpg?sw=280&sh=280,emb. 200 gr,https://www.continente.pt/produto/bife-de-atum-fresco-continente-7629112.html,frescos,2025-04-21,Continente
Moelas de Frango Congeladas,4585920,1.99,"€1,99/kg",Perdix,Frescos/Talho/Frango e Peru,https://www.continente.pt/dw/image/v2/BDVS_PRD/on/demandware.static/-/Sites-col-master-catalog/default/dw88f37fda/images/col/458/4585920-frente.jpg?sw=280&sh=280,emb. 1 kg,https://www.continente.pt/produto/moelas-de-frango-congeladas-perdix-4585920.html,frescos,2025-04-21,Continente
Lombinho de Porco 4 Pimentas,7479365,13.99,"€9,09/un",ElPozo,Frescos/Talho/Pronto a Cozinhar,https://www.continente.pt/dw/image/v2/BDVS_PRD/on/demandware.static/-/Sites-col-master-catalog/default/dwa74dfa0b/images/col/747/7479365-frente.jpg?sw=280&sh=280,emb. 650 gr (aprox.),https://www.continente.pt/produto/lombinho-de-porco-4-pimentas-elpozo-7479365.html,frescos,2025-04-21,Continente
Queijo de Mistura Curado,2466774,3.79,"€19,95/kg",Santiago,Frescos/Queijos/Curado,https://www.continente.pt/dw/image/v2/BDVS_PRD/on/demandware.static/-/Sites-col-master-catalog/default/dw61dc2c39/images/col/246/2466774-frente.jpg?sw=280&sh=280,emb. 190 gr,https://www.continente.pt/produto/queijo-de-mistura-curado-santiago-2466774.html,frescos,2025-04-21,Continente
Bacon Extra Naco Fumado,6989466,2.69,"€13,45/kg",Continente,Frescos/Charcutaria/Bacon e Fumados,https://www.continente.pt/dw/image/v2/BDVS_PRD/on/demandware.static/-/Sites-col-master-catalog/default/dwf6f4a76c/images/col/698/6989466-frente.jpg?sw=280&sh=280,emb. 200 gr,https://www.continente.pt/produto/bacon-extra-naco-fumado-continente-6989466.html,frescos,2025-04-21,Continente
Caju Cru de Moçambique,7458827,3.99,"€19,95/kg",Os Originais,"Frescos/Frutas/Frutos Secos, Desidratados e Sementes/Frutos Secos",https://www.continente.pt/dw/image/v2/BDVS_PRD/on/demandware.static/-/Sites-col-master-catalog/default/dwca00a2ac/images/col/745/7458827-cima.jpg?sw=280&sh=280,emb. 200 gr,https://www.continente.pt/produto/caju-cru-de-mocambique-os-originais-7458827.html,frescos,2025-04-21,Continente
Chouriço Corrente,6759593,2.79,"€13,95/kg",Damatta,Frescos/Charcutaria/Chouriço e Morcela,https://www.continente.pt/dw/image/v2/BDVS_PRD/on/demandware.static/-/Sites-col-master-catalog/default/dw26630702/images/col/675/6759593-frente.png?sw=280&sh=280,emb. 200 gr,https://www.continente.pt/produto/chourico-corrente-damatta-6759593.html,frescos,2025-04-21,Continente
Posta de Cação Higienizada Congelado,7949863,9.99,"€1,50/un",Filmar,Frescos/Peixaria/Peixe Congelado,https://www.continente.pt/dw/image/v2/BDVS_PRD/on/demandware.static/-/Sites-col-master-catalog/default/dw7ab5c74c/images/col/794/7949863-topshot.jpg?sw=280&sh=280,Quant. Mínima = 150 gr,https://www.continente.pt/produto/posta-de-cacao-higienizada-congelado-filmar-7949863.html,frescos,2025-04-21,Continente
Mortadela de Porco com Azeitonas Mini,6074508,1.99,"€6,63/kg",ElPozo,"Frescos/Charcutaria/Fiambre, Mortadela e Salame/Mortadela e Salame",https://www.continente.pt/dw/image/v2/BDVS_PRD/on/demandware.static/-/Sites-col-master-catalog/default/dw89f00a94/images/col/607/6074508-frente.png?sw=280&sh=280,emb. 300 gr,https://www.continente.pt/produto/mortadela-de-porco-com-azeitonas-mini-elpozo-6074508.html,frescos,2025-04-21,Continente
Noz com Casca,7051650,6.99,"€1,26/un",Continente,"Frescos/Frutas/Frutos Secos, Desidratados e Sementes/Frutos Secos",https://www.continente.pt/dw/image/v2/BDVS_PRD/on/demandware.static/-/Sites-col-master-catalog/default/dwbcb87530/images/col/705/7051650-cima.jpg?sw=280&sh=280,Quant. Mínima = 180 gr,https://www.continente.pt/produto/noz-com-casca-continente-7051650.html,frescos,2025-04-21,Continente
Tentáculos de Pota Cozidos Congelados,7103164,8.99,"€22,48/kg",Continente,"Frescos/Peixaria/Polvo, Lulas e Chocos/Congelado",https://www.continente.pt/dw/image/v2/BDVS_PRD/on/demandware.static/-/Sites-col-master-catalog/default/dw890c0c06/images/col/710/7103164-frente.jpg?sw=280&sh=280,emb. 400 gr,https://www.continente.pt/produto/tentaculos-de-pota-cozidos-congelados-continente-7103164.html,frescos,2025-04-21,Continente
Queijo Flamengo Quarto,7694491,3.99,"€11,40/kg",Agros,Frescos/Queijos/Fatiado e Bolas,https://www.continente.pt/dw/image/v2/BDVS_PRD/on/demandware.static/-/Sites-col-master-catalog/default/dw64375300/images/col/769/7694491-esquerdo.jpg?sw=280&sh=280,emb. 350 gr,https://www.continente.pt/produto/queijo-flamengo-quarto-agros-7694491.html,frescos,2025-04-21,Continente
Lombo Fatiado de Porco Duroc,7189786,6.99,"€3,50/un",Continente Seleção,Frescos/Talho/Porco,https://www.continente.pt/dw/image/v2/BDVS_PRD/on/demandware.static/-/Sites-col-master-catalog/default/dw5d91b121/images/col/718/7189786-topshot.jpg?sw=280&sh=280,emb. 500 gr (aprox.),https://www.continente.pt/produto/lombo-fatiado-de-porco-duroc-continente-selecao-7189786.html,frescos,2025-04-21,Continente
"Tábua Lombo, Cachaço e Paio Fatiados",7323826,2.99,"€37,38/kg",Beira Lamego,Frescos/Charcutaria/Tábuas e Aperitivos,https://www.continente.pt/dw/image/v2/BDVS_PRD/on/demandware.static/-/Sites-col-master-catalog/default/dwd4bf0bc9/images/col/732/7323826-frente.jpg?sw=280&sh=280,emb. 80 gr,https://www.continente.pt/produto/tabua-lombo-cachaco-e-paio-fatiados-beira-lamego-7323826.html,frescos,2025-04-21,Continente
Metades de Frango do Campo,2818829,4.29,"€3,95/un",Continente Seleção,Frescos/Talho/Frango e Peru,https://www.continente.pt/dw/image/v2/BDVS_PRD/on/demandware.static/-/Sites-col-master-catalog/default/dw5deae19b/images/col/281/2818829-frente.jpg?sw=280&sh=280,emb. 920 gr (aprox.),https://www.continente.pt/produto/metades-de-frango-do-campo-continente-selecao-2818829.html,frescos,2025-04-21,Continente
Popia Alentejana,2847425,3.29,"€9,40/kg",Pastelinhos de Safara,Frescos/Padaria e Pastelaria/Biscoitos,https://www.continente.pt/dw/image/v2/BDVS_PRD/on/demandware.static/-/Sites-col-master-catalog/default/dw68f49c98/images/col/284/2847425-frente.jpg?sw=280&sh=280,emb. 350 gr,https://www.continente.pt/produto/popia-alentejana-pastelinhos-de-safara-2847425.html,frescos,2025-04-21,Continente
Medalhões de Pescada do Cabo Ultracongelada,5477664,30.95,"€15,48/kg",Pescanova,"Frescos/Peixaria/Filetes, Lombos e Postas/Congelado",https://www.continente.pt/dw/image/v2/BDVS_PRD/on/demandware.static/-/Sites-col-master-catalog/default/dwff41666a/images/col/547/5477664-direito.jpg?sw=280&sh=280,emb. 2 kg,https://www.continente.pt/produto/medalhoes-de-pescada-do-cabo-ultracongelada-pescanova-5477664.html,frescos,2025-04-21,Continente
Pepperoni Fatias,6914609,3.79,"€47,38/kg",Corte del Gusto,"Frescos/Charcutaria/Salpicão, Paio e Fuet",https://www.continente.pt/dw/image/v2/BDVS_PRD/on/demandware.static/-/Sites-col-master-catalog/default/dwd35a0345/images/col/691/6914609-frente.jpg?sw=280&sh=280,emb. 80 gr,https://www.continente.pt/produto/pepperoni-fatias-corte-del-gusto-6914609.html,frescos,2025-04-21,Continente
Queijo Fresco para Barrar sem Lactose,8068516,1.99,"€13,27/kg",Santiago,"Frescos/Queijos/Fresco, Requeijão e Mozzarella",https://www.continente.pt/dw/image/v2/BDVS_PRD/on/demandware.static/-/Sites-col-master-catalog/default/dw37f98163/images/col/806/8068516-frente.jpg?sw=280&sh=280,emb. 150 gr,https://www.continente.pt/produto/queijo-fresco-para-barrar-sem-lactose-santiago-8068516.html,frescos,2025-04-21,Continente
Hambúrguer de Bovino com Queijo e Ervas,7397724,6.29,"€13,10/kg",Continente,Frescos/Talho/Pronto a Cozinhar,https://www.continente.pt/dw/image/v2/BDVS_PRD/on/demandware.static/-/Sites-col-master-catalog/default/dw05a76356/images/col/739/7397724-frente.jpg?sw=280&sh=280,4 un x 120 gr (480 gr),https://www.continente.pt/produto/hamburguer-de-bovino-com-queijo-e-ervas-continente-7397724.html,frescos,2025-04-21,Continente
Pão de Forma Assinatura,8157057,1.69,"€3,38/kg",,Frescos/Padaria e Pastelaria/Pão do Dia e Broa,https://www.continente.pt/dw/image/v2/BDVS_PRD/on/demandware.static/-/Sites-col-master-catalog/default/dw9c0bf4ba/images/col/815/8157057-cima-acessorio.png?sw=280&sh=280,emb. 500 gr (1 un),https://www.continente.pt/produto/pao-de-forma-assinatura-8157057.html,frescos,2025-04-21,Continente
Asas de Frango,7069744,2.89,"€1,73/un",Continente,Frescos/Talho/Frango e Peru,https://www.continente.pt/dw/image/v2/BDVS_PRD/on/demandware.static/-/Sites-col-master-catalog/default/dwbfadc76d/images/col/706/7069744-frente.jpg?sw=280&sh=280,emb. 600 gr (aprox.),https://www.continente.pt/produto/asas-de-frango-continente-7069744.html,frescos,2025-04-21,Continente
Chouriço de Carne,6439733,3.99,"€19,95/kg",Quinta dos Fumeiros,Frescos/Charcutaria/Chouriço e Morcela,https://www.continente.pt/dw/image/v2/BDVS_PRD/on/demandware.static/-/Sites-col-master-catalog/default/dw652c6b83/images/col/643/6439733-frente.jpg?sw=280&sh=280,emb. 200 gr,https://www.continente.pt/produto/chourico-de-carne-quinta-dos-fumeiros-6439733.html,frescos,2025-04-21,Continente
Queijo Snack de Vaca,2816557,3.09,"€17,17/kg",Président,Frescos/Queijos/Snacks e Barrar,https://www.continente.pt/dw/image/v2/BDVS_PRD/on/demandware.static/-/Sites-col-master-catalog/default/dw79a75d43/images/col/281/2816557-frente.jpg?sw=280&sh=280,emb. 180 gr,https://www.continente.pt/produto/queijo-snack-de-vaca-president-2816557.html,frescos,2025-04-21,Continente
Farinheira de Lamego,8371443,1.69,"€8,45/kg",Continente,Frescos/Charcutaria/Alheira e Farinheira,https://www.continente.pt/dw/image/v2/BDVS_PRD/on/demandware.static/-/Sites-col-master-catalog/default/dwb5720cde/images/col/837/8371443-frente.jpg?sw=280&sh=280,emb. 200 gr,https://www.continente.pt/produto/farinheira-de-lamego-continente-8371443.html,frescos,2025-04-21,Continente
Sementes de Chia Biológicas,7625008,2.69,"€17,93/kg",Origens Bio,"Frescos/Frutas/Frutos Secos, Desidratados e Sementes/Sementes e Pevides",https://www.continente.pt/dw/image/v2/BDVS_PRD/on/demandware.static/-/Sites-col-master-catalog/default/dw88896aea/images/col/762/7625008-frente.png?sw=280&sh=280,emb. 150 gr,https://www.continente.pt/produto/sementes-de-chia-biologicas-origens-bio-7625008.html,frescos,2025-04-21,Continente
Vuna de Proteína Vegetal,7521286,5.89,"€33,66/kg",Garden Gourmet,Frescos/Take Away/Vegetariano e Vegan,https://www.continente.pt/dw/image/v2/BDVS_PRD/on/demandware.static/-/Sites-col-master-catalog/default/dwcfdd37d8/images/col/752/7521286-frente.jpg?sw=280&sh=280,emb. 175 gr,https://www.continente.pt/produto/vuna-de-proteina-vegetal-garden-gourmet-7521286.html,frescos,2025-04-21,Continente
Moelas de Frango,7069754,4.29,"€2,36/un",Continente,Frescos/Talho/Frango e Peru,https://www.continente.pt/dw/image/v2/BDVS_PRD/on/demandware.static/-/Sites-col-master-catalog/default/dwb665862e/images/col/706/7069754-frente.jpg?sw=280&sh=280,emb. 550 gr (aprox.),https://www.continente.pt/produto/moelas-de-frango-continente-7069754.html,frescos,2025-04-21,Continente
Queijo de Cabra Atabafado,4313152,7.99,"€34,74/kg",Guilherme,Frescos/Queijos/Curado,https://www.continente.pt/dw/image/v2/BDVS_PRD/on/demandware.static/-/Sites-col-master-catalog/default/dw9c17bbfc/images/col/431/4313152-frente.jpg?sw=280&sh=280,emb. 230 gr,https://www.continente.pt/produto/queijo-de-cabra-atabafado-guilherme-4313152.html,frescos,2025-04-21,Continente
Medalhões de Bovino,7303654,14.99,"€6,00/un",Continente,"Frescos/Talho/Novilho, Vitela e Vitelão",https://www.continente.pt/dw/image/v2/BDVS_PRD/on/demandware.static/-/Sites-col-master-catalog/default/dw58f8b620/images/col/730/7303654-frente.jpg?sw=280&sh=280,emb. 400 gr (aprox.),https://www.continente.pt/produto/medalhoes-de-bovino-continente-7303654.html,frescos,2025-04-21,Continente
Lombos de Salmão Ultracongelado,5239653,9.99,"€33,30/kg",Gelpeixe,"Frescos/Peixaria/Filetes, Lombos e Postas/Congelado",https://www.continente.pt/dw/image/v2/BDVS_PRD/on/demandware.static/-/Sites-col-master-catalog/default/dwc6cd7531/images/col/523/5239653-frente.jpg?sw=280&sh=280,emb. 300 gr,https://www.continente.pt/produto/lombos-de-salmao-ultracongelado-gelpeixe-5239653.html,frescos,2025-04-21,Continente
Bife Beijinho de Bovino,7191111,4.49,"€22,45/kg",Angus,"Frescos/Talho/Novilho, Vitela e Vitelão",https://www.continente.pt/dw/image/v2/BDVS_PRD/on/demandware.static/-/Sites-col-master-catalog/default/dwf8947df6/images/col/719/7191111-frente.jpg?sw=280&sh=280,emb. 200 gr,https://www.continente.pt/produto/bife-beijinho-de-bovino-angus-7191111.html,frescos,2025-04-21,Continente
Queijadas de Laranja,5793825,4.99,"€13,86/kg",Regidoce,Frescos/Padaria e Pastelaria/Pastelaria Sortida,https://www.continente.pt/dw/image/v2/BDVS_PRD/on/demandware.static/-/Sites-col-master-catalog/default/dw63ffda8f/images/col/579/5793825-esquerdo.jpg?sw=280&sh=280,emb. 4 un,https://www.continente.pt/produto/queijadas-de-laranja-regidoce-5793825.html,frescos,2025-04-21,Continente
Paloco do Pacífico MSC Desfiado Congelado,8041285,2.94,"€7,35/kg",Riberalves,Frescos/Peixaria/Bacalhau/Congelado,https://www.continente.pt/dw/image/v2/BDVS_PRD/on/demandware.static/-/Sites-col-master-catalog/default/dwbe0dda23/images/col/804/8041285-frente.png?sw=280&sh=280,emb. 400 gr,https://www.continente.pt/produto/paloco-do-pacifico-msc-desfiado-congelado-riberalves-8041285.html,frescos,2025-04-21,Continente
Hambúrguer de Bovino Biológico,7145740,4.79,"€21,38/kg",Biologic,"Bio e Saudável/Biológicos/Peixaria, Talho e Alternativas",https://www.continente.pt/dw/image/v2/BDVS_PRD/on/demandware.static/-/Sites-col-master-catalog/default/dw2cc5a0e1/images/col/714/7145740-cima.jpg?sw=280&sh=280,2 un x 112 gr (224 gr),https://www.continente.pt/produto/hamburguer-de-bovino-biologico-biologic-7145740.html,frescos,2025-04-21,Continente
Porções de Espadarte Fresco,7466994,3.99,"€28,50/kg",,"Frescos/Peixaria/Filetes, Lombos e Postas/Fresco",https://www.continente.pt/dw/image/v2/BDVS_PRD/on/demandware.static/-/Sites-col-master-catalog/default/dw5a1f72d4/images/col/746/7466994-frente.jpg?sw=280&sh=280,emb.140 gr,https://www.continente.pt/produto/porcoes-de-espadarte-fresco-7466994.html,frescos,2025-04-21,Continente
Chouriço Extra,6926211,3.19,"€31,90/kg",Noel,Frescos/Charcutaria/Chouriço e Morcela,https://www.continente.pt/dw/image/v2/BDVS_PRD/on/demandware.static/-/Sites-col-master-catalog/default/dw8c6ba561/images/col/692/6926211-frente.jpg?sw=280&sh=280,emb. 100 gr,https://www.continente.pt/produto/chourico-extra-noel-6926211.html,frescos,2025-04-21,Continente
Patê de Veado com Conhaque,7696338,2.99,"€16,61/kg",Arnaud,Mercearia/Conservas/Patês,https://www.continente.pt/dw/image/v2/BDVS_PRD/on/demandware.static/-/Sites-col-master-catalog/default/dwfe772410/images/col/769/7696338-frente.jpg?sw=280&sh=280,emb. 180 gr,https://www.continente.pt/produto/pate-de-veado-com-conhaque-arnaud-7696338.html,frescos,2025-04-21,Continente
Paio Vermelho de Porco Preto Fatiado,7809247,3.29,"€36,56/kg",Continente Seleção,"Frescos/Charcutaria/Salpicão, Paio e Fuet",https://www.continente.pt/dw/image/v2/BDVS_PRD/on/demandware.static/-/Sites-col-master-catalog/default/dwe28566b3/images/col/780/7809247-cima.jpg?sw=280&sh=280,emb. 90 gr,https://www.continente.pt/produto/paio-vermelho-de-porco-preto-fatiado-continente-selecao-7809247.html,frescos,2025-04-21,Continente
Massa Fresca de Pizza Estilo Americano,5683861,2.59,"€4,71/kg",Continente,Frescos/Padaria e Pastelaria/Massas para Culinária,https://www.continente.pt/dw/image/v2/BDVS_PRD/on/demandware.static/-/Sites-col-master-catalog/default/dwcd27712a/images/col/568/5683861-cima.jpg?sw=280&sh=280,emb. 550 gr,https://www.continente.pt/produto/massa-fresca-de-pizza-estilo-americano-continente-5683861.html,frescos,2025-04-21,Continente
O Nosso Croissant Pistácio,8021710,1.79,"€11,93/kg",Nosso Croissant,Frescos/Padaria e Pastelaria/Croissants e Pães de Leite,https://www.continente.pt/dw/image/v2/BDVS_PRD/on/demandware.static/-/Sites-col-master-catalog/default/dwba7095cc/images/col/802/8021710-frente.jpg?sw=280&sh=280,emb. 147 gr (1 un),https://www.continente.pt/produto/o-nosso-croissant-pistacio-nosso-croissant-8021710.html,frescos,2025-04-21,Continente
Barriga Fumada Forno a Lenha,6319747,3.89,"€25,93/kg",Prisca,Frescos/Charcutaria/Bacon e Fumados,https://www.continente.pt/dw/image/v2/BDVS_PRD/on/demandware.static/-/Sites-col-master-catalog/default/dw4046978d/images/col/631/6319747-frente.jpg?sw=280&sh=280,emb. 150 gr,https://www.continente.pt/produto/barriga-fumada-forno-a-lenha-prisca-6319747.html,frescos,2025-04-21,Continente
Coppa Stagionata Fatiado,7640142,4.99,"€62,38/kg",Levoni,Frescos/Charcutaria/Presunto,https://www.continente.pt/dw/image/v2/BDVS_PRD/on/demandware.static/-/Sites-col-master-catalog/default/dw7dcfb48b/images/col/764/7640142-frente.jpg?sw=280&sh=280,emb. 80 gr,https://www.continente.pt/produto/coppa-stagionata-fatiado-levoni-7640142.html,frescos,2025-04-21,Continente
Presunto Parma 24 Meses de Cura,6490730,6.29,"€78,63/kg",Corte del Gusto,Frescos/Charcutaria/Presunto,https://www.continente.pt/dw/image/v2/BDVS_PRD/on/demandware.static/-/Sites-col-master-catalog/default/dwbca939b0/images/col/649/6490730-frente.jpg?sw=280&sh=280,emb. 80 gr,https://www.continente.pt/produto/presunto-parma-24-meses-de-cura-corte-del-gusto-6490730.html,frescos,2025-04-21,Continente
Azeitona Kalamata,7264219,4.99,"€12,48/kg",Dímitra,Frescos/Legumes/Tremoços e Azeitonas,https://www.continente.pt/dw/image/v2/BDVS_PRD/on/demandware.static/-/Sites-col-master-catalog/default/dw31321ad2/images/col/726/7264219-frente.png?sw=280&sh=280,emb. 400 gr,https://www.continente.pt/produto/azeitona-kalamata-dimitra-7264219.html,frescos,2025-04-21,Continente
"Tábua Paio, Salsichão e Paleta de Porco Preto",7931932,5.99,"€66,56/kg",Continente Seleção,"Frescos/Charcutaria/Salpicão, Paio e Fuet",https://www.continente.pt/dw/image/v2/BDVS_PRD/on/demandware.static/-/Sites-col-master-catalog/default/dwd670bb7d/images/col/793/7931932-frente-fatiado.jpg?sw=280&sh=280,emb. 90 gr,https://www.continente.pt/produto/tabua-paio-salsichao-e-paleta-de-porco-preto-continente-selecao-7931932.html,frescos,2025-04-21,Continente
Lombo de Porco Duroc para Assar,7201834,6.49,"€7,79/un",Continente Seleção,Frescos/Talho/Porco,https://www.continente.pt/dw/image/v2/BDVS_PRD/on/demandware.static/-/Sites-col-master-catalog/default/dw05b24303/images/col/720/7201834-topshot.jpg?sw=280&sh=280,"emb. 1,2 kg (aprox.)",https://www.continente.pt/produto/lombo-de-porco-duroc-para-assar-continente-selecao-7201834.html,frescos,2025-04-21,Continente
Entrecôte de Bovino América do Sul,7739208,6.99,"€34,95/kg",Continente Seleção,"Frescos/Talho/Novilho, Vitela e Vitelão",https://www.continente.pt/dw/image/v2/BDVS_PRD/on/demandware.static/-/Sites-col-master-catalog/default/dwd79a4796/images/col/773/7739208-cima.jpg?sw=280&sh=280,emb. 200 gr,https://www.continente.pt/produto/entrecote-de-bovino-america-do-sul-continente-selecao-7739208.html,frescos,2025-04-21,Continente
Fiambre de Peru Assado Fatiado no Balcão,8127111,21.95,"€2,20/un",ElPozo,"Frescos/Charcutaria/Fiambre, Mortadela e Salame/Fiambre de Aves",https://www.continente.pt/dw/image/v2/BDVS_PRD/on/demandware.static/-/Sites-col-master-catalog/default/dw137f2c06/images/col/812/8127111-frente.jpg?sw=280&sh=280,Quant. Mínima = 100 gr (aprox. 6 fatias),https://www.continente.pt/produto/fiambre-de-peru-assado-fatiado-no-balcao-elpozo-8127111.html,frescos,2025-04-21,Continente
Mix de Frutos Secos Natural,8021448,2.49,"€16,60/kg",Frutorra,"Frescos/Frutas/Frutos Secos, Desidratados e Sementes/Frutos Secos",https://www.continente.pt/dw/image/v2/BDVS_PRD/on/demandware.static/-/Sites-col-master-catalog/default/dwb27ed159/images/col/802/8021448-frente.jpg?sw=280&sh=280,emb. 150 gr,https://www.continente.pt/produto/mix-de-frutos-secos-natural-frutorra-8021448.html,frescos,2025-04-21,Continente
Queijo Gorgonzola Dolce DOP,7324625,4.49,"€22,45/kg",Arrigoni,Frescos/Queijos/Queijos do Mundo,https://www.continente.pt/dw/image/v2/BDVS_PRD/on/demandware.static/-/Sites-col-master-catalog/default/dw262d44fd/images/col/732/7324625-frente.jpg?sw=280&sh=280,emb. 200 gr,https://www.continente.pt/produto/queijo-gorgonzola-dolce-dop-arrigoni-7324625.html,frescos,2025-04-21,Continente
Mistura de Sementes para Saladas Biológica,6625971,1.99,"€9,95/kg",Continente Bio,"Frescos/Frutas/Frutos Secos, Desidratados e Sementes/Sementes e Pevides",https://www.continente.pt/dw/image/v2/BDVS_PRD/on/demandware.static/-/Sites-col-master-catalog/default/dw5ca281a4/images/col/662/6625971-frente.jpg?sw=280&sh=280,emb. 200 gr,https://www.continente.pt/produto/mistura-de-sementes-para-saladas-biologica-continente-bio-6625971.html,frescos,2025-04-21,Continente
Queijo de Cabra Atabafado,2965697,4.99,"€27,72/kg",Quinta do Olival,Frescos/Queijos/Curado,https://www.continente.pt/dw/image/v2/BDVS_PRD/on/demandware.static/-/Sites-col-master-catalog/default/dwbbaba7a5/images/col/296/2965697-frente.jpg?sw=280&sh=280,2 un x 90 gr (180 gr),https://www.continente.pt/produto/queijo-de-cabra-atabafado-quinta-do-olival-2965697.html,frescos,2025-04-21,Continente
Queijo de Cabra Atabafado,3041222,5.85,"€25,43/kg",Capricórnio,Frescos/Queijos/Curado,https://www.continente.pt/dw/image/v2/BDVS_PRD/on/demandware.static/-/Sites-col-master-catalog/default/dw62a54e8c/images/col/304/3041222-frente.jpg?sw=280&sh=280,emb. 230 gr (aprox.),https://www.continente.pt/produto/queijo-de-cabra-atabafado-capricornio-3041222.html,frescos,2025-04-21,Continente
Cachaço de Novilho Balcão,6870573,12.99,"€7,79/un",Angus,"Frescos/Talho/Novilho, Vitela e Vitelão",https://www.continente.pt/dw/image/v2/BDVS_PRD/on/demandware.static/-/Sites-col-master-catalog/default/dwe9f48ddd/images/col/687/6870573-frente.jpg?sw=280&sh=280,Quant. Mínima = 600 gr (1 un),https://www.continente.pt/produto/cachaco-de-novilho-balcao-angus-6870573.html,frescos,2025-04-21,Continente
Mistura de Sementes,8117164,1.99,"€9,95/kg",Continente,"Frescos/Frutas/Frutos Secos, Desidratados e Sementes/Sementes e Pevides",https://www.continente.pt/dw/image/v2/BDVS_PRD/on/demandware.static/-/Sites-col-master-catalog/default/dw2e3e6e8e/images/col/811/8117164-frente.jpg?sw=280&sh=280,emb. 200 gr,https://www.continente.pt/produto/mistura-de-sementes-continente-8117164.html,frescos,2025-04-21,Continente
Salsichas Aves com Queijo,5423139,1.49,"€9,93/kg",Wudy,Frescos/Charcutaria/Salsichas e Linguiças,https://www.continente.pt/dw/image/v2/BDVS_PRD/on/demandware.static/-/Sites-col-master-catalog/default/dw0d39372f/images/col/542/5423139-frente.jpg?sw=280&sh=280,emb. 150 gr,https://www.continente.pt/produto/salsichas-aves-com-queijo-wudy-5423139.html,frescos,2025-04-21,Continente
Novilho para Assar Balcão,6900723,12.99,"€7,79/un",Angus,"Frescos/Talho/Novilho, Vitela e Vitelão",https://www.continente.pt/dw/image/v2/BDVS_PRD/on/demandware.static/-/Sites-col-master-catalog/default/dw9873a205/col/690/6900723.jpg?sw=280&sh=280,Quant. Mínima = 600 gr (1 un),https://www.continente.pt/produto/novilho-para-assar-balcao-angus-6900723.html,frescos,2025-04-21,Continente
Alheira de Galo,5671891,2.99,"€16,61/kg",Minho Fumeiro,Frescos/Charcutaria/Alheira e Farinheira,https://www.continente.pt/dw/image/v2/BDVS_PRD/on/demandware.static/-/Sites-col-master-catalog/default/dw8ee73ee9/images/col/567/5671891-frente.jpg?sw=280&sh=280,emb. 180 gr,https://www.continente.pt/produto/alheira-de-galo-minho-fumeiro-5671891.html,frescos,2025-04-21,Continente
Morcela para Assar do Fundão,5165496,2.09,"€10,45/kg",Continente,Frescos/Charcutaria/Chouriço e Morcela,https://www.continente.pt/dw/image/v2/BDVS_PRD/on/demandware.static/-/Sites-col-master-catalog/default/dwe1f37d57/images/col/516/5165496-frente.jpg?sw=280&sh=280,emb. 200 gr,https://www.continente.pt/produto/morcela-para-assar-do-fundao-continente-5165496.html,frescos,2025-04-21,Continente
Mini Croissant Folhado,7817922,1.99,"€8,29/kg",Continente,Frescos/Padaria e Pastelaria/Croissants e Pães de Leite,https://www.continente.pt/dw/image/v2/BDVS_PRD/on/demandware.static/-/Sites-col-master-catalog/default/dw4bfaa8bb/images/col/781/7817922-cima.jpg?sw=280&sh=280,emb. 8 un,https://www.continente.pt/produto/mini-croissant-folhado-continente-7817922.html,frescos,2025-04-21,Continente
Bacalhau Graúdo da Noruega,6915298,17.99,"€46,77/un",Pescanova,Frescos/Peixaria/Bacalhau/Seco,https://www.continente.pt/dw/image/v2/BDVS_PRD/on/demandware.static/-/Sites-col-master-catalog/default/dw5eb9ca5a/images/col/691/6915298-frente.jpg?sw=280&sh=280,Quant. Mínima = 1 un (2 a 3 kg),https://www.continente.pt/produto/bacalhau-graudo-da-noruega-pescanova-6915298.html,frescos,2025-04-21,Continente
Presunto Fatiado 15 Meses de Cura,7614722,3.49,"€34,90/kg",Casa do Monte,Frescos/Charcutaria/Presunto,https://www.continente.pt/dw/image/v2/BDVS_PRD/on/demandware.static/-/Sites-col-master-catalog/default/dw7889e1d6/images/col/761/7614722-frente.jpg?sw=280&sh=280,emb. 100 gr,https://www.continente.pt/produto/presunto-fatiado-15-meses-de-cura-casa-do-monte-7614722.html,frescos,2025-04-21,Continente
Tâmara Seca com Caroço,8112022,1.19,"€5,95/kg",Continente,"Frescos/Frutas/Frutos Secos, Desidratados e Sementes/Frutos Desidratados",https://www.continente.pt/dw/image/v2/BDVS_PRD/on/demandware.static/-/Sites-col-master-catalog/default/dw7e2af3bc/images/col/811/8112022-topshot.png?sw=280&sh=280,emb. 200 gr,https://www.continente.pt/produto/tamara-seca-com-caroco-continente-8112022.html,frescos,2025-04-21,Continente
Bifinhos da Perna de Porco Finíssimos,5324062,1.99,"€7,96/kg",Continente,Frescos/Talho/Porco,https://www.continente.pt/dw/image/v2/BDVS_PRD/on/demandware.static/-/Sites-col-master-catalog/default/dw26ed07ba/images/col/532/5324062-frente.jpg?sw=280&sh=280,emb. 250 gr,https://www.continente.pt/produto/bifinhos-da-perna-de-porco-finissimos-continente-5324062.html,frescos,2025-04-21,Continente
Hambúrguer 100% Picanha Congelado,7680482,7.79,"€13,91/kg",Deliciosa,Frescos/Talho/Pronto a Cozinhar,https://www.continente.pt/dw/image/v2/BDVS_PRD/on/demandware.static/-/Sites-col-master-catalog/default/dw0b0a4c71/images/col/768/7680482-frente.jpg?sw=280&sh=280,4 un x 140 gr (560 gr),https://www.continente.pt/produto/hamburguer-100--picanha-congelado-deliciosa-7680482.html,frescos,2025-04-21,Continente
Queijo Edam sem Lactose Fatiado,5582225,1.79,"€11,93/kg",Continente,Frescos/Queijos/Fatiado e Bolas,https://www.continente.pt/dw/image/v2/BDVS_PRD/on/demandware.static/-/Sites-col-master-catalog/default/dw9d95abcd/images/col/558/5582225-frente.jpg?sw=280&sh=280,emb. 150 gr,https://www.continente.pt/produto/queijo-edam-sem-lactose-fatiado-continente-5582225.html,frescos,2025-04-21,Continente
Pão Fitness,2732309,1.99,"€3,98/kg",Mestemacher,Frescos/Padaria e Pastelaria/Pão de Forma e Embalado,https://www.continente.pt/dw/image/v2/BDVS_PRD/on/demandware.static/-/Sites-col-master-catalog/default/dw0af5b5b6/images/col/273/2732309-frente.jpg?sw=280&sh=280,emb. 500 gr,https://www.continente.pt/produto/pao-fitness-mestemacher-2732309.html,frescos,2025-04-21,Continente
Paio do Lombo de Arganil,5053311,7.99,"€22,83/kg",Continente,"Frescos/Charcutaria/Salpicão, Paio e Fuet",https://www.continente.pt/dw/image/v2/BDVS_PRD/on/demandware.static/-/Sites-col-master-catalog/default/dw37993d45/images/col/505/5053311-frente.jpg?sw=280&sh=280,emb. 350 gr,https://www.continente.pt/produto/paio-do-lombo-de-arganil-continente-5053311.html,frescos,2025-04-21,Continente
Pão de Forma Especial Torradas Rústicas,8030111,1.29,"€2,72/kg",Continente,Frescos/Padaria e Pastelaria/Pão de Forma e Embalado,https://www.continente.pt/dw/image/v2/BDVS_PRD/on/demandware.static/-/Sites-col-master-catalog/default/dwc69fe58e/images/col/803/8030111-frente.jpg?sw=280&sh=280,emb. 475 gr,https://www.continente.pt/produto/pao-de-forma-especial-torradas-rusticas-continente-8030111.html,frescos,2025-04-21,Continente
Inhame,5099121,5.99,"€0,90/un",Continente,"Frescos/Legumes/Cogumelos, Espargos e Exóticos",https://www.continente.pt/dw/image/v2/BDVS_PRD/on/demandware.static/-/Sites-col-master-catalog/default/dwcfdde7cb/images/col/509/5099121-frente.jpg?sw=280&sh=280,Quant. Mínima = 450 gr (3 un),https://www.continente.pt/produto/inhame-continente-5099121.html,frescos,2025-04-21,Continente
Ameixa Seca,7463613,3.49,"€13,96/kg",Os Originais,"Frescos/Frutas/Frutos Secos, Desidratados e Sementes/Frutos Desidratados",https://www.continente.pt/dw/image/v2/BDVS_PRD/on/demandware.static/-/Sites-col-master-catalog/default/dw08561c9a/images/col/746/7463613-cima.jpg?sw=280&sh=280,emb. 250 gr,https://www.continente.pt/produto/ameixa-seca-os-originais-7463613.html,frescos,2025-04-21,Continente
Broa de Milho sem Glúten,8093657,3.79,"€9,48/kg",Museu do Pão,Frescos/Padaria e Pastelaria/Pão do Dia e Broa,https://www.continente.pt/dw/image/v2/BDVS_PRD/on/demandware.static/-/Sites-col-master-catalog/default/dw9ef83638/images/col/809/8093657-topshot.jpg?sw=280&sh=280,emb. 400 gr (1 un),https://www.continente.pt/produto/broa-de-milho-sem-gluten-museu-do-pao-8093657.html,frescos,2025-04-21,Continente
Patê com Ervas Finas,7295667,2.03,"€20,30/kg",Capdevila Exquisite,Mercearia/Conservas/Patês,https://www.continente.pt/dw/image/v2/BDVS_PRD/on/demandware.static/-/Sites-col-master-catalog/default/dwfd2724f8/images/col/729/7295667-frente.jpg?sw=280&sh=280,emb. 100 gr,https://www.continente.pt/produto/pate-com-ervas-finas-capdevila-exquisite-7295667.html,frescos,2025-04-21,Continente
"Salada de Abacaxi, Melão e Melancia",7808752,3.99,"€11,40/kg",Continente,"Frescos/Frutas/Melancia, Melão e Meloa",https://www.continente.pt/dw/image/v2/BDVS_PRD/on/demandware.static/-/Sites-col-master-catalog/default/dwaad71cda/images/col/780/7808752-cima.png?sw=280&sh=280,emb. 350 gr,https://www.continente.pt/produto/salada-de-abacaxi-melao-e-melancia-continente-7808752.html,frescos,2025-04-21,Continente
Gengibre Desidratado,8112447,2.59,"€12,95/kg",Continente,"Frescos/Frutas/Frutos Secos, Desidratados e Sementes/Frutos Desidratados",https://www.continente.pt/dw/image/v2/BDVS_PRD/on/demandware.static/-/Sites-col-master-catalog/default/dw193832cb/images/col/811/8112447-frente.jpg?sw=280&sh=280,emb. 200 gr,https://www.continente.pt/produto/gengibre-desidratado-continente-8112447.html,frescos,2025-04-21,Continente
Posta de Corvina Higienizada Congelada,5773171,13.99,"€3,50/un",,"Frescos/Peixaria/Filetes, Lombos e Postas/Congelado",https://www.continente.pt/dw/image/v2/BDVS_PRD/on/demandware.static/-/Sites-col-master-catalog/default/dweb7e4999/images/col/577/5773171-cima.jpg?sw=280&sh=280,emb. 250 gr,https://www.continente.pt/produto/posta-de-corvina-higienizada-congelada-5773171.html,frescos,2025-04-21,Continente
Pastéis de Feijão,3835573,3.09,"€8,83/kg",Continente,Frescos/Padaria e Pastelaria/Pastelaria Sortida,https://www.continente.pt/dw/image/v2/BDVS_PRD/on/demandware.static/-/Sites-col-master-catalog/default/dw7731cb94/images/col/383/3835573-frente.jpg?sw=280&sh=280,emb. 350 gr,https://www.continente.pt/produto/pasteis-de-feijao-continente-3835573.html,frescos,2025-04-21,Continente
Posta de Peixe Espada Preto Fresca,4391965,12.99,"€4,55/un",,"Frescos/Peixaria/Filetes, Lombos e Postas/Fresco",https://www.continente.pt/dw/image/v2/BDVS_PRD/on/demandware.static/-/Sites-col-master-catalog/default/dwadbb2a76/images/col/439/4391965-frente.jpg?sw=280&sh=280,Quant. Mínima = 700 gr (2 un),https://www.continente.pt/produto/posta-de-peixe-espada-preto-fresca-4391965.html,frescos,2025-04-21,Continente
Bacalhau com Natas,8113028,8.99,"€12,84/kg",Cozinha Continente,Frescos/Take Away/Refeições Prontas/Peixe e Marisco,https://www.continente.pt/dw/image/v2/BDVS_PRD/on/demandware.static/-/Sites-col-master-catalog/default/dwc831f5fb/images/col/811/8113028-frente.jpg?sw=280&sh=280,emb. 700 gr,https://www.continente.pt/produto/bacalhau-com-natas-cozinha-continente-8113028.html,frescos,2025-04-21,Continente
Queijo de Vaca Balcão,7918472,31.59,"€6,32/un",Saint Albray,Frescos/Queijos/Queijos do Mundo,https://www.continente.pt/dw/image/v2/BDVS_PRD/on/demandware.static/-/Sites-col-master-catalog/default/dw464686b9/images/col/791/7918472-frente.jpg?sw=280&sh=280,Quant. Mínima = 200 gr,https://www.continente.pt/produto/queijo-de-vaca-balcao-saint-albray-7918472.html,frescos,2025-04-21,Continente
Pizza Fresca Vegetariana,7554204,2.79,"€6,98/kg",Continente,Frescos/Take Away/Pizzas,https://www.continente.pt/dw/image/v2/BDVS_PRD/on/demandware.static/-/Sites-col-master-catalog/default/dwb9048487/images/col/755/7554204-frente.png?sw=280&sh=280,emb. 400 gr,https://www.continente.pt/produto/pizza-fresca-vegetariana-continente-7554204.html,frescos,2025-04-21,Continente
Salada Bistrot,7797949,1.75,"€17,50/kg",Vitacress,"Frescos/Legumes/Saladas, Sopas e Salteados",https://www.continente.pt/dw/image/v2/BDVS_PRD/on/demandware.static/-/Sites-col-master-catalog/default/dw51ff9d15/images/col/779/7797949-frente.jpg?sw=280&sh=280,emb. 100 gr,https://www.continente.pt/produto/salada-bistrot-vitacress-7797949.html,frescos,2025-04-21,Continente
Flautas de Bacon e 2 Queijos,7198208,2.69,"€12,23/kg",El Chefe en Casa,"Frescos/Take Away/Grab&Go/Hambúrgueres, Sandes e Wraps",https://www.continente.pt/dw/image/v2/BDVS_PRD/on/demandware.static/-/Sites-col-master-catalog/default/dw73d5dd6f/images/col/719/7198208-frente.jpg?sw=280&sh=280,emb. 220 gr (2 un),https://www.continente.pt/produto/flautas-de-bacon-e-2-queijos-el-chefe-en-casa-7198208.html,frescos,2025-04-21,Continente
Queijo de Vaca Haute Fromagerie Balcão,7918246,29.99,"€6,00/un",Saint Agur,Frescos/Queijos/Queijos do Mundo,https://www.continente.pt/dw/image/v2/BDVS_PRD/on/demandware.static/-/Sites-col-master-catalog/default/dw70bea1c7/images/col/791/7918246-frente.jpg?sw=280&sh=280,Quant. Mínima = 200 gr,https://www.continente.pt/produto/queijo-de-vaca-haute-fromagerie-balcao-saint-agur-7918246.html,frescos,2025-04-21,Continente
Brioche de Leite,6590457,3.0,"€10,71/kg",Continente,Frescos/Padaria e Pastelaria/Croissants e Pães de Leite,https://www.continente.pt/dw/image/v2/BDVS_PRD/on/demandware.static/-/Sites-col-master-catalog/default/dwb7303276/images/col/659/6590457-frente.jpg?sw=280&sh=280,emb. 280 gr (4 un),https://www.continente.pt/produto/brioche-de-leite-continente-6590457.html,frescos,2025-04-21,Continente
Caldeirada de Bacalhau MSC Demolhado Ultracongelada,7291499,3.99,"€5,70/kg",Continente,Frescos/Peixaria/Bacalhau/Congelado,https://www.continente.pt/dw/image/v2/BDVS_PRD/on/demandware.static/-/Sites-col-master-catalog/default/dw1ab037d8/images/col/729/7291499-frente.jpg?sw=280&sh=280,emb. 700 gr,https://www.continente.pt/produto/caldeirada-de-bacalhau-msc-demolhado-ultracongelada-continente-7291499.html,frescos,2025-04-21,Continente
Pojadouro de Novilho Fatiado no Balcão,6870582,15.99,"€4,00/un",Angus,"Frescos/Talho/Novilho, Vitela e Vitelão",https://www.continente.pt/dw/image/v2/BDVS_PRD/on/demandware.static/-/Sites-col-master-catalog/default/dwfffb94ed/col/687/6870582.jpg?sw=280&sh=280,Quant. Mínima = 500 gr (aprox. 2 fatias),https://www.continente.pt/produto/pojadouro-de-novilho-fatiado-no-balcao-angus-6870582.html,frescos,2025-04-21,Continente
Massa Folhada sem Glúten,5680997,2.63,"€9,39/kg",Pasta do Dia,Frescos/Padaria e Pastelaria/Massas para Culinária,https://www.continente.pt/dw/image/v2/BDVS_PRD/on/demandware.static/-/Sites-col-master-catalog/default/dwb8e91993/images/col/568/5680997-frente.jpg?sw=280&sh=280,emb. 280 gr,https://www.continente.pt/produto/massa-folhada-sem-gluten-pasta-do-dia-5680997.html,frescos,2025-04-21,Continente
Tremoço com Malagueta,8377623,1.95,"€27,86/kg",Tarwi,Frescos/Legumes/Tremoços e Azeitonas,https://www.continente.pt/dw/image/v2/BDVS_PRD/on/demandware.static/-/Sites-col-master-catalog/default/dw5ca6f3c9/images/col/837/8377623-frente.jpg?sw=280&sh=280,emb. 70 gr,https://www.continente.pt/produto/tremoco-com-malagueta-tarwi-8377623.html,frescos,2025-04-21,Continente
Tostas de Tomates e Óregãos sem Glúten,8072440,2.99,"€33,22/kg",Museu do Pão,"Frescos/Padaria e Pastelaria/Tostas, Gressinos e Croutons",https://www.continente.pt/dw/image/v2/BDVS_PRD/on/demandware.static/-/Sites-col-master-catalog/default/dw7fde8130/images/col/807/8072440-topshot.jpg?sw=280&sh=280,emb. 90 gr,https://www.continente.pt/produto/tostas-de-tomates-e-oregaos-sem-gluten-museu-do-pao-8072440.html,frescos,2025-04-21,Continente
Escalope Vegan,7399899,4.39,"€27,44/kg",Nobre Vegalia,Frescos/Take Away/Vegetariano e Vegan/Pronto a Cozinhar,https://www.continente.pt/dw/image/v2/BDVS_PRD/on/demandware.static/-/Sites-col-master-catalog/default/dw6367dd3c/images/col/739/7399899-frente.jpg?sw=280&sh=280,emb. 160 gr (2 un),https://www.continente.pt/produto/escalope-vegan-nobre-vegalia-7399899.html,frescos,2025-04-21,Continente
"Baguete de Queijo Brie, Presunto e Rúcula",8023088,3.19,"€15,19/kg",Cozinha Continente,"Frescos/Take Away/Grab&Go/Hambúrgueres, Sandes e Wraps",https://www.continente.pt/dw/image/v2/BDVS_PRD/on/demandware.static/-/Sites-col-master-catalog/default/dwe419d7cb/images/col/802/8023088-cima-esquerdo.png?sw=280&sh=280,emb. 210 gr,https://www.continente.pt/produto/baguete-de-queijo-brie-presunto-e-rucula-cozinha-continente-8023088.html,frescos,2025-04-21,Continente
Presunto Italiano 9 Meses de Cura,7656233,2.99,"€42,71/kg",Galbani,Frescos/Charcutaria/Presunto,https://www.continente.pt/dw/image/v2/BDVS_PRD/on/demandware.static/-/Sites-col-master-catalog/default/dwfa2b4d35/images/col/765/7656233-cima.jpg?sw=280&sh=280,emb. 70 gr,https://www.continente.pt/produto/presunto-italiano-9-meses-de-cura-galbani-7656233.html,frescos,2025-04-21,Continente
Queijo Gorgonzola Dolce DOP Balcão,7324771,19.99,"€7,00/un",Arrigoni,Frescos/Queijos/Queijos do Mundo,https://www.continente.pt/dw/image/v2/BDVS_PRD/on/demandware.static/-/Sites-col-master-catalog/default/dwb62d4e91/images/col/732/7324771-direito-fatia.jpg?sw=280&sh=280,Quant. Mínima = 350 gr,https://www.continente.pt/produto/queijo-gorgonzola-dolce-dop-balcao-arrigoni-7324771.html,frescos,2025-04-21,Continente
Taboulé Oriental,7496383,2.29,"€4,58/kg",Continente,Frescos/Take Away/Grab&Go/Saladas,https://www.continente.pt/dw/image/v2/BDVS_PRD/on/demandware.static/-/Sites-col-master-catalog/default/dwee49dd39/images/col/749/7496383-frente.jpg?sw=280&sh=280,emb. 500 gr,https://www.continente.pt/produto/taboule-oriental-continente-7496383.html,frescos,2025-04-21,Continente
Queijo Flamengo Fatiado,5580356,2.49,"€13,83/kg",Paiva,Frescos/Queijos/Fatiado e Bolas,https://www.continente.pt/dw/image/v2/BDVS_PRD/on/demandware.static/-/Sites-col-master-catalog/default/dwba77eb36/images/col/558/5580356-frente.jpg?sw=280&sh=280,emb. 180 gr,https://www.continente.pt/produto/queijo-flamengo-fatiado-paiva-5580356.html,frescos,2025-04-21,Continente
Pão Pita,7039621,1.7,"€4,25/kg",Alcione,"Frescos/Padaria e Pastelaria/Pão de Hambúrguer, Cachorro e Wraps",https://www.continente.pt/dw/image/v2/BDVS_PRD/on/demandware.static/-/Sites-col-master-catalog/default/dw853b2a21/images/col/703/7039621-esquerdo.jpg?sw=280&sh=280,emb. 400 gr (6 un),https://www.continente.pt/produto/pao-pita-alcione-7039621.html,frescos,2025-04-21,Continente
Requeijão de Mistura com Doce de Abóbora,7630303,1.69,"€8,45/kg",Herdade da Maia,"Frescos/Queijos/Fresco, Requeijão e Mozzarella",https://www.continente.pt/dw/image/v2/BDVS_PRD/on/demandware.static/-/Sites-col-master-catalog/default/dw0f94688a/images/col/763/7630303-frente-fatia.jpg?sw=280&sh=280,emb. 200 gr,https://www.continente.pt/produto/requeijao-de-mistura-com-doce-de-abobora-herdade-da-maia-7630303.html,frescos,2025-04-21,Continente
Queijo de Vaca Curado Barrado com Pimentão,2485900,9.99,"€5,99/un",Paiva,Frescos/Queijos/Curado,https://www.continente.pt/dw/image/v2/BDVS_PRD/on/demandware.static/-/Sites-col-master-catalog/default/dw5e93e323/images/col/248/2485900-frente.jpg?sw=280&sh=280,Quant. Mínima = 600 gr (1/2 queijo),https://www.continente.pt/produto/queijo-de-vaca-curado-barrado-com-pimentao-paiva-2485900.html,frescos,2025-04-21,Continente
Pimento Padrão Biológico,5593353,3.19,"€12,76/kg",Continente Bio,"Frescos/Legumes/Alface, Tomate, Pepino e Pimento",https://www.continente.pt/dw/image/v2/BDVS_PRD/on/demandware.static/-/Sites-col-master-catalog/default/dw5347906b/col/559/5593353.jpg?sw=280&sh=280,emb. 250 gr,https://www.continente.pt/produto/pimento-padrao-biologico-continente-bio-5593353.html,frescos,2025-04-21,Continente
Queijo Cheddar Fatiado,6970343,9.99,"€12,49/kg",Campainha,Frescos/Queijos/Fatiado e Bolas,https://www.continente.pt/dw/image/v2/BDVS_PRD/on/demandware.static/-/Sites-col-master-catalog/default/dw92d7a526/images/col/697/6970343-topshot.jpg?sw=280&sh=280,2 un x 400 gr (800 gr),https://www.continente.pt/produto/queijo-cheddar-fatiado-campainha-6970343.html,frescos,2025-04-21,Continente
Presunto de Porco Preto Lascas 30 Meses de Cura,7631011,11.99,"€149,88/kg",Miguel & Miguel,Frescos/Charcutaria/Presunto,https://www.continente.pt/dw/image/v2/BDVS_PRD/on/demandware.static/-/Sites-col-master-catalog/default/dwb5a0a666/images/col/763/7631011-frente.jpg?sw=280&sh=280,emb. 80 gr,https://www.continente.pt/produto/presunto-de-porco-preto-lascas-30-meses-de-cura-miguel-miguel-7631011.html,frescos,2025-04-21,Continente
Lombos de Bacalhau MSC Demolhado Ultracongelado,7291127,32.99,"€27,49/kg",Continente Seleção,Frescos/Peixaria/Bacalhau/Congelado,https://www.continente.pt/dw/image/v2/BDVS_PRD/on/demandware.static/-/Sites-col-master-catalog/default/dw751c016e/images/col/729/7291127-frente.jpg?sw=280&sh=280,"emb. 1,20 kg",https://www.continente.pt/produto/lombos-de-bacalhau-msc-demolhado-ultracongelado-continente-selecao-7291127.html,frescos,2025-04-21,Continente
Mortadela de Porco Siciliana Mini,6075143,1.99,"€6,63/kg",ElPozo,"Frescos/Charcutaria/Fiambre, Mortadela e Salame/Mortadela e Salame",https://www.continente.pt/dw/image/v2/BDVS_PRD/on/demandware.static/-/Sites-col-master-catalog/default/dwcd4d5e83/images/col/607/6075143-frente.png?sw=280&sh=280,emb. 300 gr,https://www.continente.pt/produto/mortadela-de-porco-siciliana-mini-elpozo-6075143.html,frescos,2025-04-21,Continente
Queijo de Vaca da Ilha Graciosa 3 Meses de Cura,7052833,4.69,"€16,75/kg",Milhafre,Frescos/Queijos/Curado,https://www.continente.pt/dw/image/v2/BDVS_PRD/on/demandware.static/-/Sites-col-master-catalog/default/dwb44c049d/images/col/705/7052833-frente.png?sw=280&sh=280,emb. 280 gr,https://www.continente.pt/produto/queijo-de-vaca-da-ilha-graciosa-3-meses-de-cura-milhafre-7052833.html,frescos,2025-04-21,Continente
Pão de Forma Cerealia 100% Integral com Côdea,6927892,1.99,"€5,17/kg",Panrico,Frescos/Padaria e Pastelaria/Pão de Forma e Embalado,https://www.continente.pt/dw/image/v2/BDVS_PRD/on/demandware.static/-/Sites-col-master-catalog/default/dw712a93c2/images/col/692/6927892-frente.jpg?sw=280&sh=280,emb. 385 gr,https://www.continente.pt/produto/pao-de-forma-cerealia-100--integral-com-codea-panrico-6927892.html,frescos,2025-04-21,Continente
Queijo de Vaca Curado Fumado Sem Lactose Fatiado,7984490,2.39,"€15,93/kg",Campainha,Frescos/Queijos/Fatiado e Bolas,https://www.continente.pt/dw/image/v2/BDVS_PRD/on/demandware.static/-/Sites-col-master-catalog/default/dw986939f2/images/col/798/7984490-frente.jpg?sw=280&sh=280,emb. 150 gr,https://www.continente.pt/produto/queijo-de-vaca-curado-fumado-sem-lactose-fatiado-campainha-7984490.html,frescos,2025-04-21,Continente
Presunto Speck Fatiado,8077962,3.99,"€49,88/kg",Corte del Gusto,Frescos/Charcutaria/Presunto,https://www.continente.pt/dw/image/v2/BDVS_PRD/on/demandware.static/-/Sites-col-master-catalog/default/dw0d6804e2/images/col/807/8077962-topshot.png?sw=280&sh=280,emb. 80 gr,https://www.continente.pt/produto/presunto-speck-fatiado-corte-del-gusto-8077962.html,frescos,2025-04-21,Continente
O Nosso Croissant Ovos Moles,7854345,1.79,"€12,34/kg",Nosso Croissant,Frescos/Padaria e Pastelaria/Croissants e Pães de Leite,https://www.continente.pt/dw/image/v2/BDVS_PRD/on/demandware.static/-/Sites-col-master-catalog/default/dw37498a83/images/col/785/7854345-frente.png?sw=280&sh=280,emb. 145 gr (1 un),https://www.continente.pt/produto/o-nosso-croissant-ovos-moles-nosso-croissant-7854345.html,frescos,2025-04-21,Continente
Pera Nashi,2087780,4.99,"€1,30/un",Continente,"Frescos/Frutas/Banana, Maçã e Pera",https://www.continente.pt/dw/image/v2/BDVS_PRD/on/demandware.static/-/Sites-col-master-catalog/default/dw19fa306d/images/col/208/2087780-frente.jpg?sw=280&sh=280,Quant. Mínima = 520 gr (2 un),https://www.continente.pt/produto/pera-nashi-continente-2087780.html,frescos,2025-04-21,Continente
Salteado de Legumes com Couve Kale,5790229,1.99,"€4,98/kg",Continente,"Frescos/Legumes/Saladas, Sopas e Salteados",https://www.continente.pt/dw/image/v2/BDVS_PRD/on/demandware.static/-/Sites-col-master-catalog/default/dw51a6a35c/images/col/579/5790229-frente.png?sw=280&sh=280,emb. 400 gr,https://www.continente.pt/produto/salteado-de-legumes-com-couve-kale-continente-5790229.html,frescos,2025-04-21,Continente
Batata Assada com Bacon para 4 Pessoas,7721573,6.29,"€6,29/kg",Cozinha Continente,Frescos/Take Away/Refeições Prontas/Acompanhamentos,https://www.continente.pt/dw/image/v2/BDVS_PRD/on/demandware.static/-/Sites-col-master-catalog/default/dw4448ce4a/images/col/772/7721573-topshot.jpg?sw=280&sh=280,emb. 1 kg,https://www.continente.pt/produto/batata-assada-com-bacon-para-4-pessoas-cozinha-continente-7721573.html,frescos,2025-04-21,Continente
Queijo de Mistura Curado,2829542,1.89,"€21,00/kg",Cachopas,Frescos/Queijos/Curado,https://www.continente.pt/dw/image/v2/BDVS_PRD/on/demandware.static/-/Sites-col-master-catalog/default/dw2fa6569e/images/col/282/2829542-cima.jpg?sw=280&sh=280,emb. 90 gr (aprox.),https://www.continente.pt/produto/queijo-de-mistura-curado-cachopas-2829542.html,frescos,2025-04-21,Continente
Maçã Pink Lady Desidratada,7850215,0.99,"€49,50/kg",Frubis,"Frescos/Frutas/Frutos Secos, Desidratados e Sementes/Frutos Desidratados",https://www.continente.pt/dw/image/v2/BDVS_PRD/on/demandware.static/-/Sites-col-master-catalog/default/dw1937653a/images/col/785/7850215-topshot.png?sw=280&sh=280,emb. 20 gr,https://www.continente.pt/produto/maca-pink-lady-desidratada-frubis-7850215.html,frescos,2025-04-21,Continente
Húmus de Tremoço e Tomate Seco,8179611,2.95,"€18,44/kg",Tarwi,Frescos/Take Away/Grab&Go/Pastas e Dips,https://www.continente.pt/dw/image/v2/BDVS_PRD/on/demandware.static/-/Sites-col-master-catalog/default/dw815c0413/images/col/817/8179611-frente.png?sw=280&sh=280,emb. 160 gr,https://www.continente.pt/produto/humus-de-tremoco-e-tomate-seco-tarwi-8179611.html,frescos,2025-04-21,Continente
Cabaz de Legumes Biológico,7650451,9.99,"€2,00/kg",Continente Bio,Frescos/Frutas/Cabazes de Frutas e Legumes,https://www.continente.pt/dw/image/v2/BDVS_PRD/on/demandware.static/-/Sites-col-master-catalog/default/dw779f19f7/images/col/765/7650451-frente.jpg?sw=280&sh=280,emb. 5 kg,https://www.continente.pt/produto/cabaz-de-legumes-biologico-continente-bio-7650451.html,frescos,2025-04-21,Continente
Queijo Minas Frescal,7635704,5.59,"€12,42/kg",Martins & Rebello,Frescos/Queijos/Queijos do Mundo,https://www.continente.pt/dw/image/v2/BDVS_PRD/on/demandware.static/-/Sites-col-master-catalog/default/dwf05ccb7a/images/col/763/7635704-frente.jpg?sw=280&sh=280,emb. 450 gr,https://www.continente.pt/produto/queijo-minas-frescal-martins-rebello-7635704.html,frescos,2025-04-21,Continente
Sementes de Girassol,8117188,1.25,"€6,25/kg",Continente,"Frescos/Frutas/Frutos Secos, Desidratados e Sementes/Sementes e Pevides",https://www.continente.pt/dw/image/v2/BDVS_PRD/on/demandware.static/-/Sites-col-master-catalog/default/dw7c7e0295/images/col/811/8117188-frente.jpg?sw=280&sh=280,emb. 200 gr,https://www.continente.pt/produto/sementes-de-girassol-continente-8117188.html,frescos,2025-04-21,Continente
Salada Bowl Santa Fe,7487162,2.99,"€14,95/kg",Sun&Vegs,Frescos/Take Away/Grab&Go/Saladas,https://www.continente.pt/dw/image/v2/BDVS_PRD/on/demandware.static/-/Sites-col-master-catalog/default/dw4c968df5/images/col/748/7487162-frente.jpg?sw=280&sh=280,emb. 200 gr,https://www.continente.pt/produto/salada-bowl-santa-fe-sun-vegs-7487162.html,frescos,2025-04-21,Continente
Filetes de Red Fish Descongelado,7614615,1.29,"€18,43/kg",,"Frescos/Peixaria/Filetes, Lombos e Postas/Fresco",https://www.continente.pt/dw/image/v2/BDVS_PRD/on/demandware.static/-/Sites-col-master-catalog/default/dwdfd40582/images/col/761/7614615-frente.jpg?sw=280&sh=280,emb. 70 gr,https://www.continente.pt/produto/filetes-de-red-fish-descongelado-7614615.html,frescos,2025-04-21,Continente
Farinheira Serrana,6308149,1.99,"€9,95/kg",Fumeiro da Serra da Estrela,Frescos/Charcutaria/Alheira e Farinheira,https://www.continente.pt/dw/image/v2/BDVS_PRD/on/demandware.static/-/Sites-col-master-catalog/default/dw91f8d72b/images/col/630/6308149-cima.jpg?sw=280&sh=280,emb. 200 gr,https://www.continente.pt/produto/farinheira-serrana-fumeiro-da-serra-da-estrela-6308149.html,frescos,2025-04-21,Continente
Posta de Raia Congelada,8108509,8.99,"€12,84/kg",,"Frescos/Peixaria/Filetes, Lombos e Postas/Congelado",https://www.continente.pt/dw/image/v2/BDVS_PRD/on/demandware.static/-/Sites-col-master-catalog/default/dw79eb61ac/images/col/810/8108509-topshot-emb.jpg?sw=280&sh=280,emb. 700 gr,https://www.continente.pt/produto/posta-de-raia-congelada-8108509.html,frescos,2025-04-21,Continente
Queijadas de Sintra,2815317,5.79,"€41,96/kg",Casa do Preto,Frescos/Padaria e Pastelaria/Pastelaria Sortida,https://www.continente.pt/dw/image/v2/BDVS_PRD/on/demandware.static/-/Sites-col-master-catalog/default/dw088db5d8/images/col/281/2815317-frente.jpg?sw=280&sh=280,emb. 6 un,https://www.continente.pt/produto/queijadas-de-sintra-casa-do-preto-2815317.html,frescos,2025-04-21,Continente
Queijo Feta DOP Barrel Aged,7830499,3.89,"€25,93/kg",Omiros,Frescos/Queijos/Queijos do Mundo,https://www.continente.pt/dw/image/v2/BDVS_PRD/on/demandware.static/-/Sites-col-master-catalog/default/dw822d466a/images/col/783/7830499-frente.jpg?sw=280&sh=280,emb. 150 gr,https://www.continente.pt/produto/queijo-feta-dop-barrel-aged-omiros-7830499.html,frescos,2025-04-21,Continente
Bolo Podre,5235250,4.99,"€12,48/kg",Textura Alentejana,Frescos/Padaria e Pastelaria/Bolos e Sobremesas,https://www.continente.pt/dw/image/v2/BDVS_PRD/on/demandware.static/-/Sites-col-master-catalog/default/dw9a9250b3/images/col/523/5235250-cima.jpg?sw=280&sh=280,emb. 400 gr,https://www.continente.pt/produto/bolo-podre-textura-alentejana-5235250.html,frescos,2025-04-21,Continente
Queijo Gouda de Cabra Velho Balcão,7925367,25.49,"€5,10/un",Landana,Frescos/Queijos/Queijos do Mundo,https://www.continente.pt/dw/image/v2/BDVS_PRD/on/demandware.static/-/Sites-col-master-catalog/default/dw12be15d3/images/col/792/7925367-frente.jpg?sw=280&sh=280,Quant. Mínima = 200 gr,https://www.continente.pt/produto/queijo-gouda-de-cabra-velho-balcao-landana-7925367.html,frescos,2025-04-21,Continente
Queijo para Barrar com Salmão,5111063,2.49,"€16,60/kg",Philadelphia,Frescos/Queijos/Snacks e Barrar,https://www.continente.pt/dw/image/v2/BDVS_PRD/on/demandware.static/-/Sites-col-master-catalog/default/dwd13ee276/images/col/511/5111063-frente.jpg?sw=280&sh=280,emb. 150 gr,https://www.continente.pt/produto/queijo-para-barrar-com-salmao-philadelphia-5111063.html,frescos,2025-04-21,Continente
Rabo de Bovino Congelado,7304952,11.99,"€11,99/un",Continente,"Frescos/Talho/Novilho, Vitela e Vitelão",https://www.continente.pt/dw/image/v2/BDVS_PRD/on/demandware.static/-/Sites-col-master-catalog/default/dwe5e4723c/images/col/730/7304952-frente.jpg?sw=280&sh=280,emb. 1 kg (aprox.),https://www.continente.pt/produto/rabo-de-bovino-congelado-continente-7304952.html,frescos,2025-04-21,Continente
Francesinha,5001650,6.49,"€12,98/kg",Cozinha Continente,Frescos/Take Away/Refeições Prontas/Carne,https://www.continente.pt/dw/image/v2/BDVS_PRD/on/demandware.static/-/Sites-col-master-catalog/default/dw5a91adcc/images/col/500/5001650-topshot.jpg?sw=280&sh=280,emb. 500 gr,https://www.continente.pt/produto/francesinha-cozinha-continente-5001650.html,frescos,2025-04-21,Continente
Mix Veggie,8025050,1.99,"€19,90/kg",Frutorra,"Frescos/Frutas/Frutos Secos, Desidratados e Sementes/Frutos Secos",https://www.continente.pt/dw/image/v2/BDVS_PRD/on/demandware.static/-/Sites-col-master-catalog/default/dwcc223f82/images/col/802/8025050-frente.jpg?sw=280&sh=280,emb. 100 gr,https://www.continente.pt/produto/mix-veggie-frutorra-8025050.html,frescos,2025-04-21,Continente
Mini Palitos Saladitos,8016404,2.49,"€10,38/kg",Snatts,"Frescos/Padaria e Pastelaria/Tostas, Gressinos e Croutons",https://www.continente.pt/dw/image/v2/BDVS_PRD/on/demandware.static/-/Sites-col-master-catalog/default/dwbf6dc8ea/images/col/801/8016404-frente.jpg?sw=280&sh=280,emb. 240 gr,https://www.continente.pt/produto/mini-palitos-saladitos-snatts-8016404.html,frescos,2025-04-21,Continente
Truta Arco-Íris Fumada,2163912,4.29,"€53,63/gr",Skandia,Frescos/Charcutaria/Salmão Fumado e Especialidades,https://www.continente.pt/dw/image/v2/BDVS_PRD/on/demandware.static/-/Sites-col-master-catalog/default/dw46ae3ef2/images/col/216/2163912-cima.jpg?sw=280&sh=280,emb. 80 gr,https://www.continente.pt/produto/truta-arco-iris-fumada-skandia-2163912.html,frescos,2025-04-21,Continente
Pão de Leite com Pepitas,7822651,2.09,"€10,72/kg",Dulca,Frescos/Padaria e Pastelaria/Croissants e Pães de Leite,https://www.continente.pt/dw/image/v2/BDVS_PRD/on/demandware.static/-/Sites-col-master-catalog/default/dwa73024f3/images/col/782/7822651-cima.jpg?sw=280&sh=280,emb. 195 gr (6 un),https://www.continente.pt/produto/pao-de-leite-com-pepitas-dulca-7822651.html,frescos,2025-04-21,Continente
Preparado de Carne Picada de Vitela Carne Minhota,5772348,7.39,"€18,48/kg",Continente,"Frescos/Talho/Novilho, Vitela e Vitelão",https://www.continente.pt/dw/image/v2/BDVS_PRD/on/demandware.static/-/Sites-col-master-catalog/default/dwfc649c4e/images/col/577/5772348-frente.png?sw=280&sh=280,emb. 400 gr,https://www.continente.pt/produto/preparado-de-carne-picada-de-vitela-carne-minhota-continente-5772348.html,frescos,2025-04-21,Continente
Mini Muffin de Limão Sem Glúten,8037351,2.49,"€20,75/kg",Museu do Pão,Frescos/Padaria e Pastelaria/Pastelaria Sortida,https://www.continente.pt/dw/image/v2/BDVS_PRD/on/demandware.static/-/Sites-col-master-catalog/default/dwca7a20b2/images/col/803/8037351-frente.jpg?sw=280&sh=280,emb. 120 gr,https://www.continente.pt/produto/mini-muffin-de-limao-sem-gluten-museu-do-pao-8037351.html,frescos,2025-04-21,Continente
Entrecôte de Vitelão Mertolengo,6207595,25.99,"€9,62/un",DOP Mertolenga,"Frescos/Talho/Novilho, Vitela e Vitelão",https://www.continente.pt/dw/image/v2/BDVS_PRD/on/demandware.static/-/Sites-col-master-catalog/default/dwa29bc5e6/images/col/620/6207595-frente.jpg?sw=280&sh=280,emb. 370 gr (aprox.),https://www.continente.pt/produto/entrecote-de-vitelao-mertolengo-dop-mertolenga-6207595.html,frescos,2025-04-21,Continente
Broas de Batata Doce,6407158,3.59,"€11,97/kg",Confeitaria Perdigão,Frescos/Padaria e Pastelaria/Biscoitos,https://www.continente.pt/dw/image/v2/BDVS_PRD/on/demandware.static/-/Sites-col-master-catalog/default/dw52450f88/images/col/640/6407158-frente.jpg?sw=280&sh=280,emb. 300 gr,https://www.continente.pt/produto/broas-de-batata-doce-confeitaria-perdigao-6407158.html,frescos,2025-04-21,Continente
Queijo de Vaca Seia Amanteigado,5616187,8.99,"€11,24/kg",Seia do Tavares,Frescos/Queijos/Amanteigado,https://www.continente.pt/dw/image/v2/BDVS_PRD/on/demandware.static/-/Sites-col-master-catalog/default/dw06858ef6/images/col/561/5616187-conj.jpg?sw=280&sh=280,emb. 800 gr (aprox.),https://www.continente.pt/produto/queijo-de-vaca-seia-amanteigado-seia-do-tavares-5616187.html,frescos,2025-04-21,Continente
Bolachas de Sementes de Girassol e Passas,5888382,2.89,"€14,45/kg",Da Nossa Pastelaria,Frescos/Padaria e Pastelaria/Biscoitos,https://www.continente.pt/dw/image/v2/BDVS_PRD/on/demandware.static/-/Sites-col-master-catalog/default/dwe5ef1ae4/images/col/588/5888382-cima.jpg?sw=280&sh=280,emb. 200 gr,https://www.continente.pt/produto/bolachas-de-sementes-de-girassol-e-passas-da-nossa-pastelaria-5888382.html,frescos,2025-04-21,Continente
Arroz à Valenciana para 5 Pessoas,8067706,15.19,"€10,13/kg",Cozinha Continente,Frescos/Take Away/Refeições Prontas/Carne,https://www.continente.pt/dw/image/v2/BDVS_PRD/on/demandware.static/-/Sites-col-master-catalog/default/dw2bd5727f/images/col/806/8067706-topshot.jpg?sw=280&sh=280,"emb. 1,5 kg",https://www.continente.pt/produto/arroz-a-valenciana-para-5-pessoas-cozinha-continente-8067706.html,frescos,2025-04-21,Continente
Almôndegas de Proteína Vegetal,8170036,3.59,"€17,95/kg",Garden Gourmet,Frescos/Take Away/Vegetariano e Vegan/Pronto a Cozinhar,https://www.continente.pt/dw/image/v2/BDVS_PRD/on/demandware.static/-/Sites-col-master-catalog/default/dw3a811226/images/col/817/8170036-frente.jpg?sw=280&sh=280,emb. 200 gr,https://www.continente.pt/produto/almondegas-de-proteina-vegetal-garden-gourmet-8170036.html,frescos,2025-04-21,Continente
"Mix Amêndoas, Noz, Caju e Arandos Biológico",7327978,2.59,"€17,27/kg",Continente Bio,"Frescos/Frutas/Frutos Secos, Desidratados e Sementes/Frutos Secos",https://www.continente.pt/dw/image/v2/BDVS_PRD/on/demandware.static/-/Sites-col-master-catalog/default/dw35948dec/images/col/732/7327978-frente.jpg?sw=280&sh=280,emb. 150 gr,https://www.continente.pt/produto/mix-amendoas-noz-caju-e-arandos-biologico-continente-bio-7327978.html,frescos,2025-04-21,Continente
Pancetta Cubos,7640138,3.99,"€28,50/kg",Levoni,Frescos/Charcutaria/Bacon e Fumados,https://www.continente.pt/dw/image/v2/BDVS_PRD/on/demandware.static/-/Sites-col-master-catalog/default/dwd69c9ffb/images/col/764/7640138-direito.jpg?sw=280&sh=280,2 un x 70 gr (140 gr),https://www.continente.pt/produto/pancetta-cubos-levoni-7640138.html,frescos,2025-04-21,Continente
Pescoços de Frango,7069757,1.99,"€1,39/un",Continente,Frescos/Talho/Frango e Peru,https://www.continente.pt/dw/image/v2/BDVS_PRD/on/demandware.static/-/Sites-col-master-catalog/default/dw38fe58b6/images/col/706/7069757-frente.jpg?sw=280&sh=280,emb. 700 gr (aprox.),https://www.continente.pt/produto/pescocos-de-frango-continente-7069757.html,frescos,2025-04-21,Continente
Palitos de Cenoura,7616127,1.49,"€12,42/kg",Dona Salada,"Frescos/Legumes/Cenoura, Abóbora e Beterraba",https://www.continente.pt/dw/image/v2/BDVS_PRD/on/demandware.static/-/Sites-col-master-catalog/default/dwc2aa99c2/images/col/761/7616127-cima.jpg?sw=280&sh=280,emb. 120 gr (8 un),https://www.continente.pt/produto/palitos-de-cenoura-dona-salada-7616127.html,frescos,2025-04-21,Continente
Queijo de Mistura Alentejano Curado,7877414,1.76,"€19,56/kg",Santiago,Frescos/Queijos/Curado,https://www.continente.pt/dw/image/v2/BDVS_PRD/on/demandware.static/-/Sites-col-master-catalog/default/dwce1df685/images/col/787/7877414-cima.jpg?sw=280&sh=280,emb. 90 gr (aprox.),https://www.continente.pt/produto/queijo-de-mistura-alentejano-curado-santiago-7877414.html,frescos,2025-04-21,Continente
Focaccia de Azeitona,8091429,1.99,"€19,90/kg",,Frescos/Padaria e Pastelaria/Pão do Dia e Broa,https://www.continente.pt/dw/image/v2/BDVS_PRD/on/demandware.static/-/Sites-col-master-catalog/default/dw9688c758/images/col/809/8091429-cima-acessorio.jpg?sw=280&sh=280,emb. 100 gr,https://www.continente.pt/produto/focaccia-de-azeitona-8091429.html,frescos,2025-04-21,Continente
Hambúrguer Clássico de Proteína Vegetal,7011814,3.59,"€23,93/kg",Garden Gourmet,Frescos/Take Away/Vegetariano e Vegan/Pronto a Cozinhar,https://www.continente.pt/dw/image/v2/BDVS_PRD/on/demandware.static/-/Sites-col-master-catalog/default/dw3e27d197/images/col/701/7011814-frente.jpg?sw=280&sh=280,emb. 150 gr (2 un),https://www.continente.pt/produto/hamburguer-classico-de-proteina-vegetal-garden-gourmet-7011814.html,frescos,2025-04-21,Continente
Sementes de Girassol,4228831,1.39,"€9,27/kg",Cem Porcento,"Frescos/Frutas/Frutos Secos, Desidratados e Sementes/Sementes e Pevides",https://www.continente.pt/dw/image/v2/BDVS_PRD/on/demandware.static/-/Sites-col-master-catalog/default/dw9f1c9c1c/images/col/422/4228831-frente.jpg?sw=280&sh=280,emb. 150 gr,https://www.continente.pt/produto/sementes-de-girassol-cem-porcento-4228831.html,frescos,2025-04-21,Continente
Tiras Marinadas de Proteína Vegetal,7418377,3.99,"€24,94/kg",Garden Gourmet,Bio e Saudável/Vegetariano e Vegan/Alternativas Carne e Peixe,https://www.continente.pt/dw/image/v2/BDVS_PRD/on/demandware.static/-/Sites-col-master-catalog/default/dw71f44ba3/images/col/741/7418377-frente.jpg?sw=280&sh=280,emb. 160 gr,https://www.continente.pt/produto/tiras-marinadas-de-proteina-vegetal-garden-gourmet-7418377.html,frescos,2025-04-21,Continente
Almôndegas Vegetarianas com Tomate,7463220,3.55,"€3,55/un",Revolugreen,Frescos/Take Away/Vegetariano e Vegan/Pronto a Cozinhar,https://www.continente.pt/dw/image/v2/BDVS_PRD/on/demandware.static/-/Sites-col-master-catalog/default/dwb391a372/images/col/746/7463220-frente.jpg?sw=280&sh=280,emb. 250 gr,https://www.continente.pt/produto/almondegas-vegetarianas-com-tomate-revolugreen-7463220.html,frescos,2025-04-21,Continente
Pão de Forma de Cereais com Côdea sem Glúten,7431756,4.09,"€8,18/kg",Garcia,Frescos/Padaria e Pastelaria/Pão de Forma e Embalado,https://www.continente.pt/dw/image/v2/BDVS_PRD/on/demandware.static/-/Sites-col-master-catalog/default/dw362b1a79/images/col/743/7431756-frente.jpg?sw=280&sh=280,emb. 500 gr,https://www.continente.pt/produto/pao-de-forma-de-cereais-com-codea-sem-gluten-garcia-7431756.html,frescos,2025-04-21,Continente
Amêijoa Vietnamita Castanha Congelada,7067803,3.29,"€0,33/un",,Frescos/Peixaria/Marisco/Congelado,https://www.continente.pt/dw/image/v2/BDVS_PRD/on/demandware.static/-/Sites-col-master-catalog/default/dwd00408c8/images/col/706/7067803-frente.jpg?sw=280&sh=280,Quant. Mínima = 700 gr,https://www.continente.pt/produto/ameijoa-vietnamita-castanha-congelada-7067803.html,frescos,2025-04-21,Continente
Queijo de Cabra Curado,4861880,4.29,"€21,45/kg",Continente,Frescos/Queijos/Curado,https://www.continente.pt/dw/image/v2/BDVS_PRD/on/demandware.static/-/Sites-col-master-catalog/default/dwe9557106/images/col/486/4861880-frente.jpg?sw=280&sh=280,2 un x 100 gr (200 gr),https://www.continente.pt/produto/queijo-de-cabra-curado-continente-4861880.html,frescos,2025-04-21,Continente
Filetes de Tamboril Ultracongelado,7324619,7.99,"€31,96/kg",Continente,"Frescos/Peixaria/Filetes, Lombos e Postas/Congelado",https://www.continente.pt/dw/image/v2/BDVS_PRD/on/demandware.static/-/Sites-col-master-catalog/default/dw4d7d00b6/images/col/732/7324619-frente.jpg?sw=280&sh=280,emb. 250 gr,https://www.continente.pt/produto/filetes-de-tamboril-ultracongelado-continente-7324619.html,frescos,2025-04-21,Continente
Salada de Quinoa Real,7682006,3.79,"€18,05/kg",Vitacress,Frescos/Take Away/Grab&Go/Saladas,https://www.continente.pt/dw/image/v2/BDVS_PRD/on/demandware.static/-/Sites-col-master-catalog/default/dwb50b9c35/images/col/768/7682006-hero.jpg?sw=280&sh=280,emb. 210 gr,https://www.continente.pt/produto/salada-de-quinoa-real-vitacress-7682006.html,frescos,2025-04-21,Continente
Miolo de Pistácio,7833830,2.79,"€39,86/kg",Os Originais,"Frescos/Frutas/Frutos Secos, Desidratados e Sementes/Frutos Secos",https://www.continente.pt/dw/image/v2/BDVS_PRD/on/demandware.static/-/Sites-col-master-catalog/default/dw01564213/images/col/783/7833830-frente.jpg?sw=280&sh=280,emb. 70 gr,https://www.continente.pt/produto/miolo-de-pistacio-os-originais-7833830.html,frescos,2025-04-21,Continente
Queijinho de Ovelha Seia Amanteigado,7501386,6.29,"€20,97/kg",Continente,Frescos/Queijos/Amanteigado,https://www.continente.pt/dw/image/v2/BDVS_PRD/on/demandware.static/-/Sites-col-master-catalog/default/dw9e0ee112/images/col/750/7501386-frente.jpg?sw=280&sh=280,emb. 300 gr (aprox.),https://www.continente.pt/produto/queijinho-de-ovelha-seia-amanteigado-continente-7501386.html,frescos,2025-04-21,Continente
Salsichas Aves,6428132,3.59,"€9,97/kg",Wudy,Frescos/Charcutaria/Salsichas e Linguiças,https://www.continente.pt/dw/image/v2/BDVS_PRD/on/demandware.static/-/Sites-col-master-catalog/default/dw7b310b95/images/col/642/6428132-frente.jpg?sw=280&sh=280,emb. 360 gr,https://www.continente.pt/produto/salsichas-aves-wudy-6428132.html,frescos,2025-04-21,Continente
Carapau Médio Fresco,2147742,4.99,"€1,50/un",,Frescos/Peixaria/Peixe Fresco,https://www.continente.pt/dw/image/v2/BDVS_PRD/on/demandware.static/-/Sites-col-master-catalog/default/dwc612573d/images/col/214/2147742-cima-1.jpg?sw=280&sh=280,Quant. Mínima = 600 gr (2 un),https://www.continente.pt/produto/carapau-medio-fresco-2147742.html,frescos,2025-04-21,Continente
Queijo de Cabra Curado,5561903,4.85,"€28,53/kg",Herdade da Maia,Frescos/Queijos/Curado,https://www.continente.pt/dw/image/v2/BDVS_PRD/on/demandware.static/-/Sites-col-master-catalog/default/dw99379912/images/col/556/5561903-cima.jpg?sw=280&sh=280,2 un x 85 gr (170 gr),https://www.continente.pt/produto/queijo-de-cabra-curado-herdade-da-maia-5561903.html,frescos,2025-04-21,Continente
Seitan,6244397,2.65,"€10,60/kg",Veg In,Bio e Saudável/Vegetariano/Tofu e Seitan,https://www.continente.pt/dw/image/v2/BDVS_PRD/on/demandware.static/-/Sites-col-master-catalog/default/dw5ae7c6c7/images/col/624/6244397-frente.jpg?sw=280&sh=280,emb. 250 gr,https://www.continente.pt/produto/seitan-veg-in-6244397.html,frescos,2025-04-21,Continente
Hambúrguer 100% Carne Mista Angus e Duroc Congelado,8086543,3.99,"€14,25/kg",Meat Heritage,"Frescos/Talho/Novilho, Vitela e Vitelão",https://www.continente.pt/dw/image/v2/BDVS_PRD/on/demandware.static/-/Sites-col-master-catalog/default/dw6664fe68/images/col/808/8086543-frente.jpg?sw=280&sh=280,2 un x 140 gr (280 gr),https://www.continente.pt/produto/hamburguer-100--carne-mista-angus-e-duroc-congelado-meat-heritage-8086543.html,frescos,2025-04-21,Continente
Paleta de Porco Bísaro Lascas 18 Meses de Cura,7600179,4.39,"€62,71/kg",Bísaro,Frescos/Charcutaria/Presunto,https://www.continente.pt/dw/image/v2/BDVS_PRD/on/demandware.static/-/Sites-col-master-catalog/default/dw21768882/images/col/760/7600179-cima.jpg?sw=280&sh=280,emb. 70 gr,https://www.continente.pt/produto/paleta-de-porco-bisaro-lascas-18-meses-de-cura-bisaro-7600179.html,frescos,2025-04-21,Continente
Chouriço Enchido 100% Vegetal,4940432,3.69,"€18,45/kg",Cem Porcento,Frescos/Charcutaria/Chouriço e Morcela,https://www.continente.pt/dw/image/v2/BDVS_PRD/on/demandware.static/-/Sites-col-master-catalog/default/dw2d40fd54/images/col/494/4940432-frente.jpg?sw=280&sh=280,emb. 200 gr,https://www.continente.pt/produto/chourico-enchido-100--vegetal-cem-porcento-4940432.html,frescos,2025-04-21,Continente
Pato Inteiro com Miúdos Congelado,6218899,4.49,"€11,23/un",Continente,Frescos/Talho/Pato e Coelho,https://www.continente.pt/dw/image/v2/BDVS_PRD/on/demandware.static/-/Sites-col-master-catalog/default/dw70742b93/images/col/621/6218899-frente.jpg?sw=280&sh=280,"emb. 2,5 kg (aprox.)",https://www.continente.pt/produto/pato-inteiro-com-miudos-congelado-continente-6218899.html,frescos,2025-04-21,Continente
Bruschetta de Tomate e Mozarella,7937203,0.99,"€14,14/kg",Krambals,"Frescos/Padaria e Pastelaria/Tostas, Gressinos e Croutons",https://www.continente.pt/dw/image/v2/BDVS_PRD/on/demandware.static/-/Sites-col-master-catalog/default/dwe83b01c4/images/col/793/7937203-frente.png?sw=280&sh=280,emb. 70 gr,https://www.continente.pt/produto/bruschetta-de-tomate-e-mozarella-krambals-7937203.html,frescos,2025-04-21,Continente
Banana às  Rodelas,8112018,2.29,"€11,45/kg",Continente,"Frescos/Frutas/Frutos Secos, Desidratados e Sementes/Frutos Desidratados",https://www.continente.pt/dw/image/v2/BDVS_PRD/on/demandware.static/-/Sites-col-master-catalog/default/dwe237a153/images/col/811/8112018-frente.png?sw=280&sh=280,emb. 200 gr,https://www.continente.pt/produto/banana-as--rodelas-continente-8112018.html,frescos,2025-04-21,Continente
Metade Melancia Poucas Sementes,5579349,2.09,"€6,42/un",Continente,"Frescos/Frutas/Melancia, Melão e Meloa",https://www.continente.pt/dw/image/v2/BDVS_PRD/on/demandware.static/-/Sites-col-master-catalog/default/dwfccfdeaf/images/col/557/5579349-frente.jpg?sw=280&sh=280,"1/2 Melancia = 3,07 kg",https://www.continente.pt/produto/metade-melancia-poucas-sementes-continente-5579349.html,frescos,2025-04-21,Continente
Bolo de Laranja,7624737,4.19,"€8,38/kg",Da Nossa Pastelaria,Frescos/Padaria e Pastelaria/Bolos e Sobremesas,https://www.continente.pt/dw/image/v2/BDVS_PRD/on/demandware.static/-/Sites-col-master-catalog/default/dw7181328f/images/col/762/7624737-cima.jpg?sw=280&sh=280,emb. 500 gr,https://www.continente.pt/produto/bolo-de-laranja-da-nossa-pastelaria-7624737.html,frescos,2025-04-21,Continente
Húmus de Tremoço,8179647,2.95,"€18,44/kg",Tarwi,Frescos/Take Away/Grab&Go/Pastas e Dips,https://www.continente.pt/dw/image/v2/BDVS_PRD/on/demandware.static/-/Sites-col-master-catalog/default/dwf83b66ae/images/col/817/8179647-frente.png?sw=280&sh=280,emb. 160 gr,https://www.continente.pt/produto/humus-de-tremoco-tarwi-8179647.html,frescos,2025-04-21,Continente
Estufado de Grão com Tofu,7647840,10.99,"€2,75/un",Cozinha Continente,Bio e Saudável/Vegetariano e Vegan/Refeições,https://www.continente.pt/dw/image/v2/BDVS_PRD/on/demandware.static/-/Sites-col-master-catalog/default/dwb9460390/images/col/764/7647840-amb.jpg?sw=280&sh=280,Quant. Mínima = 250 gr,https://www.continente.pt/produto/estufado-de-grao-com-tofu-cozinha-continente-7647840.html,frescos,2025-04-21,Continente
Morcela para Assar de Arganil,5185218,3.29,"€10,97/kg",Continente,Frescos/Charcutaria/Chouriço e Morcela,https://www.continente.pt/dw/image/v2/BDVS_PRD/on/demandware.static/-/Sites-col-master-catalog/default/dw4a4f4618/images/col/518/5185218-frente.jpg?sw=280&sh=280,emb. 300 gr,https://www.continente.pt/produto/morcela-para-assar-de-arganil-continente-5185218.html,frescos,2025-04-21,Continente
Secretos de Porco Preto,6717036,4.99,"€19,96/kg",Miguel & Miguel,Frescos/Talho/Porco,https://www.continente.pt/dw/image/v2/BDVS_PRD/on/demandware.static/-/Sites-col-master-catalog/default/dwac56734e/images/col/671/6717036-frente.jpg?sw=280&sh=280,emb. 250 gr,https://www.continente.pt/produto/secretos-de-porco-preto-miguel-miguel-6717036.html,frescos,2025-04-21,Continente
Pastéis de Feijão,7630213,2.99,"€16,61/kg",Da Nossa Pastelaria,Frescos/Padaria e Pastelaria/Pastelaria Sortida,https://www.continente.pt/dw/image/v2/BDVS_PRD/on/demandware.static/-/Sites-col-master-catalog/default/dw7f523a25/images/col/763/7630213-frente.jpg?sw=280&sh=280,emb. 180 gr,https://www.continente.pt/produto/pasteis-de-feijao-da-nossa-pastelaria-7630213.html,frescos,2025-04-21,Continente
Queijo Grana Padano em Lascas,8010486,2.59,"€32,38/kg",Latteria Soresina,Frescos/Queijos/Ralado,https://www.continente.pt/dw/image/v2/BDVS_PRD/on/demandware.static/-/Sites-col-master-catalog/default/dw3186a64d/images/col/801/8010486-cima.jpg?sw=280&sh=280,emb. 80 gr,https://www.continente.pt/produto/queijo-grana-padano-em-lascas-latteria-soresina-8010486.html,frescos,2025-04-21,Continente
Saqueta Amendoins e Pedaços de Cacau,8003333,0.79,"€79,00/kg",Yonest,"Frescos/Frutas/Frutos Secos, Desidratados e Sementes/Frutos Desidratados",https://www.continente.pt/dw/image/v2/BDVS_PRD/on/demandware.static/-/Sites-col-master-catalog/default/dwfe8ee6d9/images/col/800/8003333-frente.png?sw=280&sh=280,emb. 12 gr,https://www.continente.pt/produto/saqueta-amendoins-e-pedacos-de-cacau-yonest-8003333.html,frescos,2025-04-21,Continente
Queijo de Mistura Alentejano Curado com Manjericão e Tomilho,7877417,1.76,"€19,56/kg",Santiago,Frescos/Queijos/Curado,https://www.continente.pt/dw/image/v2/BDVS_PRD/on/demandware.static/-/Sites-col-master-catalog/default/dw3f1e90e3/images/col/787/7877417-cima.jpg?sw=280&sh=280,emb. 90 gr (aprox.),https://www.continente.pt/produto/queijo-de-mistura-alentejano-curado-com-manjericao-e-tomilho-santiago-7877417.html,frescos,2025-04-21,Continente
Requeijão Serra da Estrela DOP,6032307,2.59,"€12,95/kg",Vale da Estrela,"Frescos/Queijos/Fresco, Requeijão e Mozzarella",https://www.continente.pt/dw/image/v2/BDVS_PRD/on/demandware.static/-/Sites-col-master-catalog/default/dwf4b5fc67/images/col/603/6032307-frente.jpg?sw=280&sh=280,emb. 200 gr,https://www.continente.pt/produto/requeijao-serra-da-estrela-dop-vale-da-estrela-6032307.html,frescos,2025-04-21,Continente
Azeitona Verde Gordal,7723319,2.24,"€10,67/kg",Qampo,Frescos/Legumes/Tremoços e Azeitonas,https://www.continente.pt/dw/image/v2/BDVS_PRD/on/demandware.static/-/Sites-col-master-catalog/default/dwc7ce9eb6/images/col/772/7723319-cima-fora-embalagem.jpg?sw=280&sh=280,emb. 210 gr,https://www.continente.pt/produto/azeitona-verde-gordal-qampo-7723319.html,frescos,2025-04-21,Continente
Lombos de Atum Descongelado,5444131,12.99,"€5,85/un",,"Frescos/Peixaria/Filetes, Lombos e Postas/Fresco",https://www.continente.pt/dw/image/v2/BDVS_PRD/on/demandware.static/-/Sites-col-master-catalog/default/dw763e13fe/images/col/544/5444131-frente.jpg?sw=280&sh=280,Quant. Mínima = 450 gr (1 un),https://www.continente.pt/produto/lombos-de-atum-descongelado-5444131.html,frescos,2025-04-21,Continente
Lombinho de Porco com Farinheira e Castanhas,7246416,10.99,"€9,89/un",Continente,Frescos/Talho/Pronto a Cozinhar,https://www.continente.pt/dw/image/v2/BDVS_PRD/on/demandware.static/-/Sites-col-master-catalog/default/dw9fdc278d/images/col/724/7246416-frente.jpg?sw=280&sh=280,emb. 900 gr (aprox.),https://www.continente.pt/produto/lombinho-de-porco-com-farinheira-e-castanhas-continente-7246416.html,frescos,2025-04-21,Continente
Mini Melancia Brasil,7271033,2.49,"€4,36/un",Continente,"Frescos/Frutas/Melancia, Melão e Meloa",https://www.continente.pt/dw/image/v2/BDVS_PRD/on/demandware.static/-/Sites-col-master-catalog/default/dw092e1369/images/col/727/7271033-cima.jpg?sw=280&sh=280,"Quant. Mínima = 1,75 kg (1 un)",https://www.continente.pt/produto/mini-melancia-brasil-continente-7271033.html,frescos,2025-04-21,Continente
Costeleta de Borrego Congelada,7483602,16.99,"€10,87/un",Continente,Frescos/Talho/Cabrito e Borrego,https://www.continente.pt/dw/image/v2/BDVS_PRD/on/demandware.static/-/Sites-col-master-catalog/default/dw0aaced1c/images/col/748/7483602-frente.jpg?sw=280&sh=280,emb. 640 gr (aprox.),https://www.continente.pt/produto/costeleta-de-borrego-congelada-continente-7483602.html,frescos,2025-04-21,Continente
Posta de Pescada para Cozer Congelada,7628097,3.99,"€7,98/kg",,"Frescos/Peixaria/Filetes, Lombos e Postas/Congelado",https://www.continente.pt/dw/image/v2/BDVS_PRD/on/demandware.static/-/Sites-col-master-catalog/default/dw5b6538c3/images/col/762/7628097-frente.jpg?sw=280&sh=280,emb. 500 gr,https://www.continente.pt/produto/posta-de-pescada-para-cozer-congelada-7628097.html,frescos,2025-04-21,Continente
Queijo de Vaca Curado,8183384,3.29,"€16,45/kg",Capelinhos,Frescos/Queijos/Curado,https://www.continente.pt/dw/image/v2/BDVS_PRD/on/demandware.static/-/Sites-col-master-catalog/default/dwc54ecbe9/images/col/818/8183384-frente.jpg?sw=280&sh=280,emb. 200 gr (aprox.),https://www.continente.pt/produto/queijo-de-vaca-curado-capelinhos-8183384.html,frescos,2025-04-21,Continente
Queijo Vaca Amanteigado,7403370,6.79,"€16,98/kg",Alavão,Frescos/Queijos/Amanteigado,https://www.continente.pt/dw/image/v2/BDVS_PRD/on/demandware.static/-/Sites-col-master-catalog/default/dw31fb42ac/images/col/740/7403370-frente.jpg?sw=280&sh=280,emb. 400 gr,https://www.continente.pt/produto/queijo-vaca-amanteigado-alavao-7403370.html,frescos,2025-04-21,Continente
Queijo Gouda,7924448,3.19,"€15,95/kg",Landana,Frescos/Queijos/Queijos do Mundo,https://www.continente.pt/dw/image/v2/BDVS_PRD/on/demandware.static/-/Sites-col-master-catalog/default/dw8fb31c70/images/col/792/7924448-frente.png?sw=280&sh=280,emb. 200 gr,https://www.continente.pt/produto/queijo-gouda-landana-7924448.html,frescos,2025-04-21,Continente
Gressinos sem Glúten,4370861,4.99,"€33,27/kg",Schär,"Frescos/Padaria e Pastelaria/Tostas, Gressinos e Croutons",https://www.continente.pt/dw/image/v2/BDVS_PRD/on/demandware.static/-/Sites-col-master-catalog/default/dw1cb2a4f6/images/col/437/4370861-frente.jpg?sw=280&sh=280,emb. 150 gr,https://www.continente.pt/produto/gressinos-sem-gluten-schar-4370861.html,frescos,2025-04-21,Continente
Pain Au Chocolat,8252239,0.99,"€12,38/kg",,Frescos/Padaria e Pastelaria/Pastelaria Sortida,https://www.continente.pt/dw/image/v2/BDVS_PRD/on/demandware.static/-/Sites-col-master-catalog/default/dwde3c42d3/images/col/825/8252239-frente.jpg?sw=280&sh=280,1 un,https://www.continente.pt/produto/pain-au-chocolat-8252239.html,frescos,2025-04-21,Continente
Pimento Misto Tiras,2597375,3.99,"€15,35/kg",Continente,"Frescos/Legumes/Alface, Tomate, Pepino e Pimento",https://www.continente.pt/dw/image/v2/BDVS_PRD/on/demandware.static/-/Sites-col-master-catalog/default/dw645b4a21/images/col/259/2597375-frente.jpg?sw=280&sh=280,emb. 260 gr,https://www.continente.pt/produto/pimento-misto-tiras-continente-2597375.html,frescos,2025-04-21,Continente
Costeletas do Cachaço de Porco Duroc,7189785,6.99,"€3,84/un",Continente Seleção,Frescos/Talho/Porco,https://www.continente.pt/dw/image/v2/BDVS_PRD/on/demandware.static/-/Sites-col-master-catalog/default/dw44518585/images/col/718/7189785-topshot.jpg?sw=280&sh=280,emb. 550 gr (aprox.),https://www.continente.pt/produto/costeletas-do-cachaco-de-porco-duroc-continente-selecao-7189785.html,frescos,2025-04-21,Continente
Perna de Pato,5034416,9.89,"€2,97/un",Quinta da Marinha,Frescos/Talho/Pato e Coelho,https://www.continente.pt/dw/image/v2/BDVS_PRD/on/demandware.static/-/Sites-col-master-catalog/default/dw4a4d5a87/images/col/503/5034416-frente.jpg?sw=280&sh=280,emb. 300 gr (aprox.),https://www.continente.pt/produto/perna-de-pato-quinta-da-marinha-5034416.html,frescos,2025-04-21,Continente
Fígado de Frango,7069758,2.49,"€1,74/un",Continente,Frescos/Talho/Frango e Peru,https://www.continente.pt/dw/image/v2/BDVS_PRD/on/demandware.static/-/Sites-col-master-catalog/default/dwd1047c15/images/col/706/7069758-cima.jpg?sw=280&sh=280,emb. 700 gr (aprox.),https://www.continente.pt/produto/figado-de-frango-continente-7069758.html,frescos,2025-04-21,Continente
Fiambre da Perna Extra Fatiado no Balcão,7877423,19.99,"€2,00/un",La Selva,"Frescos/Charcutaria/Fiambre, Mortadela e Salame/Fiambre de Porco",https://www.continente.pt/dw/image/v2/BDVS_PRD/on/demandware.static/-/Sites-col-master-catalog/default/dw976a3e60/images/col/787/7877423-frente.jpg?sw=280&sh=280,Quant. Mínima = 100 gr (aprox. 4 fatias),https://www.continente.pt/produto/fiambre-da-perna-extra-fatiado-no-balcao-la-selva-7877423.html,frescos,2025-04-21,Continente
Delícias do Mar Congeladas,7970582,2.69,"€3,84/kg",Vici,Frescos/Peixaria/Marisco/Congelado,https://www.continente.pt/dw/image/v2/BDVS_PRD/on/demandware.static/-/Sites-col-master-catalog/default/dwefe1d87e/images/col/797/7970582-topshot.jpg?sw=280&sh=280,emb. 700 gr,https://www.continente.pt/produto/delicias-do-mar-congeladas-vici-7970582.html,frescos,2025-04-21,Continente
Azeitona Verde com Queijo,4994630,3.99,"€26,60/kg",Père Olive,Frescos/Legumes/Tremoços e Azeitonas,https://www.continente.pt/dw/image/v2/BDVS_PRD/on/demandware.static/-/Sites-col-master-catalog/default/dwfed1ff9e/images/col/499/4994630-frente.jpg?sw=280&sh=280,emb. 150 gr,https://www.continente.pt/produto/azeitona-verde-com-queijo-pere-olive-4994630.html,frescos,2025-04-21,Continente
Hambúrguer de Espinafres,6173734,3.49,"€21,81/kg",Veg In,Frescos/Take Away/Vegetariano e Vegan/Pronto a Cozinhar,https://www.continente.pt/dw/image/v2/BDVS_PRD/on/demandware.static/-/Sites-col-master-catalog/default/dwa948a1bf/images/col/617/6173734-frente.jpg?sw=280&sh=280,emb. 160 gr (2 un),https://www.continente.pt/produto/hamburguer-de-espinafres-veg-in-6173734.html,frescos,2025-04-21,Continente
Cabaz de Legumes,6871584,14.99,"€3,00/kg",Continente,Frescos/Frutas/Cabazes de Frutas e Legumes,https://www.continente.pt/dw/image/v2/BDVS_PRD/on/demandware.static/-/Sites-col-master-catalog/default/dw0b9d4e74/images/col/687/6871584-cima.jpg?sw=280&sh=280,emb. 5 kg,https://www.continente.pt/produto/cabaz-de-legumes-continente-6871584.html,frescos,2025-04-21,Continente
Filetes de Salmão Selvagem MSC Congelado,7735879,8.49,"€23,58/kg",Dimar,"Frescos/Peixaria/Filetes, Lombos e Postas/Congelado",https://www.continente.pt/dw/image/v2/BDVS_PRD/on/demandware.static/-/Sites-col-master-catalog/default/dw381f78f9/images/col/773/7735879-frente.jpg?sw=280&sh=280,emb. 360 gr,https://www.continente.pt/produto/filetes-de-salmao-selvagem-msc-congelado-dimar-7735879.html,frescos,2025-04-21,Continente
Bolo de Noz,7776466,2.49,"€8,30/kg",Pastelaria Rolo,Frescos/Padaria e Pastelaria/Bolos e Sobremesas,https://www.continente.pt/dw/image/v2/BDVS_PRD/on/demandware.static/-/Sites-col-master-catalog/default/dw4c23b0f8/images/col/777/7776466-frente.jpg?sw=280&sh=280,emb. 300 gr,https://www.continente.pt/produto/bolo-de-noz-pastelaria-rolo-7776466.html,frescos,2025-04-21,Continente
Hambúrguer de Salmão e Bacalhau,7619877,1.79,"€16,27/kg",,"Frescos/Peixaria/Filetes, Lombos e Postas/Fresco",https://www.continente.pt/dw/image/v2/BDVS_PRD/on/demandware.static/-/Sites-col-master-catalog/default/dwe098a382/images/col/761/7619877-frente.jpg?sw=280&sh=280,Quant. Mínima = 110 gr (1 un),https://www.continente.pt/produto/hamburguer-de-salmao-e-bacalhau-7619877.html,frescos,2025-04-21,Continente
Cubos de Salmão Fumado,7832249,5.99,"€59,90/kg",Skandia,Frescos/Charcutaria/Salmão Fumado e Especialidades,https://www.continente.pt/dw/image/v2/BDVS_PRD/on/demandware.static/-/Sites-col-master-catalog/default/dwf1d2d368/images/col/783/7832249-frente.jpg?sw=280&sh=280,emb. 100 gr,https://www.continente.pt/produto/cubos-de-salmao-fumado-skandia-7832249.html,frescos,2025-04-21,Continente
Pão de Centeio Biológico,2834855,3.01,"€6,02/kg",Mestemacher,Bio e Saudável/Biológicos/Padaria e Pastelaria,https://www.continente.pt/dw/image/v2/BDVS_PRD/on/demandware.static/-/Sites-col-master-catalog/default/dwac78b514/images/col/283/2834855-frente.jpg?sw=280&sh=280,emb. 500 gr,https://www.continente.pt/produto/pao-de-centeio-biologico-mestemacher-2834855.html,frescos,2025-04-21,Continente
Granadilha,8186003,1.99,"€24,88/kg",Continente,Frescos/Frutas/Uvas e Tropicais,https://www.continente.pt/dw/image/v2/BDVS_PRD/on/demandware.static/-/Sites-col-master-catalog/default/dw61b5f554/images/col/818/8186003-cima.jpg?sw=280&sh=280,emb. 80 gr,https://www.continente.pt/produto/granadilha-continente-8186003.html,frescos,2025-04-21,Continente
Salada Crocante,7578214,1.99,"€7,96/kg",Florette,"Frescos/Legumes/Saladas, Sopas e Salteados",https://www.continente.pt/dw/image/v2/BDVS_PRD/on/demandware.static/-/Sites-col-master-catalog/default/dw6ee1094e/images/col/757/7578214-frente.jpg?sw=280&sh=280,emb. 250 gr,https://www.continente.pt/produto/salada-crocante-florette-7578214.html,frescos,2025-04-21,Continente
Muffins sem Glúten,5675796,4.85,"€21,56/kg",Schär,Frescos/Padaria e Pastelaria/Pastelaria Sortida,https://www.continente.pt/dw/image/v2/BDVS_PRD/on/demandware.static/-/Sites-col-master-catalog/default/dwea297cb9/images/col/567/5675796-frente.jpg?sw=280&sh=280,emb. 260 gr (4 un),https://www.continente.pt/produto/muffins-sem-gluten-schar-5675796.html,frescos,2025-04-21,Continente
Bacalhau Graúdo Asa Branca 1ª Noruega Seco,2202424,15.99,"€43,17/un",,Frescos/Peixaria/Bacalhau/Seco,https://www.continente.pt/dw/image/v2/BDVS_PRD/on/demandware.static/-/Sites-col-master-catalog/default/dw59b48ba1/images/col/220/2202424-frente.jpg?sw=280&sh=280,Quant. Mínima = 1 un (2 a 3 kg),https://www.continente.pt/produto/bacalhau-graudo-asa-branca-1-noruega-seco-2202424.html,frescos,2025-04-21,Continente
Lombos de Bacalhau sem Pele Congelado,7683736,5.99,"€19,97/kg",Dimar,Frescos/Peixaria/Bacalhau/Congelado,https://www.continente.pt/dw/image/v2/BDVS_PRD/on/demandware.static/-/Sites-col-master-catalog/default/dwc49ae841/images/col/768/7683736-cima.jpg?sw=280&sh=280,emb. 300 gr,https://www.continente.pt/produto/lombos-de-bacalhau-sem-pele-congelado-dimar-7683736.html,frescos,2025-04-21,Continente
Biscoitos Clássicos Sem Glúten,8037358,2.99,"€27,18/kg",Museu do Pão,Frescos/Padaria e Pastelaria/Biscoitos,https://www.continente.pt/dw/image/v2/BDVS_PRD/on/demandware.static/-/Sites-col-master-catalog/default/dwfec30c18/images/col/803/8037358-frente.jpg?sw=280&sh=280,emb. 110 gr,https://www.continente.pt/produto/biscoitos-classicos-sem-gluten-museu-do-pao-8037358.html,frescos,2025-04-21,Continente
Queijo de Vaca Curado Ervas de Itália,7829300,2.12,"€19,27/kg",Herdade da Maia,Frescos/Queijos/Curado,https://www.continente.pt/dw/image/v2/BDVS_PRD/on/demandware.static/-/Sites-col-master-catalog/default/dwb611c13a/images/col/782/7829300-frente.jpg?sw=280&sh=280,emb. 110 gr (aprox.),https://www.continente.pt/produto/queijo-de-vaca-curado-ervas-de-italia-herdade-da-maia-7829300.html,frescos,2025-04-21,Continente
Salteado Italiano,7324626,1.99,"€4,98/kg",Continente,"Frescos/Legumes/Saladas, Sopas e Salteados",https://www.continente.pt/dw/image/v2/BDVS_PRD/on/demandware.static/-/Sites-col-master-catalog/default/dwea5e4538/images/col/732/7324626-frente.jpg?sw=280&sh=280,emb. 400 gr,https://www.continente.pt/produto/salteado-italiano-continente-7324626.html,frescos,2025-04-21,Continente
Pá de Porco com Osso,2231743,4.49,"€11,00/un",Continente,Frescos/Talho/Porco,https://www.continente.pt/dw/image/v2/BDVS_PRD/on/demandware.static/-/Sites-col-master-catalog/default/dwa033725e/images/col/223/2231743-frente.jpg?sw=280&sh=280,"emb. 2,45 kg (aprox.)",https://www.continente.pt/produto/pa-de-porco-com-osso-continente-2231743.html,frescos,2025-04-21,Continente
Carapau Pequeno Fresco,2147745,4.49,"€0,40/un",,Frescos/Peixaria/Peixe Fresco,https://www.continente.pt/dw/image/v2/BDVS_PRD/on/demandware.static/-/Sites-col-master-catalog/default/dw50cdf6ff/images/col/214/2147745-frente.jpg?sw=280&sh=280,Quant. Mínima = 630 gr (7 un),https://www.continente.pt/produto/carapau-pequeno-fresco-2147745.html,frescos,2025-04-21,Continente
Salsichão Fatiado,5500314,1.59,"€19,88/kg",Campofrio,"Frescos/Charcutaria/Salpicão, Paio e Fuet",https://www.continente.pt/dw/image/v2/BDVS_PRD/on/demandware.static/-/Sites-col-master-catalog/default/dw62f7ec6f/images/col/550/5500314-frente.jpg?sw=280&sh=280,emb. 80 gr,https://www.continente.pt/produto/salsichao-fatiado-campofrio-5500314.html,frescos,2025-04-21,Continente
Pão Alemão Integral de Centeio com Sementes de Linho,7290380,2.64,"€5,28/kg",Pema,Frescos/Padaria e Pastelaria/Pão de Forma e Embalado,https://www.continente.pt/dw/image/v2/BDVS_PRD/on/demandware.static/-/Sites-col-master-catalog/default/dw922c0a41/images/col/729/7290380-frente.jpg?sw=280&sh=280,emb. 500 gr,https://www.continente.pt/produto/pao-alemao-integral-de-centeio-com-sementes-de-linho-pema-7290380.html,frescos,2025-04-21,Continente
Chouriço Mouro de Arganil,5053697,2.99,"€11,96/kg",Continente,Frescos/Charcutaria/Chouriço e Morcela,https://www.continente.pt/dw/image/v2/BDVS_PRD/on/demandware.static/-/Sites-col-master-catalog/default/dw04b03074/images/col/505/5053697-frente.jpg?sw=280&sh=280,emb. 250 gr,https://www.continente.pt/produto/chourico-mouro-de-arganil-continente-5053697.html,frescos,2025-04-21,Continente
Lombos Naturais de Pescada Ultracongelada,7616876,2.99,"€14,95/kg",Gelpeixe,"Frescos/Peixaria/Filetes, Lombos e Postas/Congelado",https://www.continente.pt/dw/image/v2/BDVS_PRD/on/demandware.static/-/Sites-col-master-catalog/default/dw26bb8f75/images/col/761/7616876-frente.jpg?sw=280&sh=280,2 un x 100 gr (200 gr),https://www.continente.pt/produto/lombos-naturais-de-pescada-ultracongelada-gelpeixe-7616876.html,frescos,2025-04-21,Continente
Tostas sem Glúten,4370854,4.74,"€31,60/kg",Schär,"Frescos/Padaria e Pastelaria/Tostas, Gressinos e Croutons",https://www.continente.pt/dw/image/v2/BDVS_PRD/on/demandware.static/-/Sites-col-master-catalog/default/dwe2913414/images/col/437/4370854-direito.jpg?sw=280&sh=280,emb. 150 gr,https://www.continente.pt/produto/tostas-sem-gluten-schar-4370854.html,frescos,2025-04-21,Continente
Alface Iceberg Biológica,7971767,2.99,"€9,97/kg",Continente Bio,"Frescos/Legumes/Alface, Tomate, Pepino e Pimento",https://www.continente.pt/dw/image/v2/BDVS_PRD/on/demandware.static/-/Sites-col-master-catalog/default/dw9322f255/images/col/797/7971767-topshot.jpg?sw=280&sh=280,emb. 300 gr,https://www.continente.pt/produto/alface-iceberg-biologica-continente-bio-7971767.html,frescos,2025-04-21,Continente
"Sumo Laranja, Cenoura, Beterraba, Maçã e Limão",6901670,1.69,"€6,76/lt",Go Natural,Bebidas e Garrafeira/Sumos e Refrigerantes/Sumos de Fruta,https://www.continente.pt/dw/image/v2/BDVS_PRD/on/demandware.static/-/Sites-col-master-catalog/default/dw198e58e1/images/col/690/6901670-frente.jpg?sw=280&sh=280,emb. 25 cl,https://www.continente.pt/produto/sumo-laranja-cenoura-beterraba-maca-e-limao-go-natural-6901670.html,frescos,2025-04-21,Continente
Acém Comprido de Novilho Fatiado no Balcão,6870169,14.99,"€7,50/un",Angus,"Frescos/Talho/Novilho, Vitela e Vitelão",https://www.continente.pt/dw/image/v2/BDVS_PRD/on/demandware.static/-/Sites-col-master-catalog/default/dw210055ca/images/col/687/6870169-frente.jpg?sw=280&sh=280,Quant. Mínima = 500 gr (aprox. 1 fatia),https://www.continente.pt/produto/acem-comprido-de-novilho-fatiado-no-balcao-angus-6870169.html,frescos,2025-04-21,Continente
Costeleta do Lombo de Porco Duroc Fatiadas no Balcão,7389564,6.99,"€1,75/un",Continente Seleção,Frescos/Talho/Porco,https://www.continente.pt/dw/image/v2/BDVS_PRD/on/demandware.static/-/Sites-col-master-catalog/default/dwcc72e3af/images/col/738/7389564-amb-frente.jpg?sw=280&sh=280,Quant. Mínima = 500 gr (aprox. 2 fatias),https://www.continente.pt/produto/costeleta-do-lombo-de-porco-duroc-fatiadas-no-balcao-continente-selecao-7389564.html,frescos,2025-04-21,Continente
Requeijão Cremoso,7827778,3.75,"€17,05/kg",Mabiju,Frescos/Queijos/Snacks e Barrar,https://www.continente.pt/dw/image/v2/BDVS_PRD/on/demandware.static/-/Sites-col-master-catalog/default/dwee10cf93/images/col/782/7827778-frente.jpg?sw=280&sh=280,emb. 220 gr,https://www.continente.pt/produto/requeijao-cremoso-mabiju-7827778.html,frescos,2025-04-21,Continente
Merendeira de Ovelha Seia Amanteigada,3854178,9.79,"€21,76/kg",Lagos,Frescos/Queijos/Amanteigado,https://www.continente.pt/dw/image/v2/BDVS_PRD/on/demandware.static/-/Sites-col-master-catalog/default/dwd71d2c92/images/col/385/3854178-frente.jpg?sw=280&sh=280,emb. 450 gr (aprox.),https://www.continente.pt/produto/merendeira-de-ovelha-seia-amanteigada-lagos-3854178.html,frescos,2025-04-21,Continente
Ninho de Páscoa de Chocolate,7532689,5.69,"€11,38/kg",Continente,Frescos/Padaria e Pastelaria/Bolos e Sobremesas,https://www.continente.pt/dw/image/v2/BDVS_PRD/on/demandware.static/-/Sites-col-master-catalog/default/dw74f24536/images/col/753/7532689-frente.jpg?sw=280&sh=280,emb. 500 gr,https://www.continente.pt/produto/ninho-de-pascoa-de-chocolate-continente-7532689.html,frescos,2025-04-21,Continente
Cogumelo Eringi Baby Fresco,8161092,3.99,"€19,95/kg",Continente,"Frescos/Legumes/Cogumelos, Espargos e Exóticos",https://www.continente.pt/dw/image/v2/BDVS_PRD/on/demandware.static/-/Sites-col-master-catalog/default/dwe9c3a06c/images/col/816/8161092-topshot.jpg?sw=280&sh=280,emb. 200 gr,https://www.continente.pt/produto/cogumelo-eringi-baby-fresco-continente-8161092.html,frescos,2025-04-21,Continente
Peito de Pato,5034441,18.69,"€5,79/un",Quinta da Marinha,Frescos/Talho/Pato e Coelho,https://www.continente.pt/dw/image/v2/BDVS_PRD/on/demandware.static/-/Sites-col-master-catalog/default/dw8810814f/images/col/503/5034441-frente.jpg?sw=280&sh=280,emb. 310 gr (aprox.),https://www.continente.pt/produto/peito-de-pato-quinta-da-marinha-5034441.html,frescos,2025-04-21,Continente
Pizza Fresca Vegetariana,7630250,4.59,"€12,75/kg",Nobre Vegalia,Frescos/Take Away/Pizzas,https://www.continente.pt/dw/image/v2/BDVS_PRD/on/demandware.static/-/Sites-col-master-catalog/default/dw1c5862b4/images/col/763/7630250-hero.jpg?sw=280&sh=280,emb. 360 gr,https://www.continente.pt/produto/pizza-fresca-vegetariana-nobre-vegalia-7630250.html,frescos,2025-04-21,Continente
Queijo Pecorino Romano DOP Balcão,8365867,39.99,"€8,00/un",Granarolo,Frescos/Queijos/Queijos do Mundo,https://www.continente.pt/dw/image/v2/BDVS_PRD/on/demandware.static/-/Sites-col-master-catalog/default/dwaadd4f7e/images/col/836/8365867-frente.jpg?sw=280&sh=280,Quant. Mínima = 200 gr,https://www.continente.pt/produto/queijo-pecorino-romano-dop-balcao-granarolo-8365867.html,frescos,2025-04-21,Continente
Hambúrguer 100% Frango do Campo Congelado,7678537,6.99,"€17,48/kg",Campoaves,Frescos/Talho/Frango e Peru/Frango,https://www.continente.pt/dw/image/v2/BDVS_PRD/on/demandware.static/-/Sites-col-master-catalog/default/dwc0915c21/images/col/767/7678537-frente.jpg?sw=280&sh=280,4 un x 100 gr (400 gr),https://www.continente.pt/produto/hamburguer-100--frango-do-campo-congelado-campoaves-7678537.html,frescos,2025-04-21,Continente
Azeitona Preta Kalama,7408270,3.99,"€33,25/kg",Père Olive,Frescos/Legumes/Tremoços e Azeitonas,https://www.continente.pt/dw/image/v2/BDVS_PRD/on/demandware.static/-/Sites-col-master-catalog/default/dw1bcadd04/images/col/740/7408270-frente.jpg?sw=280&sh=280,emb. 120 gr,https://www.continente.pt/produto/azeitona-preta-kalama-pere-olive-7408270.html,frescos,2025-04-21,Continente
Cozido à Portuguesa + Oferta Enchidos,6408745,5.99,"€7,79/un",Continente,Frescos/Talho/Porco,https://www.continente.pt/dw/image/v2/BDVS_PRD/on/demandware.static/-/Sites-col-master-catalog/default/dw981bc9a3/images/col/640/6408745-frente.jpg?sw=280&sh=280,"emb. 1,3 kg (aprox.)",https://www.continente.pt/produto/cozido-a-portuguesa-oferta-enchidos-continente-6408745.html,frescos,2025-04-21,Continente
Pão de Hambúrguer Brioche,8017731,2.99,"€11,96/kg",La Fournée Dorée,"Frescos/Padaria e Pastelaria/Pão de Hambúrguer, Cachorro e Wraps",https://www.continente.pt/dw/image/v2/BDVS_PRD/on/demandware.static/-/Sites-col-master-catalog/default/dw1d625332/images/col/801/8017731-frente.jpg?sw=280&sh=280,emb. 250 gr (4 un),https://www.continente.pt/produto/pao-de-hamburguer-brioche-la-fournee-doree-8017731.html,frescos,2025-04-21,Continente
Queijo de Vaca Curado Light,7996737,5.29,"€10,58/kg",Continente Equilíbrio,Frescos/Queijos/Curado,https://www.continente.pt/dw/image/v2/BDVS_PRD/on/demandware.static/-/Sites-col-master-catalog/default/dw73d46b3d/images/col/799/7996737-topshot.jpg?sw=280&sh=280,emb. 500 gr (aprox.),https://www.continente.pt/produto/queijo-de-vaca-curado-light-continente-equilibrio-7996737.html,frescos,2025-04-21,Continente
Queijo para Barrar com Trufa,6815948,2.49,"€16,60/kg",Philadelphia,Frescos/Queijos/Snacks e Barrar,https://www.continente.pt/dw/image/v2/BDVS_PRD/on/demandware.static/-/Sites-col-master-catalog/default/dwa4c2fb07/images/col/681/6815948-frente.jpg?sw=280&sh=280,emb. 150 gr,https://www.continente.pt/produto/queijo-para-barrar-com-trufa-philadelphia-6815948.html,frescos,2025-04-21,Continente
Rosca Serrana,7714685,3.49,"€8,31/kg",Continente,Frescos/Take Away/Pizzas,https://www.continente.pt/dw/image/v2/BDVS_PRD/on/demandware.static/-/Sites-col-master-catalog/default/dwf6e276c9/images/col/771/7714685-cima.jpg?sw=280&sh=280,emb. 420 gr,https://www.continente.pt/produto/rosca-serrana-continente-7714685.html,frescos,2025-04-21,Continente
Gressinos com Flocos de Aveia e Milho Roxo,7802726,2.79,"€13,95/kg",Morato,"Frescos/Padaria e Pastelaria/Tostas, Gressinos e Croutons",https://www.continente.pt/dw/image/v2/BDVS_PRD/on/demandware.static/-/Sites-col-master-catalog/default/dw66455508/images/col/780/7802726-frente.jpg?sw=280&sh=280,emb. 200 gr,https://www.continente.pt/produto/gressinos-com-flocos-de-aveia-e-milho-roxo-morato-7802726.html,frescos,2025-04-21,Continente
Massa Fresca para Pizza 100% Farinha de Espelta,7246187,2.49,"€6,23/kg",Continente,Frescos/Padaria e Pastelaria/Massas para Culinária,https://www.continente.pt/dw/image/v2/BDVS_PRD/on/demandware.static/-/Sites-col-master-catalog/default/dw7f9c2315/images/col/724/7246187-frente.jpg?sw=280&sh=280,emb. 400 gr,https://www.continente.pt/produto/massa-fresca-para-pizza-100--farinha-de-espelta-continente-7246187.html,frescos,2025-04-21,Continente
Tiras de Entrecosto de Porco Preto Congeladas,6842586,6.49,"€3,89/un",Miguel & Miguel,Frescos/Talho/Porco,https://www.continente.pt/dw/image/v2/BDVS_PRD/on/demandware.static/-/Sites-col-master-catalog/default/dwb4629692/images/col/684/6842586-frente.jpg?sw=280&sh=280,emb. 600 gr (aprox.),https://www.continente.pt/produto/tiras-de-entrecosto-de-porco-preto-congeladas-miguel-miguel-6842586.html,frescos,2025-04-21,Continente
Mix Salsichas Frescas de Porco Sabor Lusitano,7424103,6.99,"€3,77/un",Continente,Frescos/Talho/Pronto a Cozinhar,https://www.continente.pt/dw/image/v2/BDVS_PRD/on/demandware.static/-/Sites-col-master-catalog/default/dw03b0cc97/images/col/742/7424103-frente.jpg?sw=280&sh=280,emb. 540 gr (aprox.),https://www.continente.pt/produto/mix-salsichas-frescas-de-porco-sabor-lusitano-continente-7424103.html,frescos,2025-04-21,Continente
Coelho Olho Preto Inteiro,4105232,7.99,"€11,99/un",Continente Seleção,Frescos/Talho/Pato e Coelho,https://www.continente.pt/dw/image/v2/BDVS_PRD/on/demandware.static/-/Sites-col-master-catalog/default/dw04d41cc1/images/col/410/4105232-frente.jpg?sw=280&sh=280,"emb. 1,5 kg (aprox.)",https://www.continente.pt/produto/coelho-olho-preto-inteiro-continente-selecao-4105232.html,frescos,2025-04-21,Continente
Queijo La Brique,7628234,2.88,"€14,40/kg",Président,Frescos/Queijos/Queijos do Mundo,https://www.continente.pt/dw/image/v2/BDVS_PRD/on/demandware.static/-/Sites-col-master-catalog/default/dw30571546/images/col/762/7628234-frente.jpg?sw=280&sh=280,emb. 200 gr,https://www.continente.pt/produto/queijo-la-brique-president-7628234.html,frescos,2025-04-21,Continente
Broinhas de Ovos Moles e Noz,6420956,4.59,"€18,36/kg",Massas Vouga,Frescos/Padaria e Pastelaria/Biscoitos,https://www.continente.pt/dw/image/v2/BDVS_PRD/on/demandware.static/-/Sites-col-master-catalog/default/dwfac6fcd8/images/col/642/6420956-frente.jpg?sw=280&sh=280,emb. 250 gr,https://www.continente.pt/produto/broinhas-de-ovos-moles-e-noz-massas-vouga-6420956.html,frescos,2025-04-21,Continente
Pão de Forma com Côdea sem Glúten,7519999,3.74,"€12,47/kg",Bimbo,Frescos/Padaria e Pastelaria/Pão de Forma e Embalado,https://www.continente.pt/dw/image/v2/BDVS_PRD/on/demandware.static/-/Sites-col-master-catalog/default/dw7e4bc181/images/col/751/7519999-frente.jpg?sw=280&sh=280,emb. 300 gr,https://www.continente.pt/produto/pao-de-forma-com-codea-sem-gluten-bimbo-7519999.html,frescos,2025-04-21,Continente
Palmiers com Chocolate,8042225,2.5,"€8,33/kg",Virgen del Brezo,Frescos/Padaria e Pastelaria/Biscoitos,https://www.continente.pt/dw/image/v2/BDVS_PRD/on/demandware.static/-/Sites-col-master-catalog/default/dwa0c252e3/images/col/804/8042225-topshot.jpg?sw=280&sh=280,emb. 300 gr,https://www.continente.pt/produto/palmiers-com-chocolate-virgen-del-brezo-8042225.html,frescos,2025-04-21,Continente
Pá de Borrego Corte Quadrado Congelado,7483598,10.49,"€13,11/un",Continente,Frescos/Talho/Cabrito e Borrego,https://www.continente.pt/dw/image/v2/BDVS_PRD/on/demandware.static/-/Sites-col-master-catalog/default/dw2fe58bda/images/col/748/7483598-frente.jpg?sw=280&sh=280,"emb. 1,25 kg (aprox.)",https://www.continente.pt/produto/pa-de-borrego-corte-quadrado-congelado-continente-7483598.html,frescos,2025-04-21,Continente
Filetes de Peixe Galo Ultracongelado,8095425,6.99,"€27,96/kg",Continente,"Frescos/Peixaria/Filetes, Lombos e Postas/Congelado",https://www.continente.pt/dw/image/v2/BDVS_PRD/on/demandware.static/-/Sites-col-master-catalog/default/dw394ffae6/images/col/809/8095425-frente.jpg?sw=280&sh=280,emb. 250 gr,https://www.continente.pt/produto/filetes-de-peixe-galo-ultracongelado-continente-8095425.html,frescos,2025-04-21,Continente
Ovos Moles,5005531,3.14,"€20,93/kg",Fabridoce,Frescos/Padaria e Pastelaria/Pastelaria Sortida,https://www.continente.pt/dw/image/v2/BDVS_PRD/on/demandware.static/-/Sites-col-master-catalog/default/dw77f0b7c9/images/col/500/5005531-frente.jpg?sw=280&sh=280,emb. 150 gr,https://www.continente.pt/produto/ovos-moles-fabridoce-5005531.html,frescos,2025-04-21,Continente
Tofu Natural,5344104,2.99,"€11,96/kg",Joya,Frescos/Take Away/Vegetariano e Vegan/Tofu e Seitan,https://www.continente.pt/dw/image/v2/BDVS_PRD/on/demandware.static/-/Sites-col-master-catalog/default/dw9afd4084/images/col/534/5344104-frente.png?sw=280&sh=280,emb. 250 gr,https://www.continente.pt/produto/tofu-natural-joya-5344104.html,frescos,2025-04-21,Continente
Queijo para Barrar com Alho e Ervas,7732070,2.39,"€15,93/kg",Quescrem,Frescos/Queijos/Snacks e Barrar,https://www.continente.pt/dw/image/v2/BDVS_PRD/on/demandware.static/-/Sites-col-master-catalog/default/dwd3d33086/images/col/773/7732070-hero.jpg?sw=280&sh=280,emb. 150 gr,https://www.continente.pt/produto/queijo-para-barrar-com-alho-e-ervas-quescrem-7732070.html,frescos,2025-04-21,Continente
Mix Cogumelos Castanhos Frescos,8161127,3.69,"€18,45/kg",Continente,"Frescos/Legumes/Cogumelos, Espargos e Exóticos",https://www.continente.pt/dw/image/v2/BDVS_PRD/on/demandware.static/-/Sites-col-master-catalog/default/dwaa5ba827/images/col/816/8161127-topshot.jpg?sw=280&sh=280,emb. 200 gr,https://www.continente.pt/produto/mix-cogumelos-castanhos-frescos-continente-8161127.html,frescos,2025-04-21,Continente
Linguado da Guiné Fresco,4089844,8.99,"€4,50/un",,Campanhas/Tudo para o Churrasco/Grelhados Perfeitos,https://www.continente.pt/dw/image/v2/BDVS_PRD/on/demandware.static/-/Sites-col-master-catalog/default/dw5127e917/images/col/408/4089844-frente.jpg?sw=280&sh=280,Quant. Mínima = 500 gr (1 un),https://www.continente.pt/produto/linguado-da-guine-fresco-4089844.html,frescos,2025-04-21,Continente
Moira de Lamego,8371357,1.99,"€9,95/kg",Continente,Frescos/Charcutaria/Chouriço e Morcela,https://www.continente.pt/dw/image/v2/BDVS_PRD/on/demandware.static/-/Sites-col-master-catalog/default/dwd566c139/images/col/837/8371357-frente.jpg?sw=280&sh=280,emb. 200 gr,https://www.continente.pt/produto/moira-de-lamego-continente-8371357.html,frescos,2025-04-21,Continente
Picanha de Bovino Inteira,6652281,14.99,"€26,98/un",Continente,"Frescos/Talho/Novilho, Vitela e Vitelão",https://www.continente.pt/dw/image/v2/BDVS_PRD/on/demandware.static/-/Sites-col-master-catalog/default/dw2101cd52/images/col/665/6652281-frente.jpg?sw=280&sh=280,"emb. 1,8 kg (aprox.)",https://www.continente.pt/produto/picanha-de-bovino-inteira-continente-6652281.html,frescos,2025-04-21,Continente
Lombos de Bacalhau Demolhado Ultracongelado,7739019,13.69,"€34,22/kg",Pescanova,Frescos/Peixaria/Bacalhau/Congelado,https://www.continente.pt/dw/image/v2/BDVS_PRD/on/demandware.static/-/Sites-col-master-catalog/default/dwf70b2e19/images/col/773/7739019-frente.jpg?sw=280&sh=280,emb. 400 gr,https://www.continente.pt/produto/lombos-de-bacalhau-demolhado-ultracongelado-pescanova-7739019.html,frescos,2025-04-21,Continente
Queijada de Requeijão,7435596,1.39,"€15,44/kg",,Frescos/Padaria e Pastelaria/Pastelaria Sortida,https://www.continente.pt/dw/image/v2/BDVS_PRD/on/demandware.static/-/Sites-col-master-catalog/default/dwaad94ce8/images/col/743/7435596-cima.jpg?sw=280&sh=280,1 un,https://www.continente.pt/produto/queijada-de-requeijao-7435596.html,frescos,2025-04-21,Continente
Lombos de Bacalhau MSC Higienizado Congelado,7450976,14.99,"€5,25/un",Continente,Frescos/Peixaria/Bacalhau/Congelado,https://www.continente.pt/dw/image/v2/BDVS_PRD/on/demandware.static/-/Sites-col-master-catalog/default/dw2ce95354/images/col/745/7450976-frente.png?sw=280&sh=280,emb. 350 gr (aprox.),https://www.continente.pt/produto/lombos-de-bacalhau-msc-higienizado-congelado-continente-7450976.html,frescos,2025-04-21,Continente
Manga Desidratada Biológica,7817418,1.79,"€89,50/kg",Truppi,"Frescos/Frutas/Frutos Secos, Desidratados e Sementes/Frutos Desidratados",https://www.continente.pt/dw/image/v2/BDVS_PRD/on/demandware.static/-/Sites-col-master-catalog/default/dw9f4922c1/images/col/781/7817418-frente.jpg?sw=280&sh=280,emb. 20 gr,https://www.continente.pt/produto/manga-desidratada-biologica-truppi-7817418.html,frescos,2025-04-21,Continente
Queijo da Beira Baixa DOP Castelo Branco,4796734,10.99,"€21,98/kg",Continente Seleção,Frescos/Queijos/Curado,https://www.continente.pt/dw/image/v2/BDVS_PRD/on/demandware.static/-/Sites-col-master-catalog/default/dw866ae2ae/images/col/479/4796734-frente.jpg?sw=280&sh=280,emb. 500 gr (aprox.),https://www.continente.pt/produto/queijo-da-beira-baixa-dop-castelo-branco-continente-selecao-4796734.html,frescos,2025-04-21,Continente
Argolas do Mar Ultracongeladas,7340543,10.09,"€10,09/kg",Pescanova,"Frescos/Peixaria/Polvo, Lulas e Chocos/Congelado",https://www.continente.pt/dw/image/v2/BDVS_PRD/on/demandware.static/-/Sites-col-master-catalog/default/dw762f6cae/images/col/734/7340543-frente.png?sw=280&sh=280,emb. 1 kg,https://www.continente.pt/produto/argolas-do-mar-ultracongeladas-pescanova-7340543.html,frescos,2025-04-21,Continente
Bolo do Caco com Manteiga de Alho,7856334,1.59,"€6,91/kg",Ilhopan,Frescos/Padaria e Pastelaria/Pão do Dia e Broa,https://www.continente.pt/dw/image/v2/BDVS_PRD/on/demandware.static/-/Sites-col-master-catalog/default/dwd00b612a/images/col/785/7856334-cima-aberto.png?sw=280&sh=280,Quant. Mínima = 2 un (460 gr),https://www.continente.pt/produto/bolo-do-caco-com-manteiga-de-alho-ilhopan-7856334.html,frescos,2025-04-21,Continente
Cocktail Salgado,8021502,1.99,"€13,27/kg",Frutorra,"Frescos/Frutas/Frutos Secos, Desidratados e Sementes/Frutos Secos",https://www.continente.pt/dw/image/v2/BDVS_PRD/on/demandware.static/-/Sites-col-master-catalog/default/dwcf436e77/images/col/802/8021502-frente.jpg?sw=280&sh=280,emb. 150 gr,https://www.continente.pt/produto/cocktail-salgado-frutorra-8021502.html,frescos,2025-04-21,Continente
Salmão Fumado Fatiado,7482848,8.89,"€74,08/kg",Hardy,Frescos/Charcutaria/Salmão Fumado e Especialidades,https://www.continente.pt/dw/image/v2/BDVS_PRD/on/demandware.static/-/Sites-col-master-catalog/default/dwabea6708/images/col/748/7482848-frente.jpg?sw=280&sh=280,emb. 120 gr,https://www.continente.pt/produto/salmao-fumado-fatiado-hardy-7482848.html,frescos,2025-04-21,Continente
Bacon de Peru Fatiado no Balcão,5976161,19.59,"€1,96/un",Primor,Frescos/Charcutaria/Bacon e Fumados,https://www.continente.pt/dw/image/v2/BDVS_PRD/on/demandware.static/-/Sites-col-master-catalog/default/dw1e75c5de/images/col/597/5976161-frente.jpg?sw=280&sh=280,Quant. Mínima = 100 gr,https://www.continente.pt/produto/bacon-de-peru-fatiado-no-balcao-primor-5976161.html,frescos,2025-04-21,Continente
Anchovas com Azeite Virgem Extra,5009658,5.49,"€54,90/kg",Lorea,Frescos/Charcutaria/Salmão Fumado e Especialidades,https://www.continente.pt/dw/image/v2/BDVS_PRD/on/demandware.static/-/Sites-col-master-catalog/default/dwaa107921/images/col/500/5009658-frente.png?sw=280&sh=280,emb. 100 gr,https://www.continente.pt/produto/anchovas-com-azeite-virgem-extra-lorea-5009658.html,frescos,2025-04-21,Continente
Queijo Flamengo Light Fatiado,7097096,4.45,"€11,13/kg",Campainha,Frescos/Queijos/Fatiado e Bolas,https://www.continente.pt/dw/image/v2/BDVS_PRD/on/demandware.static/-/Sites-col-master-catalog/default/dwa6c8b345/images/col/709/7097096-frente.jpg?sw=280&sh=280,2 un x 200 gr (400 gr),https://www.continente.pt/produto/queijo-flamengo-light-fatiado-campainha-7097096.html,frescos,2025-04-21,Continente
Muffin de Cenoura,8035314,0.89,"€9,37/kg",,Frescos/Padaria e Pastelaria/Pastelaria Sortida,https://www.continente.pt/dw/image/v2/BDVS_PRD/on/demandware.static/-/Sites-col-master-catalog/default/dw61dba8ae/images/col/803/8035314-cima.jpg?sw=280&sh=280,1 un,https://www.continente.pt/produto/muffin-de-cenoura-8035314.html,frescos,2025-04-21,Continente
Abacaxi Fatiado,7120320,2.99,"€6,64/kg",Frubis,Frescos/Frutas/Uvas e Tropicais,https://www.continente.pt/dw/image/v2/BDVS_PRD/on/demandware.static/-/Sites-col-master-catalog/default/dw9af637fb/images/col/712/7120320-frente.jpg?sw=280&sh=280,emb. 450 gr,https://www.continente.pt/produto/abacaxi-fatiado-frubis-7120320.html,frescos,2025-04-21,Continente
Queijo Chèvre,8161686,3.99,"€24,94/kg",Soignon,Frescos/Queijos/Queijos do Mundo,https://www.continente.pt/dw/image/v2/BDVS_PRD/on/demandware.static/-/Sites-col-master-catalog/default/dwe00b96fb/images/col/816/8161686-frente.png?sw=280&sh=280,emb. 160 gr,https://www.continente.pt/produto/queijo-chevre-soignon-8161686.html,frescos,2025-04-21,Continente
Queijo de Cabra Curado,7627370,11.19,"€24,87/kg",Côvo,Frescos/Queijos/Curado,https://www.continente.pt/dw/image/v2/BDVS_PRD/on/demandware.static/-/Sites-col-master-catalog/default/dwb234543e/images/col/762/7627370-frente.jpg?sw=280&sh=280,emb. 450 gr (aprox.),https://www.continente.pt/produto/queijo-de-cabra-curado-covo-7627370.html,frescos,2025-04-21,Continente
Fiambre de Peito de Peru Recheado com Legumes Fatiado no Balcão,5793703,27.39,"€5,48/un",Hein,"Frescos/Charcutaria/Fiambre, Mortadela e Salame/Fiambre de Aves",https://www.continente.pt/dw/image/v2/BDVS_PRD/on/demandware.static/-/Sites-col-master-catalog/default/dw50cdcb8d/col/579/5793703.jpg?sw=280&sh=280,Quant. Mínima = 200 gr,https://www.continente.pt/produto/fiambre-de-peito-de-peru-recheado-com-legumes-fatiado-no-balcao-hein-5793703.html,frescos,2025-04-21,Continente
Louro Fresco,3842663,1.19,"€59,50/kg",Continente,Frescos/Legumes/Ervas Aromáticas e Especiarias,https://www.continente.pt/dw/image/v2/BDVS_PRD/on/demandware.static/-/Sites-col-master-catalog/default/dw39e6156f/images/col/384/3842663-frente.jpg?sw=280&sh=280,emb. 20 gr,https://www.continente.pt/produto/louro-fresco-continente-3842663.html,frescos,2025-04-21,Continente
Mix Frutos Secos Puro Prazer,8117240,3.29,"€16,45/kg",Continente,"Frescos/Frutas/Frutos Secos, Desidratados e Sementes/Frutos Secos",https://www.continente.pt/dw/image/v2/BDVS_PRD/on/demandware.static/-/Sites-col-master-catalog/default/dw86efd6c8/images/col/811/8117240-frente.png?sw=280&sh=280,emb. 200 gr,https://www.continente.pt/produto/mix-frutos-secos-puro-prazer-continente-8117240.html,frescos,2025-04-21,Continente
Pistácio no Forno,6016565,2.87,"€41,00/kg",Matutano,"Frescos/Frutas/Frutos Secos, Desidratados e Sementes/Frutos Secos",https://www.continente.pt/dw/image/v2/BDVS_PRD/on/demandware.static/-/Sites-col-master-catalog/default/dw9ebaf4d6/images/col/601/6016565-frente.jpg?sw=280&sh=280,emb. 70 gr,https://www.continente.pt/produto/pistacio-no-forno-matutano-6016565.html,frescos,2025-04-21,Continente
Posta de Pescada Nº 2 do Cabo Ultracongelada,8190230,6.99,"€6,99/kg",,Frescos/Peixaria/Peixe Congelado,https://www.continente.pt/dw/image/v2/BDVS_PRD/on/demandware.static/-/Sites-col-master-catalog/default/dwf9d1021f/images/col/819/8190230-topshot.jpg?sw=280&sh=280,emb. 1 kg,https://www.continente.pt/produto/posta-de-pescada-n-2-do-cabo-ultracongelada-8190230.html,frescos,2025-04-21,Continente
Meloa Cantalupe/Charentais,2433356,2.49,"€3,49/un",Continente,"Frescos/Frutas/Melancia, Melão e Meloa",https://www.continente.pt/dw/image/v2/BDVS_PRD/on/demandware.static/-/Sites-col-master-catalog/default/dw22df7856/images/col/243/2433356-cima-fatiado.jpg?sw=280&sh=280,"Quant. Mínima = 1,4 kg (1 un)",https://www.continente.pt/produto/meloa-cantalupe-charentais-continente-2433356.html,frescos,2025-04-21,Continente
Lombos de Salmão com Pele Ultracongelado,8406107,17.49,"€23,32/kg",Pescanova,"Frescos/Peixaria/Filetes, Lombos e Postas/Congelado",https://www.continente.pt/dw/image/v2/BDVS_PRD/on/demandware.static/-/Sites-col-master-catalog/default/dw371ce5ed/images/col/840/8406107-frente.jpg?sw=280&sh=280,6 un x 125 gr (750 gr),https://www.continente.pt/produto/lombos-de-salmao-com-pele-ultracongelado-pescanova-8406107.html,frescos,2025-04-21,Continente
Lula da Patagónia Cortada Congelada,7466998,6.99,"€17,48/kg",Continente,"Frescos/Peixaria/Polvo, Lulas e Chocos/Congelado",https://www.continente.pt/dw/image/v2/BDVS_PRD/on/demandware.static/-/Sites-col-master-catalog/default/dwbbefd5c1/images/col/746/7466998-frente.jpg?sw=280&sh=280,emb. 400 gr,https://www.continente.pt/produto/lula-da-patagonia-cortada-congelada-continente-7466998.html,frescos,2025-04-21,Continente
Tortilha Piadina,7610450,2.36,"€6,56/kg",Mission,"Frescos/Padaria e Pastelaria/Pão de Hambúrguer, Cachorro e Wraps",https://www.continente.pt/dw/image/v2/BDVS_PRD/on/demandware.static/-/Sites-col-master-catalog/default/dw15143eab/images/col/761/7610450-frente.jpg?sw=280&sh=280,emb. 360 gr,https://www.continente.pt/produto/tortilha-piadina-mission-7610450.html,frescos,2025-04-21,Continente
Queijo Halloumi,5881834,4.49,"€22,45/kg",Hadjipieris,Frescos/Queijos/Queijos do Mundo,https://www.continente.pt/dw/image/v2/BDVS_PRD/on/demandware.static/-/Sites-col-master-catalog/default/dwe14d7c8f/images/col/588/5881834-frente.jpg?sw=280&sh=280,emb. 200 gr,https://www.continente.pt/produto/queijo-halloumi-hadjipieris-5881834.html,frescos,2025-04-21,Continente
Bola de Berlim Chocolate,7754414,0.89,"€7,42/kg",,Frescos/Padaria e Pastelaria/Pastelaria Sortida,https://www.continente.pt/dw/image/v2/BDVS_PRD/on/demandware.static/-/Sites-col-master-catalog/default/dw8b8072ec/images/col/775/7754414-frente.jpg?sw=280&sh=280,Quant. Mínima = 2 un,https://www.continente.pt/produto/bola-de-berlim-chocolate-7754414.html,frescos,2025-04-21,Continente
Metade Abacaxi de Avião,6207066,4.09,"€4,29/un",Continente,Frescos/Frutas/Uvas e Tropicais,https://www.continente.pt/dw/image/v2/BDVS_PRD/on/demandware.static/-/Sites-col-master-catalog/default/dw84e4db4d/images/col/620/6207066-cima.jpg?sw=280&sh=280,"1/2 Abacaxi = 1,05 kg",https://www.continente.pt/produto/metade-abacaxi-de-aviao-continente-6207066.html,frescos,2025-04-21,Continente
Miolo de Berbigão Ultracongelado,6379230,6.99,"€27,96/kg",Continente,Frescos/Peixaria/Marisco/Congelado,https://www.continente.pt/dw/image/v2/BDVS_PRD/on/demandware.static/-/Sites-col-master-catalog/default/dw541045bd/images/col/637/6379230-cima.jpg?sw=280&sh=280,emb. 250 gr,https://www.continente.pt/produto/miolo-de-berbigao-ultracongelado-continente-6379230.html,frescos,2025-04-21,Continente
Cherovia,3073777,5.49,"€1,54/un",Continente,"Frescos/Legumes/Cogumelos, Espargos e Exóticos",https://www.continente.pt/dw/image/v2/BDVS_PRD/on/demandware.static/-/Sites-col-master-catalog/default/dwb106236f/images/col/307/3073777-frente.jpg?sw=280&sh=280,Quant. Mínima = 280 gr (1 un),https://www.continente.pt/produto/cherovia-continente-3073777.html,frescos,2025-04-21,Continente
Mini Chouriço,4919959,1.49,"€29,80/kg",Campofrio,Frescos/Charcutaria/Chouriço e Morcela,https://www.continente.pt/dw/image/v2/BDVS_PRD/on/demandware.static/-/Sites-col-master-catalog/default/dwad0ffc74/images/col/491/4919959-frente.jpg?sw=280&sh=280,emb. 50 gr,https://www.continente.pt/produto/mini-chourico-campofrio-4919959.html,frescos,2025-04-21,Continente
Salsichas de Porco Preto Congeladas,7182969,12.99,"€5,20/un",Valbolota by Miguel & Miguel,Frescos/Talho/Pronto a Cozinhar,https://www.continente.pt/dw/image/v2/BDVS_PRD/on/demandware.static/-/Sites-col-master-catalog/default/dw2d7537c3/images/col/718/7182969-frente.jpg?sw=280&sh=280,emb. 400 gr (aprox.),https://www.continente.pt/produto/salsichas-de-porco-preto-congeladas-valbolota-by-miguel-miguel-7182969.html,frescos,2025-04-21,Continente
Picado Powered By Plants,7421330,3.89,"€15,56/kg",Continente,Frescos/Take Away/Vegetariano e Vegan/Pronto a Cozinhar,https://www.continente.pt/dw/image/v2/BDVS_PRD/on/demandware.static/-/Sites-col-master-catalog/default/dwa71b9c47/images/col/742/7421330-frente.jpg?sw=280&sh=280,emb. 250 gr,https://www.continente.pt/produto/picado-powered-by-plants-continente-7421330.html,frescos,2025-04-21,Continente
Queijo Quark,6465436,1.39,"€6,95/kg",Santiago,"Frescos/Queijos/Fresco, Requeijão e Mozzarella",https://www.continente.pt/dw/image/v2/BDVS_PRD/on/demandware.static/-/Sites-col-master-catalog/default/dwcfce9d55/images/col/646/6465436-frente.jpg?sw=280&sh=280,emb. 200 gr,https://www.continente.pt/produto/queijo-quark-santiago-6465436.html,frescos,2025-04-21,Continente
Funcho Rama Fresco,3842658,1.69,"€84,50/kg",Continente,Frescos/Legumes/Ervas Aromáticas e Especiarias,https://www.continente.pt/dw/image/v2/BDVS_PRD/on/demandware.static/-/Sites-col-master-catalog/default/dwe8e801e5/images/col/384/3842658-frente.jpg?sw=280&sh=280,emb. 20 gr,https://www.continente.pt/produto/funcho-rama-fresco-continente-3842658.html,frescos,2025-04-21,Continente
Pão Caseiro sem Glúten,5296404,4.77,"€19,88/kg",Schär,Frescos/Padaria e Pastelaria/Pão de Forma e Embalado,https://www.continente.pt/dw/image/v2/BDVS_PRD/on/demandware.static/-/Sites-col-master-catalog/default/dw10f5d2c4/images/col/529/5296404-cima.jpg?sw=280&sh=280,emb. 240 gr,https://www.continente.pt/produto/pao-caseiro-sem-gluten-schar-5296404.html,frescos,2025-04-21,Continente
Queijo de Vaca Curado Pimentão,7323155,7.29,"€14,58/kg",Castelões,Frescos/Queijos/Curado,https://www.continente.pt/dw/image/v2/BDVS_PRD/on/demandware.static/-/Sites-col-master-catalog/default/dw83b3ef4d/images/col/732/7323155-cima.jpg?sw=280&sh=280,emb. 500 gr (aprox.),https://www.continente.pt/produto/queijo-de-vaca-curado-pimentao-casteloes-7323155.html,frescos,2025-04-21,Continente
Lombos de Salmão Fresco,7530184,21.99,"€31,89/un",,"Frescos/Peixaria/Filetes, Lombos e Postas/Fresco",https://www.continente.pt/dw/image/v2/BDVS_PRD/on/demandware.static/-/Sites-col-master-catalog/default/dw44297d63/images/col/753/7530184-frente.jpg?sw=280&sh=280,"Quant. Mínima = 1,45 kg",https://www.continente.pt/produto/lombos-de-salmao-fresco-7530184.html,frescos,2025-04-21,Continente
Banana Pão,2113463,2.99,"€0,90/un",Continente,"Frescos/Frutas/Banana, Maçã e Pera",https://www.continente.pt/dw/image/v2/BDVS_PRD/on/demandware.static/-/Sites-col-master-catalog/default/dw3904119f/images/col/211/2113463-frente.jpg?sw=280&sh=280,Quant. Mínima = 900 gr (3 un),https://www.continente.pt/produto/banana-pao-continente-2113463.html,frescos,2025-04-21,Continente
Hambúrguer Vegan,7463347,3.35,"€3,35/un",Revolugreen,Frescos/Take Away/Vegetariano e Vegan/Pronto a Cozinhar,https://www.continente.pt/dw/image/v2/BDVS_PRD/on/demandware.static/-/Sites-col-master-catalog/default/dw6be53fcd/images/col/746/7463347-frente.jpg?sw=280&sh=280,emb. 150 gr (2 un),https://www.continente.pt/produto/hamburguer-vegan-revolugreen-7463347.html,frescos,2025-04-21,Continente
Fios de Ovos,5745972,2.8,"€28,00/kg",Fabridoce,Frescos/Padaria e Pastelaria/Bolos e Sobremesas,https://www.continente.pt/dw/image/v2/BDVS_PRD/on/demandware.static/-/Sites-col-master-catalog/default/dw9f62f40e/images/col/574/5745972-frente.png?sw=280&sh=280,emb. 100 gr,https://www.continente.pt/produto/fios-de-ovos-fabridoce-5745972.html,frescos,2025-04-21,Continente
Rolo Misto Folhado com Queijo e Fiambre,7321236,7.79,"€10,91/un",Continente Seleção,Frescos/Talho/Pronto a Cozinhar,https://www.continente.pt/dw/image/v2/BDVS_PRD/on/demandware.static/-/Sites-col-master-catalog/default/dwbf7a38d2/images/col/732/7321236-frente.jpg?sw=280&sh=280,"emb. 1,4 kg (aprox.)",https://www.continente.pt/produto/rolo-misto-folhado-com-queijo-e-fiambre-continente-selecao-7321236.html,frescos,2025-04-21,Continente
Queijo de Vaca Mistério do Pico Amanteigado,7630305,3.29,"€18,28/kg",Prados dos Açores,Frescos/Queijos/Amanteigado,https://www.continente.pt/dw/image/v2/BDVS_PRD/on/demandware.static/-/Sites-col-master-catalog/default/dw31b0426e/images/col/763/7630305-frente.jpg?sw=280&sh=280,emb. 180 gr (aprox.),https://www.continente.pt/produto/queijo-de-vaca-misterio-do-pico-amanteigado-prados-dos-acores-7630305.html,frescos,2025-04-21,Continente
Boqueirão em Azeite Virgem Extra,5009656,5.69,"€63,22/kg",Lorea,Frescos/Charcutaria/Salmão Fumado e Especialidades,https://www.continente.pt/dw/image/v2/BDVS_PRD/on/demandware.static/-/Sites-col-master-catalog/default/dw745ebf41/images/col/500/5009656-frente.png?sw=280&sh=280,emb. 90 gr,https://www.continente.pt/produto/boqueirao-em-azeite-virgem-extra-lorea-5009656.html,frescos,2025-04-21,Continente
Tortilhas Milho e Trigo,2859140,3.89,"€11,61/kg",Old El Paso,Campanhas/Cozinhas do Mundo,https://www.continente.pt/dw/image/v2/BDVS_PRD/on/demandware.static/-/Sites-col-master-catalog/default/dw3255f8d1/images/col/285/2859140-frente.jpg?sw=280&sh=280,emb. 335 gr (8 un),https://www.continente.pt/produto/tortilhas-milho-e-trigo-old-el-paso-2859140.html,frescos,2025-04-21,Continente
Pão de Banana e Canela sem Glúten Biológico,7014779,3.64,"€12,13/kg",Pachamama,Bio e Saudável/Biológicos/Padaria e Pastelaria,https://www.continente.pt/dw/image/v2/BDVS_PRD/on/demandware.static/-/Sites-col-master-catalog/default/dwb5adbef1/images/col/701/7014779-frente.jpg?sw=280&sh=280,emb. 300 gr (1 un),https://www.continente.pt/produto/pao-de-banana-e-canela-sem-gluten-biologico-pachamama-7014779.html,frescos,2025-04-21,Continente
Pescoços de Peru,7071908,2.59,"€1,42/un",Continente,Frescos/Talho/Frango e Peru/Peru,https://www.continente.pt/dw/image/v2/BDVS_PRD/on/demandware.static/-/Sites-col-master-catalog/default/dw34b58f11/images/col/707/7071908-frente.jpg?sw=280&sh=280,emb. 550 gr (aprox.),https://www.continente.pt/produto/pescocos-de-peru-continente-7071908.html,frescos,2025-04-21,Continente
Preparado para Arroz de Marisco Ultracongelado,7577522,5.49,"€6,86/kg",Continente,Frescos/Peixaria/Marisco/Congelado,https://www.continente.pt/dw/image/v2/BDVS_PRD/on/demandware.static/-/Sites-col-master-catalog/default/dw6960861c/images/col/757/7577522-cima.jpg?sw=280&sh=280,emb. 800 gr,https://www.continente.pt/produto/preparado-para-arroz-de-marisco-ultracongelado-continente-7577522.html,frescos,2025-04-21,Continente
Rebentos de Feijão,7005460,1.59,"€10,60/kg",ELS,"Frescos/Legumes/Cogumelos, Espargos e Exóticos",https://www.continente.pt/dw/image/v2/BDVS_PRD/on/demandware.static/-/Sites-col-master-catalog/default/dw53599679/images/col/700/7005460-cima.jpg?sw=280&sh=280,emb. 150 gr,https://www.continente.pt/produto/rebentos-de-feijao-els-7005460.html,frescos,2025-04-21,Continente
Pistácio com Sal,7589592,15.99,"€15,99/kg",Frusel,"Frescos/Frutas/Frutos Secos, Desidratados e Sementes/Frutos Secos",https://www.continente.pt/dw/image/v2/BDVS_PRD/on/demandware.static/-/Sites-col-master-catalog/default/dw6a879c52/images/col/758/7589592-frente.jpg?sw=280&sh=280,emb. 1 kg,https://www.continente.pt/produto/pistacio-com-sal-frusel-7589592.html,frescos,2025-04-21,Continente
Sementes de Abóbora,4273616,2.29,"€15,27/kg",Cem Porcento,"Frescos/Frutas/Frutos Secos, Desidratados e Sementes/Sementes e Pevides",https://www.continente.pt/dw/image/v2/BDVS_PRD/on/demandware.static/-/Sites-col-master-catalog/default/dw0ec0dabe/images/col/427/4273616-frente.jpg?sw=280&sh=280,emb. 150 gr,https://www.continente.pt/produto/sementes-de-abobora-cem-porcento-4273616.html,frescos,2025-04-21,Continente
Pampilho,6754805,1.19,"€13,22/kg",Regidoce,Frescos/Padaria e Pastelaria/Pastelaria Sortida,https://www.continente.pt/dw/image/v2/BDVS_PRD/on/demandware.static/-/Sites-col-master-catalog/default/dw45d360eb/images/col/675/6754805-frente.jpg?sw=280&sh=280,emb. 1 un,https://www.continente.pt/produto/pampilho-regidoce-6754805.html,frescos,2025-04-21,Continente
Rolo de Queijo Creme com Cebolinho,7515408,1.79,"€17,90/kg",Primello,Frescos/Queijos/Tábuas e Aperitivos,https://www.continente.pt/dw/image/v2/BDVS_PRD/on/demandware.static/-/Sites-col-master-catalog/default/dw6318f5d2/images/col/751/7515408-frente.jpg?sw=280&sh=280,emb. 100 gr,https://www.continente.pt/produto/rolo-de-queijo-creme-com-cebolinho-primello-7515408.html,frescos,2025-04-21,Continente
Conjunto de Queijo de Vaca e Ovelha 3 Sabores,7621180,4.19,"€15,52/kg",Serras de Penela,Frescos/Queijos/Curado,https://www.continente.pt/dw/image/v2/BDVS_PRD/on/demandware.static/-/Sites-col-master-catalog/default/dw9783eb7b/images/col/762/7621180-frente.png?sw=280&sh=280,3 un x 90 gr (270 gr),https://www.continente.pt/produto/conjunto-de-queijo-de-vaca-e-ovelha-3-sabores-serras-de-penela-7621180.html,frescos,2025-04-21,Continente
Petinga Inteira Ultracongelada,7374673,4.19,"€4,19/kg",Frip,Frescos/Peixaria/Peixe Congelado,https://www.continente.pt/dw/image/v2/BDVS_PRD/on/demandware.static/-/Sites-col-master-catalog/default/dw98c557bf/images/col/737/7374673-frente.jpg?sw=280&sh=280,emb. 1 kg,https://www.continente.pt/produto/petinga-inteira-ultracongelada-frip-7374673.html,frescos,2025-04-21,Continente
Queijo de Ovelha Curado,3646978,5.39,"€25,67/kg",Herdade da Maia,Frescos/Queijos/Curado,https://www.continente.pt/dw/image/v2/BDVS_PRD/on/demandware.static/-/Sites-col-master-catalog/default/dw43eb4370/images/col/364/3646978-frente.jpg?sw=280&sh=280,emb. 210 gr (aprox.),https://www.continente.pt/produto/queijo-de-ovelha-curado-herdade-da-maia-3646978.html,frescos,2025-04-21,Continente
Mix Frutos Secos Prazer,7226476,1.19,"€23,80/kg",Continente,"Frescos/Frutas/Frutos Secos, Desidratados e Sementes/Frutos Secos",https://www.continente.pt/dw/image/v2/BDVS_PRD/on/demandware.static/-/Sites-col-master-catalog/default/dw4ab1f22f/images/col/722/7226476-frente.jpg?sw=280&sh=280,emb. 50 gr,https://www.continente.pt/produto/mix-frutos-secos-prazer-continente-7226476.html,frescos,2025-04-21,Continente
Postas de Bacalhau 4 Meses de Cura MSC Ultracongelado,2752241,9.49,"€11,86/kg",Riberalves,Frescos/Peixaria/Bacalhau/Congelado,https://www.continente.pt/dw/image/v2/BDVS_PRD/on/demandware.static/-/Sites-col-master-catalog/default/dwd73d404e/images/col/275/2752241-frente.jpg?sw=280&sh=280,emb. 800 gr,https://www.continente.pt/produto/postas-de-bacalhau-4-meses-de-cura-msc-ultracongelado-riberalves-2752241.html,frescos,2025-04-21,Continente
Baba de Camelo,7995299,4.89,"€15,28/kg",Da Nossa Pastelaria,Frescos/Padaria e Pastelaria/Bolos e Sobremesas,https://www.continente.pt/dw/image/v2/BDVS_PRD/on/demandware.static/-/Sites-col-master-catalog/default/dwa8486468/images/col/799/7995299-frente.jpg?sw=280&sh=280,emb. 320 gr,https://www.continente.pt/produto/baba-de-camelo-da-nossa-pastelaria-7995299.html,frescos,2025-04-21,Continente
Merendeira de Ovelha Curada,7171528,4.79,"€31,93/kg",Monte do Ganhão,Frescos/Queijos/Curado,https://www.continente.pt/dw/image/v2/BDVS_PRD/on/demandware.static/-/Sites-col-master-catalog/default/dw262094f0/images/col/717/7171528-cima.jpg?sw=280&sh=280,emb.180 gr,https://www.continente.pt/produto/merendeira-de-ovelha-curada-monte-do-ganhao-7171528.html,frescos,2025-04-21,Continente
Palitos de Pepino,7619998,1.49,"€12,42/kg",Dona Salada,"Frescos/Legumes/Alface, Tomate, Pepino e Pimento",https://www.continente.pt/dw/image/v2/BDVS_PRD/on/demandware.static/-/Sites-col-master-catalog/default/dw95ec15f9/images/col/761/7619998-frente.jpg?sw=280&sh=280,emb. 120 gr,https://www.continente.pt/produto/palitos-de-pepino-dona-salada-7619998.html,frescos,2025-04-21,Continente
Cheesecake de Frutos Silvestres,5938814,1.29,"€17,20/kg",Cozinha Continente,Frescos/Take Away/Sobremesas,https://www.continente.pt/dw/image/v2/BDVS_PRD/on/demandware.static/-/Sites-col-master-catalog/default/dw4b0cb1ff/images/col/593/5938814-frente.jpg?sw=280&sh=280,emb. 75 gr,https://www.continente.pt/produto/cheesecake-de-frutos-silvestres-cozinha-continente-5938814.html,frescos,2025-04-21,Continente
Biscoitos Areias de Azeitão,5974508,4.19,"€13,97/kg",Azeitonense,Frescos/Padaria e Pastelaria/Biscoitos,https://www.continente.pt/dw/image/v2/BDVS_PRD/on/demandware.static/-/Sites-col-master-catalog/default/dwaac1e41d/images/col/597/5974508-cima.jpg?sw=280&sh=280,emb. 300 gr,https://www.continente.pt/produto/biscoitos-areias-de-azeitao-azeitonense-5974508.html,frescos,2025-04-21,Continente
Mix Frutos Secos Sabores do Mundo África,8021538,1.29,"€13,30/kg",Frutorra,"Frescos/Frutas/Frutos Secos, Desidratados e Sementes/Frutos Secos",https://www.continente.pt/dw/image/v2/BDVS_PRD/on/demandware.static/-/Sites-col-master-catalog/default/dwb1c00fc3/images/col/802/8021538-frente.jpg?sw=280&sh=280,emb. 97 gr,https://www.continente.pt/produto/mix-frutos-secos-sabores-do-mundo-africa-frutorra-8021538.html,frescos,2025-04-21,Continente
Bifanas de Porco Preto,6717020,4.99,"€19,96/kg",Miguel & Miguel,Frescos/Talho/Porco,https://www.continente.pt/dw/image/v2/BDVS_PRD/on/demandware.static/-/Sites-col-master-catalog/default/dwff3a5fb8/images/col/671/6717020-cima.jpg?sw=280&sh=280,emb. 250 gr,https://www.continente.pt/produto/bifanas-de-porco-preto-miguel-miguel-6717020.html,frescos,2025-04-21,Continente
Truta Salmonada Fresca,2148073,6.99,"€3,84/un",,Frescos/Peixaria/Peixe Fresco,https://www.continente.pt/dw/image/v2/BDVS_PRD/on/demandware.static/-/Sites-col-master-catalog/default/dw1a3338ec/images/col/214/2148073-frente.jpg?sw=280&sh=280,Quant. Mínima = 550 gr (1 un),https://www.continente.pt/produto/truta-salmonada-fresca-2148073.html,frescos,2025-04-21,Continente
Falafel de Proteína Vegetal,7253922,3.99,"€21,00/kg",Garden Gourmet,Bio e Saudável/Vegetariano e Vegan/Alternativas Carne e Peixe,https://www.continente.pt/dw/image/v2/BDVS_PRD/on/demandware.static/-/Sites-col-master-catalog/default/dwba3ce798/images/col/725/7253922-frente.jpg?sw=280&sh=280,emb. 190 gr (9 un),https://www.continente.pt/produto/falafel-de-proteina-vegetal-garden-gourmet-7253922.html,frescos,2025-04-21,Continente
Queijo de Vaca Curado Meio Gordo sem Lactose,5248755,3.89,"€15,56/kg",Continente,Frescos/Queijos/Curado,https://www.continente.pt/dw/image/v2/BDVS_PRD/on/demandware.static/-/Sites-col-master-catalog/default/dw6523c467/images/col/524/5248755-frente.jpg?sw=280&sh=280,emb. 250 gr,https://www.continente.pt/produto/queijo-de-vaca-curado-meio-gordo-sem-lactose-continente-5248755.html,frescos,2025-04-21,Continente
Broas de Café,5000718,3.99,"€14,25/kg",Susana Vieira,Frescos/Padaria e Pastelaria/Biscoitos,https://www.continente.pt/dw/image/v2/BDVS_PRD/on/demandware.static/-/Sites-col-master-catalog/default/dw011abf0a/images/col/500/5000718-frente.jpg?sw=280&sh=280,emb. 280 gr,https://www.continente.pt/produto/broas-de-cafe-susana-vieira-5000718.html,frescos,2025-04-21,Continente
Queijo da Ilha São Jorge DOP 4 Meses de Cura Balcão,5011692,16.89,"€7,60/un",São Jorge,Frescos/Queijos/Curado,https://www.continente.pt/dw/image/v2/BDVS_PRD/on/demandware.static/-/Sites-col-master-catalog/default/dwa2ced2b6/images/col/501/5011692-frente.jpg?sw=280&sh=280,Quant. Mínima = 450 gr,https://www.continente.pt/produto/queijo-da-ilha-sao-jorge-dop-4-meses-de-cura-balcao-sao-jorge-5011692.html,frescos,2025-04-21,Continente
Queijo de Cabra Saint Loup,7484318,5.19,"€28,83/kg",Haute Fromagerie,Frescos/Queijos/Queijos do Mundo,https://www.continente.pt/dw/image/v2/BDVS_PRD/on/demandware.static/-/Sites-col-master-catalog/default/dw25f3af81/images/col/748/7484318-frente.jpg?sw=280&sh=280,emb. 180 gr,https://www.continente.pt/produto/queijo-de-cabra-saint-loup-haute-fromagerie-7484318.html,frescos,2025-04-21,Continente
Sortido de Enchidos de Porco Bísaro,7499683,3.39,"€48,43/kg",Bísaro,"Frescos/Charcutaria/Salpicão, Paio e Fuet",https://www.continente.pt/dw/image/v2/BDVS_PRD/on/demandware.static/-/Sites-col-master-catalog/default/dwdcf55153/images/col/749/7499683-frente.jpg?sw=280&sh=280,emb. 70 gr,https://www.continente.pt/produto/sortido-de-enchidos-de-porco-bisaro-bisaro-7499683.html,frescos,2025-04-21,Continente
Tremoço com Louro Biológico,7843061,2.99,"€11,07/kg",Agrinemus,Frescos/Legumes/Tremoços e Azeitonas,https://www.continente.pt/dw/image/v2/BDVS_PRD/on/demandware.static/-/Sites-col-master-catalog/default/dw8b4ff423/images/col/784/7843061-frente.png?sw=280&sh=280,emb. 270 gr,https://www.continente.pt/produto/tremoco-com-louro-biologico-agrinemus-7843061.html,frescos,2025-04-21,Continente
Picanha de Bovino Inteira,6818923,20.99,"€29,39/un",Angus,"Frescos/Talho/Novilho, Vitela e Vitelão",https://www.continente.pt/dw/image/v2/BDVS_PRD/on/demandware.static/-/Sites-col-master-catalog/default/dw899c82ac/images/col/681/6818923-frente.jpg?sw=280&sh=280,"emb. 1,4 kg (aprox.)",https://www.continente.pt/produto/picanha-de-bovino-inteira-angus-6818923.html,frescos,2025-04-21,Continente
Croissant Brioche com Chocolate,5005068,1.0,"€10,00/kg",,Frescos/Padaria e Pastelaria/Croissants e Pães de Leite,https://www.continente.pt/dw/image/v2/BDVS_PRD/on/demandware.static/-/Sites-col-master-catalog/default/dw013eafa9/images/col/500/5005068-frente.jpg?sw=280&sh=280,1 un,https://www.continente.pt/produto/croissant-brioche-com-chocolate-5005068.html,frescos,2025-04-21,Continente
Panado de Espinafres e Queijo Proteína Vegetal,7011818,3.99,"€22,17/kg",Garden Gourmet,Bio e Saudável/Vegetariano e Vegan/Alternativas Carne e Peixe,https://www.continente.pt/dw/image/v2/BDVS_PRD/on/demandware.static/-/Sites-col-master-catalog/default/dw88011318/images/col/701/7011818-frente.jpg?sw=280&sh=280,emb. 180 gr (2 un),https://www.continente.pt/produto/panado-de-espinafres-e-queijo-proteina-vegetal-garden-gourmet-7011818.html,frescos,2025-04-21,Continente
Sumo 100% Laranja Natural,5884092,1.39,"€5,56/lt",Continente,Frescos/Frutas/Sumos Espremidos na Hora,https://www.continente.pt/dw/image/v2/BDVS_PRD/on/demandware.static/-/Sites-col-master-catalog/default/dwb624df5d/images/col/588/5884092-frente-com-copo.jpg?sw=280&sh=280,emb. 25 cl,https://www.continente.pt/produto/sumo-100--laranja-natural-continente-5884092.html,frescos,2025-04-21,Continente
Tarte de Maçã,7636431,3.99,"€9,98/kg",Da Nossa Pastelaria,Frescos/Padaria e Pastelaria/Bolos e Sobremesas,https://www.continente.pt/dw/image/v2/BDVS_PRD/on/demandware.static/-/Sites-col-master-catalog/default/dw9ebc6efd/images/col/763/7636431-frente.jpg?sw=280&sh=280,emb. 400 gr,https://www.continente.pt/produto/tarte-de-maca-da-nossa-pastelaria-7636431.html,frescos,2025-04-21,Continente
Cachaço de Porco Fatiado,7599265,3.99,"€57,00/kg",Bísaro,Frescos/Charcutaria/Presunto,https://www.continente.pt/dw/image/v2/BDVS_PRD/on/demandware.static/-/Sites-col-master-catalog/default/dw5b22f0be/images/col/759/7599265-frente-1.jpg?sw=280&sh=280,emb. 70 gr,https://www.continente.pt/produto/cachaco-de-porco-fatiado-bisaro-7599265.html,frescos,2025-04-21,Continente
Camarão de Moçambique 32/48 Ultracongelado,4597014,19.49,"€24,36/kg",Pescanova,Frescos/Peixaria/Marisco/Congelado,https://www.continente.pt/dw/image/v2/BDVS_PRD/on/demandware.static/-/Sites-col-master-catalog/default/dw68d2385c/images/col/459/4597014-direito.png?sw=280&sh=280,emb. 800 gr,https://www.continente.pt/produto/camarao-de-mocambique-32-48-ultracongelado-pescanova-4597014.html,frescos,2025-04-21,Continente
Caras de Bacalhau Ultracongelado,7619624,7.39,"€7,39/kg",Riberalves,Frescos/Peixaria/Bacalhau/Congelado,https://www.continente.pt/dw/image/v2/BDVS_PRD/on/demandware.static/-/Sites-col-master-catalog/default/dwae69b3e1/images/col/761/7619624-frente.jpg?sw=280&sh=280,emb. 1 kg,https://www.continente.pt/produto/caras-de-bacalhau-ultracongelado-riberalves-7619624.html,frescos,2025-04-21,Continente
Presunto Speck Fatiado,7640143,5.49,"€68,63/kg",Levoni,Frescos/Charcutaria/Presunto,https://www.continente.pt/dw/image/v2/BDVS_PRD/on/demandware.static/-/Sites-col-master-catalog/default/dwf51ec507/images/col/764/7640143-cima.jpg?sw=280&sh=280,emb. 80 gr,https://www.continente.pt/produto/presunto-speck-fatiado-levoni-7640143.html,frescos,2025-04-21,Continente
Queijo de Mistura Amanteigado,7825490,3.18,"€15,90/kg",Queijaria Licínia,Frescos/Queijos/Amanteigado,https://www.continente.pt/dw/image/v2/BDVS_PRD/on/demandware.static/-/Sites-col-master-catalog/default/dw4107616d/images/col/782/7825490-topshot.jpg?sw=280&sh=280,emb. 200 gr,https://www.continente.pt/produto/queijo-de-mistura-amanteigado-queijaria-licinia-7825490.html,frescos,2025-04-21,Continente
Queijo Serra da Estrela DOP,4838795,16.69,"€33,38/kg",Continente Seleção,Frescos/Queijos/Amanteigado,https://www.continente.pt/dw/image/v2/BDVS_PRD/on/demandware.static/-/Sites-col-master-catalog/default/dwc1636f50/images/col/483/4838795-frente.jpg?sw=280&sh=280,emb. 500 gr (aprox.),https://www.continente.pt/produto/queijo-serra-da-estrela-dop-continente-selecao-4838795.html,frescos,2025-04-21,Continente
Choco Limpo Higienizado Congelado,6845309,13.99,"€11,19/un",,"Frescos/Peixaria/Polvo, Lulas e Chocos/Congelado",https://www.continente.pt/dw/image/v2/BDVS_PRD/on/demandware.static/-/Sites-col-master-catalog/default/dw91c35eca/images/col/684/6845309-topshot.jpg?sw=280&sh=280,Quant. Mínima = 800 gr,https://www.continente.pt/produto/choco-limpo-higienizado-congelado-6845309.html,frescos,2025-04-21,Continente
Panquecas,8401283,2.99,"€13,84/kg",Bimbo,Frescos/Padaria e Pastelaria/Croissants e Pães de Leite,https://www.continente.pt/dw/image/v2/BDVS_PRD/on/demandware.static/-/Sites-col-master-catalog/default/dw44e07395/images/col/840/8401283-frente.jpg?sw=280&sh=280,emb. 216 gr (8 un),https://www.continente.pt/produto/panquecas-bimbo-8401283.html,frescos,2025-04-21,Continente
Bacalhau Graúdo 1ª Islândia Seco,5900328,16.99,"€47,57/un",Continente Seleção,Frescos/Peixaria/Bacalhau/Seco,https://www.continente.pt/dw/image/v2/BDVS_PRD/on/demandware.static/-/Sites-col-master-catalog/default/dwca2f9671/images/col/590/5900328-cima.jpg?sw=280&sh=280,Quant. Mínima = 1 un (2 a 3 kg),https://www.continente.pt/produto/bacalhau-graudo-1-islandia-seco-continente-selecao-5900328.html,frescos,2025-04-21,Continente
Pinhão,7458389,10.99,"€109,90/kg",Os Originais,"Frescos/Frutas/Frutos Secos, Desidratados e Sementes/Frutos Secos",https://www.continente.pt/dw/image/v2/BDVS_PRD/on/demandware.static/-/Sites-col-master-catalog/default/dw43e04298/images/col/745/7458389-frente.jpg?sw=280&sh=280,emb. 100 gr,https://www.continente.pt/produto/pinhao-os-originais-7458389.html,frescos,2025-04-21,Continente
Queijo Ricotta,7106551,2.49,"€9,96/kg",Granarolo,"Frescos/Queijos/Fresco, Requeijão e Mozzarella",https://www.continente.pt/dw/image/v2/BDVS_PRD/on/demandware.static/-/Sites-col-master-catalog/default/dwb6e74f14/images/col/710/7106551-frente.jpg?sw=280&sh=280,emb. 250 gr,https://www.continente.pt/produto/queijo-ricotta-granarolo-7106551.html,frescos,2025-04-21,Continente
Merendeira de Ovelha Amanteigada,8059960,9.98,"€19,96/kg",A Nossa Queijaria,Frescos/Queijos/Amanteigado,https://www.continente.pt/dw/image/v2/BDVS_PRD/on/demandware.static/-/Sites-col-master-catalog/default/dw61685526/images/col/805/8059960-topshot.jpg?sw=280&sh=280,emb. 500 gr (aprox.),https://www.continente.pt/produto/merendeira-de-ovelha-amanteigada-a-nossa-queijaria-8059960.html,frescos,2025-04-21,Continente
Linguiça Fina de Porco Preto,7358498,3.99,"€22,17/kg",Miguel & Miguel,Frescos/Charcutaria/Salsichas e Linguiças,https://www.continente.pt/dw/image/v2/BDVS_PRD/on/demandware.static/-/Sites-col-master-catalog/default/dw9d02f54a/images/col/735/7358498-frente.jpg?sw=280&sh=280,emb. 180 gr,https://www.continente.pt/produto/linguica-fina-de-porco-preto-miguel-miguel-7358498.html,frescos,2025-04-21,Continente
Pudim de Ovos,7033350,5.09,"€10,18/kg",Continente,Frescos/Padaria e Pastelaria/Bolos e Sobremesas,https://www.continente.pt/dw/image/v2/BDVS_PRD/on/demandware.static/-/Sites-col-master-catalog/default/dw317fbb25/images/col/703/7033350-cima.jpg?sw=280&sh=280,emb. 500 gr,https://www.continente.pt/produto/pudim-de-ovos-continente-7033350.html,frescos,2025-04-21,Continente
Miolo de Camarão Grande Cru 40/50 Ultracongelado,8153887,6.39,"€21,30/kg",Pescanova,Frescos/Peixaria/Marisco/Congelado,https://www.continente.pt/dw/image/v2/BDVS_PRD/on/demandware.static/-/Sites-col-master-catalog/default/dw3d972864/images/col/815/8153887-frente.jpg?sw=280&sh=280,emb. 300 gr,https://www.continente.pt/produto/miolo-de-camarao-grande-cru-40-50-ultracongelado-pescanova-8153887.html,frescos,2025-04-21,Continente
Queijo de Ovelha Curado Apimentado,6430539,2.78,"€18,53/kg",Queijaria Licínia,Frescos/Queijos/Curado,https://www.continente.pt/dw/image/v2/BDVS_PRD/on/demandware.static/-/Sites-col-master-catalog/default/dw79c008a4/images/col/643/6430539-frente.jpg?sw=280&sh=280,emb. 150 gr (aprox.),https://www.continente.pt/produto/queijo-de-ovelha-curado-apimentado-queijaria-licinia-6430539.html,frescos,2025-04-21,Continente
Esses de Azeitão,4735957,4.19,"€17,46/kg",Azeitonense,Frescos/Padaria e Pastelaria/Biscoitos,https://www.continente.pt/dw/image/v2/BDVS_PRD/on/demandware.static/-/Sites-col-master-catalog/default/dwc95d8ee5/images/col/473/4735957-frente.jpg?sw=280&sh=280,emb. 240 gr,https://www.continente.pt/produto/esses-de-azeitao-azeitonense-4735957.html,frescos,2025-04-21,Continente
Perna de Frango do Campo,6926717,7.49,"€5,62/un",Sada,Frescos/Talho/Frango e Peru/Frango,https://www.continente.pt/dw/image/v2/BDVS_PRD/on/demandware.static/-/Sites-col-master-catalog/default/dw9076d9f6/images/col/692/6926717-frente.jpg?sw=280&sh=280,emb. 750 gr (aprox.),https://www.continente.pt/produto/perna-de-frango-do-campo-sada-6926717.html,frescos,2025-04-21,Continente
Ovas de Bacalhau Higienizadas Congeladas,7799798,23.3,"€9,32/un",Frip,Frescos/Peixaria/Bacalhau/Congelado,https://www.continente.pt/dw/image/v2/BDVS_PRD/on/demandware.static/-/Sites-col-master-catalog/default/dwd17dc7f4/images/col/779/7799798-cima.jpg?sw=280&sh=280,Quant. Mínima = 400 gr,https://www.continente.pt/produto/ovas-de-bacalhau-higienizadas-congeladas-frip-7799798.html,frescos,2025-04-21,Continente
Hambúrguer de Salmão e Queijo,8374255,2.99,"€18,69/kg",Embumar,Frescos/Peixaria/Peixe Fresco,https://www.continente.pt/dw/image/v2/BDVS_PRD/on/demandware.static/-/Sites-col-master-catalog/default/dw64c5ef26/images/col/837/8374255-frente.jpg?sw=280&sh=280,2 un x 80 gr (160 gr),https://www.continente.pt/produto/hamburguer-de-salmao-e-queijo-embumar-8374255.html,frescos,2025-04-21,Continente
Sandes de Atum e Ovo,5560090,1.85,"€10,57/kg",Continente,"Frescos/Take Away/Grab&Go/Hambúrgueres, Sandes e Wraps",https://www.continente.pt/dw/image/v2/BDVS_PRD/on/demandware.static/-/Sites-col-master-catalog/default/dw82487850/images/col/556/5560090-frente.jpg?sw=280&sh=280,emb. 175 gr (2 un),https://www.continente.pt/produto/sandes-de-atum-e-ovo-continente-5560090.html,frescos,2025-04-21,Continente
Tremoço Miúdo,5610197,4.79,"€2,40/kg",Continente,Frescos/Legumes/Tremoços e Azeitonas,https://www.continente.pt/dw/image/v2/BDVS_PRD/on/demandware.static/-/Sites-col-master-catalog/default/dw2851cfcf/images/col/561/5610197-frente.jpg?sw=280&sh=280,emb. 2 kg,https://www.continente.pt/produto/tremoco-miudo-continente-5610197.html,frescos,2025-04-21,Continente
Queijo de Ovelha Amanteigado,7388888,10.19,"€20,38/kg",Pastor Serrano,Frescos/Queijos/Amanteigado,https://www.continente.pt/dw/image/v2/BDVS_PRD/on/demandware.static/-/Sites-col-master-catalog/default/dwb4bf69d3/images/col/738/7388888-frente-aberto.jpg?sw=280&sh=280,emb. 500 gr (aprox.),https://www.continente.pt/produto/queijo-de-ovelha-amanteigado-pastor-serrano-7388888.html,frescos,2025-04-21,Continente
Bacalhau Graúdo 1ª Noruega Seco,3590089,15.99,"€38,22/un",Continente Seleção,Frescos/Peixaria/Bacalhau/Seco,https://www.continente.pt/dw/image/v2/BDVS_PRD/on/demandware.static/-/Sites-col-master-catalog/default/dw78342026/images/col/359/3590089-frente.jpg?sw=280&sh=280,Quant. Mínima = 1 un (2 a 3 kg),https://www.continente.pt/produto/bacalhau-graudo-1-noruega-seco-continente-selecao-3590089.html,frescos,2025-04-21,Continente
Broas do Moinho,5000715,3.99,"€11,40/kg",Susana Vieira,Frescos/Padaria e Pastelaria/Biscoitos,https://www.continente.pt/dw/image/v2/BDVS_PRD/on/demandware.static/-/Sites-col-master-catalog/default/dw2d86b901/images/col/500/5000715-frente.jpg?sw=280&sh=280,emb. 350 gr,https://www.continente.pt/produto/broas-do-moinho-susana-vieira-5000715.html,frescos,2025-04-21,Continente
Pasta de Delícias do Mar,7326297,2.49,"€9,96/kg",Derovo,Frescos/Take Away/Grab&Go/Pastas e Dips,https://www.continente.pt/dw/image/v2/BDVS_PRD/on/demandware.static/-/Sites-col-master-catalog/default/dw1c8963df/images/col/732/7326297-frente.jpg?sw=280&sh=280,emb. 250 gr,https://www.continente.pt/produto/pasta-de-delicias-do-mar-derovo-7326297.html,frescos,2025-04-21,Continente
Queijo Gouda com Ervas Balcão,7925421,18.99,"€5,70/un",Landana,Frescos/Queijos/Queijos do Mundo,https://www.continente.pt/dw/image/v2/BDVS_PRD/on/demandware.static/-/Sites-col-master-catalog/default/dwaa9fc24f/images/col/792/7925421-frente.jpg?sw=280&sh=280,Quant. Mínima = 200 gr,https://www.continente.pt/produto/queijo-gouda-com-ervas-balcao-landana-7925421.html,frescos,2025-04-21,Continente
Tiras de Entrecosto de Porco com Marinada Mexicana,8170547,9.69,"€9,21/un",Continente,Frescos/Talho/Pronto a Cozinhar,https://www.continente.pt/dw/image/v2/BDVS_PRD/on/demandware.static/-/Sites-col-master-catalog/default/dwa4625ee8/images/col/817/8170547-topshot-1.jpg?sw=280&sh=280,emb. 950 gr (aprox.),https://www.continente.pt/produto/tiras-de-entrecosto-de-porco-com-marinada-mexicana-continente-8170547.html,frescos,2025-04-21,Continente
Asinhas de Frango Biológico,7461864,6.59,"€3,30/un",Campoaves,"Bio e Saudável/Biológicos/Peixaria, Talho e Alternativas",https://www.continente.pt/dw/image/v2/BDVS_PRD/on/demandware.static/-/Sites-col-master-catalog/default/dw84d69fcd/images/col/746/7461864-frente.jpg?sw=280&sh=280,emb. 500 gr (aprox.),https://www.continente.pt/produto/asinhas-de-frango-biologico-campoaves-7461864.html,frescos,2025-04-21,Continente
Hambúrguer de Frango Crocante,7680550,2.79,"€11,63/kg",ElPozo,Frescos/Talho/Pronto a Cozinhar,https://www.continente.pt/dw/image/v2/BDVS_PRD/on/demandware.static/-/Sites-col-master-catalog/default/dw5bd38aca/images/col/768/7680550-cima.jpg?sw=280&sh=280,2 un x 130 gr (260 gr),https://www.continente.pt/produto/hamburguer-de-frango-crocante-elpozo-7680550.html,frescos,2025-04-21,Continente
Queijo de Vaca Curado,2116793,11.99,"€7,19/un",Quinta dos Ingleses,Frescos/Queijos/Curado,https://www.continente.pt/dw/image/v2/BDVS_PRD/on/demandware.static/-/Sites-col-master-catalog/default/dw98d1fe8e/images/col/211/2116793-frente.jpg?sw=280&sh=280,Quant. Mínima = 600 gr (1/2 queijo),https://www.continente.pt/produto/queijo-de-vaca-curado-quinta-dos-ingleses-2116793.html,frescos,2025-04-21,Continente
Unhas de Porco Congeladas,7484545,2.29,"€2,29/un",Continente,Frescos/Talho/Porco,https://www.continente.pt/dw/image/v2/BDVS_PRD/on/demandware.static/-/Sites-col-master-catalog/default/dwc49c21e0/images/col/748/7484545-frente.jpg?sw=280&sh=280,emb. 1 kg (aprox.),https://www.continente.pt/produto/unhas-de-porco-congeladas-continente-7484545.html,frescos,2025-04-21,Continente
Pescada Grande do Cabo Congelada,5717621,8.49,"€15,28/un",,Frescos/Peixaria/Peixe Congelado,https://www.continente.pt/dw/image/v2/BDVS_PRD/on/demandware.static/-/Sites-col-master-catalog/default/dwd2ecd184/images/col/571/5717621-frente.jpg?sw=280&sh=280,"Quant. Mínima = 1,8 kg",https://www.continente.pt/produto/pescada-grande-do-cabo-congelada-5717621.html,frescos,2025-04-21,Continente
Pitaia Vermelha,8154517,3.99,"€13,30/kg",Continente,Frescos/Frutas/Uvas e Tropicais,https://www.continente.pt/dw/image/v2/BDVS_PRD/on/demandware.static/-/Sites-col-master-catalog/default/dw44fc19ec/images/col/815/8154517-cima.jpg?sw=280&sh=280,emb. 300 gr,https://www.continente.pt/produto/pitaia-vermelha-continente-8154517.html,frescos,2025-04-21,Continente
Pão Tostado,7248340,2.49,"€6,00/kg",Brioche Pasquier,"Frescos/Padaria e Pastelaria/Tostas, Gressinos e Croutons",https://www.continente.pt/dw/image/v2/BDVS_PRD/on/demandware.static/-/Sites-col-master-catalog/default/dw4d398547/images/col/724/7248340-direito.jpg?sw=280&sh=280,2 un x 208 gr (415 gr),https://www.continente.pt/produto/pao-tostado-brioche-pasquier-7248340.html,frescos,2025-04-21,Continente
Queijo de Mistura Regional e Queijo de Mistura Pimentão,6617937,4.79,"€21,77/kg",Herdade da Maia,Frescos/Queijos/Curado,https://www.continente.pt/dw/image/v2/BDVS_PRD/on/demandware.static/-/Sites-col-master-catalog/default/dwfdb96f9b/images/col/661/6617937-frente.jpg?sw=280&sh=280,2 un x 100 gr (200 gr),https://www.continente.pt/produto/queijo-de-mistura-regional-e-queijo-de-mistura-pimentao-herdade-da-maia-6617937.html,frescos,2025-04-21,Continente
Queijo de Mistura Curado,7627372,5.39,"€11,98/kg",Alvelhe,Frescos/Queijos/Curado,https://www.continente.pt/dw/image/v2/BDVS_PRD/on/demandware.static/-/Sites-col-master-catalog/default/dwf23ebf13/images/col/762/7627372-frente.jpg?sw=280&sh=280,emb. 450 gr (aprox.),https://www.continente.pt/produto/queijo-de-mistura-curado-alvelhe-7627372.html,frescos,2025-04-21,Continente
Curcuma Biológica Fresca,6367104,1.39,"€11,12/kg",Continente Bio,"Frescos/Legumes/Cogumelos, Espargos e Exóticos",https://www.continente.pt/dw/image/v2/BDVS_PRD/on/demandware.static/-/Sites-col-master-catalog/default/dw628f8e2a/images/col/636/6367104-frente.jpg?sw=280&sh=280,emb. 125 gr,https://www.continente.pt/produto/curcuma-biologica-fresca-continente-bio-6367104.html,frescos,2025-04-21,Continente
Lula da Patagónia Inteira Ultracongelada,7399887,7.99,"€9,40/kg",Continente,"Frescos/Peixaria/Polvo, Lulas e Chocos/Congelado",https://www.continente.pt/dw/image/v2/BDVS_PRD/on/demandware.static/-/Sites-col-master-catalog/default/dw1ed1d49c/images/col/739/7399887-frente.jpg?sw=280&sh=280,emb. 850 gr,https://www.continente.pt/produto/lula-da-patagonia-inteira-ultracongelada-continente-7399887.html,frescos,2025-04-21,Continente
Queijo Flamengo Bola,8084192,5.49,"€9,98/kg",A Nossa Queijaria,Frescos/Queijos/Fatiado e Bolas,https://www.continente.pt/dw/image/v2/BDVS_PRD/on/demandware.static/-/Sites-col-master-catalog/default/dw726c34b7/images/col/808/8084192-topshot.jpg?sw=280&sh=280,emb. 550 gr,https://www.continente.pt/produto/queijo-flamengo-bola-a-nossa-queijaria-8084192.html,frescos,2025-04-21,Continente
Merendeira de Ovelha Amanteigada,7365354,9.89,"€19,78/kg",Casa Matias,Frescos/Queijos/Amanteigado,https://www.continente.pt/dw/image/v2/BDVS_PRD/on/demandware.static/-/Sites-col-master-catalog/default/dw8e8621dd/images/col/736/7365354-cima.jpg?sw=280&sh=280,emb. 500 gr (aprox.),https://www.continente.pt/produto/merendeira-de-ovelha-amanteigada-casa-matias-7365354.html,frescos,2025-04-21,Continente
Hambúrguer de Cavala Congelada,8112643,4.49,"€20,41/kg",Portugal Fish,Frescos/Peixaria/Peixe Congelado,https://www.continente.pt/dw/image/v2/BDVS_PRD/on/demandware.static/-/Sites-col-master-catalog/default/dw0b473d0d/images/col/811/8112643-frente.jpg?sw=280&sh=280,emb. 220 gr,https://www.continente.pt/produto/hamburguer-de-cavala-congelada-portugal-fish-8112643.html,frescos,2025-04-21,Continente
Mix Frutos Secos Atividade,7237246,0.99,"€19,80/kg",Continente,"Frescos/Frutas/Frutos Secos, Desidratados e Sementes/Frutos Secos",https://www.continente.pt/dw/image/v2/BDVS_PRD/on/demandware.static/-/Sites-col-master-catalog/default/dw1751744e/images/col/723/7237246-frente.jpg?sw=280&sh=280,emb. 50 gr,https://www.continente.pt/produto/mix-frutos-secos-atividade-continente-7237246.html,frescos,2025-04-21,Continente
Lombinhos de Bacalhau MSC Demolhado Ultracongelado,8057907,7.49,"€12,48/kg",Continente,Frescos/Peixaria/Bacalhau/Congelado,https://www.continente.pt/dw/image/v2/BDVS_PRD/on/demandware.static/-/Sites-col-master-catalog/default/dw2a97bcc0/images/col/805/8057907-topshot.jpg?sw=280&sh=280,emb. 600 gr,https://www.continente.pt/produto/lombinhos-de-bacalhau-msc-demolhado-ultracongelado-continente-8057907.html,frescos,2025-04-21,Continente
Bocados Originais de Proteína Vegetal,7933617,4.49,"€28,06/kg",Heura,Frescos/Take Away/Vegetariano e Vegan/Pronto a Cozinhar,https://www.continente.pt/dw/image/v2/BDVS_PRD/on/demandware.static/-/Sites-col-master-catalog/default/dw5b764b4e/images/col/793/7933617-frente.jpg?sw=280&sh=280,emb. 160 gr,https://www.continente.pt/produto/bocados-originais-de-proteina-vegetal-heura-7933617.html,frescos,2025-04-21,Continente
Hambúrguer de Salmão Congelado,8112644,4.49,"€20,41/kg",Portugal Fish,Frescos/Peixaria/Peixe Congelado,https://www.continente.pt/dw/image/v2/BDVS_PRD/on/demandware.static/-/Sites-col-master-catalog/default/dwddc6f2e2/images/col/811/8112644-frente.jpg?sw=280&sh=280,emb. 220 gr,https://www.continente.pt/produto/hamburguer-de-salmao-congelado-portugal-fish-8112644.html,frescos,2025-04-21,Continente
Lombo de Salmão Fresco,8299056,5.59,"€22,36/kg",Continente,"Frescos/Peixaria/Filetes, Lombos e Postas/Fresco",https://www.continente.pt/dw/image/v2/BDVS_PRD/on/demandware.static/-/Sites-col-master-catalog/default/dwb2cf3c51/images/col/829/8299056-topshot.jpg?sw=280&sh=280,2 un x 125 gr (250 gr),https://www.continente.pt/produto/lombo-de-salmao-fresco-continente-8299056.html,frescos,2025-04-21,Continente
Queijo Pecorino Romano DOP Ralado,7196354,2.99,"€42,71/kg",Granarolo,Frescos/Queijos/Ralado,https://www.continente.pt/dw/image/v2/BDVS_PRD/on/demandware.static/-/Sites-col-master-catalog/default/dw7b11012e/images/col/719/7196354-frente.jpg?sw=280&sh=280,emb. 70 gr,https://www.continente.pt/produto/queijo-pecorino-romano-dop-ralado-granarolo-7196354.html,frescos,2025-04-21,Continente
Perna de Frango Biológico,7461732,13.29,"€8,64/un",Campoaves,"Bio e Saudável/Biológicos/Peixaria, Talho e Alternativas",https://www.continente.pt/dw/image/v2/BDVS_PRD/on/demandware.static/-/Sites-col-master-catalog/default/dw1ff490a9/images/col/746/7461732-frente.jpg?sw=280&sh=280,emb. 650 gr (aprox.),https://www.continente.pt/produto/perna-de-frango-biologico-campoaves-7461732.html,frescos,2025-04-21,Continente
Lombos de Pescada Congelada,8212257,0.89,"€8,90/kg",,"Frescos/Peixaria/Filetes, Lombos e Postas/Congelado",https://www.continente.pt/dw/image/v2/BDVS_PRD/on/demandware.static/-/Sites-col-master-catalog/default/dw8ac76373/images/col/821/8212257-cima-acessorio.jpg?sw=280&sh=280,emb. 100 gr,https://www.continente.pt/produto/lombos-de-pescada-congelada-8212257.html,frescos,2025-04-21,Continente
Tarte de Requeijão,7969403,6.69,"€13,38/kg",Da Nossa Pastelaria,Frescos/Padaria e Pastelaria/Bolos e Sobremesas,https://www.continente.pt/dw/image/v2/BDVS_PRD/on/demandware.static/-/Sites-col-master-catalog/default/dwc688b6a7/images/col/796/7969403-frente.jpg?sw=280&sh=280,emb. 500 gr,https://www.continente.pt/produto/tarte-de-requeijao-da-nossa-pastelaria-7969403.html,frescos,2025-04-21,Continente
Entrecosto de Porco para Fritar,4503717,4.99,"€4,74/un",Continente,Frescos/Talho/Porco,https://www.continente.pt/dw/image/v2/BDVS_PRD/on/demandware.static/-/Sites-col-master-catalog/default/dw839c3ef6/images/col/450/4503717-cima.jpg?sw=280&sh=280,emb. 950 gr (aprox.),https://www.continente.pt/produto/entrecosto-de-porco-para-fritar-continente-4503717.html,frescos,2025-04-21,Continente
Flat Bread,8069208,1.99,"€11,71/kg",,Frescos/Padaria e Pastelaria/Pão do Dia e Broa,https://www.continente.pt/dw/image/v2/BDVS_PRD/on/demandware.static/-/Sites-col-master-catalog/default/dw75ec9b8b/images/col/806/8069208-cima.jpg?sw=280&sh=280,emb. 170 gr,https://www.continente.pt/produto/flat-bread-8069208.html,frescos,2025-04-21,Continente
Dunkin Pistácio,8362120,2.99,"€39,87/kg",Dunkin,Frescos/Padaria e Pastelaria/Pastelaria Sortida,https://www.continente.pt/dw/image/v2/BDVS_PRD/on/demandware.static/-/Sites-col-master-catalog/default/dwcb4923ec/images/col/836/8362120-frente.jpg?sw=280&sh=280,emb. 2 un,https://www.continente.pt/produto/dunkin-pistacio-dunkin-8362120.html,frescos,2025-04-21,Continente
Cocktail de Marisco Congelado,7577623,4.49,"€11,23/kg",Continente,Frescos/Peixaria/Marisco/Congelado,https://www.continente.pt/dw/image/v2/BDVS_PRD/on/demandware.static/-/Sites-col-master-catalog/default/dw6a4352e0/images/col/757/7577623-cima.jpg?sw=280&sh=280,emb. 400 gr,https://www.continente.pt/produto/cocktail-de-marisco-congelado-continente-7577623.html,frescos,2025-04-21,Continente
Dunkin Cheesecake Crumble,7333826,2.89,"€37,53/kg",Dunkin,Frescos/Padaria e Pastelaria/Pastelaria Sortida,https://www.continente.pt/dw/image/v2/BDVS_PRD/on/demandware.static/-/Sites-col-master-catalog/default/dwc6f2b446/images/col/733/7333826-frente.jpg?sw=280&sh=280,emb. 2 un,https://www.continente.pt/produto/dunkin-cheesecake-crumble-dunkin-7333826.html,frescos,2025-04-21,Continente
Bifes de Soja com Molho Tomate,4228857,4.49,"€17,96/kg",Cem Porcento,Bio e Saudável/Vegetariano e Vegan/Alternativas Carne e Peixe,https://www.continente.pt/dw/image/v2/BDVS_PRD/on/demandware.static/-/Sites-col-master-catalog/default/dwc149f94d/images/col/422/4228857-direito.jpg?sw=280&sh=280,emb. 250 gr,https://www.continente.pt/produto/bifes-de-soja-com-molho-tomate-cem-porcento-4228857.html,frescos,2025-04-21,Continente
Costeleta de Porco Ibérico Fatiada no Balcão,6669983,11.99,"€3,00/un",ElPozo,Frescos/Talho/Porco,https://www.continente.pt/dw/image/v2/BDVS_PRD/on/demandware.static/-/Sites-col-master-catalog/default/dwae8833f6/images/col/666/6669983-cima.jpg?sw=280&sh=280,Quant. Mínima = 500 gr (aprox. 2 fatias),https://www.continente.pt/produto/costeleta-de-porco-iberico-fatiada-no-balcao-elpozo-6669983.html,frescos,2025-04-21,Continente
Dots Pistácio,8060418,0.95,"€13,01/kg",Dots,Frescos/Padaria e Pastelaria/Pastelaria Sortida,https://www.continente.pt/dw/image/v2/BDVS_PRD/on/demandware.static/-/Sites-col-master-catalog/default/dwe2369a3d/images/col/806/8060418-topshot.jpg?sw=280&sh=280,1 un,https://www.continente.pt/produto/dots-pistacio-dots-8060418.html,frescos,2025-04-21,Continente
Queijo Brie,8193502,6.99,"€13,98/kg",Paysan Breton,Frescos/Queijos/Queijos do Mundo,https://www.continente.pt/dw/image/v2/BDVS_PRD/on/demandware.static/-/Sites-col-master-catalog/default/dwfa9684e4/images/col/819/8193502-cima.png?sw=280&sh=280,emb. 500 gr,https://www.continente.pt/produto/queijo-brie-paysan-breton-8193502.html,frescos,2025-04-21,Continente
Queijo de Ovelha Curado,7996741,8.99,"€17,98/kg",Continente,Frescos/Queijos/Curado,https://www.continente.pt/dw/image/v2/BDVS_PRD/on/demandware.static/-/Sites-col-master-catalog/default/dwa1af7a29/images/col/799/7996741-topshot.jpg?sw=280&sh=280,emb. 500 gr (aprox.),https://www.continente.pt/produto/queijo-de-ovelha-curado-continente-7996741.html,frescos,2025-04-21,Continente
Petinga Fresca,2150700,6.99,"€0,28/un",,Frescos/Peixaria/Peixe Fresco,https://www.continente.pt/dw/image/v2/BDVS_PRD/on/demandware.static/-/Sites-col-master-catalog/default/dwf3c24b9e/images/col/215/2150700-frente.jpg?sw=280&sh=280,Quant. Mínima = 400gr (10 un),https://www.continente.pt/produto/petinga-fresca-2150700.html,frescos,2025-04-21,Continente
Mix Saladas Rosa,7595507,1.99,"€15,92/kg",Frusel,"Frescos/Frutas/Frutos Secos, Desidratados e Sementes/Frutos Secos",https://www.continente.pt/dw/image/v2/BDVS_PRD/on/demandware.static/-/Sites-col-master-catalog/default/dw5b1fcd02/images/col/759/7595507-frente.jpg?sw=280&sh=280,emb. 125 gr,https://www.continente.pt/produto/mix-saladas-rosa-frusel-7595507.html,frescos,2025-04-21,Continente
Queijo Gorgonzola Piccante DOP Balcão,7324772,20.99,"€6,30/un",Arrigoni,Frescos/Queijos/Queijos do Mundo,https://www.continente.pt/dw/image/v2/BDVS_PRD/on/demandware.static/-/Sites-col-master-catalog/default/dw0217a132/images/col/732/7324772-direito-fatia.jpg?sw=280&sh=280,Quant. Mínima = 300 gr,https://www.continente.pt/produto/queijo-gorgonzola-piccante-dop-balcao-arrigoni-7324772.html,frescos,2025-04-21,Continente
Línguas de Bacalhau 12 Meses de Cura Congelado,8156254,11.49,"€28,72/kg",Riberalves,Frescos/Peixaria/Bacalhau/Congelado,https://www.continente.pt/dw/image/v2/BDVS_PRD/on/demandware.static/-/Sites-col-master-catalog/default/dw466f3922/images/col/815/8156254-frente.jpg?sw=280&sh=280,emb. 400 gr,https://www.continente.pt/produto/linguas-de-bacalhau-12-meses-de-cura-congelado-riberalves-8156254.html,frescos,2025-04-21,Continente
Queijo de Ovelha para Barrar,6946762,1.99,"€19,90/kg",Cerrado do Vale,Frescos/Queijos/Snacks e Barrar,https://www.continente.pt/dw/image/v2/BDVS_PRD/on/demandware.static/-/Sites-col-master-catalog/default/dw4dca5071/images/col/694/6946762-frente.jpg?sw=280&sh=280,emb. 100 gr,https://www.continente.pt/produto/queijo-de-ovelha-para-barrar-cerrado-do-vale-6946762.html,frescos,2025-04-21,Continente
Queijo de Vaca Amanteigado,5711891,12.99,"€7,79/un",Fonte Mourisca,Frescos/Queijos/Amanteigado,https://www.continente.pt/dw/image/v2/BDVS_PRD/on/demandware.static/-/Sites-col-master-catalog/default/dw2e44b22e/images/col/571/5711891-frente.jpg?sw=280&sh=280,Quant. Mínima = 600 gr (1/2 queijo),https://www.continente.pt/produto/queijo-de-vaca-amanteigado-fonte-mourisca-5711891.html,frescos,2025-04-21,Continente
Espetadas de Porco Preto com Pimentos Ultracongeladas,7182951,12.99,"€6,50/un",Valbolota by Miguel & Miguel,Frescos/Talho/Pronto a Cozinhar,https://www.continente.pt/dw/image/v2/BDVS_PRD/on/demandware.static/-/Sites-col-master-catalog/default/dw655f763d/images/col/718/7182951-cima.jpg?sw=280&sh=280,emb. 500 gr (aprox.),https://www.continente.pt/produto/espetadas-de-porco-preto-com-pimentos-ultracongeladas-valbolota-by-miguel-miguel-7182951.html,frescos,2025-04-21,Continente
Patê de Carne,5462466,2.49,"€19,92/kg",Hein,Frescos/Charcutaria/Tábuas e Aperitivos,https://www.continente.pt/dw/image/v2/BDVS_PRD/on/demandware.static/-/Sites-col-master-catalog/default/dw010d9589/images/col/546/5462466-cima-tabua.jpg?sw=280&sh=280,emb. 125 gr,https://www.continente.pt/produto/pate-de-carne-hein-5462466.html,frescos,2025-04-21,Continente
Queijo de Vaca Curado Meio Gordo,7996739,4.69,"€9,38/kg",Continente,Frescos/Queijos/Curado,https://www.continente.pt/dw/image/v2/BDVS_PRD/on/demandware.static/-/Sites-col-master-catalog/default/dwe5a7bb4e/images/col/799/7996739-topshot.jpg?sw=280&sh=280,emb. 500 gr (aprox.),https://www.continente.pt/produto/queijo-de-vaca-curado-meio-gordo-continente-7996739.html,frescos,2025-04-21,Continente
Queijo de Ovelha Seia Amanteigado,2112222,17.49,"€18,36/un",Seia do Tavares,Frescos/Queijos/Amanteigado,https://www.continente.pt/dw/image/v2/BDVS_PRD/on/demandware.static/-/Sites-col-master-catalog/default/dwa6363387/images/col/211/2112222-frente.jpg?sw=280&sh=280,"Quant. Mínima = 1,05 kg",https://www.continente.pt/produto/queijo-de-ovelha-seia-amanteigado-seia-do-tavares-2112222.html,frescos,2025-04-21,Continente
Salpicão da Guarda,6679662,4.29,"€15,89/kg",Continente,"Frescos/Charcutaria/Salpicão, Paio e Fuet",https://www.continente.pt/dw/image/v2/BDVS_PRD/on/demandware.static/-/Sites-col-master-catalog/default/dw6613ae5c/images/col/667/6679662-frente.jpg?sw=280&sh=280,emb. 270 gr,https://www.continente.pt/produto/salpicao-da-guarda-continente-6679662.html,frescos,2025-04-21,Continente
Bolo de Chocolate,7776462,2.49,"€8,30/kg",Pastelaria Rolo,Frescos/Padaria e Pastelaria/Bolos e Sobremesas,https://www.continente.pt/dw/image/v2/BDVS_PRD/on/demandware.static/-/Sites-col-master-catalog/default/dweb46bb60/images/col/777/7776462-frente.jpg?sw=280&sh=280,emb. 300 gr,https://www.continente.pt/produto/bolo-de-chocolate-pastelaria-rolo-7776462.html,frescos,2025-04-21,Continente
Sumo 100% Manga Natural,7371139,4.99,"€9,98/lt",Continente,Frescos/Frutas/Sumos Espremidos na Hora,https://www.continente.pt/dw/image/v2/BDVS_PRD/on/demandware.static/-/Sites-col-master-catalog/default/dw597be9a6/images/col/737/7371139-frente-com-copo.jpg?sw=280&sh=280,emb. 50 cl,https://www.continente.pt/produto/sumo-100--manga-natural-continente-7371139.html,frescos,2025-04-21,Continente
Folhados de Bovino com Queijo e Bacon,7732099,9.39,"€4,23/un",Continente Fácil & Bom,Frescos/Talho/Pronto a Cozinhar,https://www.continente.pt/dw/image/v2/BDVS_PRD/on/demandware.static/-/Sites-col-master-catalog/default/dw89affbcf/images/col/773/7732099-topshot.jpg?sw=280&sh=280,emb. 450 gr (aprox.),https://www.continente.pt/produto/folhados-de-bovino-com-queijo-e-bacon-continente-facil-bom-7732099.html,frescos,2025-04-21,Continente
Caldeirada de Bacalhau MSC Congelado,7648620,4.89,"€6,99/kg",Riberalves,Frescos/Peixaria/Bacalhau/Congelado,https://www.continente.pt/dw/image/v2/BDVS_PRD/on/demandware.static/-/Sites-col-master-catalog/default/dw3cdad34f/images/col/764/7648620-frente.jpg?sw=280&sh=280,emb. 700 gr,https://www.continente.pt/produto/caldeirada-de-bacalhau-msc-congelado-riberalves-7648620.html,frescos,2025-04-21,Continente
Chouriço de Frango,6009111,4.69,"€26,06/kg",Quinta dos Fumeiros,Frescos/Charcutaria/Chouriço e Morcela,https://www.continente.pt/dw/image/v2/BDVS_PRD/on/demandware.static/-/Sites-col-master-catalog/default/dwa6dc4dbf/images/col/600/6009111-frente.jpg?sw=280&sh=280,emb. 180 gr,https://www.continente.pt/produto/chourico-de-frango-quinta-dos-fumeiros-6009111.html,frescos,2025-04-21,Continente
Tiras de Entrecosto de Porco Ibérico Balcão,6669982,11.99,"€8,39/un",Continente,Frescos/Talho/Porco,https://www.continente.pt/dw/image/v2/BDVS_PRD/on/demandware.static/-/Sites-col-master-catalog/default/dw038f42a4/images/col/666/6669982-frente.jpg?sw=280&sh=280,Quant. Mínima = 700 gr (1 un),https://www.continente.pt/produto/tiras-de-entrecosto-de-porco-iberico-balcao-continente-6669982.html,frescos,2025-04-21,Continente
Salada de Atum e Ovo,8028312,3.13,"€16,92/kg",Go Natural,Frescos/Take Away/Grab&Go/Saladas,https://www.continente.pt/dw/image/v2/BDVS_PRD/on/demandware.static/-/Sites-col-master-catalog/default/dweb4fe687/images/col/802/8028312-frente.jpg?sw=280&sh=280,emb. 218 gr,https://www.continente.pt/produto/salada-de-atum-e-ovo-go-natural-8028312.html,frescos,2025-04-21,Continente
Panko,7411504,3.79,"€16,70/kg",Kikkoman,Mercearia/Cozinhas do Mundo,https://www.continente.pt/dw/image/v2/BDVS_PRD/on/demandware.static/-/Sites-col-master-catalog/default/dwceca42cf/images/col/741/7411504-frente.jpg?sw=280&sh=280,emb. 227 gr,https://www.continente.pt/produto/panko-kikkoman-7411504.html,frescos,2025-04-21,Continente
Pescada Média do Chile Congelada,3727892,11.99,"€16,79/un",,Frescos/Peixaria/Peixe Congelado,https://www.continente.pt/dw/image/v2/BDVS_PRD/on/demandware.static/-/Sites-col-master-catalog/default/dw867638e7/images/col/372/3727892-frente.jpg?sw=280&sh=280,"Quant. Mínima = 1,4 kg",https://www.continente.pt/produto/pescada-media-do-chile-congelada-3727892.html,frescos,2025-04-21,Continente
Copita de Porco Preto Fatiada,7809250,4.59,"€51,00/kg",Continente Seleção,"Frescos/Charcutaria/Salpicão, Paio e Fuet",https://www.continente.pt/dw/image/v2/BDVS_PRD/on/demandware.static/-/Sites-col-master-catalog/default/dw92323478/images/col/780/7809250-cima.jpg?sw=280&sh=280,emb. 90 gr,https://www.continente.pt/produto/copita-de-porco-preto-fatiada-continente-selecao-7809250.html,frescos,2025-04-21,Continente
Queijo de Ovelha Amanteigado,4735193,12.59,"€27,98/kg",Guilherme,Frescos/Queijos/Amanteigado,https://www.continente.pt/dw/image/v2/BDVS_PRD/on/demandware.static/-/Sites-col-master-catalog/default/dw197615b5/images/col/473/4735193-frente.jpg?sw=280&sh=280,emb. 400 gr (aprox.),https://www.continente.pt/produto/queijo-de-ovelha-amanteigado-guilherme-4735193.html,frescos,2025-04-21,Continente
Bochechas de Porco Preto Congeladas,8063418,19.99,"€17,99/un",Miguel & Miguel,Frescos/Talho/Porco,https://www.continente.pt/dw/image/v2/BDVS_PRD/on/demandware.static/-/Sites-col-master-catalog/default/dw6e5a3e7f/images/col/806/8063418-frente.jpg?sw=280&sh=280,emb. 900 gr (aprox.),https://www.continente.pt/produto/bochechas-de-porco-preto-congeladas-miguel-miguel-8063418.html,frescos,2025-04-21,Continente
Queijo Azul com Trufa,8365828,3.99,"€26,60/kg",Granarolo,Frescos/Queijos/Queijos do Mundo,https://www.continente.pt/dw/image/v2/BDVS_PRD/on/demandware.static/-/Sites-col-master-catalog/default/dw606cbdb5/images/col/836/8365828-frente.png?sw=280&sh=280,emb. 150 gr,https://www.continente.pt/produto/queijo-azul-com-trufa-granarolo-8365828.html,frescos,2025-04-21,Continente
Filetes de Perca Gigante com Pele Ultracongelada,8295359,6.99,"€17,47/kg",Pescanova,"Frescos/Peixaria/Filetes, Lombos e Postas/Congelado",https://www.continente.pt/dw/image/v2/BDVS_PRD/on/demandware.static/-/Sites-col-master-catalog/default/dw7354214a/images/col/829/8295359-frente.jpg?sw=280&sh=280,emb. 400 gr,https://www.continente.pt/produto/filetes-de-perca-gigante-com-pele-ultracongelada-pescanova-8295359.html,frescos,2025-04-21,Continente
Miolo de Camarão Cozido 30/40 Fresco,7613022,6.99,"€27,96/un",Continente,Frescos/Peixaria/Marisco/Fresco e Cozido,https://www.continente.pt/dw/image/v2/BDVS_PRD/on/demandware.static/-/Sites-col-master-catalog/default/dw6a3c4ab0/images/col/761/7613022-topshot.jpg?sw=280&sh=280,emb. 250 gr,https://www.continente.pt/produto/miolo-de-camarao-cozido-30-40-fresco-continente-7613022.html,frescos,2025-04-21,Continente
Sapateira Cozida Ultracongelada,6028285,12.99,"€12,99/un",Continente Seleção,Frescos/Peixaria/Marisco/Congelado,https://www.continente.pt/dw/image/v2/BDVS_PRD/on/demandware.static/-/Sites-col-master-catalog/default/dw2d8ec0ef/images/col/602/6028285-frente.jpg?sw=280&sh=280,emb. 1 kg,https://www.continente.pt/produto/sapateira-cozida-ultracongelada-continente-selecao-6028285.html,frescos,2025-04-21,Continente
Camarão Selvagem de Madagáscar 30/40 Ultracongelado,6779470,19.49,"€24,36/kg",Continente Seleção,Frescos/Peixaria/Marisco/Congelado,https://www.continente.pt/dw/image/v2/BDVS_PRD/on/demandware.static/-/Sites-col-master-catalog/default/dwc884ba33/images/col/677/6779470-frente.jpg?sw=280&sh=280,emb. 800 gr,https://www.continente.pt/produto/camarao-selvagem-de-madagascar-30-40-ultracongelado-continente-selecao-6779470.html,frescos,2025-04-21,Continente
Salpicão do Lombo,7218726,4.99,"€21,70/kg",Quinta dos Fumeiros,"Frescos/Charcutaria/Salpicão, Paio e Fuet",https://www.continente.pt/dw/image/v2/BDVS_PRD/on/demandware.static/-/Sites-col-master-catalog/default/dw94c02d45/images/col/721/7218726-frente.jpg?sw=280&sh=280,emb. 230 gr,https://www.continente.pt/produto/salpicao-do-lombo-quinta-dos-fumeiros-7218726.html,frescos,2025-04-21,Continente
Cabaz de Frutas XL,6933257,22.99,"€2,55/kg",Continente,Frescos/Frutas/Cabazes de Frutas e Legumes,https://www.continente.pt/dw/image/v2/BDVS_PRD/on/demandware.static/-/Sites-col-master-catalog/default/dw7052649a/images/col/693/6933257-cima.jpg?sw=280&sh=280,emb. 9 kg,https://www.continente.pt/produto/cabaz-de-frutas-xl-continente-6933257.html,frescos,2025-04-21,Continente
Hambúrguer Vegan de Espinafres,7026920,4.39,"€27,44/kg",Nobre Vegalia,Frescos/Take Away/Vegetariano e Vegan/Pronto a Cozinhar,https://www.continente.pt/dw/image/v2/BDVS_PRD/on/demandware.static/-/Sites-col-master-catalog/default/dw82fd6c53/images/col/702/7026920-frente.jpg?sw=280&sh=280,emb. 160 gr (2 un),https://www.continente.pt/produto/hamburguer-vegan-de-espinafres-nobre-vegalia-7026920.html,frescos,2025-04-21,Continente
Mistura de Sementes Pequeno Almoço Biológicas,6625962,1.99,"€9,95/kg",Continente Bio,"Frescos/Frutas/Frutos Secos, Desidratados e Sementes/Sementes e Pevides",https://www.continente.pt/dw/image/v2/BDVS_PRD/on/demandware.static/-/Sites-col-master-catalog/default/dw8d1555b7/images/col/662/6625962-frente.jpg?sw=280&sh=280,emb. 200 gr,https://www.continente.pt/produto/mistura-de-sementes-pequeno-almoco-biologicas-continente-bio-6625962.html,frescos,2025-04-21,Continente
Beijinhos de Pombal,2422238,2.69,"€29,89/kg",Confeitaria Vale,Frescos/Padaria e Pastelaria/Biscoitos,https://www.continente.pt/dw/image/v2/BDVS_PRD/on/demandware.static/-/Sites-col-master-catalog/default/dwdee07ae1/images/col/242/2422238-frente.jpg?sw=280&sh=280,emb. 90 gr,https://www.continente.pt/produto/beijinhos-de-pombal-confeitaria-vale-2422238.html,frescos,2025-04-21,Continente
Salpicão de Porco Bísaro Fatiado,8110577,4.49,"€64,14/kg",Bísaro,"Frescos/Charcutaria/Salpicão, Paio e Fuet",https://www.continente.pt/dw/image/v2/BDVS_PRD/on/demandware.static/-/Sites-col-master-catalog/default/dw6a17ddc7/images/col/811/8110577-frente.jpg?sw=280&sh=280,emb. 70 gr,https://www.continente.pt/produto/salpicao-de-porco-bisaro-fatiado-bisaro-8110577.html,frescos,2025-04-21,Continente
Brioche Entrançado,8017740,3.78,"€9,45/kg",La Fournée Dorée,Frescos/Padaria e Pastelaria/Pão de Forma e Embalado,https://www.continente.pt/dw/image/v2/BDVS_PRD/on/demandware.static/-/Sites-col-master-catalog/default/dw5ea546d9/images/col/801/8017740-frente.jpg?sw=280&sh=280,emb. 400 gr,https://www.continente.pt/produto/brioche-entrancado-la-fournee-doree-8017740.html,frescos,2025-04-21,Continente
Queijo de Ovelha Curado,7778615,6.49,"€21,63/kg",Monte da Soalheira,Frescos/Queijos/Curado,https://www.continente.pt/dw/image/v2/BDVS_PRD/on/demandware.static/-/Sites-col-master-catalog/default/dwe709aec3/images/col/777/7778615-cima.jpg?sw=280&sh=280,emb. 300 gr (aprox.),https://www.continente.pt/produto/queijo-de-ovelha-curado-monte-da-soalheira-7778615.html,frescos,2025-04-21,Continente
Salada Moment Oliva,7839314,1.09,"€14,53/kg",Vitacress,"Frescos/Legumes/Saladas, Sopas e Salteados",https://www.continente.pt/dw/image/v2/BDVS_PRD/on/demandware.static/-/Sites-col-master-catalog/default/dw9b1b2edc/images/col/783/7839314-frente.jpg?sw=280&sh=280,emb. 75 gr,https://www.continente.pt/produto/salada-moment-oliva-vitacress-7839314.html,frescos,2025-04-21,Continente
Entrecosto de Porco Preto,6717023,2.49,"€9,96/kg",Miguel & Miguel,Frescos/Talho/Porco,https://www.continente.pt/dw/image/v2/BDVS_PRD/on/demandware.static/-/Sites-col-master-catalog/default/dw7e9cb7dd/images/col/671/6717023-frente.jpg?sw=280&sh=280,emb. 250 gr,https://www.continente.pt/produto/entrecosto-de-porco-preto-miguel-miguel-6717023.html,frescos,2025-04-21,Continente
Bolo Mármore sem Glúten,5296379,4.99,"€19,96/kg",Schär,Frescos/Padaria e Pastelaria/Bolos e Sobremesas,https://www.continente.pt/dw/image/v2/BDVS_PRD/on/demandware.static/-/Sites-col-master-catalog/default/dw6edce221/images/col/529/5296379-cima.jpg?sw=280&sh=280,emb. 250 gr,https://www.continente.pt/produto/bolo-marmore-sem-gluten-schar-5296379.html,frescos,2025-04-21,Continente
Pescada Grande da Argentina Congelada,2166842,6.99,"€9,09/un",,Frescos/Peixaria/Peixe Congelado,https://www.continente.pt/dw/image/v2/BDVS_PRD/on/demandware.static/-/Sites-col-master-catalog/default/dw8911e78f/images/col/216/2166842-frente.jpg?sw=280&sh=280,"Quant. Mínima = 1,3 kg",https://www.continente.pt/produto/pescada-grande-da-argentina-congelada-2166842.html,frescos,2025-04-21,Continente
Pão de Forma American Sandwich Fatiado,7804633,2.31,"€4,20/kg",Morato,Frescos/Padaria e Pastelaria/Pão de Forma e Embalado,https://www.continente.pt/dw/image/v2/BDVS_PRD/on/demandware.static/-/Sites-col-master-catalog/default/dwcc069aaa/images/col/780/7804633-frente.png?sw=280&sh=280,emb. 550 gr,https://www.continente.pt/produto/pao-de-forma-american-sandwich-fatiado-morato-7804633.html,frescos,2025-04-21,Continente
Massa Tenra Fresca,6899834,2.23,"€7,43/kg",Pasta do Dia,Frescos/Padaria e Pastelaria/Massas para Culinária,https://www.continente.pt/dw/image/v2/BDVS_PRD/on/demandware.static/-/Sites-col-master-catalog/default/dw30df5b6d/images/col/689/6899834-frente.jpg?sw=280&sh=280,emb. 300 gr,https://www.continente.pt/produto/massa-tenra-fresca-pasta-do-dia-6899834.html,frescos,2025-04-21,Continente
Pão de Ló com Ovos Moles de Aveiro Mini,8406735,1.99,"€28,43/kg",,Frescos/Padaria e Pastelaria/Bolos e Sobremesas,https://www.continente.pt/dw/image/v2/BDVS_PRD/on/demandware.static/-/Sites-col-master-catalog/default/dw9c967c51/images/col/840/8406735-topshot-1.jpg?sw=280&sh=280,emb. 70 gr,https://www.continente.pt/produto/pao-de-lo-com-ovos-moles-de-aveiro-mini-8406735.html,frescos,2025-04-21,Continente
Tostas de Cacau Biológicas sem Glúten,5979826,4.79,"€29,94/kg",Le Pain Fleurs,"Frescos/Padaria e Pastelaria/Tostas, Gressinos e Croutons",https://www.continente.pt/dw/image/v2/BDVS_PRD/on/demandware.static/-/Sites-col-master-catalog/default/dwdf5405bc/images/col/597/5979826-frente.jpg?sw=280&sh=280,emb.160 gr,https://www.continente.pt/produto/tostas-de-cacau-biologicas-sem-gluten-le-pain-fleurs-5979826.html,frescos,2025-04-21,Continente
Molho Tzatziki,7418255,1.99,"€11,06/kg",Continente,Frescos/Take Away/Grab&Go/Pastas e Dips,https://www.continente.pt/dw/image/v2/BDVS_PRD/on/demandware.static/-/Sites-col-master-catalog/default/dw4b1a0007/images/col/741/7418255-frente.jpg?sw=280&sh=280,emb. 180 gr,https://www.continente.pt/produto/molho-tzatziki-continente-7418255.html,frescos,2025-04-21,Continente
Bolo Brigadeiro,7624739,4.19,"€8,38/kg",Da Nossa Pastelaria,Frescos/Padaria e Pastelaria/Bolos e Sobremesas,https://www.continente.pt/dw/image/v2/BDVS_PRD/on/demandware.static/-/Sites-col-master-catalog/default/dw433ccf0c/images/col/762/7624739-cima.jpg?sw=280&sh=280,emb. 500 gr,https://www.continente.pt/produto/bolo-brigadeiro-da-nossa-pastelaria-7624739.html,frescos,2025-04-21,Continente
Amêndoa Torrada com Caramelo Salgado,7463412,2.99,"€19,93/kg",Os Originais,"Frescos/Frutas/Frutos Secos, Desidratados e Sementes/Frutos Secos",https://www.continente.pt/dw/image/v2/BDVS_PRD/on/demandware.static/-/Sites-col-master-catalog/default/dw0014e676/images/col/746/7463412-frente.jpg?sw=280&sh=280,emb. 150 gr,https://www.continente.pt/produto/amendoa-torrada-com-caramelo-salgado-os-originais-7463412.html,frescos,2025-04-21,Continente
Queijo de Cabra Curado,3023769,20.99,"€14,69/un",Quinta do Olival,Frescos/Queijos/Curado,https://www.continente.pt/dw/image/v2/BDVS_PRD/on/demandware.static/-/Sites-col-master-catalog/default/dw1179576d/images/col/302/3023769-cima.jpg?sw=280&sh=280,Quant. Mínima = 700 gr (1/2 queijo),https://www.continente.pt/produto/queijo-de-cabra-curado-quinta-do-olival-3023769.html,frescos,2025-04-21,Continente
Presunto Quartos,6441887,11.39,"€22,78/kg",Casa do Monte,Frescos/Charcutaria/Presunto,https://www.continente.pt/dw/image/v2/BDVS_PRD/on/demandware.static/-/Sites-col-master-catalog/default/dwa613cb32/images/col/644/6441887-esquerdo.jpg?sw=280&sh=280,emb. 500 gr,https://www.continente.pt/produto/presunto-quartos-casa-do-monte-6441887.html,frescos,2025-04-21,Continente
Pérolas de Queijo com Framboesa,7496227,2.69,"€21,52/kg",El Pastor,Frescos/Queijos/Tábuas e Aperitivos,https://www.continente.pt/dw/image/v2/BDVS_PRD/on/demandware.static/-/Sites-col-master-catalog/default/dw364c060a/images/col/749/7496227-frente.jpg?sw=280&sh=280,emb. 125 gr,https://www.continente.pt/produto/perolas-de-queijo-com-framboesa-el-pastor-7496227.html,frescos,2025-04-21,Continente
Rolo de Queijo Creme com Ananás e Amêndoa,7515407,1.79,"€17,90/kg",Primello,Frescos/Queijos/Queijos do Mundo,https://www.continente.pt/dw/image/v2/BDVS_PRD/on/demandware.static/-/Sites-col-master-catalog/default/dw74b856b4/images/col/751/7515407-frente.jpg?sw=280&sh=280,emb. 100 gr,https://www.continente.pt/produto/rolo-de-queijo-creme-com-ananas-e-amendoa-primello-7515407.html,frescos,2025-04-21,Continente
Postas Médias de Bacalhau MSC Higienizadas Congelado,7450969,7.19,"€2,09/un",Continente,Frescos/Peixaria/Bacalhau/Congelado,https://www.continente.pt/dw/image/v2/BDVS_PRD/on/demandware.static/-/Sites-col-master-catalog/default/dw84cf7253/images/col/745/7450969-cima.jpg?sw=280&sh=280,emb. 290 gr,https://www.continente.pt/produto/postas-medias-de-bacalhau-msc-higienizadas-congelado-continente-7450969.html,frescos,2025-04-21,Continente
Camarão Vannamei Grande 40/48 Ultracongelado,4511780,9.39,"€11,74/kg",Pescanova,Frescos/Peixaria/Marisco/Congelado,https://www.continente.pt/dw/image/v2/BDVS_PRD/on/demandware.static/-/Sites-col-master-catalog/default/dw4759caef/images/col/451/4511780-frente.png?sw=280&sh=280,emb. 800 gr,https://www.continente.pt/produto/camarao-vannamei-grande-40-48-ultracongelado-pescanova-4511780.html,frescos,2025-04-21,Continente
Queijo de Mistura Amanteigado,7096810,6.39,"€18,26/kg",Queijaria Licínia,Frescos/Queijos/Amanteigado,https://www.continente.pt/dw/image/v2/BDVS_PRD/on/demandware.static/-/Sites-col-master-catalog/default/dw44ff4958/images/col/709/7096810-frente.jpg?sw=280&sh=280,emb. 400 gr,https://www.continente.pt/produto/queijo-de-mistura-amanteigado-queijaria-licinia-7096810.html,frescos,2025-04-21,Continente
Plumas Porco Preto Congeladas,7211005,12.99,"€10,00/un",Miguel & Miguel,Frescos/Talho/Porco,https://www.continente.pt/dw/image/v2/BDVS_PRD/on/demandware.static/-/Sites-col-master-catalog/default/dwdb09e889/images/col/721/7211005-frente.jpg?sw=280&sh=280,emb. 770 gr (aprox.),https://www.continente.pt/produto/plumas-porco-preto-congeladas-miguel-miguel-7211005.html,frescos,2025-04-21,Continente
Pão de Forma Branco com Côdea sem Glúten,7431777,4.09,"€8,18/kg",Garcia,Frescos/Padaria e Pastelaria/Pão de Forma e Embalado,https://www.continente.pt/dw/image/v2/BDVS_PRD/on/demandware.static/-/Sites-col-master-catalog/default/dw19750db7/images/col/743/7431777-frente.jpg?sw=280&sh=280,emb. 500 gr,https://www.continente.pt/produto/pao-de-forma-branco-com-codea-sem-gluten-garcia-7431777.html,frescos,2025-04-21,Continente
Amêijoa Branca Nacional Congelada,6900967,8.99,"€5,84/un",,Frescos/Peixaria/Marisco/Congelado,https://www.continente.pt/dw/image/v2/BDVS_PRD/on/demandware.static/-/Sites-col-master-catalog/default/dwe3ef9101/images/col/690/6900967-frente.jpg?sw=280&sh=280,Quant. Mínima = 650 gr,https://www.continente.pt/produto/ameijoa-branca-nacional-congelada-6900967.html,frescos,2025-04-21,Continente
Mix Saladas Roxo,7595509,1.99,"€9,95/kg",Frusel,"Frescos/Frutas/Frutos Secos, Desidratados e Sementes/Frutos Secos",https://www.continente.pt/dw/image/v2/BDVS_PRD/on/demandware.static/-/Sites-col-master-catalog/default/dwac57b6ea/images/col/759/7595509-frente.jpg?sw=280&sh=280,emb. 200 gr,https://www.continente.pt/produto/mix-saladas-roxo-frusel-7595509.html,frescos,2025-04-21,Continente
Rim de Porco,2231827,4.99,"€3,89/un",Continente,Frescos/Talho/Porco,https://www.continente.pt/dw/image/v2/BDVS_PRD/on/demandware.static/-/Sites-col-master-catalog/default/dw2700a039/images/col/223/2231827-frente.jpg?sw=280&sh=280,emb. 780 gr (aprox.),https://www.continente.pt/produto/rim-de-porco-continente-2231827.html,frescos,2025-04-21,Continente
Misto de Enchidos de Porco Preto,7931934,2.99,"€19,93/kg",Continente,Frescos/Charcutaria/Salsichas e Linguiças,https://www.continente.pt/dw/image/v2/BDVS_PRD/on/demandware.static/-/Sites-col-master-catalog/default/dw44d17ac5/images/col/793/7931934-frente.jpg?sw=280&sh=280,emb. 150 gr,https://www.continente.pt/produto/misto-de-enchidos-de-porco-preto-continente-7931934.html,frescos,2025-04-21,Continente
Hambúrguer Cenoura e Algas,5248537,3.49,"€21,81/kg",Cem Porcento,Frescos/Take Away/Vegetariano e Vegan/Pronto a Cozinhar,https://www.continente.pt/dw/image/v2/BDVS_PRD/on/demandware.static/-/Sites-col-master-catalog/default/dw58436243/images/col/524/5248537-direito.jpg?sw=280&sh=280,emb. 150 gr,https://www.continente.pt/produto/hamburguer-cenoura-e-algas-cem-porcento-5248537.html,frescos,2025-04-21,Continente
Bolinhas de Alheira de Aves,8110294,2.79,"€13,95/kg",Continente,Frescos/Charcutaria/Alheira e Farinheira,https://www.continente.pt/dw/image/v2/BDVS_PRD/on/demandware.static/-/Sites-col-master-catalog/default/dw328f3081/images/col/811/8110294-frente.jpg?sw=280&sh=280,emb. 8 un x 25 gr (200 gr),https://www.continente.pt/produto/bolinhas-de-alheira-de-aves-continente-8110294.html,frescos,2025-04-21,Continente
Dots Lotus,7970560,0.95,"€12,50/kg",Dots,Frescos/Padaria e Pastelaria/Pastelaria Sortida,https://www.continente.pt/dw/image/v2/BDVS_PRD/on/demandware.static/-/Sites-col-master-catalog/default/dwd60629e3/images/col/797/7970560-cima.jpg?sw=280&sh=280,1 un,https://www.continente.pt/produto/dots-lotus-dots-7970560.html,frescos,2025-04-21,Continente
Pescada Média do Cabo Congelada,5123035,8.19,"€7,37/un",,Frescos/Peixaria/Peixe Congelado,https://www.continente.pt/dw/image/v2/BDVS_PRD/on/demandware.static/-/Sites-col-master-catalog/default/dwd149c2d2/images/col/512/5123035-frente.jpg?sw=280&sh=280,emb. 900 gr,https://www.continente.pt/produto/pescada-media-do-cabo-congelada-5123035.html,frescos,2025-04-21,Continente
Queijo de Azeitão DOP,5835280,8.99,"€35,96/kg",Santiago,Frescos/Queijos/Amanteigado,https://www.continente.pt/dw/image/v2/BDVS_PRD/on/demandware.static/-/Sites-col-master-catalog/default/dw07d77242/images/col/583/5835280-frente.jpg?sw=280&sh=280,emb. 250 gr (aprox.),https://www.continente.pt/produto/queijo-de-azeitao-dop-santiago-5835280.html,frescos,2025-04-21,Continente
Ninho de Páscoa de Doce de Ovo,4891310,5.69,"€11,38/kg",Casa do Crespo,Frescos/Padaria e Pastelaria/Bolos e Sobremesas,https://www.continente.pt/dw/image/v2/BDVS_PRD/on/demandware.static/-/Sites-col-master-catalog/default/dw18201627/images/col/489/4891310-frente.jpg?sw=280&sh=280,emb. 500 gr,https://www.continente.pt/produto/ninho-de-pascoa-de-doce-de-ovo-casa-do-crespo-4891310.html,frescos,2025-04-21,Continente
Salsicha de Frango e Peru,7938864,1.19,"€11,90/kg",Wudy,Frescos/Charcutaria/Salsichas e Linguiças,https://www.continente.pt/dw/image/v2/BDVS_PRD/on/demandware.static/-/Sites-col-master-catalog/default/dw3c2d84f0/images/col/793/7938864-frente.jpg?sw=280&sh=280,emb. 100 gr,https://www.continente.pt/produto/salsicha-de-frango-e-peru-wudy-7938864.html,frescos,2025-04-21,Continente
Rabos de Tamboril sem Pele Ultracongelado,8190716,7.79,"€15,58/kg",,Frescos/Peixaria/Peixe Congelado,https://www.continente.pt/dw/image/v2/BDVS_PRD/on/demandware.static/-/Sites-col-master-catalog/default/dw2ca6eb0e/images/col/819/8190716-topshot.jpg?sw=280&sh=280,emb. 500 gr,https://www.continente.pt/produto/rabos-de-tamboril-sem-pele-ultracongelado-8190716.html,frescos,2025-04-21,Continente
Queijo para Barrar,7732069,1.99,"€13,27/kg",Quescrem,Frescos/Queijos/Snacks e Barrar,https://www.continente.pt/dw/image/v2/BDVS_PRD/on/demandware.static/-/Sites-col-master-catalog/default/dwa5231323/images/col/773/7732069-hero.jpg?sw=280&sh=280,emb. 150 gr,https://www.continente.pt/produto/queijo-para-barrar-quescrem-7732069.html,frescos,2025-04-21,Continente
Dobrada de Bovino Congelada,7794130,5.99,"€7,79/un",Continente,"Frescos/Talho/Novilho, Vitela e Vitelão",https://www.continente.pt/dw/image/v2/BDVS_PRD/on/demandware.static/-/Sites-col-master-catalog/default/dwf95d105f/images/col/779/7794130-cima-tabua.jpg?sw=280&sh=280,"emb. 1,3 kg (aprox.)",https://www.continente.pt/produto/dobrada-de-bovino-congelada-continente-7794130.html,frescos,2025-04-21,Continente
Rolinhos de Chocolate,8017738,3.49,"€11,63/kg",La Fournée Dorée,Frescos/Padaria e Pastelaria/Croissants e Pães de Leite,https://www.continente.pt/dw/image/v2/BDVS_PRD/on/demandware.static/-/Sites-col-master-catalog/default/dw33f67604/images/col/801/8017738-frente.jpg?sw=280&sh=280,emb. 300 gr (6 un),https://www.continente.pt/produto/rolinhos-de-chocolate-la-fournee-doree-8017738.html,frescos,2025-04-21,Continente
Mochi de Morango,8066020,3.5,"€53,85/kg",Niji,Frescos/Padaria e Pastelaria/Bolos e Sobremesas,https://www.continente.pt/dw/image/v2/BDVS_PRD/on/demandware.static/-/Sites-col-master-catalog/default/dw6a763cab/images/col/806/8066020-frente.jpg?sw=280&sh=280,emb. 130 gr (2 un),https://www.continente.pt/produto/mochi-de-morango-niji-8066020.html,frescos,2025-04-21,Continente
Queijo de Ovelha Curado,2112223,23.99,"€15,59/un",Seia do Tavares,Frescos/Queijos/Curado,https://www.continente.pt/dw/image/v2/BDVS_PRD/on/demandware.static/-/Sites-col-master-catalog/default/dw2aa1980b/images/col/211/2112223-frente.jpg?sw=280&sh=280,Quant. Mínima = 650 gr (1/2 queijo),https://www.continente.pt/produto/queijo-de-ovelha-curado-seia-do-tavares-2112223.html,frescos,2025-04-21,Continente
Tentáculos de Polvo Congelados,7311289,17.99,"€23,39/un",Continente,"Frescos/Peixaria/Polvo, Lulas e Chocos/Congelado",https://www.continente.pt/dw/image/v2/BDVS_PRD/on/demandware.static/-/Sites-col-master-catalog/default/dwe51a2294/images/col/731/7311289-frente.jpg?sw=280&sh=280,"emb. 1,3 kg (2 un)",https://www.continente.pt/produto/tentaculos-de-polvo-congelados-continente-7311289.html,frescos,2025-04-21,Continente
Scones Inglês,6837865,3.09,"€10,30/kg",Detrigo,Frescos/Padaria e Pastelaria/Pastelaria Sortida,https://www.continente.pt/dw/image/v2/BDVS_PRD/on/demandware.static/-/Sites-col-master-catalog/default/dwfe83f35c/images/col/683/6837865-cima.jpg?sw=280&sh=280,emb. 300 gr (4 un),https://www.continente.pt/produto/scones-ingles-detrigo-6837865.html,frescos,2025-04-21,Continente
Queijo de Vaca para Grelhar,7842748,3.39,"€24,21/kg",Old Amsterdam,Frescos/Queijos/Queijos do Mundo,https://www.continente.pt/dw/image/v2/BDVS_PRD/on/demandware.static/-/Sites-col-master-catalog/default/dw5b3c3eeb/images/col/784/7842748-frente.jpg?sw=280&sh=280,2 un x 70 gr (140 gr),https://www.continente.pt/produto/queijo-de-vaca-para-grelhar-old-amsterdam-7842748.html,frescos,2025-04-21,Continente
Maruca Inteira Média Congelada,2226320,7.3,"€13,14/un",,Frescos/Peixaria/Peixe Congelado,https://www.continente.pt/dw/image/v2/BDVS_PRD/on/demandware.static/-/Sites-col-master-catalog/default/dw2aa77124/images/col/222/2226320-frente.jpg?sw=280&sh=280,"Quant. Mínima = 1,8 kg",https://www.continente.pt/produto/maruca-inteira-media-congelada-2226320.html,frescos,2025-04-21,Continente
Mochi de Manga e Maracujá,8066011,3.5,"€53,85/kg",Niji,Frescos/Padaria e Pastelaria/Bolos e Sobremesas,https://www.continente.pt/dw/image/v2/BDVS_PRD/on/demandware.static/-/Sites-col-master-catalog/default/dw2841a477/images/col/806/8066011-frente.jpg?sw=280&sh=280,emb. 130 gr (2 un),https://www.continente.pt/produto/mochi-de-manga-e-maracuja-niji-8066011.html,frescos,2025-04-21,Continente
Bolinhos de Azeite,5235243,4.49,"€11,23/kg",Textura Alentejana,Frescos/Padaria e Pastelaria/Biscoitos,https://www.continente.pt/dw/image/v2/BDVS_PRD/on/demandware.static/-/Sites-col-master-catalog/default/dwbd3703bd/images/col/523/5235243-frente.jpg?sw=280&sh=280,emb. 400 gr,https://www.continente.pt/produto/bolinhos-de-azeite-textura-alentejana-5235243.html,frescos,2025-04-21,Continente
Quiabo,3866861,3.29,"€21,93/kg",Continente,"Frescos/Legumes/Cogumelos, Espargos e Exóticos",https://www.continente.pt/dw/image/v2/BDVS_PRD/on/demandware.static/-/Sites-col-master-catalog/default/dw135e9b2b/images/col/386/3866861-frente.jpg?sw=280&sh=280,emb. 150 gr,https://www.continente.pt/produto/quiabo-continente-3866861.html,frescos,2025-04-21,Continente
Pão de Forma 5 Sementes com Côdea sem Glúten,7379925,4.49,"€14,97/kg",Museu do Pão,Frescos/Padaria e Pastelaria/Pão de Forma e Embalado,https://www.continente.pt/dw/image/v2/BDVS_PRD/on/demandware.static/-/Sites-col-master-catalog/default/dw936f0a25/images/col/737/7379925-frente.jpg?sw=280&sh=280,emb. 300 gr,https://www.continente.pt/produto/pao-de-forma-5-sementes-com-codea-sem-gluten-museu-do-pao-7379925.html,frescos,2025-04-21,Continente
Nuggets Vegan,7715988,4.39,"€27,44/kg",Nobre Vegalia,Frescos/Take Away/Vegetariano e Vegan/Pronto a Cozinhar,https://www.continente.pt/dw/image/v2/BDVS_PRD/on/demandware.static/-/Sites-col-master-catalog/default/dw7dcf08c1/images/col/771/7715988-hero.jpg?sw=280&sh=280,emb. 160 gr,https://www.continente.pt/produto/nuggets-vegan-nobre-vegalia-7715988.html,frescos,2025-04-21,Continente
Salada Rústica,7578262,2.29,"€5,73/kg",Dona Salada,"Frescos/Legumes/Saladas, Sopas e Salteados",https://www.continente.pt/dw/image/v2/BDVS_PRD/on/demandware.static/-/Sites-col-master-catalog/default/dwb1f1a8e6/images/col/757/7578262-frente.jpg?sw=280&sh=280,emb. 400 gr,https://www.continente.pt/produto/salada-rustica-dona-salada-7578262.html,frescos,2025-04-21,Continente
Taco Shells,7375249,3.89,"€24,94/kg",Old El Paso,"Frescos/Padaria e Pastelaria/Pão de Hambúrguer, Cachorro e Wraps",https://www.continente.pt/dw/image/v2/BDVS_PRD/on/demandware.static/-/Sites-col-master-catalog/default/dw452d959d/images/col/737/7375249-frente.jpg?sw=280&sh=280,emb. 156 ml (12 un),https://www.continente.pt/produto/taco-shells-old-el-paso-7375249.html,frescos,2025-04-21,Continente
Perca do Nilo Fresca,2584213,8.99,"€31,46/un",,Frescos/Peixaria/Peixe Fresco,https://www.continente.pt/dw/image/v2/BDVS_PRD/on/demandware.static/-/Sites-col-master-catalog/default/dw9868f004/images/col/258/2584213-frente.jpg?sw=280&sh=280,"Quant. Mínima = 3,5 kg",https://www.continente.pt/produto/perca-do-nilo-fresca-2584213.html,frescos,2025-04-21,Continente
O Nosso Croissant Doce de Leite,8369709,1.79,"€12,79/kg",Nosso Croissant,Frescos/Padaria e Pastelaria/Croissants e Pães de Leite,https://www.continente.pt/dw/image/v2/BDVS_PRD/on/demandware.static/-/Sites-col-master-catalog/default/dw0e1407fe/images/col/836/8369709-frente.jpg?sw=280&sh=280,emb. 147 gr (1 un),https://www.continente.pt/produto/o-nosso-croissant-doce-de-leite-nosso-croissant-8369709.html,frescos,2025-04-21,Continente
Baguete de Atum,8023058,2.99,"€10,31/kg",Cozinha Continente,"Frescos/Take Away/Grab&Go/Hambúrgueres, Sandes e Wraps",https://www.continente.pt/dw/image/v2/BDVS_PRD/on/demandware.static/-/Sites-col-master-catalog/default/dw8bd18940/images/col/802/8023058-cima-esquerdo.png?sw=280&sh=280,emb. 290 gr,https://www.continente.pt/produto/baguete-de-atum-cozinha-continente-8023058.html,frescos,2025-04-21,Continente
Robalo do Alto Mar Fresco,2566562,24.99,"€38,73/un",,Frescos/Peixaria/Peixe Fresco,https://www.continente.pt/dw/image/v2/BDVS_PRD/on/demandware.static/-/Sites-col-master-catalog/default/dwc739da7b/images/col/256/2566562-frente.jpg?sw=280&sh=280,"Quant. Mínima = 1,55 kg (1 un)",https://www.continente.pt/produto/robalo-do-alto-mar-fresco-2566562.html,frescos,2025-04-21,Continente
Kit para Fajitas,2473582,6.49,"€12,98/kg",Old El Paso,"Frescos/Padaria e Pastelaria/Pão de Hambúrguer, Cachorro e Wraps",https://www.continente.pt/dw/image/v2/BDVS_PRD/on/demandware.static/-/Sites-col-master-catalog/default/dwa26790c7/images/col/247/2473582-frente.jpg?sw=280&sh=280,emb. 500 gr,https://www.continente.pt/produto/kit-para-fajitas-old-el-paso-2473582.html,frescos,2025-04-21,Continente
Snack de Banana Biológico,5895763,1.73,"€13,84/kg",Seara,"Frescos/Frutas/Frutos Secos, Desidratados e Sementes/Frutos Desidratados",https://www.continente.pt/dw/image/v2/BDVS_PRD/on/demandware.static/-/Sites-col-master-catalog/default/dw524d888d/images/col/589/5895763-frente.jpg?sw=280&sh=280,emb. 125 gr,https://www.continente.pt/produto/snack-de-banana-biologico-seara-5895763.html,frescos,2025-04-21,Continente
Solha Congelada,2214091,6.99,"€7,69/un",,Frescos/Peixaria/Peixe Congelado,https://www.continente.pt/dw/image/v2/BDVS_PRD/on/demandware.static/-/Sites-col-master-catalog/default/dwb600cc97/images/col/221/2214091-frente.jpg?sw=280&sh=280,"Quant. Mínima = 1,1 kg",https://www.continente.pt/produto/solha-congelada-2214091.html,frescos,2025-04-21,Continente
Fiambre da Pá Fatiado no Balcão,7650276,22.99,"€2,30/un",La Selva,"Frescos/Charcutaria/Fiambre, Mortadela e Salame/Fiambre de Porco",https://www.continente.pt/dw/image/v2/BDVS_PRD/on/demandware.static/-/Sites-col-master-catalog/default/dw4aeff239/images/col/765/7650276-frente.jpg?sw=280&sh=280,Quant. Mínima = 100 gr (aprox. 4 fatias),https://www.continente.pt/produto/fiambre-da-pa-fatiado-no-balcao-la-selva-7650276.html,frescos,2025-04-21,Continente
Porções de Atum-Albacora MSC Marinado Ultracongelado,7574671,6.39,"€25,56/kg",Kold Fin,Frescos/Peixaria/Peixe Congelado,https://www.continente.pt/dw/image/v2/BDVS_PRD/on/demandware.static/-/Sites-col-master-catalog/default/dw67131153/images/col/757/7574671-frente.jpg?sw=280&sh=280,emb.250 gr,https://www.continente.pt/produto/porcoes-de-atum-albacora-msc-marinado-ultracongelado-kold-fin-7574671.html,frescos,2025-04-21,Continente
Pão de Forma Rio Maior Massa Mãe com Queijo da Ilha,8218246,2.59,"€5,18/kg",,Frescos/Padaria e Pastelaria/Pão do Dia e Broa,https://www.continente.pt/dw/image/v2/BDVS_PRD/on/demandware.static/-/Sites-col-master-catalog/default/dwf0520971/images/col/821/8218246-cima-acessorio-fatiado.jpg?sw=280&sh=280,emb. 500 gr (1 un),https://www.continente.pt/produto/pao-de-forma-rio-maior-massa-mae-com-queijo-da-ilha-8218246.html,frescos,2025-04-21,Continente
Mini Bolo de Arroz Sem Glúten,8037354,2.49,"€20,75/kg",Museu do Pão,Frescos/Padaria e Pastelaria/Pastelaria Sortida,https://www.continente.pt/dw/image/v2/BDVS_PRD/on/demandware.static/-/Sites-col-master-catalog/default/dw8f93e002/images/col/803/8037354-frente.jpg?sw=280&sh=280,emb. 120 gr,https://www.continente.pt/produto/mini-bolo-de-arroz-sem-gluten-museu-do-pao-8037354.html,frescos,2025-04-21,Continente
Pão da Aldeia,7847194,1.79,"€3,25/kg",,Frescos/Padaria e Pastelaria/Pão do Dia e Broa,https://www.continente.pt/dw/image/v2/BDVS_PRD/on/demandware.static/-/Sites-col-master-catalog/default/dw70b69790/images/col/784/7847194-cima.png?sw=280&sh=280,emb. 550 gr (1 un),https://www.continente.pt/produto/pao-da-aldeia-7847194.html,frescos,2025-04-21,Continente
Foie Gras de Pato com Trufas,7492430,4.83,"€120,75/kg",Capdevila,Frescos/Charcutaria/Tábuas e Aperitivos,https://www.continente.pt/dw/image/v2/BDVS_PRD/on/demandware.static/-/Sites-col-master-catalog/default/dwfb13c727/images/col/749/7492430-frente.jpg?sw=280&sh=280,emb. 40 gr,https://www.continente.pt/produto/foie-gras-de-pato-com-trufas-capdevila-7492430.html,frescos,2025-04-21,Continente
Lombos de Paloco do Pacífico Congelado,8023013,4.99,"€11,09/kg",At Sea,Frescos/Peixaria/Bacalhau/Congelado,https://www.continente.pt/dw/image/v2/BDVS_PRD/on/demandware.static/-/Sites-col-master-catalog/default/dw6903f880/images/col/802/8023013-frente.jpg?sw=280&sh=280,emb. 450 gr,https://www.continente.pt/produto/lombos-de-paloco-do-pacifico-congelado-at-sea-8023013.html,frescos,2025-04-21,Continente
Camarão Selvagem de Madagáscar 40/60 Congelado,6780302,16.99,"€0,34/un",,Frescos/Peixaria/Marisco/Congelado,https://www.continente.pt/dw/image/v2/BDVS_PRD/on/demandware.static/-/Sites-col-master-catalog/default/dw5c6dd435/images/col/678/6780302-frente.jpg?sw=280&sh=280,Quant. Mínima = 400 gr (20 un),https://www.continente.pt/produto/camarao-selvagem-de-madagascar-40-60-congelado-6780302.html,frescos,2025-04-21,Continente
Salada de Melão,8207914,1.99,"€8,84/kg",Continente,"Frescos/Frutas/Melancia, Melão e Meloa",https://www.continente.pt/dw/image/v2/BDVS_PRD/on/demandware.static/-/Sites-col-master-catalog/default/dw3f184765/images/col/820/8207914-cima.jpg?sw=280&sh=280,emb. 225 gr,https://www.continente.pt/produto/salada-de-melao-continente-8207914.html,frescos,2025-04-21,Continente
Folhado com Recheio de Pizza Pack Poupança,7978640,2.69,"€7,47/kg",Continente Poupança,Frescos/Padaria e Pastelaria/Pastelaria Sortida,https://www.continente.pt/dw/image/v2/BDVS_PRD/on/demandware.static/-/Sites-col-master-catalog/default/dw06b5ff48/images/col/797/7978640-frente.jpg?sw=280&sh=280,emb. 3 un,https://www.continente.pt/produto/folhado-com-recheio-de-pizza-pack-poupanca-continente-poupanca-7978640.html,frescos,2025-04-21,Continente
Sucedâneo Caviar Preto Caviartic,5313388,2.49,"€33,20/kg",Ubago,Frescos/Charcutaria/Salmão Fumado e Especialidades,https://www.continente.pt/dw/image/v2/BDVS_PRD/on/demandware.static/-/Sites-col-master-catalog/default/dwc7fe6941/images/col/531/5313388-frente.jpg?sw=280&sh=280,emb. 75 gr,https://www.continente.pt/produto/sucedaneo-caviar-preto-caviartic-ubago-5313388.html,frescos,2025-04-21,Continente
Pão Alemão Integral de Centeio Biológico,7290359,3.0,"€6,00/kg",Pema,Frescos/Padaria e Pastelaria/Pão de Forma e Embalado,https://www.continente.pt/dw/image/v2/BDVS_PRD/on/demandware.static/-/Sites-col-master-catalog/default/dweaa464fb/images/col/729/7290359-frente.jpg?sw=280&sh=280,emb. 500 gr,https://www.continente.pt/produto/pao-alemao-integral-de-centeio-biologico-pema-7290359.html,frescos,2025-04-21,Continente
Perna de Pato Confitada,7458041,3.49,"€13,96/kg",Quinta da Marinha,Frescos/Take Away/Refeições Prontas/Carne,https://www.continente.pt/dw/image/v2/BDVS_PRD/on/demandware.static/-/Sites-col-master-catalog/default/dw87031c73/images/col/745/7458041-frente.jpg?sw=280&sh=280,emb. 250 gr,https://www.continente.pt/produto/perna-de-pato-confitada-quinta-da-marinha-7458041.html,frescos,2025-04-21,Continente
"Snack Algas, Amêndoa e Arandos Biológico",7924447,2.99,"€49,83/kg",Wissi,"Frescos/Frutas/Frutos Secos, Desidratados e Sementes/Frutos Secos",https://www.continente.pt/dw/image/v2/BDVS_PRD/on/demandware.static/-/Sites-col-master-catalog/default/dw622bb898/images/col/792/7924447-frente.png?sw=280&sh=280,emb. 60 gr,https://www.continente.pt/produto/snack-algas-amendoa-e-arandos-biologico-wissi-7924447.html,frescos,2025-04-21,Continente
Pão de Forma Brioche com Chocolate,7920844,2.49,"€6,23/kg",Continente,Frescos/Padaria e Pastelaria/Pão de Forma e Embalado,https://www.continente.pt/dw/image/v2/BDVS_PRD/on/demandware.static/-/Sites-col-master-catalog/default/dw769e725b/images/col/792/7920844-frente.jpg?sw=280&sh=280,emb. 400 gr,https://www.continente.pt/produto/pao-de-forma-brioche-com-chocolate-continente-7920844.html,frescos,2025-04-21,Continente
Creme de Ovos Moles,8112755,3.15,"€13,70/kg",Fabridoce,Frescos/Padaria e Pastelaria/Pastelaria Sortida,https://www.continente.pt/dw/image/v2/BDVS_PRD/on/demandware.static/-/Sites-col-master-catalog/default/dweb708e3e/images/col/811/8112755-frente.jpg?sw=280&sh=280,emb. 230 gr,https://www.continente.pt/produto/creme-de-ovos-moles-fabridoce-8112755.html,frescos,2025-04-21,Continente
"Polvo do Algarve Ultracongelado (800 gr a 1,5 kg)",7212337,17.99,"€25,19/un",Congelagos,"Frescos/Peixaria/Polvo, Lulas e Chocos/Congelado",https://www.continente.pt/dw/image/v2/BDVS_PRD/on/demandware.static/-/Sites-col-master-catalog/default/dw8f019520/images/col/721/7212337-frente.jpg?sw=280&sh=280,"emb. 1,4 kg",https://www.continente.pt/produto/polvo-do-algarve-ultracongelado-800-gr-a-15-kg-congelagos-7212337.html,frescos,2025-04-21,Continente
Toucinho do Lombo de Porco Preto,7358341,1.69,"€8,45/kg",Miguel & Miguel,Frescos/Charcutaria/Bacon e Fumados,https://www.continente.pt/dw/image/v2/BDVS_PRD/on/demandware.static/-/Sites-col-master-catalog/default/dw8c7dcef4/images/col/735/7358341-frente.jpg?sw=280&sh=280,emb. 200 gr,https://www.continente.pt/produto/toucinho-do-lombo-de-porco-preto-miguel-miguel-7358341.html,frescos,2025-04-21,Continente
Trufas com Ovos Moles,4952637,3.49,"€29,08/kg",Fabridoce,Frescos/Padaria e Pastelaria/Bolos e Sobremesas,https://www.continente.pt/dw/image/v2/BDVS_PRD/on/demandware.static/-/Sites-col-master-catalog/default/dw931ef204/images/col/495/4952637-frente.jpg?sw=280&sh=280,emb. 120 gr,https://www.continente.pt/produto/trufas-com-ovos-moles-fabridoce-4952637.html,frescos,2025-04-21,Continente
Pão de Ló Clássico,7682081,4.99,"€9,98/kg",Continente,Frescos/Padaria e Pastelaria/Bolos e Sobremesas,https://www.continente.pt/dw/image/v2/BDVS_PRD/on/demandware.static/-/Sites-col-master-catalog/default/dw6b1fc24b/images/col/768/7682081-frente.jpg?sw=280&sh=280,emb. 500 gr,https://www.continente.pt/produto/pao-de-lo-classico-continente-7682081.html,frescos,2025-04-21,Continente
Pão de Ló Cremoso de Caramelo Salgado,8164606,6.35,"€15,87/kg",,Frescos/Padaria e Pastelaria/Bolos e Sobremesas,https://www.continente.pt/dw/image/v2/BDVS_PRD/on/demandware.static/-/Sites-col-master-catalog/default/dw871d5e69/images/col/816/8164606-cima-acessorio.jpg?sw=280&sh=280,emb. 400 gr,https://www.continente.pt/produto/pao-de-lo-cremoso-de-caramelo-salgado-8164606.html,frescos,2025-04-21,Continente
Salsichão de Porco Preto,7467176,31.99,"€5,76/un",Continente Seleção,"Frescos/Charcutaria/Salpicão, Paio e Fuet",https://www.continente.pt/dw/image/v2/BDVS_PRD/on/demandware.static/-/Sites-col-master-catalog/default/dwe5970f9c/images/col/746/7467176-frente.jpg?sw=280&sh=280,emb. 180 gr,https://www.continente.pt/produto/salsichao-de-porco-preto-continente-selecao-7467176.html,frescos,2025-04-21,Continente
"Snack Algas, Amendoim e Figo Biológico",7924530,2.99,"€49,83/kg",Wissi,"Frescos/Frutas/Frutos Secos, Desidratados e Sementes/Frutos Secos",https://www.continente.pt/dw/image/v2/BDVS_PRD/on/demandware.static/-/Sites-col-master-catalog/default/dw74babc6e/images/col/792/7924530-frente.png?sw=280&sh=280,emb. 60 gr,https://www.continente.pt/produto/snack-algas-amendoim-e-figo-biologico-wissi-7924530.html,frescos,2025-04-21,Continente
Arroz de Pato à Antiga para 6 Pessoas,8222574,21.58,"€10,79/kg",Cozinha Continente,Frescos/Take Away/Refeições Prontas/Carne,https://www.continente.pt/dw/image/v2/BDVS_PRD/on/demandware.static/-/Sites-col-master-catalog/default/dw41922e3d/images/col/822/8222574-topshot.jpg?sw=280&sh=280,emb. 2 kg,https://www.continente.pt/produto/arroz-de-pato-a-antiga-para-6-pessoas-cozinha-continente-8222574.html,frescos,2025-04-21,Continente
Tachinhos de Dom Abade,7062253,6.79,"€22,63/kg",Atelier do Doce,Frescos/Padaria e Pastelaria/Pastelaria Sortida,https://www.continente.pt/dw/image/v2/BDVS_PRD/on/demandware.static/-/Sites-col-master-catalog/default/dwa6e0022a/images/col/706/7062253-frente.jpg?sw=280&sh=280,emb. 6 un,https://www.continente.pt/produto/tachinhos-de-dom-abade-atelier-do-doce-7062253.html,frescos,2025-04-21,Continente
Cantaril da Costa Fresco,2147583,12.99,"€9,09/un",,Frescos/Peixaria/Peixe Fresco,https://www.continente.pt/dw/image/v2/BDVS_PRD/on/demandware.static/-/Sites-col-master-catalog/default/dw7c572636/images/col/214/2147583-frente.jpg?sw=280&sh=280,Quant. Mínima = 700 gr (1 un),https://www.continente.pt/produto/cantaril-da-costa-fresco-2147583.html,frescos,2025-04-21,Continente
Camarão de Madagáscar Selvagem Ultracongelado,7337338,5.79,"€14,48/kg",Continente,Frescos/Peixaria/Marisco/Congelado,https://www.continente.pt/dw/image/v2/BDVS_PRD/on/demandware.static/-/Sites-col-master-catalog/default/dw06d8a906/images/col/733/7337338-frente.jpg?sw=280&sh=280,emb. 400 gr,https://www.continente.pt/produto/camarao-de-madagascar-selvagem-ultracongelado-continente-7337338.html,frescos,2025-04-21,Continente
Bolinhas de Alheira de Caça,8110542,2.79,"€13,95/kg",Continente,Frescos/Charcutaria/Alheira e Farinheira,https://www.continente.pt/dw/image/v2/BDVS_PRD/on/demandware.static/-/Sites-col-master-catalog/default/dwad35aa34/images/col/811/8110542-frente.jpg?sw=280&sh=280,emb. 8 un x 25 gr (200 gr),https://www.continente.pt/produto/bolinhas-de-alheira-de-caca-continente-8110542.html,frescos,2025-04-21,Continente
Tábua de Queijos Mediterrânea,7684407,7.61,"€38,05/kg",Spanish Cheese,Frescos/Queijos/Queijos do Mundo,https://www.continente.pt/dw/image/v2/BDVS_PRD/on/demandware.static/-/Sites-col-master-catalog/default/dw3aac2d18/images/col/768/7684407-frente.jpg?sw=280&sh=280,emb. 200 gr,https://www.continente.pt/produto/tabua-de-queijos-mediterranea-spanish-cheese-7684407.html,frescos,2025-04-21,Continente
Camarão de Madagáscar 60/80 ASC Congelado,7157338,17.99,"€22,49/kg",Continente Seleção,Frescos/Peixaria/Marisco/Congelado,https://www.continente.pt/dw/image/v2/BDVS_PRD/on/demandware.static/-/Sites-col-master-catalog/default/dw7e8e5bd4/images/col/715/7157338-frente.jpg?sw=280&sh=280,emb. 800 gr,https://www.continente.pt/produto/camarao-de-madagascar-60-80-asc-congelado-continente-selecao-7157338.html,frescos,2025-04-21,Continente
Queijo de Vaca para Grelhar,7703647,3.79,"€18,95/kg",Belas,Frescos/Queijos/Queijos do Mundo,https://www.continente.pt/dw/image/v2/BDVS_PRD/on/demandware.static/-/Sites-col-master-catalog/default/dw9ba65dbf/images/col/770/7703647-esquerdo.jpg?sw=280&sh=280,emb. 200 gr,https://www.continente.pt/produto/queijo-de-vaca-para-grelhar-belas-7703647.html,frescos,2025-04-21,Continente
Melancia Poucas Sementes,2076560,1.99,"€7,56/un",Continente,"Frescos/Frutas/Melancia, Melão e Meloa",https://www.continente.pt/dw/image/v2/BDVS_PRD/on/demandware.static/-/Sites-col-master-catalog/default/dwb4661eb5/images/col/207/2076560-cima.jpg?sw=280&sh=280,"Quant. Mínima = 3,8 kg (1 un)",https://www.continente.pt/produto/melancia-poucas-sementes-continente-2076560.html,frescos,2025-04-21,Continente
Bacalhau com Natas para 6 Pessoas,8145057,23.38,"€11,69/kg",Cozinha Continente,Frescos/Take Away/Refeições Prontas/Peixe e Marisco,https://www.continente.pt/dw/image/v2/BDVS_PRD/on/demandware.static/-/Sites-col-master-catalog/default/dwc9008716/images/col/814/8145057-topshot.jpg?sw=280&sh=280,emb. 2 kg,https://www.continente.pt/produto/bacalhau-com-natas-para-6-pessoas-cozinha-continente-8145057.html,frescos,2025-04-21,Continente
Amêndoa com Pele,7275982,0.99,"€19,80/kg",Continente,"Frescos/Frutas/Frutos Secos, Desidratados e Sementes/Frutos Secos",https://www.continente.pt/dw/image/v2/BDVS_PRD/on/demandware.static/-/Sites-col-master-catalog/default/dwd736e000/images/col/727/7275982-frente.jpg?sw=280&sh=280,emb. 50 gr,https://www.continente.pt/produto/amendoa-com-pele-continente-7275982.html,frescos,2025-04-21,Continente
Foie Gras de Pato,5551837,9.89,"€65,93/kg",Continente Seleção,Mercearia/Conservas/Patês,https://www.continente.pt/dw/image/v2/BDVS_PRD/on/demandware.static/-/Sites-col-master-catalog/default/dwb798a810/images/col/555/5551837-frente.jpg?sw=280&sh=280,emb. 150 gr,https://www.continente.pt/produto/foie-gras-de-pato-continente-selecao-5551837.html,frescos,2025-04-21,Continente
Conjunto 3 Queijos de Vaca e Mistura Curados,6031445,3.99,"€13,30/kg",Tété,Frescos/Queijos/Curado,https://www.continente.pt/dw/image/v2/BDVS_PRD/on/demandware.static/-/Sites-col-master-catalog/default/dw316d9406/images/col/603/6031445-frente.png?sw=280&sh=280,3 un x 100 gr (300 gr),https://www.continente.pt/produto/conjunto-3-queijos-de-vaca-e-mistura-curados-tete-6031445.html,frescos,2025-04-21,Continente
Peixe Espada Preto Fresco,2147758,8.99,"€14,83/un",,Frescos/Peixaria/Peixe Fresco,https://www.continente.pt/dw/image/v2/BDVS_PRD/on/demandware.static/-/Sites-col-master-catalog/default/dw520a04ad/images/col/214/2147758-frente-acessorio.jpg?sw=280&sh=280,"Quant. Mínima = 1,65 kg (1 un)",https://www.continente.pt/produto/peixe-espada-preto-fresco-2147758.html,frescos,2025-04-21,Continente
Desinfetante Fruta e Vegetais,7221210,3.89,"€7,78/lt",Clean Essence,Frescos/Frutas,https://www.continente.pt/dw/image/v2/BDVS_PRD/on/demandware.static/-/Sites-col-master-catalog/default/dw0f722500/images/col/722/7221210-frente.jpg?sw=280&sh=280,emb. 500 ml,https://www.continente.pt/produto/desinfetante-fruta-e-vegetais-clean-essence-7221210.html,frescos,2025-04-21,Continente
Bolo de Bolacha,7313627,7.29,"€14,58/kg",Da Nossa Pastelaria,Frescos/Padaria e Pastelaria/Bolos e Sobremesas,https://www.continente.pt/dw/image/v2/BDVS_PRD/on/demandware.static/-/Sites-col-master-catalog/default/dwc58f3a35/images/col/731/7313627-cima-fatia.jpg?sw=280&sh=280,emb. 500 gr,https://www.continente.pt/produto/bolo-de-bolacha-da-nossa-pastelaria-7313627.html,frescos,2025-04-21,Continente
Tarte de Nata,7915043,6.02,"€12,04/kg",Da Nossa Pastelaria,Frescos/Padaria e Pastelaria/Bolos e Sobremesas,https://www.continente.pt/dw/image/v2/BDVS_PRD/on/demandware.static/-/Sites-col-master-catalog/default/dw96db2915/images/col/791/7915043-frente.jpg?sw=280&sh=280,emb. 500 gr,https://www.continente.pt/produto/tarte-de-nata-da-nossa-pastelaria-7915043.html,frescos,2025-04-21,Continente
Goiaba,5098991,9.99,"€2,00/un",Continente,Frescos/Frutas/Uvas e Tropicais,https://www.continente.pt/dw/image/v2/BDVS_PRD/on/demandware.static/-/Sites-col-master-catalog/default/dwa56de87a/images/col/509/5098991-cima.jpg?sw=280&sh=280,Quant. Mínima = 600 gr (3 un),https://www.continente.pt/produto/goiaba-continente-5098991.html,frescos,2025-04-21,Continente
Lagartos de Novilho,7579651,26.99,"€6,48/un",Continente,"Frescos/Talho/Novilho, Vitela e Vitelão",https://www.continente.pt/dw/image/v2/BDVS_PRD/on/demandware.static/-/Sites-col-master-catalog/default/dwa47a91f0/images/col/757/7579651-frente.jpg?sw=280&sh=280,emb. 240 gr (aprox.),https://www.continente.pt/produto/lagartos-de-novilho-continente-7579651.html,frescos,2025-04-21,Continente
Queijo Raclette,8042826,7.34,"€20,97/kg",Le Rustique,Frescos/Queijos/Queijos do Mundo,https://www.continente.pt/dw/image/v2/BDVS_PRD/on/demandware.static/-/Sites-col-master-catalog/default/dwe045b959/images/col/804/8042826-direito.jpg?sw=280&sh=280,emb. 350 gr,https://www.continente.pt/produto/queijo-raclette-le-rustique-8042826.html,frescos,2025-04-21,Continente
Pão Alemão Integral de Centeio,7290362,2.85,"€5,70/kg",Pema,Frescos/Padaria e Pastelaria/Pão de Forma e Embalado,https://www.continente.pt/dw/image/v2/BDVS_PRD/on/demandware.static/-/Sites-col-master-catalog/default/dwb2493ab0/images/col/729/7290362-frente.jpg?sw=280&sh=280,emb. 500 gr,https://www.continente.pt/produto/pao-alemao-integral-de-centeio-pema-7290362.html,frescos,2025-04-21,Continente
Mix Cogumelos para Airfryer,8210500,2.99,"€14,95/kg",Easy Fungi,"Frescos/Legumes/Cogumelos, Espargos e Exóticos",https://www.continente.pt/dw/image/v2/BDVS_PRD/on/demandware.static/-/Sites-col-master-catalog/default/dw8bfda787/images/col/821/8210500-frente.png?sw=280&sh=280,emb. 200 gr,https://www.continente.pt/produto/mix-cogumelos-para-airfryer-easy-fungi-8210500.html,frescos,2025-04-21,Continente
Rolinho de Canela,8090106,1.66,"€8,74/kg",,Frescos/Padaria e Pastelaria/Pastelaria Sortida,https://www.continente.pt/dw/image/v2/BDVS_PRD/on/demandware.static/-/Sites-col-master-catalog/default/dwf50bfa6e/images/col/807/8072775-amb-horizontal-cima-tabua.jpg?sw=280&sh=280,emb. 1 un,https://www.continente.pt/produto/rolinho-de-canela-8090106.html,frescos,2025-04-21,Continente
Bacalhau do Pacífico Desfiado Seco,8154246,11.99,"€11,99/kg",Riberalves,Frescos/Peixaria/Bacalhau/Seco,https://www.continente.pt/dw/image/v2/BDVS_PRD/on/demandware.static/-/Sites-col-master-catalog/default/dw77412ce6/images/col/815/8154246-cima.jpg?sw=280&sh=280,emb. 1 kg,https://www.continente.pt/produto/bacalhau-do-pacifico-desfiado-seco-riberalves-8154246.html,frescos,2025-04-21,Continente
Caldeirada de Bacalhau Seco,7108129,3.99,"€5,70/kg",Continente,Frescos/Peixaria/Bacalhau/Seco,https://www.continente.pt/dw/image/v2/BDVS_PRD/on/demandware.static/-/Sites-col-master-catalog/default/dwb030ba45/images/col/710/7108129-frente.jpg?sw=280&sh=280,emb. 700 gr,https://www.continente.pt/produto/caldeirada-de-bacalhau-seco-continente-7108129.html,frescos,2025-04-21,Continente
Bife do Lombo de Bovino,7328235,29.99,"€29,99/un",Continente Seleção,"Frescos/Talho/Novilho, Vitela e Vitelão",https://www.continente.pt/dw/image/v2/BDVS_PRD/on/demandware.static/-/Sites-col-master-catalog/default/dw2ab7d899/images/col/732/7328235-frente.jpg?sw=280&sh=280,emb. 300 gr (aprox.),https://www.continente.pt/produto/bife-do-lombo-de-bovino-continente-selecao-7328235.html,frescos,2025-04-21,Continente
Rabadilha de Novilho Fatiada no Balcão,6870583,15.99,"€4,00/un",Angus,"Frescos/Talho/Novilho, Vitela e Vitelão",https://www.continente.pt/dw/image/v2/BDVS_PRD/on/demandware.static/-/Sites-col-master-catalog/default/dw8ca90cc7/col/687/6870583.jpg?sw=280&sh=280,Quant. Mínima = 500 gr (aprox. 2 fatias),https://www.continente.pt/produto/rabadilha-de-novilho-fatiada-no-balcao-angus-6870583.html,frescos,2025-04-21,Continente
Bife da Vazia de Bovino América do Sul,5465073,4.99,"€24,95/kg",Continente Seleção,"Frescos/Talho/Novilho, Vitela e Vitelão",https://www.continente.pt/dw/image/v2/BDVS_PRD/on/demandware.static/-/Sites-col-master-catalog/default/dw56b78178/images/col/546/5465073-cima.jpg?sw=280&sh=280,emb. 200 gr,https://www.continente.pt/produto/bife-da-vazia-de-bovino-america-do-sul-continente-selecao-5465073.html,frescos,2025-04-21,Continente
Cogumelo Enoki Fresco,8161039,2.69,"€26,90/kg",Continente,"Frescos/Legumes/Cogumelos, Espargos e Exóticos",https://www.continente.pt/dw/image/v2/BDVS_PRD/on/demandware.static/-/Sites-col-master-catalog/default/dwc58ea0fb/images/col/816/8161039-topshot.jpg?sw=280&sh=280,emb. 100 gr,https://www.continente.pt/produto/cogumelo-enoki-fresco-continente-8161039.html,frescos,2025-04-21,Continente
Douradinhos Vegan,7464689,3.99,"€3,99/un",Vivera,Frescos/Take Away/Vegetariano e Vegan/Pronto a Cozinhar,https://www.continente.pt/dw/image/v2/BDVS_PRD/on/demandware.static/-/Sites-col-master-catalog/default/dw10d5114e/images/col/746/7464689-frente.jpg?sw=280&sh=280,emb. 189 gr (7 un),https://www.continente.pt/produto/douradinhos-vegan-vivera-7464689.html,frescos,2025-04-21,Continente
Tarte de Limão,7636441,3.99,"€9,98/kg",Da Nossa Pastelaria,Frescos/Padaria e Pastelaria/Bolos e Sobremesas,https://www.continente.pt/dw/image/v2/BDVS_PRD/on/demandware.static/-/Sites-col-master-catalog/default/dwb98ef2bf/images/col/763/7636441-frente.jpg?sw=280&sh=280,emb. 400 gr,https://www.continente.pt/produto/tarte-de-limao-da-nossa-pastelaria-7636441.html,frescos,2025-04-21,Continente
Queijo Curado Pro+ Fatiado,8112641,2.69,"€22,42/kg",Lindahls,Frescos/Queijos/Fatiado e Bolas,https://www.continente.pt/dw/image/v2/BDVS_PRD/on/demandware.static/-/Sites-col-master-catalog/default/dw4b4b0a19/images/col/811/8112641-frente.jpg?sw=280&sh=280,emb. 120 gr,https://www.continente.pt/produto/queijo-curado-pro-fatiado-lindahls-8112641.html,frescos,2025-04-21,Continente
Hambúrguer de Falafel com Molho de Iogurte,7968837,2.49,"€9,58/kg",Continente,"Frescos/Take Away/Grab&Go/Hambúrgueres, Sandes e Wraps",https://www.continente.pt/dw/image/v2/BDVS_PRD/on/demandware.static/-/Sites-col-master-catalog/default/dw683f06d7/images/col/796/7968837-frente.jpg?sw=280&sh=280,emb. 260 gr (2 un),https://www.continente.pt/produto/hamburguer-de-falafel-com-molho-de-iogurte-continente-7968837.html,frescos,2025-04-21,Continente
Folhado com Recheio de Pizza,7769868,0.99,"€8,25/kg",,Frescos/Padaria e Pastelaria/Pastelaria Sortida,https://www.continente.pt/dw/image/v2/BDVS_PRD/on/demandware.static/-/Sites-col-master-catalog/default/dw9b30a60f/images/col/776/7769868-frente.jpg?sw=280&sh=280,1 un,https://www.continente.pt/produto/folhado-com-recheio-de-pizza-7769868.html,frescos,2025-04-21,Continente
Tábua Seleção 3 Queijos,7679951,6.99,"€27,96/kg",Santiago,Frescos/Queijos/Curado,https://www.continente.pt/dw/image/v2/BDVS_PRD/on/demandware.static/-/Sites-col-master-catalog/default/dw302cde4f/images/col/767/7679951-frente.jpg?sw=280&sh=280,emb. 250 gr,https://www.continente.pt/produto/tabua-selecao-3-queijos-santiago-7679951.html,frescos,2025-04-21,Continente
Feijoada de Camarão para 5 Pessoas,8175617,20.24,"€13,49/kg",Cozinha Continente,Frescos/Take Away/Refeições Prontas/Peixe e Marisco,https://www.continente.pt/dw/image/v2/BDVS_PRD/on/demandware.static/-/Sites-col-master-catalog/default/dw9b361abb/images/col/817/8175617-frente.jpg?sw=280&sh=280,"emb. 1,5 kg",https://www.continente.pt/produto/feijoada-de-camarao-para-5-pessoas-cozinha-continente-8175617.html,frescos,2025-04-21,Continente
Bacalhau Graúdo 1ª Noruega,7682227,15.99,"€39,98/un",Nördsson,Frescos/Peixaria/Bacalhau/Seco,https://www.continente.pt/dw/image/v2/BDVS_PRD/on/demandware.static/-/Sites-col-master-catalog/default/dw9854901e/images/col/768/7682227-topshot.png?sw=280&sh=280,Quant. Mínima = 1 un (2 a 3 kg),https://www.continente.pt/produto/bacalhau-graudo-1-noruega-n%C3%B6rdsson-7682227.html,frescos,2025-04-21,Continente
Gressinos sem Glúten,8093467,2.99,"€33,22/kg",Museu do Pão,"Frescos/Padaria e Pastelaria/Tostas, Gressinos e Croutons",https://www.continente.pt/dw/image/v2/BDVS_PRD/on/demandware.static/-/Sites-col-master-catalog/default/dwc98407fa/images/col/809/8093467-topshot.jpg?sw=280&sh=280,emb. 90 gr,https://www.continente.pt/produto/gressinos-sem-gluten-museu-do-pao-8093467.html,frescos,2025-04-21,Continente
Queijo Fundido com Nozes,7484562,4.56,"€36,48/kg",Rambol,Frescos/Queijos/Queijos do Mundo,https://www.continente.pt/dw/image/v2/BDVS_PRD/on/demandware.static/-/Sites-col-master-catalog/default/dw011ad3d0/images/col/748/7484562-cima.jpg?sw=280&sh=280,emb. 125 gr,https://www.continente.pt/produto/queijo-fundido-com-nozes-rambol-7484562.html,frescos,2025-04-21,Continente
Pasta de Atum,7300207,2.49,"€9,96/kg",Derovo,Frescos/Take Away/Grab&Go/Pastas e Dips,https://www.continente.pt/dw/image/v2/BDVS_PRD/on/demandware.static/-/Sites-col-master-catalog/default/dw10df8faa/images/col/730/7300207-esquerdo.jpg?sw=280&sh=280,emb. 250 gr,https://www.continente.pt/produto/pasta-de-atum-derovo-7300207.html,frescos,2025-04-21,Continente
Molho de Mostarda e Endro,7851680,4.39,"€21,95/kg",Skandia,"Mercearia/Molhos, Temperos e Sal/Maionese, Ketchup e Mostarda",https://www.continente.pt/dw/image/v2/BDVS_PRD/on/demandware.static/-/Sites-col-master-catalog/default/dw625c0425/images/col/785/7851680-frente.jpg?sw=280&sh=280,emb. 200 gr,https://www.continente.pt/produto/molho-de-mostarda-e-endro-skandia-7851680.html,frescos,2025-04-21,Continente
Queijo Raclette Fumado,8187908,6.99,"€19,97/kg",Le Rustique,Frescos/Queijos/Queijos do Mundo,https://www.continente.pt/dw/image/v2/BDVS_PRD/on/demandware.static/-/Sites-col-master-catalog/default/dw91f1079b/images/col/818/8187908-direito.jpg?sw=280&sh=280,emb. 350 gr,https://www.continente.pt/produto/queijo-raclette-fumado-le-rustique-8187908.html,frescos,2025-04-21,Continente
Queijo Mascarpone sem Lactose,8376009,2.69,"€10,76/kg",Continente,"Frescos/Queijos/Fresco, Requeijão e Mozzarella",https://www.continente.pt/dw/image/v2/BDVS_PRD/on/demandware.static/-/Sites-col-master-catalog/default/dwc185d7aa/images/col/837/8376009-frente.jpg?sw=280&sh=280,emb. 250 gr,https://www.continente.pt/produto/queijo-mascarpone-sem-lactose-continente-8376009.html,frescos,2025-04-21,Continente
Lombo de Bovino América do Sul Congelado,6885814,23.99,"€41,98/un",Continente,"Frescos/Talho/Novilho, Vitela e Vitelão",https://www.continente.pt/dw/image/v2/BDVS_PRD/on/demandware.static/-/Sites-col-master-catalog/default/dwaf83d863/images/col/688/6885814-frente.jpg?sw=280&sh=280,"emb. 1,75 kg (aprox.)",https://www.continente.pt/produto/lombo-de-bovino-america-do-sul-congelado-continente-6885814.html,frescos,2025-04-21,Continente
Massa Filo,7809227,1.99,"€7,96/kg",Continente,Frescos/Padaria e Pastelaria/Massas para Culinária,https://www.continente.pt/dw/image/v2/BDVS_PRD/on/demandware.static/-/Sites-col-master-catalog/default/dw991961c3/images/col/780/7809227-frente.jpg?sw=280&sh=280,emb. 250 gr,https://www.continente.pt/produto/massa-filo-continente-7809227.html,frescos,2025-04-21,Continente
Lombos de Bacalhau MSC Fresco,7993764,4.99,"€16,63/kg",Continente,Frescos/Peixaria/Bacalhau/Fresco,https://www.continente.pt/dw/image/v2/BDVS_PRD/on/demandware.static/-/Sites-col-master-catalog/default/dwc12606a1/images/col/799/7993764-topshot.jpg?sw=280&sh=280,,https://www.continente.pt/produto/lombos-de-bacalhau-msc-fresco-continente-7993764.html,frescos,2025-04-21,Continente
Franguito do Campo Inteiro sem Miúdos,2612558,5.99,"€7,79/un",Campoaves,Frescos/Talho/Frango e Peru,https://www.continente.pt/dw/image/v2/BDVS_PRD/on/demandware.static/-/Sites-col-master-catalog/default/dw7a0c5407/images/col/261/2612558-frente.jpg?sw=280&sh=280,"emb. 1,3 kg (aprox.)",https://www.continente.pt/produto/franguito-do-campo-inteiro-sem-miudos-campoaves-2612558.html,frescos,2025-04-21,Continente
Tarte de Amêndoa,5580008,8.99,"€14,98/kg",Continente Seleção,Frescos/Padaria e Pastelaria/Bolos e Sobremesas,https://www.continente.pt/dw/image/v2/BDVS_PRD/on/demandware.static/-/Sites-col-master-catalog/default/dwb63a6bec/images/col/558/5580008-esquerdo.jpg?sw=280&sh=280,emb. 600 gr,https://www.continente.pt/produto/tarte-de-amendoa-continente-selecao-5580008.html,frescos,2025-04-21,Continente
Queijo Raclette,4922856,5.28,"€13,20/kg",Continente,Frescos/Queijos/Queijos do Mundo,https://www.continente.pt/dw/image/v2/BDVS_PRD/on/demandware.static/-/Sites-col-master-catalog/default/dwd400c066/images/col/492/4922856-frente.jpg?sw=280&sh=280,emb. 400 gr,https://www.continente.pt/produto/queijo-raclette-continente-4922856.html,frescos,2025-04-21,Continente
Snack Cacau sem Glúten,7383286,7.85,"€22,43/kg",Schär,Frescos/Padaria e Pastelaria/Pastelaria Sortida,https://www.continente.pt/dw/image/v2/BDVS_PRD/on/demandware.static/-/Sites-col-master-catalog/default/dwd596c723/images/col/738/7383286-frente.jpg?sw=280&sh=280,emb. 350 gr (10 un),https://www.continente.pt/produto/snack-cacau-sem-gluten-schar-7383286.html,frescos,2025-04-21,Continente
Pão de Forma Tenerelle Fatiado,8066895,2.31,"€4,62/kg",Morato,Frescos/Padaria e Pastelaria/Pão de Forma e Embalado,https://www.continente.pt/dw/image/v2/BDVS_PRD/on/demandware.static/-/Sites-col-master-catalog/default/dw570e8f45/images/col/806/8066895-frente.png?sw=280&sh=280,emb. 500 gr,https://www.continente.pt/produto/pao-de-forma-tenerelle-fatiado-morato-8066895.html,frescos,2025-04-21,Continente
Barriga Fumada de Chaves,6052403,22.99,"€8,51/un",Continente,Frescos/Charcutaria/Bacon e Fumados,https://www.continente.pt/dw/image/v2/BDVS_PRD/on/demandware.static/-/Sites-col-master-catalog/default/dwed915827/images/col/605/6052403-frente.jpg?sw=280&sh=280,emb. 370 gr,https://www.continente.pt/produto/barriga-fumada-de-chaves-continente-6052403.html,frescos,2025-04-21,Continente
Bolo de Noz e Doce de Ovos à Colher,8052041,4.99,"€14,68/kg",Chocolame,Frescos/Padaria e Pastelaria/Bolos e Sobremesas,https://www.continente.pt/dw/image/v2/BDVS_PRD/on/demandware.static/-/Sites-col-master-catalog/default/dwbe9683c4/images/col/805/8052041-frente.jpg?sw=280&sh=280,emb. 340 gr,https://www.continente.pt/produto/bolo-de-noz-e-doce-de-ovos-a-colher-chocolame-8052041.html,frescos,2025-04-21,Continente
Queijo de Vaca Curado com Trufa Negra,8080332,8.99,"€7,19/un",Alavão,Frescos/Queijos/Curado,https://www.continente.pt/dw/image/v2/BDVS_PRD/on/demandware.static/-/Sites-col-master-catalog/default/dw2c01b323/images/col/808/8080332-frente.jpg?sw=280&sh=280,emb. 800 gr (aprox.),https://www.continente.pt/produto/queijo-de-vaca-curado-com-trufa-negra-alavao-8080332.html,frescos,2025-04-21,Continente
Queijo Quark Mirtilo,7799513,1.89,"€9,45/kg",Santiago,"Frescos/Queijos/Fresco, Requeijão e Mozzarella",https://www.continente.pt/dw/image/v2/BDVS_PRD/on/demandware.static/-/Sites-col-master-catalog/default/dw2600e990/images/col/779/7799513-cima.jpg?sw=280&sh=280,emb. 200 gr,https://www.continente.pt/produto/queijo-quark-mirtilo-santiago-7799513.html,frescos,2025-04-21,Continente
Sumo 100% Mamão Natural,7371241,4.99,"€9,98/lt",Continente,Frescos/Frutas/Sumos Espremidos na Hora,https://www.continente.pt/dw/image/v2/BDVS_PRD/on/demandware.static/-/Sites-col-master-catalog/default/dw6c6712c8/images/col/737/7371241-frente-com-copo.jpg?sw=280&sh=280,emb. 50 cl,https://www.continente.pt/produto/sumo-100--mamao-natural-continente-7371241.html,frescos,2025-04-21,Continente
Queijo Stracciatella,7731023,4.89,"€24,45/kg",Gioiella,Frescos/Queijos/Queijos do Mundo,https://www.continente.pt/dw/image/v2/BDVS_PRD/on/demandware.static/-/Sites-col-master-catalog/default/dw7bc5bfc5/images/col/773/7731023-frente.jpg?sw=280&sh=280,emb. 200 gr,https://www.continente.pt/produto/queijo-stracciatella-gioiella-7731023.html,frescos,2025-04-21,Continente
Posta de Pescada do Chile MSC Congelada,7797023,7.69,"€19,23/kg",Europacífico,"Frescos/Peixaria/Filetes, Lombos e Postas/Congelado",https://www.continente.pt/dw/image/v2/BDVS_PRD/on/demandware.static/-/Sites-col-master-catalog/default/dwe15b2acf/images/col/779/7797023-cima.jpg?sw=280&sh=280,emb. 400 gr,https://www.continente.pt/produto/posta-de-pescada-do-chile-msc-congelada-europacifico-7797023.html,frescos,2025-04-21,Continente
Tábua 5 Queijos DOP Premiados,7323214,14.86,"€40,16/kg",L atelier,"Campanhas/Páscoa/Mesa de Páscoa/Entradas, Tábuas e Marisco",https://www.continente.pt/dw/image/v2/BDVS_PRD/on/demandware.static/-/Sites-col-master-catalog/default/dwc989a3f5/images/col/732/7323214-frente.jpg?sw=280&sh=280,emb. 370 gr,https://www.continente.pt/produto/tabua-5-queijos-dop-premiados-l-atelier-7323214.html,frescos,2025-04-21,Continente
Dunkin Cookies,7614330,2.99,"€16,80/kg",Dunkin,Frescos/Padaria e Pastelaria/Pastelaria Sortida,https://www.continente.pt/dw/image/v2/BDVS_PRD/on/demandware.static/-/Sites-col-master-catalog/default/dwd1d32bd1/images/col/761/7614330-frente.jpg?sw=280&sh=280,emb. 2 un,https://www.continente.pt/produto/dunkin-cookies-dunkin-7614330.html,frescos,2025-04-21,Continente
Entrecosto de Porco Duroc,7189787,6.49,"€4,22/un",Continente Seleção,Frescos/Talho/Porco,https://www.continente.pt/dw/image/v2/BDVS_PRD/on/demandware.static/-/Sites-col-master-catalog/default/dw89d2546c/images/col/718/7189787-topshot.jpg?sw=280&sh=280,emb. 650 gr (aprox.),https://www.continente.pt/produto/entrecosto-de-porco-duroc-continente-selecao-7189787.html,frescos,2025-04-21,Continente
Queijo Gouda com Nozes,7684401,5.07,"€25,35/kg",Landana,Frescos/Queijos/Queijos do Mundo,https://www.continente.pt/dw/image/v2/BDVS_PRD/on/demandware.static/-/Sites-col-master-catalog/default/dw5d17f6b6/images/col/768/7684401-frente.jpg?sw=280&sh=280,emb. 200 gr,https://www.continente.pt/produto/queijo-gouda-com-nozes-landana-7684401.html,frescos,2025-04-21,Continente
Raia Inteira Fresca,2147667,4.99,"€14,97/un",,Frescos/Peixaria/Peixe Fresco,https://www.continente.pt/dw/image/v2/BDVS_PRD/on/demandware.static/-/Sites-col-master-catalog/default/dw595f738f/images/col/214/2147667-frente.jpg?sw=280&sh=280,Quant. Mínima = 3 kg (1 un),https://www.continente.pt/produto/raia-inteira-fresca-2147667.html,frescos,2025-04-21,Continente
Pregado Inteiro Fresco,2147662,16.99,"€32,28/un",,Frescos/Peixaria/Peixe Fresco,https://www.continente.pt/dw/image/v2/BDVS_PRD/on/demandware.static/-/Sites-col-master-catalog/default/dw7f734289/images/col/214/2147662-frente.jpg?sw=280&sh=280,"Quant. Mínima = 1,9 kg",https://www.continente.pt/produto/pregado-inteiro-fresco-2147662.html,frescos,2025-04-21,Continente
Queijo de Vaca Amanteigado,2645329,11.49,"€7,47/un",A Queijeira,Frescos/Queijos/Amanteigado,https://www.continente.pt/dw/image/v2/BDVS_PRD/on/demandware.static/-/Sites-col-master-catalog/default/dw5488a779/images/col/264/2645329-frente.jpg?sw=280&sh=280,Quant. Mínima = 650 gr (1/2 queijo),https://www.continente.pt/produto/queijo-de-vaca-amanteigado-a-queijeira-2645329.html,frescos,2025-04-21,Continente
Pão Espelta Integral Curcuma e Pimenta Preta Biológico,6385030,3.64,"€8,09/kg",Pachamama,Frescos/Padaria e Pastelaria/Pão de Forma e Embalado,https://www.continente.pt/dw/image/v2/BDVS_PRD/on/demandware.static/-/Sites-col-master-catalog/default/dwea832b88/images/col/638/6385030-frente.jpg?sw=280&sh=280,emb. 450 gr (1 un),https://www.continente.pt/produto/pao-espelta-integral-curcuma-e-pimenta-preta-biologico-pachamama-6385030.html,frescos,2025-04-21,Continente
Salsichão de Porco Preto,7809261,3.69,"€41,00/kg",Continente Seleção,"Frescos/Charcutaria/Salpicão, Paio e Fuet",https://www.continente.pt/dw/image/v2/BDVS_PRD/on/demandware.static/-/Sites-col-master-catalog/default/dw51894c46/images/col/780/7809261-cima.jpg?sw=280&sh=280,emb. 90 gr,https://www.continente.pt/produto/salsichao-de-porco-preto-continente-selecao-7809261.html,frescos,2025-04-21,Continente
Filetes de Peixe Espada Preto Fresco,2148510,17.99,"€3,24/un",,"Frescos/Peixaria/Filetes, Lombos e Postas/Fresco",https://www.continente.pt/dw/image/v2/BDVS_PRD/on/demandware.static/-/Sites-col-master-catalog/default/dw975a0f59/images/col/214/2148510-frente.jpg?sw=280&sh=280,Quant. Mínima = 360 gr (2 un),https://www.continente.pt/produto/filetes-de-peixe-espada-preto-fresco-2148510.html,frescos,2025-04-21,Continente
Marmelada Balcão,5518123,10.79,"€2,48/un",Prisca,Frescos/Charcutaria/Tábuas e Aperitivos,https://www.continente.pt/dw/image/v2/BDVS_PRD/on/demandware.static/-/Sites-col-master-catalog/default/dwe85c8c2c/images/col/551/5518123-direito.jpg?sw=280&sh=280,Quant. Mínima = 230 gr,https://www.continente.pt/produto/marmelada-balcao-prisca-5518123.html,frescos,2025-04-21,Continente
Cacholeira de Porco Preto,6970312,4.29,"€23,83/kg",Miguel & Miguel,Frescos/Charcutaria/Bacon e Fumados,https://www.continente.pt/dw/image/v2/BDVS_PRD/on/demandware.static/-/Sites-col-master-catalog/default/dw90599a0a/images/col/697/6970312_frente_1.jpg?sw=280&sh=280,emb. 180 gr,https://www.continente.pt/produto/cacholeira-de-porco-preto-miguel-miguel-6970312.html,frescos,2025-04-21,Continente
Gressinos de Sésamo sem Glúten,8093471,2.99,"€33,22/kg",Museu do Pão,"Frescos/Padaria e Pastelaria/Tostas, Gressinos e Croutons",https://www.continente.pt/dw/image/v2/BDVS_PRD/on/demandware.static/-/Sites-col-master-catalog/default/dwf4aa6d49/images/col/809/8093471-topshot.jpg?sw=280&sh=280,emb. 90 gr,https://www.continente.pt/produto/gressinos-de-sesamo-sem-gluten-museu-do-pao-8093471.html,frescos,2025-04-21,Continente
Atum Fumado Noruega,6621383,4.19,"€52,38/kg",Continente,Frescos/Charcutaria/Salmão Fumado e Especialidades,https://www.continente.pt/dw/image/v2/BDVS_PRD/on/demandware.static/-/Sites-col-master-catalog/default/dw79e4de2f/images/col/662/6621383-frente.jpg?sw=280&sh=280,emb. 80 gr,https://www.continente.pt/produto/atum-fumado-noruega-continente-6621383.html,frescos,2025-04-21,Continente
Queijo Gouda Pesto Verde Balcão,7323211,25.29,"€5,06/un",Landana,Frescos/Queijos/Queijos do Mundo,https://www.continente.pt/dw/image/v2/BDVS_PRD/on/demandware.static/-/Sites-col-master-catalog/default/dw486c0400/images/col/732/7323211-direito.jpg?sw=280&sh=280,Quant. Mínima = 200 gr,https://www.continente.pt/produto/queijo-gouda-pesto-verde-balcao-landana-7323211.html,frescos,2025-04-21,Continente
Queijo de Mistura Curado,3838607,13.79,"€10,34/un",Sabores da Soalheira,Frescos/Queijos/Curado,https://www.continente.pt/dw/image/v2/BDVS_PRD/on/demandware.static/-/Sites-col-master-catalog/default/dwb21e9893/images/col/383/3838607-frente.jpg?sw=280&sh=280,Quant. Mínima = 750 gr (1/2 queijo),https://www.continente.pt/produto/queijo-de-mistura-curado-sabores-da-soalheira-3838607.html,frescos,2025-04-21,Continente
"Salame de Chocolate com Caramelo Salgado, Amendoins e Mel",7479414,4.99,"€12,48/kg",Chocolame,Frescos/Padaria e Pastelaria/Bolos e Sobremesas,https://www.continente.pt/dw/image/v2/BDVS_PRD/on/demandware.static/-/Sites-col-master-catalog/default/dw07c07ed0/images/col/747/7479414-cima.jpg?sw=280&sh=280,emb. 400 gr,https://www.continente.pt/produto/salame-de-chocolate-com-caramelo-salgado-amendoins-e-mel-chocolame-7479414.html,frescos,2025-04-21,Continente
Croissant Cornetti com Chocolate sem Glúten,7584616,5.99,"€24,96/kg",Nutrifree,Frescos/Padaria e Pastelaria/Croissants e Pães de Leite,https://www.continente.pt/dw/image/v2/BDVS_PRD/on/demandware.static/-/Sites-col-master-catalog/default/dw59d87dbf/images/col/758/7584616-frente.png?sw=280&sh=280,4 un x 50 gr (200 gr),https://www.continente.pt/produto/croissant-cornetti-com-chocolate-sem-gluten-nutrifree-7584616.html,frescos,2025-04-21,Continente
Wrap de Trigo,6718372,2.49,"€7,78/kg",Koala,"Frescos/Padaria e Pastelaria/Pão de Hambúrguer, Cachorro e Wraps",https://www.continente.pt/dw/image/v2/BDVS_PRD/on/demandware.static/-/Sites-col-master-catalog/default/dw8e9ce7e5/images/col/671/6718372-frente.jpg?sw=280&sh=280,emb. 320 gr (8 un),https://www.continente.pt/produto/wrap-de-trigo-koala-6718372.html,frescos,2025-04-21,Continente
Bagel com Sementes,7717962,0.89,"€11,13/kg",,"Frescos/Padaria e Pastelaria/Pão de Hambúrguer, Cachorro e Wraps",https://www.continente.pt/dw/image/v2/BDVS_PRD/on/demandware.static/-/Sites-col-master-catalog/default/dwcb58e32e/images/col/771/7717962-cima-acessorio.png?sw=280&sh=280,Quant. Mínima = 2 un (160 gr),https://www.continente.pt/produto/bagel-com-sementes-7717962.html,frescos,2025-04-21,Continente
Besugo Fresco,2147573,9.99,"€4,50/un",,Frescos/Peixaria/Peixe Fresco,https://www.continente.pt/dw/image/v2/BDVS_PRD/on/demandware.static/-/Sites-col-master-catalog/default/dw02cf7f43/images/col/214/2147573-frente.jpg?sw=280&sh=280,Quant. Mínima = 450 gr (1 un),https://www.continente.pt/produto/besugo-fresco-2147573.html,frescos,2025-04-21,Continente
Brigadeiros de Doce de Leite,7483221,5.49,"€36,60/kg",Da Nossa Pastelaria,Frescos/Padaria e Pastelaria/Pastelaria Sortida,https://www.continente.pt/dw/image/v2/BDVS_PRD/on/demandware.static/-/Sites-col-master-catalog/default/dwf2f361a5/images/col/748/7483221-cima.jpg?sw=280&sh=280,emb. 6 un,https://www.continente.pt/produto/brigadeiros-de-doce-de-leite-da-nossa-pastelaria-7483221.html,frescos,2025-04-21,Continente
Tiramisú,7924065,9.5,"€16,52/kg",San Martín,Frescos/Padaria e Pastelaria/Bolos e Sobremesas,https://www.continente.pt/dw/image/v2/BDVS_PRD/on/demandware.static/-/Sites-col-master-catalog/default/dw4b46f608/images/col/792/7924065-frente.jpg?sw=280&sh=280,emb. 575 gr,https://www.continente.pt/produto/tiramisu-san-martin-7924065.html,frescos,2025-04-21,Continente
Pota Descongelada,2148107,6.99,"€1,75/un",,"Frescos/Peixaria/Polvo, Lulas e Chocos/Fresco e Cozido",https://www.continente.pt/dw/image/v2/BDVS_PRD/on/demandware.static/-/Sites-col-master-catalog/default/dw4c67f525/images/col/214/2148107-frente.jpg?sw=280&sh=280,Quant. Mínima = 500 gr (2 un),https://www.continente.pt/produto/pota-descongelada-2148107.html,frescos,2025-04-21,Continente
Camarão Cozido 60/80 Fresco,7539269,6.99,"€11,65/kg",Continente,Frescos/Peixaria/Marisco/Fresco e Cozido,https://www.continente.pt/dw/image/v2/BDVS_PRD/on/demandware.static/-/Sites-col-master-catalog/default/dw6baf9dad/images/col/753/7539269-topshot.jpg?sw=280&sh=280,emb. 600 gr,https://www.continente.pt/produto/camarao-cozido-60-80-fresco-continente-7539269.html,frescos,2025-04-21,Continente
Queijo de Ovelha em Cubos para Saladas e Aperitivos,8116808,4.99,"€33,27/kg",Lagos,Frescos/Queijos/Curado,https://www.continente.pt/dw/image/v2/BDVS_PRD/on/demandware.static/-/Sites-col-master-catalog/default/dwc74d8cfc/images/col/811/8116808-cima.jpg?sw=280&sh=280,emb. 150 gr,https://www.continente.pt/produto/queijo-de-ovelha-em-cubos-para-saladas-e-aperitivos-lagos-8116808.html,frescos,2025-04-21,Continente
Queijo Fondue,8187906,7.49,"€16,64/kg",Le Rustique,Frescos/Queijos/Queijos do Mundo,https://www.continente.pt/dw/image/v2/BDVS_PRD/on/demandware.static/-/Sites-col-master-catalog/default/dwf2256955/images/col/818/8187906-direito.jpg?sw=280&sh=280,emb. 450 gr,https://www.continente.pt/produto/queijo-fondue-le-rustique-8187906.html,frescos,2025-04-21,Continente
Camarão Selvagem Madagáscar 20/30 Congelado,6780303,24.99,"€7,50/un",,Frescos/Peixaria/Marisco/Congelado,https://www.continente.pt/dw/image/v2/BDVS_PRD/on/demandware.static/-/Sites-col-master-catalog/default/dwff81247a/images/col/678/6780303-frente.jpg?sw=280&sh=280,Quant. Mínima = 300 gr,https://www.continente.pt/produto/camarao-selvagem-madagascar-20-30-congelado-6780303.html,frescos,2025-04-21,Continente
Barriga Fumada sem Costela,3717353,31.19,"€7,80/un",Minho Fumeiro,Frescos/Charcutaria/Bacon e Fumados,https://www.continente.pt/dw/image/v2/BDVS_PRD/on/demandware.static/-/Sites-col-master-catalog/default/dw68b6ae60/images/col/371/3717353-frente.jpg?sw=280&sh=280,emb. 250 gr (aprox.),https://www.continente.pt/produto/barriga-fumada-sem-costela-minho-fumeiro-3717353.html,frescos,2025-04-21,Continente
Secretos de Porco,8015811,16.99,"€15,29/un",Selecta,Frescos/Talho/Porco,https://www.continente.pt/dw/image/v2/BDVS_PRD/on/demandware.static/-/Sites-col-master-catalog/default/dw8fa78d63/images/col/801/8015811-frente.jpg?sw=280&sh=280,emb. 900 gr (aprox.),https://www.continente.pt/produto/secretos-de-porco-selecta-8015811.html,frescos,2025-04-21,Continente
Lombos de Bacalhau Seco,7107419,15.99,"€26,65/kg",Continente,Frescos/Peixaria/Bacalhau/Seco,https://www.continente.pt/dw/image/v2/BDVS_PRD/on/demandware.static/-/Sites-col-master-catalog/default/dwda12ce0d/images/col/710/7107419-frente.jpg?sw=280&sh=280,emb. 600 gr,https://www.continente.pt/produto/lombos-de-bacalhau-seco-continente-7107419.html,frescos,2025-04-21,Continente
Pancetta Curada Fatiada,8376016,3.49,"€27,92/kg",La Selva,Frescos/Charcutaria/Bacon e Fumados,https://www.continente.pt/dw/image/v2/BDVS_PRD/on/demandware.static/-/Sites-col-master-catalog/default/dwc46da51c/images/col/837/8376016-frente.jpg?sw=280&sh=280,emb. 125 gr,https://www.continente.pt/produto/pancetta-curada-fatiada-la-selva-8376016.html,frescos,2025-04-21,Continente
Pão de Cereais Fatiado sem Glúten,8093647,5.49,"€15,25/kg",Museu do Pão,Frescos/Padaria e Pastelaria/Pão de Forma e Embalado,https://www.continente.pt/dw/image/v2/BDVS_PRD/on/demandware.static/-/Sites-col-master-catalog/default/dwbce1fbce/images/col/809/8093647-topshot.jpg?sw=280&sh=280,emb. 360 gr,https://www.continente.pt/produto/pao-de-cereais-fatiado-sem-gluten-museu-do-pao-8093647.html,frescos,2025-04-21,Continente
Padinhas,5455226,1.39,"€4,63/kg",Textura Alentejana,Frescos/Padaria e Pastelaria/Biscoitos,https://www.continente.pt/dw/image/v2/BDVS_PRD/on/demandware.static/-/Sites-col-master-catalog/default/dwe96ae6f5/images/col/545/5455226-frente-granel.jpg?sw=280&sh=280,emb. 300 gr (2 un),https://www.continente.pt/produto/padinhas-textura-alentejana-5455226.html,frescos,2025-04-21,Continente
Asinhas de Peru,7191169,6.99,"€4,89/un",Turkey Lovers,Frescos/Talho/Frango e Peru/Peru,https://www.continente.pt/dw/image/v2/BDVS_PRD/on/demandware.static/-/Sites-col-master-catalog/default/dw000dd8d7/images/col/719/7191169-frente.jpg?sw=280&sh=280,emb. 700 gr (aprox.),https://www.continente.pt/produto/asinhas-de-peru-turkey-lovers-7191169.html,frescos,2025-04-21,Continente
Espetada de Lula e Camarão Fresca,6634077,15.99,"€6,40/un",Continente Fácil & Bom,"Frescos/Peixaria/Polvo, Lulas e Chocos/Fresco e Cozido",https://www.continente.pt/dw/image/v2/BDVS_PRD/on/demandware.static/-/Sites-col-master-catalog/default/dw3f4ff971/images/col/663/6634077-frente.jpg?sw=280&sh=280,2 un x 250 gr (500 gr),https://www.continente.pt/produto/espetada-de-lula-e-camarao-fresca-continente-facil-bom-6634077.html,frescos,2025-04-21,Continente
Queijo de Mistura Metades,7499705,7.99,"€17,76/kg",Três Igrejas,Frescos/Queijos/Curado,https://www.continente.pt/dw/image/v2/BDVS_PRD/on/demandware.static/-/Sites-col-master-catalog/default/dw2ae313c6/images/col/749/7499705-frente.jpg?sw=280&sh=280,emb. 450 gr (aprox.),https://www.continente.pt/produto/queijo-de-mistura-metades-tres-igrejas-7499705.html,frescos,2025-04-21,Continente
Tortas de Azeitão,4856082,6.69,"€22,30/kg",Azeitonense,Frescos/Padaria e Pastelaria/Bolos e Sobremesas,https://www.continente.pt/dw/image/v2/BDVS_PRD/on/demandware.static/-/Sites-col-master-catalog/default/dwdf65fee6/images/col/485/4856082-cima.jpg?sw=280&sh=280,emb. 300 gr (4 un),https://www.continente.pt/produto/tortas-de-azeitao-azeitonense-4856082.html,frescos,2025-04-21,Continente
Bacalhau Especial Asa Branca 1ª Noruega Seco,2202415,17.99,"€71,96/un",,Frescos/Peixaria/Bacalhau/Seco,https://www.continente.pt/dw/image/v2/BDVS_PRD/on/demandware.static/-/Sites-col-master-catalog/default/dw2872a715/images/col/220/2202415-frente.jpg?sw=280&sh=280,Quant. Mínima = 1 un (3 a 4 kg),https://www.continente.pt/produto/bacalhau-especial-asa-branca-1-noruega-seco-2202415.html,frescos,2025-04-21,Continente
Bife da Vazia de Bovino América do Sul Congelado,7779524,19.99,"€27,99/un",Continente,"Frescos/Talho/Novilho, Vitela e Vitelão",https://www.continente.pt/dw/image/v2/BDVS_PRD/on/demandware.static/-/Sites-col-master-catalog/default/dw4fdb4a36/images/col/777/7779524-cima-acessorio-sem-embalagem.jpg?sw=280&sh=280,"emb. 1,4 kg (aprox.)",https://www.continente.pt/produto/bife-da-vazia-de-bovino-america-do-sul-congelado-continente-7779524.html,frescos,2025-04-21,Continente
Couve Roxa Biológica,7724899,2.49,"€4,98/kg",Horto S. Silvestre,"Frescos/Legumes/Couves, Brócolos e Espinafres",https://www.continente.pt/dw/image/v2/BDVS_PRD/on/demandware.static/-/Sites-col-master-catalog/default/dwb86c9095/images/col/772/7724899-frente.jpg?sw=280&sh=280,emb. 500 gr,https://www.continente.pt/produto/couve-roxa-biologica-horto-s.-silvestre-7724899.html,frescos,2025-04-21,Continente
Queijo Moliterno Tartufo,7323209,55.99,"€11,20/un",Central Fromagi,Frescos/Queijos/Queijos do Mundo,https://www.continente.pt/dw/image/v2/BDVS_PRD/on/demandware.static/-/Sites-col-master-catalog/default/dwc7f11bbc/images/col/732/7323209-direito.jpg?sw=280&sh=280,Quant. Mínima = 200 gr,https://www.continente.pt/produto/queijo-moliterno-tartufo-central-fromagi-7323209.html,frescos,2025-04-21,Continente
Natas do Céu,7995189,4.89,"€17,46/kg",Da Nossa Pastelaria,Frescos/Padaria e Pastelaria/Bolos e Sobremesas,https://www.continente.pt/dw/image/v2/BDVS_PRD/on/demandware.static/-/Sites-col-master-catalog/default/dw7f1aed5a/images/col/799/7995189-frente.jpg?sw=280&sh=280,emb. 280 gr,https://www.continente.pt/produto/natas-do-ceu-da-nossa-pastelaria-7995189.html,frescos,2025-04-21,Continente
Queijo Curado Montagnard des Vosgues,8193436,5.99,"€29,95/kg",Haute Fromagerie,Frescos/Queijos/Queijos do Mundo,https://www.continente.pt/dw/image/v2/BDVS_PRD/on/demandware.static/-/Sites-col-master-catalog/default/dwa11f4319/images/col/819/8193436-frente.jpg?sw=280&sh=280,emb. 200 gr,https://www.continente.pt/produto/queijo-curado-montagnard-des-vosgues-haute-fromagerie-8193436.html,frescos,2025-04-21,Continente
Banana Bananito,5391717,13.76,"€3,44/un",Continente,Frescos/Frutas/Uvas e Tropicais,https://www.continente.pt/dw/image/v2/BDVS_PRD/on/demandware.static/-/Sites-col-master-catalog/default/dw3881931c/images/col/539/5391717-cima.jpg?sw=280&sh=280,Quant. Mínima = 500 gr (2 un),https://www.continente.pt/produto/banana-bananito-continente-5391717.html,frescos,2025-04-21,Continente
Queijo de Ovelha Amanteigado,5410264,21.79,"€22,88/un",Pastor da Beira Alta,Frescos/Queijos/Amanteigado,https://www.continente.pt/dw/image/v2/BDVS_PRD/on/demandware.static/-/Sites-col-master-catalog/default/dwadd5d41b/images/col/541/5410264-frente.jpg?sw=280&sh=280,"Quant. Mínima = 1,05 kg",https://www.continente.pt/produto/queijo-de-ovelha-amanteigado-pastor-da-beira-alta-5410264.html,frescos,2025-04-21,Continente
Pão de Hambúrguer By Chakall,7415210,2.39,"€14,94/kg",Panidor,"Frescos/Padaria e Pastelaria/Pão de Hambúrguer, Cachorro e Wraps",https://www.continente.pt/dw/image/v2/BDVS_PRD/on/demandware.static/-/Sites-col-master-catalog/default/dwdc807bff/images/col/741/7415210-frente.jpg?sw=280&sh=280,emb. 160 gr (2 un),https://www.continente.pt/produto/pao-de-hamburguer-by-chakall-panidor-7415210.html,frescos,2025-04-21,Continente
Alheira Tradicional sem Glúten,5649275,2.89,"€16,06/kg",Prisca,Frescos/Charcutaria/Alheira e Farinheira,https://www.continente.pt/dw/image/v2/BDVS_PRD/on/demandware.static/-/Sites-col-master-catalog/default/dw5c63a8ea/images/col/564/5649275-frente.jpg?sw=280&sh=280,emb. 180 gr,https://www.continente.pt/produto/alheira-tradicional-sem-gluten-prisca-5649275.html,frescos,2025-04-21,Continente
Patas de Frango,7069760,1.99,"€4,28/un",Continente,Frescos/Talho/Frango e Peru,https://www.continente.pt/dw/image/v2/BDVS_PRD/on/demandware.static/-/Sites-col-master-catalog/default/dw0ec98936/images/col/706/7069760-cima.jpg?sw=280&sh=280,"emb. 2,15 kg (aprox.)",https://www.continente.pt/produto/patas-de-frango-continente-7069760.html,frescos,2025-04-21,Continente
Coco Fresco,2479300,2.49,"€4,86/un",Continente,Frescos/Frutas/Uvas e Tropicais,https://www.continente.pt/dw/image/v2/BDVS_PRD/on/demandware.static/-/Sites-col-master-catalog/default/dwaa280365/images/col/247/2479300-cima.jpg?sw=280&sh=280,"Quant. Mínima = 1,95 kg (1 un)",https://www.continente.pt/produto/coco-fresco-continente-2479300.html,frescos,2025-04-21,Continente
Amêndoa com Trufa Negra,7781512,3.79,"€27,07/kg",Vera Almond,"Frescos/Frutas/Frutos Secos, Desidratados e Sementes/Frutos Secos",https://www.continente.pt/dw/image/v2/BDVS_PRD/on/demandware.static/-/Sites-col-master-catalog/default/dw2ab601dc/images/col/778/7781512-frente.jpg?sw=280&sh=280,emb. 140 gr,https://www.continente.pt/produto/amendoa-com-trufa-negra-vera-almond-7781512.html,frescos,2025-04-21,Continente
Queijo Blue Stilton Balcão,7327348,30.99,"€6,20/un",RTM,Frescos/Queijos/Queijos do Mundo,https://www.continente.pt/dw/image/v2/BDVS_PRD/on/demandware.static/-/Sites-col-master-catalog/default/dw0c25f394/images/col/732/7327348-direito.jpg?sw=280&sh=280,Quant. Mínima = 200 gr,https://www.continente.pt/produto/queijo-blue-stilton-balcao-rtm-7327348.html,frescos,2025-04-21,Continente
Presunto Serrano,6616999,4.29,"€35,75/kg",Noel,Frescos/Charcutaria/Presunto,https://www.continente.pt/dw/image/v2/BDVS_PRD/on/demandware.static/-/Sites-col-master-catalog/default/dwe4da6316/images/col/661/6616999-frente.jpg?sw=280&sh=280,emb. 120 gr,https://www.continente.pt/produto/presunto-serrano-noel-6616999.html,frescos,2025-04-21,Continente
Dunkin Munchkins,7706414,4.39,"€60,97/kg",Dunkin,Frescos/Padaria e Pastelaria/Pastelaria Sortida,https://www.continente.pt/dw/image/v2/BDVS_PRD/on/demandware.static/-/Sites-col-master-catalog/default/dw47ddd058/images/col/770/7706414-frente-com-embalagem.jpg?sw=280&sh=280,emb. 6 un,https://www.continente.pt/produto/dunkin-munchkins-dunkin-7706414.html,frescos,2025-04-21,Continente
Fatia de Brownie de Avelã,8079736,1.01,"€16,83/kg",Go Natural,Frescos/Take Away/Sobremesas,https://www.continente.pt/dw/image/v2/BDVS_PRD/on/demandware.static/-/Sites-col-master-catalog/default/dw8155ecc9/images/col/807/8079736-frente.png?sw=280&sh=280,emb. 1 un,https://www.continente.pt/produto/fatia-de-brownie-de-avela-go-natural-8079736.html,frescos,2025-04-21,Continente
Tiras de Choco Panadas Congeladas,7463787,8.69,"€28,97/kg",Continente,"Frescos/Peixaria/Polvo, Lulas e Chocos/Congelado",https://www.continente.pt/dw/image/v2/BDVS_PRD/on/demandware.static/-/Sites-col-master-catalog/default/dwc5b482a1/images/col/746/7463787-frente.jpg?sw=280&sh=280,emb. 300 gr,https://www.continente.pt/produto/tiras-de-choco-panadas-congeladas-continente-7463787.html,frescos,2025-04-21,Continente
Camarão Tigre Selvagem Médio Congelado,7374377,30.99,"€2,48/un",,Frescos/Peixaria/Marisco/Congelado,https://www.continente.pt/dw/image/v2/BDVS_PRD/on/demandware.static/-/Sites-col-master-catalog/default/dw9f355055/images/col/737/7374377-cima-granel.jpg?sw=280&sh=280,Quant. Mínima = 320 gr (4 un),https://www.continente.pt/produto/camarao-tigre-selvagem-medio-congelado-7374377.html,frescos,2025-04-21,Continente
Salame de Chocolate Red Velvet,7479422,4.99,"€12,48/kg",Chocolame,Frescos/Padaria e Pastelaria/Bolos e Sobremesas,https://www.continente.pt/dw/image/v2/BDVS_PRD/on/demandware.static/-/Sites-col-master-catalog/default/dwb5487558/images/col/747/7479422-cima.jpg?sw=280&sh=280,emb. 400 gr,https://www.continente.pt/produto/salame-de-chocolate-red-velvet-chocolame-7479422.html,frescos,2025-04-21,Continente
Edamame e Chocolate Negro,8015905,0.99,"€39,60/kg",Continente,"Frescos/Frutas/Frutos Secos, Desidratados e Sementes/Frutos Secos",https://www.continente.pt/dw/image/v2/BDVS_PRD/on/demandware.static/-/Sites-col-master-catalog/default/dw9051e6aa/images/col/801/8015905-topshot.jpg?sw=280&sh=280,emb. 25 gr,https://www.continente.pt/produto/edamame-e-chocolate-negro-continente-8015905.html,frescos,2025-04-21,Continente
Cavacas Finas,2422235,3.29,"€36,56/kg",Confeitaria Vale,Frescos/Padaria e Pastelaria/Pastelaria Sortida,https://www.continente.pt/dw/image/v2/BDVS_PRD/on/demandware.static/-/Sites-col-master-catalog/default/dw682b3681/images/col/242/2422235-frente.jpg?sw=280&sh=280,emb. 90 gr,https://www.continente.pt/produto/cavacas-finas-confeitaria-vale-2422235.html,frescos,2025-04-21,Continente
Queijo Curado com Leite de Búfala,8113999,4.99,"€33,27/kg",Continente Seleção,Frescos/Queijos/Queijos do Mundo,https://www.continente.pt/dw/image/v2/BDVS_PRD/on/demandware.static/-/Sites-col-master-catalog/default/dw293205dd/images/col/811/8113999-hero.jpg?sw=280&sh=280,emb. 150 gr,https://www.continente.pt/produto/queijo-curado-com-leite-de-bufala-continente-selecao-8113999.html,frescos,2025-04-21,Continente
Pão Redondo Biológico,7696298,2.49,"€6,23/kg",,Bio e Saudável/Biológicos/Padaria e Pastelaria,https://www.continente.pt/dw/image/v2/BDVS_PRD/on/demandware.static/-/Sites-col-master-catalog/default/dw7b4fbcd9/images/col/769/7696298-cima.jpg?sw=280&sh=280,emb. 400 gr (1 un),https://www.continente.pt/produto/pao-redondo-biologico-7696298.html,frescos,2025-04-21,Continente
Tarte de Feijão,8003338,6.69,"€13,38/kg",Da Nossa Pastelaria,Frescos/Padaria e Pastelaria/Bolos e Sobremesas,https://www.continente.pt/dw/image/v2/BDVS_PRD/on/demandware.static/-/Sites-col-master-catalog/default/dw8c42a1a1/images/col/800/8003338-frente.jpg?sw=280&sh=280,emb. 500 gr,https://www.continente.pt/produto/tarte-de-feijao-da-nossa-pastelaria-8003338.html,frescos,2025-04-21,Continente
Estufado de Grão com Tofu para 5 Pessoas,7647841,14.84,"€9,89/kg",Cozinha Continente,Frescos/Take Away/Refeições Prontas/Vegetariano e Vegan,https://www.continente.pt/dw/image/v2/BDVS_PRD/on/demandware.static/-/Sites-col-master-catalog/default/dw54d7d814/images/col/764/7647841-topshot.jpg?sw=280&sh=280,"emb. 1,5 kg",https://www.continente.pt/produto/estufado-de-grao-com-tofu-para-5-pessoas-cozinha-continente-7647841.html,frescos,2025-04-21,Continente
Baguete Mini sem Glúten,4087532,3.1,"€20,67/kg",Schär,Frescos/Padaria e Pastelaria/Pão de Forma e Embalado,https://www.continente.pt/dw/image/v2/BDVS_PRD/on/demandware.static/-/Sites-col-master-catalog/default/dw63cfe9b8/images/col/408/4087532-frente.jpg?sw=280&sh=280,emb. 150 gr (2 un),https://www.continente.pt/produto/baguete-mini-sem-gluten-schar-4087532.html,frescos,2025-04-21,Continente
Camarão Cozido 25/35 Fresco,6842755,23.99,"€11,99/kg",Continente,Frescos/Peixaria/Marisco/Fresco e Cozido,https://www.continente.pt/dw/image/v2/BDVS_PRD/on/demandware.static/-/Sites-col-master-catalog/default/dw84140b4e/images/col/684/6842755-cima.jpg?sw=280&sh=280,emb. 2 kg,https://www.continente.pt/produto/camarao-cozido-25-35-fresco-continente-6842755.html,frescos,2025-04-21,Continente
Pão de Ló Cremoso,6363344,4.49,"€11,22/kg",Continente Seleção,Frescos/Padaria e Pastelaria/Bolos e Sobremesas,https://www.continente.pt/dw/image/v2/BDVS_PRD/on/demandware.static/-/Sites-col-master-catalog/default/dwd58bda56/images/col/636/6363344-cima.jpg?sw=280&sh=280,emb. 400 gr,https://www.continente.pt/produto/pao-de-lo-cremoso-continente-selecao-6363344.html,frescos,2025-04-21,Continente
"Snack Algas, Amendoim, Alperce e Figo Biológico",7924532,2.99,"€49,83/kg",Wissi,"Frescos/Frutas/Frutos Secos, Desidratados e Sementes/Frutos Secos",https://www.continente.pt/dw/image/v2/BDVS_PRD/on/demandware.static/-/Sites-col-master-catalog/default/dwefe4e246/images/col/792/7924532-frente.png?sw=280&sh=280,emb. 60 gr,https://www.continente.pt/produto/snack-algas-amendoim-alperce-e-figo-biologico-wissi-7924532.html,frescos,2025-04-21,Continente
Cheesecake de Frutos Vermelhos,7994133,6.49,"€12,98/kg",Da Nossa Pastelaria,Frescos/Padaria e Pastelaria/Bolos e Sobremesas,https://www.continente.pt/dw/image/v2/BDVS_PRD/on/demandware.static/-/Sites-col-master-catalog/default/dwb1ba1abc/images/col/799/7994133-detalhe-picado-sem-embalagem.jpg?sw=280&sh=280,emb. 500 gr,https://www.continente.pt/produto/cheesecake-de-frutos-vermelhos-da-nossa-pastelaria-7994133.html,frescos,2025-04-21,Continente
Camarão Selvagem Cozido 10/20 Refrigerado,7243360,20.99,"€41,98/kg",Continente Seleção,Frescos/Peixaria/Marisco/Fresco e Cozido,https://www.continente.pt/dw/image/v2/BDVS_PRD/on/demandware.static/-/Sites-col-master-catalog/default/dwe9e7d13b/images/col/724/7243360-frente.jpg?sw=280&sh=280,emb. 500 gr,https://www.continente.pt/produto/camarao-selvagem-cozido-10-20-refrigerado-continente-selecao-7243360.html,frescos,2025-04-21,Continente
Queijo São Jorge DOP 7 Meses de Cura Balcão,3723483,18.99,"€3,80/un",São Jorge,Frescos/Queijos/Curado,https://www.continente.pt/dw/image/v2/BDVS_PRD/on/demandware.static/-/Sites-col-master-catalog/default/dw4eab8262/images/col/372/3723483-direito.jpg?sw=280&sh=280,Quant. Mínima = 200 gr,https://www.continente.pt/produto/queijo-sao-jorge-dop-7-meses-de-cura-balcao-sao-jorge-3723483.html,frescos,2025-04-21,Continente
Torresmos de Rissol de Porco Preto,8068379,5.99,"€39,93/kg",Serpocarnes,Frescos/Charcutaria/Bacon e Fumados,https://www.continente.pt/dw/image/v2/BDVS_PRD/on/demandware.static/-/Sites-col-master-catalog/default/dw66fbbf5e/images/col/806/8068379-topshot.jpg?sw=280&sh=280,emb. 150 gr,https://www.continente.pt/produto/torresmos-de-rissol-de-porco-preto-serpocarnes-8068379.html,frescos,2025-04-21,Continente
Longueirão Nacional Congelado,7201632,5.49,"€13,73/kg",Continente,Frescos/Peixaria/Marisco/Congelado,https://www.continente.pt/dw/image/v2/BDVS_PRD/on/demandware.static/-/Sites-col-master-catalog/default/dw6513aa82/images/col/720/7201632-frente.jpg?sw=280&sh=280,emb. 400 gr,https://www.continente.pt/produto/longueirao-nacional-congelado-continente-7201632.html,frescos,2025-04-21,Continente
Bolo da Avó de Laranja Sem Glúten,8037339,6.99,"€17,48/kg",Museu do Pão,Frescos/Padaria e Pastelaria/Bolos e Sobremesas,https://www.continente.pt/dw/image/v2/BDVS_PRD/on/demandware.static/-/Sites-col-master-catalog/default/dw2a66c2f0/images/col/803/8037339-frente.jpg?sw=280&sh=280,emb. 400 gr,https://www.continente.pt/produto/bolo-da-avo-de-laranja-sem-gluten-museu-do-pao-8037339.html,frescos,2025-04-21,Continente
Camarão Selvagem de Moçambique 10/20 Ultracongelado,7005360,13.99,"€34,98/kg",Continente Seleção,Frescos/Peixaria/Marisco/Congelado,https://www.continente.pt/dw/image/v2/BDVS_PRD/on/demandware.static/-/Sites-col-master-catalog/default/dw45e1d3b6/images/col/700/7005360-frente.jpg?sw=280&sh=280,emb. 400 gr,https://www.continente.pt/produto/camarao-selvagem-de-mocambique-10-20-ultracongelado-continente-selecao-7005360.html,frescos,2025-04-21,Continente
Tábua de Queijos da Minha Terra,7684403,7.61,"€38,05/kg",Spanish Cheese,Frescos/Queijos/Queijos do Mundo,https://www.continente.pt/dw/image/v2/BDVS_PRD/on/demandware.static/-/Sites-col-master-catalog/default/dw3e306471/images/col/768/7684403-frente.jpg?sw=280&sh=280,emb. 200 gr,https://www.continente.pt/produto/tabua-de-queijos-da-minha-terra-spanish-cheese-7684403.html,frescos,2025-04-21,Continente
Queijo Raclette Balcão,7691900,17.99,"€3,60/un",Le Pays,Frescos/Queijos/Queijos do Mundo,https://www.continente.pt/dw/image/v2/BDVS_PRD/on/demandware.static/-/Sites-col-master-catalog/default/dwc94999e4/images/col/769/7691900-frente.jpg?sw=280&sh=280,Quant. Mínima = 200 gr,https://www.continente.pt/produto/queijo-raclette-balcao-le-pays-7691900.html,frescos,2025-04-21,Continente
Miolo de Vieira Ultracongelado,7621374,7.49,"€29,96/kg",Continente Seleção,Frescos/Peixaria/Marisco/Congelado,https://www.continente.pt/dw/image/v2/BDVS_PRD/on/demandware.static/-/Sites-col-master-catalog/default/dw0efb5059/images/col/762/7621374-frente.jpg?sw=280&sh=280,emb. 250 gr,https://www.continente.pt/produto/miolo-de-vieira-ultracongelado-continente-selecao-7621374.html,frescos,2025-04-21,Continente
Creme Lácteo para Barrar Pro+,8112640,2.89,"€23,12/kg",Lindahls,Frescos/Queijos/Snacks e Barrar,https://www.continente.pt/dw/image/v2/BDVS_PRD/on/demandware.static/-/Sites-col-master-catalog/default/dwf770a43f/images/col/811/8112640-frente.jpg?sw=280&sh=280,emb. 125 gr,https://www.continente.pt/produto/creme-lacteo-para-barrar-pro-lindahls-8112640.html,frescos,2025-04-21,Continente
Bife de Frango Biológico,7461733,21.49,"€8,60/un",Campoaves,"Bio e Saudável/Biológicos/Peixaria, Talho e Alternativas",https://www.continente.pt/dw/image/v2/BDVS_PRD/on/demandware.static/-/Sites-col-master-catalog/default/dw31a5e1d4/images/col/746/7461733-frente.jpg?sw=280&sh=280,emb. 400 gr (aprox.),https://www.continente.pt/produto/bife-de-frango-biologico-campoaves-7461733.html,frescos,2025-04-21,Continente
Lava Cake Speculoos,8363954,3.99,"€39,90/kg",,Frescos/Padaria e Pastelaria/Bolos e Sobremesas,https://www.continente.pt/dw/image/v2/BDVS_PRD/on/demandware.static/-/Sites-col-master-catalog/default/dwc98bc8f8/images/col/836/8363954-frente.jpg?sw=280&sh=280,emb. 2 un,https://www.continente.pt/produto/lava-cake-speculoos-8363954.html,frescos,2025-04-21,Continente
Cacetinho sem Glúten,8069432,1.59,"€31,80/kg",,Frescos/Padaria e Pastelaria/Pão de Forma e Embalado,https://www.continente.pt/dw/image/v2/BDVS_PRD/on/demandware.static/-/Sites-col-master-catalog/default/dwaa7988f5/images/col/806/8069432-topshot.jpg?sw=280&sh=280,emb. 50 gr,https://www.continente.pt/produto/cacetinho-sem-gluten-8069432.html,frescos,2025-04-21,Continente
Chouriço BBQ,7832213,4.99,"€16,63/kg",Carsodo,Frescos/Charcutaria/Chouriço e Morcela,https://www.continente.pt/dw/image/v2/BDVS_PRD/on/demandware.static/-/Sites-col-master-catalog/default/dw66c9b991/images/col/783/7832213-frente.png?sw=280&sh=280,emb. 300 gr,https://www.continente.pt/produto/chourico-bbq-carsodo-7832213.html,frescos,2025-04-21,Continente
Bacalhau Especial 1ª Noruega Seco,2202544,17.99,"€60,63/un",,Frescos/Peixaria/Bacalhau/Seco,https://www.continente.pt/dw/image/v2/BDVS_PRD/on/demandware.static/-/Sites-col-master-catalog/default/dwc89a2f9e/images/col/220/2202544-cima.jpg?sw=280&sh=280,"Quant. Mínima = 3,37 kg",https://www.continente.pt/produto/bacalhau-especial-1-noruega-seco-2202544.html,frescos,2025-04-21,Continente
Bife de Alcatra de Borrego,8200006,24.99,"€7,50/un",Nipa,Frescos/Talho/Cabrito e Borrego,https://www.continente.pt/dw/image/v2/BDVS_PRD/on/demandware.static/-/Sites-col-master-catalog/default/dw118cc703/images/col/820/8200006-frente.jpg?sw=280&sh=280,emb. 300 gr (aprox.),https://www.continente.pt/produto/bife-de-alcatra-de-borrego-nipa-8200006.html,frescos,2025-04-21,Continente
Salema Fresca,2147773,2.99,"€2,99/un",,Frescos/Peixaria/Peixe Fresco,https://www.continente.pt/dw/image/v2/BDVS_PRD/on/demandware.static/-/Sites-col-master-catalog/default/dwc72a81fd/images/col/214/2147773-amb.jpg?sw=280&sh=280,Quant. Mínima = 1 kg,https://www.continente.pt/produto/salema-fresca-2147773.html,frescos,2025-04-21,Continente
Pão de Hambúrguer Mini,7404115,1.68,"€8,40/kg",Roberto,"Frescos/Padaria e Pastelaria/Pão de Hambúrguer, Cachorro e Wraps",https://www.continente.pt/dw/image/v2/BDVS_PRD/on/demandware.static/-/Sites-col-master-catalog/default/dw2f732f70/images/col/740/7404115-frente.jpg?sw=280&sh=280,emb. 200 gr (8 un),https://www.continente.pt/produto/pao-de-hamburguer-mini-roberto-7404115.html,frescos,2025-04-21,Continente
Hambúrguer Vegetariano de Legumes,8093060,4.39,"€27,44/kg",Nobre Vegalia,Frescos/Take Away/Vegetariano e Vegan/Pronto a Cozinhar,https://www.continente.pt/dw/image/v2/BDVS_PRD/on/demandware.static/-/Sites-col-master-catalog/default/dwa7facdc1/images/col/809/8093060-frente.jpg?sw=280&sh=280,emb. 160 gr,https://www.continente.pt/produto/hamburguer-vegetariano-de-legumes-nobre-vegalia-8093060.html,frescos,2025-04-21,Continente
Postas de Bacalhau MSC Higienizadas Congelado,7450968,12.98,"€5,19/un",Continente,Frescos/Peixaria/Bacalhau/Congelado,https://www.continente.pt/dw/image/v2/BDVS_PRD/on/demandware.static/-/Sites-col-master-catalog/default/dw426c0bdc/images/col/745/7450968-frente.jpg?sw=280&sh=280,Quant. Mínima = 400 gr,https://www.continente.pt/produto/postas-de-bacalhau-msc-higienizadas-congelado-continente-7450968.html,frescos,2025-04-21,Continente
Torta de Ovo,8388728,3.99,"€11,40/kg",Da Nossa Pastelaria,Frescos/Padaria e Pastelaria/Bolos e Sobremesas,https://www.continente.pt/dw/image/v2/BDVS_PRD/on/demandware.static/-/Sites-col-master-catalog/default/dw31f16935/images/col/838/8388728-frente.jpg?sw=280&sh=280,emb. 350 gr,https://www.continente.pt/produto/torta-de-ovo-da-nossa-pastelaria-8388728.html,frescos,2025-04-21,Continente
Tâmaras com Chocolate,7719893,5.99,"€29,95/kg",Jomara,"Frescos/Frutas/Frutos Secos, Desidratados e Sementes/Frutos Desidratados",https://www.continente.pt/dw/image/v2/BDVS_PRD/on/demandware.static/-/Sites-col-master-catalog/default/dw84a92917/images/col/771/7719893-frente.jpg?sw=280&sh=280,emb. 200 gr,https://www.continente.pt/produto/tamaras-com-chocolate-jomara-7719893.html,frescos,2025-04-21,Continente
Postas de Bacalhau Gourmet 12 Meses de Cura Congelado,8195146,23.78,"€31,71/kg",Caxamar,Frescos/Peixaria/Bacalhau/Congelado,https://www.continente.pt/dw/image/v2/BDVS_PRD/on/demandware.static/-/Sites-col-master-catalog/default/dw92b38be2/images/col/819/8195146-direito.png?sw=280&sh=280,emb. 750 gr,https://www.continente.pt/produto/postas-de-bacalhau-gourmet-12-meses-de-cura-congelado-caxamar-8195146.html,frescos,2025-04-21,Continente
Torta de Noz,7888286,8.19,"€11,70/kg",Da Nossa Pastelaria,Frescos/Padaria e Pastelaria/Bolos e Sobremesas,https://www.continente.pt/dw/image/v2/BDVS_PRD/on/demandware.static/-/Sites-col-master-catalog/default/dw01609560/images/col/788/7888286-hero.jpg?sw=280&sh=280,emb. 700 gr,https://www.continente.pt/produto/torta-de-noz-da-nossa-pastelaria-7888286.html,frescos,2025-04-21,Continente
Foodie Chocolate,7802735,4.85,"€12,13/lt",Ehrmann,Frescos/Take Away,https://www.continente.pt/dw/image/v2/BDVS_PRD/on/demandware.static/-/Sites-col-master-catalog/default/dw16bc3069/images/col/780/7802735-frente.png?sw=280&sh=280,emb. 400 ml,https://www.continente.pt/produto/foodie-chocolate-ehrmann-7802735.html,frescos,2025-04-21,Continente
Bolo Brownie e Doce de Leite à Colher,8052109,4.99,"€14,68/kg",Chocolame,Frescos/Padaria e Pastelaria/Bolos e Sobremesas,https://www.continente.pt/dw/image/v2/BDVS_PRD/on/demandware.static/-/Sites-col-master-catalog/default/dw8db9ad81/images/col/805/8052109-frente.jpg?sw=280&sh=280,emb. 340 gr,https://www.continente.pt/produto/bolo-brownie-e-doce-de-leite-a-colher-chocolame-8052109.html,frescos,2025-04-21,Continente
Pão de Cachorro Mini,7635923,2.09,"€6,97/kg",Roberto,"Frescos/Padaria e Pastelaria/Pão de Hambúrguer, Cachorro e Wraps",https://www.continente.pt/dw/image/v2/BDVS_PRD/on/demandware.static/-/Sites-col-master-catalog/default/dw8fa8a332/images/col/763/7635923-cima.jpg?sw=280&sh=280,emb. 300 gr (8 un),https://www.continente.pt/produto/pao-de-cachorro-mini-roberto-7635923.html,frescos,2025-04-21,Continente
Foie Gras de Pato,7066241,19.54,"€156,32/kg",Capdevila,Mercearia/Conservas/Patês,https://www.continente.pt/dw/image/v2/BDVS_PRD/on/demandware.static/-/Sites-col-master-catalog/default/dwe644c786/images/col/706/7066241-cima.jpg?sw=280&sh=280,emb. 125 gr,https://www.continente.pt/produto/foie-gras-de-pato-capdevila-7066241.html,frescos,2025-04-21,Continente
Omelete Fatiada com Fiambre e Queijo,7908362,2.29,"€28,63/kg",Nobre,"Frescos/Charcutaria/Fiambre, Mortadela e Salame",https://www.continente.pt/dw/image/v2/BDVS_PRD/on/demandware.static/-/Sites-col-master-catalog/default/dw6e7f55b9/images/col/790/7908362-frente.jpg?sw=280&sh=280,emb. 80 gr,https://www.continente.pt/produto/omelete-fatiada-com-fiambre-e-queijo-nobre-7908362.html,frescos,2025-04-21,Continente
Pernil Porco Fumado,4995734,9.99,"€9,49/un",Beira Lamego,Frescos/Charcutaria/Bacon e Fumados,https://www.continente.pt/dw/image/v2/BDVS_PRD/on/demandware.static/-/Sites-col-master-catalog/default/dw9fb5445c/images/col/499/4995734-frente.png?sw=280&sh=280,emb. 950 gr,https://www.continente.pt/produto/pernil-porco-fumado-beira-lamego-4995734.html,frescos,2025-04-21,Continente
Cachaços de Bacalhau Seco,8112503,11.99,"€17,13/kg",Lugrade,Frescos/Peixaria/Bacalhau/Seco,https://www.continente.pt/dw/image/v2/BDVS_PRD/on/demandware.static/-/Sites-col-master-catalog/default/dw4a7ffcf8/images/col/811/8112503-hero.jpg?sw=280&sh=280,emb. 700 gr,https://www.continente.pt/produto/cachacos-de-bacalhau-seco-lugrade-8112503.html,frescos,2025-04-21,Continente
Delícia de Tiramisú,8088649,6.59,"€13,18/kg",San Martín,Frescos/Padaria e Pastelaria/Bolos e Sobremesas,https://www.continente.pt/dw/image/v2/BDVS_PRD/on/demandware.static/-/Sites-col-master-catalog/default/dw2e2fa1eb/images/col/808/8088649-frente-acessorio.jpg?sw=280&sh=280,emb. 500 gr,https://www.continente.pt/produto/delicia-de-tiramisu-san-martin-8088649.html,frescos,2025-04-21,Continente
Bolo Red Velvet à Colher,8052032,4.99,"€22,68/kg",Chocolame,Frescos/Padaria e Pastelaria/Bolos e Sobremesas,https://www.continente.pt/dw/image/v2/BDVS_PRD/on/demandware.static/-/Sites-col-master-catalog/default/dwf81f1b41/images/col/805/8052032-frente.jpg?sw=280&sh=280,emb. 220 gr,https://www.continente.pt/produto/bolo-red-velvet-a-colher-chocolame-8052032.html,frescos,2025-04-21,Continente
Queijo de Ovelha 12 Meses de Cura,6785953,22.99,"€13,79/un",Serramonte,Frescos/Queijos/Curado,https://www.continente.pt/dw/image/v2/BDVS_PRD/on/demandware.static/-/Sites-col-master-catalog/default/dw8784aba2/images/col/678/6785953-frente.jpg?sw=280&sh=280,Quant. Mínima = 600 gr (1/2 queijo),https://www.continente.pt/produto/queijo-de-ovelha-12-meses-de-cura-serramonte-6785953.html,frescos,2025-04-21,Continente
Pezinhos de Porco,2534186,2.99,"€2,99/un",Continente,Frescos/Talho/Porco,https://www.continente.pt/dw/image/v2/BDVS_PRD/on/demandware.static/-/Sites-col-master-catalog/default/dw3944111f/images/col/253/2534186-frente.jpg?sw=280&sh=280,emb. 1 kg (aprox.),https://www.continente.pt/produto/pezinhos-de-porco-continente-2534186.html,frescos,2025-04-21,Continente
Brioche Kids,8406447,2.49,"€11,86/kg",Realbolo,Frescos/Padaria e Pastelaria/Croissants e Pães de Leite,https://www.continente.pt/dw/image/v2/BDVS_PRD/on/demandware.static/-/Sites-col-master-catalog/default/dw2308054f/images/col/840/8406447-frente.jpg?sw=280&sh=280,emb. 210 gr (6 un),https://www.continente.pt/produto/brioche-kids-realbolo-8406447.html,frescos,2025-04-21,Continente
Bocas de Sapateira Cozida Congelada,7803470,12.99,"€25,98/kg",Errigal Bay,Frescos/Peixaria/Marisco/Congelado,https://www.continente.pt/dw/image/v2/BDVS_PRD/on/demandware.static/-/Sites-col-master-catalog/default/dwe049ee82/images/col/780/7803470-frente.jpg?sw=280&sh=280,emb. 500 gr,https://www.continente.pt/produto/bocas-de-sapateira-cozida-congelada-errigal-bay-7803470.html,frescos,2025-04-21,Continente
Folar de Pão com Ovo,7992893,2.99,"€7,48/kg",,Frescos/Padaria e Pastelaria/Pão do Dia e Broa,https://www.continente.pt/dw/image/v2/BDVS_PRD/on/demandware.static/-/Sites-col-master-catalog/default/dwcaa73c46/images/col/799/7992893-cima-acessorio.jpg?sw=280&sh=280,emb. 400 gr,https://www.continente.pt/produto/folar-de-pao-com-ovo-7992893.html,frescos,2025-04-21,Continente
Banana Desidratada Cortada,7849696,1.99,"€39,80/kg",DaNature,"Frescos/Frutas/Frutos Secos, Desidratados e Sementes/Frutos Desidratados",https://www.continente.pt/dw/image/v2/BDVS_PRD/on/demandware.static/-/Sites-col-master-catalog/default/dw25dd0eb8/images/col/784/7849696-frente.jpg?sw=280&sh=280,emb. 40 gr,https://www.continente.pt/produto/banana-desidratada-cortada-danature-7849696.html,frescos,2025-04-21,Continente
Gressinos com Colagénio,8231907,1.39,"€13,90/kg",Continente,"Frescos/Padaria e Pastelaria/Tostas, Gressinos e Croutons",https://www.continente.pt/dw/image/v2/BDVS_PRD/on/demandware.static/-/Sites-col-master-catalog/default/dwc2c57874/images/col/823/8231907-frente.jpg?sw=280&sh=280,2 un x 50 gr (100 gr),https://www.continente.pt/produto/gressinos-com-colagenio-continente-8231907.html,frescos,2025-04-21,Continente
Farinheira Tradicional sem Glúten,7848524,2.89,"€16,06/kg",Prisca,Frescos/Charcutaria/Alheira e Farinheira,https://www.continente.pt/dw/image/v2/BDVS_PRD/on/demandware.static/-/Sites-col-master-catalog/default/dwca5359a0/images/col/784/7848524-frente.jpg?sw=280&sh=280,emb. 180gr,https://www.continente.pt/produto/farinheira-tradicional-sem-gluten-prisca-7848524.html,frescos,2025-04-21,Continente
Rosca Rústica,7626465,3.49,"€7,93/kg",Trigal,Frescos/Take Away/Pizzas,https://www.continente.pt/dw/image/v2/BDVS_PRD/on/demandware.static/-/Sites-col-master-catalog/default/dwed1ceaab/images/col/762/7626465-frente.jpg?sw=280&sh=280,emb. 420 gr,https://www.continente.pt/produto/rosca-rustica-trigal-7626465.html,frescos,2025-04-21,Continente
Miolo de Búzio Ultracongelado,7981524,6.99,"€27,96/kg",Gelpeixe,Frescos/Peixaria/Marisco/Congelado,https://www.continente.pt/dw/image/v2/BDVS_PRD/on/demandware.static/-/Sites-col-master-catalog/default/dwf040fd33/images/col/798/7981524-topshot.jpg?sw=280&sh=280,emb. 250 gr,https://www.continente.pt/produto/miolo-de-buzio-ultracongelado-gelpeixe-7981524.html,frescos,2025-04-21,Continente
Brás de Legumes Mise en Place,8146959,8.99,"€20,43/kg",Cozinha Continente,Frescos/Take Away/Refeições Prontas/Vegetariano e Vegan,https://www.continente.pt/dw/image/v2/BDVS_PRD/on/demandware.static/-/Sites-col-master-catalog/default/dw904d9869/images/col/814/8146959-topshot.jpg?sw=280&sh=280,emb. 440 gr,https://www.continente.pt/produto/bras-de-legumes-mise-en-place-cozinha-continente-8146959.html,frescos,2025-04-21,Continente
Lombo Recheado à Pastor,6303871,9.99,"€12,49/kg",Fresbeira,Frescos/Take Away/Refeições Prontas/Carne,https://www.continente.pt/dw/image/v2/BDVS_PRD/on/demandware.static/-/Sites-col-master-catalog/default/dw7fa6212b/images/col/630/6303871-frente.jpg?sw=280&sh=280,emb. 800 gr,https://www.continente.pt/produto/lombo-recheado-a-pastor-fresbeira-6303871.html,frescos,2025-04-21,Continente
Tarte de Maçã,7320852,9.49,"€18,98/kg",Continente Seleção,Frescos/Padaria e Pastelaria/Bolos e Sobremesas,https://www.continente.pt/dw/image/v2/BDVS_PRD/on/demandware.static/-/Sites-col-master-catalog/default/dw8dfb3f04/images/col/732/7320852-cima.jpg?sw=280&sh=280,emb. 500 gr,https://www.continente.pt/produto/tarte-de-maca-continente-selecao-7320852.html,frescos,2025-04-21,Continente
Bolo Brigadeiro,7314202,5.99,"€11,98/kg",Continente,Frescos/Padaria e Pastelaria/Bolos e Sobremesas,https://www.continente.pt/dw/image/v2/BDVS_PRD/on/demandware.static/-/Sites-col-master-catalog/default/dw142bc00b/images/col/731/7314202-frente-com-fatia.jpg?sw=280&sh=280,emb. 500 gr,https://www.continente.pt/produto/bolo-brigadeiro-continente-7314202.html,frescos,2025-04-21,Continente
Orelheira Fumada,2114692,9.99,"€9,99/un",Beira Lamego,Frescos/Charcutaria/Bacon e Fumados,https://www.continente.pt/dw/image/v2/BDVS_PRD/on/demandware.static/-/Sites-col-master-catalog/default/dw47a4b2e2/images/col/211/2114692-frente.png?sw=280&sh=280,emb. 1 kg (aprox.),https://www.continente.pt/produto/orelheira-fumada-beira-lamego-2114692.html,frescos,2025-04-21,Continente
Cozido à Portuguesa Mise en Place,7735875,12.99,"€9,25/kg",Cozinha Continente,Frescos/Take Away/Refeições Prontas/Carne,https://www.continente.pt/dw/image/v2/BDVS_PRD/on/demandware.static/-/Sites-col-master-catalog/default/dw4b6009d9/images/col/773/7735875-cima.jpg?sw=280&sh=280,"emb. 1,4 kg",https://www.continente.pt/produto/cozido-a-portuguesa-mise-en-place-cozinha-continente-7735875.html,frescos,2025-04-21,Continente
Camarão Tigre Gigante Congelado,3911289,42.99,"€10,32/un",,Frescos/Peixaria/Marisco/Congelado,https://www.continente.pt/dw/image/v2/BDVS_PRD/on/demandware.static/-/Sites-col-master-catalog/default/dw237d2ea4/images/col/391/3911289-cima-acessorio.jpg?sw=280&sh=280,Quant. Mínima = 480 gr (2 un),https://www.continente.pt/produto/camarao-tigre-gigante-congelado-3911289.html,frescos,2025-04-21,Continente
Bolo de Mel da Madeira,6119644,7.69,"€15,38/kg",Ilhopan,Frescos/Padaria e Pastelaria/Bolos e Sobremesas,https://www.continente.pt/dw/image/v2/BDVS_PRD/on/demandware.static/-/Sites-col-master-catalog/default/dw1b904a1b/images/col/611/6119644-cima.jpg?sw=280&sh=280,emb. 500 gr,https://www.continente.pt/produto/bolo-de-mel-da-madeira-ilhopan-6119644.html,frescos,2025-04-21,Continente
Lombo de Salmão Fumado Noruega + Oferta Sucedâneo Caviar,7851635,12.99,"€64,95/kg",Skandia,Frescos/Charcutaria/Salmão Fumado e Especialidades,https://www.continente.pt/dw/image/v2/BDVS_PRD/on/demandware.static/-/Sites-col-master-catalog/default/dw602d3ecb/images/col/785/7851635-frente.jpg?sw=280&sh=280,emb. 200 gr,https://www.continente.pt/produto/lombo-de-salmao-fumado-noruega-oferta-sucedaneo-caviar-skandia-7851635.html,frescos,2025-04-21,Continente
Berbigão Fresco,2148370,5.99,"€5,99/un",,Frescos/Peixaria/Marisco/Fresco e Cozido,https://www.continente.pt/dw/image/v2/BDVS_PRD/on/demandware.static/-/Sites-col-master-catalog/default/dw156d048b/images/col/214/2148370_frente.jpg?sw=280&sh=280,emb. 1 kg,https://www.continente.pt/produto/berbigao-fresco-2148370.html,frescos,2025-04-21,Continente
Corvina Fresca,3019259,10.99,"€29,12/un",,Frescos/Peixaria/Peixe Fresco,https://www.continente.pt/dw/image/v2/BDVS_PRD/on/demandware.static/-/Sites-col-master-catalog/default/dwe451acfa/images/col/301/3019259-frente.jpg?sw=280&sh=280,"Quant. Mínima = 2,65 kg",https://www.continente.pt/produto/corvina-fresca-3019259.html,frescos,2025-04-21,Continente
Cheesecake Speculoos,8243577,6.99,"€19,97/kg",San Martín,Frescos/Padaria e Pastelaria/Bolos e Sobremesas,https://www.continente.pt/dw/image/v2/BDVS_PRD/on/demandware.static/-/Sites-col-master-catalog/default/dw9ef9e472/images/col/824/8243577-frente.jpg?sw=280&sh=280,emb. 350 gr,https://www.continente.pt/produto/cheesecake-speculoos-san-martin-8243577.html,frescos,2025-04-21,Continente
Queijo de Vaca Curado Cura Prolongada,8213304,8.99,"€4,94/un",Alavão,Frescos/Queijos/Curado,https://www.continente.pt/dw/image/v2/BDVS_PRD/on/demandware.static/-/Sites-col-master-catalog/default/dwa030f72c/images/col/821/8213304-frente-fatiado.jpg?sw=280&sh=280,Quant. Mínima = 550 gr (1/2 queijo),https://www.continente.pt/produto/queijo-de-vaca-curado-cura-prolongada-alavao-8213304.html,frescos,2025-04-21,Continente
Queijo de Ovelha Amanteigado,3035956,19.98,"€19,98/un",Cerrado do Vale,Frescos/Queijos/Amanteigado,https://www.continente.pt/dw/image/v2/BDVS_PRD/on/demandware.static/-/Sites-col-master-catalog/default/dw19f4ecb3/images/col/303/3035956-frente.jpg?sw=280&sh=280,Quant. Mínima = 1 kg,https://www.continente.pt/produto/queijo-de-ovelha-amanteigado-cerrado-do-vale-3035956.html,frescos,2025-04-21,Continente
Queijo de Cabra Brebiou,7484309,4.88,"€27,11/kg",Haute Fromagerie,Frescos/Queijos/Queijos do Mundo,https://www.continente.pt/dw/image/v2/BDVS_PRD/on/demandware.static/-/Sites-col-master-catalog/default/dw8052566d/images/col/748/7484309-frente.jpg?sw=280&sh=280,emb. 180 gr,https://www.continente.pt/produto/queijo-de-cabra-brebiou-haute-fromagerie-7484309.html,frescos,2025-04-21,Continente
Cachaços de Bacalhau Ultracongelado Seleção do Chef Diogo Rocha,8071418,21.99,"€36,65/kg",Lugrade,Frescos/Peixaria/Bacalhau/Congelado,https://www.continente.pt/dw/image/v2/BDVS_PRD/on/demandware.static/-/Sites-col-master-catalog/default/dwf57298bb/images/col/807/8071418-frente.jpg?sw=280&sh=280,emb. 600 gr,https://www.continente.pt/produto/cachacos-de-bacalhau-ultracongelado-selecao-do-chef-diogo-rocha-lugrade-8071418.html,frescos,2025-04-21,Continente
Bacalhau Especial 1ª Noruega,7645245,18.99,"€66,47/un",Nördsson,Frescos/Peixaria/Bacalhau/Seco,https://www.continente.pt/dw/image/v2/BDVS_PRD/on/demandware.static/-/Sites-col-master-catalog/default/dw9bb9b9d9/images/col/764/7645245-cima.jpg?sw=280&sh=280,Quant. Mínima = 1 un (3 a 4 kg),https://www.continente.pt/produto/bacalhau-especial-1-noruega-n%C3%B6rdsson-7645245.html,frescos,2025-04-21,Continente
Lula de Boston MSC Ultracongelada,8025052,9.99,"€24,98/kg",At Sea,"Frescos/Peixaria/Polvo, Lulas e Chocos/Congelado",https://www.continente.pt/dw/image/v2/BDVS_PRD/on/demandware.static/-/Sites-col-master-catalog/default/dw215b827a/images/col/802/8025052-frente.jpg?sw=280&sh=280,emb. 400 gr,https://www.continente.pt/produto/lula-de-boston-msc-ultracongelada-at-sea-8025052.html,frescos,2025-04-21,Continente
Algas Esparguete do Mar Biológicas,7472965,3.99,"€133,00/kg",Wissi,"Frescos/Legumes/Saladas, Sopas e Salteados",https://www.continente.pt/dw/image/v2/BDVS_PRD/on/demandware.static/-/Sites-col-master-catalog/default/dwe67eb0b7/images/col/747/7472965-frente.jpg?sw=280&sh=280,emb. 30 gr,https://www.continente.pt/produto/algas-esparguete-do-mar-biologicas-wissi-7472965.html,frescos,2025-04-21,Continente
T-Bone de Bovino,7043811,21.99,"€12,75/un",Angus,"Frescos/Talho/Novilho, Vitela e Vitelão",https://www.continente.pt/dw/image/v2/BDVS_PRD/on/demandware.static/-/Sites-col-master-catalog/default/dwe455b23f/images/col/704/7043811-frente.jpg?sw=280&sh=280,emb. 580 gr (aprox.),https://www.continente.pt/produto/t-bone-de-bovino-angus-7043811.html,frescos,2025-04-21,Continente
Muxama de Atum,6917858,5.99,"€54,45/kg",Ficolumé,Frescos/Charcutaria/Salmão Fumado e Especialidades,https://www.continente.pt/dw/image/v2/BDVS_PRD/on/demandware.static/-/Sites-col-master-catalog/default/dw71b26f8d/images/col/691/6917858-frente.jpg?sw=280&sh=280,emb. 110 gr,https://www.continente.pt/produto/muxama-de-atum-ficolume-6917858.html,frescos,2025-04-21,Continente
Sumo Uva Red Globe Natural,7371239,4.99,"€9,98/lt",Continente,Frescos/Frutas/Sumos Espremidos na Hora,https://www.continente.pt/dw/image/v2/BDVS_PRD/on/demandware.static/-/Sites-col-master-catalog/default/dw3f5ea4f0/images/col/737/7371239-frente-com-copo.jpg?sw=280&sh=280,emb. 50 cl,https://www.continente.pt/produto/sumo-uva-red-globe-natural-continente-7371239.html,frescos,2025-04-21,Continente
Foodie Baunilha,7802738,4.85,"€12,13/lt",Ehrmann,Frescos/Take Away,https://www.continente.pt/dw/image/v2/BDVS_PRD/on/demandware.static/-/Sites-col-master-catalog/default/dw44cdd8e2/images/col/780/7802738-frente.png?sw=280&sh=280,emb. 400 ml,https://www.continente.pt/produto/foodie-baunilha-ehrmann-7802738.html,frescos,2025-04-21,Continente
Bocas de Caranguejo de Moçambique Ultracongelado,7196945,4.39,"€8,78/kg",Frip,Frescos/Peixaria/Marisco/Congelado,https://www.continente.pt/dw/image/v2/BDVS_PRD/on/demandware.static/-/Sites-col-master-catalog/default/dw0d8c3181/images/col/719/7196945-frente.jpg?sw=280&sh=280,emb. 500 gr,https://www.continente.pt/produto/bocas-de-caranguejo-de-mocambique-ultracongelado-frip-7196945.html,frescos,2025-04-21,Continente
Bolo Red Velvet,8079474,8.19,"€16,38/kg",Da Nossa Pastelaria,Frescos/Padaria e Pastelaria/Bolos e Sobremesas,https://www.continente.pt/dw/image/v2/BDVS_PRD/on/demandware.static/-/Sites-col-master-catalog/default/dw0afe7955/images/col/807/8079474-cima.jpg?sw=280&sh=280,emb. 500 gr,https://www.continente.pt/produto/bolo-red-velvet-da-nossa-pastelaria-8079474.html,frescos,2025-04-21,Continente
Cachaço de Porco sem Osso,8015806,9.49,"€21,83/un",Selecta,Frescos/Talho/Porco,https://www.continente.pt/dw/image/v2/BDVS_PRD/on/demandware.static/-/Sites-col-master-catalog/default/dwcc02cf49/images/col/801/8015806-frente.jpg?sw=280&sh=280,"emb. 2,3 kg (aprox.)",https://www.continente.pt/produto/cachaco-de-porco-sem-osso-selecta-8015806.html,frescos,2025-04-21,Continente
Corvina Selvagem Média Fresca,2147597,12.99,"€32,48/un",,Frescos/Peixaria/Peixe Fresco,https://www.continente.pt/dw/image/v2/BDVS_PRD/on/demandware.static/-/Sites-col-master-catalog/default/dw1110672e/images/col/214/2147597-frente.jpg?sw=280&sh=280,"Quant. Mínima = 2,5 kg (1 un)",https://www.continente.pt/produto/corvina-selvagem-media-fresca-2147597.html,frescos,2025-04-21,Continente
Lombos de Bacalhau Congelado MSC 12 Meses Cura,7656401,59.99,"€33,33/kg",Riberalves,Frescos/Peixaria/Bacalhau/Congelado,https://www.continente.pt/dw/image/v2/BDVS_PRD/on/demandware.static/-/Sites-col-master-catalog/default/dwbd41c682/images/col/765/7656401-frente.jpg?sw=280&sh=280,"6 un x 300 gr (1,8 kg)",https://www.continente.pt/produto/lombos-de-bacalhau-congelado-msc-12-meses-cura-riberalves-7656401.html,frescos,2025-04-21,Continente
Queijo de Ovelha Pérail,7801747,3.49,"€34,90/kg",Monbrenac,Frescos/Queijos/Queijos do Mundo,https://www.continente.pt/dw/image/v2/BDVS_PRD/on/demandware.static/-/Sites-col-master-catalog/default/dwad69c70a/images/col/780/7801747-cima-direito.jpg?sw=280&sh=280,emb. 100 gr,https://www.continente.pt/produto/queijo-de-ovelha-perail-monbrenac-7801747.html,frescos,2025-04-21,Continente
Bacalhau Crescido Seco Cortado,7945702,12.99,"€18,84/un",Riberalves,Frescos/Peixaria/Bacalhau/Seco,https://www.continente.pt/dw/image/v2/BDVS_PRD/on/demandware.static/-/Sites-col-master-catalog/default/dwebbc1fed/images/col/794/7945702-topshot.jpg?sw=280&sh=280,"emb. 1,45 kg (aprox.)",https://www.continente.pt/produto/bacalhau-crescido-seco-cortado-riberalves-7945702.html,frescos,2025-04-21,Continente
Queijo de Cabra Curado de Casca Preta,8213283,8.79,"€23,13/kg",Casa Matias,Frescos/Queijos/Curado,https://www.continente.pt/dw/image/v2/BDVS_PRD/on/demandware.static/-/Sites-col-master-catalog/default/dw4664c3ec/images/col/821/8213283-frente-fatiado.jpg?sw=280&sh=280,emb. 380 gr,https://www.continente.pt/produto/queijo-de-cabra-curado-de-casca-preta-casa-matias-8213283.html,frescos,2025-04-21,Continente
Tiras de Entrecosto de Porco,8015809,10.99,"€9,89/un",Selecta,Frescos/Talho/Porco,https://www.continente.pt/dw/image/v2/BDVS_PRD/on/demandware.static/-/Sites-col-master-catalog/default/dwa851cef8/images/col/801/8015809-frente.jpg?sw=280&sh=280,emb. 900 gr (aprox.),https://www.continente.pt/produto/tiras-de-entrecosto-de-porco-selecta-8015809.html,frescos,2025-04-21,Continente
Camarão Vannamei ASC 40/48 Ultracongelado,7374645,9.39,"€11,74/kg",Continente,Frescos/Peixaria/Marisco/Congelado,https://www.continente.pt/dw/image/v2/BDVS_PRD/on/demandware.static/-/Sites-col-master-catalog/default/dwd39d8a8b/images/col/737/7374645-topshot.jpg?sw=280&sh=280,emb. 800 gr,https://www.continente.pt/produto/camarao-vannamei-asc-40-48-ultracongelado-continente-7374645.html,frescos,2025-04-21,Continente
Omelete Fatiada com Bacon e Cogumelos,7908363,2.29,"€28,63/kg",Nobre,"Frescos/Charcutaria/Fiambre, Mortadela e Salame",https://www.continente.pt/dw/image/v2/BDVS_PRD/on/demandware.static/-/Sites-col-master-catalog/default/dw5509589c/images/col/790/7908363-frente.jpg?sw=280&sh=280,emb. 80 gr,https://www.continente.pt/produto/omelete-fatiada-com-bacon-e-cogumelos-nobre-7908363.html,frescos,2025-04-21,Continente
Bolo Red Velvet,7889308,9.8,"€15,68/kg",San Martín,Frescos/Padaria e Pastelaria/Bolos e Sobremesas,https://www.continente.pt/dw/image/v2/BDVS_PRD/on/demandware.static/-/Sites-col-master-catalog/default/dwa26dc564/images/col/788/7889308-cima.png?sw=280&sh=280,emb. 625 gr,https://www.continente.pt/produto/bolo-red-velvet-san-martin-7889308.html,frescos,2025-04-21,Continente
Queijo Fondue Mini,8187907,2.95,"€19,67/kg",Le Rustique,Frescos/Queijos/Queijos do Mundo,https://www.continente.pt/dw/image/v2/BDVS_PRD/on/demandware.static/-/Sites-col-master-catalog/default/dw54e944cd/images/col/818/8187907-cima.jpg?sw=280&sh=280,emb. 150 gr,https://www.continente.pt/produto/queijo-fondue-mini-le-rustique-8187907.html,frescos,2025-04-21,Continente
Polvo Cabeçudo Fresco,2507186,7.99,"€14,38/un",,"Frescos/Peixaria/Polvo, Lulas e Chocos/Fresco e Cozido",https://www.continente.pt/dw/image/v2/BDVS_PRD/on/demandware.static/-/Sites-col-master-catalog/default/dw7c7c6dfa/images/col/250/2507186-frente.jpg?sw=280&sh=280,"Quant. Mínima = 1,8 kg",https://www.continente.pt/produto/polvo-cabecudo-fresco-2507186.html,frescos,2025-04-21,Continente
Banana Rosa,2216189,6.99,"€0,77/un",Continente,Frescos/Frutas/Uvas e Tropicais,https://www.continente.pt/dw/image/v2/BDVS_PRD/on/demandware.static/-/Sites-col-master-catalog/default/dw8427350b/images/col/221/2216189-cima.jpg?sw=280&sh=280,Quant. Mínima = 900 gr (3 un),https://www.continente.pt/produto/banana-rosa-continente-2216189.html,frescos,2025-04-21,Continente
Pão de Ló de Chocolate,5239161,12.99,"€32,48/kg",Ti Piedade,Frescos/Padaria e Pastelaria/Bolos e Sobremesas,https://www.continente.pt/dw/image/v2/BDVS_PRD/on/demandware.static/-/Sites-col-master-catalog/default/dw75fa50ce/images/col/523/5239161-frente.png?sw=280&sh=280,emb. 400 gr,https://www.continente.pt/produto/pao-de-lo-de-chocolate-ti-piedade-5239161.html,frescos,2025-04-21,Continente
Bocas de Sapateira Cozidas,2512019,21.99,"€17,59/un",,Frescos/Peixaria/Marisco/Fresco e Cozido,https://www.continente.pt/dw/image/v2/BDVS_PRD/on/demandware.static/-/Sites-col-master-catalog/default/dwced4feab/images/col/251/2512019-cima.jpg?sw=280&sh=280,Quant. Mínima = 800 gr,https://www.continente.pt/produto/bocas-de-sapateira-cozidas-2512019.html,frescos,2025-04-21,Continente
Chicharro Negrão Fresco,5068762,7.99,"€2,80/un",,Frescos/Peixaria/Peixe Fresco,https://www.continente.pt/dw/image/v2/BDVS_PRD/on/demandware.static/-/Sites-col-master-catalog/default/dw8d04d303/images/col/506/5068762-frente.jpg?sw=280&sh=280,Quant. Mínima = 350 gr (1 un),https://www.continente.pt/produto/chicharro-negrao-fresco-5068762.html,frescos,2025-04-21,Continente
Recheio de Sapateira Congelada,7803498,6.99,"€15,53/kg",Errigal Bay,Frescos/Peixaria/Marisco/Congelado,https://www.continente.pt/dw/image/v2/BDVS_PRD/on/demandware.static/-/Sites-col-master-catalog/default/dw08ae9b91/images/col/780/7803498-frente.jpg?sw=280&sh=280,emb. 450 gr,https://www.continente.pt/produto/recheio-de-sapateira-congelada-errigal-bay-7803498.html,frescos,2025-04-21,Continente
Camarão Moçambique Cozido 30/40 Fresco,6805649,11.99,"€23,98/kg",Pescanova,Frescos/Peixaria/Marisco/Fresco e Cozido,https://www.continente.pt/dw/image/v2/BDVS_PRD/on/demandware.static/-/Sites-col-master-catalog/default/dw67967588/images/col/680/6805649-frente.jpg?sw=280&sh=280,emb. 500 gr,https://www.continente.pt/produto/camarao-mocambique-cozido-30-40-fresco-pescanova-6805649.html,frescos,2025-04-21,Continente
Bolo de Morango,8023210,8.55,"€12,21/kg",San Martín,Frescos/Padaria e Pastelaria/Bolos e Sobremesas,https://www.continente.pt/dw/image/v2/BDVS_PRD/on/demandware.static/-/Sites-col-master-catalog/default/dw4744ded6/images/col/802/8023210-cima.jpg?sw=280&sh=280,emb. 700 gr,https://www.continente.pt/produto/bolo-de-morango-san-martin-8023210.html,frescos,2025-04-21,Continente
Salsichão de Porco Preto de Barrancos,7056683,4.99,"€24,95/kg",Segredos de Barrancos,"Frescos/Charcutaria/Salpicão, Paio e Fuet",https://www.continente.pt/dw/image/v2/BDVS_PRD/on/demandware.static/-/Sites-col-master-catalog/default/dw7441132a/images/col/705/7056683-frente.jpg?sw=280&sh=280,emb. 200 gr,https://www.continente.pt/produto/salsichao-de-porco-preto-de-barrancos-segredos-de-barrancos-7056683.html,frescos,2025-04-21,Continente
Lombos de Bacalhau 9 Meses de Cura Congelado,8020932,19.99,"€33,32/kg",Caxamar,Frescos/Peixaria/Bacalhau/Congelado,https://www.continente.pt/dw/image/v2/BDVS_PRD/on/demandware.static/-/Sites-col-master-catalog/default/dw9a68c44b/images/col/802/8020932-direito.jpg?sw=280&sh=280,emb. 600 gr,https://www.continente.pt/produto/lombos-de-bacalhau-9-meses-de-cura-congelado-caxamar-8020932.html,frescos,2025-04-21,Continente
Bolo de Chocolate com Noz,6881816,12.99,"€16,24/kg",Da Nossa Pastelaria,Frescos/Padaria e Pastelaria/Bolos e Sobremesas,https://www.continente.pt/dw/image/v2/BDVS_PRD/on/demandware.static/-/Sites-col-master-catalog/default/dw8692f3dc/images/col/688/6881816-frente.jpg?sw=280&sh=280,emb. 800 gr,https://www.continente.pt/produto/bolo-de-chocolate-com-noz-da-nossa-pastelaria-6881816.html,frescos,2025-04-21,Continente
Mini Presunto com Tábua e Faca,7680243,23.49,"€23,49/kg",Casa do Monte,Frescos/Charcutaria/Presunto,https://www.continente.pt/dw/image/v2/BDVS_PRD/on/demandware.static/-/Sites-col-master-catalog/default/dw2b1763b0/images/col/768/7680243-hero.jpg?sw=280&sh=280,emb. 1 kg,https://www.continente.pt/produto/mini-presunto-com-tabua-e-faca-casa-do-monte-7680243.html,frescos,2025-04-21,Continente
Tábua de Queijos São Jorge DOP 4 Curas,7829329,6.49,"€27,04/kg",São Jorge,Frescos/Queijos/Curado,https://www.continente.pt/dw/image/v2/BDVS_PRD/on/demandware.static/-/Sites-col-master-catalog/default/dw61b3416a/images/col/782/7829329-cima.jpg?sw=280&sh=280,4 un (240 gr),https://www.continente.pt/produto/tabua-de-queijos-sao-jorge-dop-4-curas-sao-jorge-7829329.html,frescos,2025-04-21,Continente
Bolo de Aniversário de Doce de Ovos,6743253,10.99,"€14,65/kg",Da Nossa Pastelaria,Frescos/Padaria e Pastelaria/Bolos e Sobremesas,https://www.continente.pt/dw/image/v2/BDVS_PRD/on/demandware.static/-/Sites-col-master-catalog/default/dwf16f9c46/images/col/674/6743253-frente-com-fatia.jpg?sw=280&sh=280,emb. 750 gr,https://www.continente.pt/produto/bolo-de-aniversario-de-doce-de-ovos-da-nossa-pastelaria-6743253.html,frescos,2025-04-21,Continente
Postas de Bacalhau Congelado,7833381,11.99,"€14,99/kg",At Sea,Frescos/Peixaria/Bacalhau/Congelado,https://www.continente.pt/dw/image/v2/BDVS_PRD/on/demandware.static/-/Sites-col-master-catalog/default/dwd635e16d/images/col/783/7833381-topshot-emb.jpg?sw=280&sh=280,emb. 800 gr,https://www.continente.pt/produto/postas-de-bacalhau-congelado-at-sea-7833381.html,frescos,2025-04-21,Continente
Lanche Triplo,7866762,5.76,"€7,89/kg",Panike,Frescos/Padaria e Pastelaria/Pastelaria Sortida,https://www.continente.pt/dw/image/v2/BDVS_PRD/on/demandware.static/-/Sites-col-master-catalog/default/dw23d7f4a9/images/col/786/7866762-frente-amb.png?sw=280&sh=280,Quant. Mínima = 3 x emb. 5 un,https://www.continente.pt/produto/lanche-triplo-panike-7866762.html,frescos,2025-04-21,Continente
Queijo de Ovelha Amanteigado,6778939,10.95,"€27,38/kg",Vale da Beira,Frescos/Queijos/Amanteigado,https://www.continente.pt/dw/image/v2/BDVS_PRD/on/demandware.static/-/Sites-col-master-catalog/default/dw5ed1da96/images/col/677/6778939-frente.jpg?sw=280&sh=280,emb. 400 gr,https://www.continente.pt/produto/queijo-de-ovelha-amanteigado-vale-da-beira-6778939.html,frescos,2025-04-21,Continente
Longueirão Fresco,2148381,9.99,"€9,99/un",,Frescos/Peixaria/Marisco/Fresco e Cozido,https://www.continente.pt/dw/image/v2/BDVS_PRD/on/demandware.static/-/Sites-col-master-catalog/default/dw33664bdf/images/col/214/2148381-frente.jpg?sw=280&sh=280,emb. 1 kg,https://www.continente.pt/produto/longueirao-fresco-2148381.html,frescos,2025-04-21,Continente
Folhado de Maçã,7866771,9.91,"€8,98/kg",Panike,Frescos/Padaria e Pastelaria/Pastelaria Sortida,https://www.continente.pt/dw/image/v2/BDVS_PRD/on/demandware.static/-/Sites-col-master-catalog/default/dw0154577b/images/col/786/7866771-frente-amb.png?sw=280&sh=280,Quant. Mínima = 2 x emb. 10 un,https://www.continente.pt/produto/folhado-de-maca-panike-7866771.html,frescos,2025-04-21,Continente
Posta Longa de Bacalhau Asa Branca 12 Meses de Cura Congelado,8195200,21.86,"€24,29/kg",Caxamar,Frescos/Peixaria/Bacalhau/Congelado,https://www.continente.pt/dw/image/v2/BDVS_PRD/on/demandware.static/-/Sites-col-master-catalog/default/dw94b8dacd/images/col/819/8195200-direito.jpg?sw=280&sh=280,emb. 900 gr,https://www.continente.pt/produto/posta-longa-de-bacalhau-asa-branca-12-meses-de-cura-congelado-caxamar-8195200.html,frescos,2025-04-21,Continente
Bacalhau Especial Asa Branca 12 Meses Cura Seco Seleção do Chef Rui Paula,7470459,21.99,"€87,96/un",Caxamar,Frescos/Peixaria/Bacalhau/Seco,https://www.continente.pt/dw/image/v2/BDVS_PRD/on/demandware.static/-/Sites-col-master-catalog/default/dw70414397/images/col/747/7470459-frente.jpg?sw=280&sh=280,Quant. Mínima = 1 un (3 a 4 kg),https://www.continente.pt/produto/bacalhau-especial-asa-branca-12-meses-cura-seco-selecao-do-chef-rui-paula-caxamar-7470459.html,frescos,2025-04-21,Continente
Bacalhau Especial Seco Cortado,7630278,30.09,"€18,81/kg",Caxamar,Frescos/Peixaria/Bacalhau/Seco,https://www.continente.pt/dw/image/v2/BDVS_PRD/on/demandware.static/-/Sites-col-master-catalog/default/dw1ce0fcc4/images/col/763/7630278-cima.jpg?sw=280&sh=280,"emb. 1,6 kg",https://www.continente.pt/produto/bacalhau-especial-seco-cortado-caxamar-7630278.html,frescos,2025-04-21,Continente
Meia Lagosta de Cuba Cozida Congelada,7804007,49.99,"€25,00/un",Pescanova,Frescos/Peixaria/Marisco/Congelado,https://www.continente.pt/dw/image/v2/BDVS_PRD/on/demandware.static/-/Sites-col-master-catalog/default/dw65e6cc1a/images/col/780/7804007-cima.jpg?sw=280&sh=280,emb. 500 gr (aprox.),https://www.continente.pt/produto/meia-lagosta-de-cuba-cozida-congelada-pescanova-7804007.html,frescos,2025-04-21,Continente
Bolo com Creme de Ovo sem Glúten,7917120,8.99,"€21,93/kg",San Martín,Frescos/Padaria e Pastelaria/Bolos e Sobremesas,https://www.continente.pt/dw/image/v2/BDVS_PRD/on/demandware.static/-/Sites-col-master-catalog/default/dw85a45474/images/col/791/7917120-cima-direito.png?sw=280&sh=280,emb. 410 gr,https://www.continente.pt/produto/bolo-com-creme-de-ovo-sem-gluten-san-martin-7917120.html,frescos,2025-04-21,Continente
Bolo de Arroz,7866791,4.33,"€11,25/kg",Panike,Frescos/Padaria e Pastelaria/Pastelaria Sortida,https://www.continente.pt/dw/image/v2/BDVS_PRD/on/demandware.static/-/Sites-col-master-catalog/default/dw23f471fc/images/col/786/7866791-frente-amb.png?sw=280&sh=280,Quant. Mínima = 3 x emb. 4 un,https://www.continente.pt/produto/bolo-de-arroz-panike-7866791.html,frescos,2025-04-21,Continente
Bolo Moreno,8039903,11.99,"€19,98/kg",Da Nossa Pastelaria,Frescos/Padaria e Pastelaria/Bolos e Sobremesas,https://www.continente.pt/dw/image/v2/BDVS_PRD/on/demandware.static/-/Sites-col-master-catalog/default/dw826e769c/images/col/803/8039903-cima.jpg?sw=280&sh=280,emb. 800 gr,https://www.continente.pt/produto/bolo-moreno-da-nossa-pastelaria-8039903.html,frescos,2025-04-21,Continente
Pão Integral 3 Cereais Biológico,3641058,4.18,"€8,36/kg",Bjorg,Frescos/Padaria e Pastelaria/Pão de Forma e Embalado,https://www.continente.pt/dw/image/v2/BDVS_PRD/on/demandware.static/-/Sites-col-master-catalog/default/dw0d7b17ea/images/col/364/3641058-frente.jpg?sw=280&sh=280,emb. 500 gr,https://www.continente.pt/produto/pao-integral-3-cereais-biologico-bjorg-3641058.html,frescos,2025-04-21,Continente
Croissant com Creme de Ovo,7866782,22.28,"€14,84/kg",Panike,Frescos/Padaria e Pastelaria/Pastelaria Sortida,https://www.continente.pt/dw/image/v2/BDVS_PRD/on/demandware.static/-/Sites-col-master-catalog/default/dw4bfd1ac3/images/col/786/7866782-frente-amb.png?sw=280&sh=280,emb. 23 un,https://www.continente.pt/produto/croissant-com-creme-de-ovo-panike-7866782.html,frescos,2025-04-21,Continente
Queijo Cabra Veludo Curado,7190522,4.48,"€34,46/kg",Ortodoxo,Frescos/Queijos/Curado,https://www.continente.pt/dw/image/v2/BDVS_PRD/on/demandware.static/-/Sites-col-master-catalog/default/dwd3548917/images/col/719/7190522-frente.jpg?sw=280&sh=280,emb. 130 gr,https://www.continente.pt/produto/queijo-cabra-veludo-curado-ortodoxo-7190522.html,frescos,2025-04-21,Continente
Queijo Pecorino Toscano DOP Balcão,7620506,39.99,"€8,00/un",Contradaiolo,Frescos/Queijos/Queijos do Mundo,https://www.continente.pt/dw/image/v2/BDVS_PRD/on/demandware.static/-/Sites-col-master-catalog/default/dw9bff45f5/images/col/762/7620506-cima.jpg?sw=280&sh=280,Quant. Mínima = 200 gr,https://www.continente.pt/produto/queijo-pecorino-toscano-dop-balcao-contradaiolo-7620506.html,frescos,2025-04-21,Continente
Sapateira Cozida Pasteurizada,7681706,12.99,"€21,65/kg",Errigal,Frescos/Peixaria/Marisco/Fresco e Cozido,https://www.continente.pt/dw/image/v2/BDVS_PRD/on/demandware.static/-/Sites-col-master-catalog/default/dwb41e095c/images/col/768/7681706-frente.jpg?sw=280&sh=280,emb. 600 gr,https://www.continente.pt/produto/sapateira-cozida-pasteurizada-errigal-7681706.html,frescos,2025-04-21,Continente
Muffin Triplo Chocolate,7866793,7.27,"€14,25/kg",Panike,Frescos/Padaria e Pastelaria/Pastelaria Sortida,https://www.continente.pt/dw/image/v2/BDVS_PRD/on/demandware.static/-/Sites-col-master-catalog/default/dw91be152c/images/col/786/7866793-frente-amb.png?sw=280&sh=280,Quant. Mínima = 2 x emb. 4 un,https://www.continente.pt/produto/muffin-triplo-chocolate-panike-7866793.html,frescos,2025-04-21,Continente
Amêndoa com Canela e Coco,7706724,3.79,"€27,07/kg",Vera Almond,"Frescos/Frutas/Frutos Secos, Desidratados e Sementes/Frutos Secos",https://www.continente.pt/dw/image/v2/BDVS_PRD/on/demandware.static/-/Sites-col-master-catalog/default/dweaad4e96/images/col/770/7706724-frente.jpg?sw=280&sh=280,emb. 140 gr,https://www.continente.pt/produto/amendoa-com-canela-e-coco-vera-almond-7706724.html,frescos,2025-04-21,Continente
Abacaxi Pérola,5466810,3.49,"€7,68/un",Continente,Frescos/Frutas/Uvas e Tropicais,https://www.continente.pt/dw/image/v2/BDVS_PRD/on/demandware.static/-/Sites-col-master-catalog/default/dw090484be/images/col/546/5466810-frente.jpg?sw=280&sh=280,"Quant. Mínima = 2,2 kg (1 un)",https://www.continente.pt/produto/abacaxi-perola-continente-5466810.html,frescos,2025-04-21,Continente
Rabo de Porco,2231828,4.09,"€4,09/un",Continente,Frescos/Talho/Porco,https://www.continente.pt/dw/image/v2/BDVS_PRD/on/demandware.static/-/Sites-col-master-catalog/default/dw2d56fe92/images/col/223/2231828-frente.jpg?sw=280&sh=280,emb. 1 kg (aprox.),https://www.continente.pt/produto/rabo-de-porco-continente-2231828.html,frescos,2025-04-21,Continente
Garoupa Legítima Pequena Fresca,4955804,19.99,"€39,98/un",,Frescos/Peixaria/Peixe Fresco,https://www.continente.pt/dw/image/v2/BDVS_PRD/on/demandware.static/-/Sites-col-master-catalog/default/dw246964fb/images/col/495/4955804-frente.jpg?sw=280&sh=280,Quant. Mínima = 2 kg (1 un),https://www.continente.pt/produto/garoupa-legitima-pequena-fresca-4955804.html,frescos,2025-04-21,Continente
Congro Fresco,2507149,6.99,"€41,94/un",,Frescos/Peixaria/Peixe Fresco,https://www.continente.pt/dw/image/v2/BDVS_PRD/on/demandware.static/-/Sites-col-master-catalog/default/dw7b0342f4/images/col/250/2507149-frente.jpg?sw=280&sh=280,Quant. Mínima = 6 kg (1 un),https://www.continente.pt/produto/congro-fresco-2507149.html,frescos,2025-04-21,Continente
Mariscada de Moçambique Ultracongelada,7477529,22.49,"€28,11/kg",Continente Seleção,Frescos/Peixaria/Marisco/Congelado,https://www.continente.pt/dw/image/v2/BDVS_PRD/on/demandware.static/-/Sites-col-master-catalog/default/dwc8a831e7/images/col/747/7477529-frente.jpg?sw=280&sh=280,emb. 800 gr,https://www.continente.pt/produto/mariscada-de-mocambique-ultracongelada-continente-selecao-7477529.html,frescos,2025-04-21,Continente
Camarão Tigre de Moçambique Selvagem Ultracongelado,7475822,42.99,"€53,74/kg",Continente Seleção,Frescos/Peixaria/Marisco/Congelado,https://www.continente.pt/dw/image/v2/BDVS_PRD/on/demandware.static/-/Sites-col-master-catalog/default/dw33955166/images/col/747/7475822-frente.jpg?sw=280&sh=280,emb. 800 gr,https://www.continente.pt/produto/camarao-tigre-de-mocambique-selvagem-ultracongelado-continente-selecao-7475822.html,frescos,2025-04-21,Continente
Pastel de Nata,7866805,5.08,"€12,21/kg",Panike,Frescos/Padaria e Pastelaria/Pastelaria Sortida,https://www.continente.pt/dw/image/v2/BDVS_PRD/on/demandware.static/-/Sites-col-master-catalog/default/dwe0c41261/images/col/786/7866805-frente-amb.png?sw=280&sh=280,Quant. Mínima = 2 x emb. 4 un,https://www.continente.pt/produto/pastel-de-nata-panike-7866805.html,frescos,2025-04-21,Continente
Croissant com Chocolate,7866787,22.28,"€9,22/kg",Panike,Frescos/Padaria e Pastelaria/Pastelaria Sortida,https://www.continente.pt/dw/image/v2/BDVS_PRD/on/demandware.static/-/Sites-col-master-catalog/default/dwac1a65a6/images/col/786/7866787-cima.jpg?sw=280&sh=280,emb. 23 un,https://www.continente.pt/produto/croissant-com-chocolate-panike-7866787.html,frescos,2025-04-21,Continente
Bolo de Aniversário Infantil sem Glúten,7889331,14.29,"€19,05/kg",San Martín,Frescos/Padaria e Pastelaria/Bolos e Sobremesas,https://www.continente.pt/dw/image/v2/BDVS_PRD/on/demandware.static/-/Sites-col-master-catalog/default/dwb37d3629/images/col/788/7889331-cima-direito-1.jpg?sw=280&sh=280,emb. 750 gr,https://www.continente.pt/produto/bolo-de-aniversario-infantil-sem-gluten-san-martin-7889331.html,frescos,2025-04-21,Continente
Pernas de Caranguejo Real Cozido Congelado,7501246,55.99,"€111,98/kg",Continente Seleção,Frescos/Peixaria/Marisco/Congelado,https://www.continente.pt/dw/image/v2/BDVS_PRD/on/demandware.static/-/Sites-col-master-catalog/default/dw7acfca23/images/col/750/7501246-frente.jpg?sw=280&sh=280,emb. 500 gr,https://www.continente.pt/produto/pernas-de-caranguejo-real-cozido-congelado-continente-selecao-7501246.html,frescos,2025-04-21,Continente
Carabineiro de Moçambique Congelado,6950058,89.99,"€12,60/un",,Frescos/Peixaria/Marisco/Congelado,https://www.continente.pt/dw/image/v2/BDVS_PRD/on/demandware.static/-/Sites-col-master-catalog/default/dw9095ab86/images/col/695/6950058-frente.jpg?sw=280&sh=280,Quant. Mínima = 420 gr,https://www.continente.pt/produto/carabineiro-de-mocambique-congelado-6950058.html,frescos,2025-04-21,Continente
Sortido Otogonal de Aperitivos,7463457,3.99,"€15,96/kg",Os Originais,"Frescos/Frutas/Frutos Secos, Desidratados e Sementes/Frutos Secos",https://www.continente.pt/dw/image/v2/BDVS_PRD/on/demandware.static/-/Sites-col-master-catalog/default/dw33068cb4/images/col/746/7463457-frente.jpg?sw=280&sh=280,emb. 250 gr,https://www.continente.pt/produto/sortido-otogonal-de-aperitivos-os-originais-7463457.html,frescos,2025-04-21,Continente
Pastel de Nata com Chocolate,7866807,6.08,"€14,62/kg",Panike,Frescos/Padaria e Pastelaria/Pastelaria Sortida,https://www.continente.pt/dw/image/v2/BDVS_PRD/on/demandware.static/-/Sites-col-master-catalog/default/dw0ff38919/images/col/786/7866807-frente-amb.png?sw=280&sh=280,Quant. Mínima = 3 x emb. 6 un,https://www.continente.pt/produto/pastel-de-nata-com-chocolate-panike-7866807.html,frescos,2025-04-21,Continente
Bolo Coração,7961100,4.59,"€14,12/kg",San Martin,Frescos/Padaria e Pastelaria/Bolos e Sobremesas,https://www.continente.pt/dw/image/v2/BDVS_PRD/on/demandware.static/-/Sites-col-master-catalog/default/dw8e0cf6fd/images/col/796/7961100-frente.jpg?sw=280&sh=280,emb. 325 gr,https://www.continente.pt/produto/bolo-coracao-san-martin-7961100.html,frescos,2025-04-21,Continente
Folhado Misto,7866751,17.43,"€8,87/kg",Panike,Frescos/Padaria e Pastelaria/Pastelaria Sortida,https://www.continente.pt/dw/image/v2/BDVS_PRD/on/demandware.static/-/Sites-col-master-catalog/default/dw1657ac14/images/col/786/7866751-frente-amb.png?sw=280&sh=280,emb. 16 un,https://www.continente.pt/produto/folhado-misto-panike-7866751.html,frescos,2025-04-21,Continente
Queijo Fior di Capra,7944134,4.69,"€46,90/kg",Granarolo,Frescos/Queijos/Queijos do Mundo,https://www.continente.pt/dw/image/v2/BDVS_PRD/on/demandware.static/-/Sites-col-master-catalog/default/dwb6b082b8/images/col/794/7944134-frente.jpg?sw=280&sh=280,emb. 100 gr,https://www.continente.pt/produto/queijo-fior-di-capra-granarolo-7944134.html,frescos,2025-04-21,Continente
