Product Name,Product ID,Price,Price per unit,Brand,Category,Image URL,Minimum Quantity,Product Link,cgid,tracking_date,source
Creme Corpo Body Milk Hidratante Nutritivo,7397198,5.39,"€8,62/lt",Nivea,Beleza e Higiene/Corpo/Cremes e Loções,https://www.continente.pt/dw/image/v2/BDVS_PRD/on/demandware.static/-/Sites-col-master-catalog/default/dw36ee27f6/images/col/739/7397198-frente.jpg?sw=280&sh=280,emb. 625 ml,https://www.continente.pt/produto/creme-corpo-body-milk-hidratante-nutritivo-nivea-7397198.html,higiene-beleza,2025-04-21,Continente
Aparador Barba King C. com 3 Pentes,7252602,24.04,"€24,04/un",Gillette,Beleza e Higiene/Homem/Barba,https://www.continente.pt/dw/image/v2/BDVS_PRD/on/demandware.static/-/Sites-col-master-catalog/default/dw6baee418/images/col/725/7252602-hero.jpg?sw=280&sh=280,emb. 1 un,https://www.continente.pt/produto/aparador-barba-king-c.-com-3-pentes-gillette-7252602.html,higiene-beleza,2025-04-21,Continente
Champô Anticaspa Legend CR7,7364165,4.94,"€13,72/lt",Linic,Beleza e Higiene/Homem/Cabelo,https://www.continente.pt/dw/image/v2/BDVS_PRD/on/demandware.static/-/Sites-col-master-catalog/default/dw1426782f/images/col/736/7364165-hero.jpg?sw=280&sh=280,emb. 360 ml,https://www.continente.pt/produto/champo-anticaspa-legend-cr7-linic-7364165.html,higiene-beleza,2025-04-21,Continente
Sérum de Olhos Revitalift Filler,7514204,18.19,"€909,50/lt",LOréal Paris,Beleza e Higiene/Rosto/Antirrugas e Refirmantes,https://www.continente.pt/dw/image/v2/BDVS_PRD/on/demandware.static/-/Sites-col-master-catalog/default/dwc1c93d70/images/col/751/7514204-frente.jpg?sw=280&sh=280,emb. 20 ml,https://www.continente.pt/produto/serum-de-olhos-revitalift-filler-loreal-paris-7514204.html,higiene-beleza,2025-04-21,Continente
Escova de Dentes Elétrica Vitality Pro Preta,8123731,28.89,"€28,89/un",Oral-B,Beleza e Higiene/Higiene Oral/Escovas de Dentes,https://www.continente.pt/dw/image/v2/BDVS_PRD/on/demandware.static/-/Sites-col-master-catalog/default/dw6bf48f12/images/col/812/8123731-hero.png?sw=280&sh=280,emb. 1 un,https://www.continente.pt/produto/escova-de-dentes-eletrica-vitality-pro-preta-oral-b-8123731.html,higiene-beleza,2025-04-21,Continente
Sabonete Líquido Eco Recarga Hidratante,7748278,7.93,"€5,29/lt",Dove,Beleza e Higiene/Corpo/Sabonetes,https://www.continente.pt/dw/image/v2/BDVS_PRD/on/demandware.static/-/Sites-col-master-catalog/default/dw1693cbb5/images/col/774/7748278-hero.png?sw=280&sh=280,emb. 3 x 500 ml,https://www.continente.pt/produto/sabonete-liquido-eco-recarga-hidratante-dove-7748278.html,higiene-beleza,2025-04-21,Continente
Máquina de Barbear Mach3 e 3 Recargas,7361079,11.49,"€11,49/un",Gillette,Beleza e Higiene/Homem/Barba,https://www.continente.pt/dw/image/v2/BDVS_PRD/on/demandware.static/-/Sites-col-master-catalog/default/dw8e79cc84/images/col/736/7361079-hero.jpg?sw=280&sh=280,emb. 1 un,https://www.continente.pt/produto/maquina-de-barbear-mach3-e-3-recargas-gillette-7361079.html,higiene-beleza,2025-04-21,Continente
Sérum de Rosto Cellular Luminous 630 Antimanchas Anti-Idade,7803502,19.49,"€649,67/lt",Nivea,Beleza e Higiene/Rosto/Antirrugas e Refirmantes,https://www.continente.pt/dw/image/v2/BDVS_PRD/on/demandware.static/-/Sites-col-master-catalog/default/dw8eb81567/images/col/780/7803502-frente.jpg?sw=280&sh=280,emb. 30 ml,https://www.continente.pt/produto/serum-de-rosto-cellular-luminous-630-antimanchas-anti-idade-nivea-7803502.html,higiene-beleza,2025-04-21,Continente
Desodorizante Spray Original,5908786,2.99,"€19,93/lt",Dove,Beleza e Higiene/Corpo/Desodorizantes,https://www.continente.pt/dw/image/v2/BDVS_PRD/on/demandware.static/-/Sites-col-master-catalog/default/dw0b5f264a/images/col/590/5908786-hero.jpg?sw=280&sh=280,emb. 150 ml,https://www.continente.pt/produto/desodorizante-spray-original-dove-5908786.html,higiene-beleza,2025-04-21,Continente
Desodorizante Spray Dark Temptation,4046063,3.59,"€23,93/lt",Axe,Beleza e Higiene/Homem/Desodorizantes,https://www.continente.pt/dw/image/v2/BDVS_PRD/on/demandware.static/-/Sites-col-master-catalog/default/dwc7303055/images/col/404/4046063-hero.jpg?sw=280&sh=280,emb. 150 ml,https://www.continente.pt/produto/desodorizante-spray-dark-temptation-axe-4046063.html,higiene-beleza,2025-04-21,Continente
"Pasta de Dentes Eucalipto, Lima e Menta",7227985,1.86,"€24,80/lt",Aquafresh,Beleza e Higiene/Higiene Oral/Pastas de Dentes,https://www.continente.pt/dw/image/v2/BDVS_PRD/on/demandware.static/-/Sites-col-master-catalog/default/dw117448e5/images/col/722/7227985-frente.jpg?sw=280&sh=280,emb. 75 ml,https://www.continente.pt/produto/pasta-de-dentes-eucalipto-lima-e-menta-aquafresh-7227985.html,higiene-beleza,2025-04-21,Continente
Recarga Escova de Dentes Elétrica Pro Cross Action Branco,7834734,22.49,"€3,75/un",Oral-B,Beleza e Higiene/Higiene Oral/Escovas de Dentes,https://www.continente.pt/dw/image/v2/BDVS_PRD/on/demandware.static/-/Sites-col-master-catalog/default/dwe8b12dd2/images/col/783/7834734-hero.png?sw=280&sh=280,emb. 6 un,https://www.continente.pt/produto/recarga-escova-de-dentes-eletrica-pro-cross-action-branco-oral-b-7834734.html,higiene-beleza,2025-04-21,Continente
Creme de Rosto Dia Essentials Hidratante Nutritivo,2053685,4.71,"€94,20/lt",Nivea,Beleza e Higiene/Rosto/Hidratação,https://www.continente.pt/dw/image/v2/BDVS_PRD/on/demandware.static/-/Sites-col-master-catalog/default/dw21124e7b/images/col/205/2053685-hero.jpg?sw=280&sh=280,emb. 50 ml,https://www.continente.pt/produto/creme-de-rosto-dia-essentials-hidratante-nutritivo-nivea-2053685.html,higiene-beleza,2025-04-21,Continente
Coffret Maquilhagem Sou Versátil + Oferta Mini Pincel,7645799,21.11,"€21,11/un",Maybelline New York,Beleza e Higiene/Coffrets e Presentes em Beleza/Maquilhagem para Oferecer,https://www.continente.pt/dw/image/v2/BDVS_PRD/on/demandware.static/-/Sites-col-master-catalog/default/dw349937bb/images/col/764/7645799-hero.jpg?sw=280&sh=280,emb. 1 un,https://www.continente.pt/produto/coffret-maquilhagem-sou-versatil-oferta-mini-pincel-maybelline-new-york-7645799.html,higiene-beleza,2025-04-21,Continente
Exfoliante Rosto Algodão Uva Verde,7621245,13.99,"€13,99/un",Frudia,Beleza e Higiene/Rosto/Limpeza,https://www.continente.pt/dw/image/v2/BDVS_PRD/on/demandware.static/-/Sites-col-master-catalog/default/dw5fc2d93b/images/col/762/7621245-frente.jpg?sw=280&sh=280,emb. 1 un,https://www.continente.pt/produto/exfoliante-rosto-algodao-uva-verde-frudia-7621245.html,higiene-beleza,2025-04-21,Continente
Champô Cuidado Clássico,7536694,16.48,"€6,10/lt",Tresemmé,Beleza e Higiene/Cabelo/Champôs,https://www.continente.pt/dw/image/v2/BDVS_PRD/on/demandware.static/-/Sites-col-master-catalog/default/dwe4055262/images/col/753/7536694-hero.png?sw=280&sh=280,emb. 3 x 900 ml,https://www.continente.pt/produto/champo-cuidado-classico-tresemme-7536694.html,higiene-beleza,2025-04-21,Continente
Máscara de Pestanas Lash Paradise Preto,6316343,9.09,"€9,09/un",LOréal Paris,Beleza e Higiene/Maquilhagem/Olhos,https://www.continente.pt/dw/image/v2/BDVS_PRD/on/demandware.static/-/Sites-col-master-catalog/default/dwf378945e/images/col/631/6316343-frente-1.jpg?sw=280&sh=280,emb. 1 un,https://www.continente.pt/produto/mascara-de-pestanas-lash-paradise-preto-loreal-paris-6316343.html,higiene-beleza,2025-04-21,Continente
Batom Vinyl Ink,324767,11.49,"€11,49/un",Maybelline New York,Beleza e Higiene/Maquilhagem/Lábios,https://www.continente.pt/dw/image/v2/BDVS_PRD/on/demandware.static/-/Sites-col-master-catalog/default/dw16315e56/images/col/765/7658233-frente.jpg?sw=280&sh=280,emb. 1 un,https://www.continente.pt/produto/batom-vinyl-ink-maybelline-new-york-324767.html,higiene-beleza,2025-04-21,Continente
Creme de Rosto Dia Revitalift Filler FPS 50,7382344,18.19,"€363,80/lt",LOréal Paris,Beleza e Higiene/Rosto/Antirrugas e Refirmantes,https://www.continente.pt/dw/image/v2/BDVS_PRD/on/demandware.static/-/Sites-col-master-catalog/default/dw4bedefd8/images/col/738/7382344-frente-1.jpeg?sw=280&sh=280,emb. 50 ml,https://www.continente.pt/produto/creme-de-rosto-dia-revitalift-filler-fps-50-loreal-paris-7382344.html,higiene-beleza,2025-04-21,Continente
Máscara Cabelo Repara e Protege,7415227,6.96,"€13,92/lt",Pantene,Beleza e Higiene/Cabelo/Máscaras e Tratamentos,https://www.continente.pt/dw/image/v2/BDVS_PRD/on/demandware.static/-/Sites-col-master-catalog/default/dw20f76e98/images/col/741/7415227-hero.png?sw=280&sh=280,emb. 500 ml,https://www.continente.pt/produto/mascara-cabelo-repara-e-protege-pantene-7415227.html,higiene-beleza,2025-04-21,Continente
Champô Elvive Reconstrutor Dream Long,7926701,17.98,"€8,56/lt",LOréal Paris,Beleza e Higiene/Cabelo/Champôs,https://www.continente.pt/dw/image/v2/BDVS_PRD/on/demandware.static/-/Sites-col-master-catalog/default/dw6f023344/images/col/792/7926701-hero.jpg?sw=280&sh=280,emb. 3 x 700 ml,https://www.continente.pt/produto/champo-elvive-reconstrutor-dream-long-loreal-paris-7926701.html,higiene-beleza,2025-04-21,Continente
Pasta de Dentes Proteção Total Original,6456840,4.98,"€33,20/lt",Colgate,Beleza e Higiene/Higiene Oral/Pastas de Dentes,https://www.continente.pt/dw/image/v2/BDVS_PRD/on/demandware.static/-/Sites-col-master-catalog/default/dwb56e753a/images/col/645/6456840-frente-1.png?sw=280&sh=280,emb. 2 x 75 ml,https://www.continente.pt/produto/pasta-de-dentes-protecao-total-original-colgate-6456840.html,higiene-beleza,2025-04-21,Continente
Gel de Banho Creme Care,5292030,4.19,"€5,59/lt",Nivea,Beleza e Higiene/Corpo/Gel de Banho,https://www.continente.pt/dw/image/v2/BDVS_PRD/on/demandware.static/-/Sites-col-master-catalog/default/dw9ac6fedc/images/col/529/5292030-hero.jpg?sw=280&sh=280,emb. 750 ml,https://www.continente.pt/produto/gel-de-banho-creme-care-nivea-5292030.html,higiene-beleza,2025-04-21,Continente
Máquina de Barbear Series 7 71-B1200s,8173999,244.99,"€244,99/un",Braun,Beleza e Higiene/Homem/Barba,https://www.continente.pt/dw/image/v2/BDVS_PRD/on/demandware.static/-/Sites-col-master-catalog/default/dw41ceb9c8/images/col/817/8173999-hero.png?sw=280&sh=280,emb. 1 un,https://www.continente.pt/produto/maquina-de-barbear-series-7-71-b1200s-braun-8173999.html,higiene-beleza,2025-04-21,Continente
Pensos Higiénicos Cottonlike Normal com Abas,3060154,7.91,"€0,12/un",Evax,Beleza e Higiene/Higiene Íntima/Pensos e Cuecas Menstruais,https://www.continente.pt/dw/image/v2/BDVS_PRD/on/demandware.static/-/Sites-col-master-catalog/default/dw42635b05/images/col/306/3060154-hero.jpg?sw=280&sh=280,emb. 64 un,https://www.continente.pt/produto/pensos-higienicos-cottonlike-normal-com-abas-evax-3060154.html,higiene-beleza,2025-04-21,Continente
Desodorizante Spray Men Black & White Active,6076577,2.38,"€15,87/lt",Nivea,Beleza e Higiene/Homem/Desodorizantes,https://www.continente.pt/dw/image/v2/BDVS_PRD/on/demandware.static/-/Sites-col-master-catalog/default/dw9a480eaa/images/col/607/6076577-hero.jpg?sw=280&sh=280,emb. 150 ml,https://www.continente.pt/produto/desodorizante-spray-men-black-white-active-nivea-6076577.html,higiene-beleza,2025-04-21,Continente
Champô Cuidado Clássico,6421985,6.59,"€7,32/lt",Tresemmé,Beleza e Higiene/Cabelo/Champôs,https://www.continente.pt/dw/image/v2/BDVS_PRD/on/demandware.static/-/Sites-col-master-catalog/default/dwe2a7caf4/images/col/642/6421985-hero.png?sw=280&sh=280,emb. 900 ml,https://www.continente.pt/produto/champo-cuidado-classico-tresemme-6421985.html,higiene-beleza,2025-04-21,Continente
Escova de Dentes Elétrica iO3 Preta,7852298,74.99,"€74,99/un",Oral-B,Beleza e Higiene/Higiene Oral/Escovas de Dentes,https://www.continente.pt/dw/image/v2/BDVS_PRD/on/demandware.static/-/Sites-col-master-catalog/default/dwf9c04f09/images/col/785/7852298-hero.png?sw=280&sh=280,emb. 1 un,https://www.continente.pt/produto/escova-de-dentes-eletrica-io3-preta-oral-b-7852298.html,higiene-beleza,2025-04-21,Continente
Recarga de Lâminas Fusion,7360973,38.69,"€38,69/un",Gillette,Beleza e Higiene/Homem/Barba,https://www.continente.pt/dw/image/v2/BDVS_PRD/on/demandware.static/-/Sites-col-master-catalog/default/dw8f1fcf09/images/col/736/7360973-hero.jpg?sw=280&sh=280,emb. 11 un,https://www.continente.pt/produto/recarga-de-laminas-fusion-gillette-7360973.html,higiene-beleza,2025-04-21,Continente
Recarga Escova de Dentes Elétrica Cross Action,7227881,19.99,"€5,00/un",Oral-B,Beleza e Higiene/Higiene Oral/Escovas de Dentes,https://www.continente.pt/dw/image/v2/BDVS_PRD/on/demandware.static/-/Sites-col-master-catalog/default/dw59551bb5/images/col/722/7227881-hero.png?sw=280&sh=280,emb. 4 un,https://www.continente.pt/produto/recarga-escova-de-dentes-eletrica-cross-action-oral-b-7227881.html,higiene-beleza,2025-04-21,Continente
Recarga de Lâminas Venus Comfortglide Spa Breeze,7361898,8.0,"€2,00/un",Gillette,Beleza e Higiene/Corpo/Depilação e Descoloração,https://www.continente.pt/dw/image/v2/BDVS_PRD/on/demandware.static/-/Sites-col-master-catalog/default/dwbbe410e3/images/col/736/7361898-hero.png?sw=280&sh=280,emb. 4 un,https://www.continente.pt/produto/recarga-de-laminas-venus-comfortglide-spa-breeze-gillette-7361898.html,higiene-beleza,2025-04-21,Continente
Cuecas Incontinência Pants Plus M,5255817,11.24,"€0,80/un",Tena,Beleza e Higiene/Higiene Íntima/Incontinência/Cuecas Incontinência,https://www.continente.pt/dw/image/v2/BDVS_PRD/on/demandware.static/-/Sites-col-master-catalog/default/dwd39e1d57/images/col/525/5255817-hero.png?sw=280&sh=280,emb. 14 un,https://www.continente.pt/produto/cuecas-incontinencia-pants-plus-m-tena-5255817.html,higiene-beleza,2025-04-21,Continente
Sabonete Sólido Hidratante Original,7751359,5.49,"€15,25/kg",Dove,Beleza e Higiene/Corpo/Sabonetes,https://www.continente.pt/dw/image/v2/BDVS_PRD/on/demandware.static/-/Sites-col-master-catalog/default/dw2f077e37/images/col/775/7751359-frente.jpg?sw=280&sh=280,emb. 4 x 90 gr,https://www.continente.pt/produto/sabonete-solido-hidratante-original-dove-7751359.html,higiene-beleza,2025-04-21,Continente
Pasta de Dentes Sensibilidade Proteção Diária e Cáries,7114814,5.99,"€39,93/lt",Sensodyne,Beleza e Higiene/Higiene Oral/Pastas de Dentes,https://www.continente.pt/dw/image/v2/BDVS_PRD/on/demandware.static/-/Sites-col-master-catalog/default/dw4ec95eb5/images/col/711/7114814-hero.jpg?sw=280&sh=280,emb. 2 x 75 ml,https://www.continente.pt/produto/pasta-de-dentes-sensibilidade-protecao-diaria-e-caries-sensodyne-7114814.html,higiene-beleza,2025-04-21,Continente
Champô Anticaspa Controlo de Oleosidade,7758400,6.74,"€11,05/lt",Linic,Beleza e Higiene/Homem/Cabelo,https://www.continente.pt/dw/image/v2/BDVS_PRD/on/demandware.static/-/Sites-col-master-catalog/default/dweebf28e8/images/col/775/7758400-hero.png?sw=280&sh=280,emb. 610 ml,https://www.continente.pt/produto/champo-anticaspa-controlo-de-oleosidade-linic-7758400.html,higiene-beleza,2025-04-21,Continente
Desodorizante Roll On Men Expert Carbon Protect,7927043,6.74,"€44,93/lt",LOréal Paris,Beleza e Higiene/Homem/Desodorizantes,https://www.continente.pt/dw/image/v2/BDVS_PRD/on/demandware.static/-/Sites-col-master-catalog/default/dw863a98ab/images/col/792/7927043-hero.png?sw=280&sh=280,emb. 3 x 50 ml,https://www.continente.pt/produto/desodorizante-roll-on-men-expert-carbon-protect-loreal-paris-7927043.html,higiene-beleza,2025-04-21,Continente
Recarga de Lâminas Venus Comfortglide Breeze,7361897,29.99,"€3,75/un",Gillette,Beleza e Higiene/Corpo/Depilação e Descoloração,https://www.continente.pt/dw/image/v2/BDVS_PRD/on/demandware.static/-/Sites-col-master-catalog/default/dw847cca93/images/col/736/7361897-hero.png?sw=280&sh=280,emb. 8 un,https://www.continente.pt/produto/recarga-de-laminas-venus-comfortglide-breeze-gillette-7361897.html,higiene-beleza,2025-04-21,Continente
Verniz de Unhas Expressie,288066,7.14,"€7,14/un",Essie,Beleza e Higiene/Maquilhagem/Unhas,https://www.continente.pt/dw/image/v2/BDVS_PRD/on/demandware.static/-/Sites-col-master-catalog/default/dw4cf35085/images/col/715/7152561-frente.jpg?sw=280&sh=280,emb. 1 un,https://www.continente.pt/produto/verniz-de-unhas-expressie-essie-288066.html,higiene-beleza,2025-04-21,Continente
Creme de Rosto Dia Cellular Expert Lift FPS30 60+,6827636,16.24,"€324,80/lt",Nivea,Beleza e Higiene/Rosto/Antirrugas e Refirmantes,https://www.continente.pt/dw/image/v2/BDVS_PRD/on/demandware.static/-/Sites-col-master-catalog/default/dw5a0d4443/images/col/682/6827636-frente-1.jpg?sw=280&sh=280,emb. 50 ml,https://www.continente.pt/produto/creme-de-rosto-dia-cellular-expert-lift-fps30-60-nivea-6827636.html,higiene-beleza,2025-04-21,Continente
Batom Super Stay Ink Crayon,288082,9.49,"€9,49/un",Maybelline New York,Beleza e Higiene/Maquilhagem/Lábios,https://www.continente.pt/dw/image/v2/BDVS_PRD/on/demandware.static/-/Sites-col-master-catalog/default/dwd456d07a/images/col/692/6922298-frente.jpg?sw=280&sh=280,emb. 1 un,https://www.continente.pt/produto/batom-super-stay-ink-crayon-maybelline-new-york-288082.html,higiene-beleza,2025-04-21,Continente
Base em Pó 2 em 1 Infaillible 24h Fresh Wear,288074,10.79,"€10,79/un",LOréal Paris,Beleza e Higiene/Maquilhagem/Rosto,https://www.continente.pt/dw/image/v2/BDVS_PRD/on/demandware.static/-/Sites-col-master-catalog/default/dw3d17592e/images/col/736/7368711-frente.jpg?sw=280&sh=280,emb. 1 un,https://www.continente.pt/produto/base-em-po-2-em-1-infaillible-24h-fresh-wear-loreal-paris-288074.html,higiene-beleza,2025-04-21,Continente
Papel Higiénico 2 Folhas Pack Poupança,5969239,11.25,"€0,19/un",Continente,Beleza e Higiene/Papel Higiénico/Papel Higiénico 2 Folhas,https://www.continente.pt/dw/image/v2/BDVS_PRD/on/demandware.static/-/Sites-col-master-catalog/default/dw4fa9bd46/images/col/596/5969239-frente.png?sw=280&sh=280,emb. 60 rolos,https://www.continente.pt/produto/papel-higienico-2-folhas-pack-poupanca-continente-5969239.html,higiene-beleza,2025-04-21,Continente
Papel Higiénico 3 Folhas Decor,6445378,3.79,"€0,32/un",Continente,"Beleza e Higiene/Papel Higiénico/Papel Higiénico 3, 4 e 5 Folhas",https://www.continente.pt/dw/image/v2/BDVS_PRD/on/demandware.static/-/Sites-col-master-catalog/default/dwf8d9fc2d/images/col/644/6445378-frente.jpg?sw=280&sh=280,emb. 12 rolos,https://www.continente.pt/produto/papel-higienico-3-folhas-decor-continente-6445378.html,higiene-beleza,2025-04-21,Continente
Pack Família,foodllrenova,16.67,,,Limpeza/Guardanapos e Rolos,https://www.continente.pt/dw/image/v2/BDVS_PRD/on/demandware.static/-/Sites-col-master-catalog/default/dw631a7fe0/images/col/foo/foodllrenova-frente.png?sw=280&sh=280,,https://www.continente.pt/produto/pack-familia-foodllrenova.html,higiene-beleza,2025-04-21,Continente
Papel Higiénico Gigante Ultra Compacto,6194652,19.99,"€1,11/un",Scottex,Beleza e Higiene/Papel Higiénico/Papel Higiénico Compacto,https://www.continente.pt/dw/image/v2/BDVS_PRD/on/demandware.static/-/Sites-col-master-catalog/default/dw21dc91c1/images/col/619/6194652-hero.png?sw=280&sh=280,emb. 18 rolos = 54 rolos,https://www.continente.pt/produto/papel-higienico-gigante-ultra-compacto-scottex-6194652.html,higiene-beleza,2025-04-21,Continente
Papel Higiénico 2 Folhas Super,2919350,9.49,"€0,20/un",Renova,Beleza e Higiene/Papel Higiénico/Papel Higiénico 2 Folhas,https://www.continente.pt/dw/image/v2/BDVS_PRD/on/demandware.static/-/Sites-col-master-catalog/default/dwefcd5cfa/images/col/291/2919350-frente.png?sw=280&sh=280,emb. 48 rolos,https://www.continente.pt/produto/papel-higienico-2-folhas-super-renova-2919350.html,higiene-beleza,2025-04-21,Continente
Papel Higiénico 4 Folhas Grand Royal,6252406,10.99,"€0,61/un",Renova,"Beleza e Higiene/Papel Higiénico/Papel Higiénico 3, 4 e 5 Folhas",https://www.continente.pt/dw/image/v2/BDVS_PRD/on/demandware.static/-/Sites-col-master-catalog/default/dw5ee22416/images/col/625/6252406-hero.jpg?sw=280&sh=280,emb. 18 rolos,https://www.continente.pt/produto/papel-higienico-4-folhas-grand-royal-renova-6252406.html,higiene-beleza,2025-04-21,Continente
Papel Higiénico 3 Folhas Acolchoado,5405536,9.59,"€0,40/un",Scottex,"Beleza e Higiene/Papel Higiénico/Papel Higiénico 3, 4 e 5 Folhas",https://www.continente.pt/dw/image/v2/BDVS_PRD/on/demandware.static/-/Sites-col-master-catalog/default/dw9d849171/images/col/540/5405536-hero.png?sw=280&sh=280,emb. 24 rolos,https://www.continente.pt/produto/papel-higienico-3-folhas-acolchoado-scottex-5405536.html,higiene-beleza,2025-04-21,Continente
Papel Higiénico 2 Folhas Compacto,5892579,9.25,"€0,39/un",Continente,Beleza e Higiene/Papel Higiénico/Papel Higiénico Compacto,https://www.continente.pt/dw/image/v2/BDVS_PRD/on/demandware.static/-/Sites-col-master-catalog/default/dwd1729950/images/col/589/5892579-frente.jpg?sw=280&sh=280,emb. 24 rolos = 48 rolos,https://www.continente.pt/produto/papel-higienico-2-folhas-compacto-continente-5892579.html,higiene-beleza,2025-04-21,Continente
Papel Higiénico Extra XXL Compacto,6119024,12.49,"€0,52/un",Renova,Beleza e Higiene/Papel Higiénico/Papel Higiénico Compacto,https://www.continente.pt/dw/image/v2/BDVS_PRD/on/demandware.static/-/Sites-col-master-catalog/default/dwab73281d/images/col/611/6119024-frente.png?sw=280&sh=280,emb. 24 rolos = 60 rolos,https://www.continente.pt/produto/papel-higienico-extra-xxl-compacto-renova-6119024.html,higiene-beleza,2025-04-21,Continente
Papel Higiénico 3 Folhas Acolchoado,8157021,12.49,"€0,39/un",Scottex,"Beleza e Higiene/Papel Higiénico/Papel Higiénico 3, 4 e 5 Folhas",https://www.continente.pt/dw/image/v2/BDVS_PRD/on/demandware.static/-/Sites-col-master-catalog/default/dw14bae6c0/images/col/815/8157021-hero.png?sw=280&sh=280,emb. 32 rolos,https://www.continente.pt/produto/papel-higienico-3-folhas-acolchoado-scottex-8157021.html,higiene-beleza,2025-04-21,Continente
Escova de Dentes Elétrica iO2 Rosa,8363778,59.99,"€59,99/un",Oral-B,Beleza e Higiene/Higiene Oral/Escovas de Dentes,https://www.continente.pt/dw/image/v2/BDVS_PRD/on/demandware.static/-/Sites-col-master-catalog/default/dwc111ddd2/images/col/836/8363778-hero.png?sw=280&sh=280,emb. 1 un,https://www.continente.pt/produto/escova-de-dentes-eletrica-io2-rosa-oral-b-8363778.html,higiene-beleza,2025-04-21,Continente
Papel Higiénico Ultra Suave XXL Compacto,6646118,11.44,"€0,48/un",Colhogar,Beleza e Higiene/Papel Higiénico/Papel Higiénico Compacto,https://www.continente.pt/dw/image/v2/BDVS_PRD/on/demandware.static/-/Sites-col-master-catalog/default/dwbe01d4e1/images/col/664/6646118-hero.png?sw=280&sh=280,emb. 24 rolos = 48 rolos,https://www.continente.pt/produto/papel-higienico-ultra-suave-xxl-compacto-colhogar-6646118.html,higiene-beleza,2025-04-21,Continente
Papel Higiénico 2 Folhas,4507682,2.59,"€0,22/un",Continente,Beleza e Higiene/Papel Higiénico/Papel Higiénico 2 Folhas,https://www.continente.pt/dw/image/v2/BDVS_PRD/on/demandware.static/-/Sites-col-master-catalog/default/dw739b1c84/images/col/450/4507682-frente.png?sw=280&sh=280,emb. 12 rolos,https://www.continente.pt/produto/papel-higienico-2-folhas-continente-4507682.html,higiene-beleza,2025-04-21,Continente
Resguardo Cama 60x90,8108522,6.89,"€0,34/un",Continente,Beleza e Higiene/Higiene Íntima/Incontinência/Resguardos,https://www.continente.pt/dw/image/v2/BDVS_PRD/on/demandware.static/-/Sites-col-master-catalog/default/dw952540e2/images/col/810/8108522-frente.jpg?sw=280&sh=280,emb. 20 un,https://www.continente.pt/produto/resguardo-cama-60x90-continente-8108522.html,higiene-beleza,2025-04-21,Continente
Papel Higiénico 3 Folhas Decor,7374717,7.39,"€0,62/un",Continente,"Beleza e Higiene/Papel Higiénico/Papel Higiénico 3, 4 e 5 Folhas",https://www.continente.pt/dw/image/v2/BDVS_PRD/on/demandware.static/-/Sites-col-master-catalog/default/dwc67a10af/images/col/737/7374717-frente.png?sw=280&sh=280,emb. 12 = 24 rolos,https://www.continente.pt/produto/papel-higienico-3-folhas-decor-continente-7374717.html,higiene-beleza,2025-04-21,Continente
Papel Higiénico Ultra Suave XXL Compacto,6021279,6.3,"€0,53/un",Colhogar,Beleza e Higiene/Papel Higiénico/Papel Higiénico Compacto,https://www.continente.pt/dw/image/v2/BDVS_PRD/on/demandware.static/-/Sites-col-master-catalog/default/dw3a8f9e86/images/col/602/6021279-hero.png?sw=280&sh=280,emb. 12 rolos = 24 rolos,https://www.continente.pt/produto/papel-higienico-ultra-suave-xxl-compacto-colhogar-6021279.html,higiene-beleza,2025-04-21,Continente
Toalhitas Bebé Aqua Pure,8203701,17.8,"€0,03/un",Dodot,Bebé/Fraldas e Toalhitas/Toalhitas,https://www.continente.pt/dw/image/v2/BDVS_PRD/on/demandware.static/-/Sites-col-master-catalog/default/dw7370bbaf/images/col/820/8203701-hero.png?sw=280&sh=280,emb. 576 un (12 x 48 un),https://www.continente.pt/produto/toalhitas-bebe-aqua-pure-dodot-8203701.html,higiene-beleza,2025-04-21,Continente
Papel Higiénico 2 Folhas,6781866,4.79,"€0,20/un",Continente,Beleza e Higiene/Papel Higiénico/Papel Higiénico 2 Folhas,https://www.continente.pt/dw/image/v2/BDVS_PRD/on/demandware.static/-/Sites-col-master-catalog/default/dw8e8658e4/images/col/678/6781866-frente.png?sw=280&sh=280,24 rolos,https://www.continente.pt/produto/papel-higienico-2-folhas-continente-6781866.html,higiene-beleza,2025-04-21,Continente
Toalhitas Bebé Aqua Pure,8004670,20.39,"€0,05/un",Dodot,Bebé/Fraldas e Toalhitas/Toalhitas,https://www.continente.pt/dw/image/v2/BDVS_PRD/on/demandware.static/-/Sites-col-master-catalog/default/dw2068fafb/images/col/800/8004670-hero.jpg?sw=280&sh=280,emb. 432 un (9 x 48 un),https://www.continente.pt/produto/toalhitas-bebe-aqua-pure-dodot-8004670.html,higiene-beleza,2025-04-21,Continente
Escova de Dentes Elétrica Vitality Pro Preta Series 1,8123756,37.49,"€37,49/un",Oral-B,Beleza e Higiene/Higiene Oral/Escovas de Dentes,https://www.continente.pt/dw/image/v2/BDVS_PRD/on/demandware.static/-/Sites-col-master-catalog/default/dwebd078fc/images/col/812/8123756-hero.png?sw=280&sh=280,emb. 1 un,https://www.continente.pt/produto/escova-de-dentes-eletrica-vitality-pro-preta-series-1-oral-b-8123756.html,higiene-beleza,2025-04-21,Continente
Recarga de Lâminas Proglide,7361195,38.69,"€38,69/un",Gillette,Beleza e Higiene/Homem/Barba,https://www.continente.pt/dw/image/v2/BDVS_PRD/on/demandware.static/-/Sites-col-master-catalog/default/dw5089faa2/images/col/736/7361195-hero.jpg?sw=280&sh=280,emb. 8 un,https://www.continente.pt/produto/recarga-de-laminas-proglide-gillette-7361195.html,higiene-beleza,2025-04-21,Continente
Papel Higiénico Compacto Maxi,5782642,2.39,"€0,60/un",Continente,Beleza e Higiene/Papel Higiénico/Papel Higiénico Compacto,https://www.continente.pt/dw/image/v2/BDVS_PRD/on/demandware.static/-/Sites-col-master-catalog/default/dw3b936f05/images/col/578/5782642-frente.jpg?sw=280&sh=280,emb. 4 rolos = 12 rolos,https://www.continente.pt/produto/papel-higienico-compacto-maxi-continente-5782642.html,higiene-beleza,2025-04-21,Continente
Papel Higiénico 3 Folhas Skin Care Puríssimo,6516866,13.99,"€0,58/un",Renova,"Beleza e Higiene/Papel Higiénico/Papel Higiénico 3, 4 e 5 Folhas",https://www.continente.pt/dw/image/v2/BDVS_PRD/on/demandware.static/-/Sites-col-master-catalog/default/dw204358db/images/col/651/6516866-frente.png?sw=280&sh=280,emb. 24 rolos,https://www.continente.pt/produto/papel-higienico-3-folhas-skin-care-purissimo-renova-6516866.html,higiene-beleza,2025-04-21,Continente
Papel Higiénico 4 Folhas Sublime,6188514,5.05,"€0,42/un",Continente,"Beleza e Higiene/Papel Higiénico/Papel Higiénico 3, 4 e 5 Folhas",https://www.continente.pt/dw/image/v2/BDVS_PRD/on/demandware.static/-/Sites-col-master-catalog/default/dw1d044871/images/col/618/6188514-frente.jpg?sw=280&sh=280,emb. 12 rolos,https://www.continente.pt/produto/papel-higienico-4-folhas-sublime-continente-6188514.html,higiene-beleza,2025-04-21,Continente
Papel Higiénico 3 Folhas Ultra Suave Talco,5879135,4.99,"€0,42/un",Continente,"Beleza e Higiene/Papel Higiénico/Papel Higiénico 3, 4 e 5 Folhas",https://www.continente.pt/dw/image/v2/BDVS_PRD/on/demandware.static/-/Sites-col-master-catalog/default/dw328c0f15/images/col/587/5879135-frente.png?sw=280&sh=280,emb. 12 rolos,https://www.continente.pt/produto/papel-higienico-3-folhas-ultra-suave-talco-continente-5879135.html,higiene-beleza,2025-04-21,Continente
Papel Higiénico Húmido Biodegradável,6941850,1.09,"€0,02/un",Continente,Beleza e Higiene/Papel Higiénico/Papel Higiénico Húmido,https://www.continente.pt/dw/image/v2/BDVS_PRD/on/demandware.static/-/Sites-col-master-catalog/default/dw47d089cc/images/col/694/6941850-hero.jpg?sw=280&sh=280,emb. 60 un,https://www.continente.pt/produto/papel-higienico-humido-biodegradavel-continente-6941850.html,higiene-beleza,2025-04-21,Continente
Recarga de Lâminas Fusion,7360399,22.99,"€22,99/un",Gillette,Beleza e Higiene/Homem/Barba,https://www.continente.pt/dw/image/v2/BDVS_PRD/on/demandware.static/-/Sites-col-master-catalog/default/dw87273379/images/col/736/7360399-hero.jpg?sw=280&sh=280,emb. 5 un,https://www.continente.pt/produto/recarga-de-laminas-fusion-gillette-7360399.html,higiene-beleza,2025-04-21,Continente
Papel Higiénico Super Duplo,5594195,14.99,"€0,83/un",Renova,Beleza e Higiene/Papel Higiénico/Papel Higiénico Compacto,https://www.continente.pt/dw/image/v2/BDVS_PRD/on/demandware.static/-/Sites-col-master-catalog/default/dwfb785b12/images/col/559/5594195-hero.jpg?sw=280&sh=280,emb. 18 rolos = 36 rolos,https://www.continente.pt/produto/papel-higienico-super-duplo-renova-5594195.html,higiene-beleza,2025-04-21,Continente
Pasta de Dentes Tripla Ação,7977177,2.13,"€21,30/lt",Colgate,Beleza e Higiene/Higiene Oral/Pastas de Dentes,https://www.continente.pt/dw/image/v2/BDVS_PRD/on/demandware.static/-/Sites-col-master-catalog/default/dw2bc3c579/images/col/797/7977177-frente.png?sw=280&sh=280,emb. 100 ml,https://www.continente.pt/produto/pasta-de-dentes-tripla-acao-colgate-7977177.html,higiene-beleza,2025-04-21,Continente
Papel Higiénico Super Compact,4883883,2.29,"€0,57/un",Renova,Beleza e Higiene/Papel Higiénico/Papel Higiénico Compacto,https://www.continente.pt/dw/image/v2/BDVS_PRD/on/demandware.static/-/Sites-col-master-catalog/default/dwc893edd8/images/col/488/4883883-hero.jpg?sw=280&sh=280,emb. 4 rolos = 12 rolos,https://www.continente.pt/produto/papel-higienico-super-compact-renova-4883883.html,higiene-beleza,2025-04-21,Continente
Toalhitas Bebé Aqua Pure,7887535,7.19,"€0,05/un",Dodot,Bebé/Fraldas e Toalhitas/Toalhitas,https://www.continente.pt/dw/image/v2/BDVS_PRD/on/demandware.static/-/Sites-col-master-catalog/default/dwa5c63890/images/col/788/7887535-hero.png?sw=280&sh=280,emb. 144 un (3 x 48 un),https://www.continente.pt/produto/toalhitas-bebe-aqua-pure-dodot-7887535.html,higiene-beleza,2025-04-21,Continente
Papel Higiénico 3 Folhas Acolchoado,7826438,4.49,"€0,50/un",Continente,"Beleza e Higiene/Papel Higiénico/Papel Higiénico 3, 4 e 5 Folhas",https://www.continente.pt/dw/image/v2/BDVS_PRD/on/demandware.static/-/Sites-col-master-catalog/default/dw8e2a918c/images/col/782/7826438-frente.jpg?sw=280&sh=280,9 rolos,https://www.continente.pt/produto/papel-higienico-3-folhas-acolchoado-continente-7826438.html,higiene-beleza,2025-04-21,Continente
Papel Higiénico Húmido Fresh,5137013,2.22,"€0,03/un",Scottex,Beleza e Higiene/Papel Higiénico/Papel Higiénico Húmido,https://www.continente.pt/dw/image/v2/BDVS_PRD/on/demandware.static/-/Sites-col-master-catalog/default/dw1313748c/images/col/513/5137013-hero.jpg?sw=280&sh=280,emb. 74 un,https://www.continente.pt/produto/papel-higienico-humido-fresh-scottex-5137013.html,higiene-beleza,2025-04-21,Continente
Papel Higiénico 3 Folhas Cuida & Protege Rosa,5204308,6.89,"€0,57/un",Colhogar,"Beleza e Higiene/Papel Higiénico/Papel Higiénico 3, 4 e 5 Folhas",https://www.continente.pt/dw/image/v2/BDVS_PRD/on/demandware.static/-/Sites-col-master-catalog/default/dw84058e19/images/col/520/5204308-hero.jpg?sw=280&sh=280,emb. 12 rolos,https://www.continente.pt/produto/papel-higienico-3-folhas-cuida-protege-rosa-colhogar-5204308.html,higiene-beleza,2025-04-21,Continente
Pensos Higiénicos Liberty Normal com Abas,7630444,5.49,"€0,25/un",Evax,Beleza e Higiene/Higiene Íntima/Pensos e Cuecas Menstruais,https://www.continente.pt/dw/image/v2/BDVS_PRD/on/demandware.static/-/Sites-col-master-catalog/default/dw2b7c551e/images/col/763/7630444-hero.jpg?sw=280&sh=280,emb. 22 un,https://www.continente.pt/produto/pensos-higienicos-liberty-normal-com-abas-evax-7630444.html,higiene-beleza,2025-04-21,Continente
Papel Higiénico Extra XXL Compacto,4103945,3.15,"€0,53/un",Renova,Beleza e Higiene/Papel Higiénico/Papel Higiénico Compacto,https://www.continente.pt/dw/image/v2/BDVS_PRD/on/demandware.static/-/Sites-col-master-catalog/default/dwcab139f2/images/col/410/4103945-frente.png?sw=280&sh=280,emb. 6 rolos = 15 rolos,https://www.continente.pt/produto/papel-higienico-extra-xxl-compacto-renova-4103945.html,higiene-beleza,2025-04-21,Continente
Fraldas Incontinência M,8093223,6.99,"€0,35/un",Continente,Beleza e Higiene/Higiene Íntima/Incontinência/Fraldas Incontinência,https://www.continente.pt/dw/image/v2/BDVS_PRD/on/demandware.static/-/Sites-col-master-catalog/default/dw9e7fb680/images/col/809/8093223-hero.jpg?sw=280&sh=280,emb. 20 un,https://www.continente.pt/produto/fraldas-incontinencia-m-continente-8093223.html,higiene-beleza,2025-04-21,Continente
Papel Higiénico 3 Folhas Skin Care Puríssimo,5688935,4.99,"€0,42/un",Renova,"Beleza e Higiene/Papel Higiénico/Papel Higiénico 3, 4 e 5 Folhas",https://www.continente.pt/dw/image/v2/BDVS_PRD/on/demandware.static/-/Sites-col-master-catalog/default/dwb8df8d7d/images/col/568/5688935-frente.png?sw=280&sh=280,emb. 12 rolos,https://www.continente.pt/produto/papel-higienico-3-folhas-skin-care-purissimo-renova-5688935.html,higiene-beleza,2025-04-21,Continente
Fraldas Cuidado Total 11-16kg T5,7454733,14.99,"€0,42/un",Dodot,Bebé/Fraldas e Toalhitas/Fraldas 13-18kg/+18kg (T5 e T6),https://www.continente.pt/dw/image/v2/BDVS_PRD/on/demandware.static/-/Sites-col-master-catalog/default/dwdf1d8fea/images/col/745/7454733-hero.jpg?sw=280&sh=280,emb. 36 un,https://www.continente.pt/produto/fraldas-cuidado-total-11-16kg-t5-dodot-7454733.html,higiene-beleza,2025-04-21,Continente
Papel Higiénico Húmido,7970090,1.99,"€0,02/un",Continente,Beleza e Higiene/Papel Higiénico/Papel Higiénico Húmido,https://www.continente.pt/dw/image/v2/BDVS_PRD/on/demandware.static/-/Sites-col-master-catalog/default/dw92b91a95/images/col/797/7970090-topshot.jpg?sw=280&sh=280,emb. 120  un,https://www.continente.pt/produto/papel-higienico-humido-continente-7970090.html,higiene-beleza,2025-04-21,Continente
Tónico Facial,7983864,17.9,"€17,90/un",Beauty of Joseon,Beleza e Higiene/Rosto/Hidratação,https://www.continente.pt/dw/image/v2/BDVS_PRD/on/demandware.static/-/Sites-col-master-catalog/default/dw73aa2409/images/col/798/7983864-frente.png?sw=280&sh=280,emb. 150 ml,https://www.continente.pt/produto/tonico-facial-beauty-of-joseon-7983864.html,higiene-beleza,2025-04-21,Continente
Papel Higiénico Húmido Sensitive,6051440,2.22,"€0,03/un",Scottex,Beleza e Higiene/Papel Higiénico/Papel Higiénico Húmido,https://www.continente.pt/dw/image/v2/BDVS_PRD/on/demandware.static/-/Sites-col-master-catalog/default/dwb0faa833/images/col/605/6051440-hero.jpg?sw=280&sh=280,emb. 66 un,https://www.continente.pt/produto/papel-higienico-humido-sensitive-scottex-6051440.html,higiene-beleza,2025-04-21,Continente
Papel Higiénico Húmido Pure,6593368,2.37,"€0,03/un",Colhogar,Beleza e Higiene/Papel Higiénico/Papel Higiénico Húmido,https://www.continente.pt/dw/image/v2/BDVS_PRD/on/demandware.static/-/Sites-col-master-catalog/default/dw476d312d/images/col/659/6593368-hero.jpg?sw=280&sh=280,emb. 80 un,https://www.continente.pt/produto/papel-higienico-humido-pure-colhogar-6593368.html,higiene-beleza,2025-04-21,Continente
Papel Higiénico Húmido Melão,7970110,1.99,"€0,02/un",Continente,Beleza e Higiene/Papel Higiénico/Papel Higiénico Húmido,https://www.continente.pt/dw/image/v2/BDVS_PRD/on/demandware.static/-/Sites-col-master-catalog/default/dwbb5d0776/images/col/797/7970110-frente.jpg?sw=280&sh=280,emb. 120 un,https://www.continente.pt/produto/papel-higienico-humido-melao-continente-7970110.html,higiene-beleza,2025-04-21,Continente
Pasta de Dentes Tripla Proteção Menta Fresca,8068536,4.48,"€19,91/lt",Aquafresh,Beleza e Higiene/Higiene Oral/Pastas de Dentes,https://www.continente.pt/dw/image/v2/BDVS_PRD/on/demandware.static/-/Sites-col-master-catalog/default/dw226daf4b/images/col/806/8068536-hero.jpg?sw=280&sh=280,emb. 3 x 75 ml,https://www.continente.pt/produto/pasta-de-dentes-tripla-protecao-menta-fresca-aquafresh-8068536.html,higiene-beleza,2025-04-21,Continente
Lenços Faciais Family,7476556,2.35,"€0,02/un",Kleenex,Beleza e Higiene/Lenços e Cuidados de Saúde/Lenços de Papel,https://www.continente.pt/dw/image/v2/BDVS_PRD/on/demandware.static/-/Sites-col-master-catalog/default/dw4341a3df/images/col/747/7476556-frente.jpg?sw=280&sh=280,emb. 128 un,https://www.continente.pt/produto/lencos-faciais-family-kleenex-7476556.html,higiene-beleza,2025-04-21,Continente
Pensos Diários Salvaslip Normal,6470373,5.49,"€0,05/un",Evax,Beleza e Higiene/Higiene Íntima/Pensos Diários,https://www.continente.pt/dw/image/v2/BDVS_PRD/on/demandware.static/-/Sites-col-master-catalog/default/dw019eeb04/images/col/647/6470373-hero.jpg?sw=280&sh=280,emb. 108 un,https://www.continente.pt/produto/pensos-diarios-salvaslip-normal-evax-6470373.html,higiene-beleza,2025-04-21,Continente
Champô Ultra Suave Delicadeza de Aveia,7461037,14.92,"€8,29/lt",Garnier,Beleza e Higiene/Cabelo/Champôs,https://www.continente.pt/dw/image/v2/BDVS_PRD/on/demandware.static/-/Sites-col-master-catalog/default/dwa3130b85/images/col/746/7461037-hero.jpg?sw=280&sh=280,emb. 3 x 600 ml,https://www.continente.pt/produto/champo-ultra-suave-delicadeza-de-aveia-garnier-7461037.html,higiene-beleza,2025-04-21,Continente
Cuecas Incontinência Super L,7201051,10.99,"€1,22/un",Depend,Beleza e Higiene/Higiene Íntima/Incontinência/Cuecas Incontinência,https://www.continente.pt/dw/image/v2/BDVS_PRD/on/demandware.static/-/Sites-col-master-catalog/default/dwb43d4368/images/col/720/7201051-direito.jpg?sw=280&sh=280,emb. 9 un,https://www.continente.pt/produto/cuecas-incontinencia-super-l-depend-7201051.html,higiene-beleza,2025-04-21,Continente
Gel de Banho Advanced Care Deeply Nourishing,8063147,4.37,"€7,28/lt",Dove,Beleza e Higiene/Corpo/Gel de Banho,https://www.continente.pt/dw/image/v2/BDVS_PRD/on/demandware.static/-/Sites-col-master-catalog/default/dw8df8c33c/images/col/806/8063147-hero.jpg?sw=280&sh=280,emb. 600 ml,https://www.continente.pt/produto/gel-de-banho-advanced-care-deeply-nourishing-dove-8063147.html,higiene-beleza,2025-04-21,Continente
Toalhitas Bebé Biodegradáveis,8018595,6.36,"€0,04/un",Waterwipes,Bebé/Fraldas e Toalhitas/Toalhitas,https://www.continente.pt/dw/image/v2/BDVS_PRD/on/demandware.static/-/Sites-col-master-catalog/default/dw8ff0416c/images/col/801/8018595-frente.jpg?sw=280&sh=280,emb. 144 un (3 x 48 un),https://www.continente.pt/produto/toalhitas-bebe-biodegradaveis-waterwipes-8018595.html,higiene-beleza,2025-04-21,Continente
Gel de Banho Hidra Essencial,8122913,8.83,"€3,92/lt",Vaseline,Beleza e Higiene/Corpo/Gel de Banho,https://www.continente.pt/dw/image/v2/BDVS_PRD/on/demandware.static/-/Sites-col-master-catalog/default/dw50022de8/images/col/812/8122913-hero.png?sw=280&sh=280,emb. 3 x 750 ml,https://www.continente.pt/produto/gel-de-banho-hidra-essencial-vaseline-8122913.html,higiene-beleza,2025-04-21,Continente
Lenços Faciais Colletion,7476557,1.49,"€0,03/un",Kleenex,Beleza e Higiene/Lenços e Cuidados de Saúde/Lenços de Papel,https://www.continente.pt/dw/image/v2/BDVS_PRD/on/demandware.static/-/Sites-col-master-catalog/default/dw87af2553/images/col/747/7476557-esquerdo.jpg?sw=280&sh=280,emb. 56 un,https://www.continente.pt/produto/lencos-faciais-colletion-kleenex-7476557.html,higiene-beleza,2025-04-21,Continente
Sabonete Líquido Recarga Naturals Mel,2501573,1.79,"€5,97/lt",Palmolive,Beleza e Higiene/Corpo/Sabonetes,https://www.continente.pt/dw/image/v2/BDVS_PRD/on/demandware.static/-/Sites-col-master-catalog/default/dw56d7a4ac/images/col/250/2501573-frente-1.jpg?sw=280&sh=280,emb. 300 ml,https://www.continente.pt/produto/sabonete-liquido-recarga-naturals-mel-palmolive-2501573.html,higiene-beleza,2025-04-21,Continente
Cotonetes de Algodão,2056827,0.99,"€0,01/un",Pinoca,Beleza e Higiene/Lenços e Cuidados de Saúde/Cuidados de Saúde,https://www.continente.pt/dw/image/v2/BDVS_PRD/on/demandware.static/-/Sites-col-master-catalog/default/dw7277573c/images/col/205/2056827-frente.jpg?sw=280&sh=280,emb. 100 un,https://www.continente.pt/produto/cotonetes-de-algodao-pinoca-2056827.html,higiene-beleza,2025-04-21,Continente
Batom Timeless Red 501,7742718,16.99,"€16,99/un",LOréal Paris,Beleza e Higiene/Maquilhagem/Lábios,https://www.continente.pt/dw/image/v2/BDVS_PRD/on/demandware.static/-/Sites-col-master-catalog/default/dw5ba90f8a/images/col/774/7742718-frente.jpg?sw=280&sh=280,emb. 1 un,https://www.continente.pt/produto/batom-timeless-red-501-loreal-paris-7742718.html,higiene-beleza,2025-04-21,Continente
Batom Líquido Matte Resistance 430 A-Lister,7889208,15.49,"€15,49/un",LOréal Paris,Beleza e Higiene/Maquilhagem/Lábios,https://www.continente.pt/dw/image/v2/BDVS_PRD/on/demandware.static/-/Sites-col-master-catalog/default/dwca7fc503/images/col/788/7889208-frente-1.jpg?sw=280&sh=280,emb. 1 un,https://www.continente.pt/produto/batom-liquido-matte-resistance-430-a-lister-loreal-paris-7889208.html,higiene-beleza,2025-04-21,Continente
Tampão Digital Pro Comfort Normal,7619982,8.99,"€0,14/un",O.b.,Beleza e Higiene/Higiene Íntima/Tampões,https://www.continente.pt/dw/image/v2/BDVS_PRD/on/demandware.static/-/Sites-col-master-catalog/default/dw4161064a/images/col/761/7619982-frente.jpg?sw=280&sh=280,emb. 64 un,https://www.continente.pt/produto/tampao-digital-pro-comfort-normal-o.b.-7619982.html,higiene-beleza,2025-04-21,Continente
Creme de Rosto Dia Hidratante e Nutritivo,7621255,22.99,"€22,99/un",Frudia,Beleza e Higiene/Rosto/Hidratação,https://www.continente.pt/dw/image/v2/BDVS_PRD/on/demandware.static/-/Sites-col-master-catalog/default/dw7b1ffa64/images/col/762/7621255-frente.jpg?sw=280&sh=280,emb. 55 gr,https://www.continente.pt/produto/creme-de-rosto-dia-hidratante-e-nutritivo-frudia-7621255.html,higiene-beleza,2025-04-21,Continente
Champô Ultra Suave Camomila,5813480,8.29,"€13,82/lt",Garnier,Beleza e Higiene/Cabelo/Champôs,https://www.continente.pt/dw/image/v2/BDVS_PRD/on/demandware.static/-/Sites-col-master-catalog/default/dw8b718618/images/col/581/5813480-frente.jpg?sw=280&sh=280,emb. 600 ml,https://www.continente.pt/produto/champo-ultra-suave-camomila-garnier-5813480.html,higiene-beleza,2025-04-21,Continente
Recarga Escova de Dentes Elétrica Sensitive Clean,7227968,19.99,"€5,00/un",Oral-B,Beleza e Higiene/Higiene Oral/Escovas de Dentes,https://www.continente.pt/dw/image/v2/BDVS_PRD/on/demandware.static/-/Sites-col-master-catalog/default/dwa73bb78a/images/col/722/7227968-hero.png?sw=280&sh=280,emb. 4 un,https://www.continente.pt/produto/recarga-escova-de-dentes-eletrica-sensitive-clean-oral-b-7227968.html,higiene-beleza,2025-04-21,Continente
Pasta de Dentes Anti-Tártaro Branqueadora,2053918,1.79,"€23,87/lt",Colgate,Beleza e Higiene/Higiene Oral/Pastas de Dentes,https://www.continente.pt/dw/image/v2/BDVS_PRD/on/demandware.static/-/Sites-col-master-catalog/default/dw94c2bbfa/images/col/205/2053918-frente-1.png?sw=280&sh=280,emb. 75 ml,https://www.continente.pt/produto/pasta-de-dentes-anti-tartaro-branqueadora-colgate-2053918.html,higiene-beleza,2025-04-21,Continente
Lenços Faciais Design Pop Cosy,5844270,1.69,"€0,03/un",Renova,Beleza e Higiene/Lenços e Cuidados de Saúde/Lenços de Papel,https://www.continente.pt/dw/image/v2/BDVS_PRD/on/demandware.static/-/Sites-col-master-catalog/default/dwfbc3c905/images/col/584/5844270-hero.png?sw=280&sh=280,emb. 50 un,https://www.continente.pt/produto/lencos-faciais-design-pop-cosy-renova-5844270.html,higiene-beleza,2025-04-21,Continente
Pensos Higiénicos Cottonlike Normal com Abas,8388473,5.8,"€0,12/un",Evax,Beleza e Higiene/Higiene Íntima/Pensos e Cuecas Menstruais,https://www.continente.pt/dw/image/v2/BDVS_PRD/on/demandware.static/-/Sites-col-master-catalog/default/dw1c636b57/images/col/838/8388473-hero.png?sw=280&sh=280,emb. 38 un + 10 un GRÁTIS,https://www.continente.pt/produto/pensos-higienicos-cottonlike-normal-com-abas-evax-8388473.html,higiene-beleza,2025-04-21,Continente
Rotina de Rosto Antimanchas Cellular Luminous 630,foodhbluminous,35.08,,,Beleza e Higiene/Rosto/Antirrugas e Refirmantes,https://www.continente.pt/dw/image/v2/BDVS_PRD/on/demandware.static/-/Sites-col-master-catalog/default/dwdae95c63/images/col/foo/foodhbluminous-frente.jpg?sw=280&sh=280,,https://www.continente.pt/produto/rotina-de-rosto-antimanchas-cellular-luminous-630-foodhbluminous.html,higiene-beleza,2025-04-21,Continente
Resguardo Cama 90x180 (com Abas),8108513,10.99,"€0,55/un",Continente,Beleza e Higiene/Higiene Íntima/Incontinência/Resguardos,https://www.continente.pt/dw/image/v2/BDVS_PRD/on/demandware.static/-/Sites-col-master-catalog/default/dw1a115d3d/images/col/810/8108513-frente.jpg?sw=280&sh=280,emb. 20 un,https://www.continente.pt/produto/resguardo-cama-90x180-com-abas-continente-8108513.html,higiene-beleza,2025-04-21,Continente
Sabonete Líquido Recarga Naturals Leite de Amêndoa,2501563,1.79,"€5,97/lt",Palmolive,Beleza e Higiene/Corpo/Sabonetes,https://www.continente.pt/dw/image/v2/BDVS_PRD/on/demandware.static/-/Sites-col-master-catalog/default/dwc061b8d2/images/col/250/2501563-frente-1.jpg?sw=280&sh=280,emb. 300 ml,https://www.continente.pt/produto/sabonete-liquido-recarga-naturals-leite-de-amendoa-palmolive-2501563.html,higiene-beleza,2025-04-21,Continente
Pensos Higiénicos Liberty Noite com Abas,7630437,5.49,"€0,34/un",Evax,Beleza e Higiene/Higiene Íntima/Pensos e Cuecas Menstruais,https://www.continente.pt/dw/image/v2/BDVS_PRD/on/demandware.static/-/Sites-col-master-catalog/default/dw03638046/images/col/763/7630437-hero.jpg?sw=280&sh=280,emb. 16 un,https://www.continente.pt/produto/pensos-higienicos-liberty-noite-com-abas-evax-7630437.html,higiene-beleza,2025-04-21,Continente
Gel de Banho Creme Smooth,5485988,4.19,"€5,59/lt",Nivea,Beleza e Higiene/Corpo/Gel de Banho,https://www.continente.pt/dw/image/v2/BDVS_PRD/on/demandware.static/-/Sites-col-master-catalog/default/dwfb1f750f/images/col/548/5485988-hero.jpg?sw=280&sh=280,emb. 750 ml,https://www.continente.pt/produto/gel-de-banho-creme-smooth-nivea-5485988.html,higiene-beleza,2025-04-21,Continente
Pasta de Dentes Pro-Expert Sensibilidade,4949749,3.19,"€42,53/lt",Oral-B,Beleza e Higiene/Higiene Oral/Pastas de Dentes,https://www.continente.pt/dw/image/v2/BDVS_PRD/on/demandware.static/-/Sites-col-master-catalog/default/dw21a068ea/images/col/494/4949749-hero.png?sw=280&sh=280,emb. 75 ml,https://www.continente.pt/produto/pasta-de-dentes-pro-expert-sensibilidade-oral-b-4949749.html,higiene-beleza,2025-04-21,Continente
Sabonete Líquido Eco Recarga Óleo de Coco e Leite de Amêndoa,6837343,3.17,"€6,34/lt",Dove,Beleza e Higiene/Corpo/Sabonetes,https://www.continente.pt/dw/image/v2/BDVS_PRD/on/demandware.static/-/Sites-col-master-catalog/default/dwc76c73e0/images/col/683/6837343-frente.jpg?sw=280&sh=280,emb. 500 ml,https://www.continente.pt/produto/sabonete-liquido-eco-recarga-oleo-de-coco-e-leite-de-amendoa-dove-6837343.html,higiene-beleza,2025-04-21,Continente
Lenços de Bolso Mini 3 Folhas,6905087,1.79,"€0,12/un",Continente,Beleza e Higiene/Lenços e Cuidados de Saúde/Lenços de Papel,https://www.continente.pt/dw/image/v2/BDVS_PRD/on/demandware.static/-/Sites-col-master-catalog/default/dw8d89fdad/images/col/690/6905087-frente.jpg?sw=280&sh=280,emb. 15 un,https://www.continente.pt/produto/lencos-de-bolso-mini-3-folhas-continente-6905087.html,higiene-beleza,2025-04-21,Continente
Pasta de Dentes Dentagard Protetora,2053916,1.99,"€26,53/lt",Colgate,Beleza e Higiene/Higiene Oral/Pastas de Dentes,https://www.continente.pt/dw/image/v2/BDVS_PRD/on/demandware.static/-/Sites-col-master-catalog/default/dwb17a74e4/images/col/205/2053916-frente-1.png?sw=280&sh=280,emb. 75 ml,https://www.continente.pt/produto/pasta-de-dentes-dentagard-protetora-colgate-2053916.html,higiene-beleza,2025-04-21,Continente
Sabonete Líquido Leite e Mel,8110529,1.29,"€2,58/lt",MyLabel,Beleza e Higiene/Corpo/Sabonetes,https://www.continente.pt/dw/image/v2/BDVS_PRD/on/demandware.static/-/Sites-col-master-catalog/default/dw8bc79e7b/images/col/811/8110529-frente.jpg?sw=280&sh=280,emb. 500 gr,https://www.continente.pt/produto/sabonete-liquido-leite-e-mel-mylabel-8110529.html,higiene-beleza,2025-04-21,Continente
Desodorizante Spray Black,5479817,3.29,"€21,93/lt",Axe,Beleza e Higiene/Homem/Desodorizantes,https://www.continente.pt/dw/image/v2/BDVS_PRD/on/demandware.static/-/Sites-col-master-catalog/default/dwcf4bf018/images/col/547/5479817-hero.jpg?sw=280&sh=280,emb. 150 ml,https://www.continente.pt/produto/desodorizante-spray-black-axe-5479817.html,higiene-beleza,2025-04-21,Continente
Batom do Cieiro Original Duopack,8055992,4.29,"€2,15/un",Labello,Beleza e Higiene/Rosto/Lábios,https://www.continente.pt/dw/image/v2/BDVS_PRD/on/demandware.static/-/Sites-col-master-catalog/default/dwd5fa1446/images/col/805/8055992-hero.jpg?sw=280&sh=280,emb. 2 un,https://www.continente.pt/produto/batom-do-cieiro-original-duopack-labello-8055992.html,higiene-beleza,2025-04-21,Continente
Gel de Banho Aloe,6936746,4.19,"€5,59/lt",Nivea,Beleza e Higiene/Corpo/Gel de Banho,https://www.continente.pt/dw/image/v2/BDVS_PRD/on/demandware.static/-/Sites-col-master-catalog/default/dwbe0d5153/images/col/693/6936746-hero.jpg?sw=280&sh=280,emb. 750 ml,https://www.continente.pt/produto/gel-de-banho-aloe-nivea-6936746.html,higiene-beleza,2025-04-21,Continente
Gel de Banho Aveia,8095598,1.19,"€1,19/lt",MyLabel,Beleza e Higiene/Corpo/Gel de Banho,https://www.continente.pt/dw/image/v2/BDVS_PRD/on/demandware.static/-/Sites-col-master-catalog/default/dw0f093421/images/col/809/8095598-frente.jpg?sw=280&sh=280,emb. 1 lt,https://www.continente.pt/produto/gel-de-banho-aveia-mylabel-8095598.html,higiene-beleza,2025-04-21,Continente
Toalhitas Incontinência,8034404,2.85,"€2,85/un",Continente,Beleza e Higiene/Higiene Íntima/Incontinência,https://www.continente.pt/dw/image/v2/BDVS_PRD/on/demandware.static/-/Sites-col-master-catalog/default/dwc36984aa/images/col/803/8034404-topshot.png?sw=280&sh=280,emb. 60 un,https://www.continente.pt/produto/toalhitas-incontinencia-continente-8034404.html,higiene-beleza,2025-04-21,Continente
Pensos Higiénicos Cottonlike Noite com Abas,5492367,4.24,"€0,24/un",Evax,Beleza e Higiene/Higiene Íntima/Pensos e Cuecas Menstruais,https://www.continente.pt/dw/image/v2/BDVS_PRD/on/demandware.static/-/Sites-col-master-catalog/default/dw3cb322c7/images/col/549/5492367-hero.jpg?sw=280&sh=280,emb. 18 un,https://www.continente.pt/produto/pensos-higienicos-cottonlike-noite-com-abas-evax-5492367.html,higiene-beleza,2025-04-21,Continente
Gel de Banho Hidratante Naturals Leite e Mel,6506917,2.69,"€5,38/lt",Palmolive,Beleza e Higiene/Corpo/Gel de Banho,https://www.continente.pt/dw/image/v2/BDVS_PRD/on/demandware.static/-/Sites-col-master-catalog/default/dw2be4b6ce/images/col/650/6506917-hero.jpg?sw=280&sh=280,emb. 500 ml,https://www.continente.pt/produto/gel-de-banho-hidratante-naturals-leite-e-mel-palmolive-6506917.html,higiene-beleza,2025-04-21,Continente
Sabonete Líquido Aloe Vera,5976460,2.39,"€9,56/lt",Dettol,Beleza e Higiene/Corpo/Sabonetes,https://www.continente.pt/dw/image/v2/BDVS_PRD/on/demandware.static/-/Sites-col-master-catalog/default/dwa3055d41/images/col/597/5976460-frente.jpg?sw=280&sh=280,emb. 250 ml,https://www.continente.pt/produto/sabonete-liquido-aloe-vera-dettol-5976460.html,higiene-beleza,2025-04-21,Continente
Lenços Faciais 3 Folhas Active,2053347,1.55,"€0,02/un",Renova,Beleza e Higiene/Lenços e Cuidados de Saúde/Lenços de Papel,https://www.continente.pt/dw/image/v2/BDVS_PRD/on/demandware.static/-/Sites-col-master-catalog/default/dw3ff8a976/images/col/205/2053347-frente.jpg?sw=280&sh=280,emb. 70 un,https://www.continente.pt/produto/lencos-faciais-3-folhas-active-renova-2053347.html,higiene-beleza,2025-04-21,Continente
Gel de Banho Petal Soft,8042400,4.79,"€6,65/lt",Dove,Beleza e Higiene/Corpo/Gel de Banho,https://www.continente.pt/dw/image/v2/BDVS_PRD/on/demandware.static/-/Sites-col-master-catalog/default/dw005bab6e/images/col/804/8042400-hero.jpg?sw=280&sh=280,emb. 720 ml,https://www.continente.pt/produto/gel-de-banho-petal-soft-dove-8042400.html,higiene-beleza,2025-04-21,Continente
Pasta de Dentes Sensibilidade Multi Cuidado,5736009,5.99,"€39,93/lt",Sensodyne,Beleza e Higiene/Higiene Oral/Pastas de Dentes,https://www.continente.pt/dw/image/v2/BDVS_PRD/on/demandware.static/-/Sites-col-master-catalog/default/dw5836bc1c/images/col/573/5736009-hero.jpg?sw=280&sh=280,emb. 2 x 75 ml,https://www.continente.pt/produto/pasta-de-dentes-sensibilidade-multi-cuidado-sensodyne-5736009.html,higiene-beleza,2025-04-21,Continente
Desodorizante Roll On Men Black & White,4630073,2.47,"€49,40/lt",Nivea,Beleza e Higiene/Homem/Desodorizantes,https://www.continente.pt/dw/image/v2/BDVS_PRD/on/demandware.static/-/Sites-col-master-catalog/default/dweebaee2a/images/col/463/4630073-hero.jpg?sw=280&sh=280,emb. 50 ml,https://www.continente.pt/produto/desodorizante-roll-on-men-black-white-nivea-4630073.html,higiene-beleza,2025-04-21,Continente
Gel de Banho Argão,7682654,5.06,"€3,75/lt",Natural Honey,Beleza e Higiene/Corpo/Gel de Banho,https://www.continente.pt/dw/image/v2/BDVS_PRD/on/demandware.static/-/Sites-col-master-catalog/default/dw3a6895b4/images/col/768/7682654-frente.jpg?sw=280&sh=280,"emb. 1,35 lt",https://www.continente.pt/produto/gel-de-banho-argao-natural-honey-7682654.html,higiene-beleza,2025-04-21,Continente
Recarga Escova de Dentes Elétrica Kids Spider Man e Frozen + 3 Anos,7834883,13.49,"€4,50/un",Oral-B,Beleza e Higiene/Higiene Oral/Higiene Oral Infantil,https://www.continente.pt/dw/image/v2/BDVS_PRD/on/demandware.static/-/Sites-col-master-catalog/default/dw4d80520f/images/col/783/7834883-hero-1.png?sw=280&sh=280,emb. 3 un,https://www.continente.pt/produto/recarga-escova-de-dentes-eletrica-kids-spider-man-e-frozen-3-anos-oral-b-7834883.html,higiene-beleza,2025-04-21,Continente
Gel de Banho Men Extra Fresh,4399119,4.99,"€12,48/lt",Dove,Beleza e Higiene/Homem/Gel de Banho,https://www.continente.pt/dw/image/v2/BDVS_PRD/on/demandware.static/-/Sites-col-master-catalog/default/dwc2a4fcc1/images/col/439/4399119-hero.jpg?sw=280&sh=280,emb. 400 ml,https://www.continente.pt/produto/gel-de-banho-men-extra-fresh-dove-4399119.html,higiene-beleza,2025-04-21,Continente
Desodorizante Roll On Invisible Black & White Clothes,5325651,2.36,"€47,20/lt",Rexona,Beleza e Higiene/Corpo/Desodorizantes,https://www.continente.pt/dw/image/v2/BDVS_PRD/on/demandware.static/-/Sites-col-master-catalog/default/dwf036780f/images/col/532/5325651-hero.jpg?sw=280&sh=280,emb. 50 ml,https://www.continente.pt/produto/desodorizante-roll-on-invisible-black-white-clothes-rexona-5325651.html,higiene-beleza,2025-04-21,Continente
Elixir Bucal Tripla Ação,5496339,3.74,"€7,48/lt",Colgate,Beleza e Higiene/Higiene Oral/Elixires Bucais,https://www.continente.pt/dw/image/v2/BDVS_PRD/on/demandware.static/-/Sites-col-master-catalog/default/dwb8d90bd5/images/col/549/5496339-frente.jpg?sw=280&sh=280,emb. 500 ml,https://www.continente.pt/produto/elixir-bucal-tripla-acao-colgate-5496339.html,higiene-beleza,2025-04-21,Continente
Toalhitas Bebé Sensitive,4999886,5.99,"€0,03/un",Dodot,Bebé/Fraldas e Toalhitas/Toalhitas,https://www.continente.pt/dw/image/v2/BDVS_PRD/on/demandware.static/-/Sites-col-master-catalog/default/dwa032eeba/images/col/499/4999886-hero.jpg?sw=280&sh=280,emb. 216 un (4 x 54 un),https://www.continente.pt/produto/toalhitas-bebe-sensitive-dodot-4999886.html,higiene-beleza,2025-04-21,Continente
Desodorizante Spray Men Black & White,4630089,2.81,"€18,73/lt",Nivea,Beleza e Higiene/Homem/Desodorizantes,https://www.continente.pt/dw/image/v2/BDVS_PRD/on/demandware.static/-/Sites-col-master-catalog/default/dw878725a9/images/col/463/4630089-hero.jpg?sw=280&sh=280,emb. 150 ml,https://www.continente.pt/produto/desodorizante-spray-men-black-white-nivea-4630089.html,higiene-beleza,2025-04-21,Continente
Máscara de Sobrancelhas Express Brow Fast Sculpt 04,7889233,5.99,"€5,99/un",Maybelline New York,Beleza e Higiene/Maquilhagem/Olhos,https://www.continente.pt/dw/image/v2/BDVS_PRD/on/demandware.static/-/Sites-col-master-catalog/default/dwf5e8c4ef/images/col/788/7889233-frente.jpg?sw=280&sh=280,emb. 1 un,https://www.continente.pt/produto/mascara-de-sobrancelhas-express-brow-fast-sculpt-04-maybelline-new-york-7889233.html,higiene-beleza,2025-04-21,Continente
Pensos Higiénicos Cottonlike Noite com Abas,8388268,5.9,"€0,23/un",Evax,Beleza e Higiene/Higiene Íntima/Pensos e Cuecas Menstruais,https://www.continente.pt/dw/image/v2/BDVS_PRD/on/demandware.static/-/Sites-col-master-catalog/default/dwe0fe1d8d/images/col/838/8388268-hero.png?sw=280&sh=280,emb. 21 un + 5 un GRÁTIS,https://www.continente.pt/produto/pensos-higienicos-cottonlike-noite-com-abas-evax-8388268.html,higiene-beleza,2025-04-21,Continente
Desodorizante Roll On Advanced Original,7734180,4.99,"€99,80/lt",Dove,Beleza e Higiene/Corpo/Desodorizantes,https://www.continente.pt/dw/image/v2/BDVS_PRD/on/demandware.static/-/Sites-col-master-catalog/default/dwf6346de9/images/col/773/7734180-hero.jpg?sw=280&sh=280,emb. 50 ml,https://www.continente.pt/produto/desodorizante-roll-on-advanced-original-dove-7734180.html,higiene-beleza,2025-04-21,Continente
Creme de Barbear Sensitive,2304802,3.49,"€34,90/lt",Palmolive,Beleza e Higiene/Homem/Barba,https://www.continente.pt/dw/image/v2/BDVS_PRD/on/demandware.static/-/Sites-col-master-catalog/default/dw319f9d9e/images/col/230/2304802-frente-1.jpg?sw=280&sh=280,emb. 100 ml,https://www.continente.pt/produto/creme-de-barbear-sensitive-palmolive-2304802.html,higiene-beleza,2025-04-21,Continente
Bálsamo de Limpeza Radiance,7983866,18.9,"€18,90/un",Beauty of Joseon,Beleza e Higiene/Rosto/Limpeza,https://www.continente.pt/dw/image/v2/BDVS_PRD/on/demandware.static/-/Sites-col-master-catalog/default/dw9b88b1d0/images/col/798/7983866-frente.jpg?sw=280&sh=280,emb. 100 ml,https://www.continente.pt/produto/balsamo-de-limpeza-radiance-beauty-of-joseon-7983866.html,higiene-beleza,2025-04-21,Continente
Cuecas Menstruais Expert para Fluxo Abundante S,7897887,19.9,"€19,90/un",Dim,Beleza e Higiene/Higiene Íntima/Pensos e Cuecas Menstruais,https://www.continente.pt/dw/image/v2/BDVS_PRD/on/demandware.static/-/Sites-col-master-catalog/default/dw184f1768/images/col/789/7897887-frente.jpg?sw=280&sh=280,emb. 1 un,https://www.continente.pt/produto/cuecas-menstruais-expert-para-fluxo-abundante-s-dim-7897887.html,higiene-beleza,2025-04-21,Continente
Gel de Banho Leite e Mel,8095550,1.39,"€1,85/lt",MyLabel,Beleza e Higiene/Corpo/Gel de Banho,https://www.continente.pt/dw/image/v2/BDVS_PRD/on/demandware.static/-/Sites-col-master-catalog/default/dw5e98e0c2/images/col/809/8095550-frente.jpg?sw=280&sh=280,emb. 750 ml,https://www.continente.pt/produto/gel-de-banho-leite-e-mel-mylabel-8095550.html,higiene-beleza,2025-04-21,Continente
Álcool Etílico 96% Volume,2060597,0.95,"€3,80/lt",Continente,Beleza e Higiene/Lenços e Cuidados de Saúde/Cuidados de Saúde,https://www.continente.pt/dw/image/v2/BDVS_PRD/on/demandware.static/-/Sites-col-master-catalog/default/dw4375668f/images/col/206/2060597-frente.jpg?sw=280&sh=280,emb. 250 ml,https://www.continente.pt/produto/alcool-etilico-96--volume-continente-2060597.html,higiene-beleza,2025-04-21,Continente
Sabonete Sólido Naturals Amêndoas Delicate Care,4797904,3.59,"€9,97/kg",Palmolive,Beleza e Higiene/Corpo/Sabonetes,https://www.continente.pt/dw/image/v2/BDVS_PRD/on/demandware.static/-/Sites-col-master-catalog/default/dwc9d42c06/images/col/479/4797904-frente-1.jpg?sw=280&sh=280,emb. 4 x 90 gr,https://www.continente.pt/produto/sabonete-solido-naturals-amendoas-delicate-care-palmolive-4797904.html,higiene-beleza,2025-04-21,Continente
Sabonete Líquido Coco e Mel,8110537,1.29,"€2,58/lt",MyLabel,Beleza e Higiene/Corpo/Sabonetes,https://www.continente.pt/dw/image/v2/BDVS_PRD/on/demandware.static/-/Sites-col-master-catalog/default/dwdb69aecc/images/col/811/8110537-frente.png?sw=280&sh=280,emb. 500 ml,https://www.continente.pt/produto/sabonete-liquido-coco-e-mel-mylabel-8110537.html,higiene-beleza,2025-04-21,Continente
Lenços Faciais 3 Folhas 100% Recycled,7209838,1.19,"€0,02/un",Renova,Beleza e Higiene/Lenços e Cuidados de Saúde/Lenços de Papel,https://www.continente.pt/dw/image/v2/BDVS_PRD/on/demandware.static/-/Sites-col-master-catalog/default/dw065cf0b6/images/col/720/7209838-frente.jpg?sw=280&sh=280,emb. 72 un,https://www.continente.pt/produto/lencos-faciais-3-folhas-100--recycled-renova-7209838.html,higiene-beleza,2025-04-21,Continente
Creme de Olhos Revitalift Filler,7271619,18.19,"€1,212,67/lt",LOréal Paris,Beleza e Higiene/Rosto/Antirrugas e Refirmantes,https://www.continente.pt/dw/image/v2/BDVS_PRD/on/demandware.static/-/Sites-col-master-catalog/default/dw39b65e51/images/col/727/7271619-frente.jpg?sw=280&sh=280,emb. 15 ml,https://www.continente.pt/produto/creme-de-olhos-revitalift-filler-loreal-paris-7271619.html,higiene-beleza,2025-04-21,Continente
Elixir Bucal Suave Dentes e Gengivas,7402303,9.99,"€9,99/lt",Listerine,Beleza e Higiene/Higiene Oral/Elixires Bucais,https://www.continente.pt/dw/image/v2/BDVS_PRD/on/demandware.static/-/Sites-col-master-catalog/default/dw484c679f/images/col/740/7402303-frente.jpg?sw=280&sh=280,emb. 1 lt,https://www.continente.pt/produto/elixir-bucal-suave-dentes-e-gengivas-listerine-7402303.html,higiene-beleza,2025-04-21,Continente
Desodorizante Roll On Men Expert Shirt Protect,7927044,6.74,"€44,93/lt",LOréal Paris,Beleza e Higiene/Homem/Desodorizantes,https://www.continente.pt/dw/image/v2/BDVS_PRD/on/demandware.static/-/Sites-col-master-catalog/default/dw63d42ffe/images/col/792/7927044-hero.png?sw=280&sh=280,emb. 3 x 50 ml,https://www.continente.pt/produto/desodorizante-roll-on-men-expert-shirt-protect-loreal-paris-7927044.html,higiene-beleza,2025-04-21,Continente
Champô Pro-V Active Nutri-Plex Anticaspa,8154189,9.48,"€11,85/lt",Pantene,Beleza e Higiene/Cabelo/Champôs,https://www.continente.pt/dw/image/v2/BDVS_PRD/on/demandware.static/-/Sites-col-master-catalog/default/dw218a8d97/images/col/815/8154189-hero.png?sw=280&sh=280,emb. 800 ml,https://www.continente.pt/produto/champo-pro-v-active-nutri-plex-anticaspa-pantene-8154189.html,higiene-beleza,2025-04-21,Continente
Desodorizante Roll On Dark Temptation,4055200,2.99,"€59,80/lt",Axe,Beleza e Higiene/Homem/Desodorizantes,https://www.continente.pt/dw/image/v2/BDVS_PRD/on/demandware.static/-/Sites-col-master-catalog/default/dwa42c2f24/images/col/405/4055200-hero.jpg?sw=280&sh=280,emb. 50 ml,https://www.continente.pt/produto/desodorizante-roll-on-dark-temptation-axe-4055200.html,higiene-beleza,2025-04-21,Continente
Desodorizante Spray Apollo Dry,5012063,3.59,"€23,93/lt",Axe,Beleza e Higiene/Homem/Desodorizantes,https://www.continente.pt/dw/image/v2/BDVS_PRD/on/demandware.static/-/Sites-col-master-catalog/default/dw16f8266e/images/col/501/5012063-hero.jpg?sw=280&sh=280,emb. 150 ml,https://www.continente.pt/produto/desodorizante-spray-apollo-dry-axe-5012063.html,higiene-beleza,2025-04-21,Continente
Pasta de Dentes Proteção Total Original,6818252,2.89,"€38,53/lt",Colgate,Beleza e Higiene/Higiene Oral/Pastas de Dentes,https://www.continente.pt/dw/image/v2/BDVS_PRD/on/demandware.static/-/Sites-col-master-catalog/default/dwfbdf5f9f/images/col/681/6818252-frente-1.png?sw=280&sh=280,emb. 75 ml,https://www.continente.pt/produto/pasta-de-dentes-protecao-total-original-colgate-6818252.html,higiene-beleza,2025-04-21,Continente
Gel de Banho Multifrutos,8095597,1.05,"€1,05/lt",MyLabel,Beleza e Higiene/Corpo/Gel de Banho,https://www.continente.pt/dw/image/v2/BDVS_PRD/on/demandware.static/-/Sites-col-master-catalog/default/dw9e427d53/images/col/809/8095597-frente.png?sw=280&sh=280,emb. 1 lt,https://www.continente.pt/produto/gel-de-banho-multifrutos-mylabel-8095597.html,higiene-beleza,2025-04-21,Continente
Pensos Diários Salvaslip Maxi,4212330,4.99,"€0,07/un",Evax,Beleza e Higiene/Higiene Íntima/Pensos Diários,https://www.continente.pt/dw/image/v2/BDVS_PRD/on/demandware.static/-/Sites-col-master-catalog/default/dwb64bbeaf/images/col/421/4212330-hero.jpg?sw=280&sh=280,emb. 72 un,https://www.continente.pt/produto/pensos-diarios-salvaslip-maxi-evax-4212330.html,higiene-beleza,2025-04-21,Continente
Desodorizante Roll On Narta Invisível,3725032,2.69,"€53,80/lt",Garnier,Beleza e Higiene/Corpo/Desodorizantes,https://www.continente.pt/dw/image/v2/BDVS_PRD/on/demandware.static/-/Sites-col-master-catalog/default/dwe914737d/images/col/372/3725032-hero.jpg?sw=280&sh=280,emb. 50 ml,https://www.continente.pt/produto/desodorizante-roll-on-narta-invisivel-garnier-3725032.html,higiene-beleza,2025-04-21,Continente
Recarga Escova de Dentes Elétrica iO Ultimate Clean,7852299,16.99,"€8,49/un",Oral-B,Beleza e Higiene/Higiene Oral/Escovas de Dentes,https://www.continente.pt/dw/image/v2/BDVS_PRD/on/demandware.static/-/Sites-col-master-catalog/default/dw841e66cb/images/col/785/7852299-hero.png?sw=280&sh=280,emb. 2 un,https://www.continente.pt/produto/recarga-escova-de-dentes-eletrica-io-ultimate-clean-oral-b-7852299.html,higiene-beleza,2025-04-21,Continente
Pasta de Dentes Júnior Proteção Total 7 a 12 Anos,7432943,2.61,"€52,20/lt",Colgate,Beleza e Higiene/Higiene Oral/Higiene Oral Infantil,https://www.continente.pt/dw/image/v2/BDVS_PRD/on/demandware.static/-/Sites-col-master-catalog/default/dw33a22e6e/images/col/743/7432943-hero.png?sw=280&sh=280,emb. 50 ml,https://www.continente.pt/produto/pasta-de-dentes-junior-protecao-total-7-a-12-anos-colgate-7432943.html,higiene-beleza,2025-04-21,Continente
Pasta de Dentes Júnior + 7 Anos,4133626,2.24,"€44,80/lt",Aquafresh,Beleza e Higiene/Higiene Oral/Higiene Oral Infantil,https://www.continente.pt/dw/image/v2/BDVS_PRD/on/demandware.static/-/Sites-col-master-catalog/default/dw91e0fb0a/images/col/413/4133626-frente.png?sw=280&sh=280,emb. 50 ml,https://www.continente.pt/produto/pasta-de-dentes-junior-7-anos-aquafresh-4133626.html,higiene-beleza,2025-04-21,Continente
Gel de Banho Ice Chill,6837237,3.65,"€9,12/lt",Axe,Beleza e Higiene/Homem/Gel de Banho,https://www.continente.pt/dw/image/v2/BDVS_PRD/on/demandware.static/-/Sites-col-master-catalog/default/dwd82543e2/images/col/683/6837237-hero.jpg?sw=280&sh=280,emb. 400 ml,https://www.continente.pt/produto/gel-de-banho-ice-chill-axe-6837237.html,higiene-beleza,2025-04-21,Continente
Lenços de Bolso Compacto,7415775,0.89,"€0,15/un",Colhogar,Beleza e Higiene/Lenços e Cuidados de Saúde/Lenços de Papel,https://www.continente.pt/dw/image/v2/BDVS_PRD/on/demandware.static/-/Sites-col-master-catalog/default/dwb42f7987/images/col/741/7415775-hero.png?sw=280&sh=280,emb. 6 un,https://www.continente.pt/produto/lencos-de-bolso-compacto-colhogar-7415775.html,higiene-beleza,2025-04-21,Continente
Toalhitas Bebé Biodegradáveis,7666988,3.5,"€0,02/un",Nunex,Bebé/Fraldas e Toalhitas/Toalhitas,https://www.continente.pt/dw/image/v2/BDVS_PRD/on/demandware.static/-/Sites-col-master-catalog/default/dw9910f88d/images/col/766/7666988-frente.jpg?sw=280&sh=280,emb. 162 un (3 x 54 un),https://www.continente.pt/produto/toalhitas-bebe-biodegradaveis-nunex-7666988.html,higiene-beleza,2025-04-21,Continente
Pasta de Dentes Intense Fresh,6298347,3.49,"€23,27/lt",Aquafresh,Beleza e Higiene/Higiene Oral/Pastas de Dentes,https://www.continente.pt/dw/image/v2/BDVS_PRD/on/demandware.static/-/Sites-col-master-catalog/default/dwc29245b7/images/col/629/6298347-frente.jpg?sw=280&sh=280,emb. 2 x 75 ml,https://www.continente.pt/produto/pasta-de-dentes-intense-fresh-aquafresh-6298347.html,higiene-beleza,2025-04-21,Continente
Pensos Higiénicos Comfort Normal com Abas,7453899,2.29,"€0,07/un",Continente,Beleza e Higiene/Higiene Íntima/Pensos e Cuecas Menstruais,https://www.continente.pt/dw/image/v2/BDVS_PRD/on/demandware.static/-/Sites-col-master-catalog/default/dw13cc047e/images/col/745/7453899-hero.jpg?sw=280&sh=280,emb. 32 un,https://www.continente.pt/produto/pensos-higienicos-comfort-normal-com-abas-continente-7453899.html,higiene-beleza,2025-04-21,Continente
Pastilhas Limpeza de Próteses Dentárias Oxigénio Ativo,4954980,5.99,"€0,12/un",Polident,Beleza e Higiene/Higiene Oral/Cuidados para Próteses,https://www.continente.pt/dw/image/v2/BDVS_PRD/on/demandware.static/-/Sites-col-master-catalog/default/dwe5b6a7ca/images/col/495/4954980-frente.jpg?sw=280&sh=280,emb. 48 un,https://www.continente.pt/produto/pastilhas-limpeza-de-proteses-dentarias-oxigenio-ativo-polident-4954980.html,higiene-beleza,2025-04-21,Continente
Tampão com Aplicador Pearl Compak Super Plus,8388454,7.99,"€0,22/un",Tampax,Beleza e Higiene/Higiene Íntima/Tampões,https://www.continente.pt/dw/image/v2/BDVS_PRD/on/demandware.static/-/Sites-col-master-catalog/default/dwc10f10ba/images/col/838/8388454-hero.png?sw=280&sh=280,emb. 36 un,https://www.continente.pt/produto/tampao-com-aplicador-pearl-compak-super-plus-tampax-8388454.html,higiene-beleza,2025-04-21,Continente
Sabonete Sólido Original,4797879,1.2,"€13,33/kg",Palmolive,Beleza e Higiene/Corpo/Sabonetes,https://www.continente.pt/dw/image/v2/BDVS_PRD/on/demandware.static/-/Sites-col-master-catalog/default/dweb15af15/images/col/479/4797879-frente.jpg?sw=280&sh=280,emb. 90 gr,https://www.continente.pt/produto/sabonete-solido-original-palmolive-4797879.html,higiene-beleza,2025-04-21,Continente
Pasta de Dentes Sensibilidade Multiprotection,5119522,3.96,"€52,80/lt",Sensodyne,Beleza e Higiene/Higiene Oral/Pastas de Dentes,https://www.continente.pt/dw/image/v2/BDVS_PRD/on/demandware.static/-/Sites-col-master-catalog/default/dwb5520b74/images/col/511/5119522-frente.jpg?sw=280&sh=280,emb. 75 ml,https://www.continente.pt/produto/pasta-de-dentes-sensibilidade-multiprotection-sensodyne-5119522.html,higiene-beleza,2025-04-21,Continente
Lenços Faciais 3 Folhas Active Mini,2056581,0.69,"€0,02/un",Renova,Beleza e Higiene/Lenços e Cuidados de Saúde/Lenços de Papel,https://www.continente.pt/dw/image/v2/BDVS_PRD/on/demandware.static/-/Sites-col-master-catalog/default/dw35c60f5e/images/col/205/2056581-frente.jpg?sw=280&sh=280,emb. 46 un,https://www.continente.pt/produto/lencos-faciais-3-folhas-active-mini-renova-2056581.html,higiene-beleza,2025-04-21,Continente
Pasta de Dentes Max Fresh,8069002,3.89,"€25,93/lt",Colgate,Beleza e Higiene/Higiene Oral/Pastas de Dentes,https://www.continente.pt/dw/image/v2/BDVS_PRD/on/demandware.static/-/Sites-col-master-catalog/default/dwf389ba1a/images/col/806/8069002-frente-1.png?sw=280&sh=280,emb. 150 ml,https://www.continente.pt/produto/pasta-de-dentes-max-fresh-colgate-8069002.html,higiene-beleza,2025-04-21,Continente
Sabonete Líquido Eco Recarga Protect & Care,7501468,3.17,"€6,34/lt",Dove,Beleza e Higiene/Corpo/Sabonetes,https://www.continente.pt/dw/image/v2/BDVS_PRD/on/demandware.static/-/Sites-col-master-catalog/default/dwe96d4f12/images/col/750/7501468-frente.jpg?sw=280&sh=280,emb. 500 ml,https://www.continente.pt/produto/sabonete-liquido-eco-recarga-protect-care-dove-7501468.html,higiene-beleza,2025-04-21,Continente
Desodorizante Roll On Dry Comfort,2055151,2.69,"€53,80/lt",Nivea,Beleza e Higiene/Corpo/Desodorizantes,https://www.continente.pt/dw/image/v2/BDVS_PRD/on/demandware.static/-/Sites-col-master-catalog/default/dw75249011/images/col/205/2055151-hero.jpg?sw=280&sh=280,emb. 50 ml,https://www.continente.pt/produto/desodorizante-roll-on-dry-comfort-nivea-2055151.html,higiene-beleza,2025-04-21,Continente
Desodorizante Spray Talc Soft 72H,7755315,5.99,"€39,93/lt",Dove,Beleza e Higiene/Corpo/Desodorizantes,https://www.continente.pt/dw/image/v2/BDVS_PRD/on/demandware.static/-/Sites-col-master-catalog/default/dw9a0a7f86/images/col/775/7755315-hero.jpg?sw=280&sh=280,emb. 150 ml,https://www.continente.pt/produto/desodorizante-spray-talc-soft-72h-dove-7755315.html,higiene-beleza,2025-04-21,Continente
Creme de Rosto Noite Cellular Luminous 630 Antimanchas Anti-Idade 30+,7456785,17.54,"€1,169,33/lt",Nivea,Beleza e Higiene/Rosto/Antirrugas e Refirmantes,https://www.continente.pt/dw/image/v2/BDVS_PRD/on/demandware.static/-/Sites-col-master-catalog/default/dwf33b83ed/images/col/745/7456785-hero.jpg?sw=280&sh=280,emb. 50 ml,https://www.continente.pt/produto/creme-de-rosto-noite-cellular-luminous-630-antimanchas-anti-idade-30-nivea-7456785.html,higiene-beleza,2025-04-21,Continente
Gel de Banho Coco,7683206,5.06,"€3,75/lt",Natural Honey,Beleza e Higiene/Corpo/Gel de Banho,https://www.continente.pt/dw/image/v2/BDVS_PRD/on/demandware.static/-/Sites-col-master-catalog/default/dw87f53826/images/col/768/7683206-frente.jpg?sw=280&sh=280,"emb. 1,35 lt",https://www.continente.pt/produto/gel-de-banho-coco-natural-honey-7683206.html,higiene-beleza,2025-04-21,Continente
Pensos Diários Maxi,4291198,3.74,"€0,06/un",Carefree,Beleza e Higiene/Higiene Íntima/Pensos Diários,https://www.continente.pt/dw/image/v2/BDVS_PRD/on/demandware.static/-/Sites-col-master-catalog/default/dwb5d7810a/images/col/429/4291198-hero.jpg?sw=280&sh=280,emb. 64 un,https://www.continente.pt/produto/pensos-diarios-maxi-carefree-4291198.html,higiene-beleza,2025-04-21,Continente
Gel de Banho Camomila e Mel,7994726,3.95,"€3,95/lt",Vaseline,Beleza e Higiene/Corpo/Gel de Banho,https://www.continente.pt/dw/image/v2/BDVS_PRD/on/demandware.static/-/Sites-col-master-catalog/default/dw0914b45a/images/col/799/7994726-hero.png?sw=280&sh=280,emb. 1 lt,https://www.continente.pt/produto/gel-de-banho-camomila-e-mel-vaseline-7994726.html,higiene-beleza,2025-04-21,Continente
Sabonete Líquido Cremoso,8203967,1.49,"€1,49/lt",MyLabel,Beleza e Higiene/Corpo/Sabonetes,https://www.continente.pt/dw/image/v2/BDVS_PRD/on/demandware.static/-/Sites-col-master-catalog/default/dwe5750935/images/col/820/8203967-hero.jpg?sw=280&sh=280,emb. 1 lt,https://www.continente.pt/produto/sabonete-liquido-cremoso-mylabel-8203967.html,higiene-beleza,2025-04-21,Continente
Pasta de Dentes Max White One,6292467,4.99,"€33,27/lt",Colgate,Beleza e Higiene/Higiene Oral/Pastas de Dentes,https://www.continente.pt/dw/image/v2/BDVS_PRD/on/demandware.static/-/Sites-col-master-catalog/default/dw0497df3a/images/col/629/6292467-frente-1.png?sw=280&sh=280,emb. 2 x 75 ml,https://www.continente.pt/produto/pasta-de-dentes-max-white-one-colgate-6292467.html,higiene-beleza,2025-04-21,Continente
Pensos Incontinência Discreet Maxi,4490014,6.36,"€0,53/un",Tena,Beleza e Higiene/Higiene Íntima/Incontinência/Pensos Incontinência,https://www.continente.pt/dw/image/v2/BDVS_PRD/on/demandware.static/-/Sites-col-master-catalog/default/dw4a70ccf1/images/col/449/4490014-hero.png?sw=280&sh=280,emb. 12 un,https://www.continente.pt/produto/pensos-incontinencia-discreet-maxi-tena-4490014.html,higiene-beleza,2025-04-21,Continente
Gel de Banho Lúcia-Lima Limão,7994728,3.95,"€3,95/lt",Vaseline,Beleza e Higiene/Corpo/Gel de Banho,https://www.continente.pt/dw/image/v2/BDVS_PRD/on/demandware.static/-/Sites-col-master-catalog/default/dw468b65e1/images/col/799/7994728-hero.png?sw=280&sh=280,emb. 1 lt,https://www.continente.pt/produto/gel-de-banho-lucia-lima%C2%A0limao-vaseline-7994728.html,higiene-beleza,2025-04-21,Continente
Pensos Higiénicos Cottonlike Super Plus com Abas,4062420,4.24,"€0,21/un",Evax,Beleza e Higiene/Higiene Íntima/Pensos e Cuecas Menstruais,https://www.continente.pt/dw/image/v2/BDVS_PRD/on/demandware.static/-/Sites-col-master-catalog/default/dw2d73e3cc/images/col/406/4062420-hero.jpg?sw=280&sh=280,emb. 20 un,https://www.continente.pt/produto/pensos-higienicos-cottonlike-super-plus-com-abas-evax-4062420.html,higiene-beleza,2025-04-21,Continente
Desodorizante Roll On Açaí Berry 72H,7790032,4.99,"€99,80/lt",Dove,Beleza e Higiene/Corpo/Desodorizantes,https://www.continente.pt/dw/image/v2/BDVS_PRD/on/demandware.static/-/Sites-col-master-catalog/default/dwf2d9ab17/images/col/779/7790032-hero.jpg?sw=280&sh=280,emb. 50 ml,https://www.continente.pt/produto/desodorizante-roll-on-acai-berry-72h-dove-7790032.html,higiene-beleza,2025-04-21,Continente
Desodorizante Spray Invisible Pure 72H,7739222,3.29,"€16,45/lt",Rexona,Beleza e Higiene/Corpo/Desodorizantes,https://www.continente.pt/dw/image/v2/BDVS_PRD/on/demandware.static/-/Sites-col-master-catalog/default/dw3a39c5ba/images/col/773/7739222-hero.jpg?sw=280&sh=280,emb. 200 ml,https://www.continente.pt/produto/desodorizante-spray-invisible-pure-72h-rexona-7739222.html,higiene-beleza,2025-04-21,Continente
Sabonete Líquido Neutro,8110528,0.89,"€1,78/lt",MyLabel,Beleza e Higiene/Corpo/Sabonetes,https://www.continente.pt/dw/image/v2/BDVS_PRD/on/demandware.static/-/Sites-col-master-catalog/default/dw004951fe/images/col/811/8110528-frente.jpg?sw=280&sh=280,emb. 500 ml,https://www.continente.pt/produto/sabonete-liquido-neutro-mylabel-8110528.html,higiene-beleza,2025-04-21,Continente
Sabonete Líquido Eco Recarga Fresh Touch,4894130,3.17,"€6,34/lt",Dove,Beleza e Higiene/Corpo/Sabonetes,https://www.continente.pt/dw/image/v2/BDVS_PRD/on/demandware.static/-/Sites-col-master-catalog/default/dw0783d8e5/images/col/489/4894130-frente.jpg?sw=280&sh=280,emb. 500 ml,https://www.continente.pt/produto/sabonete-liquido-eco-recarga-fresh-touch-dove-4894130.html,higiene-beleza,2025-04-21,Continente
Lenços de Bolso,7703745,1.49,"€0,15/un",Continente Eco,Beleza e Higiene/Lenços e Cuidados de Saúde/Lenços de Papel,https://www.continente.pt/dw/image/v2/BDVS_PRD/on/demandware.static/-/Sites-col-master-catalog/default/dwf5da95a0/images/col/770/7703745-frente.jpg?sw=280&sh=280,emb. 10 un,https://www.continente.pt/produto/lencos-de-bolso-continente-eco-7703745.html,higiene-beleza,2025-04-21,Continente
Compressas de Algodão Orgânico 10 x 10 cm,7995883,1.89,"€0,02/un",Continente do Bebé,Bebé/Banho e Higiene/Saúde e Bem-Estar,https://www.continente.pt/dw/image/v2/BDVS_PRD/on/demandware.static/-/Sites-col-master-catalog/default/dwb72b1f83/images/col/799/7995883-frente.png?sw=280&sh=280,emb. 100 un,https://www.continente.pt/produto/compressas-de-algodao-organico-10-x-10-cm-continente-do-bebe-7995883.html,higiene-beleza,2025-04-21,Continente
Desodorizante Spray Fresh Ice Chill,6836888,3.29,"€21,93/lt",Axe,Beleza e Higiene/Homem/Desodorizantes,https://www.continente.pt/dw/image/v2/BDVS_PRD/on/demandware.static/-/Sites-col-master-catalog/default/dwc2e3028b/images/col/683/6836888-hero.jpg?sw=280&sh=280,emb. 150 ml,https://www.continente.pt/produto/desodorizante-spray-fresh-ice-chill-axe-6836888.html,higiene-beleza,2025-04-21,Continente
Desodorizante Spray Men Expert Shirt Protect,8141078,7.18,"€7,18/un",LOréal Paris,Beleza e Higiene/Homem/Desodorizantes,https://www.continente.pt/dw/image/v2/BDVS_PRD/on/demandware.static/-/Sites-col-master-catalog/default/dw1712e638/images/col/814/8141078-hero.png?sw=280&sh=280,emb. 3 x 150 ml,https://www.continente.pt/produto/desodorizante-spray-men-expert-shirt-protect-loreal-paris-8141078.html,higiene-beleza,2025-04-21,Continente
Papel Higiénico 3 Folhas Love the Bee,8093466,5.69,"€0,47/un",Foxy,"Beleza e Higiene/Papel Higiénico/Papel Higiénico 3, 4 e 5 Folhas",https://www.continente.pt/dw/image/v2/BDVS_PRD/on/demandware.static/-/Sites-col-master-catalog/default/dw6e278233/images/col/809/8093466-frente.png?sw=280&sh=280,emb. 12 un,https://www.continente.pt/produto/papel-higienico-3-folhas-love-the-bee-foxy-8093466.html,higiene-beleza,2025-04-21,Continente
Gel de Banho Naturals Amêndoa e Leite,6506911,2.69,"€5,38/lt",Palmolive,Beleza e Higiene/Corpo/Gel de Banho,https://www.continente.pt/dw/image/v2/BDVS_PRD/on/demandware.static/-/Sites-col-master-catalog/default/dw1c6de0ba/images/col/650/6506911-frente-1.jpg?sw=280&sh=280,emb. 500 ml,https://www.continente.pt/produto/gel-de-banho-naturals-amendoa-e-leite-palmolive-6506911.html,higiene-beleza,2025-04-21,Continente
Desodorizante Roll-On Fresh,8017726,2.69,"€53,80/lt",Dove,Beleza e Higiene/Corpo/Desodorizantes,https://www.continente.pt/dw/image/v2/BDVS_PRD/on/demandware.static/-/Sites-col-master-catalog/default/dw3d17a5ef/images/col/801/8017726-hero.png?sw=280&sh=280,emb. 50 ml,https://www.continente.pt/produto/desodorizante-roll-on-fresh-dove-8017726.html,higiene-beleza,2025-04-21,Continente
Pasta de Dentes Branqueadora,7508086,1.39,"€11,12/lt",Continente,Beleza e Higiene/Higiene Oral/Pastas de Dentes,https://www.continente.pt/dw/image/v2/BDVS_PRD/on/demandware.static/-/Sites-col-master-catalog/default/dw6d3b838d/images/col/750/7508086-frente.jpg?sw=280&sh=280,emb. 125 ml,https://www.continente.pt/produto/pasta-de-dentes-branqueadora-continente-7508086.html,higiene-beleza,2025-04-21,Continente
Gel de Banho Advanced Care Nourishing Silk,8063139,4.37,"€7,28/lt",Dove,Beleza e Higiene/Corpo/Gel de Banho,https://www.continente.pt/dw/image/v2/BDVS_PRD/on/demandware.static/-/Sites-col-master-catalog/default/dwa0c18e6c/images/col/806/8063139-hero.jpg?sw=280&sh=280,emb. 600 ml,https://www.continente.pt/produto/gel-de-banho-advanced-care-nourishing-silk-dove-8063139.html,higiene-beleza,2025-04-21,Continente
Champô Pro-V Active Nutri-Plex Repara e Protege,8154014,5.99,"€11,98/lt",Pantene,Beleza e Higiene/Cabelo/Champôs,https://www.continente.pt/dw/image/v2/BDVS_PRD/on/demandware.static/-/Sites-col-master-catalog/default/dw8fe52071/images/col/815/8154014-hero.png?sw=280&sh=280,emb. 500 ml,https://www.continente.pt/produto/champo-pro-v-active-nutri-plex-repara-e-protege-pantene-8154014.html,higiene-beleza,2025-04-21,Continente
Desodorizante Roll-On Men Fresh,7968831,2.63,"€52,60/lt",Dove,Beleza e Higiene/Homem/Desodorizantes,https://www.continente.pt/dw/image/v2/BDVS_PRD/on/demandware.static/-/Sites-col-master-catalog/default/dw154c4dfb/images/col/796/7968831-hero.png?sw=280&sh=280,emb. 50 ml,https://www.continente.pt/produto/desodorizante-roll-on-men-fresh-dove-7968831.html,higiene-beleza,2025-04-21,Continente
Pensos Diários Daily Comfort Normal Tanga,7461580,1.19,"€0,03/un",Continente,Beleza e Higiene/Higiene Íntima/Pensos Diários,https://www.continente.pt/dw/image/v2/BDVS_PRD/on/demandware.static/-/Sites-col-master-catalog/default/dwd3b8e567/images/col/746/7461580-hero.jpg?sw=280&sh=280,emb. 36 un,https://www.continente.pt/produto/pensos-diarios-daily-comfort-normal-tanga-continente-7461580.html,higiene-beleza,2025-04-21,Continente
Gel de Banho Men Deep,6553260,7.49,"€14,98/lt",Nivea,Beleza e Higiene/Homem/Gel de Banho,https://www.continente.pt/dw/image/v2/BDVS_PRD/on/demandware.static/-/Sites-col-master-catalog/default/dw337272bc/images/col/655/6553260-hero.jpg?sw=280&sh=280,emb. 500 ml,https://www.continente.pt/produto/gel-de-banho-men-deep-nivea-6553260.html,higiene-beleza,2025-04-21,Continente
Elixir Bucal Total Care,8083439,1.49,"€1,49/un",Continente,Beleza e Higiene/Higiene Oral/Elixires Bucais,https://www.continente.pt/dw/image/v2/BDVS_PRD/on/demandware.static/-/Sites-col-master-catalog/default/dwa02f0a76/images/col/808/8083439-frente.png?sw=280&sh=280,emb. 500 ml,https://www.continente.pt/produto/elixir-bucal-total-care-continente-8083439.html,higiene-beleza,2025-04-21,Continente
Gel de Banho Apollo,5012068,3.89,"€9,72/lt",Axe,Beleza e Higiene/Homem/Gel de Banho,https://www.continente.pt/dw/image/v2/BDVS_PRD/on/demandware.static/-/Sites-col-master-catalog/default/dw3daa5b35/images/col/501/5012068-frente.jpg?sw=280&sh=280,emb. 400 ml,https://www.continente.pt/produto/gel-de-banho-apollo-axe-5012068.html,higiene-beleza,2025-04-21,Continente
Desodorizante Roll On Invisible 0% Alumínio,7943952,2.69,"€53,80/lt",Dove,Beleza e Higiene/Corpo/Desodorizantes,https://www.continente.pt/dw/image/v2/BDVS_PRD/on/demandware.static/-/Sites-col-master-catalog/default/dwa311dbca/images/col/794/7943952-hero.png?sw=280&sh=280,emb. 50 ml,https://www.continente.pt/produto/desodorizante-roll-on-invisible-0--aluminio-dove-7943952.html,higiene-beleza,2025-04-21,Continente
Fio Dentário Expansivo 50 m,2688749,2.99,"€2,99/un",Sensodyne,Beleza e Higiene/Higiene Oral/Fio e Fita Dentária,https://www.continente.pt/dw/image/v2/BDVS_PRD/on/demandware.static/-/Sites-col-master-catalog/default/dwb8c6dbbc/images/col/268/2688749-frente.jpg?sw=280&sh=280,emb. 1 un,https://www.continente.pt/produto/fio-dentario-expansivo-50-m-sensodyne-2688749.html,higiene-beleza,2025-04-21,Continente
Desodorizante Spray Men Cool Kick,7358268,2.69,"€17,93/lt",Nivea,Beleza e Higiene/Homem/Desodorizantes,https://www.continente.pt/dw/image/v2/BDVS_PRD/on/demandware.static/-/Sites-col-master-catalog/default/dwaf2b27ac/images/col/735/7358268-hero.jpg?sw=280&sh=280,emb. 150 ml,https://www.continente.pt/produto/desodorizante-spray-men-cool-kick-nivea-7358268.html,higiene-beleza,2025-04-21,Continente
Laca Cabelo Elnett Satin Fixação Normal,2053281,6.69,"€22,30/lt",LOréal Paris,"Beleza e Higiene/Cabelo/Spray, Espuma, Creme e Gel/Laca e Spray",https://www.continente.pt/dw/image/v2/BDVS_PRD/on/demandware.static/-/Sites-col-master-catalog/default/dw69dfefe1/images/col/205/2053281-frente.jpg?sw=280&sh=280,emb. 300 ml,https://www.continente.pt/produto/laca-cabelo-elnett-satin-fixacao-normal-loreal-paris-2053281.html,higiene-beleza,2025-04-21,Continente
Pasta de Dentes Proteção Cáries,6447724,1.86,"€24,80/lt",Aquafresh,Beleza e Higiene/Higiene Oral/Pastas de Dentes,https://www.continente.pt/dw/image/v2/BDVS_PRD/on/demandware.static/-/Sites-col-master-catalog/default/dw7238e13d/images/col/644/6447724-frente.jpg?sw=280&sh=280,emb. 75 ml,https://www.continente.pt/produto/pasta-de-dentes-protecao-caries-aquafresh-6447724.html,higiene-beleza,2025-04-21,Continente
Gel de Banho Dark Temptation,4009763,3.65,"€9,12/lt",Axe,Beleza e Higiene/Homem/Gel de Banho,https://www.continente.pt/dw/image/v2/BDVS_PRD/on/demandware.static/-/Sites-col-master-catalog/default/dw44a2b5a8/images/col/400/4009763-hero.jpg?sw=280&sh=280,emb. 400 ml,https://www.continente.pt/produto/gel-de-banho-dark-temptation-axe-4009763.html,higiene-beleza,2025-04-21,Continente
Lenços de Bolso 4 Folhas Sensitive Pure,3035570,0.99,"€0,17/un",Renova,Beleza e Higiene/Lenços e Cuidados de Saúde/Lenços de Papel,https://www.continente.pt/dw/image/v2/BDVS_PRD/on/demandware.static/-/Sites-col-master-catalog/default/dwc9cd1902/images/col/303/3035570-frente.jpg?sw=280&sh=280,emb. 6 un,https://www.continente.pt/produto/lencos-de-bolso-4-folhas-sensitive-pure-renova-3035570.html,higiene-beleza,2025-04-21,Continente
Champô Pro-V Active Nutri-Plex Anticaspa,8154182,5.99,"€11,98/lt",Pantene,Beleza e Higiene/Cabelo/Champôs,https://www.continente.pt/dw/image/v2/BDVS_PRD/on/demandware.static/-/Sites-col-master-catalog/default/dw2d50cdbf/images/col/815/8154182-hero.png?sw=280&sh=280,emb. 500 ml,https://www.continente.pt/produto/champo-pro-v-active-nutri-plex-anticaspa-pantene-8154182.html,higiene-beleza,2025-04-21,Continente
Sabonete Líquido Desinfetante Hidratante,6789221,2.51,"€10,04/lt",Sanytol,Beleza e Higiene/Corpo/Sabonetes,https://www.continente.pt/dw/image/v2/BDVS_PRD/on/demandware.static/-/Sites-col-master-catalog/default/dw59aa0e98/images/col/678/6789221-frente.png?sw=280&sh=280,emb. 250 ml,https://www.continente.pt/produto/sabonete-liquido-desinfetante-hidratante-sanytol-6789221.html,higiene-beleza,2025-04-21,Continente
Sabonete Líquido Argão,8203968,1.49,"€2,98/lt",MyLabel,Beleza e Higiene/Corpo/Sabonetes,https://www.continente.pt/dw/image/v2/BDVS_PRD/on/demandware.static/-/Sites-col-master-catalog/default/dw6955f4c5/images/col/820/8203968-frente.jpg?sw=280&sh=280,emb. 500 ml,https://www.continente.pt/produto/sabonete-liquido-argao-mylabel-8203968.html,higiene-beleza,2025-04-21,Continente
Pensos Incontinência Nível 0,6469728,3.99,"€0,29/un",Tena,Beleza e Higiene/Homem/Incontinência,https://www.continente.pt/dw/image/v2/BDVS_PRD/on/demandware.static/-/Sites-col-master-catalog/default/dwb513f9ab/images/col/646/6469728-hero.jpg?sw=280&sh=280,emb. 14 un,https://www.continente.pt/produto/pensos-incontinencia-nivel-0-tena-6469728.html,higiene-beleza,2025-04-21,Continente
Pasta de Dentes Proteção Total Branqueadora,6818250,2.99,"€39,87/lt",Colgate,Beleza e Higiene/Higiene Oral/Pastas de Dentes,https://www.continente.pt/dw/image/v2/BDVS_PRD/on/demandware.static/-/Sites-col-master-catalog/default/dwe4d68983/images/col/681/6818250-frente-1.png?sw=280&sh=280,emb. 75 ml,https://www.continente.pt/produto/pasta-de-dentes-protecao-total-branqueadora-colgate-6818250.html,higiene-beleza,2025-04-21,Continente
Tampão Digital ProComfort Normal,2939194,5.59,"€0,17/un",O.b.,Beleza e Higiene/Higiene Íntima/Tampões,https://www.continente.pt/dw/image/v2/BDVS_PRD/on/demandware.static/-/Sites-col-master-catalog/default/dw3806eabe/images/col/293/2939194-frente.jpg?sw=280&sh=280,emb. 32 un,https://www.continente.pt/produto/tampao-digital-procomfort-normal-o.b.-2939194.html,higiene-beleza,2025-04-21,Continente
Condicionador Ultra Suave Camomila,5813476,3.77,"€9,42/lt",Garnier,Beleza e Higiene/Cabelo/Condicionadores,https://www.continente.pt/dw/image/v2/BDVS_PRD/on/demandware.static/-/Sites-col-master-catalog/default/dw96af0475/images/col/581/5813476-hero.jpg?sw=280&sh=280,emb. 400 ml,https://www.continente.pt/produto/condicionador-ultra-suave-camomila-garnier-5813476.html,higiene-beleza,2025-04-21,Continente
Desodorizante Spray Invisible Black & White Clothes 48H,5879789,2.69,"€17,93/lt",Rexona,Beleza e Higiene/Corpo/Desodorizantes,https://www.continente.pt/dw/image/v2/BDVS_PRD/on/demandware.static/-/Sites-col-master-catalog/default/dwd4f14da4/images/col/587/5879789-hero.jpg?sw=280&sh=280,emb. 150 ml,https://www.continente.pt/produto/desodorizante-spray-invisible-black-white-clothes-48h-rexona-5879789.html,higiene-beleza,2025-04-21,Continente
Pasta de Dentes Pro Expert Hálito Fresco,5609762,3.19,"€42,53/lt",Oral-B,Beleza e Higiene/Higiene Oral/Pastas de Dentes,https://www.continente.pt/dw/image/v2/BDVS_PRD/on/demandware.static/-/Sites-col-master-catalog/default/dw1fbe67a8/images/col/560/5609762-hero.png?sw=280&sh=280,emb. 75 ml,https://www.continente.pt/produto/pasta-de-dentes-pro-expert-halito-fresco-oral-b-5609762.html,higiene-beleza,2025-04-21,Continente
Pensos Diários Cotton Feel Normal,2565193,2.69,"€0,06/un",Carefree,Beleza e Higiene/Higiene Íntima/Pensos Diários,https://www.continente.pt/dw/image/v2/BDVS_PRD/on/demandware.static/-/Sites-col-master-catalog/default/dwf437e2fa/images/col/256/2565193-frente.jpg?sw=280&sh=280,emb. 44 un,https://www.continente.pt/produto/pensos-diarios-cotton-feel-normal-carefree-2565193.html,higiene-beleza,2025-04-21,Continente
Gel de Banho Hidratante,7683202,5.06,"€3,75/lt",Natural Honey,Beleza e Higiene/Corpo/Gel de Banho,https://www.continente.pt/dw/image/v2/BDVS_PRD/on/demandware.static/-/Sites-col-master-catalog/default/dw071f4192/images/col/768/7683202-frente.jpg?sw=280&sh=280,"emb. 1,35 lt",https://www.continente.pt/produto/gel-de-banho-hidratante-natural-honey-7683202.html,higiene-beleza,2025-04-21,Continente
Pasta de Dentes Max Fresh Cristais Refrescantes,3703944,2.31,"€30,80/lt",Colgate,Beleza e Higiene/Higiene Oral/Pastas de Dentes,https://www.continente.pt/dw/image/v2/BDVS_PRD/on/demandware.static/-/Sites-col-master-catalog/default/dw86a78e21/images/col/370/3703944-frente-1.png?sw=280&sh=280,emb. 75 ml,https://www.continente.pt/produto/pasta-de-dentes-max-fresh-cristais-refrescantes-colgate-3703944.html,higiene-beleza,2025-04-21,Continente
Champô Pro-V Active Nutri-Plex Purificante,8154184,5.99,"€11,98/lt",Pantene,Beleza e Higiene/Cabelo/Champôs,https://www.continente.pt/dw/image/v2/BDVS_PRD/on/demandware.static/-/Sites-col-master-catalog/default/dwed7a337a/images/col/815/8154184-hero.png?sw=280&sh=280,emb. 500 ml,https://www.continente.pt/produto/champo-pro-v-active-nutri-plex-purificante-pantene-8154184.html,higiene-beleza,2025-04-21,Continente
Champô Seco Volumising,7210900,5.39,"€21,56/lt",Tresemmé,Beleza e Higiene/Cabelo/Champôs,https://www.continente.pt/dw/image/v2/BDVS_PRD/on/demandware.static/-/Sites-col-master-catalog/default/dw570cb84a/images/col/721/7210900-hero.jpg?sw=280&sh=280,emb. 250 ml,https://www.continente.pt/produto/champo-seco-volumising-tresemme-7210900.html,higiene-beleza,2025-04-21,Continente
Tampão com Aplicador Pearl Super Plus,5736190,5.39,"€0,22/un",Tampax,Beleza e Higiene/Higiene Íntima/Tampões,https://www.continente.pt/dw/image/v2/BDVS_PRD/on/demandware.static/-/Sites-col-master-catalog/default/dw9cd7bae8/images/col/573/5736190-hero.jpg?sw=280&sh=280,emb. 24 un,https://www.continente.pt/produto/tampao-com-aplicador-pearl-super-plus-tampax-5736190.html,higiene-beleza,2025-04-21,Continente
Champô Anticaspa Antiqueda,7196605,4.94,"€13,72/lt",Linic,Beleza e Higiene/Homem/Cabelo,https://www.continente.pt/dw/image/v2/BDVS_PRD/on/demandware.static/-/Sites-col-master-catalog/default/dw365f7886/images/col/719/7196605-hero.png?sw=280&sh=280,emb. 360 ml,https://www.continente.pt/produto/champo-anticaspa-antiqueda-linic-7196605.html,higiene-beleza,2025-04-21,Continente
Elixir Bucal Dentes e Gengivas,8083588,1.49,"€2,98/lt",Continente,Beleza e Higiene/Higiene Oral/Elixires Bucais,https://www.continente.pt/dw/image/v2/BDVS_PRD/on/demandware.static/-/Sites-col-master-catalog/default/dw78050b20/images/col/808/8083588-frente.png?sw=280&sh=280,emb. 500 ml,https://www.continente.pt/produto/elixir-bucal-dentes-e-gengivas-continente-8083588.html,higiene-beleza,2025-04-21,Continente
Desodorizante Spray Sport Cool,6900600,2.69,"€17,93/lt",Rexona,Beleza e Higiene/Homem/Desodorizantes,https://www.continente.pt/dw/image/v2/BDVS_PRD/on/demandware.static/-/Sites-col-master-catalog/default/dw0e0abc0d/images/col/690/6900600-hero.png?sw=280&sh=280,emb. 150 ml,https://www.continente.pt/produto/desodorizante-spray-sport-cool-rexona-6900600.html,higiene-beleza,2025-04-21,Continente
Pasta de Dentes Gel Fresh,7508084,1.39,"€11,12/lt",Continente,Beleza e Higiene/Higiene Oral/Pastas de Dentes,https://www.continente.pt/dw/image/v2/BDVS_PRD/on/demandware.static/-/Sites-col-master-catalog/default/dwaee33cfd/images/col/750/7508084-frente.jpg?sw=280&sh=280,emb. 125 ml,https://www.continente.pt/produto/pasta-de-dentes-gel-fresh-continente-7508084.html,higiene-beleza,2025-04-21,Continente
Pasta de Dentes Herbal,2521932,1.99,"€26,53/lt",Colgate,Beleza e Higiene/Higiene Oral/Pastas de Dentes,https://www.continente.pt/dw/image/v2/BDVS_PRD/on/demandware.static/-/Sites-col-master-catalog/default/dw2fbb22ac/images/col/252/2521932-hero.jpg?sw=280&sh=280,emb. 75 ml,https://www.continente.pt/produto/pasta-de-dentes-herbal-colgate-2521932.html,higiene-beleza,2025-04-21,Continente
Desodorizante Spray Men Clean Comfort,7717070,2.87,"€19,13/lt",Dove,Beleza e Higiene/Homem/Desodorizantes,https://www.continente.pt/dw/image/v2/BDVS_PRD/on/demandware.static/-/Sites-col-master-catalog/default/dwef1b06d8/images/col/771/7717070-frente.jpg?sw=280&sh=280,emb. 150 ml,https://www.continente.pt/produto/desodorizante-spray-men-clean-comfort-dove-7717070.html,higiene-beleza,2025-04-21,Continente
Champô Hidratação Intensa,6421996,6.59,"€7,32/lt",Tresemmé,Beleza e Higiene/Cabelo/Champôs,https://www.continente.pt/dw/image/v2/BDVS_PRD/on/demandware.static/-/Sites-col-master-catalog/default/dw33a5c524/images/col/642/6421996-hero.jpg?sw=280&sh=280,emb. 900 ml,https://www.continente.pt/produto/champo-hidratacao-intensa-tresemme-6421996.html,higiene-beleza,2025-04-21,Continente
Sabonete Líquido Neutro,8203977,1.29,"€1,29/lt",MyLabel,Beleza e Higiene/Corpo/Sabonetes,https://www.continente.pt/dw/image/v2/BDVS_PRD/on/demandware.static/-/Sites-col-master-catalog/default/dw5a5672f0/images/col/820/8203977-frente.jpg?sw=280&sh=280,emb. 1 lt,https://www.continente.pt/produto/sabonete-liquido-neutro-mylabel-8203977.html,higiene-beleza,2025-04-21,Continente
Pasta de Dentes Sensibilidade Rapid Action,6208049,5.29,"€70,53/lt",Sensodyne,Beleza e Higiene/Higiene Oral/Pastas de Dentes,https://www.continente.pt/dw/image/v2/BDVS_PRD/on/demandware.static/-/Sites-col-master-catalog/default/dwa44ec4c1/images/col/620/6208049-hero.jpg?sw=280&sh=280,emb. 75 ml,https://www.continente.pt/produto/pasta-de-dentes-sensibilidade-rapid-action-sensodyne-6208049.html,higiene-beleza,2025-04-21,Continente
Champô Anticaspa Classic 2 em 1,7984493,9.96,"€12,45/lt",H&S,Beleza e Higiene/Homem/Cabelo,https://www.continente.pt/dw/image/v2/BDVS_PRD/on/demandware.static/-/Sites-col-master-catalog/default/dw536b242f/images/col/798/7984493-frente.png?sw=280&sh=280,emb. 800 ml,https://www.continente.pt/produto/champo-anticaspa-classic-2-em-1-h-s-7984493.html,higiene-beleza,2025-04-21,Continente
Pasta de Dentes Branqueadora Max White Carvão,6934895,2.92,"€38,93/lt",Colgate,Beleza e Higiene/Higiene Oral/Pastas de Dentes,https://www.continente.pt/dw/image/v2/BDVS_PRD/on/demandware.static/-/Sites-col-master-catalog/default/dw440c3521/images/col/693/6934895-frente-1.png?sw=280&sh=280,emb. 75 ml,https://www.continente.pt/produto/pasta-de-dentes-branqueadora-max-white-carvao-colgate-6934895.html,higiene-beleza,2025-04-21,Continente
Fita Dentária Suave 50 m,2732899,2.99,"€2,99/un",Sensodyne,Beleza e Higiene/Higiene Oral/Fio e Fita Dentária,https://www.continente.pt/dw/image/v2/BDVS_PRD/on/demandware.static/-/Sites-col-master-catalog/default/dw9117ca87/images/col/273/2732899-frente.jpg?sw=280&sh=280,emb. 1 un,https://www.continente.pt/produto/fita-dentaria-suave-50-m-sensodyne-2732899.html,higiene-beleza,2025-04-21,Continente
Elixir Bucal Proteção Completa Criança +6 Anos,4133617,2.99,"€9,97/lt",Aquafresh,Beleza e Higiene/Higiene Oral/Higiene Oral Infantil,https://www.continente.pt/dw/image/v2/BDVS_PRD/on/demandware.static/-/Sites-col-master-catalog/default/dw6fd46e6d/images/col/413/4133617-hero.png?sw=280&sh=280,emb. 300 ml,https://www.continente.pt/produto/elixir-bucal-protecao-completa-crianca-6-anos-aquafresh-4133617.html,higiene-beleza,2025-04-21,Continente
Champô Elvive Color Vive,7052700,5.99,"€8,56/lt",LOréal Paris,Beleza e Higiene/Cabelo/Champôs,https://www.continente.pt/dw/image/v2/BDVS_PRD/on/demandware.static/-/Sites-col-master-catalog/default/dw8752f987/images/col/705/7052700-frente.jpg?sw=280&sh=280,emb. 700 ml,https://www.continente.pt/produto/champo-elvive-color-vive-loreal-paris-7052700.html,higiene-beleza,2025-04-21,Continente
Desodorizante Spray Sport Cool 72H,7717074,3.29,"€16,45/lt",Rexona,Beleza e Higiene/Homem/Desodorizantes,https://www.continente.pt/dw/image/v2/BDVS_PRD/on/demandware.static/-/Sites-col-master-catalog/default/dwe60a99ee/images/col/771/7717074-hero.jpg?sw=280&sh=280,emb. 200 ml,https://www.continente.pt/produto/desodorizante-spray-sport-cool-72h-rexona-7717074.html,higiene-beleza,2025-04-21,Continente
Eyeliner Awesome Double Flick and Thin,6119802,5.99,"€5,99/un",Revolution,Beleza e Higiene/Maquilhagem/Olhos,https://www.continente.pt/dw/image/v2/BDVS_PRD/on/demandware.static/-/Sites-col-master-catalog/default/dw515cdc35/images/col/611/6119802-frente-1.jpg?sw=280&sh=280,emb. 1 un,https://www.continente.pt/produto/eyeliner-awesome-double-flick-and-thin-revolution-6119802.html,higiene-beleza,2025-04-21,Continente
Sabonete Sólido Jasmim,8120436,0.59,"€0,59/un",MyLabel,Beleza e Higiene/Corpo/Sabonetes,https://www.continente.pt/dw/image/v2/BDVS_PRD/on/demandware.static/-/Sites-col-master-catalog/default/dwb5a7d1a4/images/col/812/8120436-frente.png?sw=280&sh=280,emb. 90 gr,https://www.continente.pt/produto/sabonete-solido-jasmim-mylabel-8120436.html,higiene-beleza,2025-04-21,Continente
Desodorizante Spray Fresh Citrus Todo o Corpo,8283367,5.99,"€39,93/lt",Rexona,Beleza e Higiene/Corpo/Desodorizantes,https://www.continente.pt/dw/image/v2/BDVS_PRD/on/demandware.static/-/Sites-col-master-catalog/default/dw8ef289d0/images/col/828/8283367-frente.jpg?sw=280&sh=280,emb. 150 ml,https://www.continente.pt/produto/desodorizante-spray-fresh-citrus-todo-o-corpo-rexona-8283367.html,higiene-beleza,2025-04-21,Continente
Desodorizante Spray Men Clean Comfort 0% Alumínio,7734179,2.87,"€19,13/lt",Dove,Beleza e Higiene/Homem/Desodorizantes,https://www.continente.pt/dw/image/v2/BDVS_PRD/on/demandware.static/-/Sites-col-master-catalog/default/dw105f4ca6/images/col/773/7734179-hero.jpg?sw=280&sh=280,emb. 150 ml,https://www.continente.pt/produto/desodorizante-spray-men-clean-comfort-0--aluminio-dove-7734179.html,higiene-beleza,2025-04-21,Continente
Gel de Banho Naturals Olive,7546425,3.89,"€5,19/lt",Palmolive,Beleza e Higiene/Corpo/Gel de Banho,https://www.continente.pt/dw/image/v2/BDVS_PRD/on/demandware.static/-/Sites-col-master-catalog/default/dw2fa9c47a/images/col/754/7546425-frente.jpg?sw=280&sh=280,emb. 750 ml,https://www.continente.pt/produto/gel-de-banho-naturals-olive-palmolive-7546425.html,higiene-beleza,2025-04-21,Continente
Pasta de Dentes Limpeza Ativa Hálito Fresco,8088696,1.94,"€15,52/lt",Aquafresh,Beleza e Higiene/Higiene Oral/Pastas de Dentes,https://www.continente.pt/dw/image/v2/BDVS_PRD/on/demandware.static/-/Sites-col-master-catalog/default/dw91ff69d7/images/col/808/8088696-hero.jpg?sw=280&sh=280,emb. 125 ml,https://www.continente.pt/produto/pasta-de-dentes-limpeza-ativa-halito-fresco-aquafresh-8088696.html,higiene-beleza,2025-04-21,Continente
Sabonete Sólido Oliva,6205212,0.84,"€9,33/kg",Feno,Beleza e Higiene/Corpo/Sabonetes,https://www.continente.pt/dw/image/v2/BDVS_PRD/on/demandware.static/-/Sites-col-master-catalog/default/dwb542c31a/images/col/620/6205212-frente.jpg?sw=280&sh=280,emb. 90 gr,https://www.continente.pt/produto/sabonete-solido-oliva-feno-6205212.html,higiene-beleza,2025-04-21,Continente
Gel de Banho Wellness Massage,7416081,2.99,"€5,98/lt",Palmolive,Beleza e Higiene/Corpo/Gel de Banho,https://www.continente.pt/dw/image/v2/BDVS_PRD/on/demandware.static/-/Sites-col-master-catalog/default/dwfc8cedf5/images/col/741/7416081-frente.jpg?sw=280&sh=280,emb. 500 ml,https://www.continente.pt/produto/gel-de-banho-wellness-massage-palmolive-7416081.html,higiene-beleza,2025-04-21,Continente
Pensos Higiénicos Ultrafina Normal com Abas,5683407,4.99,"€0,13/un",Ausonia,Beleza e Higiene/Higiene Íntima/Pensos e Cuecas Menstruais,https://www.continente.pt/dw/image/v2/BDVS_PRD/on/demandware.static/-/Sites-col-master-catalog/default/dw91b3b53b/images/col/568/5683407-hero.jpg?sw=280&sh=280,emb. 38 un,https://www.continente.pt/produto/pensos-higienicos-ultrafina-normal-com-abas-ausonia-5683407.html,higiene-beleza,2025-04-21,Continente
Cuecas Incontinência Pants Maxi M,6950125,10.49,"€0,75/un",Lindor,Beleza e Higiene/Higiene Íntima/Incontinência/Cuecas Incontinência,https://www.continente.pt/dw/image/v2/BDVS_PRD/on/demandware.static/-/Sites-col-master-catalog/default/dw3c8ff8b1/images/col/695/6950125-hero.jpg?sw=280&sh=280,emb. 14 un,https://www.continente.pt/produto/cuecas-incontinencia-pants-maxi-m-lindor-6950125.html,higiene-beleza,2025-04-21,Continente
Lenços de Bolso Pure Natural,7254990,1.75,"€0,15/un",Colhogar,Beleza e Higiene/Lenços e Cuidados de Saúde/Lenços de Papel,https://www.continente.pt/dw/image/v2/BDVS_PRD/on/demandware.static/-/Sites-col-master-catalog/default/dw37380d64/images/col/725/7254990-hero.jpg?sw=280&sh=280,emb. 12 un,https://www.continente.pt/produto/lencos-de-bolso-pure-natural-colhogar-7254990.html,higiene-beleza,2025-04-21,Continente
Pasta de Dentes 3D White Luxe Perfeição,5724322,3.99,"€53,20/lt",Oral-B,Beleza e Higiene/Higiene Oral/Pastas de Dentes,https://www.continente.pt/dw/image/v2/BDVS_PRD/on/demandware.static/-/Sites-col-master-catalog/default/dwfaade1a5/images/col/572/5724322-hero.png?sw=280&sh=280,emb. 75 ml,https://www.continente.pt/produto/pasta-de-dentes-3d-white-luxe-perfeicao-oral-b-5724322.html,higiene-beleza,2025-04-21,Continente
Condicionador Elvive Hidra Hialurónico,7514168,3.89,"€12,97/lt",LOréal Paris,Beleza e Higiene/Cabelo/Condicionadores,https://www.continente.pt/dw/image/v2/BDVS_PRD/on/demandware.static/-/Sites-col-master-catalog/default/dw0bc19490/images/col/751/7514168-hero.jpg?sw=280&sh=280,emb. 300 ml,https://www.continente.pt/produto/condicionador-elvive-hidra-hialuronico-loreal-paris-7514168.html,higiene-beleza,2025-04-21,Continente
Sabonete Sólido Alfazema,2053073,1.63,"€13,04/kg",Confiança,Beleza e Higiene/Corpo/Sabonetes,https://www.continente.pt/dw/image/v2/BDVS_PRD/on/demandware.static/-/Sites-col-master-catalog/default/dw8df9d58e/images/col/205/2053073-frente.jpg?sw=280&sh=280,emb. 125 gr,https://www.continente.pt/produto/sabonete-solido-alfazema-confianca-2053073.html,higiene-beleza,2025-04-21,Continente
Pasta de Dentes 3D White Advance Brilho,5241981,3.99,"€53,20/lt",Oral-B,Beleza e Higiene/Higiene Oral/Pastas de Dentes,https://www.continente.pt/dw/image/v2/BDVS_PRD/on/demandware.static/-/Sites-col-master-catalog/default/dw9c65d589/images/col/524/5241981-hero.png?sw=280&sh=280,emb. 75 ml,https://www.continente.pt/produto/pasta-de-dentes-3d-white-advance-brilho-oral-b-5241981.html,higiene-beleza,2025-04-21,Continente
Pensos Higiénicos Fresh & Free Super com Abas,7453903,2.99,"€0,11/un",Continente,Beleza e Higiene/Higiene Íntima/Pensos e Cuecas Menstruais,https://www.continente.pt/dw/image/v2/BDVS_PRD/on/demandware.static/-/Sites-col-master-catalog/default/dw9213bf0e/images/col/745/7453903-hero.jpg?sw=280&sh=280,emb. 28 un,https://www.continente.pt/produto/pensos-higienicos-fresh-free-super-com-abas-continente-7453903.html,higiene-beleza,2025-04-21,Continente
Fita Dentária Menta 100 m,7614418,2.09,"€0,02/m",Continente,Beleza e Higiene/Higiene Oral/Fio e Fita Dentária,https://www.continente.pt/dw/image/v2/BDVS_PRD/on/demandware.static/-/Sites-col-master-catalog/default/dwfdb24d83/images/col/761/7614418-frente.jpg?sw=280&sh=280,emb. 1 un,https://www.continente.pt/produto/fita-dentaria-menta-100-m-continente-7614418.html,higiene-beleza,2025-04-21,Continente
Creme de Rosto Dia Revitalift Clinical FPS 50,7714756,15.59,"€311,80/lt",LOréal Paris,Beleza e Higiene/Rosto/Antirrugas e Refirmantes,https://www.continente.pt/dw/image/v2/BDVS_PRD/on/demandware.static/-/Sites-col-master-catalog/default/dwf731330a/images/col/771/7714756-frente-1.jpg?sw=280&sh=280,emb. 50 ml,https://www.continente.pt/produto/creme-de-rosto-dia-revitalift-clinical-fps-50-loreal-paris-7714756.html,higiene-beleza,2025-04-21,Continente
Desodorizante Spray Gold Temptation,5441488,3.05,"€20,33/lt",Axe,Beleza e Higiene/Homem/Desodorizantes,https://www.continente.pt/dw/image/v2/BDVS_PRD/on/demandware.static/-/Sites-col-master-catalog/default/dw3ba3c2a0/images/col/544/5441488-hero.jpg?sw=280&sh=280,emb. 150 ml,https://www.continente.pt/produto/desodorizante-spray-gold-temptation-axe-5441488.html,higiene-beleza,2025-04-21,Continente
Elixir Bucal Branqueador,8083447,1.69,"€3,38/lt",Continente,Beleza e Higiene/Higiene Oral/Elixires Bucais,https://www.continente.pt/dw/image/v2/BDVS_PRD/on/demandware.static/-/Sites-col-master-catalog/default/dwfc66fd1a/images/col/808/8083447-frente.png?sw=280&sh=280,emb. 500 ml,https://www.continente.pt/produto/elixir-bucal-branqueador-continente-8083447.html,higiene-beleza,2025-04-21,Continente
Condicionador Pro-V Active Nutri-Plex Suave e Liso,8154224,4.94,"€14,11/lt",Pantene,Beleza e Higiene/Cabelo/Condicionadores,https://www.continente.pt/dw/image/v2/BDVS_PRD/on/demandware.static/-/Sites-col-master-catalog/default/dw8f1650c1/images/col/815/8154224-hero.png?sw=280&sh=280,emb. 350 ml,https://www.continente.pt/produto/condicionador-pro-v-active-nutri-plex-suave-e-liso-pantene-8154224.html,higiene-beleza,2025-04-21,Continente
Sabonete Sólido Naturals Moisture Care,4797947,3.59,"€9,97/kg",Palmolive,Beleza e Higiene/Corpo/Sabonetes,https://www.continente.pt/dw/image/v2/BDVS_PRD/on/demandware.static/-/Sites-col-master-catalog/default/dwa78a3a7d/images/col/479/4797947-frente-1.jpg?sw=280&sh=280,emb. 4 x 90 gr,https://www.continente.pt/produto/sabonete-solido-naturals-moisture-care-palmolive-4797947.html,higiene-beleza,2025-04-21,Continente
Sabonete Sólido Luxo Banho,2080731,4.95,"€14,14/kg",Ach. Brito,Beleza e Higiene/Corpo/Sabonetes,https://www.continente.pt/dw/image/v2/BDVS_PRD/on/demandware.static/-/Sites-col-master-catalog/default/dw6d9e958b/images/col/208/2080731-frente.jpg?sw=280&sh=280,emb. 350 gr,https://www.continente.pt/produto/sabonete-solido-luxo-banho-ach.-brito-2080731.html,higiene-beleza,2025-04-21,Continente
Sabonete Sólido Hidratante Manteiga de Karité,7626248,4.11,"€11,42/kg",Dove,Beleza e Higiene/Corpo/Sabonetes,https://www.continente.pt/dw/image/v2/BDVS_PRD/on/demandware.static/-/Sites-col-master-catalog/default/dwf955760a/images/col/762/7626248-frente.jpg?sw=280&sh=280,emb. 4 x 90 gr,https://www.continente.pt/produto/sabonete-solido-hidratante-manteiga-de-karite-dove-7626248.html,higiene-beleza,2025-04-21,Continente
Sérum Facial Antimanchas Vitamina C,7514731,10.39,"€10,39/un",Garnier,Beleza e Higiene/Rosto/Hidratação,https://www.continente.pt/dw/image/v2/BDVS_PRD/on/demandware.static/-/Sites-col-master-catalog/default/dwc7564602/images/col/751/7514731-hero.jpg?sw=280&sh=280,emb. 30 ml,https://www.continente.pt/produto/serum-facial-antimanchas-vitamina-c-garnier-7514731.html,higiene-beleza,2025-04-21,Continente
Cuecas Incontinência Discreet Plus M,5609039,7.49,"€0,83/un",Ausonia Discreet,Beleza e Higiene/Higiene Íntima/Incontinência/Cuecas Incontinência,https://www.continente.pt/dw/image/v2/BDVS_PRD/on/demandware.static/-/Sites-col-master-catalog/default/dwb3178564/images/col/560/5609039-hero.jpg?sw=280&sh=280,emb. 9 un,https://www.continente.pt/produto/cuecas-incontinencia-discreet-plus-m-ausonia-discreet-5609039.html,higiene-beleza,2025-04-21,Continente
Pensos Incontinência Discreet Normal,5609029,4.19,"€0,17/un",Ausonia Discreet,Beleza e Higiene/Higiene Íntima/Incontinência/Pensos Incontinência,https://www.continente.pt/dw/image/v2/BDVS_PRD/on/demandware.static/-/Sites-col-master-catalog/default/dw505a87e9/images/col/560/5609029-hero.jpg?sw=280&sh=280,emb. 24 un,https://www.continente.pt/produto/pensos-incontinencia-discreet-normal-ausonia-discreet-5609029.html,higiene-beleza,2025-04-21,Continente
Lenços de Bolso Design Cosy,5902284,0.79,"€0,13/un",Renova,Beleza e Higiene/Lenços e Cuidados de Saúde/Lenços de Papel,https://www.continente.pt/dw/image/v2/BDVS_PRD/on/demandware.static/-/Sites-col-master-catalog/default/dw01e1ecd2/images/col/590/5902284-hero.png?sw=280&sh=280,emb. 6 un,https://www.continente.pt/produto/lencos-de-bolso-design-cosy-renova-5902284.html,higiene-beleza,2025-04-21,Continente
Resguardo Cama 80 x 180 cm (com Abas),5194706,16.99,"€0,85/un",Tena,Beleza e Higiene/Higiene Íntima/Incontinência/Resguardos,https://www.continente.pt/dw/image/v2/BDVS_PRD/on/demandware.static/-/Sites-col-master-catalog/default/dwfd657408/images/col/519/5194706-hero.jpg?sw=280&sh=280,emb. 20 un,https://www.continente.pt/produto/resguardo-cama-80-x-180-cm-com-abas-tena-5194706.html,higiene-beleza,2025-04-21,Continente
Pasta de Dentes de Leite Criança + 3 Anos,4120614,2.24,"€44,80/lt",Aquafresh,Beleza e Higiene/Higiene Oral/Higiene Oral Infantil,https://www.continente.pt/dw/image/v2/BDVS_PRD/on/demandware.static/-/Sites-col-master-catalog/default/dwe0c7ec2f/images/col/412/4120614-frente.png?sw=280&sh=280,emb. 50 ml,https://www.continente.pt/produto/pasta-de-dentes-de-leite-crianca-3-anos-aquafresh-4120614.html,higiene-beleza,2025-04-21,Continente
Desodorizante Spray Biorythm 48H,7126681,2.69,"€17,93/lt",Rexona,Beleza e Higiene/Corpo/Desodorizantes,https://www.continente.pt/dw/image/v2/BDVS_PRD/on/demandware.static/-/Sites-col-master-catalog/default/dw2127d3ee/images/col/712/7126681-frente.jpg?sw=280&sh=280,emb. 150 ml,https://www.continente.pt/produto/desodorizante-spray-biorythm-48h-rexona-7126681.html,higiene-beleza,2025-04-21,Continente
Pasta de Dentes Júnior Morango + 6 Anos,7741212,0.99,,Continente,Beleza e Higiene/Higiene Oral/Higiene Oral Infantil,https://www.continente.pt/dw/image/v2/BDVS_PRD/on/demandware.static/-/Sites-col-master-catalog/default/dwb97c1059/images/col/774/7741212-frente.jpg?sw=280&sh=280,emb. 100 ml,https://www.continente.pt/produto/pasta-de-dentes-junior-morango-6-anos-continente-7741212.html,higiene-beleza,2025-04-21,Continente
Pensos Diários Comfort Aloe Vera,4967209,1.49,"€0,05/un",Continente,Beleza e Higiene/Higiene Íntima/Pensos Diários,https://www.continente.pt/dw/image/v2/BDVS_PRD/on/demandware.static/-/Sites-col-master-catalog/default/dw7768fc0e/images/col/496/4967209-hero.jpg?sw=280&sh=280,emb. 30 un,https://www.continente.pt/produto/pensos-diarios-comfort-aloe-vera-continente-4967209.html,higiene-beleza,2025-04-21,Continente
Pasta de Dentes e Elixir Bucal Júnior + 6 Anos,2167652,2.2,"€29,33/lt",Theramed,Beleza e Higiene/Higiene Oral/Higiene Oral Infantil,https://www.continente.pt/dw/image/v2/BDVS_PRD/on/demandware.static/-/Sites-col-master-catalog/default/dw0aeb5946/images/col/216/2167652-frente.jpg?sw=280&sh=280,emb. 75 ml,https://www.continente.pt/produto/pasta-de-dentes-e-elixir-bucal-junior-6-anos-theramed-2167652.html,higiene-beleza,2025-04-21,Continente
Gel de Banho Coco Addiction,7683205,2.84,"€4,73/lt",Natural Honey,Beleza e Higiene/Corpo/Gel de Banho,https://www.continente.pt/dw/image/v2/BDVS_PRD/on/demandware.static/-/Sites-col-master-catalog/default/dwfb8fda28/images/col/768/7683205-frente.jpg?sw=280&sh=280,emb. 600 ml,https://www.continente.pt/produto/gel-de-banho-coco-addiction-natural-honey-7683205.html,higiene-beleza,2025-04-21,Continente
Champô Pro-V Miracles Controlo Frizz,8007473,10.49,"€20,98/lt",Pantene,Beleza e Higiene/Cabelo/Champôs,https://www.continente.pt/dw/image/v2/BDVS_PRD/on/demandware.static/-/Sites-col-master-catalog/default/dw7b64d0c7/images/col/800/8007473-frente.png?sw=280&sh=280,emb. 500 ml,https://www.continente.pt/produto/champo-pro-v-miracles-controlo-frizz-pantene-8007473.html,higiene-beleza,2025-04-21,Continente
Pasta de Dentes Proteção Total Frescura Activa,6818242,2.99,"€39,87/lt",Colgate,Beleza e Higiene/Higiene Oral/Pastas de Dentes,https://www.continente.pt/dw/image/v2/BDVS_PRD/on/demandware.static/-/Sites-col-master-catalog/default/dw7ce79736/images/col/681/6818242-frente-1.png?sw=280&sh=280,emb. 75 ml,https://www.continente.pt/produto/pasta-de-dentes-protecao-total-frescura-activa-colgate-6818242.html,higiene-beleza,2025-04-21,Continente
Desodorizante Spray Men Expert Carbon Protect,6909508,4.99,"€33,27/lt",LOréal Paris,Beleza e Higiene/Homem/Desodorizantes,https://www.continente.pt/dw/image/v2/BDVS_PRD/on/demandware.static/-/Sites-col-master-catalog/default/dw7acc304f/images/col/690/6909508-frente.jpg?sw=280&sh=280,emb. 150 ml,https://www.continente.pt/produto/desodorizante-spray-men-expert-carbon-protect-loreal-paris-6909508.html,higiene-beleza,2025-04-21,Continente
Pasta de Dentes Sensibilidade e Branqueadora,3054336,4.29,"€57,20/lt",Sensodyne,Beleza e Higiene/Higiene Oral/Pastas de Dentes,https://www.continente.pt/dw/image/v2/BDVS_PRD/on/demandware.static/-/Sites-col-master-catalog/default/dw040e1f76/images/col/305/3054336-hero.jpg?sw=280&sh=280,emb. 75 ml,https://www.continente.pt/produto/pasta-de-dentes-sensibilidade-e-branqueadora-sensodyne-3054336.html,higiene-beleza,2025-04-21,Continente
Fraldas Cuidado Ecológico T5 13-18kg,7575209,5.79,"€0,23/un",Continente do Bebé,Bebé/Fraldas e Toalhitas/Fraldas 13-18kg/+18kg (T5 e T6),https://www.continente.pt/dw/image/v2/BDVS_PRD/on/demandware.static/-/Sites-col-master-catalog/default/dwb5ceb61a/images/col/757/7575209-hero.jpg?sw=280&sh=280,emb. 25 un,https://www.continente.pt/produto/fraldas-cuidado-ecologico-t5-13-18kg-continente-do-bebe-7575209.html,higiene-beleza,2025-04-21,Continente
Gel de Banho Nourishing Silk,8112341,2.5,"€6,25/lt",Dove,Beleza e Higiene/Corpo/Gel de Banho,https://www.continente.pt/dw/image/v2/BDVS_PRD/on/demandware.static/-/Sites-col-master-catalog/default/dw3bdae68b/images/col/811/8112341-hero.jpg?sw=280&sh=280,emb. 400 ml,https://www.continente.pt/produto/gel-de-banho-nourishing-silk-dove-8112341.html,higiene-beleza,2025-04-21,Continente
Tampão Digital Comfort Super,4120145,1.89,"€0,06/un",Continente,Beleza e Higiene/Higiene Íntima/Tampões,https://www.continente.pt/dw/image/v2/BDVS_PRD/on/demandware.static/-/Sites-col-master-catalog/default/dw10771615/images/col/412/4120145-hero.jpg?sw=280&sh=280,emb. 32 un,https://www.continente.pt/produto/tampao-digital-comfort-super-continente-4120145.html,higiene-beleza,2025-04-21,Continente
Pasta de Dentes Herbal White,2078144,1.99,"€26,53/lt",Colgate,Beleza e Higiene/Higiene Oral/Pastas de Dentes,https://www.continente.pt/dw/image/v2/BDVS_PRD/on/demandware.static/-/Sites-col-master-catalog/default/dw51855d8f/images/col/207/2078144-frente-1.png?sw=280&sh=280,emb. 75 ml,https://www.continente.pt/produto/pasta-de-dentes-herbal-white-colgate-2078144.html,higiene-beleza,2025-04-21,Continente
Pensos Incontinência Discreet Mini Ultra,6118831,3.18,"€0,16/un",Tena,Beleza e Higiene/Higiene Íntima/Incontinência/Pensos Incontinência,https://www.continente.pt/dw/image/v2/BDVS_PRD/on/demandware.static/-/Sites-col-master-catalog/default/dw73137c53/images/col/611/6118831-hero.png?sw=280&sh=280,emb. 20 un,https://www.continente.pt/produto/pensos-incontinencia-discreet-mini-ultra-tena-6118831.html,higiene-beleza,2025-04-21,Continente
Soro Fisiológico,7931981,1.75,"€3,50/lt",Continente do Bebé,Beleza e Higiene/Lenços e Cuidados de Saúde/Cuidados de Saúde,https://www.continente.pt/dw/image/v2/BDVS_PRD/on/demandware.static/-/Sites-col-master-catalog/default/dw9ce1e95d/images/col/793/7931981-frente.jpg?sw=280&sh=280,emb. 500 ml,https://www.continente.pt/produto/soro-fisiologico-continente-do-bebe-7931981.html,higiene-beleza,2025-04-21,Continente
Espuma de Barbear Men Sensitive Pro Ultra-Calming,7447863,4.49,"€22,45/lt",Nivea,Beleza e Higiene/Homem/Barba,https://www.continente.pt/dw/image/v2/BDVS_PRD/on/demandware.static/-/Sites-col-master-catalog/default/dw880c3932/images/col/744/7447863-hero.jpg?sw=280&sh=280,emb. 200 ml,https://www.continente.pt/produto/espuma-de-barbear-men-sensitive-pro-ultra-calming-nivea-7447863.html,higiene-beleza,2025-04-21,Continente
Pensos Rápidos Resistentes à Água,2053637,1.91,"€0,10/un",Hansaplast,Beleza e Higiene/Lenços e Cuidados de Saúde/Cuidados de Saúde,https://www.continente.pt/dw/image/v2/BDVS_PRD/on/demandware.static/-/Sites-col-master-catalog/default/dwd8535792/images/col/205/2053637-direito.jpg?sw=280&sh=280,emb. 20 un,https://www.continente.pt/produto/pensos-rapidos-resistentes-a-agua-hansaplast-2053637.html,higiene-beleza,2025-04-21,Continente
Gel de Banho Flor de Laranjeira Bio,8054255,3.49,"€5,37/lt",Le Petit Marseillais,Beleza e Higiene/Corpo/Gel de Banho,https://www.continente.pt/dw/image/v2/BDVS_PRD/on/demandware.static/-/Sites-col-master-catalog/default/dw7adc9da2/images/col/805/8054255-frente.png?sw=280&sh=280,emb. 650 ml,https://www.continente.pt/produto/gel-de-banho-flor-de-laranjeira-bio-le-petit-marseillais-8054255.html,higiene-beleza,2025-04-21,Continente
Pensos Higiénicos Comfort Noite com Abas,7453901,1.09,"€0,11/un",Continente,Beleza e Higiene/Higiene Íntima/Pensos e Cuecas Menstruais,https://www.continente.pt/dw/image/v2/BDVS_PRD/on/demandware.static/-/Sites-col-master-catalog/default/dwbd7eb806/images/col/745/7453901-hero.jpg?sw=280&sh=280,emb. 10 un,https://www.continente.pt/produto/pensos-higienicos-comfort-noite-com-abas-continente-7453901.html,higiene-beleza,2025-04-21,Continente
Champô Anticaspa Classic,7984549,4.94,"€14,97/lt",H&S,Beleza e Higiene/Homem/Cabelo,https://www.continente.pt/dw/image/v2/BDVS_PRD/on/demandware.static/-/Sites-col-master-catalog/default/dw8802b039/images/col/798/7984549-frente.png?sw=280&sh=280,emb. 330 ml,https://www.continente.pt/produto/champo-anticaspa-classic-h-s-7984549.html,higiene-beleza,2025-04-21,Continente
Pensos Diários Organic Normal,7684702,3.29,"€0,11/un",Carefree,Beleza e Higiene/Higiene Íntima/Pensos Diários,https://www.continente.pt/dw/image/v2/BDVS_PRD/on/demandware.static/-/Sites-col-master-catalog/default/dwea882ff3/images/col/768/7684702-frente.jpg?sw=280&sh=280,emb. 30 un,https://www.continente.pt/produto/pensos-diarios-organic-normal-carefree-7684702.html,higiene-beleza,2025-04-21,Continente
Desodorizante Roll On Black & White Silky Smooth,6673431,2.99,"€59,80/lt",Nivea,Beleza e Higiene/Corpo/Desodorizantes,https://www.continente.pt/dw/image/v2/BDVS_PRD/on/demandware.static/-/Sites-col-master-catalog/default/dwe9e05ebc/images/col/667/6673431-hero.jpg?sw=280&sh=280,emb. 50 ml,https://www.continente.pt/produto/desodorizante-roll-on-black-white-silky-smooth-nivea-6673431.html,higiene-beleza,2025-04-21,Continente
Lâminas Descartáveis Dupla Oscilante,7533439,2.49,"€0,12/un",MyLabel,Beleza e Higiene/Homem/Barba,https://www.continente.pt/dw/image/v2/BDVS_PRD/on/demandware.static/-/Sites-col-master-catalog/default/dw20978df8/images/col/753/7533439-frente.jpg?sw=280&sh=280,emb. 20 un,https://www.continente.pt/produto/laminas-descartaveis-dupla-oscilante-mylabel-7533439.html,higiene-beleza,2025-04-21,Continente
Gel de Banho Derma Care,8122927,10.87,"€3,62/lt",Vaseline,Beleza e Higiene/Corpo/Gel de Banho,https://www.continente.pt/dw/image/v2/BDVS_PRD/on/demandware.static/-/Sites-col-master-catalog/default/dw798ff05c/images/col/812/8122927-hero.png?sw=280&sh=280,emb. 3 x 1 lt,https://www.continente.pt/produto/gel-de-banho-derma-care-vaseline-8122927.html,higiene-beleza,2025-04-21,Continente
Laca Cabelo Elnett Satin Fixação Extra Forte,2056523,6.69,"€22,30/lt",LOréal Paris,"Beleza e Higiene/Cabelo/Spray, Espuma, Creme e Gel/Laca e Spray",https://www.continente.pt/dw/image/v2/BDVS_PRD/on/demandware.static/-/Sites-col-master-catalog/default/dw5a5ddd96/images/col/205/2056523-frente.jpg?sw=280&sh=280,emb. 300 ml,https://www.continente.pt/produto/laca-cabelo-elnett-satin-fixacao-extra-forte-loreal-paris-2056523.html,higiene-beleza,2025-04-21,Continente
Gel de Banho Frescura Colónia,7712093,5.06,"€3,75/un",Natural Honey,Beleza e Higiene/Corpo/Gel de Banho,https://www.continente.pt/dw/image/v2/BDVS_PRD/on/demandware.static/-/Sites-col-master-catalog/default/dw33b2f45d/images/col/771/7712093-frente.jpg?sw=280&sh=280,"emb. 1,35 lt",https://www.continente.pt/produto/gel-de-banho-frescura-colonia-natural-honey-7712093.html,higiene-beleza,2025-04-21,Continente
Toalhitas Bebé Nature Biodegradáveis,7579213,1.27,"€0,02/un",Nunex,Bebé/Fraldas e Toalhitas/Toalhitas,https://www.continente.pt/dw/image/v2/BDVS_PRD/on/demandware.static/-/Sites-col-master-catalog/default/dwd0ae2fe2/images/col/757/7579213-frente.jpg?sw=280&sh=280,emb. 54 un,https://www.continente.pt/produto/toalhitas-bebe-nature-biodegradaveis-nunex-7579213.html,higiene-beleza,2025-04-21,Continente
Condicionador Ultra Suave Carvão,7698103,3.77,"€9,42/lt",Garnier,Beleza e Higiene/Cabelo/Condicionadores,https://www.continente.pt/dw/image/v2/BDVS_PRD/on/demandware.static/-/Sites-col-master-catalog/default/dwf6ea601f/images/col/769/7698103-hero.jpg?sw=280&sh=280,emb. 400 ml,https://www.continente.pt/produto/condicionador-ultra-suave-carvao-garnier-7698103.html,higiene-beleza,2025-04-21,Continente
Champô Pro-V Active Nutri-Plex Repara e Protege,8154106,3.96,"€12,18/lt",Pantene,Beleza e Higiene/Cabelo/Champôs,https://www.continente.pt/dw/image/v2/BDVS_PRD/on/demandware.static/-/Sites-col-master-catalog/default/dw15785c97/images/col/815/8154106-hero.png?sw=280&sh=280,emb. 325 ml,https://www.continente.pt/produto/champo-pro-v-active-nutri-plex-repara-e-protege-pantene-8154106.html,higiene-beleza,2025-04-21,Continente
Gel de Banho Gentle Pamper,8062913,4.79,"€6,65/lt",Dove,Beleza e Higiene/Corpo/Gel de Banho,https://www.continente.pt/dw/image/v2/BDVS_PRD/on/demandware.static/-/Sites-col-master-catalog/default/dw1f7c5303/images/col/806/8062913-hero.jpg?sw=280&sh=280,emb. 720 ml,https://www.continente.pt/produto/gel-de-banho-gentle-pamper-dove-8062913.html,higiene-beleza,2025-04-21,Continente
Gel de Banho Cuidado Experto Protector,7795050,2.7,"€4,50/lt",Sanex,Beleza e Higiene/Corpo/Gel de Banho,https://www.continente.pt/dw/image/v2/BDVS_PRD/on/demandware.static/-/Sites-col-master-catalog/default/dw25a0c184/images/col/779/7795050-frente.jpg?sw=280&sh=280,emb. 600 ml,https://www.continente.pt/produto/gel-de-banho-cuidado-experto-protector-sanex-7795050.html,higiene-beleza,2025-04-21,Continente
Gel de Banho Moments Zen,7682658,2.84,"€4,73/lt",Natural Honey,Beleza e Higiene/Corpo/Gel de Banho,https://www.continente.pt/dw/image/v2/BDVS_PRD/on/demandware.static/-/Sites-col-master-catalog/default/dw53e69a79/images/col/768/7682658-frente.jpg?sw=280&sh=280,emb. 600 ml,https://www.continente.pt/produto/gel-de-banho-moments-zen-natural-honey-7682658.html,higiene-beleza,2025-04-21,Continente
Pasta de Dentes Multiprotection Branqueadora,7005393,3.96,"€52,80/lt",Sensodyne,Beleza e Higiene/Higiene Oral/Pastas de Dentes,https://www.continente.pt/dw/image/v2/BDVS_PRD/on/demandware.static/-/Sites-col-master-catalog/default/dwa3c6dfd1/images/col/700/7005393-frente.jpg?sw=280&sh=280,emb. 75 ml,https://www.continente.pt/produto/pasta-de-dentes-multiprotection-branqueadora-sensodyne-7005393.html,higiene-beleza,2025-04-21,Continente
Condicionador Gotas de Brilho Criança,6840661,3.59,"€7,18/lt",Johnsons Baby,Beleza e Higiene/Cabelo/Criança,https://www.continente.pt/dw/image/v2/BDVS_PRD/on/demandware.static/-/Sites-col-master-catalog/default/dw46a40b2a/images/col/684/6840661-frente.jpg?sw=280&sh=280,emb. 500 ml,https://www.continente.pt/produto/condicionador-gotas-de-brilho-crianca-johnsons-baby-6840661.html,higiene-beleza,2025-04-21,Continente
Pensos Higiénicos Silk Sensation Normal com Abas,5040146,2.2,"€0,16/un",Renova,Beleza e Higiene/Higiene Íntima/Pensos e Cuecas Menstruais,https://www.continente.pt/dw/image/v2/BDVS_PRD/on/demandware.static/-/Sites-col-master-catalog/default/dwc8c295b5/images/col/504/5040146-esquerdo-verde.jpg?sw=280&sh=280,emb. 14 un,https://www.continente.pt/produto/pensos-higienicos-silk-sensation-normal-com-abas-renova-5040146.html,higiene-beleza,2025-04-21,Continente
Pensos Higiénicos Liberty Normal,6188915,3.29,"€0,27/un",Evax,Beleza e Higiene/Higiene Íntima/Pensos e Cuecas Menstruais,https://www.continente.pt/dw/image/v2/BDVS_PRD/on/demandware.static/-/Sites-col-master-catalog/default/dw8bb5f33f/images/col/618/6188915-frente.jpg?sw=280&sh=280,emb. 12 un,https://www.continente.pt/produto/pensos-higienicos-liberty-normal-evax-6188915.html,higiene-beleza,2025-04-21,Continente
Escova de Dentes Classic Média,7746714,1.09,"€0,36/un",Continente,Beleza e Higiene/Higiene Oral/Escovas de Dentes,https://www.continente.pt/dw/image/v2/BDVS_PRD/on/demandware.static/-/Sites-col-master-catalog/default/dwddcef416/images/col/774/7746714-frente.jpg?sw=280&sh=280,emb. 3 un,https://www.continente.pt/produto/escova-de-dentes-classic-media-continente-7746714.html,higiene-beleza,2025-04-21,Continente
Gel de Banho Frutos Vermelhos,7745358,2.84,"€4,73/lt",Natural Honey,Beleza e Higiene/Corpo/Gel de Banho,https://www.continente.pt/dw/image/v2/BDVS_PRD/on/demandware.static/-/Sites-col-master-catalog/default/dw4440a9aa/images/col/774/7745358-frente.jpg?sw=280&sh=280,emb. 600 ml,https://www.continente.pt/produto/gel-de-banho-frutos-vermelhos-natural-honey-7745358.html,higiene-beleza,2025-04-21,Continente
Pensos Diários Maxi,7256197,3.99,"€0,08/un",Carefree,Beleza e Higiene/Higiene Íntima/Pensos Diários,https://www.continente.pt/dw/image/v2/BDVS_PRD/on/demandware.static/-/Sites-col-master-catalog/default/dw40fea522/images/col/725/7256197-frente.jpg?sw=280&sh=280,emb. 48 un,https://www.continente.pt/produto/pensos-diarios-maxi-carefree-7256197.html,higiene-beleza,2025-04-21,Continente
Tampão com Aplicador Comfort Normal,7462561,2.19,"€0,11/un",Continente,Beleza e Higiene/Higiene Íntima/Tampões,https://www.continente.pt/dw/image/v2/BDVS_PRD/on/demandware.static/-/Sites-col-master-catalog/default/dw62e5e91d/images/col/746/7462561-hero.jpg?sw=280&sh=280,emb. 20 un,https://www.continente.pt/produto/tampao-com-aplicador-comfort-normal-continente-7462561.html,higiene-beleza,2025-04-21,Continente
Pensos Diários Cotton Feel Normal Aloe,6933682,2.01,"€0,07/un",Carefree,Beleza e Higiene/Higiene Íntima/Pensos Diários,https://www.continente.pt/dw/image/v2/BDVS_PRD/on/demandware.static/-/Sites-col-master-catalog/default/dwbb845f24/images/col/693/6933682-frente.jpg?sw=280&sh=280,emb. 30 un,https://www.continente.pt/produto/pensos-diarios-cotton-feel-normal-aloe-carefree-6933682.html,higiene-beleza,2025-04-21,Continente
Desentupidor Gel Cabelos,8211259,5.99,"€5,99/lt",Destop,Limpeza/Casa de Banho/Desentupidores,https://www.continente.pt/dw/image/v2/BDVS_PRD/on/demandware.static/-/Sites-col-master-catalog/default/dw73621462/images/col/821/8211259-frente.jpg?sw=280&sh=280,emb. 1 lt,https://www.continente.pt/produto/desentupidor-gel-cabelos-destop-8211259.html,higiene-beleza,2025-04-21,Continente
Condicionador Pro-V Active Nutri-Plex Repara e Protege,8154217,3.96,"€14,40/lt",Pantene,Beleza e Higiene/Cabelo/Condicionadores,https://www.continente.pt/dw/image/v2/BDVS_PRD/on/demandware.static/-/Sites-col-master-catalog/default/dwf10545d1/images/col/815/8154217-hero.png?sw=280&sh=280,emb. 275 ml,https://www.continente.pt/produto/condicionador-pro-v-active-nutri-plex-repara-e-protege-pantene-8154217.html,higiene-beleza,2025-04-21,Continente
Pasta de Dentes Periogard Gengivas e Dentes Sensíveis,7512027,4.19,"€55,87/lt",Colgate,Beleza e Higiene/Higiene Oral/Pastas de Dentes,https://www.continente.pt/dw/image/v2/BDVS_PRD/on/demandware.static/-/Sites-col-master-catalog/default/dwa209be62/images/col/751/7512027-hero.png?sw=280&sh=280,emb. 75 ml,https://www.continente.pt/produto/pasta-de-dentes-periogard-gengivas-e-dentes-sensiveis-colgate-7512027.html,higiene-beleza,2025-04-21,Continente
Toalhitas Desmaquilhantes Hidratantes,3690787,2.9,"€0,12/un",Diadermine,Beleza e Higiene/Rosto/Limpeza,https://www.continente.pt/dw/image/v2/BDVS_PRD/on/demandware.static/-/Sites-col-master-catalog/default/dw76df2a91/images/col/369/3690787-frente-online.jpg?sw=280&sh=280,emb. 25 un,https://www.continente.pt/produto/toalhitas-desmaquilhantes-hidratantes-diadermine-3690787.html,higiene-beleza,2025-04-21,Continente
Toalhitas de Limpeza Biodegradáveis,6379486,3.59,"€0,14/un",Nivea,Beleza e Higiene/Rosto/Limpeza,https://www.continente.pt/dw/image/v2/BDVS_PRD/on/demandware.static/-/Sites-col-master-catalog/default/dwd3cb7a27/images/col/637/6379486-hero.jpg?sw=280&sh=280,emb. 50 un,https://www.continente.pt/produto/toalhitas-de-limpeza-biodegradaveis-nivea-6379486.html,higiene-beleza,2025-04-21,Continente
Desodorizante Roll On Active Freshness,8175585,1.74,"€34,80/lt",Sanex,Beleza e Higiene/Corpo/Desodorizantes,https://www.continente.pt/dw/image/v2/BDVS_PRD/on/demandware.static/-/Sites-col-master-catalog/default/dwcd9d13dc/images/col/817/8175585-hero.png?sw=280&sh=280,emb. 50 ml,https://www.continente.pt/produto/desodorizante-roll-on-active-freshness-sanex-8175585.html,higiene-beleza,2025-04-21,Continente
Desodorizante Spray Pure & Natural,4626247,2.99,"€19,93/lt",Nivea,Beleza e Higiene/Corpo/Desodorizantes,https://www.continente.pt/dw/image/v2/BDVS_PRD/on/demandware.static/-/Sites-col-master-catalog/default/dw73bc3928/images/col/462/4626247-hero.jpg?sw=280&sh=280,emb. 150 ml,https://www.continente.pt/produto/desodorizante-spray-pure-natural-nivea-4626247.html,higiene-beleza,2025-04-21,Continente
Pensos Higiénicos Cottonlike Super com Abas,8388269,5.71,"€0,16/un",Evax,Beleza e Higiene/Higiene Íntima/Pensos e Cuecas Menstruais,https://www.continente.pt/dw/image/v2/BDVS_PRD/on/demandware.static/-/Sites-col-master-catalog/default/dw7cf13dc8/images/col/838/8388269-hero.png?sw=280&sh=280,emb. 28 un + 8 un GRÁTIS,https://www.continente.pt/produto/pensos-higienicos-cottonlike-super-com-abas-evax-8388269.html,higiene-beleza,2025-04-21,Continente
Tampão Digital Comfort Normal,4113143,1.89,"€0,06/un",Continente,Beleza e Higiene/Higiene Íntima/Tampões,https://www.continente.pt/dw/image/v2/BDVS_PRD/on/demandware.static/-/Sites-col-master-catalog/default/dw34b4a979/images/col/411/4113143-hero.jpg?sw=280&sh=280,emb. 32 un,https://www.continente.pt/produto/tampao-digital-comfort-normal-continente-4113143.html,higiene-beleza,2025-04-21,Continente
Cuecas Incontinência M,7453360,7.7,"€0,96/un",Lindor,Beleza e Higiene/Homem/Incontinência,https://www.continente.pt/dw/image/v2/BDVS_PRD/on/demandware.static/-/Sites-col-master-catalog/default/dw049d7b90/images/col/745/7453360-hero.jpg?sw=280&sh=280,emb. 8 un,https://www.continente.pt/produto/cuecas-incontinencia-m-lindor-7453360.html,higiene-beleza,2025-04-21,Continente
Elixir Bucal Dentes e Gengivas,4124385,2.69,"€10,76/lt",Listerine,Beleza e Higiene/Higiene Oral/Elixires Bucais,https://www.continente.pt/dw/image/v2/BDVS_PRD/on/demandware.static/-/Sites-col-master-catalog/default/dw55f8b21d/images/col/412/4124385-frente.jpg?sw=280&sh=280,emb. 250 ml,https://www.continente.pt/produto/elixir-bucal-dentes-e-gengivas-listerine-4124385.html,higiene-beleza,2025-04-21,Continente
Sabonete Líquido Eco Recarga Hidratante,2431083,3.17,"€6,34/lt",Dove,Beleza e Higiene/Corpo/Sabonetes,https://www.continente.pt/dw/image/v2/BDVS_PRD/on/demandware.static/-/Sites-col-master-catalog/default/dw12019b14/images/col/243/2431083-hero.jpg?sw=280&sh=280,emb. 500 ml,https://www.continente.pt/produto/sabonete-liquido-eco-recarga-hidratante-dove-2431083.html,higiene-beleza,2025-04-21,Continente
Batom Vinyl Ink 25 Red Hot,7658243,11.49,"€11,49/un",Maybelline New York,Beleza e Higiene/Maquilhagem/Lábios,https://www.continente.pt/dw/image/v2/BDVS_PRD/on/demandware.static/-/Sites-col-master-catalog/default/dw9a663865/images/col/765/7658243-hero.jpg?sw=280&sh=280,emb. 1 un,https://www.continente.pt/produto/batom-vinyl-ink-25-red-hot-maybelline-new-york-7658243.html,higiene-beleza,2025-04-21,Continente
Máscara Cabelo Caracóis Perfeitos,7415224,6.96,"€13,92/lt",Pantene,Beleza e Higiene/Cabelo/Máscaras e Tratamentos,https://www.continente.pt/dw/image/v2/BDVS_PRD/on/demandware.static/-/Sites-col-master-catalog/default/dw813e1fe5/images/col/741/7415224-hero.png?sw=280&sh=280,emb. 500 ml,https://www.continente.pt/produto/mascara-cabelo-caracois-perfeitos-pantene-7415224.html,higiene-beleza,2025-04-21,Continente
Sabonete Líquido Desinfetante Nutritivo,6789218,2.51,"€10,04/lt",Sanytol,Beleza e Higiene/Corpo/Sabonetes,https://www.continente.pt/dw/image/v2/BDVS_PRD/on/demandware.static/-/Sites-col-master-catalog/default/dwe26a39aa/images/col/678/6789218-frente.png?sw=280&sh=280,emb. 250 ml,https://www.continente.pt/produto/sabonete-liquido-desinfetante-nutritivo-sanytol-6789218.html,higiene-beleza,2025-04-21,Continente
Champô Ultra Suave Água de Arroz,8069017,10.6,"€8,83/lt",Garnier,Beleza e Higiene/Cabelo/Champôs,https://www.continente.pt/dw/image/v2/BDVS_PRD/on/demandware.static/-/Sites-col-master-catalog/default/dw646cc63b/images/col/806/8069017-hero.jpg?sw=280&sh=280,emb. 3 x 400 ml,https://www.continente.pt/produto/champo-ultra-suave-agua-de-arroz-garnier-8069017.html,higiene-beleza,2025-04-21,Continente
Desodorizante Spray Invisible Black & White Clothes,5864039,2.99,"€19,93/lt",Rexona,Beleza e Higiene/Homem/Desodorizantes,https://www.continente.pt/dw/image/v2/BDVS_PRD/on/demandware.static/-/Sites-col-master-catalog/default/dwedce598b/images/col/586/5864039-hero.jpg?sw=280&sh=280,emb. 150 ml,https://www.continente.pt/produto/desodorizante-spray-invisible-black-white-clothes-rexona-5864039.html,higiene-beleza,2025-04-21,Continente
Champô Caracóis,7257667,4.01,"€9,11/lt",Syoss,Beleza e Higiene/Cabelo/Champôs,https://www.continente.pt/dw/image/v2/BDVS_PRD/on/demandware.static/-/Sites-col-master-catalog/default/dwed1ea01a/images/col/725/7257667-frente.jpg?sw=280&sh=280,emb. 440 ml,https://www.continente.pt/produto/champo-caracois-syoss-7257667.html,higiene-beleza,2025-04-21,Continente
Escova de Dentes Interdental Média,3704055,3.36,"€1,68/un",Aquafresh,Beleza e Higiene/Higiene Oral/Escovas de Dentes,https://www.continente.pt/dw/image/v2/BDVS_PRD/on/demandware.static/-/Sites-col-master-catalog/default/dw0e9565d0/images/col/370/3704055-frente.jpg?sw=280&sh=280,emb. 3 un,https://www.continente.pt/produto/escova-de-dentes-interdental-media-aquafresh-3704055.html,higiene-beleza,2025-04-21,Continente
Creme de Rosto Men Hyaluron Anti-Idade FPS15,4048597,10.49,"€209,80/lt",Nivea,Beleza e Higiene/Homem/Rosto,https://www.continente.pt/dw/image/v2/BDVS_PRD/on/demandware.static/-/Sites-col-master-catalog/default/dw5943e36b/images/col/404/4048597-frente-1.jpg?sw=280&sh=280,emb. 50 ml,https://www.continente.pt/produto/creme-de-rosto-men-hyaluron-anti-idade-fps15-nivea-4048597.html,higiene-beleza,2025-04-21,Continente
Gel de Banho Nourishing Care,8084179,4.37,"€7,28/lt",Dove,Beleza e Higiene/Corpo/Gel de Banho,https://www.continente.pt/dw/image/v2/BDVS_PRD/on/demandware.static/-/Sites-col-master-catalog/default/dwe3043cb5/images/col/808/8084179-hero.jpg?sw=280&sh=280,emb. 600 ml,https://www.continente.pt/produto/gel-de-banho-nourishing-care-dove-8084179.html,higiene-beleza,2025-04-21,Continente
Toalhitas Desmaquilhantes Micelares,8045112,0.89,"€0,03/un",MyLabel,Beleza e Higiene/Rosto/Limpeza,https://www.continente.pt/dw/image/v2/BDVS_PRD/on/demandware.static/-/Sites-col-master-catalog/default/dw1ed78d8f/images/col/804/8045112-topshot.png?sw=280&sh=280,emb. 30 un,https://www.continente.pt/produto/toalhitas-desmaquilhantes-micelares-mylabel-8045112.html,higiene-beleza,2025-04-21,Continente
Sabonete Sólido Limão,3700207,2.2,"€13,75/kg",Ach. Brito,Beleza e Higiene/Corpo/Sabonetes,https://www.continente.pt/dw/image/v2/BDVS_PRD/on/demandware.static/-/Sites-col-master-catalog/default/dw8e39bfa2/images/col/370/3700207-frente.jpg?sw=280&sh=280,emb. 160 gr,https://www.continente.pt/produto/sabonete-solido-limao-ach.-brito-3700207.html,higiene-beleza,2025-04-21,Continente
Champô Pro-V Active Nutri-Plex Purificante,8154161,3.96,"€12,18/lt",Pantene,Beleza e Higiene/Cabelo/Champôs,https://www.continente.pt/dw/image/v2/BDVS_PRD/on/demandware.static/-/Sites-col-master-catalog/default/dw12360269/images/col/815/8154161-hero.png?sw=280&sh=280,emb. 325 ml,https://www.continente.pt/produto/champo-pro-v-active-nutri-plex-purificante-pantene-8154161.html,higiene-beleza,2025-04-21,Continente
Desodorizante Roll On Protect & Care,5725813,2.99,"€59,80/lt",Nivea,Beleza e Higiene/Corpo/Desodorizantes,https://www.continente.pt/dw/image/v2/BDVS_PRD/on/demandware.static/-/Sites-col-master-catalog/default/dwbc05a839/images/col/572/5725813-hero.jpg?sw=280&sh=280,emb. 50 ml,https://www.continente.pt/produto/desodorizante-roll-on-protect-care-nivea-5725813.html,higiene-beleza,2025-04-21,Continente
Desodorizante Spray Excite,4612235,3.29,"€21,93/lt",Axe,Beleza e Higiene/Homem/Desodorizantes,https://www.continente.pt/dw/image/v2/BDVS_PRD/on/demandware.static/-/Sites-col-master-catalog/default/dw444ec993/images/col/461/4612235-hero.jpg?sw=280&sh=280,emb. 150 ml,https://www.continente.pt/produto/desodorizante-spray-excite-axe-4612235.html,higiene-beleza,2025-04-21,Continente
Eau de Parfum nº 66,5691466,12.99,"€86,60/lt",Caravan,Beleza e Higiene/Corpo/Colónias e Perfumes,https://www.continente.pt/dw/image/v2/BDVS_PRD/on/demandware.static/-/Sites-col-master-catalog/default/dw1eb09bcd/images/col/569/5691466-frente.png?sw=280&sh=280,emb. 150 ml,https://www.continente.pt/produto/eau-de-parfum-n-66-caravan-5691466.html,higiene-beleza,2025-04-21,Continente
Escova de Dentes Criança 6-9 Anos,8168808,0.99,"€0,50/un",Continente,Beleza e Higiene/Higiene Oral/Higiene Oral Infantil,https://www.continente.pt/dw/image/v2/BDVS_PRD/on/demandware.static/-/Sites-col-master-catalog/default/dw08f69818/images/col/816/8168808-frente.png?sw=280&sh=280,emb. 2 un,https://www.continente.pt/produto/escova-de-dentes-crianca-6-9-anos-continente-8168808.html,higiene-beleza,2025-04-21,Continente
Desodorizante Spray Shower Fresh 48H,7849728,2.69,"€17,93/lt",Rexona,Beleza e Higiene/Corpo/Desodorizantes,https://www.continente.pt/dw/image/v2/BDVS_PRD/on/demandware.static/-/Sites-col-master-catalog/default/dw8d55aef6/images/col/784/7849728-hero.jpg?sw=280&sh=280,emb. 150 ml,https://www.continente.pt/produto/desodorizante-spray-shower-fresh-48h-rexona-7849728.html,higiene-beleza,2025-04-21,Continente
Pensos Higiénicos Comfort Normal com Abas,7453898,1.19,"€0,07/un",Continente,Beleza e Higiene/Higiene Íntima/Pensos e Cuecas Menstruais,https://www.continente.pt/dw/image/v2/BDVS_PRD/on/demandware.static/-/Sites-col-master-catalog/default/dw70ae0727/images/col/745/7453898-hero.jpg?sw=280&sh=280,emb. 16 un,https://www.continente.pt/produto/pensos-higienicos-comfort-normal-com-abas-continente-7453898.html,higiene-beleza,2025-04-21,Continente
Creme de Rosto Dia Q10 Power Antirrugas,2075715,9.74,"€194,80/lt",Nivea,Beleza e Higiene/Rosto/Antirrugas e Refirmantes,https://www.continente.pt/dw/image/v2/BDVS_PRD/on/demandware.static/-/Sites-col-master-catalog/default/dw58b36ed5/images/col/207/2075715-hero.jpg?sw=280&sh=280,emb. 50 ml,https://www.continente.pt/produto/creme-de-rosto-dia-q10-power-antirrugas-nivea-2075715.html,higiene-beleza,2025-04-21,Continente
Desodorizante Spray Invisible 72H,7755311,3.29,"€16,45/lt",Rexona,Beleza e Higiene/Homem/Desodorizantes,https://www.continente.pt/dw/image/v2/BDVS_PRD/on/demandware.static/-/Sites-col-master-catalog/default/dwa48dbec4/images/col/775/7755311-hero.jpg?sw=280&sh=280,emb. 200 ml,https://www.continente.pt/produto/desodorizante-spray-invisible-72h-rexona-7755311.html,higiene-beleza,2025-04-21,Continente
Elixir Bucal Intense Clean Energy Fresh,5745658,3.56,"€7,12/lt",Aquafresh,Beleza e Higiene/Higiene Oral/Elixires Bucais,https://www.continente.pt/dw/image/v2/BDVS_PRD/on/demandware.static/-/Sites-col-master-catalog/default/dw50cb91c7/images/col/574/5745658-frente.jpg?sw=280&sh=280,emb. 500 ml,https://www.continente.pt/produto/elixir-bucal-intense-clean-energy-fresh-aquafresh-5745658.html,higiene-beleza,2025-04-21,Continente
Pasta de Dentes Sensitive,7508083,1.39,"€11,12/lt",Continente,Beleza e Higiene/Higiene Oral/Pastas de Dentes,https://www.continente.pt/dw/image/v2/BDVS_PRD/on/demandware.static/-/Sites-col-master-catalog/default/dwfc4cedcc/images/col/750/7508083-frente.jpg?sw=280&sh=280,emb. 125 ml,https://www.continente.pt/produto/pasta-de-dentes-sensitive-continente-7508083.html,higiene-beleza,2025-04-21,Continente
Coloração Permanente Good Castanho Mocaccino 6.0,7694893,12.99,"€12,99/un",Garnier,Beleza e Higiene/Cabelo/Colorações,https://www.continente.pt/dw/image/v2/BDVS_PRD/on/demandware.static/-/Sites-col-master-catalog/default/dw9c19280d/images/col/769/7694893-frente.jpg?sw=280&sh=280,emb. 1 un,https://www.continente.pt/produto/coloracao-permanente-good-castanho-mocaccino-6.0-garnier-7694893.html,higiene-beleza,2025-04-21,Continente
Gel de Banho Arando e Maracujá,7052636,3.5,"€5,00/lt",Bioten,Beleza e Higiene/Corpo/Gel de Banho,https://www.continente.pt/dw/image/v2/BDVS_PRD/on/demandware.static/-/Sites-col-master-catalog/default/dwd936a5a2/images/col/705/7052636-frente.jpg?sw=280&sh=280,emb. 700 ml,https://www.continente.pt/produto/gel-de-banho-arando-e-maracuja-bioten-7052636.html,higiene-beleza,2025-04-21,Continente
Sabonete Sólido Nutricuida Óleo de Oliva e Camomila,6206981,3.34,"€9,28/kg",Feno,Beleza e Higiene/Corpo/Sabonetes,https://www.continente.pt/dw/image/v2/BDVS_PRD/on/demandware.static/-/Sites-col-master-catalog/default/dwaefe458f/images/col/620/6206981-frente.jpg?sw=280&sh=280,emb. 4 x 90 gr,https://www.continente.pt/produto/sabonete-solido-nutricuida-oleo-de-oliva-e-camomila-feno-6206981.html,higiene-beleza,2025-04-21,Continente
Gel de Banho Hipoalergénico Hidrata Óleo de Oliva e Camomila,7808378,3.0,"€4,62/lt",Feno,Beleza e Higiene/Corpo/Gel de Banho,https://www.continente.pt/dw/image/v2/BDVS_PRD/on/demandware.static/-/Sites-col-master-catalog/default/dw052e5a74/images/col/780/7808378-frente.jpg?sw=280&sh=280,emb. 650 ml,https://www.continente.pt/produto/gel-de-banho-hipoalergenico-hidrata-oleo-de-oliva-e-camomila-feno-7808378.html,higiene-beleza,2025-04-21,Continente
Pensos Diários Salvaslip Adaptáveis,4220343,2.59,"€0,09/un",Evax,Beleza e Higiene/Higiene Íntima/Pensos Diários,https://www.continente.pt/dw/image/v2/BDVS_PRD/on/demandware.static/-/Sites-col-master-catalog/default/dw08d38efa/images/col/422/4220343-hero.jpg?sw=280&sh=280,emb. 30 un,https://www.continente.pt/produto/pensos-diarios-salvaslip-adaptaveis-evax-4220343.html,higiene-beleza,2025-04-21,Continente
Gel de Banho Chá Verde Açores,8094866,2.25,"€4,98/lt",Feno,Beleza e Higiene/Corpo/Gel de Banho,https://www.continente.pt/dw/image/v2/BDVS_PRD/on/demandware.static/-/Sites-col-master-catalog/default/dwe6729197/images/col/809/8094866-frente.png?sw=280&sh=280,emb. 450 ml,https://www.continente.pt/produto/gel-de-banho-cha-verde-acores-feno-8094866.html,higiene-beleza,2025-04-21,Continente
Sérum de Rosto Luminous 630 Skin Glow,8398643,13.64,"€454,67/lt",Nivea,Beleza e Higiene/Rosto/Hidratação,https://www.continente.pt/dw/image/v2/BDVS_PRD/on/demandware.static/-/Sites-col-master-catalog/default/dw72bb7da3/images/col/839/8398643-hero.jpg?sw=280&sh=280,emb. 30 ml,https://www.continente.pt/produto/serum-de-rosto-luminous-630-skin-glow-nivea-8398643.html,higiene-beleza,2025-04-21,Continente
Gel de Banho Advanced Care Anti-Stress,8062882,4.37,"€7,28/lt",Dove,Beleza e Higiene/Corpo/Gel de Banho,https://www.continente.pt/dw/image/v2/BDVS_PRD/on/demandware.static/-/Sites-col-master-catalog/default/dw56d93af8/images/col/806/8062882-hero.jpg?sw=280&sh=280,emb. 600 ml,https://www.continente.pt/produto/gel-de-banho-advanced-care-anti-stress-dove-8062882.html,higiene-beleza,2025-04-21,Continente
Pastilhas Limpeza de Próteses,8198439,2.99,"€0,09/un",Bonyplus,Beleza e Higiene/Higiene Oral/Cuidados para Próteses,https://www.continente.pt/dw/image/v2/BDVS_PRD/on/demandware.static/-/Sites-col-master-catalog/default/dw02492fd5/images/col/819/8198439-frente.jpg?sw=280&sh=280,emb. 32 un,https://www.continente.pt/produto/pastilhas-limpeza-de-proteses-bonyplus-8198439.html,higiene-beleza,2025-04-21,Continente
Desodorizante Spray Dry Fresh,7358272,2.69,"€17,93/lt",Nivea,Beleza e Higiene/Corpo/Desodorizantes,https://www.continente.pt/dw/image/v2/BDVS_PRD/on/demandware.static/-/Sites-col-master-catalog/default/dwb23e00a3/images/col/735/7358272-hero.jpg?sw=280&sh=280,emb. 150 ml,https://www.continente.pt/produto/desodorizante-spray-dry-fresh-nivea-7358272.html,higiene-beleza,2025-04-21,Continente
Gel de Banho Pêssego e Nectarina Bio,8054138,3.49,"€5,37/lt",Le Petit Marseillais,Beleza e Higiene/Corpo/Gel de Banho,https://www.continente.pt/dw/image/v2/BDVS_PRD/on/demandware.static/-/Sites-col-master-catalog/default/dw5d5a5c88/images/col/805/8054138-frente.png?sw=280&sh=280,emb. 650 ml,https://www.continente.pt/produto/gel-de-banho-pessego-e-nectarina-bio-le-petit-marseillais-8054138.html,higiene-beleza,2025-04-21,Continente
Toalhitas Incontinência Dermo,6688215,3.95,"€3,95/un",Lindor,Beleza e Higiene/Higiene Íntima/Toalhitas Íntimas,https://www.continente.pt/dw/image/v2/BDVS_PRD/on/demandware.static/-/Sites-col-master-catalog/default/dwcc308a3d/images/col/668/6688215-frente.jpg?sw=280&sh=280,emb. 40 un,https://www.continente.pt/produto/toalhitas-incontinencia-dermo-lindor-6688215.html,higiene-beleza,2025-04-21,Continente
Champô Pro-V Active Nutri-Plex Cuidado Clássico,8154125,3.96,"€12,18/lt",Pantene,Beleza e Higiene/Cabelo/Champôs,https://www.continente.pt/dw/image/v2/BDVS_PRD/on/demandware.static/-/Sites-col-master-catalog/default/dwe675a90f/images/col/815/8154125-hero.png?sw=280&sh=280,emb. 325 ml,https://www.continente.pt/produto/champo-pro-v-active-nutri-plex-cuidado-classico-pantene-8154125.html,higiene-beleza,2025-04-21,Continente
Pasta de Dentes Criança Splash Morango 3 a 8 Anos,7429952,2.61,"€34,80/lt",Aquafresh,Beleza e Higiene/Higiene Oral/Pastas de Dentes,https://www.continente.pt/dw/image/v2/BDVS_PRD/on/demandware.static/-/Sites-col-master-catalog/default/dw8ea07842/images/col/742/7429952-frente.jpg?sw=280&sh=280,emb. 75 ml,https://www.continente.pt/produto/pasta-de-dentes-crianca-splash-morango-3-a-8-anos-aquafresh-7429952.html,higiene-beleza,2025-04-21,Continente
Cuecas Incontinência Discreet Boutique M,6465803,8.99,"€1,00/un",Ausonia Discreet,Beleza e Higiene/Higiene Íntima/Incontinência/Cuecas Incontinência,https://www.continente.pt/dw/image/v2/BDVS_PRD/on/demandware.static/-/Sites-col-master-catalog/default/dwf44e4afb/images/col/646/6465803-hero.jpg?sw=280&sh=280,emb. 9 un,https://www.continente.pt/produto/cuecas-incontinencia-discreet-boutique-m-ausonia-discreet-6465803.html,higiene-beleza,2025-04-21,Continente
Elixir Bucal Sensitive,8083634,1.49,"€2,98/lt",Continente,Beleza e Higiene/Higiene Oral/Elixires Bucais,https://www.continente.pt/dw/image/v2/BDVS_PRD/on/demandware.static/-/Sites-col-master-catalog/default/dw715ef48e/images/col/808/8083634-frente.png?sw=280&sh=280,emb. 500 ml,https://www.continente.pt/produto/elixir-bucal-sensitive-continente-8083634.html,higiene-beleza,2025-04-21,Continente
Desodorizante Roll On Narta InvisiMax,4274339,4.49,"€89,80/lt",Garnier,Beleza e Higiene/Homem/Desodorizantes,https://www.continente.pt/dw/image/v2/BDVS_PRD/on/demandware.static/-/Sites-col-master-catalog/default/dwfad64daa/images/col/427/4274339-hero.jpg?sw=280&sh=280,emb. 50 ml,https://www.continente.pt/produto/desodorizante-roll-on-narta-invisimax-garnier-4274339.html,higiene-beleza,2025-04-21,Continente
Desodorizante Spray Dark Temptation,4381452,3.29,"€21,93/lt",Axe,Beleza e Higiene/Homem/Desodorizantes,https://www.continente.pt/dw/image/v2/BDVS_PRD/on/demandware.static/-/Sites-col-master-catalog/default/dwb5938c63/images/col/438/4381452-hero.jpg?sw=280&sh=280,emb. 150 ml,https://www.continente.pt/produto/desodorizante-spray-dark-temptation-axe-4381452.html,higiene-beleza,2025-04-21,Continente
Desodorizante Roll On Men Cool Kick,2813289,4.49,"€89,80/lt",Nivea,Beleza e Higiene/Homem/Desodorizantes,https://www.continente.pt/dw/image/v2/BDVS_PRD/on/demandware.static/-/Sites-col-master-catalog/default/dw904f3047/images/col/281/2813289-hero.jpg?sw=280&sh=280,emb. 50 ml,https://www.continente.pt/produto/desodorizante-roll-on-men-cool-kick-nivea-2813289.html,higiene-beleza,2025-04-21,Continente
Rotina Cabelo Glycolic Gloss,foodhbelviveglycolicrotina,27.82,,,Beleza e Higiene/Cabelo,https://www.continente.pt/dw/image/v2/BDVS_PRD/on/demandware.static/-/Sites-col-master-catalog/default/dwb590e662/images/col/foo/foodhbelviveglycolicrotina-frente.jpg?sw=280&sh=280,,https://www.continente.pt/produto/rotina-cabelo-glycolic-gloss-foodhbelviveglycolicrotina.html,higiene-beleza,2025-04-21,Continente
Desodorizante Roll On Men Fresh Sensation,7795009,4.99,"€99,80/lt",Nivea,Beleza e Higiene/Homem/Desodorizantes,https://www.continente.pt/dw/image/v2/BDVS_PRD/on/demandware.static/-/Sites-col-master-catalog/default/dwd09ffc92/images/col/779/7795009-hero.jpg?sw=280&sh=280,emb. 50 ml,https://www.continente.pt/produto/desodorizante-roll-on-men-fresh-sensation-nivea-7795009.html,higiene-beleza,2025-04-21,Continente
Gel de Banho Amêndoas Doces,7994723,3.21,"€4,28/lt",Vaseline,Beleza e Higiene/Corpo/Gel de Banho,https://www.continente.pt/dw/image/v2/BDVS_PRD/on/demandware.static/-/Sites-col-master-catalog/default/dw763f591e/images/col/799/7994723-hero.png?sw=280&sh=280,emb. 750 ml,https://www.continente.pt/produto/gel-de-banho-amendoas-doces-vaseline-7994723.html,higiene-beleza,2025-04-21,Continente
Desodorizante Roll-On Men Invisible Dry 72h,8015883,2.75,"€55,00/lt",Dove,Beleza e Higiene/Corpo/Desodorizantes,https://www.continente.pt/dw/image/v2/BDVS_PRD/on/demandware.static/-/Sites-col-master-catalog/default/dw58283f3d/images/col/801/8015883-hero.png?sw=280&sh=280,emb. 50 ml,https://www.continente.pt/produto/desodorizante-roll-on-men-invisible-dry-72h-dove-8015883.html,higiene-beleza,2025-04-21,Continente
Sabonete Sólido Soft Glow,7619362,1.0,"€11,11/kg",Lux,Beleza e Higiene/Corpo/Sabonetes,https://www.continente.pt/dw/image/v2/BDVS_PRD/on/demandware.static/-/Sites-col-master-catalog/default/dwd23cc852/images/col/761/7619362-hero.png?sw=280&sh=280,emb. 90 gr,https://www.continente.pt/produto/sabonete-solido-soft-glow-lux-7619362.html,higiene-beleza,2025-04-21,Continente
Gel Íntimo Sensitive,7646812,2.29,"€3,82/lt",Continente,Beleza e Higiene/Higiene Íntima/Gel e Sabonetes Íntimos,https://www.continente.pt/dw/image/v2/BDVS_PRD/on/demandware.static/-/Sites-col-master-catalog/default/dw55a2946c/images/col/764/7646812-frente.jpg?sw=280&sh=280,emb. 600 ml,https://www.continente.pt/produto/gel-intimo-sensitive-continente-7646812.html,higiene-beleza,2025-04-21,Continente
Pensos Higiénicos Comfort Normal sem Abas,7453897,1.59,"€0,05/un",Continente,Beleza e Higiene/Higiene Íntima/Pensos e Cuecas Menstruais,https://www.continente.pt/dw/image/v2/BDVS_PRD/on/demandware.static/-/Sites-col-master-catalog/default/dw2aff0f20/images/col/745/7453897-hero.jpg?sw=280&sh=280,emb. 32 un,https://www.continente.pt/produto/pensos-higienicos-comfort-normal-sem-abas-continente-7453897.html,higiene-beleza,2025-04-21,Continente
Desodorizante Roll-On Shower Fresh,4625778,2.57,"€51,40/lt",Rexona,Beleza e Higiene/Corpo/Desodorizantes,https://www.continente.pt/dw/image/v2/BDVS_PRD/on/demandware.static/-/Sites-col-master-catalog/default/dw88c97ff4/images/col/462/4625778-hero.png?sw=280&sh=280,emb. 50 ml,https://www.continente.pt/produto/desodorizante-roll-on-shower-fresh-rexona-4625778.html,higiene-beleza,2025-04-21,Continente
Champô Elvive Color Vive Refill,8259479,3.89,"€7,78/lt",LOréal Paris,Beleza e Higiene/Cabelo/Champôs,https://www.continente.pt/dw/image/v2/BDVS_PRD/on/demandware.static/-/Sites-col-master-catalog/default/dw1ea473be/images/col/825/8259479-hero-1.jpg?sw=280&sh=280,emb. 500 ml,https://www.continente.pt/produto/champo-elvive-color-vive-refill-loreal-paris-8259479.html,higiene-beleza,2025-04-21,Continente
Champô Elvive Hidra Hialurónico,7514163,6.59,"€9,41/lt",LOréal Paris,Beleza e Higiene/Cabelo/Champôs,https://www.continente.pt/dw/image/v2/BDVS_PRD/on/demandware.static/-/Sites-col-master-catalog/default/dw83dcc8cd/images/col/751/7514163-hero.jpg?sw=280&sh=280,emb. 700 ml,https://www.continente.pt/produto/champo-elvive-hidra-hialuronico-loreal-paris-7514163.html,higiene-beleza,2025-04-21,Continente
Gel Higiene Íntima Antisséptico Sensitive,4692521,4.8,"€24,00/lt",Dystron,Beleza e Higiene/Higiene Íntima/Gel e Sabonetes Íntimos,https://www.continente.pt/dw/image/v2/BDVS_PRD/on/demandware.static/-/Sites-col-master-catalog/default/dw94fc7552/images/col/469/4692521-frente.jpg?sw=280&sh=280,emb. 200 ml,https://www.continente.pt/produto/gel-higiene-intima-antisseptico-sensitive-dystron-4692521.html,higiene-beleza,2025-04-21,Continente
Desodorizante Roll On Biorythm,3911072,2.57,"€51,40/lt",Rexona,Beleza e Higiene/Corpo/Desodorizantes,https://www.continente.pt/dw/image/v2/BDVS_PRD/on/demandware.static/-/Sites-col-master-catalog/default/dw2f9f000d/images/col/391/3911072-hero.png?sw=280&sh=280,emb. 50 ml,https://www.continente.pt/produto/desodorizante-roll-on-biorythm-rexona-3911072.html,higiene-beleza,2025-04-21,Continente
Cuecas Incontinência Pants Super M,5255713,13.98,"€1,17/un",Tena,Beleza e Higiene/Higiene Íntima/Incontinência/Cuecas Incontinência,https://www.continente.pt/dw/image/v2/BDVS_PRD/on/demandware.static/-/Sites-col-master-catalog/default/dwcad8375a/images/col/525/5255713-hero.png?sw=280&sh=280,emb. 12 un,https://www.continente.pt/produto/cuecas-incontinencia-pants-super-m-tena-5255713.html,higiene-beleza,2025-04-21,Continente
Pensos Rápidos Resistentes à Água,4226635,0.99,"€0,05/un",Continente,Beleza e Higiene/Lenços e Cuidados de Saúde/Cuidados de Saúde,https://www.continente.pt/dw/image/v2/BDVS_PRD/on/demandware.static/-/Sites-col-master-catalog/default/dwf559a801/images/col/422/4226635-frente.jpg?sw=280&sh=280,emb. 20 un,https://www.continente.pt/produto/pensos-rapidos-resistentes-a-agua-continente-4226635.html,higiene-beleza,2025-04-21,Continente
Desodorizante Spray Powder 48H,7790034,2.99,"€19,93/lt",Dove,Beleza e Higiene/Corpo/Desodorizantes,https://www.continente.pt/dw/image/v2/BDVS_PRD/on/demandware.static/-/Sites-col-master-catalog/default/dw80265df0/images/col/779/7790034-hero.jpg?sw=280&sh=280,emb. 150 ml,https://www.continente.pt/produto/desodorizante-spray-powder-48h-dove-7790034.html,higiene-beleza,2025-04-21,Continente
Desodorizante Hidra Essencial,7059167,3.29,"€65,80/lt",Vaseline,Beleza e Higiene/Corpo/Desodorizantes,https://www.continente.pt/dw/image/v2/BDVS_PRD/on/demandware.static/-/Sites-col-master-catalog/default/dw5910db89/images/col/705/7059167-hero.jpg?sw=280&sh=280,emb. 50 ml,https://www.continente.pt/produto/desodorizante-hidra-essencial-vaseline-7059167.html,higiene-beleza,2025-04-21,Continente
Coloração Temporária para Barba Castanho Escuro,4011923,12.69,"€453,21/lt",Just For Men,Beleza e Higiene/Homem/Barba,https://www.continente.pt/dw/image/v2/BDVS_PRD/on/demandware.static/-/Sites-col-master-catalog/default/dwbdd4fa66/images/col/401/4011923-esquerdo.jpg?sw=280&sh=280,emb. 1 un,https://www.continente.pt/produto/coloracao-temporaria-para-barba-castanho-escuro-just-for-men-4011923.html,higiene-beleza,2025-04-21,Continente
Desodorizante Roll On Men Deep,6514312,4.99,"€99,80/lt",Nivea,Beleza e Higiene/Homem/Desodorizantes,https://www.continente.pt/dw/image/v2/BDVS_PRD/on/demandware.static/-/Sites-col-master-catalog/default/dwb2e6aae8/images/col/651/6514312-hero.jpg?sw=280&sh=280,emb. 50 ml,https://www.continente.pt/produto/desodorizante-roll-on-men-deep-nivea-6514312.html,higiene-beleza,2025-04-21,Continente
Champô Anticaspa Controlo de Oleosidade,7196532,4.94,"€13,72/lt",Linic,Beleza e Higiene/Homem/Cabelo,https://www.continente.pt/dw/image/v2/BDVS_PRD/on/demandware.static/-/Sites-col-master-catalog/default/dwc676222a/images/col/719/7196532-hero.png?sw=280&sh=280,emb. 360 ml,https://www.continente.pt/produto/champo-anticaspa-controlo-de-oleosidade-linic-7196532.html,higiene-beleza,2025-04-21,Continente
Toalhitas Íntimas XL Biodegradáveis,7632721,2.71,"€2,71/un",Intimus,Beleza e Higiene/Higiene Íntima/Toalhitas Íntimas,https://www.continente.pt/dw/image/v2/BDVS_PRD/on/demandware.static/-/Sites-col-master-catalog/default/dwb8f31447/images/col/763/7632721-frente.jpg?sw=280&sh=280,emb. 60 un,https://www.continente.pt/produto/toalhitas-intimas-xl-biodegradaveis-intimus-7632721.html,higiene-beleza,2025-04-21,Continente
Laca Cabelo Normal,2054036,5.99,"€19,97/lt",Sunsilk,"Beleza e Higiene/Cabelo/Spray, Espuma, Creme e Gel/Laca e Spray",https://www.continente.pt/dw/image/v2/BDVS_PRD/on/demandware.static/-/Sites-col-master-catalog/default/dw5ebe063c/images/col/205/2054036-hero.jpg?sw=280&sh=280,emb. 300 ml,https://www.continente.pt/produto/laca-cabelo-normal-sunsilk-2054036.html,higiene-beleza,2025-04-21,Continente
Desodorizante Spray Original,2138329,2.47,"€16,47/lt",Old Spice,Beleza e Higiene/Homem/Desodorizantes,https://www.continente.pt/dw/image/v2/BDVS_PRD/on/demandware.static/-/Sites-col-master-catalog/default/dwf53e9f58/images/col/213/2138329-hero.png?sw=280&sh=280,emb. 150 ml,https://www.continente.pt/produto/desodorizante-spray-original-old-spice-2138329.html,higiene-beleza,2025-04-21,Continente
Condicionador Ultra Suave Leite de Coco e Macadâmia,6175089,3.77,"€9,42/lt",Garnier,Beleza e Higiene/Cabelo/Condicionadores,https://www.continente.pt/dw/image/v2/BDVS_PRD/on/demandware.static/-/Sites-col-master-catalog/default/dwf1ab5641/images/col/617/6175089-hero.jpg?sw=280&sh=280,emb. 400 ml,https://www.continente.pt/produto/condicionador-ultra-suave-leite-de-coco-e-macadamia-garnier-6175089.html,higiene-beleza,2025-04-21,Continente
Toalhitas Íntimas Aloe Vera,7136394,3.49,"€3,49/un",Fresh&Clean,Beleza e Higiene/Higiene Íntima/Toalhitas Íntimas,https://www.continente.pt/dw/image/v2/BDVS_PRD/on/demandware.static/-/Sites-col-master-catalog/default/dw178e9742/images/col/713/7136394-frente.jpg?sw=280&sh=280,emb. 20 un,https://www.continente.pt/produto/toalhitas-intimas-aloe-vera-fresh-clean-7136394.html,higiene-beleza,2025-04-21,Continente
Gel de Banho Advanced Care Reviving,8062909,2.99,"€7,48/lt",Dove,Beleza e Higiene/Corpo/Gel de Banho,https://www.continente.pt/dw/image/v2/BDVS_PRD/on/demandware.static/-/Sites-col-master-catalog/default/dw7fee76ca/images/col/806/8062909-hero.jpg?sw=280&sh=280,emb. 400 ml,https://www.continente.pt/produto/gel-de-banho-advanced-care-reviving-dove-8062909.html,higiene-beleza,2025-04-21,Continente
Gel de Banho Memories Summer Dream,7416089,2.99,"€5,98/lt",Palmolive,Beleza e Higiene/Corpo/Gel de Banho,https://www.continente.pt/dw/image/v2/BDVS_PRD/on/demandware.static/-/Sites-col-master-catalog/default/dw5960442a/images/col/741/7416089-hero.jpg?sw=280&sh=280,emb. 500 ml,https://www.continente.pt/produto/gel-de-banho-memories-summer-dream-palmolive-7416089.html,higiene-beleza,2025-04-21,Continente
Toalhitas Desmaquilhantes Micellair Professional,6849091,4.49,"€0,22/un",Nivea,Beleza e Higiene/Rosto/Limpeza,https://www.continente.pt/dw/image/v2/BDVS_PRD/on/demandware.static/-/Sites-col-master-catalog/default/dwaa0a1a26/images/col/684/6849091-hero.jpg?sw=280&sh=280,emb. 20 un,https://www.continente.pt/produto/toalhitas-desmaquilhantes-micellair-professional-nivea-6849091.html,higiene-beleza,2025-04-21,Continente
Toalhitas Antibacterianas Maçã Verde,7156062,0.99,"€0,99/un",Septona,Beleza e Higiene/Lenços e Cuidados de Saúde/Cuidados de Saúde,https://www.continente.pt/dw/image/v2/BDVS_PRD/on/demandware.static/-/Sites-col-master-catalog/default/dw7e375eba/images/col/715/7156062-frente.jpg?sw=280&sh=280,emb. 15 un,https://www.continente.pt/produto/toalhitas-antibacterianas-maca-verde-septona-7156062.html,higiene-beleza,2025-04-21,Continente
Gel de Banho Rosas e Jasmim,7994721,3.21,"€4,28/lt",Vaseline,Beleza e Higiene/Corpo/Gel de Banho,https://www.continente.pt/dw/image/v2/BDVS_PRD/on/demandware.static/-/Sites-col-master-catalog/default/dwbbc24017/images/col/799/7994721-hero.png?sw=280&sh=280,emb. 750 ml,https://www.continente.pt/produto/gel-de-banho-rosas-e-jasmim-vaseline-7994721.html,higiene-beleza,2025-04-21,Continente
Sabonete Sólido Velvet Glow,7626234,1.0,"€11,11/kg",Lux,Beleza e Higiene/Corpo/Sabonetes,https://www.continente.pt/dw/image/v2/BDVS_PRD/on/demandware.static/-/Sites-col-master-catalog/default/dwb0ecb3bb/images/col/762/7626234-hero.png?sw=280&sh=280,emb. 90 gr,https://www.continente.pt/produto/sabonete-solido-velvet-glow-lux-7626234.html,higiene-beleza,2025-04-21,Continente
Spray Depilatório Expert Corpo Pele Sensível,4226411,9.09,"€60,60/lt",Veet,Beleza e Higiene/Corpo/Depilação e Descoloração,https://www.continente.pt/dw/image/v2/BDVS_PRD/on/demandware.static/-/Sites-col-master-catalog/default/dw3a6588ec/images/col/422/4226411-hero.jpg?sw=280&sh=280,emb. 150 ml,https://www.continente.pt/produto/spray-depilatorio-expert-corpo-pele-sensivel-veet-4226411.html,higiene-beleza,2025-04-21,Continente
Fraldas Ecológicas 4-8kg T2,7800146,12.69,"€0,33/un",Kit&Kin,"Bebé/Fraldas e Toalhitas/Fraldas <2kg/2-5kg/3-6kg (T0, T1 e T2)",https://www.continente.pt/dw/image/v2/BDVS_PRD/on/demandware.static/-/Sites-col-master-catalog/default/dw9bb3f37f/images/col/780/7800146-frente.jpg?sw=280&sh=280,emb. 38 un,https://www.continente.pt/produto/fraldas-ecologicas-4-8kg-t2-kit-kin-7800146.html,higiene-beleza,2025-04-21,Continente
Creme de Rosto Men Expert Stop Rides 30+,2990171,9.09,"€181,80/lt",LOréal Paris,Beleza e Higiene/Homem/Rosto,https://www.continente.pt/dw/image/v2/BDVS_PRD/on/demandware.static/-/Sites-col-master-catalog/default/dw9a630f6d/images/col/299/2990171-frente-1.jpg?sw=280&sh=280,emb. 50 ml,https://www.continente.pt/produto/creme-de-rosto-men-expert-stop-rides-30-loreal-paris-2990171.html,higiene-beleza,2025-04-21,Continente
Pensos Diários Plus Long,6929694,4.99,"€0,12/un",Carefree,Beleza e Higiene/Higiene Íntima/Pensos Diários,https://www.continente.pt/dw/image/v2/BDVS_PRD/on/demandware.static/-/Sites-col-master-catalog/default/dw5b32a40e/images/col/692/6929694-frente.jpg?sw=280&sh=280,emb. 40 un,https://www.continente.pt/produto/pensos-diarios-plus-long-carefree-6929694.html,higiene-beleza,2025-04-21,Continente
Toalhitas Íntimas Sensitive,7755513,0.99,"€0,05/un",Continente,Beleza e Higiene/Higiene Íntima/Toalhitas Íntimas,https://www.continente.pt/dw/image/v2/BDVS_PRD/on/demandware.static/-/Sites-col-master-catalog/default/dwe4fd9508/images/col/775/7755513-frente.png?sw=280&sh=280,emb. 20 un,https://www.continente.pt/produto/toalhitas-intimas-sensitive-continente-7755513.html,higiene-beleza,2025-04-21,Continente
Desodorizante Creme Original,2383653,3.59,"€71,80/lt",Dove,Beleza e Higiene/Corpo/Desodorizantes,https://www.continente.pt/dw/image/v2/BDVS_PRD/on/demandware.static/-/Sites-col-master-catalog/default/dwfca9a6c7/images/col/238/2383653-hero.jpg?sw=280&sh=280,emb. 50 ml,https://www.continente.pt/produto/desodorizante-creme-original-dove-2383653.html,higiene-beleza,2025-04-21,Continente
Condicionador Hidrata Coco,8154003,4.98,"€14,23/lt",Herbal Essences,Beleza e Higiene/Cabelo/Condicionadores,https://www.continente.pt/dw/image/v2/BDVS_PRD/on/demandware.static/-/Sites-col-master-catalog/default/dw9cceee76/images/col/815/8154003-frente.png?sw=280&sh=280,emb. 350 ml,https://www.continente.pt/produto/condicionador-hidrata-coco-herbal-essences-8154003.html,higiene-beleza,2025-04-21,Continente
Acetona com Doseador,5137265,1.29,"€6,45/lt",MyLabel,Beleza e Higiene/Maquilhagem/Unhas,https://www.continente.pt/dw/image/v2/BDVS_PRD/on/demandware.static/-/Sites-col-master-catalog/default/dwa00ec927/images/col/513/5137265-frente.jpg?sw=280&sh=280,emb. 200 ml,https://www.continente.pt/produto/acetona-com-doseador-mylabel-5137265.html,higiene-beleza,2025-04-21,Continente
Pensos Higiénicos Liberty Normal com Abas,6188913,3.29,"€0,27/un",Evax,Beleza e Higiene/Higiene Íntima/Pensos e Cuecas Menstruais,https://www.continente.pt/dw/image/v2/BDVS_PRD/on/demandware.static/-/Sites-col-master-catalog/default/dw4f627f54/images/col/618/6188913-frente.jpg?sw=280&sh=280,emb. 12 un,https://www.continente.pt/produto/pensos-higienicos-liberty-normal-com-abas-evax-6188913.html,higiene-beleza,2025-04-21,Continente
Creme Fixador Próteses Dentárias Forte,7981206,8.69,"€112,86/kg",Polident,Beleza e Higiene/Higiene Oral/Cuidados para Próteses,https://www.continente.pt/dw/image/v2/BDVS_PRD/on/demandware.static/-/Sites-col-master-catalog/default/dw15a1bd64/images/col/798/7981206-cima.png?sw=280&sh=280,emb. 77 gr,https://www.continente.pt/produto/creme-fixador-proteses-dentarias-forte-polident-7981206.html,higiene-beleza,2025-04-21,Continente
Pensos Diários Protegeslip Maxi,6475333,1.83,"€0,06/un",Ausonia,Beleza e Higiene/Higiene Íntima/Pensos Diários,https://www.continente.pt/dw/image/v2/BDVS_PRD/on/demandware.static/-/Sites-col-master-catalog/default/dwc59c61e9/images/col/647/6475333-hero.jpg?sw=280&sh=280,emb. 30 un,https://www.continente.pt/produto/pensos-diarios-protegeslip-maxi-ausonia-6475333.html,higiene-beleza,2025-04-21,Continente
Desodorizante Roll On Men Protect & Care,5725812,4.99,"€99,80/lt",Nivea,Beleza e Higiene/Homem/Desodorizantes,https://www.continente.pt/dw/image/v2/BDVS_PRD/on/demandware.static/-/Sites-col-master-catalog/default/dwf5313397/images/col/572/5725812-hero.jpg?sw=280&sh=280,emb. 50 ml,https://www.continente.pt/produto/desodorizante-roll-on-men-protect-care-nivea-5725812.html,higiene-beleza,2025-04-21,Continente
Gel de Banho Naturals Orquidea,7416075,3.29,"€5,06/lt",Palmolive,Beleza e Higiene/Corpo/Gel de Banho,https://www.continente.pt/dw/image/v2/BDVS_PRD/on/demandware.static/-/Sites-col-master-catalog/default/dwdef720cb/images/col/741/7416075-frente-1.jpg?sw=280&sh=280,emb. 650 ml,https://www.continente.pt/produto/gel-de-banho-naturals-orquidea-palmolive-7416075.html,higiene-beleza,2025-04-21,Continente
Escova de Dentes Multicare Média,5610355,2.99,"€1,50/un",Sensodyne,Beleza e Higiene/Higiene Oral/Escovas de Dentes,https://www.continente.pt/dw/image/v2/BDVS_PRD/on/demandware.static/-/Sites-col-master-catalog/default/dwc037de25/images/col/561/5610355-frente.jpg?sw=280&sh=280,emb. 2 un,https://www.continente.pt/produto/escova-de-dentes-multicare-media-sensodyne-5610355.html,higiene-beleza,2025-04-21,Continente
Coloração Permanente Good Castanho Glacé 4.15,7694890,12.99,"€12,99/un",Garnier,Beleza e Higiene/Cabelo/Colorações,https://www.continente.pt/dw/image/v2/BDVS_PRD/on/demandware.static/-/Sites-col-master-catalog/default/dw6bc978b6/images/col/769/7694890-frente.jpg?sw=280&sh=280,emb. 1 un,https://www.continente.pt/produto/coloracao-permanente-good-castanho-glace-4.15-garnier-7694890.html,higiene-beleza,2025-04-21,Continente
Creme de Rosto Labs Hidratante Rápida Absorção,7647322,11.99,"€11,99/un",Gillette,Beleza e Higiene/Homem/Rosto,https://www.continente.pt/dw/image/v2/BDVS_PRD/on/demandware.static/-/Sites-col-master-catalog/default/dw74e07bfd/images/col/764/7647322-hero.jpg?sw=280&sh=280,emb. 100 ml,https://www.continente.pt/produto/creme-de-rosto-labs-hidratante-rapida-absorcao-gillette-7647322.html,higiene-beleza,2025-04-21,Continente
Esponja de Banho Puff,3074960,0.85,"€0,85/un",Continente,Beleza e Higiene/Corpo/Acessórios,https://www.continente.pt/dw/image/v2/BDVS_PRD/on/demandware.static/-/Sites-col-master-catalog/default/dw60fe066a/images/col/307/3074960-frente.jpg?sw=280&sh=280,emb. 1 un,https://www.continente.pt/produto/esponja-de-banho-puff-continente-3074960.html,higiene-beleza,2025-04-21,Continente
Desodorizante Roll On Dermo Invisible 24H,5340768,1.74,"€34,80/lt",Sanex,Beleza e Higiene/Corpo/Desodorizantes,https://www.continente.pt/dw/image/v2/BDVS_PRD/on/demandware.static/-/Sites-col-master-catalog/default/dw3b9670f8/images/col/534/5340768-hero.jpg?sw=280&sh=280,emb. 50 ml,https://www.continente.pt/produto/desodorizante-roll-on-dermo-invisible-24h-sanex-5340768.html,higiene-beleza,2025-04-21,Continente
Espuma Cabelo Pro-V Caracóis Perfeitos,7653737,5.27,"€17,57/lt",Pantene,"Beleza e Higiene/Cabelo/Spray, Espuma, Creme e Gel/Espuma e Creme",https://www.continente.pt/dw/image/v2/BDVS_PRD/on/demandware.static/-/Sites-col-master-catalog/default/dwe042e078/images/col/765/7653737-frente.jpg?sw=280&sh=280,emb. 300 ml,https://www.continente.pt/produto/espuma-cabelo-pro-v-caracois-perfeitos-pantene-7653737.html,higiene-beleza,2025-04-21,Continente
Gel de Banho Monoi,8095627,1.89,"€2,52/lt",MyLabel,Beleza e Higiene/Corpo/Gel de Banho,https://www.continente.pt/dw/image/v2/BDVS_PRD/on/demandware.static/-/Sites-col-master-catalog/default/dw96bdad23/images/col/809/8095627-frente.jpg?sw=280&sh=280,emb. 750 ml,https://www.continente.pt/produto/gel-de-banho-monoi-mylabel-8095627.html,higiene-beleza,2025-04-21,Continente
Desodorizante Spray Men Fresh Sensation,7787983,2.99,"€19,93/lt",Nivea,Beleza e Higiene/Homem/Desodorizantes,https://www.continente.pt/dw/image/v2/BDVS_PRD/on/demandware.static/-/Sites-col-master-catalog/default/dw453d86e6/images/col/778/7787983-hero.jpg?sw=280&sh=280,emb. 150 ml,https://www.continente.pt/produto/desodorizante-spray-men-fresh-sensation-nivea-7787983.html,higiene-beleza,2025-04-21,Continente
Creme de Rosto Mel de Manuka,8113132,13.35,,The Saem,Beleza e Higiene/Rosto/Hidratação,https://www.continente.pt/dw/image/v2/BDVS_PRD/on/demandware.static/-/Sites-col-master-catalog/default/dwf91e0792/images/col/811/8113132-frente.jpg?sw=280&sh=280,emb. 100 ml,https://www.continente.pt/produto/creme-de-rosto-mel-de-manuka-the-saem-8113132.html,higiene-beleza,2025-04-21,Continente
Desodorizante Roll On Men Expert Carbon Protect,4860531,4.49,"€89,80/lt",LOréal Paris,Beleza e Higiene/Homem/Desodorizantes,https://www.continente.pt/dw/image/v2/BDVS_PRD/on/demandware.static/-/Sites-col-master-catalog/default/dwac9963d6/images/col/486/4860531-frente.jpg?sw=280&sh=280,emb. 50 ml,https://www.continente.pt/produto/desodorizante-roll-on-men-expert-carbon-protect-loreal-paris-4860531.html,higiene-beleza,2025-04-21,Continente
Desodorizante Spray Cucumber,7757071,2.99,"€19,93/lt",Dove,Beleza e Higiene/Corpo/Desodorizantes,https://www.continente.pt/dw/image/v2/BDVS_PRD/on/demandware.static/-/Sites-col-master-catalog/default/dwa72ca5bf/images/col/775/7757071-frente.jpg?sw=280&sh=280,emb. 150 ml,https://www.continente.pt/produto/desodorizante-spray-cucumber-dove-7757071.html,higiene-beleza,2025-04-21,Continente
Desodorizante Roll On Pure & Natural,4626253,2.99,"€59,80/lt",Nivea,Beleza e Higiene/Corpo/Desodorizantes,https://www.continente.pt/dw/image/v2/BDVS_PRD/on/demandware.static/-/Sites-col-master-catalog/default/dw5475566b/images/col/462/4626253-hero.jpg?sw=280&sh=280,emb. 50 ml,https://www.continente.pt/produto/desodorizante-roll-on-pure-natural-nivea-4626253.html,higiene-beleza,2025-04-21,Continente
Gel de Banho Silky Velvet,8084160,4.99,"€11,09/lt",Dove,Beleza e Higiene/Corpo/Gel de Banho,https://www.continente.pt/dw/image/v2/BDVS_PRD/on/demandware.static/-/Sites-col-master-catalog/default/dw5cb461b5/images/col/808/8084160-hero.jpg?sw=280&sh=280,emb. 450 ml,https://www.continente.pt/produto/gel-de-banho-silky-velvet-dove-8084160.html,higiene-beleza,2025-04-21,Continente
Champô Liso Keratina Smooth,8015771,5.99,"€8,74/lt",Tresemmé,Beleza e Higiene/Cabelo/Champôs,https://www.continente.pt/dw/image/v2/BDVS_PRD/on/demandware.static/-/Sites-col-master-catalog/default/dwd830c957/images/col/801/8015771-hero.png?sw=280&sh=280,emb. 685 ml,https://www.continente.pt/produto/champo-liso-keratina-smooth-tresemme-8015771.html,higiene-beleza,2025-04-21,Continente
Elixir Bucal Periogard Cuidado das Gengivas,7510929,4.86,"€12,15/lt",Colgate,Beleza e Higiene/Higiene Oral/Elixires Bucais,https://www.continente.pt/dw/image/v2/BDVS_PRD/on/demandware.static/-/Sites-col-master-catalog/default/dwbffdfe4b/images/col/751/7510929-hero.jpg?sw=280&sh=280,emb. 400 ml,https://www.continente.pt/produto/elixir-bucal-periogard-cuidado-das-gengivas-colgate-7510929.html,higiene-beleza,2025-04-21,Continente
Compressas 5 x 5 cm,7644085,0.89,"€0,01/un",Continente,Beleza e Higiene/Lenços e Cuidados de Saúde/Cuidados de Saúde,https://www.continente.pt/dw/image/v2/BDVS_PRD/on/demandware.static/-/Sites-col-master-catalog/default/dwa6c31f80/images/col/764/7644085-frente.png?sw=280&sh=280,emb. 100 un,https://www.continente.pt/produto/compressas-5-x-5-cm-continente-7644085.html,higiene-beleza,2025-04-21,Continente
Gel de Barbear Series Suavizante,5977559,4.99,"€24,95/lt",Gillette,Beleza e Higiene/Homem/Barba,https://www.continente.pt/dw/image/v2/BDVS_PRD/on/demandware.static/-/Sites-col-master-catalog/default/dwf37e977b/images/col/597/5977559-hero.jpg?sw=280&sh=280,emb. 200 ml,https://www.continente.pt/produto/gel-de-barbear-series-suavizante-gillette-5977559.html,higiene-beleza,2025-04-21,Continente
Desodorizante Roll On Dry Fresh,6580702,3.36,"€67,20/lt",Nivea,Beleza e Higiene/Corpo/Desodorizantes,https://www.continente.pt/dw/image/v2/BDVS_PRD/on/demandware.static/-/Sites-col-master-catalog/default/dw62dedd83/images/col/658/6580702-hero.jpg?sw=280&sh=280,emb. 50 ml,https://www.continente.pt/produto/desodorizante-roll-on-dry-fresh-nivea-6580702.html,higiene-beleza,2025-04-21,Continente
Pensos Rápidos Sortidos Criança,2209616,0.39,"€0,02/un",Continente,Beleza e Higiene/Lenços e Cuidados de Saúde/Cuidados de Saúde,https://www.continente.pt/dw/image/v2/BDVS_PRD/on/demandware.static/-/Sites-col-master-catalog/default/dw55b14289/images/col/220/2209616-frente.jpg?sw=280&sh=280,emb. 20 un,https://www.continente.pt/produto/pensos-rapidos-sortidos-crianca-continente-2209616.html,higiene-beleza,2025-04-21,Continente
Desodorizante Spray Clay Minerals,7719786,2.24,"€14,93/lt",Bioten,Beleza e Higiene/Corpo/Desodorizantes,https://www.continente.pt/dw/image/v2/BDVS_PRD/on/demandware.static/-/Sites-col-master-catalog/default/dwbcb79af3/images/col/771/7719786-frente.jpg?sw=280&sh=280,emb. 150 ml,https://www.continente.pt/produto/desodorizante-spray-clay-minerals-bioten-7719786.html,higiene-beleza,2025-04-21,Continente
Escova de Dentes Green Clean Criança 5 a 10 Anos,6939754,2.24,"€2,24/un",Jordan,Beleza e Higiene/Higiene Oral/Higiene Oral Infantil,https://www.continente.pt/dw/image/v2/BDVS_PRD/on/demandware.static/-/Sites-col-master-catalog/default/dw553b1f48/images/col/693/6939754-frente-01.jpg?sw=280&sh=280,emb. 1 un,https://www.continente.pt/produto/escova-de-dentes-green-clean-crianca-5-a-10-anos-jordan-6939754.html,higiene-beleza,2025-04-21,Continente
Gel de Banho Leite e Mel,7549997,5.29,"€7,05/lt",Corine de Farme,Beleza e Higiene/Corpo/Gel de Banho,https://www.continente.pt/dw/image/v2/BDVS_PRD/on/demandware.static/-/Sites-col-master-catalog/default/dwf42d8c49/images/col/754/7549997-frente.jpg?sw=280&sh=280,emb. 750 ml,https://www.continente.pt/produto/gel-de-banho-leite-e-mel-corine-de-farme-7549997.html,higiene-beleza,2025-04-21,Continente
Bandas Depilatórias Cera Fria Expert Facial Pele Normal,7733017,6.99,"€0,22/un",Veet,Beleza e Higiene/Corpo/Depilação e Descoloração,https://www.continente.pt/dw/image/v2/BDVS_PRD/on/demandware.static/-/Sites-col-master-catalog/default/dwe720ecae/images/col/773/7733017-hero.jpg?sw=280&sh=280,emb. 32 un,https://www.continente.pt/produto/bandas-depilatorias-cera-fria-expert-facial-pele-normal-veet-7733017.html,higiene-beleza,2025-04-21,Continente
Gel de Banho Amêndoas Doces Bio,8054266,3.49,"€5,37/lt",Le Petit Marseillais,Beleza e Higiene/Corpo/Gel de Banho,https://www.continente.pt/dw/image/v2/BDVS_PRD/on/demandware.static/-/Sites-col-master-catalog/default/dw430e050b/images/col/805/8054266-frente.png?sw=280&sh=280,emb. 650 ml,https://www.continente.pt/produto/gel-de-banho-amendoas-doces-bio-le-petit-marseillais-8054266.html,higiene-beleza,2025-04-21,Continente
Sabonete Líquido Hidratante Naturals Leite Amêndoa,2501471,2.27,"€7,57/lt",Palmolive,Beleza e Higiene/Corpo/Sabonetes,https://www.continente.pt/dw/image/v2/BDVS_PRD/on/demandware.static/-/Sites-col-master-catalog/default/dw7cee159a/images/col/250/2501471-hero.jpg?sw=280&sh=280,emb. 300 ml,https://www.continente.pt/produto/sabonete-liquido-hidratante-naturals-leite-amendoa-palmolive-2501471.html,higiene-beleza,2025-04-21,Continente
Condicionador Keratin Smooth,8063742,3.77,"€9,42/lt",Tresemmé,Beleza e Higiene/Cabelo/Condicionadores,https://www.continente.pt/dw/image/v2/BDVS_PRD/on/demandware.static/-/Sites-col-master-catalog/default/dw1eacb238/images/col/806/8063742-hero.png?sw=280&sh=280,emb. 400 ml,https://www.continente.pt/produto/condicionador-keratin-smooth-tresemme-8063742.html,higiene-beleza,2025-04-21,Continente
Sabonete Sólido Regular,7750402,1.39,"€15,44/kg",Dove,Beleza e Higiene/Corpo/Sabonetes,https://www.continente.pt/dw/image/v2/BDVS_PRD/on/demandware.static/-/Sites-col-master-catalog/default/dwdba1634a/images/col/775/7750402-frente.jpg?sw=280&sh=280,emb. 90 gr,https://www.continente.pt/produto/sabonete-solido-regular-dove-7750402.html,higiene-beleza,2025-04-21,Continente
Champô Anticaspa Legend CR7,7169605,3.32,"€14,76/lt",Linic,Beleza e Higiene/Homem/Cabelo,https://www.continente.pt/dw/image/v2/BDVS_PRD/on/demandware.static/-/Sites-col-master-catalog/default/dwa3bbbb12/images/col/716/7169605-hero.jpg?sw=280&sh=280,emb. 225 ml,https://www.continente.pt/produto/champo-anticaspa-legend-cr7-linic-7169605.html,higiene-beleza,2025-04-21,Continente
Condicionador Ultra Suave Abacate e Carité,5813475,3.77,"€9,42/lt",Garnier,Beleza e Higiene/Cabelo/Condicionadores,https://www.continente.pt/dw/image/v2/BDVS_PRD/on/demandware.static/-/Sites-col-master-catalog/default/dw3c4805fd/images/col/581/5813475-hero.jpg?sw=280&sh=280,emb. 400 ml,https://www.continente.pt/produto/condicionador-ultra-suave-abacate-e-carite-garnier-5813475.html,higiene-beleza,2025-04-21,Continente
Gel de Banho Leite e Baunilha Bio,8054254,3.49,"€5,37/lt",Le Petit Marseillais,Beleza e Higiene/Corpo/Gel de Banho,https://www.continente.pt/dw/image/v2/BDVS_PRD/on/demandware.static/-/Sites-col-master-catalog/default/dwd9e6e8a8/images/col/805/8054254-frente.png?sw=280&sh=280,emb. 650 ml,https://www.continente.pt/produto/gel-de-banho-leite-e-baunilha-bio-le-petit-marseillais-8054254.html,higiene-beleza,2025-04-21,Continente
Champô Ultra Suave Argila Suave e Limão,5960919,3.77,"€9,42/lt",Garnier,Beleza e Higiene/Cabelo/Champôs,https://www.continente.pt/dw/image/v2/BDVS_PRD/on/demandware.static/-/Sites-col-master-catalog/default/dw9da62806/images/col/596/5960919-hero.jpg?sw=280&sh=280,emb. 400 ml,https://www.continente.pt/produto/champo-ultra-suave-argila-suave-e-limao-garnier-5960919.html,higiene-beleza,2025-04-21,Continente
Condicionador Pro-V Active Nutri-Plex Suave e Liso,8154218,3.96,"€14,40/lt",Pantene,Beleza e Higiene/Cabelo/Condicionadores,https://www.continente.pt/dw/image/v2/BDVS_PRD/on/demandware.static/-/Sites-col-master-catalog/default/dw13844afd/images/col/815/8154218-hero.png?sw=280&sh=280,emb. 275 ml,https://www.continente.pt/produto/condicionador-pro-v-active-nutri-plex-suave-e-liso-pantene-8154218.html,higiene-beleza,2025-04-21,Continente
Gel de Barbear Sensitive,7950091,1.59,"€7,95/lt",MyLabel,Beleza e Higiene/Homem/Rosto,https://www.continente.pt/dw/image/v2/BDVS_PRD/on/demandware.static/-/Sites-col-master-catalog/default/dw62fad74d/images/col/795/7950091-frente.png?sw=280&sh=280,emb. 200 ml,https://www.continente.pt/produto/gel-de-barbear-sensitive-mylabel-7950091.html,higiene-beleza,2025-04-21,Continente
Creme de Rosto Men Protect&Care Hidratante,6076290,9.99,"€133,20/lt",Nivea,Beleza e Higiene/Homem/Rosto,https://www.continente.pt/dw/image/v2/BDVS_PRD/on/demandware.static/-/Sites-col-master-catalog/default/dwfb382772/images/col/607/6076290-frente.jpg?sw=280&sh=280,emb. 75 ml,https://www.continente.pt/produto/creme-de-rosto-men-protect-care-hidratante-nivea-6076290.html,higiene-beleza,2025-04-21,Continente
Adesivos Faciais Pure Active Borbulhas,8276502,9.99,"€9,99/un",Garnier,Beleza e Higiene/Rosto/Acne e Pele Oleosa,https://www.continente.pt/dw/image/v2/BDVS_PRD/on/demandware.static/-/Sites-col-master-catalog/default/dw473f5a31/images/col/827/8276502-frente.jpg?sw=280&sh=280,emb. 22 un,https://www.continente.pt/produto/adesivos-faciais-pure-active-borbulhas-garnier-8276502.html,higiene-beleza,2025-04-21,Continente
Elixir Bucal Plax Menta Suave,4307206,4.21,"€8,42/lt",Colgate,Beleza e Higiene/Higiene Oral/Elixires Bucais,https://www.continente.pt/dw/image/v2/BDVS_PRD/on/demandware.static/-/Sites-col-master-catalog/default/dwab9b6dd2/images/col/430/4307206-hero.jpg?sw=280&sh=280,emb. 500 ml,https://www.continente.pt/produto/elixir-bucal-plax-menta-suave-colgate-4307206.html,higiene-beleza,2025-04-21,Continente
Fio Dentário 3 em 1,6312396,4.99,"€0,50/un",Jordan,Beleza e Higiene/Higiene Oral/Fio e Fita Dentária,https://www.continente.pt/dw/image/v2/BDVS_PRD/on/demandware.static/-/Sites-col-master-catalog/default/dw2cb7e9fd/images/col/631/6312396-frente-01.jpg?sw=280&sh=280,emb. 36 un,https://www.continente.pt/produto/fio-dentario-3-em-1-jordan-6312396.html,higiene-beleza,2025-04-21,Continente
Desodorizante Roll On Protect&Care,8063428,0.79,"€15,80/lt",MyLabel,Beleza e Higiene/Homem/Desodorizantes,https://www.continente.pt/dw/image/v2/BDVS_PRD/on/demandware.static/-/Sites-col-master-catalog/default/dwb69bbe3c/images/col/806/8063428-frente.png?sw=280&sh=280,emb. 1 un,https://www.continente.pt/produto/desodorizante-roll-on-protect-care-mylabel-8063428.html,higiene-beleza,2025-04-21,Continente
Escova de Dentes Bebé 0 a 2 Anos,8090237,1.49,"€1,49/un",Continente do Bebé,Beleza e Higiene/Higiene Oral/Higiene Oral Infantil,https://www.continente.pt/dw/image/v2/BDVS_PRD/on/demandware.static/-/Sites-col-master-catalog/default/dwe4d4feae/images/col/809/8090237-frente.jpg?sw=280&sh=280,emb. 1 un,https://www.continente.pt/produto/escova-de-dentes-bebe-0-a-2-anos-continente-do-bebe-8090237.html,higiene-beleza,2025-04-21,Continente
Champô Volume,7291129,4.01,"€9,11/lt",Syoss,Beleza e Higiene/Cabelo/Champôs,https://www.continente.pt/dw/image/v2/BDVS_PRD/on/demandware.static/-/Sites-col-master-catalog/default/dw07908dd2/images/col/729/7291129-frente.jpg?sw=280&sh=280,emb. 440 ml,https://www.continente.pt/produto/champo-volume-syoss-7291129.html,higiene-beleza,2025-04-21,Continente
Gel de Banho Calming Care Bath,8148367,4.99,"€6,93/lt",Dove,Beleza e Higiene/Corpo/Gel de Banho,https://www.continente.pt/dw/image/v2/BDVS_PRD/on/demandware.static/-/Sites-col-master-catalog/default/dwe86ca21a/images/col/814/8148367-hero.jpg?sw=280&sh=280,emb. 720 ml,https://www.continente.pt/produto/gel-de-banho-calming-care-bath-dove-8148367.html,higiene-beleza,2025-04-21,Continente
Coloração Retoca Raízes Magic Retouch Spray Castanho 3,7944682,9.89,"€131,87/lt",LOréal Paris,Beleza e Higiene/Cabelo/Colorações,https://www.continente.pt/dw/image/v2/BDVS_PRD/on/demandware.static/-/Sites-col-master-catalog/default/dwd41fa45d/images/col/794/7944682-frente.png?sw=280&sh=280,emb. 75 ml,https://www.continente.pt/produto/coloracao-retoca-raizes-magic-retouch-spray-castanho-3-loreal-paris-7944682.html,higiene-beleza,2025-04-21,Continente
Bandas Depilatórias Cera Fria Expert Corpo Pele Normal,7732104,8.99,"€0,30/un",Veet,Beleza e Higiene/Corpo/Depilação e Descoloração,https://www.continente.pt/dw/image/v2/BDVS_PRD/on/demandware.static/-/Sites-col-master-catalog/default/dwb8c90153/images/col/773/7732104-hero.jpg?sw=280&sh=280,emb. 30 un,https://www.continente.pt/produto/bandas-depilatorias-cera-fria-expert-corpo-pele-normal-veet-7732104.html,higiene-beleza,2025-04-21,Continente
Pensos Rápidos Sortidos Clássicos,2060400,0.48,"€0,02/un",Continente,Beleza e Higiene/Lenços e Cuidados de Saúde/Cuidados de Saúde,https://www.continente.pt/dw/image/v2/BDVS_PRD/on/demandware.static/-/Sites-col-master-catalog/default/dw2012c620/images/col/206/2060400-frente.jpg?sw=280&sh=280,emb. 30 un,https://www.continente.pt/produto/pensos-rapidos-sortidos-classicos-continente-2060400.html,higiene-beleza,2025-04-21,Continente
BB Cream Bege Natural N.23,7983879,9.9,"€9,90/un",Missha,Beleza e Higiene/Rosto/Hidratação,https://www.continente.pt/dw/image/v2/BDVS_PRD/on/demandware.static/-/Sites-col-master-catalog/default/dw199c43f7/images/col/798/7983879-frente.jpg?sw=280&sh=280,emb. 20 ml,https://www.continente.pt/produto/bb-cream-bege-natural-n.23-missha-7983879.html,higiene-beleza,2025-04-21,Continente
Toalhitas Íntimas Sensitive Saquetas,7755515,1.89,"€0,09/un",Continente,Beleza e Higiene/Higiene Íntima/Toalhitas Íntimas,https://www.continente.pt/dw/image/v2/BDVS_PRD/on/demandware.static/-/Sites-col-master-catalog/default/dwa84137d8/images/col/775/7755515-hero.jpg?sw=280&sh=280,emb. 20 un,https://www.continente.pt/produto/toalhitas-intimas-sensitive-saquetas-continente-7755515.html,higiene-beleza,2025-04-21,Continente
Pasta de Dentes 3D White Brancura do Ártico,5241999,3.19,"€42,53/lt",Oral-B,Beleza e Higiene/Higiene Oral/Pastas de Dentes,https://www.continente.pt/dw/image/v2/BDVS_PRD/on/demandware.static/-/Sites-col-master-catalog/default/dwd1ccf4f2/images/col/524/5241999-hero.png?sw=280&sh=280,emb. 75 ml,https://www.continente.pt/produto/pasta-de-dentes-3d-white-brancura-do-artico-oral-b-5241999.html,higiene-beleza,2025-04-21,Continente
Desodorizante Roll-On Protect & Care Original,8063355,0.79,"€15,80/lt",MyLabel,Beleza e Higiene/Corpo/Desodorizantes,https://www.continente.pt/dw/image/v2/BDVS_PRD/on/demandware.static/-/Sites-col-master-catalog/default/dw8d464336/images/col/806/8063355-frente.png?sw=280&sh=280,emb. 50 ml,https://www.continente.pt/produto/desodorizante-roll-on-protect-care-original-mylabel-8063355.html,higiene-beleza,2025-04-21,Continente
Pensos Higiénicos Normal com Abas Algodão Orgânico,7811637,1.39,"€0,10/un",Continente,Beleza e Higiene/Higiene Íntima/Pensos e Cuecas Menstruais,https://www.continente.pt/dw/image/v2/BDVS_PRD/on/demandware.static/-/Sites-col-master-catalog/default/dwd533dda7/images/col/781/7811637-frente.jpg?sw=280&sh=280,emb. 14 un,https://www.continente.pt/produto/pensos-higienicos-normal-com-abas-algodao-organico-continente-7811637.html,higiene-beleza,2025-04-21,Continente
Discos de Algodão Desmaquilhantes Não Branqueados Cocoon Redondos,7161998,1.99,"€0,02/un",DemakUp,Beleza e Higiene/Rosto/Limpeza,https://www.continente.pt/dw/image/v2/BDVS_PRD/on/demandware.static/-/Sites-col-master-catalog/default/dw801a3992/images/col/716/7161998-hero.png?sw=280&sh=280,emb. 85 un,https://www.continente.pt/produto/discos-de-algodao-desmaquilhantes-nao-branqueados-cocoon-redondos-demakup-7161998.html,higiene-beleza,2025-04-21,Continente
Sabonete Sólido Velvet Glow,7626247,3.99,"€11,08/kg",Lux,Beleza e Higiene/Corpo/Sabonetes,https://www.continente.pt/dw/image/v2/BDVS_PRD/on/demandware.static/-/Sites-col-master-catalog/default/dw5c9765e7/images/col/762/7626247-hero.jpg?sw=280&sh=280,emb. 4 x 90 gr,https://www.continente.pt/produto/sabonete-solido-velvet-glow-lux-7626247.html,higiene-beleza,2025-04-21,Continente
Cuecas Incontinência Pants Super L,5255853,15.59,"€1,30/un",Tena,Beleza e Higiene/Higiene Íntima/Incontinência/Cuecas Incontinência,https://www.continente.pt/dw/image/v2/BDVS_PRD/on/demandware.static/-/Sites-col-master-catalog/default/dw36027c27/images/col/525/5255853-hero.png?sw=280&sh=280,emb. 12 un,https://www.continente.pt/produto/cuecas-incontinencia-pants-super-l-tena-5255853.html,higiene-beleza,2025-04-21,Continente
Fio Dentário 50m,4325408,2.99,"€2,99/un",Colgate,Beleza e Higiene/Higiene Oral/Fio e Fita Dentária,https://www.continente.pt/dw/image/v2/BDVS_PRD/on/demandware.static/-/Sites-col-master-catalog/default/dwd41dfcf5/images/col/432/4325408-hero.jpg?sw=280&sh=280,emb. 1 un,https://www.continente.pt/produto/fio-dentario-50m-colgate-4325408.html,higiene-beleza,2025-04-21,Continente
Champô ControlGX 2 em 1 com Coloração,7496634,11.24,"€95,25/lt",Just For Men,Beleza e Higiene/Homem/Cabelo,https://www.continente.pt/dw/image/v2/BDVS_PRD/on/demandware.static/-/Sites-col-master-catalog/default/dwe3d9b25d/images/col/749/7496634-direito.jpg?sw=280&sh=280,emb. 118 ml,https://www.continente.pt/produto/champo-controlgx-2-em-1-com-coloracao-just-for-men-7496634.html,higiene-beleza,2025-04-21,Continente
Pensos Incontinência Maxi Noite,7453336,6.59,"€0,47/un",Lindor,Beleza e Higiene/Higiene Íntima/Incontinência/Pensos Incontinência,https://www.continente.pt/dw/image/v2/BDVS_PRD/on/demandware.static/-/Sites-col-master-catalog/default/dw3bf16897/images/col/745/7453336-hero.jpg?sw=280&sh=280,emb. 14 un,https://www.continente.pt/produto/pensos-incontinencia-maxi-noite-lindor-7453336.html,higiene-beleza,2025-04-21,Continente
Elásticos Cabelo Transparente Médio,7412937,2.49,"€2,49/un",MyLabel,Beleza e Higiene/Cabelo/Acessórios,https://www.continente.pt/dw/image/v2/BDVS_PRD/on/demandware.static/-/Sites-col-master-catalog/default/dwf54192e7/images/col/741/7412937-frente.jpg?sw=280&sh=280,emb. 3 un,https://www.continente.pt/produto/elasticos-cabelo-transparente-medio-mylabel-7412937.html,higiene-beleza,2025-04-21,Continente
Escova de Dentes Júnior + 9 Anos,8168809,0.99,"€0,99/un",Continente,Beleza e Higiene/Higiene Oral/Higiene Oral Infantil,https://www.continente.pt/dw/image/v2/BDVS_PRD/on/demandware.static/-/Sites-col-master-catalog/default/dw5b162b30/images/col/816/8168809-frente.png?sw=280&sh=280,emb. 1 un,https://www.continente.pt/produto/escova-de-dentes-junior-9-anos-continente-8168809.html,higiene-beleza,2025-04-21,Continente
Champô Anticaspa Hidratação Intensa,8024775,4.94,"€13,72/lt",Linic,Beleza e Higiene/Cabelo/Champôs,https://www.continente.pt/dw/image/v2/BDVS_PRD/on/demandware.static/-/Sites-col-master-catalog/default/dwad81ce8d/images/col/802/8024775-hero.png?sw=280&sh=280,emb. 360 ml,https://www.continente.pt/produto/champo-anticaspa-hidratacao-intensa-linic-8024775.html,higiene-beleza,2025-04-21,Continente
Recarga de Lâminas Hybrid Flex 5,7368367,5.77,"€1,44/un",BIC,Beleza e Higiene/Homem/Barba,https://www.continente.pt/dw/image/v2/BDVS_PRD/on/demandware.static/-/Sites-col-master-catalog/default/dw3967ead2/images/col/736/7368367-frente.jpg?sw=280&sh=280,emb. 4 un,https://www.continente.pt/produto/recarga-de-laminas-hybrid-flex-5-bic-7368367.html,higiene-beleza,2025-04-21,Continente
Escova de Dentes de Leite Suave +3 Anos,2341465,2.46,"€2,46/un",Aquafresh,Beleza e Higiene/Higiene Oral/Higiene Oral Infantil,https://www.continente.pt/dw/image/v2/BDVS_PRD/on/demandware.static/-/Sites-col-master-catalog/default/dwd4f2d316/images/col/234/2341465-frente.png?sw=280&sh=280,emb. 1 un,https://www.continente.pt/produto/escova-de-dentes-de-leite-suave-3-anos-aquafresh-2341465.html,higiene-beleza,2025-04-21,Continente
Tampão com Aplicador Pearl Compak Super Plus,7102441,4.29,"€0,27/un",Tampax,Beleza e Higiene/Higiene Íntima/Tampões,https://www.continente.pt/dw/image/v2/BDVS_PRD/on/demandware.static/-/Sites-col-master-catalog/default/dw0f2eead5/images/col/710/7102441-hero.jpg?sw=280&sh=280,emb. 16 un,https://www.continente.pt/produto/tampao-com-aplicador-pearl-compak-super-plus-tampax-7102441.html,higiene-beleza,2025-04-21,Continente
Escova de Dentes Efeito Branqueador Média Pack Poupança,7298057,2.19,"€0,73/un",Continente,Beleza e Higiene/Higiene Oral/Escovas de Dentes,https://www.continente.pt/dw/image/v2/BDVS_PRD/on/demandware.static/-/Sites-col-master-catalog/default/dwf1945570/images/col/729/7298057-frente.jpg?sw=280&sh=280,emb. 4 un,https://www.continente.pt/produto/escova-de-dentes-efeito-branqueador-media-pack-poupanca-continente-7298057.html,higiene-beleza,2025-04-21,Continente
Desodorizante Roll On Black & White Active,6076575,2.74,"€54,80/lt",Nivea,Beleza e Higiene/Corpo/Desodorizantes,https://www.continente.pt/dw/image/v2/BDVS_PRD/on/demandware.static/-/Sites-col-master-catalog/default/dw87747072/images/col/607/6076575-hero.jpg?sw=280&sh=280,emb. 50 ml,https://www.continente.pt/produto/desodorizante-roll-on-black-white-active-nivea-6076575.html,higiene-beleza,2025-04-21,Continente
Lâminas Descartáveis Twin Lady,2604229,1.99,"€0,40/un",BIC,Beleza e Higiene/Corpo/Depilação e Descoloração,https://www.continente.pt/dw/image/v2/BDVS_PRD/on/demandware.static/-/Sites-col-master-catalog/default/dwf59113e2/images/col/260/2604229-frente.jpg?sw=280&sh=280,emb. 5 un,https://www.continente.pt/produto/laminas-descartaveis-twin-lady-bic-2604229.html,higiene-beleza,2025-04-21,Continente
Desodorizante Roll On Cool,8063430,0.85,"€17,00/lt",MyLabel,Beleza e Higiene/Homem/Desodorizantes,https://www.continente.pt/dw/image/v2/BDVS_PRD/on/demandware.static/-/Sites-col-master-catalog/default/dw22ec53cb/images/col/806/8063430-frente.png?sw=280&sh=280,emb. 1 un,https://www.continente.pt/produto/desodorizante-roll-on-cool-mylabel-8063430.html,higiene-beleza,2025-04-21,Continente
Pensos Higiénicos Cottonlike Normal com Abas,8290339,2.99,"€0,16/un",Evax,Beleza e Higiene/Higiene Íntima/Pensos e Cuecas Menstruais,https://www.continente.pt/dw/image/v2/BDVS_PRD/on/demandware.static/-/Sites-col-master-catalog/default/dw43027e10/images/col/829/8290339-hero.png?sw=280&sh=280,emb. 19 un,https://www.continente.pt/produto/pensos-higienicos-cottonlike-normal-com-abas-evax-8290339.html,higiene-beleza,2025-04-21,Continente
Creme de Rosto Sun FPS 50,7725814,9.89,"€197,80/lt",Nivea,Beleza e Higiene/Rosto/Proteção Solar,https://www.continente.pt/dw/image/v2/BDVS_PRD/on/demandware.static/-/Sites-col-master-catalog/default/dwa4f76649/images/col/772/7725814-hero.jpg?sw=280&sh=280,emb. 50 ml,https://www.continente.pt/produto/creme-de-rosto-sun-fps-50-nivea-7725814.html,higiene-beleza,2025-04-21,Continente
Esponja de Banho,7576685,1.3,"€0,65/un",Continente,Beleza e Higiene/Corpo/Acessórios,https://www.continente.pt/dw/image/v2/BDVS_PRD/on/demandware.static/-/Sites-col-master-catalog/default/dwc9fdcc7b/images/col/757/7576685-frente.jpg?sw=280&sh=280,emb. 2 un,https://www.continente.pt/produto/esponja-de-banho-continente-7576685.html,higiene-beleza,2025-04-21,Continente
Coloração Permanente Excellence Universal Nudes Castanho Claro 5U,7530569,9.74,"€9,74/un",LOréal Paris,Beleza e Higiene/Cabelo/Colorações,https://www.continente.pt/dw/image/v2/BDVS_PRD/on/demandware.static/-/Sites-col-master-catalog/default/dw2b10e219/images/col/753/7530569-frente.jpg?sw=280&sh=280,emb. 1 un,https://www.continente.pt/produto/coloracao-permanente-excellence-universal-nudes-castanho-claro-5u-loreal-paris-7530569.html,higiene-beleza,2025-04-21,Continente
Eau de Parfum nº 1,5690803,9.98,"€66,53/lt",Caravan,Beleza e Higiene/Corpo/Colónias e Perfumes,https://www.continente.pt/dw/image/v2/BDVS_PRD/on/demandware.static/-/Sites-col-master-catalog/default/dwf178b8d5/images/col/569/5690803-frente.png?sw=280&sh=280,emb. 150 ml,https://www.continente.pt/produto/eau-de-parfum-n-1-caravan-5690803.html,higiene-beleza,2025-04-21,Continente
Desodorizante Roll On Narta Bio-Eficácia,8141084,6.74,"€2,25/un",Garnier,Beleza e Higiene/Corpo/Desodorizantes,https://www.continente.pt/dw/image/v2/BDVS_PRD/on/demandware.static/-/Sites-col-master-catalog/default/dwd0834a82/images/col/814/8141084-hero.jpg?sw=280&sh=280,emb. 3 x 50 ml,https://www.continente.pt/produto/desodorizante-roll-on-narta-bio-eficacia-garnier-8141084.html,higiene-beleza,2025-04-21,Continente
Escova de Dentes Extra Clean Média,2858994,1.67,"€0,83/un",Colgate,Beleza e Higiene/Higiene Oral/Escovas de Dentes,https://www.continente.pt/dw/image/v2/BDVS_PRD/on/demandware.static/-/Sites-col-master-catalog/default/dw005958f7/images/col/285/2858994-frente-1.png?sw=280&sh=280,emb. 2 un,https://www.continente.pt/produto/escova-de-dentes-extra-clean-media-colgate-2858994.html,higiene-beleza,2025-04-21,Continente
Desmaquilhante de Olhos 2 em 1,4310349,3.74,"€29,92/lt",Garnier,Beleza e Higiene/Rosto/Limpeza,https://www.continente.pt/dw/image/v2/BDVS_PRD/on/demandware.static/-/Sites-col-master-catalog/default/dwb785ef88/images/col/431/4310349-frente.jpg?sw=280&sh=280,emb. 125 ml,https://www.continente.pt/produto/desmaquilhante-de-olhos-2-em-1-garnier-4310349.html,higiene-beleza,2025-04-21,Continente
"Escovilhão Interdental Super Fino 0,7 mm",8108229,1.49,"€0,25/un",Continente,Beleza e Higiene/Higiene Oral/Fio e Fita Dentária,https://www.continente.pt/dw/image/v2/BDVS_PRD/on/demandware.static/-/Sites-col-master-catalog/default/dw25cb424b/images/col/810/8108229-frente.jpg?sw=280&sh=280,emb. 6 un,https://www.continente.pt/produto/escovilhao-interdental-super-fino-07-mm-continente-8108229.html,higiene-beleza,2025-04-21,Continente
Gel de Banho Hipoalergénico Revitaliza Aloe Vera e Abacate,7808380,3.0,"€4,62/lt",Feno,Beleza e Higiene/Corpo/Gel de Banho,https://www.continente.pt/dw/image/v2/BDVS_PRD/on/demandware.static/-/Sites-col-master-catalog/default/dw7fcd1fa8/images/col/780/7808380-frente.jpg?sw=280&sh=280,emb. 650 ml,https://www.continente.pt/produto/gel-de-banho-hipoalergenico-revitaliza-aloe-vera-e-abacate-feno-7808380.html,higiene-beleza,2025-04-21,Continente
Creme Corpo Dermonatura Regenerador,7165505,3.98,"€9,95/lt",Feno,Beleza e Higiene/Corpo/Cremes e Loções,https://www.continente.pt/dw/image/v2/BDVS_PRD/on/demandware.static/-/Sites-col-master-catalog/default/dw25e391ef/images/col/716/7165505-frente.jpg?sw=280&sh=280,emb. 400 ml,https://www.continente.pt/produto/creme-corpo-dermonatura-regenerador-feno-7165505.html,higiene-beleza,2025-04-21,Continente
Gel de Banho Shower Rosa e Óleo de Amêndoas,8095325,4.19,"€5,59/lt",Nivea,Beleza e Higiene/Corpo/Gel de Banho,https://www.continente.pt/dw/image/v2/BDVS_PRD/on/demandware.static/-/Sites-col-master-catalog/default/dwe21b5d34/images/col/809/8095325-hero.jpg?sw=280&sh=280,emb. 750 ml,https://www.continente.pt/produto/gel-de-banho-shower-rosa-e-oleo-de-amendoas-nivea-8095325.html,higiene-beleza,2025-04-21,Continente
Fraldas Incontinência S,8093203,5.09,"€0,25/un",Continente,Beleza e Higiene/Higiene Íntima/Incontinência/Fraldas Incontinência,https://www.continente.pt/dw/image/v2/BDVS_PRD/on/demandware.static/-/Sites-col-master-catalog/default/dw078ec69c/images/col/809/8093203-hero.jpg?sw=280&sh=280,emb. 20 un,https://www.continente.pt/produto/fraldas-incontinencia-s-continente-8093203.html,higiene-beleza,2025-04-21,Continente
Champô Ultra Suave Tesouros de Mel Refill,8259459,2.99,"€11,96/lt",Garnier,Beleza e Higiene/Cabelo/Champôs,https://www.continente.pt/dw/image/v2/BDVS_PRD/on/demandware.static/-/Sites-col-master-catalog/default/dw3f55c90f/images/col/825/8259459-hero-1.jpg?sw=280&sh=280,emb. 250 ml,https://www.continente.pt/produto/champo-ultra-suave-tesouros-de-mel-refill-garnier-8259459.html,higiene-beleza,2025-04-21,Continente
Desodorizante Spray Black & White Maximum Protection,7810629,3.59,"€23,93/lt",Nivea,Beleza e Higiene/Corpo/Desodorizantes,https://www.continente.pt/dw/image/v2/BDVS_PRD/on/demandware.static/-/Sites-col-master-catalog/default/dw6eb29a2f/images/col/781/7810629-frente.jpg?sw=280&sh=280,emb. 150 ml,https://www.continente.pt/produto/desodorizante-spray-black-white-maximum-protection-nivea-7810629.html,higiene-beleza,2025-04-21,Continente
Desodorizante Spray Men Expert Shirt Protect,5559031,4.99,"€33,27/lt",LOréal Paris,Beleza e Higiene/Homem/Desodorizantes,https://www.continente.pt/dw/image/v2/BDVS_PRD/on/demandware.static/-/Sites-col-master-catalog/default/dw03b8b7b0/images/col/555/5559031-frente.jpg?sw=280&sh=280,emb. 150 ml,https://www.continente.pt/produto/desodorizante-spray-men-expert-shirt-protect-loreal-paris-5559031.html,higiene-beleza,2025-04-21,Continente
Escova de Dentes 360 Suave,2874512,2.41,"€2,41/un",Colgate,Beleza e Higiene/Higiene Oral/Escovas de Dentes,https://www.continente.pt/dw/image/v2/BDVS_PRD/on/demandware.static/-/Sites-col-master-catalog/default/dwefbdd309/images/col/287/2874512-frente-1.png?sw=280&sh=280,emb. 1 un,https://www.continente.pt/produto/escova-de-dentes-360-suave-colgate-2874512.html,higiene-beleza,2025-04-21,Continente
Cuecas Incontinência Super S/M,7201055,10.99,"€1,10/un",Depend,Beleza e Higiene/Homem/Incontinência,https://www.continente.pt/dw/image/v2/BDVS_PRD/on/demandware.static/-/Sites-col-master-catalog/default/dwebde5914/images/col/720/7201055-direito.jpg?sw=280&sh=280,emb. 10 un,https://www.continente.pt/produto/cuecas-incontinencia-super-s-m-depend-7201055.html,higiene-beleza,2025-04-21,Continente
Toalhitas Mãos Protect Desinfetantes,7514730,1.89,"€0,05/un",Continente,Beleza e Higiene/Lenços e Cuidados de Saúde/Cuidados de Saúde,https://www.continente.pt/dw/image/v2/BDVS_PRD/on/demandware.static/-/Sites-col-master-catalog/default/dw68061d8d/images/col/751/7514730-frente.jpg?sw=280&sh=280,emb. 40 un,https://www.continente.pt/produto/toalhitas-maos-protect-desinfetantes-continente-7514730.html,higiene-beleza,2025-04-21,Continente
Coloração Permanente Excellence Creme Louro Claro 8,2115534,8.44,"€8,44/un",LOréal Paris,Beleza e Higiene/Cabelo/Colorações,https://www.continente.pt/dw/image/v2/BDVS_PRD/on/demandware.static/-/Sites-col-master-catalog/default/dw875b4ba8/images/col/211/2115534-hero.jpg?sw=280&sh=280,emb. 1 un,https://www.continente.pt/produto/coloracao-permanente-excellence-creme-louro-claro-8-loreal-paris-2115534.html,higiene-beleza,2025-04-21,Continente
Desodorizante Spray Men Deep,6514307,2.7,"€18,00/lt",Nivea,Beleza e Higiene/Homem/Desodorizantes,https://www.continente.pt/dw/image/v2/BDVS_PRD/on/demandware.static/-/Sites-col-master-catalog/default/dw860fa4e5/images/col/651/6514307-hero.jpg?sw=280&sh=280,emb. 150 ml,https://www.continente.pt/produto/desodorizante-spray-men-deep-nivea-6514307.html,higiene-beleza,2025-04-21,Continente
Lenços Faciais 2 Folhas Essencial,7393082,2.09,"€0,01/un",Renova,Beleza e Higiene/Lenços e Cuidados de Saúde/Lenços de Papel,https://www.continente.pt/dw/image/v2/BDVS_PRD/on/demandware.static/-/Sites-col-master-catalog/default/dw45ec95fb/images/col/739/7393082-hero.png?sw=280&sh=280,emb. 200 un,https://www.continente.pt/produto/lencos-faciais-2-folhas-essencial-renova-7393082.html,higiene-beleza,2025-04-21,Continente
Desodorizante Spray Men Invisible Dry 72H,7739219,3.47,"€23,13/lt",Dove,Beleza e Higiene/Homem/Desodorizantes,https://www.continente.pt/dw/image/v2/BDVS_PRD/on/demandware.static/-/Sites-col-master-catalog/default/dw0968c836/images/col/773/7739219-hero.jpg?sw=280&sh=280,emb. 150 ml,https://www.continente.pt/produto/desodorizante-spray-men-invisible-dry-72h-dove-7739219.html,higiene-beleza,2025-04-21,Continente
Gel de Banho Naturals Macadamia,7416076,3.29,"€5,06/lt",Palmolive,Beleza e Higiene/Corpo/Gel de Banho,https://www.continente.pt/dw/image/v2/BDVS_PRD/on/demandware.static/-/Sites-col-master-catalog/default/dw20cff74e/images/col/741/7416076-frente-1.jpg?sw=280&sh=280,emb. 650 ml,https://www.continente.pt/produto/gel-de-banho-naturals-macadamia-palmolive-7416076.html,higiene-beleza,2025-04-21,Continente
Desodorizante Roll On Men Expert Extreme Sport,7970945,4.49,"€89,80/lt",LOréal Paris,Beleza e Higiene/Homem/Desodorizantes,https://www.continente.pt/dw/image/v2/BDVS_PRD/on/demandware.static/-/Sites-col-master-catalog/default/dwef03771c/images/col/797/7970945-hero.jpg?sw=280&sh=280,emb. 50 ml,https://www.continente.pt/produto/desodorizante-roll-on-men-expert-extreme-sport-loreal-paris-7970945.html,higiene-beleza,2025-04-21,Continente
Sabonete Líquido Hidratante Naturals Leite e Mel,2501474,2.27,"€7,57/lt",Palmolive,Beleza e Higiene/Corpo/Sabonetes,https://www.continente.pt/dw/image/v2/BDVS_PRD/on/demandware.static/-/Sites-col-master-catalog/default/dw12c5bfd0/images/col/250/2501474-frente-1.jpg?sw=280&sh=280,emb. 300 ml,https://www.continente.pt/produto/sabonete-liquido-hidratante-naturals-leite-e-mel-palmolive-2501474.html,higiene-beleza,2025-04-21,Continente
Pasta de Dentes Total Pro Gengivas Saudáveis,4866338,3.49,"€46,53/lt",Colgate,Beleza e Higiene/Higiene Oral/Pastas de Dentes,https://www.continente.pt/dw/image/v2/BDVS_PRD/on/demandware.static/-/Sites-col-master-catalog/default/dwa8ae939e/images/col/486/4866338-frente-1.png?sw=280&sh=280,emb. 75 ml,https://www.continente.pt/produto/pasta-de-dentes-total-pro-gengivas-saudaveis-colgate-4866338.html,higiene-beleza,2025-04-21,Continente
Cuecas Incontinência Discreet L,8193910,7.59,"€0,95/un",Continente,Beleza e Higiene/Higiene Íntima/Incontinência/Cuecas Incontinência,https://www.continente.pt/dw/image/v2/BDVS_PRD/on/demandware.static/-/Sites-col-master-catalog/default/dw46850915/images/col/819/8193910-frente.jpg?sw=280&sh=280,emb. 8 un,https://www.continente.pt/produto/cuecas-incontinencia-discreet-l-continente-8193910.html,higiene-beleza,2025-04-21,Continente
Desodorizante Spray África,2104180,3.29,"€21,93/lt",Axe,Beleza e Higiene/Homem/Desodorizantes,https://www.continente.pt/dw/image/v2/BDVS_PRD/on/demandware.static/-/Sites-col-master-catalog/default/dw829e86f9/images/col/210/2104180-hero.jpg?sw=280&sh=280,emb. 150 ml,https://www.continente.pt/produto/desodorizante-spray-africa-axe-2104180.html,higiene-beleza,2025-04-21,Continente
Pensos Higiénicos Fina e Segura Maxi,6597485,1.99,"€0,15/un",Evax,Beleza e Higiene/Higiene Íntima/Pensos e Cuecas Menstruais,https://www.continente.pt/dw/image/v2/BDVS_PRD/on/demandware.static/-/Sites-col-master-catalog/default/dw4ae315c7/images/col/659/6597485-hero.jpg?sw=280&sh=280,emb. 13 un,https://www.continente.pt/produto/pensos-higienicos-fina-e-segura-maxi-evax-6597485.html,higiene-beleza,2025-04-21,Continente
Discos de Algodão Desmaquilhantes Não Branqueados Expert Redondos,2144476,1.79,"€0,03/un",DemakUp,Beleza e Higiene/Rosto/Limpeza,https://www.continente.pt/dw/image/v2/BDVS_PRD/on/demandware.static/-/Sites-col-master-catalog/default/dw7c184ea1/images/col/214/2144476-hero.png?sw=280&sh=280,emb. 70 un,https://www.continente.pt/produto/discos-de-algodao-desmaquilhantes-nao-branqueados-expert-redondos-demakup-2144476.html,higiene-beleza,2025-04-21,Continente
Sabonete Sólido Nutricuida Mel e Flor de Laranjeira,6212155,3.34,"€9,28/kg",Feno,Beleza e Higiene/Corpo/Sabonetes,https://www.continente.pt/dw/image/v2/BDVS_PRD/on/demandware.static/-/Sites-col-master-catalog/default/dw1fec8cd7/images/col/621/6212155-frente.jpg?sw=280&sh=280,emb. 4 x 90 gr,https://www.continente.pt/produto/sabonete-solido-nutricuida-mel-e-flor-de-laranjeira-feno-6212155.html,higiene-beleza,2025-04-21,Continente
Batom do Cieiro Repara e Cuida,7837708,4.49,"€4,49/un",Labello,Beleza e Higiene/Rosto/Lábios,https://www.continente.pt/dw/image/v2/BDVS_PRD/on/demandware.static/-/Sites-col-master-catalog/default/dwf4669228/images/col/783/7837708-frente-1.jpg?sw=280&sh=280,emb. 1 un,https://www.continente.pt/produto/batom-do-cieiro-repara-e-cuida-labello-7837708.html,higiene-beleza,2025-04-21,Continente
Gel de Banho Âmbar Marinho,8095600,1.89,"€2,52/lt",MyLabel,Beleza e Higiene/Corpo/Gel de Banho,https://www.continente.pt/dw/image/v2/BDVS_PRD/on/demandware.static/-/Sites-col-master-catalog/default/dw88a20ac6/images/col/809/8095600-frente.png?sw=280&sh=280,emb. 750 ml,https://www.continente.pt/produto/gel-de-banho-ambar-marinho-mylabel-8095600.html,higiene-beleza,2025-04-21,Continente
Desodorizante Roll On Narta Protection 5,8141074,6.74,"€6,74/un",Garnier,Beleza e Higiene/Corpo/Desodorizantes,https://www.continente.pt/dw/image/v2/BDVS_PRD/on/demandware.static/-/Sites-col-master-catalog/default/dwdb08e0ed/images/col/814/8141074-hero.jpg?sw=280&sh=280,emb. 3 x 50 ml,https://www.continente.pt/produto/desodorizante-roll-on-narta-protection-5-garnier-8141074.html,higiene-beleza,2025-04-21,Continente
Cuecas Incontinência Discreet Plus L,7250633,7.59,"€0,95/un",Continente,Beleza e Higiene/Higiene Íntima/Incontinência/Cuecas Incontinência,https://www.continente.pt/dw/image/v2/BDVS_PRD/on/demandware.static/-/Sites-col-master-catalog/default/dwa0aa0b77/images/col/725/7250633-hero.jpg?sw=280&sh=280,emb. 8 un,https://www.continente.pt/produto/cuecas-incontinencia-discreet-plus-l-continente-7250633.html,higiene-beleza,2025-04-21,Continente
Desodorizante Spray Vitamin C,7719753,2.24,"€14,93/lt",Bioten,Beleza e Higiene/Corpo/Desodorizantes,https://www.continente.pt/dw/image/v2/BDVS_PRD/on/demandware.static/-/Sites-col-master-catalog/default/dw4fed5cce/images/col/771/7719753-frente.jpg?sw=280&sh=280,emb. 150 ml,https://www.continente.pt/produto/desodorizante-spray-vitamin-c-bioten-7719753.html,higiene-beleza,2025-04-21,Continente
Eau de Parfum nº45,6062136,9.98,"€66,53/lt",Caravan,Beleza e Higiene/Corpo/Colónias e Perfumes,https://www.continente.pt/dw/image/v2/BDVS_PRD/on/demandware.static/-/Sites-col-master-catalog/default/dwf560b04a/images/col/606/6062136-frente.png?sw=280&sh=280,emb. 150 ml,https://www.continente.pt/produto/eau-de-parfum-n45-caravan-6062136.html,higiene-beleza,2025-04-21,Continente
Champô Ultra Suave Abacate Refill,8286283,2.99,"€11,96/lt",Garnier,Beleza e Higiene/Cabelo/Champôs,https://www.continente.pt/dw/image/v2/BDVS_PRD/on/demandware.static/-/Sites-col-master-catalog/default/dw90af24d5/images/col/828/8286283-hero-1.jpg?sw=280&sh=280,emb. 250 ml,https://www.continente.pt/produto/champo-ultra-suave-abacate-refill-garnier-8286283.html,higiene-beleza,2025-04-21,Continente
Escova de Dentes Premium Suave,6080074,1.49,"€0,75/un",Continente,Beleza e Higiene/Higiene Oral/Escovas de Dentes,https://www.continente.pt/dw/image/v2/BDVS_PRD/on/demandware.static/-/Sites-col-master-catalog/default/dwf99caa29/images/col/608/6080074-frente.jpg?sw=280&sh=280,emb. 2 un,https://www.continente.pt/produto/escova-de-dentes-premium-suave-continente-6080074.html,higiene-beleza,2025-04-21,Continente
Condicionador Elvive Glycolic Gloss,7970217,4.92,"€32,80/lt",LOréal Paris,Beleza e Higiene/Cabelo/Condicionadores,https://www.continente.pt/dw/image/v2/BDVS_PRD/on/demandware.static/-/Sites-col-master-catalog/default/dw55357f45/images/col/797/7970217-hero.jpg?sw=280&sh=280,emb. 150 ml,https://www.continente.pt/produto/condicionador-elvive-glycolic-gloss-loreal-paris-7970217.html,higiene-beleza,2025-04-21,Continente
Escova de Dentes Clean Suave,6312308,2.24,"€2,24/un",Jordan,Beleza e Higiene/Higiene Oral/Escovas de Dentes,https://www.continente.pt/dw/image/v2/BDVS_PRD/on/demandware.static/-/Sites-col-master-catalog/default/dwee11aa67/images/col/631/6312308-frente.jpg?sw=280&sh=280,emb. 1 un,https://www.continente.pt/produto/escova-de-dentes-clean-suave-jordan-6312308.html,higiene-beleza,2025-04-21,Continente
Creme Corpo Luminous 630 Anti Manchas e Estrias,7998514,6.3,"€31,50/lt",Nivea,Beleza e Higiene/Corpo/Cremes e Loções,https://www.continente.pt/dw/image/v2/BDVS_PRD/on/demandware.static/-/Sites-col-master-catalog/default/dw9a65d804/images/col/799/7998514-hero.jpg?sw=280&sh=280,emb. 200 ml,https://www.continente.pt/produto/creme-corpo-luminous-630-anti-manchas-e-estrias-nivea-7998514.html,higiene-beleza,2025-04-21,Continente
Escova de Dentes Bambu Suave,7366671,1.99,"€1,99/un",Continente,Beleza e Higiene/Higiene Oral/Escovas de Dentes,https://www.continente.pt/dw/image/v2/BDVS_PRD/on/demandware.static/-/Sites-col-master-catalog/default/dw6a03f755/images/col/736/7366671-frente.jpg?sw=280&sh=280,emb. 1 un,https://www.continente.pt/produto/escova-de-dentes-bambu-suave-continente-7366671.html,higiene-beleza,2025-04-21,Continente
Champô Pro-V Active Nutri-Plex Cuidado Clássico,8154015,9.48,"€11,85/lt",Pantene,Beleza e Higiene/Cabelo/Champôs,https://www.continente.pt/dw/image/v2/BDVS_PRD/on/demandware.static/-/Sites-col-master-catalog/default/dw288f271a/images/col/815/8154015-hero.png?sw=280&sh=280,emb. 800 ml,https://www.continente.pt/produto/champo-pro-v-active-nutri-plex-cuidado-classico-pantene-8154015.html,higiene-beleza,2025-04-21,Continente
Elixir Bucal Advanced Anti-Tártaro,6623914,5.24,"€10,48/lt",Listerine,Beleza e Higiene/Higiene Oral/Elixires Bucais,https://www.continente.pt/dw/image/v2/BDVS_PRD/on/demandware.static/-/Sites-col-master-catalog/default/dwf780af5d/images/col/662/6623914-frente.jpg?sw=280&sh=280,emb. 500 ml,https://www.continente.pt/produto/elixir-bucal-advanced-anti-tartaro-listerine-6623914.html,higiene-beleza,2025-04-21,Continente
Pensos Diários Daily Free Maxi,7462564,1.99,"€0,06/un",Continente,Beleza e Higiene/Higiene Íntima/Pensos Diários,https://www.continente.pt/dw/image/v2/BDVS_PRD/on/demandware.static/-/Sites-col-master-catalog/default/dw89ba91a0/images/col/746/7462564-hero.jpg?sw=280&sh=280,emb. 36 un,https://www.continente.pt/produto/pensos-diarios-daily-free-maxi-continente-7462564.html,higiene-beleza,2025-04-21,Continente
Pasta de Dentes Total Anti-Placa Expert Branqueador,8069580,3.49,"€46,53/lt",Colgate,Beleza e Higiene/Higiene Oral/Pastas de Dentes,https://www.continente.pt/dw/image/v2/BDVS_PRD/on/demandware.static/-/Sites-col-master-catalog/default/dw6e4931ce/images/col/806/8069580-frente-1.jpg?sw=280&sh=280,emb. 75 ml,https://www.continente.pt/produto/pasta-de-dentes-total-anti-placa-expert-branqueador-colgate-8069580.html,higiene-beleza,2025-04-21,Continente
BB Cream Bege Natural N.27,7983888,9.9,"€9,90/un",Missha,Beleza e Higiene/Rosto/Hidratação,https://www.continente.pt/dw/image/v2/BDVS_PRD/on/demandware.static/-/Sites-col-master-catalog/default/dwda7b8a16/images/col/798/7983888-frente.jpg?sw=280&sh=280,emb. 20 ml,https://www.continente.pt/produto/bb-cream-bege-natural-n.27-missha-7983888.html,higiene-beleza,2025-04-21,Continente
Escova de Dentes Sustentável Bambu Suave,7015957,1.99,"€1,99/un",Colgate,Beleza e Higiene/Higiene Oral/Escovas de Dentes,https://www.continente.pt/dw/image/v2/BDVS_PRD/on/demandware.static/-/Sites-col-master-catalog/default/dw705fe81b/images/col/701/7015957-frente-1.png?sw=280&sh=280,emb. 1 un,https://www.continente.pt/produto/escova-de-dentes-sustentavel-bambu-suave-colgate-7015957.html,higiene-beleza,2025-04-21,Continente
Verniz de Unhas Expressie 220,7152568,7.14,"€7,14/un",Essie,Beleza e Higiene/Maquilhagem/Unhas,https://www.continente.pt/dw/image/v2/BDVS_PRD/on/demandware.static/-/Sites-col-master-catalog/default/dw60dfe155/images/col/715/7152568-frente.jpg?sw=280&sh=280,emb. 1 un,https://www.continente.pt/produto/verniz-de-unhas-expressie-220-essie-7152568.html,higiene-beleza,2025-04-21,Continente
Verniz de Unhas Lovie Dovie 20,5009496,7.49,"€7,49/un",Essie,Beleza e Higiene/Maquilhagem/Unhas,https://www.continente.pt/dw/image/v2/BDVS_PRD/on/demandware.static/-/Sites-col-master-catalog/default/dw810f01d7/images/col/500/5009496-frente.jpg?sw=280&sh=280,"emb. 13,5 ml",https://www.continente.pt/produto/verniz-de-unhas-lovie-dovie-20-essie-5009496.html,higiene-beleza,2025-04-21,Continente
Pó Compacto SuperStay 48,7742701,13.99,"€13,99/un",Maybelline New York,Beleza e Higiene/Maquilhagem/Rosto,https://www.continente.pt/dw/image/v2/BDVS_PRD/on/demandware.static/-/Sites-col-master-catalog/default/dwba889229/images/col/774/7742701-frente-1.jpg?sw=280&sh=280,emb. 1 un,https://www.continente.pt/produto/po-compacto-superstay-48-maybelline-new-york-7742701.html,higiene-beleza,2025-04-21,Continente
Gel de Banho Ureia,7619915,4.32,"€3,46/lt",Instituto Español,Beleza e Higiene/Corpo/Gel de Banho,https://www.continente.pt/dw/image/v2/BDVS_PRD/on/demandware.static/-/Sites-col-master-catalog/default/dwe8a46066/images/col/761/7619915-frente.jpg?sw=280&sh=280,"emb. 1,25 lt",https://www.continente.pt/produto/gel-de-banho-ureia-instituto-espanol-7619915.html,higiene-beleza,2025-04-21,Continente
Sérum de Rosto Derma Skin Clear,8177636,10.39,"€346,33/lt",Nivea,Beleza e Higiene/Rosto/Acne e Pele Oleosa,https://www.continente.pt/dw/image/v2/BDVS_PRD/on/demandware.static/-/Sites-col-master-catalog/default/dw8018b3eb/images/col/817/8177636-hero.jpg?sw=280&sh=280,emb. 30 ml,https://www.continente.pt/produto/serum-de-rosto-derma-skin-clear-nivea-8177636.html,higiene-beleza,2025-04-21,Continente
Verniz de Unhas Too Too Hot 63,5009505,7.49,"€7,49/un",Essie,Beleza e Higiene/Maquilhagem/Unhas,https://www.continente.pt/dw/image/v2/BDVS_PRD/on/demandware.static/-/Sites-col-master-catalog/default/dwe65ffa38/images/col/500/5009505-frente.jpg?sw=280&sh=280,"emb. 13,5 ml",https://www.continente.pt/produto/verniz-de-unhas-too-too-hot-63-essie-5009505.html,higiene-beleza,2025-04-21,Continente
Sabonete Líquido Hidratante,2431078,2.39,"€9,56/lt",Dove,Beleza e Higiene/Corpo/Sabonetes,https://www.continente.pt/dw/image/v2/BDVS_PRD/on/demandware.static/-/Sites-col-master-catalog/default/dw7fd1fb93/images/col/243/2431078-hero.jpg?sw=280&sh=280,emb. 250 ml,https://www.continente.pt/produto/sabonete-liquido-hidratante-dove-2431078.html,higiene-beleza,2025-04-21,Continente
Creme Depilatório Pure Corpo Pele Sensível,5330263,8.49,"€21,22/lt",Veet,Beleza e Higiene/Corpo/Depilação e Descoloração,https://www.continente.pt/dw/image/v2/BDVS_PRD/on/demandware.static/-/Sites-col-master-catalog/default/dw79e869b9/images/col/533/5330263-hero.jpg?sw=280&sh=280,emb. 400 ml,https://www.continente.pt/produto/creme-depilatorio-pure-corpo-pele-sensivel-veet-5330263.html,higiene-beleza,2025-04-21,Continente
Mola Cabelo Lisa M,7759727,2.99,"€2,99/un",MyLabel,Beleza e Higiene/Cabelo/Acessórios/Acessórios,https://www.continente.pt/dw/image/v2/BDVS_PRD/on/demandware.static/-/Sites-col-master-catalog/default/dw20c6bc86/images/col/775/7759727-frente.jpg?sw=280&sh=280,emb. 1 un,https://www.continente.pt/produto/mola-cabelo-lisa-m-mylabel-7759727.html,higiene-beleza,2025-04-21,Continente
Lápis de Sobrancelhas Preto 01,3881813,1.89,"€1,89/un",Essence,Beleza e Higiene/Maquilhagem/Olhos,https://www.continente.pt/dw/image/v2/BDVS_PRD/on/demandware.static/-/Sites-col-master-catalog/default/dwa9682456/images/col/388/3881813-frente.jpg?sw=280&sh=280,emb. 1 un,https://www.continente.pt/produto/lapis-de-sobrancelhas-preto-01-essence-3881813.html,higiene-beleza,2025-04-21,Continente
Laca Cabelo Elnett Satin Fixação Forte,3718262,6.69,"€22,30/lt",LOréal Paris,"Beleza e Higiene/Cabelo/Spray, Espuma, Creme e Gel/Laca e Spray",https://www.continente.pt/dw/image/v2/BDVS_PRD/on/demandware.static/-/Sites-col-master-catalog/default/dw7a4d26a0/images/col/371/3718262-frente.jpg?sw=280&sh=280,emb. 300 ml,https://www.continente.pt/produto/laca-cabelo-elnett-satin-fixacao-forte-loreal-paris-3718262.html,higiene-beleza,2025-04-21,Continente
Toalhitas Bebé Sensitive Biodegradáveis,7305321,1.22,"€0,02/un",Nunex,Bebé/Fraldas e Toalhitas/Toalhitas,https://www.continente.pt/dw/image/v2/BDVS_PRD/on/demandware.static/-/Sites-col-master-catalog/default/dw9db97cd4/images/col/730/7305321-frente.jpg?sw=280&sh=280,emb. 54 un,https://www.continente.pt/produto/toalhitas-bebe-sensitive-biodegradaveis-nunex-7305321.html,higiene-beleza,2025-04-21,Continente
Pasta de Dentes Max White One Optic,5529272,2.91,"€38,80/lt",Colgate,Beleza e Higiene/Higiene Oral/Pastas de Dentes,https://www.continente.pt/dw/image/v2/BDVS_PRD/on/demandware.static/-/Sites-col-master-catalog/default/dw97ac71cf/images/col/552/5529272-frente-1.png?sw=280&sh=280,emb. 75 ml,https://www.continente.pt/produto/pasta-de-dentes-max-white-one-optic-colgate-5529272.html,higiene-beleza,2025-04-21,Continente
Creme de Pentear Fructis Hidra Caracóis,2895994,4.99,"€24,95/lt",Garnier,"Beleza e Higiene/Cabelo/Spray, Espuma, Creme e Gel/Espuma e Creme",https://www.continente.pt/dw/image/v2/BDVS_PRD/on/demandware.static/-/Sites-col-master-catalog/default/dwaf91f3bc/images/col/289/2895994-hero.jpg?sw=280&sh=280,emb. 200 ml,https://www.continente.pt/produto/creme-de-pentear-fructis-hidra-caracois-garnier-2895994.html,higiene-beleza,2025-04-21,Continente
Escova de Dentes Tripla Proteção Média,3901756,2.61,"€2,61/un",Aquafresh,Beleza e Higiene/Higiene Oral/Escovas de Dentes,https://www.continente.pt/dw/image/v2/BDVS_PRD/on/demandware.static/-/Sites-col-master-catalog/default/dw915eccc9/images/col/390/3901756-frente.jpg?sw=280&sh=280,emb. 2 un,https://www.continente.pt/produto/escova-de-dentes-tripla-protecao-media-aquafresh-3901756.html,higiene-beleza,2025-04-21,Continente
Gel de Barbear Series Suavizante,5977548,3.99,"€53,20/lt",Gillette,Beleza e Higiene/Homem/Barba,https://www.continente.pt/dw/image/v2/BDVS_PRD/on/demandware.static/-/Sites-col-master-catalog/default/dwde964835/images/col/597/5977548-hero.jpg?sw=280&sh=280,emb. 75 ml,https://www.continente.pt/produto/gel-de-barbear-series-suavizante-gillette-5977548.html,higiene-beleza,2025-04-21,Continente
Laca Cabelo Max Hold,8018856,4.97,"€16,57/lt",Syoss,"Beleza e Higiene/Cabelo/Spray, Espuma, Creme e Gel/Laca e Spray",https://www.continente.pt/dw/image/v2/BDVS_PRD/on/demandware.static/-/Sites-col-master-catalog/default/dwa98a4a12/images/col/801/8018856-frente.png?sw=280&sh=280,emb. 300 ml,https://www.continente.pt/produto/laca-cabelo-max-hold-syoss-8018856.html,higiene-beleza,2025-04-21,Continente
Tampão com Aplicador Pearl Compak Super,7111280,7.99,"€0,22/un",Tampax,Beleza e Higiene/Higiene Íntima/Tampões,https://www.continente.pt/dw/image/v2/BDVS_PRD/on/demandware.static/-/Sites-col-master-catalog/default/dw16aa1546/images/col/711/7111280-hero.jpg?sw=280&sh=280,emb. 36 un,https://www.continente.pt/produto/tampao-com-aplicador-pearl-compak-super-tampax-7111280.html,higiene-beleza,2025-04-21,Continente
Champô Revitalise Colour,6435330,6.59,"€7,32/lt",Tresemmé,Beleza e Higiene/Cabelo/Champôs,https://www.continente.pt/dw/image/v2/BDVS_PRD/on/demandware.static/-/Sites-col-master-catalog/default/dw031cface/images/col/643/6435330-hero.jpg?sw=280&sh=280,emb. 900 ml,https://www.continente.pt/produto/champo-revitalise-colour-tresemme-6435330.html,higiene-beleza,2025-04-21,Continente
Máscara de Pestanas Lash Paradise Big Deal,8242221,10.49,"€10,49/un",LOréal Paris,Beleza e Higiene/Maquilhagem/Olhos,https://www.continente.pt/dw/image/v2/BDVS_PRD/on/demandware.static/-/Sites-col-master-catalog/default/dw02809fcc/images/col/824/8242221-hero-1.jpg?sw=280&sh=280,emb. 1 un,https://www.continente.pt/produto/mascara-de-pestanas-lash-paradise-big-deal-loreal-paris-8242221.html,higiene-beleza,2025-04-21,Continente
Máquina Depilatória Venus Zona Íntima com 1 Recarga,7779511,6.75,"€6,75/un",Gillette,Beleza e Higiene/Corpo/Depilação e Descoloração,https://www.continente.pt/dw/image/v2/BDVS_PRD/on/demandware.static/-/Sites-col-master-catalog/default/dw25e0dbbd/images/col/777/7779511-hero.png?sw=280&sh=280,emb. 1 un,https://www.continente.pt/produto/maquina-depilatoria-venus-zona-intima-com-1-recarga-gillette-7779511.html,higiene-beleza,2025-04-21,Continente
Água Micelar Tudo em 1,5248019,5.24,"€13,10/lt",Garnier,Beleza e Higiene/Rosto/Limpeza,https://www.continente.pt/dw/image/v2/BDVS_PRD/on/demandware.static/-/Sites-col-master-catalog/default/dw870abd24/images/col/524/5248019-frente.jpg?sw=280&sh=280,emb. 400 ml,https://www.continente.pt/produto/agua-micelar-tudo-em-1-garnier-5248019.html,higiene-beleza,2025-04-21,Continente
Desmaquilhante de Olhos Suave,4055055,2.85,"€22,80/lt",Nivea,Beleza e Higiene/Rosto/Limpeza,https://www.continente.pt/dw/image/v2/BDVS_PRD/on/demandware.static/-/Sites-col-master-catalog/default/dw54e9e94c/images/col/405/4055055-frente.jpg?sw=280&sh=280,emb. 125 ml,https://www.continente.pt/produto/desmaquilhante-de-olhos-suave-nivea-4055055.html,higiene-beleza,2025-04-21,Continente
Pensos Higiénicos Fresh & Free Normal com Abas,7453902,2.99,"€0,09/un",Continente,Beleza e Higiene/Higiene Íntima/Pensos e Cuecas Menstruais,https://www.continente.pt/dw/image/v2/BDVS_PRD/on/demandware.static/-/Sites-col-master-catalog/default/dw9711df8e/images/col/745/7453902-hero.jpg?sw=280&sh=280,emb. 32 un,https://www.continente.pt/produto/pensos-higienicos-fresh-free-normal-com-abas-continente-7453902.html,higiene-beleza,2025-04-21,Continente
Pensos Incontinência Lady Normal,7447708,2.39,"€0,20/un",Tena,Beleza e Higiene/Higiene Íntima/Incontinência/Pensos Incontinência,https://www.continente.pt/dw/image/v2/BDVS_PRD/on/demandware.static/-/Sites-col-master-catalog/default/dw16e38e1e/images/col/744/7447708-hero.jpg?sw=280&sh=280,emb. 12 un,https://www.continente.pt/produto/pensos-incontinencia-lady-normal-tena-7447708.html,higiene-beleza,2025-04-21,Continente
Elixir Bucal Total Care,4858791,9.99,"€9,99/lt",Listerine,Beleza e Higiene/Higiene Oral/Elixires Bucais,https://www.continente.pt/dw/image/v2/BDVS_PRD/on/demandware.static/-/Sites-col-master-catalog/default/dwbc20dc90/images/col/485/4858791-frente.jpg?sw=280&sh=280,emb. 1 lt,https://www.continente.pt/produto/elixir-bucal-total-care-listerine-4858791.html,higiene-beleza,2025-04-21,Continente
Pensos Higiénicos Liberty Noite com Abas,6188885,3.29,"€0,41/un",Evax,Beleza e Higiene/Higiene Íntima/Pensos e Cuecas Menstruais,https://www.continente.pt/dw/image/v2/BDVS_PRD/on/demandware.static/-/Sites-col-master-catalog/default/dw0e1f033d/images/col/618/6188885-frente.jpg?sw=280&sh=280,emb. 9 un,https://www.continente.pt/produto/pensos-higienicos-liberty-noite-com-abas-evax-6188885.html,higiene-beleza,2025-04-21,Continente
Leite de Limpeza Suave,2056069,4.41,"€22,05/lt",Nivea,Beleza e Higiene/Rosto/Limpeza,https://www.continente.pt/dw/image/v2/BDVS_PRD/on/demandware.static/-/Sites-col-master-catalog/default/dw6407a8d5/images/col/205/2056069-hero.jpg?sw=280&sh=280,emb. 200 ml,https://www.continente.pt/produto/leite-de-limpeza-suave-nivea-2056069.html,higiene-beleza,2025-04-21,Continente
Desodorizante Spray Pera e Aloe 72H,7790033,5.99,"€39,93/lt",Dove,Beleza e Higiene/Corpo/Desodorizantes,https://www.continente.pt/dw/image/v2/BDVS_PRD/on/demandware.static/-/Sites-col-master-catalog/default/dwf62178dc/images/col/779/7790033-hero.jpg?sw=280&sh=280,emb. 150 ml,https://www.continente.pt/produto/desodorizante-spray-pera-e-aloe-72h-dove-7790033.html,higiene-beleza,2025-04-21,Continente
Creme Corpo Dermonatura Nutritivo,7165506,3.98,"€9,95/lt",Feno,Beleza e Higiene/Corpo/Cremes e Loções,https://www.continente.pt/dw/image/v2/BDVS_PRD/on/demandware.static/-/Sites-col-master-catalog/default/dw430b4498/images/col/716/7165506-frente.jpg?sw=280&sh=280,emb. 400 ml,https://www.continente.pt/produto/creme-corpo-dermonatura-nutritivo-feno-7165506.html,higiene-beleza,2025-04-21,Continente
Água Micelar Tudo em Um Aloe Hialurónico,7713351,5.19,"€12,97/lt",Garnier,Beleza e Higiene/Rosto/Antirrugas e Refirmantes,https://www.continente.pt/dw/image/v2/BDVS_PRD/on/demandware.static/-/Sites-col-master-catalog/default/dw74ea5bb2/images/col/771/7713351-frente.jpg?sw=280&sh=280,emb. 400 ml,https://www.continente.pt/produto/agua-micelar-tudo-em-um-aloe-hialuronico-garnier-7713351.html,higiene-beleza,2025-04-21,Continente
Laca Cabelo Volume Lift,8018858,4.97,"€16,57/lt",Syoss,"Beleza e Higiene/Cabelo/Spray, Espuma, Creme e Gel/Laca e Spray",https://www.continente.pt/dw/image/v2/BDVS_PRD/on/demandware.static/-/Sites-col-master-catalog/default/dw73d54a93/images/col/801/8018858-frente.png?sw=280&sh=280,emb. 300 ml,https://www.continente.pt/produto/laca-cabelo-volume-lift-syoss-8018858.html,higiene-beleza,2025-04-21,Continente
Sabonete Sólido Glicerina Natural,5262666,0.74,"€8,22/kg",Palmolive,Beleza e Higiene/Corpo/Sabonetes,https://www.continente.pt/dw/image/v2/BDVS_PRD/on/demandware.static/-/Sites-col-master-catalog/default/dw2c8bb48a/images/col/526/5262666-frente-1.jpg?sw=280&sh=280,emb. 90 gr,https://www.continente.pt/produto/sabonete-solido-glicerina-natural-palmolive-5262666.html,higiene-beleza,2025-04-21,Continente
Desodorizante Roll On Zero% Extra Control 48H,6179620,1.99,"€39,80/lt",Sanex,Beleza e Higiene/Corpo/Desodorizantes,https://www.continente.pt/dw/image/v2/BDVS_PRD/on/demandware.static/-/Sites-col-master-catalog/default/dw7ff44d54/images/col/617/6179620-hero.jpg?sw=280&sh=280,emb. 50 ml,https://www.continente.pt/produto/desodorizante-roll-on-zero--extra-control-48h-sanex-6179620.html,higiene-beleza,2025-04-21,Continente
Spray Cabelo Elvive Dream Long Protetor de Calor,7380171,4.79,"€31,93/lt",LOréal Paris,"Beleza e Higiene/Cabelo/Spray, Espuma, Creme e Gel/Laca e Spray",https://www.continente.pt/dw/image/v2/BDVS_PRD/on/demandware.static/-/Sites-col-master-catalog/default/dw26674a32/images/col/738/7380171-frente.jpg?sw=280&sh=280,emb. 150 ml,https://www.continente.pt/produto/spray-cabelo-elvive-dream-long-protetor-de-calor-loreal-paris-7380171.html,higiene-beleza,2025-04-21,Continente
Champô Hair Care Purificante,7778731,1.99,,MyLabel,Beleza e Higiene/Cabelo/Champôs,https://www.continente.pt/dw/image/v2/BDVS_PRD/on/demandware.static/-/Sites-col-master-catalog/default/dwea8b6923/images/col/777/7778731-frente.jpg?sw=280&sh=280,emb. 400 ml,https://www.continente.pt/produto/champo-hair-care-purificante-mylabel-7778731.html,higiene-beleza,2025-04-21,Continente
Creme Depilatório Men Total Pro Corpo Pele Sensível,6615766,7.74,"€19,35/lt",Veet,Beleza e Higiene/Corpo/Depilação e Descoloração,https://www.continente.pt/dw/image/v2/BDVS_PRD/on/demandware.static/-/Sites-col-master-catalog/default/dw48a7aee3/images/col/661/6615766-hero.jpg?sw=280&sh=280,emb. 400 ml,https://www.continente.pt/produto/creme-depilatorio-men-total-pro-corpo-pele-sensivel-veet-6615766.html,higiene-beleza,2025-04-21,Continente
Batom Lip Oil Dress Nude,7595519,8.79,"€8,79/un",Labello,Beleza e Higiene/Rosto/Lábios,https://www.continente.pt/dw/image/v2/BDVS_PRD/on/demandware.static/-/Sites-col-master-catalog/default/dwa7d62a70/images/col/759/7595519-frente.jpg?sw=280&sh=280,emb. 1 un,https://www.continente.pt/produto/batom-lip-oil-dress-nude-labello-7595519.html,higiene-beleza,2025-04-21,Continente
Desodorizante Roll On Men Dry Fresh,6580670,2.02,"€40,40/lt",Nivea,Beleza e Higiene/Homem/Desodorizantes,https://www.continente.pt/dw/image/v2/BDVS_PRD/on/demandware.static/-/Sites-col-master-catalog/default/dwd6f2232d/images/col/658/6580670-hero.jpg?sw=280&sh=280,emb. 50 ml,https://www.continente.pt/produto/desodorizante-roll-on-men-dry-fresh-nivea-6580670.html,higiene-beleza,2025-04-21,Continente
Pasta de Dentes Hálito Fresco,6939769,1.86,"€24,80/lt",Jordan,Beleza e Higiene/Higiene Oral/Pastas de Dentes,https://www.continente.pt/dw/image/v2/BDVS_PRD/on/demandware.static/-/Sites-col-master-catalog/default/dw0d050cbb/images/col/693/6939769-frente-01.jpg?sw=280&sh=280,emb. 75 ml,https://www.continente.pt/produto/pasta-de-dentes-halito-fresco-jordan-6939769.html,higiene-beleza,2025-04-21,Continente
Desodorizante Roll On Advanced Talc Soft,7740584,4.99,"€99,80/lt",Dove,Beleza e Higiene/Corpo/Desodorizantes,https://www.continente.pt/dw/image/v2/BDVS_PRD/on/demandware.static/-/Sites-col-master-catalog/default/dw927c35f8/images/col/774/7740584-hero.jpg?sw=280&sh=280,emb. 50 ml,https://www.continente.pt/produto/desodorizante-roll-on-advanced-talc-soft-dove-7740584.html,higiene-beleza,2025-04-21,Continente
Champô Ultra Suave Delicadeza de Aveia Criança 2 em 1,7312837,2.95,"€11,80/lt",Garnier,Beleza e Higiene/Cabelo/Criança,https://www.continente.pt/dw/image/v2/BDVS_PRD/on/demandware.static/-/Sites-col-master-catalog/default/dwbc95be2c/images/col/731/7312837-hero.jpg?sw=280&sh=280,emb. 250 ml,https://www.continente.pt/produto/champo-ultra-suave-delicadeza-de-aveia-crianca-2-em-1-garnier-7312837.html,higiene-beleza,2025-04-21,Continente
Pensos Diários Cotton Feel Normal,6933694,3.19,"€0,06/un",Carefree,Beleza e Higiene/Higiene Íntima/Pensos Diários,https://www.continente.pt/dw/image/v2/BDVS_PRD/on/demandware.static/-/Sites-col-master-catalog/default/dw850abaa6/images/col/693/6933694-frente.jpg?sw=280&sh=280,emb. 56 un,https://www.continente.pt/produto/pensos-diarios-cotton-feel-normal-carefree-6933694.html,higiene-beleza,2025-04-21,Continente
Gel de Banho 2 em 1 Wood,8060966,1.39,"€3,48/lt",MyLabel,Beleza e Higiene/Corpo/Gel de Banho,https://www.continente.pt/dw/image/v2/BDVS_PRD/on/demandware.static/-/Sites-col-master-catalog/default/dw554a64e4/images/col/806/8060966-frente.png?sw=280&sh=280,emb. 400 ml,https://www.continente.pt/produto/gel-de-banho-2-em-1-wood-mylabel-8060966.html,higiene-beleza,2025-04-21,Continente
Champô Nutri Pro-V Anticaspa 3 em 1,6688212,3.96,"€13,20/lt",Pantene,Beleza e Higiene/Cabelo/Champôs,https://www.continente.pt/dw/image/v2/BDVS_PRD/on/demandware.static/-/Sites-col-master-catalog/default/dwdac08e80/images/col/668/6688212-hero.png?sw=280&sh=280,emb. 300 ml,https://www.continente.pt/produto/champo-nutri-pro-v-anticaspa-3-em-1-pantene-6688212.html,higiene-beleza,2025-04-21,Continente
Pensos Diários Bolsinhas Normal,6465990,2.69,"€0,07/un",Evax,Beleza e Higiene/Higiene Íntima/Pensos Diários,https://www.continente.pt/dw/image/v2/BDVS_PRD/on/demandware.static/-/Sites-col-master-catalog/default/dw1491b7e6/images/col/646/6465990-hero.jpg?sw=280&sh=280,emb. 40 un,https://www.continente.pt/produto/pensos-diarios-bolsinhas-normal-evax-6465990.html,higiene-beleza,2025-04-21,Continente
Gel de Banho 3 em 1 Whitewater,7740976,5.51,"€8,16/lt",Old Spice,Beleza e Higiene/Corpo/Gel de Banho,https://www.continente.pt/dw/image/v2/BDVS_PRD/on/demandware.static/-/Sites-col-master-catalog/default/dw7c026073/images/col/774/7740976-hero.png?sw=280&sh=280,emb. 675 ml,https://www.continente.pt/produto/gel-de-banho-3-em-1-whitewater-old-spice-7740976.html,higiene-beleza,2025-04-21,Continente
Champô Nutri-Plex Liso e Sedoso,7714040,3.19,"€14,18/lt",Pantene,Beleza e Higiene/Cabelo/Champôs,https://www.continente.pt/dw/image/v2/BDVS_PRD/on/demandware.static/-/Sites-col-master-catalog/default/dw696b84f6/images/col/771/7714040-hero.png?sw=280&sh=280,emb. 225 ml,https://www.continente.pt/produto/champo-nutri-plex-liso-e-sedoso-pantene-7714040.html,higiene-beleza,2025-04-21,Continente
Champô Hair Care Caracóis Perfeitos Colagénio,7778735,1.89,"€4,73/un",MyLabel,Beleza e Higiene/Cabelo/Champôs,https://www.continente.pt/dw/image/v2/BDVS_PRD/on/demandware.static/-/Sites-col-master-catalog/default/dw6577c39e/images/col/777/7778735-frente.jpg?sw=280&sh=280,emb. 400 ml,https://www.continente.pt/produto/champo-hair-care-caracois-perfeitos-colagenio-mylabel-7778735.html,higiene-beleza,2025-04-21,Continente
Gel de Banho Thermal Spa Silky Oil,7771803,2.99,"€5,98/lt",Palmolive,Beleza e Higiene/Corpo/Gel de Banho,https://www.continente.pt/dw/image/v2/BDVS_PRD/on/demandware.static/-/Sites-col-master-catalog/default/dw66510d2e/images/col/777/7771803-frente.jpg?sw=280&sh=280,emb. 500 ml,https://www.continente.pt/produto/gel-de-banho-thermal-spa-silky-oil-palmolive-7771803.html,higiene-beleza,2025-04-21,Continente
Pensos Diários Cotton Free Normal,8198898,1.75,"€0,09/un",Carefree,Beleza e Higiene/Higiene Íntima/Pensos Diários,https://www.continente.pt/dw/image/v2/BDVS_PRD/on/demandware.static/-/Sites-col-master-catalog/default/dw0b992607/images/col/819/8198898-frente.png?sw=280&sh=280,emb. 20 un,https://www.continente.pt/produto/pensos-diarios-cotton-free-normal-carefree-8198898.html,higiene-beleza,2025-04-21,Continente
Gel Íntimo Fresh,7646815,2.29,"€3,82/lt",Continente,Beleza e Higiene/Higiene Íntima/Gel e Sabonetes Íntimos,https://www.continente.pt/dw/image/v2/BDVS_PRD/on/demandware.static/-/Sites-col-master-catalog/default/dw8e5488bd/images/col/764/7646815-frente.jpg?sw=280&sh=280,emb. 600 ml,https://www.continente.pt/produto/gel-intimo-fresh-continente-7646815.html,higiene-beleza,2025-04-21,Continente
Creme Corpo Q10 Hidratante Refirmante,4378860,5.84,"€23,36/lt",Nivea,Beleza e Higiene/Corpo/Cremes e Loções,https://www.continente.pt/dw/image/v2/BDVS_PRD/on/demandware.static/-/Sites-col-master-catalog/default/dwae76e938/images/col/437/4378860-hero.jpg?sw=280&sh=280,emb. 250 ml,https://www.continente.pt/produto/creme-corpo-q10-hidratante-refirmante-nivea-4378860.html,higiene-beleza,2025-04-21,Continente
Gel de Banho 3 em 1 After Sport,7165395,3.29,"€8,22/lt",Adidas,Beleza e Higiene/Homem/Gel de Banho,https://www.continente.pt/dw/image/v2/BDVS_PRD/on/demandware.static/-/Sites-col-master-catalog/default/dw091a5d7e/images/col/716/7165395-frente.jpg?sw=280&sh=280,emb. 400 ml,https://www.continente.pt/produto/gel-de-banho-3-em-1-after-sport-adidas-7165395.html,higiene-beleza,2025-04-21,Continente
Água Micelar Revitalift Preenchedora,7346509,4.12,"€20,60/lt",LOréal Paris,Beleza e Higiene/Rosto/Limpeza,https://www.continente.pt/dw/image/v2/BDVS_PRD/on/demandware.static/-/Sites-col-master-catalog/default/dw0ec6d2a6/images/col/734/7346509-frente.jpg?sw=280&sh=280,emb. 200 ml,https://www.continente.pt/produto/agua-micelar-revitalift-preenchedora-loreal-paris-7346509.html,higiene-beleza,2025-04-21,Continente
Desodorizante Spray Zero % Respect & Control,6654481,2.24,"€11,20/lt",Sanex,Beleza e Higiene/Homem/Desodorizantes,https://www.continente.pt/dw/image/v2/BDVS_PRD/on/demandware.static/-/Sites-col-master-catalog/default/dw0e52d1ff/images/col/665/6654481-frente.jpg?sw=280&sh=280,emb. 200 ml,https://www.continente.pt/produto/desodorizante-spray-zero-respect-control-sanex-6654481.html,higiene-beleza,2025-04-21,Continente
Champô Nutri-Plex Anticaspa,7714041,3.19,"€14,18/lt",Pantene,Beleza e Higiene/Cabelo/Champôs,https://www.continente.pt/dw/image/v2/BDVS_PRD/on/demandware.static/-/Sites-col-master-catalog/default/dw7878f9dc/images/col/771/7714041-amb.png?sw=280&sh=280,emb. 225 ml,https://www.continente.pt/produto/champo-nutri-plex-anticaspa-pantene-7714041.html,higiene-beleza,2025-04-21,Continente
Bandas Depilatórias Cera Fria Expert Facial Pele Sensível,7730149,5.94,"€0,37/un",Veet,Beleza e Higiene/Corpo/Depilação e Descoloração,https://www.continente.pt/dw/image/v2/BDVS_PRD/on/demandware.static/-/Sites-col-master-catalog/default/dw2ad035f7/images/col/773/7730149-hero.jpg?sw=280&sh=280,emb. 16 un,https://www.continente.pt/produto/bandas-depilatorias-cera-fria-expert-facial-pele-sensivel-veet-7730149.html,higiene-beleza,2025-04-21,Continente
Gel Exfoliante Purifica os Poros,3841638,5.38,"€35,87/lt",Nivea,Beleza e Higiene/Rosto/Limpeza,https://www.continente.pt/dw/image/v2/BDVS_PRD/on/demandware.static/-/Sites-col-master-catalog/default/dwb4ad2c92/images/col/384/3841638-hero.jpg?sw=280&sh=280,emb. 150 ml,https://www.continente.pt/produto/gel-exfoliante-purifica-os-poros-nivea-3841638.html,higiene-beleza,2025-04-21,Continente
Pensos Diários Salvaslip Normal Bolsinhas,6677942,1.99,"€0,07/un",Evax,Beleza e Higiene/Higiene Íntima/Pensos Diários,https://www.continente.pt/dw/image/v2/BDVS_PRD/on/demandware.static/-/Sites-col-master-catalog/default/dw22a2492f/images/col/667/6677942-hero.jpg?sw=280&sh=280,emb. 28 un,https://www.continente.pt/produto/pensos-diarios-salvaslip-normal-bolsinhas-evax-6677942.html,higiene-beleza,2025-04-21,Continente
Desodorizante Stick Men Cool Fresh,7740589,2.99,"€59,80/lt",Dove,Beleza e Higiene/Homem/Desodorizantes,https://www.continente.pt/dw/image/v2/BDVS_PRD/on/demandware.static/-/Sites-col-master-catalog/default/dwca42f4bd/images/col/774/7740589-frente.jpg?sw=280&sh=280,emb. 50 ml,https://www.continente.pt/produto/desodorizante-stick-men-cool-fresh-dove-7740589.html,higiene-beleza,2025-04-21,Continente
Aftershave Loção Sensitive,8193882,2.69,"€21,52/lt",MyLabel,Beleza e Higiene/Homem/Barba,https://www.continente.pt/dw/image/v2/BDVS_PRD/on/demandware.static/-/Sites-col-master-catalog/default/dw645fd49a/images/col/819/8193882-frente.jpg?sw=280&sh=280,emb. 125 ml,https://www.continente.pt/produto/aftershave-locao-sensitive-mylabel-8193882.html,higiene-beleza,2025-04-21,Continente
Condicionador Pro-V Cuidado Clássico,8154195,3.59,"€22,44/lt",Pantene,Beleza e Higiene/Cabelo/Condicionadores,https://www.continente.pt/dw/image/v2/BDVS_PRD/on/demandware.static/-/Sites-col-master-catalog/default/dw633c8b22/images/col/815/8154195-hero.png?sw=280&sh=280,emb. 160 ml,https://www.continente.pt/produto/condicionador-pro-v-cuidado-classico-pantene-8154195.html,higiene-beleza,2025-04-21,Continente
BB Cream Bege Quente N.25,7983884,9.9,"€9,90/un",Missha,Beleza e Higiene/Rosto/Hidratação,https://www.continente.pt/dw/image/v2/BDVS_PRD/on/demandware.static/-/Sites-col-master-catalog/default/dw48ccf8b0/images/col/798/7983884-frente.jpg?sw=280&sh=280,emb. 20 ml,https://www.continente.pt/produto/bb-cream-bege-quente-n.25-missha-7983884.html,higiene-beleza,2025-04-21,Continente
Água Micelar,7736946,2.89,"€7,23/un",MyLabel,Beleza e Higiene/Rosto/Limpeza,https://www.continente.pt/dw/image/v2/BDVS_PRD/on/demandware.static/-/Sites-col-master-catalog/default/dw026161ed/images/col/773/7736946-frente.jpg?sw=280&sh=280,emb. 400 ml,https://www.continente.pt/produto/agua-micelar-mylabel-7736946.html,higiene-beleza,2025-04-21,Continente
Desodorizante Roll On Zero% Invisible,6179806,1.99,"€39,80/lt",Sanex,Beleza e Higiene/Corpo/Desodorizantes,https://www.continente.pt/dw/image/v2/BDVS_PRD/on/demandware.static/-/Sites-col-master-catalog/default/dwf1bf61f1/images/col/617/6179806-frente.jpg?sw=280&sh=280,emb. 50 ml,https://www.continente.pt/produto/desodorizante-roll-on-zero--invisible-sanex-6179806.html,higiene-beleza,2025-04-21,Continente
Pasta de Dentes Criança 1 a 6 Anos,4311035,2.2,"€44,00/lt",Theramed,Beleza e Higiene/Higiene Oral/Higiene Oral Infantil,https://www.continente.pt/dw/image/v2/BDVS_PRD/on/demandware.static/-/Sites-col-master-catalog/default/dw48a12ed6/images/col/431/4311035-frente.jpg?sw=280&sh=280,emb. 50 ml,https://www.continente.pt/produto/pasta-de-dentes-crianca-1-a-6-anos-theramed-4311035.html,higiene-beleza,2025-04-21,Continente
Champô Nutri Pro-V Cuidado Clássico 3 em 1,6688214,3.96,"€13,20/lt",Pantene,Beleza e Higiene/Cabelo/Champôs,https://www.continente.pt/dw/image/v2/BDVS_PRD/on/demandware.static/-/Sites-col-master-catalog/default/dw5ddff2a8/images/col/668/6688214-hero.png?sw=280&sh=280,emb. 300 ml,https://www.continente.pt/produto/champo-nutri-pro-v-cuidado-classico-3-em-1-pantene-6688214.html,higiene-beleza,2025-04-21,Continente
Escova de Dentes e 4 Recargas Green Clean Change Média,7588082,3.24,"€3,24/un",Jordan,Beleza e Higiene/Higiene Oral/Escovas de Dentes,https://www.continente.pt/dw/image/v2/BDVS_PRD/on/demandware.static/-/Sites-col-master-catalog/default/dw12abb87b/images/col/758/7588082-frente-01.jpg?sw=280&sh=280,emb. 1 un + 4 un,https://www.continente.pt/produto/escova-de-dentes-e-4-recargas-green-clean-change-media-jordan-7588082.html,higiene-beleza,2025-04-21,Continente
Champô Hair Care Nutrição Profunda,7778730,1.99,"€4,98/un",MyLabel,Beleza e Higiene/Cabelo/Champôs,https://www.continente.pt/dw/image/v2/BDVS_PRD/on/demandware.static/-/Sites-col-master-catalog/default/dwd4354c0a/images/col/777/7778730-frente.jpg?sw=280&sh=280,emb. 400 ml,https://www.continente.pt/produto/champo-hair-care-nutricao-profunda-mylabel-7778730.html,higiene-beleza,2025-04-21,Continente
Gel de Banho Advanced Care Deeply Nourishing,8062907,2.99,"€7,48/lt",Dove,Beleza e Higiene/Corpo/Gel de Banho,https://www.continente.pt/dw/image/v2/BDVS_PRD/on/demandware.static/-/Sites-col-master-catalog/default/dw8047269b/images/col/806/8062907-hero.jpg?sw=280&sh=280,emb. 400 ml,https://www.continente.pt/produto/gel-de-banho-advanced-care-deeply-nourishing-dove-8062907.html,higiene-beleza,2025-04-21,Continente
Toalhitas Bebé Biodegradáveis,8018593,2.24,"€0,05/un",Waterwipes,Bebé/Fraldas e Toalhitas/Toalhitas,https://www.continente.pt/dw/image/v2/BDVS_PRD/on/demandware.static/-/Sites-col-master-catalog/default/dwf30ffc50/images/col/801/8018593-frente.jpg?sw=280&sh=280,emb. 48 un,https://www.continente.pt/produto/toalhitas-bebe-biodegradaveis-waterwipes-8018593.html,higiene-beleza,2025-04-21,Continente
Champô Men Active Clean,5591089,2.69,"€10,76/lt",Nivea,Beleza e Higiene/Homem/Cabelo,https://www.continente.pt/dw/image/v2/BDVS_PRD/on/demandware.static/-/Sites-col-master-catalog/default/dwffacf0af/images/col/559/5591089-hero.jpg?sw=280&sh=280,emb. 250 ml,https://www.continente.pt/produto/champo-men-active-clean-nivea-5591089.html,higiene-beleza,2025-04-21,Continente
Desodorizante Stick Clean Scent,7132209,4.0,"€88,89/lt",Rexona,Beleza e Higiene/Homem/Desodorizantes,https://www.continente.pt/dw/image/v2/BDVS_PRD/on/demandware.static/-/Sites-col-master-catalog/default/dw706b1349/images/col/713/7132209-hero.jpg?sw=280&sh=280,emb. 45 ml,https://www.continente.pt/produto/desodorizante-stick-clean-scent-rexona-7132209.html,higiene-beleza,2025-04-21,Continente
Condicionador Nutre Menta,8154008,3.99,"€15,96/lt",Herbal Essences,Beleza e Higiene/Cabelo/Condicionadores,https://www.continente.pt/dw/image/v2/BDVS_PRD/on/demandware.static/-/Sites-col-master-catalog/default/dw75b7ae67/images/col/815/8154008-frente.png?sw=280&sh=280,emb. 250 ml,https://www.continente.pt/produto/condicionador-nutre-menta-herbal-essences-8154008.html,higiene-beleza,2025-04-21,Continente
Lâminas Descartáveis Twin Lady,2823512,3.99,"€0,40/un",BIC,Beleza e Higiene/Corpo/Depilação e Descoloração,https://www.continente.pt/dw/image/v2/BDVS_PRD/on/demandware.static/-/Sites-col-master-catalog/default/dw5149a29b/images/col/282/2823512-frente.jpg?sw=280&sh=280,emb. 10 un,https://www.continente.pt/produto/laminas-descartaveis-twin-lady-bic-2823512.html,higiene-beleza,2025-04-21,Continente
Espuma De Barbear Sensitive,7950090,1.15,"€11,50/lt",MyLabel,Beleza e Higiene/Homem/Barba,https://www.continente.pt/dw/image/v2/BDVS_PRD/on/demandware.static/-/Sites-col-master-catalog/default/dwe5dc55fb/images/col/795/7950090-frente.png?sw=280&sh=280,emb. 100 ml,https://www.continente.pt/produto/espuma-de-barbear-sensitive-mylabel-7950090.html,higiene-beleza,2025-04-21,Continente
Creme de Mãos Intensivo Hidratante Miniatura,6739585,1.99,"€66,33/lt",Nivea,Beleza e Higiene/Corpo/Cuidados de Mãos e Pés,https://www.continente.pt/dw/image/v2/BDVS_PRD/on/demandware.static/-/Sites-col-master-catalog/default/dwb78aa6e0/images/col/673/6739585-frente.jpg?sw=280&sh=280,emb. 30 ml,https://www.continente.pt/produto/creme-de-maos-intensivo-hidratante-miniatura-nivea-6739585.html,higiene-beleza,2025-04-21,Continente
Gel de Banho 3 em 1 Bearglove,8014956,5.51,"€8,16/lt",Old Spice,Beleza e Higiene/Corpo/Gel de Banho,https://www.continente.pt/dw/image/v2/BDVS_PRD/on/demandware.static/-/Sites-col-master-catalog/default/dwf3ec1d05/images/col/801/8014956-hero.png?sw=280&sh=280,emb. 675 ml,https://www.continente.pt/produto/gel-de-banho-3-em-1-bearglove-old-spice-8014956.html,higiene-beleza,2025-04-21,Continente
Loção Corpo Argão,7776690,6.81,"€11,35/lt",Natural Honey,Beleza e Higiene/Corpo/Cremes e Loções,https://www.continente.pt/dw/image/v2/BDVS_PRD/on/demandware.static/-/Sites-col-master-catalog/default/dwdb3da521/images/col/777/7776690-frente.jpg?sw=280&sh=280,emb. 600 ml,https://www.continente.pt/produto/locao-corpo-argao-natural-honey-7776690.html,higiene-beleza,2025-04-21,Continente
Desodorizante Spray Passion Fruit,7755310,2.99,"€19,93/lt",Dove,Beleza e Higiene/Corpo/Desodorizantes,https://www.continente.pt/dw/image/v2/BDVS_PRD/on/demandware.static/-/Sites-col-master-catalog/default/dwfa71d875/images/col/775/7755310-hero.jpg?sw=280&sh=280,emb. 150 ml,https://www.continente.pt/produto/desodorizante-spray-passion-fruit-dove-7755310.html,higiene-beleza,2025-04-21,Continente
Coloração Permanente Olia Louro Escuro Dourado 6.3,5037107,8.39,"€8,39/un",Garnier,Beleza e Higiene/Cabelo/Colorações,https://www.continente.pt/dw/image/v2/BDVS_PRD/on/demandware.static/-/Sites-col-master-catalog/default/dw13410688/images/col/503/5037107-direito.jpg?sw=280&sh=280,emb. 1 un,https://www.continente.pt/produto/coloracao-permanente-olia-louro-escuro-dourado-6.3-garnier-5037107.html,higiene-beleza,2025-04-21,Continente
Toalhitas Íntimas Suaves,3807230,3.99,"€0,20/un",Corine de Farme,Beleza e Higiene/Higiene Íntima/Toalhitas Íntimas,https://www.continente.pt/dw/image/v2/BDVS_PRD/on/demandware.static/-/Sites-col-master-catalog/default/dwd0e01348/images/col/380/3807230-frente.jpg?sw=280&sh=280,emb. 20 un,https://www.continente.pt/produto/toalhitas-intimas-suaves-corine-de-farme-3807230.html,higiene-beleza,2025-04-21,Continente
Aftershave Loção Men Protect & Care Refrescante,5076738,6.04,"€60,40/lt",Nivea,Beleza e Higiene/Homem/Barba,https://www.continente.pt/dw/image/v2/BDVS_PRD/on/demandware.static/-/Sites-col-master-catalog/default/dw54cdf4e6/images/col/507/5076738-frente-com-embalagem.jpg?sw=280&sh=280,emb. 100 ml,https://www.continente.pt/produto/aftershave-locao-men-protect-care-refrescante-nivea-5076738.html,higiene-beleza,2025-04-21,Continente
Elixir Bucal Total Care,6115987,6.69,"€13,38/lt",Listerine,Beleza e Higiene/Higiene Oral/Elixires Bucais,https://www.continente.pt/dw/image/v2/BDVS_PRD/on/demandware.static/-/Sites-col-master-catalog/default/dwb599bfe2/images/col/611/6115987-frente.jpg?sw=280&sh=280,emb. 500 ml + 250 ml,https://www.continente.pt/produto/elixir-bucal-total-care-listerine-6115987.html,higiene-beleza,2025-04-21,Continente
Desodorizante Spray Black & White Active,6076576,3.17,"€21,13/lt",Nivea,Beleza e Higiene/Corpo/Desodorizantes,https://www.continente.pt/dw/image/v2/BDVS_PRD/on/demandware.static/-/Sites-col-master-catalog/default/dwf2e51531/images/col/607/6076576-hero.jpg?sw=280&sh=280,emb. 150 ml,https://www.continente.pt/produto/desodorizante-spray-black-white-active-nivea-6076576.html,higiene-beleza,2025-04-21,Continente
Leite de Limpeza Age Perfect,8276500,8.39,"€55,93/lt",LOréal Paris,Beleza e Higiene/Rosto/Limpeza,https://www.continente.pt/dw/image/v2/BDVS_PRD/on/demandware.static/-/Sites-col-master-catalog/default/dw8d121095/images/col/827/8276500-hero-1.jpg?sw=280&sh=280,emb. 150 ml,https://www.continente.pt/produto/leite-de-limpeza-age-perfect-loreal-paris-8276500.html,higiene-beleza,2025-04-21,Continente
Laca Cabelo Elnett Satin Volume,7141541,6.69,"€22,30/lt",LOréal Paris,"Beleza e Higiene/Cabelo/Spray, Espuma, Creme e Gel/Laca e Spray",https://www.continente.pt/dw/image/v2/BDVS_PRD/on/demandware.static/-/Sites-col-master-catalog/default/dw55a84989/images/col/714/7141541-frente.jpg?sw=280&sh=280,emb. 300 ml,https://www.continente.pt/produto/laca-cabelo-elnett-satin-volume-loreal-paris-7141541.html,higiene-beleza,2025-04-21,Continente
Bandas Pontos Negros,2297211,5.38,"€0,90/un",Nivea,Beleza e Higiene/Rosto/Acne e Pele Oleosa,https://www.continente.pt/dw/image/v2/BDVS_PRD/on/demandware.static/-/Sites-col-master-catalog/default/dwc5748470/images/col/229/2297211-hero.jpg?sw=280&sh=280,emb. 4 un,https://www.continente.pt/produto/bandas-pontos-negros-nivea-2297211.html,higiene-beleza,2025-04-21,Continente
Bandas Depilatórias Cera Faciais Aloe Vera,8147565,1.99,"€0,06/un",MyLabel,Beleza e Higiene/Corpo/Depilação e Descoloração,https://www.continente.pt/dw/image/v2/BDVS_PRD/on/demandware.static/-/Sites-col-master-catalog/default/dwd321b895/images/col/814/8147565-frente.jpg?sw=280&sh=280,emb. 32 un,https://www.continente.pt/produto/bandas-depilatorias-cera-faciais-aloe-vera-mylabel-8147565.html,higiene-beleza,2025-04-21,Continente
Acetona,7141128,1.49,"€11,92/lt",Hidro,Beleza e Higiene/Maquilhagem/Unhas,https://www.continente.pt/dw/image/v2/BDVS_PRD/on/demandware.static/-/Sites-col-master-catalog/default/dwb6042d20/images/col/714/7141128-frente.jpg?sw=280&sh=280,emb. 125 ml,https://www.continente.pt/produto/acetona-hidro-7141128.html,higiene-beleza,2025-04-21,Continente
Elixir Bucal Total Care,7824778,9.29,"€12,39/lt",Listerine,Beleza e Higiene/Higiene Oral/Elixires Bucais,https://www.continente.pt/dw/image/v2/BDVS_PRD/on/demandware.static/-/Sites-col-master-catalog/default/dwc4c2451d/images/col/782/7824778-frente.jpg?sw=280&sh=280,emb. 750 ml,https://www.continente.pt/produto/elixir-bucal-total-care-listerine-7824778.html,higiene-beleza,2025-04-21,Continente
Condicionador Força e Anti-Quebra Agave,7132063,6.49,"€16,86/lt",Maui Moisture,Beleza e Higiene/Cabelo/Condicionadores,https://www.continente.pt/dw/image/v2/BDVS_PRD/on/demandware.static/-/Sites-col-master-catalog/default/dwb7e92127/images/col/713/7132063-frente.jpg?sw=280&sh=280,emb. 385 ml,https://www.continente.pt/produto/condicionador-forca-e-anti-quebra-agave-maui-moisture-7132063.html,higiene-beleza,2025-04-21,Continente
Sérum Cabelo Fructis Método Caracóis,7970687,6.74,"€44,93/lt",Garnier,Beleza e Higiene/Cabelo/Máscaras e Tratamentos,https://www.continente.pt/dw/image/v2/BDVS_PRD/on/demandware.static/-/Sites-col-master-catalog/default/dw2bee9633/images/col/797/7970687-hero.jpg?sw=280&sh=280,emb. 150 ml,https://www.continente.pt/produto/serum-cabelo-fructis-metodo-caracois-garnier-7970687.html,higiene-beleza,2025-04-21,Continente
Álcool Etílico 96% Volume,2077397,1.09,"€4,36/lt",Hidro,Beleza e Higiene/Lenços e Cuidados de Saúde/Cuidados de Saúde,https://www.continente.pt/dw/image/v2/BDVS_PRD/on/demandware.static/-/Sites-col-master-catalog/default/dw1e6e0b20/images/col/207/2077397-frente.jpg?sw=280&sh=280,emb. 250 ml,https://www.continente.pt/produto/alcool-etilico-96--volume-hidro-2077397.html,higiene-beleza,2025-04-21,Continente
Gel Cabelo Max Hold,4400731,5.51,"€22,04/lt",Syoss,"Beleza e Higiene/Cabelo/Spray, Espuma, Creme e Gel/Gel e Cera",https://www.continente.pt/dw/image/v2/BDVS_PRD/on/demandware.static/-/Sites-col-master-catalog/default/dw40312994/images/col/440/4400731-frente.jpg?sw=280&sh=280,emb. 250 ml,https://www.continente.pt/produto/gel-cabelo-max-hold-syoss-4400731.html,higiene-beleza,2025-04-21,Continente
Lâminas Descartáveis 3 Sensitive,3054456,2.94,"€0,37/un",BIC,Beleza e Higiene/Homem/Barba,https://www.continente.pt/dw/image/v2/BDVS_PRD/on/demandware.static/-/Sites-col-master-catalog/default/dw427c01c1/images/col/305/3054456-frente.jpg?sw=280&sh=280,emb. 12 un,https://www.continente.pt/produto/laminas-descartaveis-3-sensitive-bic-3054456.html,higiene-beleza,2025-04-21,Continente
Pasta de Dentes Criança 0 a 5 Anos,6586594,2.99,"€39,87/lt",Jordan,Beleza e Higiene/Higiene Oral/Higiene Oral Infantil,https://www.continente.pt/dw/image/v2/BDVS_PRD/on/demandware.static/-/Sites-col-master-catalog/default/dwe3a406d8/images/col/658/6586594-frente-01.jpg?sw=280&sh=280,emb. 50 ml,https://www.continente.pt/produto/pasta-de-dentes-crianca-0-a-5-anos-jordan-6586594.html,higiene-beleza,2025-04-21,Continente
Mola Cabelo Mate Média,6866539,2.69,"€2,69/un",MyLabel,Beleza e Higiene/Cabelo/Acessórios,https://www.continente.pt/dw/image/v2/BDVS_PRD/on/demandware.static/-/Sites-col-master-catalog/default/dw077b6057/images/col/686/6866539-frente.jpg?sw=280&sh=280,emb. 1 un,https://www.continente.pt/produto/mola-cabelo-mate-media-mylabel-6866539.html,higiene-beleza,2025-04-21,Continente
Espuma Cabelo Caracóis Definidos,4400747,4.01,"€16,04/lt",Syoss,"Beleza e Higiene/Cabelo/Spray, Espuma, Creme e Gel",https://www.continente.pt/dw/image/v2/BDVS_PRD/on/demandware.static/-/Sites-col-master-catalog/default/dw1443b01e/images/col/440/4400747-frente.jpg?sw=280&sh=280,emb. 250 ml,https://www.continente.pt/produto/espuma-cabelo-caracois-definidos-syoss-4400747.html,higiene-beleza,2025-04-21,Continente
Gel de Banho Lactooil Cuidado Extra,6873665,3.01,"€4,63/lt",Lactovit,Beleza e Higiene/Corpo/Gel de Banho,https://www.continente.pt/dw/image/v2/BDVS_PRD/on/demandware.static/-/Sites-col-master-catalog/default/dwcb3510c3/images/col/687/6873665-frente.jpg?sw=280&sh=280,emb. 650 ml,https://www.continente.pt/produto/gel-de-banho-lactooil-cuidado-extra-lactovit-6873665.html,higiene-beleza,2025-04-21,Continente
Toalhitas Intímas Sensitive,5773065,3.3,"€0,22/un",Dystron,Beleza e Higiene/Higiene Íntima/Toalhitas Íntimas,https://www.continente.pt/dw/image/v2/BDVS_PRD/on/demandware.static/-/Sites-col-master-catalog/default/dw530159e5/images/col/577/5773065-cima.jpg?sw=280&sh=280,emb. 15 un,https://www.continente.pt/produto/toalhitas-intimas-sensitive-dystron-5773065.html,higiene-beleza,2025-04-21,Continente
Espuma Cabelo Pro-V Caracóis Perfeitos,7653674,3.99,"€19,95/lt",Pantene,"Beleza e Higiene/Cabelo/Spray, Espuma, Creme e Gel/Espuma e Creme",https://www.continente.pt/dw/image/v2/BDVS_PRD/on/demandware.static/-/Sites-col-master-catalog/default/dw3c602e64/images/col/765/7653674-frente.jpg?sw=280&sh=280,emb. 200 ml,https://www.continente.pt/produto/espuma-cabelo-pro-v-caracois-perfeitos-pantene-7653674.html,higiene-beleza,2025-04-21,Continente
Compressas Esterilizadas 20 x 20 cm,4693820,1.49,"€0,15/un",Continente,Beleza e Higiene/Lenços e Cuidados de Saúde/Cuidados de Saúde,https://www.continente.pt/dw/image/v2/BDVS_PRD/on/demandware.static/-/Sites-col-master-catalog/default/dw5c512f38/images/col/469/4693820-frente.jpg?sw=280&sh=280,emb. 10 un,https://www.continente.pt/produto/compressas-esterilizadas-20-x-20-cm-continente-4693820.html,higiene-beleza,2025-04-21,Continente
Champô Anticaspa Citrus 2 em 1 Plus,8263663,4.61,"€15,37/lt",H&S,Beleza e Higiene/Cabelo/Champôs,https://www.continente.pt/dw/image/v2/BDVS_PRD/on/demandware.static/-/Sites-col-master-catalog/default/dw338cebe6/images/col/826/8263663-hero.png?sw=280&sh=280,emb. 300 ml,https://www.continente.pt/produto/champo-anticaspa-citrus-2-em-1-plus-h-s-8263663.html,higiene-beleza,2025-04-21,Continente
Gel de Banho Naturals Sensitive,7416073,3.29,"€5,06/lt",Palmolive,Beleza e Higiene/Corpo/Gel de Banho,https://www.continente.pt/dw/image/v2/BDVS_PRD/on/demandware.static/-/Sites-col-master-catalog/default/dw62f28b6b/images/col/741/7416073-frente-1.jpg?sw=280&sh=280,emb. 650 ml,https://www.continente.pt/produto/gel-de-banho-naturals-sensitive-palmolive-7416073.html,higiene-beleza,2025-04-21,Continente
Discos de Amamentação,3855633,3.99,"€0,13/un",Continente do Bebé,Beleza e Higiene/Lenços e Cuidados de Saúde/Cuidados de Saúde,https://www.continente.pt/dw/image/v2/BDVS_PRD/on/demandware.static/-/Sites-col-master-catalog/default/dw690ee938/images/col/385/3855633-frente.jpg?sw=280&sh=280,emb. 30 un,https://www.continente.pt/produto/discos-de-amamentacao-continente-do-bebe-3855633.html,higiene-beleza,2025-04-21,Continente
Gel de Banho Coconut Breeze,7402236,3.5,"€5,00/lt",Bioten,Beleza e Higiene/Corpo/Gel de Banho,https://www.continente.pt/dw/image/v2/BDVS_PRD/on/demandware.static/-/Sites-col-master-catalog/default/dwa3d5ffe5/images/col/740/7402236-frente.jpg?sw=280&sh=280,emb. 700 ml,https://www.continente.pt/produto/gel-de-banho-coconut-breeze-bioten-7402236.html,higiene-beleza,2025-04-21,Continente
Lápis de Olhos Lifter Liner 008 Fine Line,8242255,9.99,"€9,99/un",Maybelline New York,Beleza e Higiene/Maquilhagem/Lábios,https://www.continente.pt/dw/image/v2/BDVS_PRD/on/demandware.static/-/Sites-col-master-catalog/default/dwcbc3ec4d/images/col/824/8242255-hero-1.jpg?sw=280&sh=280,emb. 1 un,https://www.continente.pt/produto/lapis-de-olhos-lifter-liner-008-fine-line-maybelline-new-york-8242255.html,higiene-beleza,2025-04-21,Continente
Champô Men Strong Power,3621254,2.69,"€10,76/lt",Nivea,Beleza e Higiene/Homem/Cabelo,https://www.continente.pt/dw/image/v2/BDVS_PRD/on/demandware.static/-/Sites-col-master-catalog/default/dwb3b13501/images/col/362/3621254-hero.jpg?sw=280&sh=280,emb. 250 ml,https://www.continente.pt/produto/champo-men-strong-power-nivea-3621254.html,higiene-beleza,2025-04-21,Continente
Elixir Bucal Total Care,6994950,2.49,"€26,21/lt",Listerine,Beleza e Higiene/Higiene Oral/Elixires Bucais,https://www.continente.pt/dw/image/v2/BDVS_PRD/on/demandware.static/-/Sites-col-master-catalog/default/dw7089c6fd/images/col/699/6994950-frente.jpg?sw=280&sh=280,emb. 95 ml,https://www.continente.pt/produto/elixir-bucal-total-care-listerine-6994950.html,higiene-beleza,2025-04-21,Continente
Toalhitas Íntimas Frescura,3822204,2.29,"€0,23/un",Corine de Farme,Beleza e Higiene/Higiene Íntima/Toalhitas Íntimas,https://www.continente.pt/dw/image/v2/BDVS_PRD/on/demandware.static/-/Sites-col-master-catalog/default/dwb6b4dabb/images/col/382/3822204-frente.jpg?sw=280&sh=280,emb. 10 un,https://www.continente.pt/produto/toalhitas-intimas-frescura-corine-de-farme-3822204.html,higiene-beleza,2025-04-21,Continente
Pensos Diários Maxi,2590226,2.99,"€0,08/un",Carefree,Beleza e Higiene/Higiene Íntima/Pensos Diários,https://www.continente.pt/dw/image/v2/BDVS_PRD/on/demandware.static/-/Sites-col-master-catalog/default/dwe69dd892/images/col/259/2590226-frente.jpg?sw=280&sh=280,emb. 36 un,https://www.continente.pt/produto/pensos-diarios-maxi-carefree-2590226.html,higiene-beleza,2025-04-21,Continente
Escova de Dentes Suave Criança 0 a 2 Anos,8021008,2.46,"€2,46/un",Aquafresh,Beleza e Higiene/Higiene Oral/Higiene Oral Infantil,https://www.continente.pt/dw/image/v2/BDVS_PRD/on/demandware.static/-/Sites-col-master-catalog/default/dw174d2d7b/images/col/802/8021008-frente.png?sw=280&sh=280,emb. 1 un,https://www.continente.pt/produto/escova-de-dentes-suave-crianca-0-a-2-anos-aquafresh-8021008.html,higiene-beleza,2025-04-21,Continente
Condicionador Ultra Suave Óleos de Argão e Camélia,5365191,3.77,"€9,42/lt",Garnier,Beleza e Higiene/Cabelo/Condicionadores,https://www.continente.pt/dw/image/v2/BDVS_PRD/on/demandware.static/-/Sites-col-master-catalog/default/dwe54d71c9/images/col/536/5365191-hero.jpg?sw=280&sh=280,emb. 400 ml,https://www.continente.pt/produto/condicionador-ultra-suave-oleos-de-argao-e-camelia-garnier-5365191.html,higiene-beleza,2025-04-21,Continente
Escova de Dentes Pilhas 360 Floss Tip Média,4621954,5.24,"€5,24/un",Colgate,Beleza e Higiene/Higiene Oral/Escovas de Dentes,https://www.continente.pt/dw/image/v2/BDVS_PRD/on/demandware.static/-/Sites-col-master-catalog/default/dw14bd96f8/images/col/462/4621954-frente-1.png?sw=280&sh=280,emb. 1 un,https://www.continente.pt/produto/escova-de-dentes-pilhas-360-floss-tip-media-colgate-4621954.html,higiene-beleza,2025-04-21,Continente
Condicionador Cuidado Clássico,6421994,6.59,"€7,32/lt",Tresemmé,Beleza e Higiene/Cabelo/Condicionadores,https://www.continente.pt/dw/image/v2/BDVS_PRD/on/demandware.static/-/Sites-col-master-catalog/default/dw96e84259/images/col/642/6421994-hero.jpg?sw=280&sh=280,emb. 900 ml,https://www.continente.pt/produto/condicionador-cuidado-classico-tresemme-6421994.html,higiene-beleza,2025-04-21,Continente
Creme Contorno de Olhos Vitamina C,7744087,7.79,"€519,33/lt",Garnier,Beleza e Higiene/Rosto/Hidratação,https://www.continente.pt/dw/image/v2/BDVS_PRD/on/demandware.static/-/Sites-col-master-catalog/default/dwfe51043d/images/col/774/7744087-frente.jpg?sw=280&sh=280,emb. 15 ml,https://www.continente.pt/produto/creme-contorno-de-olhos-vitamina-c-garnier-7744087.html,higiene-beleza,2025-04-21,Continente
Desodorizante Roll On Narta IceMax,4274324,4.49,"€89,80/lt",Garnier,Beleza e Higiene/Homem/Desodorizantes,https://www.continente.pt/dw/image/v2/BDVS_PRD/on/demandware.static/-/Sites-col-master-catalog/default/dw57e9cca5/images/col/427/4274324-hero.jpg?sw=280&sh=280,emb. 50 ml,https://www.continente.pt/produto/desodorizante-roll-on-narta-icemax-garnier-4274324.html,higiene-beleza,2025-04-21,Continente
Eyeliner Líquido Hyper Easy,7107025,6.29,"€6,29/un",Maybelline New York,Beleza e Higiene/Maquilhagem/Olhos,https://www.continente.pt/dw/image/v2/BDVS_PRD/on/demandware.static/-/Sites-col-master-catalog/default/dw7453040f/images/col/710/7107025-hero.jpg?sw=280&sh=280,emb. 1 un,https://www.continente.pt/produto/eyeliner-liquido-hyper-easy-maybelline-new-york-7107025.html,higiene-beleza,2025-04-21,Continente
Elixir Bucal Dentes e Gengivas,7824623,9.29,"€12,39/lt",Listerine,Beleza e Higiene/Higiene Oral/Elixires Bucais,https://www.continente.pt/dw/image/v2/BDVS_PRD/on/demandware.static/-/Sites-col-master-catalog/default/dw49aa52f0/images/col/782/7824623-frente.jpg?sw=280&sh=280,emb. 750 ml,https://www.continente.pt/produto/elixir-bucal-dentes-e-gengivas-listerine-7824623.html,higiene-beleza,2025-04-21,Continente
Pensos Disney Marvel,7136330,2.33,"€2,33/un",Hansaplast,Beleza e Higiene/Lenços e Cuidados de Saúde/Cuidados de Saúde,https://www.continente.pt/dw/image/v2/BDVS_PRD/on/demandware.static/-/Sites-col-master-catalog/default/dw27f34d2c/images/col/713/7136330-esquerdo.jpg?sw=280&sh=280,emb. 20 un,https://www.continente.pt/produto/pensos-disney-marvel-hansaplast-7136330.html,higiene-beleza,2025-04-21,Continente
Champô Anticaspa,7458833,1.99,"€4,98/lt",MyLabel,Beleza e Higiene/Homem/Cabelo,https://www.continente.pt/dw/image/v2/BDVS_PRD/on/demandware.static/-/Sites-col-master-catalog/default/dw5e0a639f/images/col/745/7458833-frente.jpg?sw=280&sh=280,emb. 400 ml,https://www.continente.pt/produto/champo-anticaspa-mylabel-7458833.html,higiene-beleza,2025-04-21,Continente
Máscara Cabelo Elvive Reconstrutora Dream Long,6421142,4.99,"€16,63/lt",LOréal Paris,Beleza e Higiene/Cabelo/Máscaras e Tratamentos,https://www.continente.pt/dw/image/v2/BDVS_PRD/on/demandware.static/-/Sites-col-master-catalog/default/dw3e533733/images/col/642/6421142-frente.jpg?sw=280&sh=280,emb. 300 ml,https://www.continente.pt/produto/mascara-cabelo-elvive-reconstrutora-dream-long-loreal-paris-6421142.html,higiene-beleza,2025-04-21,Continente
Elixir Bucal Suave Dentes&Gengivas,6702720,6.69,"€13,38/lt",Listerine,Beleza e Higiene/Higiene Oral/Elixires Bucais,https://www.continente.pt/dw/image/v2/BDVS_PRD/on/demandware.static/-/Sites-col-master-catalog/default/dwc3e58b47/images/col/670/6702720-frente.jpg?sw=280&sh=280,emb. 500 + 250 ml,https://www.continente.pt/produto/elixir-bucal-suave-dentes-gengivas-listerine-6702720.html,higiene-beleza,2025-04-21,Continente
Lâminas Descartáveis Flex 3,6856882,6.99,"€1,75/un",BIC,Beleza e Higiene/Homem/Barba,https://www.continente.pt/dw/image/v2/BDVS_PRD/on/demandware.static/-/Sites-col-master-catalog/default/dwa21b7b52/images/col/685/6856882-frente.jpg?sw=280&sh=280,emb. 6 un,https://www.continente.pt/produto/laminas-descartaveis-flex-3-bic-6856882.html,higiene-beleza,2025-04-21,Continente
BB Cream Essentials Hidratante Tom Médio FPS15,5028717,7.79,"€155,80/lt",Nivea,Beleza e Higiene/Maquilhagem/Rosto,https://www.continente.pt/dw/image/v2/BDVS_PRD/on/demandware.static/-/Sites-col-master-catalog/default/dw846a4af1/images/col/502/5028717-hero.jpg?sw=280&sh=280,emb. 50 ml,https://www.continente.pt/produto/bb-cream-essentials-hidratante-tom-medio-fps15-nivea-5028717.html,higiene-beleza,2025-04-21,Continente
Champô Fructis Vitamin Force,7526143,4.19,"€10,47/lt",Garnier,Beleza e Higiene/Cabelo/Champôs,https://www.continente.pt/dw/image/v2/BDVS_PRD/on/demandware.static/-/Sites-col-master-catalog/default/dw3a49cf45/images/col/752/7526143-frente.jpg?sw=280&sh=280,emb. 400 ml,https://www.continente.pt/produto/champo-fructis-vitamin-force-garnier-7526143.html,higiene-beleza,2025-04-21,Continente
Lâminas Descartáveis Flex 3 Comfort,6063093,11.65,"€1,46/un",BIC,Beleza e Higiene/Homem/Barba,https://www.continente.pt/dw/image/v2/BDVS_PRD/on/demandware.static/-/Sites-col-master-catalog/default/dw0ae7315e/images/col/606/6063093-frente.jpg?sw=280&sh=280,emb. 8 un,https://www.continente.pt/produto/laminas-descartaveis-flex-3-comfort-bic-6063093.html,higiene-beleza,2025-04-21,Continente
Desodorizante Spray Açaí Waterlily 72H,7790030,5.99,"€39,93/lt",Dove,Beleza e Higiene/Corpo/Desodorizantes,https://www.continente.pt/dw/image/v2/BDVS_PRD/on/demandware.static/-/Sites-col-master-catalog/default/dwf3c828f7/images/col/779/7790030-hero.jpg?sw=280&sh=280,emb. 150 ml,https://www.continente.pt/produto/desodorizante-spray-acai-waterlily-72h-dove-7790030.html,higiene-beleza,2025-04-21,Continente
Gel de Banho Esfoliante Spa,8095623,2.59,"€3,45/lt",MyLabel,Beleza e Higiene/Corpo/Gel de Banho,https://www.continente.pt/dw/image/v2/BDVS_PRD/on/demandware.static/-/Sites-col-master-catalog/default/dwc5b59823/images/col/809/8095623-frente.png?sw=280&sh=280,emb. 750 ml,https://www.continente.pt/produto/gel-de-banho-esfoliante-spa-mylabel-8095623.html,higiene-beleza,2025-04-21,Continente
Champô Anticaspa Classic 2 em 1,7984531,4.94,"€14,97/lt",H&S,Beleza e Higiene/Homem/Cabelo,https://www.continente.pt/dw/image/v2/BDVS_PRD/on/demandware.static/-/Sites-col-master-catalog/default/dw955e6faa/images/col/798/7984531-frente.png?sw=280&sh=280,emb. 330 ml,https://www.continente.pt/produto/champo-anticaspa-classic-2-em-1-h-s-7984531.html,higiene-beleza,2025-04-21,Continente
Água Oxigenada,3911010,0.89,"€3,56/lt",Hidro,Beleza e Higiene/Lenços e Cuidados de Saúde/Cuidados de Saúde,https://www.continente.pt/dw/image/v2/BDVS_PRD/on/demandware.static/-/Sites-col-master-catalog/default/dw902f3cd7/images/col/391/3911010-frente.jpg?sw=280&sh=280,emb. 250 ml,https://www.continente.pt/produto/agua-oxigenada-hidro-3911010.html,higiene-beleza,2025-04-21,Continente
Condicionador Ultra Suave Abacate e Carité,3608654,3.69,"€18,45/lt",Garnier,Beleza e Higiene/Cabelo/Condicionadores,https://www.continente.pt/dw/image/v2/BDVS_PRD/on/demandware.static/-/Sites-col-master-catalog/default/dwf6b0b563/images/col/360/3608654-hero.jpg?sw=280&sh=280,emb. 200 ml,https://www.continente.pt/produto/condicionador-ultra-suave-abacate-e-carite-garnier-3608654.html,higiene-beleza,2025-04-21,Continente
Creme Corpo Nutritivo Abacate e Ómega 6 Superfood,7613911,4.61,"€12,13/lt",Garnier,Beleza e Higiene/Corpo/Cremes e Loções,https://www.continente.pt/dw/image/v2/BDVS_PRD/on/demandware.static/-/Sites-col-master-catalog/default/dwebfc5850/images/col/761/7613911-frente.jpg?sw=280&sh=280,emb. 380 ml,https://www.continente.pt/produto/creme-corpo-nutritivo-abacate-e-omega-6-superfood-garnier-7613911.html,higiene-beleza,2025-04-21,Continente
Discos de Algodão Desmaquilhantes Não Branqueados Expert Redondos,8028207,4.83,"€0,02/un",DemakUp,Beleza e Higiene/Rosto/Limpeza,https://www.continente.pt/dw/image/v2/BDVS_PRD/on/demandware.static/-/Sites-col-master-catalog/default/dwf4ed3eef/images/col/802/8028207-hero.png?sw=280&sh=280,emb. 3 x  70 un,https://www.continente.pt/produto/discos-de-algodao-desmaquilhantes-nao-branqueados-expert-redondos-demakup-8028207.html,higiene-beleza,2025-04-21,Continente
Creme Corpo Body Lotion Hidratante Express,2053658,3.53,"€14,12/lt",Nivea,Beleza e Higiene/Corpo/Cremes e Loções,https://www.continente.pt/dw/image/v2/BDVS_PRD/on/demandware.static/-/Sites-col-master-catalog/default/dwd1465e6b/images/col/205/2053658-frente.jpg?sw=280&sh=280,emb. 250 ml,https://www.continente.pt/produto/creme-corpo-body-lotion-hidratante-express-nivea-2053658.html,higiene-beleza,2025-04-21,Continente
Desmaquilhante de Olhos Skin Moisture,7358845,3.49,"€27,92/lt",Bioten,Beleza e Higiene/Rosto/Limpeza,https://www.continente.pt/dw/image/v2/BDVS_PRD/on/demandware.static/-/Sites-col-master-catalog/default/dw2df6c6ac/images/col/735/7358845-frente.jpg?sw=280&sh=280,emb. 125 ml,https://www.continente.pt/produto/desmaquilhante-de-olhos-skin-moisture-bioten-7358845.html,higiene-beleza,2025-04-21,Continente
Champô Anticaspa Controlo de Oleosidade,7169582,3.32,"€14,76/lt",Linic,Beleza e Higiene/Homem/Cabelo,https://www.continente.pt/dw/image/v2/BDVS_PRD/on/demandware.static/-/Sites-col-master-catalog/default/dwd8b68e82/images/col/716/7169582-hero.png?sw=280&sh=280,emb. 225 ml,https://www.continente.pt/produto/champo-anticaspa-controlo-de-oleosidade-linic-7169582.html,higiene-beleza,2025-04-21,Continente
Champô Bouncy Curls,7853882,5.19,"€17,30/lt",Aussie,Beleza e Higiene/Cabelo/Champôs,https://www.continente.pt/dw/image/v2/BDVS_PRD/on/demandware.static/-/Sites-col-master-catalog/default/dw5048e671/images/col/785/7853882-frente.jpg?sw=280&sh=280,emb. 300 ml,https://www.continente.pt/produto/champo-bouncy-curls-aussie-7853882.html,higiene-beleza,2025-04-21,Continente
Máscara Cabelo Pro-V Miracles Bond Repair,7983017,7.43,"€24,77/lt",Pantene,Beleza e Higiene/Cabelo/Máscaras e Tratamentos,https://www.continente.pt/dw/image/v2/BDVS_PRD/on/demandware.static/-/Sites-col-master-catalog/default/dw8dc19c4c/images/col/798/7983017-frente.png?sw=280&sh=280,emb. 300 ml,https://www.continente.pt/produto/mascara-cabelo-pro-v-miracles-bond-repair-pantene-7983017.html,higiene-beleza,2025-04-21,Continente
Pasta de Dentes Proteção Total Avançada Limpeza Profunda,5707398,3.49,"€46,53/lt",Colgate,Beleza e Higiene/Higiene Oral/Pastas de Dentes,https://www.continente.pt/dw/image/v2/BDVS_PRD/on/demandware.static/-/Sites-col-master-catalog/default/dwf5486c4f/images/col/570/5707398-frente-1.png?sw=280&sh=280,emb. 75 ml,https://www.continente.pt/produto/pasta-de-dentes-protecao-total-avancada-limpeza-profunda-colgate-5707398.html,higiene-beleza,2025-04-21,Continente
Champô Caracóis Perfeitos Óleo de Coco,7132083,7.49,"€19,45/lt",Maui Moisture,Beleza e Higiene/Cabelo/Champôs,https://www.continente.pt/dw/image/v2/BDVS_PRD/on/demandware.static/-/Sites-col-master-catalog/default/dw824e6c71/images/col/713/7132083-frente.jpg?sw=280&sh=280,emb. 385 ml,https://www.continente.pt/produto/champo-caracois-perfeitos-oleo-de-coco-maui-moisture-7132083.html,higiene-beleza,2025-04-21,Continente
Bandas Depilatórias Cera Fria Bikini,7733021,8.49,"€0,53/un",Veet,Beleza e Higiene/Corpo/Depilação e Descoloração,https://www.continente.pt/dw/image/v2/BDVS_PRD/on/demandware.static/-/Sites-col-master-catalog/default/dwb2036ba7/images/col/773/7733021-hero.jpg?sw=280&sh=280,emb. 16 un,https://www.continente.pt/produto/bandas-depilatorias-cera-fria-bikini-veet-7733021.html,higiene-beleza,2025-04-21,Continente
Desodorizante Roll On Nature Protect Sensitive,5340782,1.99,"€39,80/lt",Sanex,Beleza e Higiene/Corpo/Desodorizantes,https://www.continente.pt/dw/image/v2/BDVS_PRD/on/demandware.static/-/Sites-col-master-catalog/default/dw38a93d82/images/col/534/5340782-frente-1.jpg?sw=280&sh=280,emb. 50 ml,https://www.continente.pt/produto/desodorizante-roll-on-nature-protect-sensitive-sanex-5340782.html,higiene-beleza,2025-04-21,Continente
Sabonete Sólido Extra Fresh,7630445,1.99,"€22,11/kg",Dove,Beleza e Higiene/Corpo/Sabonetes,https://www.continente.pt/dw/image/v2/BDVS_PRD/on/demandware.static/-/Sites-col-master-catalog/default/dw61fda0b4/images/col/763/7630445-hero.jpg?sw=280&sh=280,emb. 90 gr,https://www.continente.pt/produto/sabonete-solido-extra-fresh-dove-7630445.html,higiene-beleza,2025-04-21,Continente
Escova de Dentes Multiprotection Média,5358673,3.36,"€3,36/un",Sensodyne,Beleza e Higiene/Higiene Oral/Escovas de Dentes,https://www.continente.pt/dw/image/v2/BDVS_PRD/on/demandware.static/-/Sites-col-master-catalog/default/dw98b4e219/images/col/535/5358673-frente.jpg?sw=280&sh=280,emb. 1 un,https://www.continente.pt/produto/escova-de-dentes-multiprotection-media-sensodyne-5358673.html,higiene-beleza,2025-04-21,Continente
Corretor Instant Eraser Anti-Idade Nude 02,6316680,7.49,"€7,49/un",Maybelline New York,Beleza e Higiene/Maquilhagem/Rosto,https://www.continente.pt/dw/image/v2/BDVS_PRD/on/demandware.static/-/Sites-col-master-catalog/default/dwf5977a47/images/col/631/6316680-frente.jpg?sw=280&sh=280,emb. 1 un,https://www.continente.pt/produto/corretor-instant-eraser-anti-idade-nude-02-maybelline-new-york-6316680.html,higiene-beleza,2025-04-21,Continente
Álcool Spray Protect 70%,7441453,1.15,"€11,50/lt",Continente,Beleza e Higiene/Lenços e Cuidados de Saúde/Cuidados de Saúde,https://www.continente.pt/dw/image/v2/BDVS_PRD/on/demandware.static/-/Sites-col-master-catalog/default/dw5ca3c6d8/images/col/744/7441453-hero.jpg?sw=280&sh=280,emb. 100 ml,https://www.continente.pt/produto/alcool-spray-protect-70--continente-7441453.html,higiene-beleza,2025-04-21,Continente
Desodorizante Roll On Sport Defence,6900596,2.57,"€51,40/lt",Rexona,Beleza e Higiene/Homem/Desodorizantes,https://www.continente.pt/dw/image/v2/BDVS_PRD/on/demandware.static/-/Sites-col-master-catalog/default/dw69c96ed8/images/col/690/6900596-hero.png?sw=280&sh=280,emb. 50 ml,https://www.continente.pt/produto/desodorizante-roll-on-sport-defence-rexona-6900596.html,higiene-beleza,2025-04-21,Continente
Gel de Banho Original Nutritivo,5041740,3.01,"€4,63/lt",Lactovit,Beleza e Higiene/Corpo/Gel de Banho,https://www.continente.pt/dw/image/v2/BDVS_PRD/on/demandware.static/-/Sites-col-master-catalog/default/dw60b86ed0/images/col/504/5041740-frente.jpg?sw=280&sh=280,emb. 650 ml,https://www.continente.pt/produto/gel-de-banho-original-nutritivo-lactovit-5041740.html,higiene-beleza,2025-04-21,Continente
Escova de Dentes Limpeza Interdental Suave Gengivas,7096019,4.13,"€4,13/un",Parodontax,Beleza e Higiene/Higiene Oral/Escovas de Dentes,https://www.continente.pt/dw/image/v2/BDVS_PRD/on/demandware.static/-/Sites-col-master-catalog/default/dwf87f4fe4/images/col/709/7096019-frente.jpg?sw=280&sh=280,emb. 1 un,https://www.continente.pt/produto/escova-de-dentes-limpeza-interdental-suave-gengivas-parodontax-7096019.html,higiene-beleza,2025-04-21,Continente
Toalhitas Bebé Pure Calma e Protege Aloe Vera,8004676,7.19,"€0,05/un",Dodot,Bebé/Fraldas e Toalhitas/Toalhitas,https://www.continente.pt/dw/image/v2/BDVS_PRD/on/demandware.static/-/Sites-col-master-catalog/default/dw307fe681/images/col/800/8004676-hero.png?sw=280&sh=280,emb. 138 un (3 x 46 un),https://www.continente.pt/produto/toalhitas-bebe-pure-calma-e-protege-aloe-vera-dodot-8004676.html,higiene-beleza,2025-04-21,Continente
Tónico de Limpeza Suave,2055606,4.55,"€22,75/lt",Diadermine,Beleza e Higiene/Rosto/Limpeza,https://www.continente.pt/dw/image/v2/BDVS_PRD/on/demandware.static/-/Sites-col-master-catalog/default/dw1f8d7e00/images/col/205/2055606-frente.jpg?sw=280&sh=280,emb. 200 ml,https://www.continente.pt/produto/tonico-de-limpeza-suave-diadermine-2055606.html,higiene-beleza,2025-04-21,Continente
Champô Seco Anti-Oleosidade,7776685,4.49,"€22,45/lt",Syoss,Beleza e Higiene/Cabelo/Champôs,https://www.continente.pt/dw/image/v2/BDVS_PRD/on/demandware.static/-/Sites-col-master-catalog/default/dw6fb6f459/images/col/777/7776685-frente.jpg?sw=280&sh=280,emb. 200 ml,https://www.continente.pt/produto/champo-seco-anti-oleosidade-syoss-7776685.html,higiene-beleza,2025-04-21,Continente
Kit Creme Men Depilatório Total Pro Zona Íntima,7590981,5.94,"€5,94/un",Veet,Beleza e Higiene/Homem/Depilatórios,https://www.continente.pt/dw/image/v2/BDVS_PRD/on/demandware.static/-/Sites-col-master-catalog/default/dw0340371b/images/col/759/7590981-hero.jpg?sw=280&sh=280,emb. 100 ml + 50 ml,https://www.continente.pt/produto/kit-creme-men-depilatorio-total-pro-zona-intima-veet-7590981.html,higiene-beleza,2025-04-21,Continente
Desodorizante Roll-On Zero % Respect & Control,6654485,1.99,"€39,80/lt",Sanex,Beleza e Higiene/Homem/Desodorizantes,https://www.continente.pt/dw/image/v2/BDVS_PRD/on/demandware.static/-/Sites-col-master-catalog/default/dwbc278225/images/col/665/6654485-frente-1.jpg?sw=280&sh=280,emb. 50 ml,https://www.continente.pt/produto/desodorizante-roll-on-zero-respect-control-sanex-6654485.html,higiene-beleza,2025-04-21,Continente
Pensos Incontinência Anatómico Maxi,6687743,12.59,"€0,63/un",Lindor,Beleza e Higiene/Higiene Íntima/Incontinência/Pensos Incontinência,https://www.continente.pt/dw/image/v2/BDVS_PRD/on/demandware.static/-/Sites-col-master-catalog/default/dwa116dbe7/images/col/668/6687743-hero.jpg?sw=280&sh=280,emb. 20 un,https://www.continente.pt/produto/pensos-incontinencia-anatomico-maxi-lindor-6687743.html,higiene-beleza,2025-04-21,Continente
Condicionador Elvive Antiqueda Growth Booster,8259638,4.98,"€33,20/lt",LOréal Paris,Beleza e Higiene/Cabelo/Máscaras e Tratamentos,https://www.continente.pt/dw/image/v2/BDVS_PRD/on/demandware.static/-/Sites-col-master-catalog/default/dw8da7999f/images/col/825/8259638-hero-1.jpg?sw=280&sh=280,emb. 150 ml,https://www.continente.pt/produto/condicionador-elvive-antiqueda-growth-booster-loreal-paris-8259638.html,higiene-beleza,2025-04-21,Continente
Champô Ultra Suave Carvão,8023422,8.29,"€13,82/lt",Garnier,Beleza e Higiene/Cabelo/Champôs,https://www.continente.pt/dw/image/v2/BDVS_PRD/on/demandware.static/-/Sites-col-master-catalog/default/dw0a2dec75/images/col/802/8023422-hero.jpg?sw=280&sh=280,emb. 600 ml,https://www.continente.pt/produto/champo-ultra-suave-carvao-garnier-8023422.html,higiene-beleza,2025-04-21,Continente
Pasta de Dentes Proteção Total Carvão,7748138,2.99,"€39,87/lt",Colgate,Beleza e Higiene/Higiene Oral/Pastas de Dentes,https://www.continente.pt/dw/image/v2/BDVS_PRD/on/demandware.static/-/Sites-col-master-catalog/default/dw440eb515/images/col/774/7748138-hero.png?sw=280&sh=280,emb. 75 ml,https://www.continente.pt/produto/pasta-de-dentes-protecao-total-carvao-colgate-7748138.html,higiene-beleza,2025-04-21,Continente
Mola Cabelo Média,4980595,2.49,"€2,49/un",MyLabel,Beleza e Higiene/Cabelo/Acessórios,https://www.continente.pt/dw/image/v2/BDVS_PRD/on/demandware.static/-/Sites-col-master-catalog/default/dw97304800/col/498/4980595_frente.jpg?sw=280&sh=280,emb. 1 un,https://www.continente.pt/produto/mola-cabelo-media-mylabel-4980595.html,higiene-beleza,2025-04-21,Continente
Máscara Cabelo Ultra Suave Delicadeza de Aveia,7712524,4.75,"€13,97/lt",Garnier,Beleza e Higiene/Cabelo/Máscaras e Tratamentos,https://www.continente.pt/dw/image/v2/BDVS_PRD/on/demandware.static/-/Sites-col-master-catalog/default/dw190ae993/images/col/771/7712524-frente.jpg?sw=280&sh=280,emb. 340 ml,https://www.continente.pt/produto/mascara-cabelo-ultra-suave-delicadeza-de-aveia-garnier-7712524.html,higiene-beleza,2025-04-21,Continente
Toalhitas Desmaquilhantes Detox,8045114,1.79,"€0,06/un",MyLabel,Beleza e Higiene/Rosto/Limpeza,https://www.continente.pt/dw/image/v2/BDVS_PRD/on/demandware.static/-/Sites-col-master-catalog/default/dw52e7729a/images/col/804/8045114-frente.png?sw=280&sh=280,emb. 30 un,https://www.continente.pt/produto/toalhitas-desmaquilhantes-detox-mylabel-8045114.html,higiene-beleza,2025-04-21,Continente
Gel de Banho Water,8086230,2.49,"€4,98/lt",MyLabel,Beleza e Higiene/Corpo/Gel de Banho,https://www.continente.pt/dw/image/v2/BDVS_PRD/on/demandware.static/-/Sites-col-master-catalog/default/dw107aa0fd/images/col/808/8086230_hero.jpg?sw=280&sh=280,emb. 500 ml,https://www.continente.pt/produto/gel-de-banho-water-mylabel-8086230.html,higiene-beleza,2025-04-21,Continente
Champô Gliss Oil Nutritive,8018640,3.69,"€9,22/lt",Schwarzkopf,Beleza e Higiene/Cabelo/Champôs,https://www.continente.pt/dw/image/v2/BDVS_PRD/on/demandware.static/-/Sites-col-master-catalog/default/dw4381d717/images/col/801/8018640-frente.png?sw=280&sh=280,emb. 400 ml,https://www.continente.pt/produto/champo-gliss-oil-nutritive-schwarzkopf-8018640.html,higiene-beleza,2025-04-21,Continente
Condicionador Elvive Full Resist,7114283,6.09,"€20,30/lt",LOréal Paris,Beleza e Higiene/Cabelo/Condicionadores,https://www.continente.pt/dw/image/v2/BDVS_PRD/on/demandware.static/-/Sites-col-master-catalog/default/dw2341c92c/images/col/711/7114283-frente.jpg?sw=280&sh=280,emb. 300 ml,https://www.continente.pt/produto/condicionador-elvive-full-resist-loreal-paris-7114283.html,higiene-beleza,2025-04-21,Continente
Escova de Dentes Ultimate You Média,6741318,2.99,"€0,75/un",Jordan,Beleza e Higiene/Higiene Oral/Escovas de Dentes,https://www.continente.pt/dw/image/v2/BDVS_PRD/on/demandware.static/-/Sites-col-master-catalog/default/dwd961f25a/images/col/674/6741318-frente.jpg?sw=280&sh=280,emb. 4 un,https://www.continente.pt/produto/escova-de-dentes-ultimate-you-media-jordan-6741318.html,higiene-beleza,2025-04-21,Continente
Mousse Cabelo Elnett Satin Caracóis,5744849,5.24,"€26,20/lt",LOréal Paris,"Beleza e Higiene/Cabelo/Spray, Espuma, Creme e Gel/Espuma e Creme",https://www.continente.pt/dw/image/v2/BDVS_PRD/on/demandware.static/-/Sites-col-master-catalog/default/dw837c77f2/images/col/574/5744849-frente.jpg?sw=280&sh=280,emb. 200 ml,https://www.continente.pt/produto/mousse-cabelo-elnett-satin-caracois-loreal-paris-5744849.html,higiene-beleza,2025-04-21,Continente
Gel de Banho Soft Caring Bath,8112258,4.99,"€6,93/lt",Dove,Beleza e Higiene/Corpo/Gel de Banho,https://www.continente.pt/dw/image/v2/BDVS_PRD/on/demandware.static/-/Sites-col-master-catalog/default/dw0ae65fae/images/col/811/8112258-hero.jpg?sw=280&sh=280,emb. 720 ml,https://www.continente.pt/produto/gel-de-banho-soft-caring-bath-dove-8112258.html,higiene-beleza,2025-04-21,Continente
Desodorizante Spray Aqua Bergamot,7734178,4.19,"€27,93/lt",Axe,Beleza e Higiene/Homem/Desodorizantes,https://www.continente.pt/dw/image/v2/BDVS_PRD/on/demandware.static/-/Sites-col-master-catalog/default/dw9362334a/images/col/773/7734178-hero.jpg?sw=280&sh=280,emb. 150 ml,https://www.continente.pt/produto/desodorizante-spray-aqua-bergamot-axe-7734178.html,higiene-beleza,2025-04-21,Continente
Condicionador Flawless Waves,8032341,5.99,"€8,74/lt",Tresemmé,Beleza e Higiene/Cabelo/Condicionadores,https://www.continente.pt/dw/image/v2/BDVS_PRD/on/demandware.static/-/Sites-col-master-catalog/default/dwd5653799/images/col/803/8032341-hero.png?sw=280&sh=280,emb. 685 ml,https://www.continente.pt/produto/condicionador-flawless-waves-tresemme-8032341.html,higiene-beleza,2025-04-21,Continente
Champô Ultra Suave Carvão,7698096,3.77,"€9,42/lt",Garnier,Beleza e Higiene/Cabelo/Champôs,https://www.continente.pt/dw/image/v2/BDVS_PRD/on/demandware.static/-/Sites-col-master-catalog/default/dw210c45f2/images/col/769/7698096-hero.jpg?sw=280&sh=280,emb. 400 ml,https://www.continente.pt/produto/champo-ultra-suave-carvao-garnier-7698096.html,higiene-beleza,2025-04-21,Continente
Elixir Bucal 3D White Luxe Brilho Glamoroso,5724311,4.19,"€8,38/lt",Oral-B,Beleza e Higiene/Higiene Oral/Elixires Bucais,https://www.continente.pt/dw/image/v2/BDVS_PRD/on/demandware.static/-/Sites-col-master-catalog/default/dw429ae6e9/images/col/572/5724311-hero.png?sw=280&sh=280,emb. 500 ml,https://www.continente.pt/produto/elixir-bucal-3d-white-luxe-brilho-glamoroso-oral-b-5724311.html,higiene-beleza,2025-04-21,Continente
Toalhitas Íntimas Suaves,2904366,2.29,"€0,23/un",Corine de Farme,Beleza e Higiene/Higiene Íntima/Toalhitas Íntimas,https://www.continente.pt/dw/image/v2/BDVS_PRD/on/demandware.static/-/Sites-col-master-catalog/default/dw0a7ad14c/images/col/290/2904366-frente.jpg?sw=280&sh=280,emb. 10 un,https://www.continente.pt/produto/toalhitas-intimas-suaves-corine-de-farme-2904366.html,higiene-beleza,2025-04-21,Continente
Champô Pro-V Active Nutri-Plex Suave e Liso,8154177,5.99,"€11,98/lt",Pantene,Beleza e Higiene/Cabelo/Champôs,https://www.continente.pt/dw/image/v2/BDVS_PRD/on/demandware.static/-/Sites-col-master-catalog/default/dw758c07e1/images/col/815/8154177-hero.png?sw=280&sh=280,emb. 500 ml,https://www.continente.pt/produto/champo-pro-v-active-nutri-plex-suave-e-liso-pantene-8154177.html,higiene-beleza,2025-04-21,Continente
Pensos Diários Protegeslip Maxi Plus,6950113,1.83,"€0,09/un",Ausonia,Beleza e Higiene/Higiene Íntima/Pensos Diários,https://www.continente.pt/dw/image/v2/BDVS_PRD/on/demandware.static/-/Sites-col-master-catalog/default/dwac9f2602/images/col/695/6950113-hero.jpg?sw=280&sh=280,emb. 20 un,https://www.continente.pt/produto/pensos-diarios-protegeslip-maxi-plus-ausonia-6950113.html,higiene-beleza,2025-04-21,Continente
Máscara Cabelo Hair Care Nutrição Profunda,7778643,2.49,"€6,23/un",MyLabel,Beleza e Higiene/Cabelo/Máscaras e Tratamentos,https://www.continente.pt/dw/image/v2/BDVS_PRD/on/demandware.static/-/Sites-col-master-catalog/default/dw74da62c6/images/col/777/7778643-frente.jpg?sw=280&sh=280,emb. 400 ml,https://www.continente.pt/produto/mascara-cabelo-hair-care-nutricao-profunda-mylabel-7778643.html,higiene-beleza,2025-04-21,Continente
Lâminas Descartáveis Blue II,4793058,2.24,"€0,45/un",Gillette,Beleza e Higiene/Homem/Barba,https://www.continente.pt/dw/image/v2/BDVS_PRD/on/demandware.static/-/Sites-col-master-catalog/default/dwf830e432/images/col/479/4793058-frente.jpg?sw=280&sh=280,emb. 6 un,https://www.continente.pt/produto/laminas-descartaveis-blue-ii-gillette-4793058.html,higiene-beleza,2025-04-21,Continente
Gel de Banho Silk Velvet,8063117,2.99,"€11,96/lt",Dove,Beleza e Higiene/Corpo/Gel de Banho,https://www.continente.pt/dw/image/v2/BDVS_PRD/on/demandware.static/-/Sites-col-master-catalog/default/dw0b674f10/images/col/806/8063117-hero.jpg?sw=280&sh=280,emb. 250 ml,https://www.continente.pt/produto/gel-de-banho-silk-velvet-dove-8063117.html,higiene-beleza,2025-04-21,Continente
Eau de Parfum nº 22,5690976,9.98,"€66,53/lt",Caravan,Beleza e Higiene/Corpo/Colónias e Perfumes,https://www.continente.pt/dw/image/v2/BDVS_PRD/on/demandware.static/-/Sites-col-master-catalog/default/dwd4cb77f5/images/col/569/5690976-frente.png?sw=280&sh=280,emb. 150 ml,https://www.continente.pt/produto/eau-de-parfum-n-22-caravan-5690976.html,higiene-beleza,2025-04-21,Continente
Gel de Banho Advanced Care Deeply Nourishing Miniatura,8084180,1.99,"€36,18/lt",Dove,Beleza e Higiene/Corpo/Gel de Banho,https://www.continente.pt/dw/image/v2/BDVS_PRD/on/demandware.static/-/Sites-col-master-catalog/default/dw58f05d02/images/col/808/8084180-hero.jpg?sw=280&sh=280,emb. 55 ml,https://www.continente.pt/produto/gel-de-banho-advanced-care-deeply-nourishing-miniatura-dove-8084180.html,higiene-beleza,2025-04-21,Continente
"Fita Adesiva 5 m x 2,5 cm",2053659,2.99,"€0,60/m",Hansaplast,Beleza e Higiene/Lenços e Cuidados de Saúde/Cuidados de Saúde,https://www.continente.pt/dw/image/v2/BDVS_PRD/on/demandware.static/-/Sites-col-master-catalog/default/dwbdc2e522/images/col/205/2053659-frente.jpg?sw=280&sh=280,emb. 1 un,https://www.continente.pt/produto/fita-adesiva-5-m-x-25-cm-hansaplast-2053659.html,higiene-beleza,2025-04-21,Continente
Elixir Bucal Menta Fresca,7707073,5.99,"€11,98/lt",Listerine,Beleza e Higiene/Higiene Oral/Elixires Bucais,https://www.continente.pt/dw/image/v2/BDVS_PRD/on/demandware.static/-/Sites-col-master-catalog/default/dw539ed0e3/images/col/770/7707073-frente.jpg?sw=280&sh=280,emb. 500 ml,https://www.continente.pt/produto/elixir-bucal-menta-fresca-listerine-7707073.html,higiene-beleza,2025-04-21,Continente
Máscara Cabelo Naturals Abacate e Karité,7772678,2.99,"€7,48/lt",MyLabel,Beleza e Higiene/Cabelo/Máscaras e Tratamentos,https://www.continente.pt/dw/image/v2/BDVS_PRD/on/demandware.static/-/Sites-col-master-catalog/default/dw7fdac000/images/col/777/7772678-frente.png?sw=280&sh=280,emb. 400 ml,https://www.continente.pt/produto/mascara-cabelo-naturals-abacate-e-karite-mylabel-7772678.html,higiene-beleza,2025-04-21,Continente
Desodorizante de Pés Spray,6927437,1.99,"€13,27/lt",MyLabel,Beleza e Higiene/Corpo/Cuidados de Mãos e Pés,https://www.continente.pt/dw/image/v2/BDVS_PRD/on/demandware.static/-/Sites-col-master-catalog/default/dw5cee73f0/images/col/692/6927437-frente.jpg?sw=280&sh=280,emb. 150 ml,https://www.continente.pt/produto/desodorizante-de-pes-spray-mylabel-6927437.html,higiene-beleza,2025-04-21,Continente
Escova Cabelo Ventilada Grande,5840837,6.9,"€6,90/un",Franck Provost,Beleza e Higiene/Cabelo/Acessórios,https://www.continente.pt/dw/image/v2/BDVS_PRD/on/demandware.static/-/Sites-col-master-catalog/default/dw259ec806/images/col/584/5840837-frente.jpg?sw=280&sh=280,emb. 1 un,https://www.continente.pt/produto/escova-cabelo-ventilada-grande-franck-provost-5840837.html,higiene-beleza,2025-04-21,Continente
Pasta Cabelo Studio Line Remix,3773482,5.99,"€39,93/lt",LOréal Paris,"Beleza e Higiene/Cabelo/Spray, Espuma, Creme e Gel/Gel e Cera",https://www.continente.pt/dw/image/v2/BDVS_PRD/on/demandware.static/-/Sites-col-master-catalog/default/dwb4f2b77c/images/col/377/3773482-frente.jpg?sw=280&sh=280,emb. 150 ml,https://www.continente.pt/produto/pasta-cabelo-studio-line-remix-loreal-paris-3773482.html,higiene-beleza,2025-04-21,Continente
Tampão com Aplicador Compak Normal,4303861,6.49,"€0,18/un",Tampax,Beleza e Higiene/Higiene Íntima/Tampões,https://www.continente.pt/dw/image/v2/BDVS_PRD/on/demandware.static/-/Sites-col-master-catalog/default/dwe85e7651/images/col/430/4303861-hero.jpg?sw=280&sh=280,emb. 36 un,https://www.continente.pt/produto/tampao-com-aplicador-compak-normal-tampax-4303861.html,higiene-beleza,2025-04-21,Continente
Condicionador Reparação,8293910,3.78,"€5,82/lt",Revlon,Beleza e Higiene/Cabelo/Condicionadores,https://www.continente.pt/dw/image/v2/BDVS_PRD/on/demandware.static/-/Sites-col-master-catalog/default/dw55ab35ea/images/col/829/8293910-frente.jpg?sw=280&sh=280,emb. 650 ml,https://www.continente.pt/produto/condicionador-reparacao-revlon-8293910.html,higiene-beleza,2025-04-21,Continente
CC Cream Wult 1,7742683,7.14,"€7,14/un",LOréal Paris,Beleza e Higiene/Maquilhagem/Rosto,https://www.continente.pt/dw/image/v2/BDVS_PRD/on/demandware.static/-/Sites-col-master-catalog/default/dw8dd57c52/images/col/774/7742683-frente.jpg?sw=280&sh=280,emb. 1 un,https://www.continente.pt/produto/cc-cream-wult-1-loreal-paris-7742683.html,higiene-beleza,2025-04-21,Continente
Gel Higiene Íntima Chá Verde e Aloe Vera,6926295,3.74,"€18,70/lt",Carefree,Beleza e Higiene/Higiene Íntima/Gel e Sabonetes Íntimos,https://www.continente.pt/dw/image/v2/BDVS_PRD/on/demandware.static/-/Sites-col-master-catalog/default/dw2cb0b745/images/col/692/6926295-direito.jpg?sw=280&sh=280,emb. 200 ml,https://www.continente.pt/produto/gel-higiene-intima-cha-verde-e-aloe-vera-carefree-6926295.html,higiene-beleza,2025-04-21,Continente
Espuma Cabelo Fructis Style Hidra Caracóis,2496412,4.99,"€24,95/lt",Garnier,"Beleza e Higiene/Cabelo/Spray, Espuma, Creme e Gel/Espuma e Creme",https://www.continente.pt/dw/image/v2/BDVS_PRD/on/demandware.static/-/Sites-col-master-catalog/default/dw86c2f1ed/images/col/249/2496412-frente.jpg?sw=280&sh=280,emb. 200 ml,https://www.continente.pt/produto/espuma-cabelo-fructis-style-hidra-caracois-garnier-2496412.html,higiene-beleza,2025-04-21,Continente
Gel Higiene Íntima Antisséptico DeoProtect,5409111,8.89,"€22,23/lt",Dystron,Beleza e Higiene/Higiene Íntima/Gel e Sabonetes Íntimos,https://www.continente.pt/dw/image/v2/BDVS_PRD/on/demandware.static/-/Sites-col-master-catalog/default/dw7734564d/images/col/540/5409111-frente.jpg?sw=280&sh=280,emb. 400 ml,https://www.continente.pt/produto/gel-higiene-intima-antisseptico-deoprotect-dystron-5409111.html,higiene-beleza,2025-04-21,Continente
Creme Corpo Body Milk Hidratante Nutritivo,7623643,6.99,"€17,48/lt",Nivea,Beleza e Higiene/Corpo/Cremes e Loções,https://www.continente.pt/dw/image/v2/BDVS_PRD/on/demandware.static/-/Sites-col-master-catalog/default/dw696bf3cc/images/col/762/7623643-hero.jpg?sw=280&sh=280,emb. 400 ml,https://www.continente.pt/produto/creme-corpo-body-milk-hidratante-nutritivo-nivea-7623643.html,higiene-beleza,2025-04-21,Continente
Condicionador Caracóis Perfeitos,7778736,2.49,"€6,23/un",MyLabel,Beleza e Higiene/Cabelo/Condicionadores,https://www.continente.pt/dw/image/v2/BDVS_PRD/on/demandware.static/-/Sites-col-master-catalog/default/dw5c0a53e8/images/col/777/7778736-frente.jpg?sw=280&sh=280,emb. 400 ml,https://www.continente.pt/produto/condicionador-caracois-perfeitos-mylabel-7778736.html,higiene-beleza,2025-04-21,Continente
Líquido Lentes de Contacto,8017739,3.99,"€11,08/lt",Continente,Beleza e Higiene/Lenços e Cuidados de Saúde/Cuidados de Saúde,https://www.continente.pt/dw/image/v2/BDVS_PRD/on/demandware.static/-/Sites-col-master-catalog/default/dw2fb95c81/images/col/801/8017739-frente.jpg?sw=280&sh=280,emb. 360 ml,https://www.continente.pt/produto/liquido-lentes-de-contacto-continente-8017739.html,higiene-beleza,2025-04-21,Continente
Lâminas Descartáveis Blue II Plus,2488313,8.99,"€0,60/un",Gillette,Beleza e Higiene/Homem/Barba,https://www.continente.pt/dw/image/v2/BDVS_PRD/on/demandware.static/-/Sites-col-master-catalog/default/dwe5f9ae89/images/col/248/2488313-frente.jpg?sw=280&sh=280,emb. 20 un,https://www.continente.pt/produto/laminas-descartaveis-blue-ii-plus-gillette-2488313.html,higiene-beleza,2025-04-21,Continente
Creme de Mãos Reparador,5062012,1.98,"€19,80/lt",Bioten,Beleza e Higiene/Corpo/Cuidados de Mãos e Pés,https://www.continente.pt/dw/image/v2/BDVS_PRD/on/demandware.static/-/Sites-col-master-catalog/default/dwecbb7d25/images/col/506/5062012-frente.jpg?sw=280&sh=280,emb. 100 ml,https://www.continente.pt/produto/creme-de-maos-reparador-bioten-5062012.html,higiene-beleza,2025-04-21,Continente
Resguardo Cama 60 x 90 cm (com Abas),6688232,11.25,"€0,75/un",Lindor,Beleza e Higiene/Higiene Íntima/Incontinência/Resguardos,https://www.continente.pt/dw/image/v2/BDVS_PRD/on/demandware.static/-/Sites-col-master-catalog/default/dwfc967a6b/images/col/668/6688232-frente.jpg?sw=280&sh=280,emb. 15 un,https://www.continente.pt/produto/resguardo-cama-60-x-90-cm-com-abas-lindor-6688232.html,higiene-beleza,2025-04-21,Continente
Champô Gliss Long & Sublime,8018658,3.69,"€9,22/lt",Schwarzkopf,Beleza e Higiene/Cabelo/Champôs,https://www.continente.pt/dw/image/v2/BDVS_PRD/on/demandware.static/-/Sites-col-master-catalog/default/dw1be9d03c/images/col/801/8018658-frente.png?sw=280&sh=280,emb. 400 ml,https://www.continente.pt/produto/champo-gliss-long-sublime-schwarzkopf-8018658.html,higiene-beleza,2025-04-21,Continente
Preservativos Fussion,3769195,8.39,"€0,70/un",Control,Beleza e Higiene/Preservativos e Estimuladores,https://www.continente.pt/dw/image/v2/BDVS_PRD/on/demandware.static/-/Sites-col-master-catalog/default/dwcbc0a502/images/col/376/3769195-direito.jpg?sw=280&sh=280,emb. 12 un,https://www.continente.pt/produto/preservativos-fussion-control-3769195.html,higiene-beleza,2025-04-21,Continente
Lima de Unhas Profissional Cores,5809355,1.99,"€1,99/un",MyLabel,Beleza e Higiene/Maquilhagem/Acessórios,https://www.continente.pt/dw/image/v2/BDVS_PRD/on/demandware.static/-/Sites-col-master-catalog/default/dwda4a7302/images/col/580/5809355-cima.jpg?sw=280&sh=280,emb. 1 un,https://www.continente.pt/produto/lima-de-unhas-profissional-cores-mylabel-5809355.html,higiene-beleza,2025-04-21,Continente
Elixir Bucal Smart Rinse + 6 Anos,4914105,5.99,"€11,98/lt",Listerine,Beleza e Higiene/Higiene Oral/Higiene Oral Infantil,https://www.continente.pt/dw/image/v2/BDVS_PRD/on/demandware.static/-/Sites-col-master-catalog/default/dw88f9b858/images/col/491/4914105-frente.jpg?sw=280&sh=280,emb. 500 ml,https://www.continente.pt/produto/elixir-bucal-smart-rinse-6-anos-listerine-4914105.html,higiene-beleza,2025-04-21,Continente
Lâminas Descartáveis Tripla Oscilante,8382967,1.49,"€0,37/un",MyLabel,Beleza e Higiene/Homem/Barba,https://www.continente.pt/dw/image/v2/BDVS_PRD/on/demandware.static/-/Sites-col-master-catalog/default/dwa5c5eec2/images/col/838/8382967-frente.jpg?sw=280&sh=280,emb. 4 un,https://www.continente.pt/produto/laminas-descartaveis-tripla-oscilante-mylabel-8382967.html,higiene-beleza,2025-04-21,Continente
Condicionador Repara Óleo de Argão,8153965,4.98,"€14,23/lt",Herbal Essences,Beleza e Higiene/Cabelo/Condicionadores,https://www.continente.pt/dw/image/v2/BDVS_PRD/on/demandware.static/-/Sites-col-master-catalog/default/dw156d2a21/images/col/815/8153965-frente.png?sw=280&sh=280,emb. 350 ml,https://www.continente.pt/produto/condicionador-repara-oleo-de-argao-herbal-essences-8153965.html,higiene-beleza,2025-04-21,Continente
Máscara de Sobrancelhas Express Brow Fast Sculpt,344175,5.99,"€5,99/un",Maybelline New York,Beleza e Higiene/Maquilhagem/Olhos,https://www.continente.pt/dw/image/v2/BDVS_PRD/on/demandware.static/-/Sites-col-master-catalog/default/dw5a601b51/images/col/788/7889228-frente.jpg?sw=280&sh=280,,https://www.continente.pt/produto/mascara-de-sobrancelhas-express-brow-fast-sculpt-maybelline-new-york-344175.html,higiene-beleza,2025-04-21,Continente
Desodorizante Stick Deep Sea,7165409,3.29,"€65,80/lt",Old Spice,Beleza e Higiene/Homem/Desodorizantes,https://www.continente.pt/dw/image/v2/BDVS_PRD/on/demandware.static/-/Sites-col-master-catalog/default/dwcfb22cf0/images/col/716/7165409-hero.png?sw=280&sh=280,emb. 50 ml,https://www.continente.pt/produto/desodorizante-stick-deep-sea-old-spice-7165409.html,higiene-beleza,2025-04-21,Continente
Corta-Unhas,7483755,3.27,"€3,27/un",Jean Louis David,Beleza e Higiene/Maquilhagem/Acessórios,https://www.continente.pt/dw/image/v2/BDVS_PRD/on/demandware.static/-/Sites-col-master-catalog/default/dwe53cdffa/images/col/748/7483755-frente.jpg?sw=280&sh=280,emb. 1 un,https://www.continente.pt/produto/corta-unhas-jean-louis-david-7483755.html,higiene-beleza,2025-04-21,Continente
Gel de Banho Orchidea & Cachmere Extract,7363890,5.09,"€6,79/lt",Nivea,Beleza e Higiene/Corpo/Gel de Banho,https://www.continente.pt/dw/image/v2/BDVS_PRD/on/demandware.static/-/Sites-col-master-catalog/default/dw041ae215/images/col/736/7363890-hero.jpg?sw=280&sh=280,emb. 750 ml,https://www.continente.pt/produto/gel-de-banho-orchidea-cachmere-extract-nivea-7363890.html,higiene-beleza,2025-04-21,Continente
Condicionador Elvive Bond Repair,7698091,4.92,"€32,80/lt",LOréal Paris,Beleza e Higiene/Cabelo/Condicionadores,https://www.continente.pt/dw/image/v2/BDVS_PRD/on/demandware.static/-/Sites-col-master-catalog/default/dw1f472144/images/col/769/7698091-frente.jpg?sw=280&sh=280,emb. 150 ml,https://www.continente.pt/produto/condicionador-elvive-bond-repair-loreal-paris-7698091.html,higiene-beleza,2025-04-21,Continente
Gel de Banho Hidra Essencial,7994140,3.21,"€4,28/lt",Vaseline,Beleza e Higiene/Corpo/Gel de Banho,https://www.continente.pt/dw/image/v2/BDVS_PRD/on/demandware.static/-/Sites-col-master-catalog/default/dw2efad554/images/col/799/7994140-hero.png?sw=280&sh=280,emb. 750 ml,https://www.continente.pt/produto/gel-de-banho-hidra-essencial-vaseline-7994140.html,higiene-beleza,2025-04-21,Continente
Desodorizante Spray Men Expert Thermic Resist,8141041,7.18,"€7,18/un",LOréal Paris,Beleza e Higiene/Corpo/Desodorizantes,https://www.continente.pt/dw/image/v2/BDVS_PRD/on/demandware.static/-/Sites-col-master-catalog/default/dwca67b544/images/col/814/8141041-hero.png?sw=280&sh=280,emb. 3 x 150 ml,https://www.continente.pt/produto/desodorizante-spray-men-expert-thermic-resist-loreal-paris-8141041.html,higiene-beleza,2025-04-21,Continente
Recarga Escova de Dentes Elétrica Pro Sensitive Clean,7834868,22.49,"€3,75/un",Oral-B,Beleza e Higiene/Higiene Oral/Escovas de Dentes,https://www.continente.pt/dw/image/v2/BDVS_PRD/on/demandware.static/-/Sites-col-master-catalog/default/dwc6b7bd77/images/col/783/7834868-hero.png?sw=280&sh=280,emb. 6 un,https://www.continente.pt/produto/recarga-escova-de-dentes-eletrica-pro-sensitive-clean-oral-b-7834868.html,higiene-beleza,2025-04-21,Continente
Champô Anticaspa Mentol 2 em 1 Plus,8263638,4.94,"€16,47/lt",H&S,Beleza e Higiene/Cabelo/Champôs,https://www.continente.pt/dw/image/v2/BDVS_PRD/on/demandware.static/-/Sites-col-master-catalog/default/dw33e161bc/images/col/826/8263638-hero.png?sw=280&sh=280,emb. 300 ml,https://www.continente.pt/produto/champo-anticaspa-mentol-2-em-1-plus-h-s-8263638.html,higiene-beleza,2025-04-21,Continente
Creme Corpo Body Milk Hidratante Cocoa,5726000,6.29,"€25,16/lt",Nivea,Beleza e Higiene/Corpo/Cremes e Loções,https://www.continente.pt/dw/image/v2/BDVS_PRD/on/demandware.static/-/Sites-col-master-catalog/default/dwd10fa112/images/col/572/5726000-hero.jpg?sw=280&sh=280,emb. 250 ml,https://www.continente.pt/produto/creme-corpo-body-milk-hidratante-cocoa-nivea-5726000.html,higiene-beleza,2025-04-21,Continente
Champô Anticaspa Limpeza Profunda Purificante,7378393,5.99,"€19,97/lt",H&S,Beleza e Higiene/Homem/Cabelo,https://www.continente.pt/dw/image/v2/BDVS_PRD/on/demandware.static/-/Sites-col-master-catalog/default/dw67bd8f19/images/col/737/7378393-frente.jpg?sw=280&sh=280,emb. 300 ml,https://www.continente.pt/produto/champo-anticaspa-limpeza-profunda-purificante-h-s-7378393.html,higiene-beleza,2025-04-21,Continente
Fraldas Incontinência Elásticos Air Dry Dermo Super M,6688012,23.57,"€0,45/un",Lindor,Beleza e Higiene/Higiene Íntima/Incontinência/Fraldas Incontinência,https://www.continente.pt/dw/image/v2/BDVS_PRD/on/demandware.static/-/Sites-col-master-catalog/default/dw90202192/images/col/668/6688012-hero.jpg?sw=280&sh=280,emb. 52 un,https://www.continente.pt/produto/fraldas-incontinencia-elasticos-air-dry-dermo-super-m-lindor-6688012.html,higiene-beleza,2025-04-21,Continente
Box Toalhitas Bebé Nature XXL,7623371,16.22,"€0,02/un",Nunex,Bebé/Fraldas e Toalhitas/Toalhitas,https://www.continente.pt/dw/image/v2/BDVS_PRD/on/demandware.static/-/Sites-col-master-catalog/default/dw13aca01a/images/col/762/7623371-frente-1.jpg?sw=280&sh=280,emb. 756 un (14 x 54 un),https://www.continente.pt/produto/box-toalhitas-bebe-nature-xxl-nunex-7623371.html,higiene-beleza,2025-04-21,Continente
Champô Pro-V Active Nutri-Plex Suave e Liso,8154166,3.96,"€12,18/lt",Pantene,Beleza e Higiene/Cabelo/Champôs,https://www.continente.pt/dw/image/v2/BDVS_PRD/on/demandware.static/-/Sites-col-master-catalog/default/dwb6571fc1/images/col/815/8154166-hero.png?sw=280&sh=280,emb. 325 ml,https://www.continente.pt/produto/champo-pro-v-active-nutri-plex-suave-e-liso-pantene-8154166.html,higiene-beleza,2025-04-21,Continente
Condicionador Pro-V Active Nutri-Plex Cuidado Clássico,8154220,3.96,"€14,40/lt",Pantene,Beleza e Higiene/Cabelo/Condicionadores,https://www.continente.pt/dw/image/v2/BDVS_PRD/on/demandware.static/-/Sites-col-master-catalog/default/dw614f2de5/images/col/815/8154220-hero.png?sw=280&sh=280,emb. 275 ml,https://www.continente.pt/produto/condicionador-pro-v-active-nutri-plex-cuidado-classico-pantene-8154220.html,higiene-beleza,2025-04-21,Continente
Gel de Banho Orange & Avocado Oil,3801367,6.49,"€12,98/lt",Nivea,Beleza e Higiene/Corpo/Gel de Banho,https://www.continente.pt/dw/image/v2/BDVS_PRD/on/demandware.static/-/Sites-col-master-catalog/default/dwdaad4b8b/images/col/380/3801367-hero.jpg?sw=280&sh=280,emb. 500 ml,https://www.continente.pt/produto/gel-de-banho-orange-avocado-oil-nivea-3801367.html,higiene-beleza,2025-04-21,Continente
Pasta de Dentes Pro Kids 6 Meses a 6 Anos,8025827,2.39,"€47,80/lt",Oral-B,Beleza e Higiene/Higiene Oral/Higiene Oral Infantil,https://www.continente.pt/dw/image/v2/BDVS_PRD/on/demandware.static/-/Sites-col-master-catalog/default/dw262f291f/images/col/802/8025827-hero.png?sw=280&sh=280,emb. 50 ml,https://www.continente.pt/produto/pasta-de-dentes-pro-kids-6-meses-a-6-anos-oral-b-8025827.html,higiene-beleza,2025-04-21,Continente
Elixir Bucal Gengivas Extra Fresh,7096030,6.99,"€13,98/lt",Parodontax,Beleza e Higiene/Higiene Oral/Elixires Bucais,https://www.continente.pt/dw/image/v2/BDVS_PRD/on/demandware.static/-/Sites-col-master-catalog/default/dwf4a8af4b/images/col/709/7096030-hero-1.png?sw=280&sh=280,emb. 500 ml,https://www.continente.pt/produto/elixir-bucal-gengivas-extra-fresh-parodontax-7096030.html,higiene-beleza,2025-04-21,Continente
Toalhitas Íntimas DeoProtect,5773064,3.3,"€0,22/un",Dystron,Beleza e Higiene/Higiene Íntima/Toalhitas Íntimas,https://www.continente.pt/dw/image/v2/BDVS_PRD/on/demandware.static/-/Sites-col-master-catalog/default/dw9969fb03/images/col/577/5773064-cima.jpg?sw=280&sh=280,emb. 15 un,https://www.continente.pt/produto/toalhitas-intimas-deoprotect-dystron-5773064.html,higiene-beleza,2025-04-21,Continente
Champô Anticaspa Eficácia Ativa 2 em 1,7196508,3.32,"€14,76/lt",Linic,Beleza e Higiene/Homem/Cabelo,https://www.continente.pt/dw/image/v2/BDVS_PRD/on/demandware.static/-/Sites-col-master-catalog/default/dw59ba7ac4/images/col/719/7196508-hero.png?sw=280&sh=280,emb. 225 ml,https://www.continente.pt/produto/champo-anticaspa-eficacia-ativa-2-em-1-linic-7196508.html,higiene-beleza,2025-04-21,Continente
Escova de Dentes Gengivas Sensíveis,7747543,1.29,"€1,29/un",Continente,Beleza e Higiene/Higiene Oral/Escovas de Dentes,https://www.continente.pt/dw/image/v2/BDVS_PRD/on/demandware.static/-/Sites-col-master-catalog/default/dw80d2235a/images/col/774/7747543-frente.jpg?sw=280&sh=280,emb. 1 un,https://www.continente.pt/produto/escova-de-dentes-gengivas-sensiveis-continente-7747543.html,higiene-beleza,2025-04-21,Continente
Champô Hydrate & Purify,8015772,5.99,"€8,74/lt",Tresemmé,Beleza e Higiene/Cabelo/Champôs,https://www.continente.pt/dw/image/v2/BDVS_PRD/on/demandware.static/-/Sites-col-master-catalog/default/dwe33ef905/images/col/801/8015772-hero.png?sw=280&sh=280,emb. 685 ml,https://www.continente.pt/produto/champo-hydrate-purify-tresemme-8015772.html,higiene-beleza,2025-04-21,Continente
Leite Corpo Amêndoas e Sândalo,6798673,1.95,"€4,88/lt",MyLabel,Beleza e Higiene/Corpo/Cremes e Loções,https://www.continente.pt/dw/image/v2/BDVS_PRD/on/demandware.static/-/Sites-col-master-catalog/default/dw1ceffe34/images/col/679/6798673-frente.jpg?sw=280&sh=280,emb. 400 ml,https://www.continente.pt/produto/leite-corpo-amendoas-e-sandalo-mylabel-6798673.html,higiene-beleza,2025-04-21,Continente
Máscara Cabelo Caracóis Perfeitos,4871191,4.94,"€16,47/lt",Pantene,Beleza e Higiene/Cabelo/Máscaras e Tratamentos,https://www.continente.pt/dw/image/v2/BDVS_PRD/on/demandware.static/-/Sites-col-master-catalog/default/dw68034405/images/col/487/4871191-hero.png?sw=280&sh=280,emb. 300 ml,https://www.continente.pt/produto/mascara-cabelo-caracois-perfeitos-pantene-4871191.html,higiene-beleza,2025-04-21,Continente
Pensos Higiénicos Ultrafina Noite com Abas,6059768,4.49,"€0,19/un",Ausonia,Beleza e Higiene/Higiene Íntima/Pensos e Cuecas Menstruais,https://www.continente.pt/dw/image/v2/BDVS_PRD/on/demandware.static/-/Sites-col-master-catalog/default/dw960c513a/images/col/605/6059768-frente.jpg?sw=280&sh=280,emb. 24 un,https://www.continente.pt/produto/pensos-higienicos-ultrafina-noite-com-abas-ausonia-6059768.html,higiene-beleza,2025-04-21,Continente
Esponja de Banho Dupla Ação,7576686,1.3,"€0,65/un",Continente,Beleza e Higiene/Corpo/Acessórios,https://www.continente.pt/dw/image/v2/BDVS_PRD/on/demandware.static/-/Sites-col-master-catalog/default/dw757e0860/images/col/757/7576686-frente.jpg?sw=280&sh=280,emb. 2 un,https://www.continente.pt/produto/esponja-de-banho-dupla-acao-continente-7576686.html,higiene-beleza,2025-04-21,Continente
Champô Elvive Color Vive Violeta,6841198,3.99,"€19,95/lt",LOréal Paris,Beleza e Higiene/Cabelo/Champôs,https://www.continente.pt/dw/image/v2/BDVS_PRD/on/demandware.static/-/Sites-col-master-catalog/default/dwcfd1c6cd/images/col/684/6841198-frente.jpg?sw=280&sh=280,emb. 200 ml,https://www.continente.pt/produto/champo-elvive-color-vive-violeta-loreal-paris-6841198.html,higiene-beleza,2025-04-21,Continente
Pensos Higiénicos Ultrafina Noite com Abas,7935413,2.29,"€0,29/un",Ausonia,Beleza e Higiene/Higiene Íntima/Pensos e Cuecas Menstruais,https://www.continente.pt/dw/image/v2/BDVS_PRD/on/demandware.static/-/Sites-col-master-catalog/default/dwb677ab04/images/col/793/7935413-frente.jpg?sw=280&sh=280,emb. 8 un,https://www.continente.pt/produto/pensos-higienicos-ultrafina-noite-com-abas-ausonia-7935413.html,higiene-beleza,2025-04-21,Continente
Elásticos Cabelo Estreito,7412939,2.49,"€2,49/un",MyLabel,Beleza e Higiene/Cabelo/Acessórios,https://www.continente.pt/dw/image/v2/BDVS_PRD/on/demandware.static/-/Sites-col-master-catalog/default/dwda85c6df/images/col/741/7412939-frente.jpg?sw=280&sh=280,emb. 6 un,https://www.continente.pt/produto/elasticos-cabelo-estreito-mylabel-7412939.html,higiene-beleza,2025-04-21,Continente
Champô Hidratação Intensa,8063720,3.77,"€9,42/lt",Tresemmé,Beleza e Higiene/Cabelo/Champôs,https://www.continente.pt/dw/image/v2/BDVS_PRD/on/demandware.static/-/Sites-col-master-catalog/default/dwd4355db5/images/col/806/8063720-hero.png?sw=280&sh=280,emb. 400 ml,https://www.continente.pt/produto/champo-hidratacao-intensa-tresemme-8063720.html,higiene-beleza,2025-04-21,Continente
Desodorizante Spray Raspberry Rose Todo o Corpo,8283364,7.19,"€95,87/lt",Dove,Beleza e Higiene/Corpo/Desodorizantes,https://www.continente.pt/dw/image/v2/BDVS_PRD/on/demandware.static/-/Sites-col-master-catalog/default/dw55d2731f/images/col/828/8283364-frente.jpg?sw=280&sh=280,emb. 75 ml,https://www.continente.pt/produto/desodorizante-spray-raspberry-rose-todo-o-corpo-dove-8283364.html,higiene-beleza,2025-04-21,Continente
Gel de Banho Men Expert Total Clean,7150899,4.99,"€12,48/lt",LOréal Paris,Beleza e Higiene/Corpo/Gel de Banho,https://www.continente.pt/dw/image/v2/BDVS_PRD/on/demandware.static/-/Sites-col-master-catalog/default/dwd6815753/images/col/715/7150899-frente.jpg?sw=280&sh=280,emb. 400 ml,https://www.continente.pt/produto/gel-de-banho-men-expert-total-clean-loreal-paris-7150899.html,higiene-beleza,2025-04-21,Continente
Gel de Banho Bath Care & Dimond,8095466,5.09,"€5,09/un",Nivea,Beleza e Higiene/Corpo/Gel de Banho,https://www.continente.pt/dw/image/v2/BDVS_PRD/on/demandware.static/-/Sites-col-master-catalog/default/dw0bf401a7/images/col/809/8095466-hero.jpg?sw=280&sh=280,emb. 750 ml,https://www.continente.pt/produto/gel-de-banho-bath-care-dimond-nivea-8095466.html,higiene-beleza,2025-04-21,Continente
Lâminas Descartáveis Pure 3 Pink,7754427,1.49,"€0,37/un",BIC,Beleza e Higiene/Corpo/Depilação e Descoloração,https://www.continente.pt/dw/image/v2/BDVS_PRD/on/demandware.static/-/Sites-col-master-catalog/default/dw1b6fe51a/images/col/775/7754427-frente.jpg?sw=280&sh=280,emb. 4 un,https://www.continente.pt/produto/laminas-descartaveis-pure-3-pink-bic-7754427.html,higiene-beleza,2025-04-21,Continente
Cuecas Incontinência Normal Pants S/M,7745338,8.99,"€1,00/un",Tena,Beleza e Higiene/Higiene Íntima/Incontinência/Cuecas Incontinência,https://www.continente.pt/dw/image/v2/BDVS_PRD/on/demandware.static/-/Sites-col-master-catalog/default/dw3ba045e1/images/col/774/7745338-hero.jpg?sw=280&sh=280,emb. 9 un,https://www.continente.pt/produto/cuecas-incontinencia-normal-pants-s-m-tena-7745338.html,higiene-beleza,2025-04-21,Continente
Vaselina Purificada,6134290,1.99,"€19,90/lt",MyLabel,Beleza e Higiene/Rosto/Lábios,https://www.continente.pt/dw/image/v2/BDVS_PRD/on/demandware.static/-/Sites-col-master-catalog/default/dw3a1dfc0b/images/col/613/6134290-esquerdo.jpg?sw=280&sh=280,emb. 100 ml,https://www.continente.pt/produto/vaselina-purificada-mylabel-6134290.html,higiene-beleza,2025-04-21,Continente
Gel de Banho Soothing Caring Bath,8112339,4.99,"€6,93/lt",Dove,Beleza e Higiene/Corpo/Gel de Banho,https://www.continente.pt/dw/image/v2/BDVS_PRD/on/demandware.static/-/Sites-col-master-catalog/default/dw398b6aac/images/col/811/8112339-hero.jpg?sw=280&sh=280,emb. 720 ml,https://www.continente.pt/produto/gel-de-banho-soothing-caring-bath-dove-8112339.html,higiene-beleza,2025-04-21,Continente
Pensos Incontinência Nível 2,5229859,1.95,"€0,20/un",Continente,Beleza e Higiene/Homem/Incontinência,https://www.continente.pt/dw/image/v2/BDVS_PRD/on/demandware.static/-/Sites-col-master-catalog/default/dwf0c092f8/images/col/522/5229859-hero.jpg?sw=280&sh=280,emb. 10 un,https://www.continente.pt/produto/pensos-incontinencia-nivel-2-continente-5229859.html,higiene-beleza,2025-04-21,Continente
Pasta de Dentes Gengivas Cuidado Extra Fresco,7096001,5.99,"€79,87/lt",Parodontax,Beleza e Higiene/Higiene Oral/Pastas de Dentes,https://www.continente.pt/dw/image/v2/BDVS_PRD/on/demandware.static/-/Sites-col-master-catalog/default/dwd43853c6/images/col/709/7096001-amb-1.jpg?sw=280&sh=280,emb. 75 ml,https://www.continente.pt/produto/pasta-de-dentes-gengivas-cuidado-extra-fresco-parodontax-7096001.html,higiene-beleza,2025-04-21,Continente
Água de Colónia Lavanda,7522647,2.65,"€3,53/lt",Continente,Beleza e Higiene/Corpo/Colónias e Perfumes,https://www.continente.pt/dw/image/v2/BDVS_PRD/on/demandware.static/-/Sites-col-master-catalog/default/dw49dac454/images/col/752/7522647-frente.jpg?sw=280&sh=280,emb. 750 ml,https://www.continente.pt/produto/agua-de-colonia-lavanda-continente-7522647.html,higiene-beleza,2025-04-21,Continente
Champô Ultra Suave Água de Coco e Aloe Vera,6175083,3.77,"€9,42/lt",Garnier,Beleza e Higiene/Cabelo/Champôs,https://www.continente.pt/dw/image/v2/BDVS_PRD/on/demandware.static/-/Sites-col-master-catalog/default/dwa1f85742/images/col/617/6175083-hero.jpg?sw=280&sh=280,emb. 400 ml,https://www.continente.pt/produto/champo-ultra-suave-agua-de-coco-e-aloe-vera-garnier-6175083.html,higiene-beleza,2025-04-21,Continente
Pasta de Dentes Sensibilidade e Gengivas,6803741,5.29,"€70,53/lt",Sensodyne,Beleza e Higiene/Higiene Oral/Pastas de Dentes,https://www.continente.pt/dw/image/v2/BDVS_PRD/on/demandware.static/-/Sites-col-master-catalog/default/dwa2c51d84/images/col/680/6803741-hero.jpg?sw=280&sh=280,emb. 75 ml,https://www.continente.pt/produto/pasta-de-dentes-sensibilidade-e-gengivas-sensodyne-6803741.html,higiene-beleza,2025-04-21,Continente
Água Oxigenada,2053611,0.99,"€1,98/lt",Hidro,Beleza e Higiene/Lenços e Cuidados de Saúde/Cuidados de Saúde,https://www.continente.pt/dw/image/v2/BDVS_PRD/on/demandware.static/-/Sites-col-master-catalog/default/dw2280d39a/images/col/205/2053611-frente.jpg?sw=280&sh=280,emb. 500 ml,https://www.continente.pt/produto/agua-oxigenada-hidro-2053611.html,higiene-beleza,2025-04-21,Continente
Champô Nutri-Plex Cuidado Clássico,7714015,3.19,"€14,18/lt",Pantene,Beleza e Higiene/Cabelo/Champôs,https://www.continente.pt/dw/image/v2/BDVS_PRD/on/demandware.static/-/Sites-col-master-catalog/default/dw7acfcae3/images/col/771/7714015-hero.png?sw=280&sh=280,emb. 225 ml,https://www.continente.pt/produto/champo-nutri-plex-cuidado-classico-pantene-7714015.html,higiene-beleza,2025-04-21,Continente
Champô Ultra Suave Tesouros de Mel,5813478,8.29,"€13,82/lt",Garnier,Beleza e Higiene/Cabelo/Champôs,https://www.continente.pt/dw/image/v2/BDVS_PRD/on/demandware.static/-/Sites-col-master-catalog/default/dw400b0d63/images/col/581/5813478-hero.jpg?sw=280&sh=280,emb. 600 ml,https://www.continente.pt/produto/champo-ultra-suave-tesouros-de-mel-garnier-5813478.html,higiene-beleza,2025-04-21,Continente
Água Micelar Sensitive,6459766,5.19,"€12,97/lt",Garnier,Beleza e Higiene/Rosto/Limpeza,https://www.continente.pt/dw/image/v2/BDVS_PRD/on/demandware.static/-/Sites-col-master-catalog/default/dw923ea3d2/images/col/645/6459766-frente.jpg?sw=280&sh=280,emb. 400 ml,https://www.continente.pt/produto/agua-micelar-sensitive-garnier-6459766.html,higiene-beleza,2025-04-21,Continente
"Fita Adesiva 5 m x 1,25 cm",2060402,0.79,"€0,79/un",Continente,Beleza e Higiene/Lenços e Cuidados de Saúde/Cuidados de Saúde,https://www.continente.pt/dw/image/v2/BDVS_PRD/on/demandware.static/-/Sites-col-master-catalog/default/dw4abaa570/images/col/206/2060402-frente.jpg?sw=280&sh=280,emb. 1 un,https://www.continente.pt/produto/fita-adesiva-5-m-x-125-cm-continente-2060402.html,higiene-beleza,2025-04-21,Continente
Pasta de Dentes Criança 0 a 2 Anos,8021007,2.24,"€44,80/lt",Aquafresh,Beleza e Higiene/Higiene Oral/Higiene Oral Infantil,https://www.continente.pt/dw/image/v2/BDVS_PRD/on/demandware.static/-/Sites-col-master-catalog/default/dwcba8a2c6/images/col/802/8021007-frente.png?sw=280&sh=280,emb. 50 ml,https://www.continente.pt/produto/pasta-de-dentes-crianca-0-a-2-anos-aquafresh-8021007.html,higiene-beleza,2025-04-21,Continente
Pasta de Dentes Anti-Cáries,6939789,1.86,"€24,80/lt",Jordan,Beleza e Higiene/Higiene Oral/Pastas de Dentes,https://www.continente.pt/dw/image/v2/BDVS_PRD/on/demandware.static/-/Sites-col-master-catalog/default/dw21b10d46/images/col/693/6939789-frente-01.jpg?sw=280&sh=280,emb. 75 ml,https://www.continente.pt/produto/pasta-de-dentes-anti-caries-jordan-6939789.html,higiene-beleza,2025-04-21,Continente
Champô Elvive Total Repair 5,4676958,3.99,"€9,97/lt",LOréal Paris,Beleza e Higiene/Cabelo/Champôs,https://www.continente.pt/dw/image/v2/BDVS_PRD/on/demandware.static/-/Sites-col-master-catalog/default/dwc9b9377b/images/col/467/4676958-hero-1.jpg?sw=280&sh=280,emb. 400 ml,https://www.continente.pt/produto/champo-elvive-total-repair-5-loreal-paris-4676958.html,higiene-beleza,2025-04-21,Continente
Champô Anticaspa Pro-Expert 7 Antiqueda,7984537,5.19,"€17,30/lt",H&S,Beleza e Higiene/Cabelo/Champôs,https://www.continente.pt/dw/image/v2/BDVS_PRD/on/demandware.static/-/Sites-col-master-catalog/default/dw533634d2/images/col/798/7984537-frente.jpg?sw=280&sh=280,emb. 300 ml,https://www.continente.pt/produto/champo-anticaspa-pro-expert-7-antiqueda-h-s-7984537.html,higiene-beleza,2025-04-21,Continente
Sabonete Sólido de Ameixa,3700198,2.2,"€13,75/kg",Ach. Brito,Beleza e Higiene/Corpo/Sabonetes,https://www.continente.pt/dw/image/v2/BDVS_PRD/on/demandware.static/-/Sites-col-master-catalog/default/dw0c496952/images/col/370/3700198-frente.jpg?sw=280&sh=280,emb. 160 gr,https://www.continente.pt/produto/sabonete-solido-de-ameixa-ach.-brito-3700198.html,higiene-beleza,2025-04-21,Continente
Gel de Banho Dermonatura Regenera,7165470,4.49,"€6,41/lt",Feno,Beleza e Higiene/Corpo/Gel de Banho,https://www.continente.pt/dw/image/v2/BDVS_PRD/on/demandware.static/-/Sites-col-master-catalog/default/dw95c625af/images/col/716/7165470-frente.jpg?sw=280&sh=280,emb. 700 ml,https://www.continente.pt/produto/gel-de-banho-dermonatura-regenera-feno-7165470.html,higiene-beleza,2025-04-21,Continente
Condicionador Elvive Dream Long,7714737,5.84,"€11,68/lt",LOréal Paris,Beleza e Higiene/Cabelo/Condicionadores,https://www.continente.pt/dw/image/v2/BDVS_PRD/on/demandware.static/-/Sites-col-master-catalog/default/dwf04015f3/images/col/771/7714737-hero-1.jpg?sw=280&sh=280,emb. 500 ml,https://www.continente.pt/produto/condicionador-elvive-dream-long-loreal-paris-7714737.html,higiene-beleza,2025-04-21,Continente
Preservativos Extra Seguro,7589605,6.29,"€0,52/un",Durex,Beleza e Higiene/Preservativos e Estimuladores,https://www.continente.pt/dw/image/v2/BDVS_PRD/on/demandware.static/-/Sites-col-master-catalog/default/dw3694b6cf/images/col/758/7589605-hero.jpg?sw=280&sh=280,emb. 12 un,https://www.continente.pt/produto/preservativos-extra-seguro-durex-7589605.html,higiene-beleza,2025-04-21,Continente
Escova de Dentes Green Clean Suave,6741325,2.24,"€2,24/un",Jordan,Beleza e Higiene/Higiene Oral/Escovas de Dentes,https://www.continente.pt/dw/image/v2/BDVS_PRD/on/demandware.static/-/Sites-col-master-catalog/default/dw19351036/images/col/674/6741325-frente-01.jpg?sw=280&sh=280,emb. 1 un,https://www.continente.pt/produto/escova-de-dentes-green-clean-suave-jordan-6741325.html,higiene-beleza,2025-04-21,Continente
Máscara Facial Hidratante Panda,7382531,2.09,"€2,09/un",7th Heaven,Beleza e Higiene/Rosto/Máscaras,https://www.continente.pt/dw/image/v2/BDVS_PRD/on/demandware.static/-/Sites-col-master-catalog/default/dwbdc33a17/images/col/738/7382531-frente.jpg?sw=280&sh=280,emb. 1 un,https://www.continente.pt/produto/mascara-facial-hidratante-panda-7th-heaven-7382531.html,higiene-beleza,2025-04-21,Continente
Gel Higiene Íntima Proteção,6666944,5.29,"€21,16/lt",Corine de Farme,Beleza e Higiene/Higiene Íntima/Gel e Sabonetes Íntimos,https://www.continente.pt/dw/image/v2/BDVS_PRD/on/demandware.static/-/Sites-col-master-catalog/default/dw6d3eab9f/images/col/666/6666944-frente.jpg?sw=280&sh=280,emb. 250 ml,https://www.continente.pt/produto/gel-higiene-intima-protecao-corine-de-farme-6666944.html,higiene-beleza,2025-04-21,Continente
Pasta de Dentes Express White Branqueadora,7900142,3.29,"€43,87/lt",Rapid White,Beleza e Higiene/Higiene Oral/Pastas de Dentes,https://www.continente.pt/dw/image/v2/BDVS_PRD/on/demandware.static/-/Sites-col-master-catalog/default/dw6ecc55d0/images/col/790/7900142-esquerdo.jpg?sw=280&sh=280,emb. 75 ml,https://www.continente.pt/produto/pasta-de-dentes-express-white-branqueadora-rapid-white-7900142.html,higiene-beleza,2025-04-21,Continente
Creme Corpo Macadâmia,7573484,2.14,"€7,13/lt",MyLabel,Beleza e Higiene/Corpo/Cremes e Loções,https://www.continente.pt/dw/image/v2/BDVS_PRD/on/demandware.static/-/Sites-col-master-catalog/default/dw811cfca1/images/col/757/7573484-frente.jpg?sw=280&sh=280,emb. 300 ml,https://www.continente.pt/produto/creme-corpo-macadamia-mylabel-7573484.html,higiene-beleza,2025-04-21,Continente
Escova de Dentes Limpeza Flexível,7970369,2.24,"€1,12/un",Aquafresh,Beleza e Higiene/Higiene Oral/Escovas de Dentes,https://www.continente.pt/dw/image/v2/BDVS_PRD/on/demandware.static/-/Sites-col-master-catalog/default/dw8b84cb3d/images/col/797/7970369-frente.png?sw=280&sh=280,emb. 2 un,https://www.continente.pt/produto/escova-de-dentes-limpeza-flexivel-aquafresh-7970369.html,higiene-beleza,2025-04-21,Continente
Elixir Bucal Dentes e Gengivas,4124382,6.69,"€13,38/lt",Listerine,Beleza e Higiene/Higiene Oral/Elixires Bucais,https://www.continente.pt/dw/image/v2/BDVS_PRD/on/demandware.static/-/Sites-col-master-catalog/default/dw537f95ce/images/col/412/4124382-frente.jpg?sw=280&sh=280,emb. 500 ml,https://www.continente.pt/produto/elixir-bucal-dentes-e-gengivas-listerine-4124382.html,higiene-beleza,2025-04-21,Continente
Gel Higiene Íntima Antisséptico Sensitive,5409112,8.95,"€22,38/lt",Dystron,Beleza e Higiene/Higiene Íntima/Gel e Sabonetes Íntimos,https://www.continente.pt/dw/image/v2/BDVS_PRD/on/demandware.static/-/Sites-col-master-catalog/default/dwbe0cbd16/images/col/540/5409112-frente.jpg?sw=280&sh=280,emb. 400 ml,https://www.continente.pt/produto/gel-higiene-intima-antisseptico-sensitive-dystron-5409112.html,higiene-beleza,2025-04-21,Continente
Desodorizante Spray Captain,6916992,3.56,"€23,73/lt",Old Spice,Beleza e Higiene/Homem/Desodorizantes,https://www.continente.pt/dw/image/v2/BDVS_PRD/on/demandware.static/-/Sites-col-master-catalog/default/dw8c24be7f/images/col/691/6916992-hero.png?sw=280&sh=280,emb. 150 ml,https://www.continente.pt/produto/desodorizante-spray-captain-old-spice-6916992.html,higiene-beleza,2025-04-21,Continente
Laca Cabelo Keratina,8018854,4.97,"€16,57/lt",Syoss,"Beleza e Higiene/Cabelo/Spray, Espuma, Creme e Gel/Laca e Spray",https://www.continente.pt/dw/image/v2/BDVS_PRD/on/demandware.static/-/Sites-col-master-catalog/default/dw7d19b934/images/col/801/8018854-frente.png?sw=280&sh=280,emb. 300 ml,https://www.continente.pt/produto/laca-cabelo-keratina-syoss-8018854.html,higiene-beleza,2025-04-21,Continente
Creme Corpo Argão,7434147,2.14,"€7,13/lt",MyLabel,Beleza e Higiene/Corpo/Cremes e Loções,https://www.continente.pt/dw/image/v2/BDVS_PRD/on/demandware.static/-/Sites-col-master-catalog/default/dwed040c29/images/col/743/7434147-frente.jpg?sw=280&sh=280,emb. 300 ml,https://www.continente.pt/produto/creme-corpo-argao-mylabel-7434147.html,higiene-beleza,2025-04-21,Continente
Elixir Bucal Night Care,8083580,1.99,"€3,98/lt",Continente,Beleza e Higiene/Higiene Oral/Elixires Bucais,https://www.continente.pt/dw/image/v2/BDVS_PRD/on/demandware.static/-/Sites-col-master-catalog/default/dw629fcc17/images/col/808/8083580-frente.png?sw=280&sh=280,emb. 500 ml,https://www.continente.pt/produto/elixir-bucal-night-care-continente-8083580.html,higiene-beleza,2025-04-21,Continente
Champô Pro-V Miracles Bond Repair,7983015,6.04,"€24,16/lt",Pantene,Beleza e Higiene/Cabelo/Champôs,https://www.continente.pt/dw/image/v2/BDVS_PRD/on/demandware.static/-/Sites-col-master-catalog/default/dwc550cc9c/images/col/798/7983015-frente.png?sw=280&sh=280,emb. 250 ml,https://www.continente.pt/produto/champo-pro-v-miracles-bond-repair-pantene-7983015.html,higiene-beleza,2025-04-21,Continente
Pensos Higiénicos Normal,2053371,1.42,"€0,07/un",Reglex,Beleza e Higiene/Higiene Íntima/Pensos e Cuecas Menstruais,https://www.continente.pt/dw/image/v2/BDVS_PRD/on/demandware.static/-/Sites-col-master-catalog/default/dw3455798a/images/col/205/2053371-esquerdo.jpg?sw=280&sh=280,emb. 20 un,https://www.continente.pt/produto/pensos-higienicos-normal-reglex-2053371.html,higiene-beleza,2025-04-21,Continente
Protetor Solar Spray Protect&Care Kids FPS 50+,7805334,4.79,"€19,16/lt",MyLabel,Beleza e Higiene/Corpo/Protetores Solares e Bronzeadores/Protetores Solares Crianças,https://www.continente.pt/dw/image/v2/BDVS_PRD/on/demandware.static/-/Sites-col-master-catalog/default/dwea6fa4ae/images/col/780/7805334-frente.png?sw=280&sh=280,emb. 250 ml,https://www.continente.pt/produto/protetor-solar-spray-protect-care-kids-fps-50-mylabel-7805334.html,higiene-beleza,2025-04-21,Continente
Gel de Banho Creme Care,6886064,1.79,"€7,16/lt",Nivea,Beleza e Higiene/Corpo/Gel de Banho,https://www.continente.pt/dw/image/v2/BDVS_PRD/on/demandware.static/-/Sites-col-master-catalog/default/dw58f82a87/images/col/688/6886064-frente.jpg?sw=280&sh=280,emb. 250 ml,https://www.continente.pt/produto/gel-de-banho-creme-care-nivea-6886064.html,higiene-beleza,2025-04-21,Continente
Champô Anticaspa Maçã 2 em 1 Plus,8263664,4.94,"€16,47/lt",H&S,Beleza e Higiene/Cabelo/Champôs,https://www.continente.pt/dw/image/v2/BDVS_PRD/on/demandware.static/-/Sites-col-master-catalog/default/dw872a9ea2/images/col/826/8263664-hero.png?sw=280&sh=280,emb. 300 ml,https://www.continente.pt/produto/champo-anticaspa-maca-2-em-1-plus-h-s-8263664.html,higiene-beleza,2025-04-21,Continente
Creme Corpo Nutritivo Body Love Pétalas,7647920,4.54,"€15,13/lt",Dove,Beleza e Higiene/Corpo/Cremes e Loções,https://www.continente.pt/dw/image/v2/BDVS_PRD/on/demandware.static/-/Sites-col-master-catalog/default/dw311c2fcf/images/col/764/7647920-hero.jpg?sw=280&sh=280,emb. 300 ml,https://www.continente.pt/produto/creme-corpo-nutritivo-body-love-petalas-dove-7647920.html,higiene-beleza,2025-04-21,Continente
Creme de Mãos Protector Hidratante Aloe Vera,7071034,1.79,"€17,90/lt",Nivea,Beleza e Higiene/Corpo/Cuidados de Mãos e Pés,https://www.continente.pt/dw/image/v2/BDVS_PRD/on/demandware.static/-/Sites-col-master-catalog/default/dw5a41dc50/images/col/707/7071034-hero.jpg?sw=280&sh=280,emb. 100 ml,https://www.continente.pt/produto/creme-de-maos-protector-hidratante-aloe-vera-nivea-7071034.html,higiene-beleza,2025-04-21,Continente
Pensos Higiénicos Cottonlike Super com Abas,8290338,2.99,"€0,21/un",Evax,Beleza e Higiene/Higiene Íntima/Pensos e Cuecas Menstruais,https://www.continente.pt/dw/image/v2/BDVS_PRD/on/demandware.static/-/Sites-col-master-catalog/default/dwc6b41838/images/col/829/8290338-hero.png?sw=280&sh=280,emb. 14 un,https://www.continente.pt/produto/pensos-higienicos-cottonlike-super-com-abas-evax-8290338.html,higiene-beleza,2025-04-21,Continente
Pensos para Calos,2093388,0.79,"€0,08/un",Continente,Beleza e Higiene/Lenços e Cuidados de Saúde/Cuidados de Saúde,https://www.continente.pt/dw/image/v2/BDVS_PRD/on/demandware.static/-/Sites-col-master-catalog/default/dwb19c67b8/images/col/209/2093388-direito.jpg?sw=280&sh=280,emb. 10 un,https://www.continente.pt/produto/pensos-para-calos-continente-2093388.html,higiene-beleza,2025-04-21,Continente
Champô Men Cool Fresh,5265622,2.69,"€10,76/lt",Nivea,Beleza e Higiene/Homem/Cabelo,https://www.continente.pt/dw/image/v2/BDVS_PRD/on/demandware.static/-/Sites-col-master-catalog/default/dwf7f336b3/images/col/526/5265622-hero.jpg?sw=280&sh=280,emb. 250 ml,https://www.continente.pt/produto/champo-men-cool-fresh-nivea-5265622.html,higiene-beleza,2025-04-21,Continente
Máscara Cabelo Hidrata Coco,8154040,4.79,"€15,97/lt",Herbal Essences,Beleza e Higiene/Cabelo/Máscaras e Tratamentos,https://www.continente.pt/dw/image/v2/BDVS_PRD/on/demandware.static/-/Sites-col-master-catalog/default/dw3681923b/images/col/815/8154040-frente.png?sw=280&sh=280,emb. 300 ml,https://www.continente.pt/produto/mascara-cabelo-hidrata-coco-herbal-essences-8154040.html,higiene-beleza,2025-04-21,Continente
Verniz de Unhas Fiji 14,5009607,7.99,"€7,99/un",Essie,Beleza e Higiene/Maquilhagem/Unhas,https://www.continente.pt/dw/image/v2/BDVS_PRD/on/demandware.static/-/Sites-col-master-catalog/default/dw9fdd3b4f/images/col/500/5009607-frente.jpg?sw=280&sh=280,"emb. 13,5 ml",https://www.continente.pt/produto/verniz-de-unhas-fiji-14-essie-5009607.html,higiene-beleza,2025-04-21,Continente
Champô Elvive Full Resist,7052669,6.49,"€9,27/lt",LOréal Paris,Beleza e Higiene/Cabelo/Champôs,https://www.continente.pt/dw/image/v2/BDVS_PRD/on/demandware.static/-/Sites-col-master-catalog/default/dw3f0b95b6/images/col/705/7052669-frente.jpg?sw=280&sh=280,emb. 700 ml,https://www.continente.pt/produto/champo-elvive-full-resist-loreal-paris-7052669.html,higiene-beleza,2025-04-21,Continente
Champô Hidrata Coco,8153958,3.99,"€11,40/lt",Herbal Essences,Beleza e Higiene/Cabelo/Champôs,https://www.continente.pt/dw/image/v2/BDVS_PRD/on/demandware.static/-/Sites-col-master-catalog/default/dw1b97ca3b/images/col/815/8153958-frente.png?sw=280&sh=280,emb. 350 ml,https://www.continente.pt/produto/champo-hidrata-coco-herbal-essences-8153958.html,higiene-beleza,2025-04-21,Continente
Gel de Banho Natural Oil,3801493,4.49,"€22,45/lt",Nivea,Beleza e Higiene/Corpo/Gel de Banho,https://www.continente.pt/dw/image/v2/BDVS_PRD/on/demandware.static/-/Sites-col-master-catalog/default/dw5b8efd0d/images/col/380/3801493-frente.jpg?sw=280&sh=280,emb. 200 ml,https://www.continente.pt/produto/gel-de-banho-natural-oil-nivea-3801493.html,higiene-beleza,2025-04-21,Continente
Gel de Banho 3 em 1 Captain,7740975,5.51,"€8,16/lt",Old Spice,Beleza e Higiene/Corpo/Gel de Banho,https://www.continente.pt/dw/image/v2/BDVS_PRD/on/demandware.static/-/Sites-col-master-catalog/default/dw55a06cdd/images/col/774/7740975-hero.png?sw=280&sh=280,emb. 675 ml,https://www.continente.pt/produto/gel-de-banho-3-em-1-captain-old-spice-7740975.html,higiene-beleza,2025-04-21,Continente
Elixir Bucal Suave Mentol,7824616,8.49,"€11,32/lt",Listerine,Beleza e Higiene/Higiene Oral/Elixires Bucais,https://www.continente.pt/dw/image/v2/BDVS_PRD/on/demandware.static/-/Sites-col-master-catalog/default/dwc2d0588d/images/col/782/7824616-frente.jpg?sw=280&sh=280,emb. 750 ml,https://www.continente.pt/produto/elixir-bucal-suave-mentol-listerine-7824616.html,higiene-beleza,2025-04-21,Continente
Spray Corporal Chill Vibe,8120903,1.99,"€9,95/lt",MyLabel,Beleza e Higiene/Homem/Desodorizantes,https://www.continente.pt/dw/image/v2/BDVS_PRD/on/demandware.static/-/Sites-col-master-catalog/default/dw739b5cf5/images/col/812/8120903-frente.jpg?sw=280&sh=280,emb. 200 ml,https://www.continente.pt/produto/spray-corporal-chill-vibe-mylabel-8120903.html,higiene-beleza,2025-04-21,Continente
Gel de Banho Men Boost,7343447,7.49,"€14,98/lt",Nivea,Beleza e Higiene/Homem/Gel de Banho,https://www.continente.pt/dw/image/v2/BDVS_PRD/on/demandware.static/-/Sites-col-master-catalog/default/dwae636ade/images/col/734/7343447-frente.jpg?sw=280&sh=280,emb. 500 ml,https://www.continente.pt/produto/gel-de-banho-men-boost-nivea-7343447.html,higiene-beleza,2025-04-21,Continente
Condicionador Flawless Waves,8015826,3.77,"€9,42/lt",Tresemmé,Beleza e Higiene/Cabelo/Condicionadores,https://www.continente.pt/dw/image/v2/BDVS_PRD/on/demandware.static/-/Sites-col-master-catalog/default/dw78c53044/images/col/801/8015826-hero.png?sw=280&sh=280,emb. 400 ml,https://www.continente.pt/produto/condicionador-flawless-waves-tresemme-8015826.html,higiene-beleza,2025-04-21,Continente
Champô Nourishing Leite de Coco,6432133,7.64,"€19,84/lt",OGX,Beleza e Higiene/Cabelo/Champôs,https://www.continente.pt/dw/image/v2/BDVS_PRD/on/demandware.static/-/Sites-col-master-catalog/default/dw1063f7c4/images/col/643/6432133-frente.jpg?sw=280&sh=280,emb. 385 ml,https://www.continente.pt/produto/champo-nourishing-leite-de-coco-ogx-6432133.html,higiene-beleza,2025-04-21,Continente
Condicionador Naturals Leite de Aveia,7772677,2.59,"€6,48/lt",MyLabel,Beleza e Higiene/Cabelo/Condicionadores,https://www.continente.pt/dw/image/v2/BDVS_PRD/on/demandware.static/-/Sites-col-master-catalog/default/dwee222e7d/images/col/777/7772677-frente.jpg?sw=280&sh=280,emb. 400 ml,https://www.continente.pt/produto/condicionador-naturals-leite-de-aveia-mylabel-7772677.html,higiene-beleza,2025-04-21,Continente
Tampão com Aplicador Cotton Protection Regular,7021365,5.29,"€0,33/un",Tampax,Beleza e Higiene/Higiene Íntima/Tampões,https://www.continente.pt/dw/image/v2/BDVS_PRD/on/demandware.static/-/Sites-col-master-catalog/default/dw5cfc1c86/images/col/702/7021365-hero.jpg?sw=280&sh=280,emb. 16 un,https://www.continente.pt/produto/tampao-com-aplicador-cotton-protection-regular-tampax-7021365.html,higiene-beleza,2025-04-21,Continente
Verniz de Unhas 60 340 Seconds Berries,5770142,2.52,"€2,52/un",Rimmel,Beleza e Higiene/Maquilhagem/Unhas,https://www.continente.pt/dw/image/v2/BDVS_PRD/on/demandware.static/-/Sites-col-master-catalog/default/dw3fa1f6e4/images/col/577/5770142-frente.jpg?sw=280&sh=280,emb. 1 un,https://www.continente.pt/produto/verniz-de-unhas-60-340-seconds-berries-rimmel-5770142.html,higiene-beleza,2025-04-21,Continente
Escova de Dentes 3D White Brilho Média,4711243,2.99,"€2,99/un",Colgate,Beleza e Higiene/Higiene Oral/Escovas de Dentes,https://www.continente.pt/dw/image/v2/BDVS_PRD/on/demandware.static/-/Sites-col-master-catalog/default/dw4f9b8293/images/col/471/4711243-frente-1.png?sw=280&sh=280,emb. 2 un,https://www.continente.pt/produto/escova-de-dentes-3d-white-brilho-media-colgate-4711243.html,higiene-beleza,2025-04-21,Continente
Recarga de Lâminas Five-Sharp Plus,5178371,4.19,"€1,05/un",MyLabel,Beleza e Higiene/Homem/Barba,https://www.continente.pt/dw/image/v2/BDVS_PRD/on/demandware.static/-/Sites-col-master-catalog/default/dwe35563c4/images/col/517/5178371-frente.jpg?sw=280&sh=280,emb. 4 un,https://www.continente.pt/produto/recarga-de-laminas-five-sharp-plus-mylabel-5178371.html,higiene-beleza,2025-04-21,Continente
Desodorizante Spray Men Expert Thermic Resist,5559028,4.99,"€33,27/lt",LOréal Paris,Beleza e Higiene/Homem/Desodorizantes,https://www.continente.pt/dw/image/v2/BDVS_PRD/on/demandware.static/-/Sites-col-master-catalog/default/dw5f18a90c/images/col/555/5559028-frente.jpg?sw=280&sh=280,emb. 150 ml,https://www.continente.pt/produto/desodorizante-spray-men-expert-thermic-resist-loreal-paris-5559028.html,higiene-beleza,2025-04-21,Continente
Batom SuperStay Matte Ink 80,7742686,10.49,"€10,49/un",Maybelline New York,Beleza e Higiene/Maquilhagem/Lábios,https://www.continente.pt/dw/image/v2/BDVS_PRD/on/demandware.static/-/Sites-col-master-catalog/default/dwb0e93eea/images/col/774/7742686-frente-1.jpg?sw=280&sh=280,emb. 1 un,https://www.continente.pt/produto/batom-superstay-matte-ink-80-maybelline-new-york-7742686.html,higiene-beleza,2025-04-21,Continente
Pente Cabelo Garfo,5818666,1.49,"€1,49/un",MyLabel,Beleza e Higiene/Cabelo/Acessórios,https://www.continente.pt/dw/image/v2/BDVS_PRD/on/demandware.static/-/Sites-col-master-catalog/default/dwf089fe2b/images/col/581/5818666-frente.jpg?sw=280&sh=280,emb. 1 un,https://www.continente.pt/produto/pente-cabelo-garfo-mylabel-5818666.html,higiene-beleza,2025-04-21,Continente
Verniz de Unhas Gel Nail Colour 42,7549948,1.99,"€1,99/un",Essence,Beleza e Higiene/Maquilhagem/Unhas,https://www.continente.pt/dw/image/v2/BDVS_PRD/on/demandware.static/-/Sites-col-master-catalog/default/dw26a47557/images/col/754/7549948-frente.jpg?sw=280&sh=280,emb. 1 un,https://www.continente.pt/produto/verniz-de-unhas-gel-nail-colour-42-essence-7549948.html,higiene-beleza,2025-04-21,Continente
Lápis de Olhos e Sobrancelhas Profissional 1,2988204,5.24,"€5,24/un",Rimmel,Beleza e Higiene/Maquilhagem/Olhos,https://www.continente.pt/dw/image/v2/BDVS_PRD/on/demandware.static/-/Sites-col-master-catalog/default/dwad5313f3/images/col/298/2988204-frente-online.jpg?sw=280&sh=280,emb. 1 un,https://www.continente.pt/produto/lapis-de-olhos-e-sobrancelhas-profissional-1-rimmel-2988204.html,higiene-beleza,2025-04-21,Continente
Elixir Bucal Total Care,5868797,5.01,"€10,02/lt",Listerine,Beleza e Higiene/Higiene Oral/Elixires Bucais,https://www.continente.pt/dw/image/v2/BDVS_PRD/on/demandware.static/-/Sites-col-master-catalog/default/dwc5d485a4/images/col/586/5868797-frente.jpg?sw=280&sh=280,emb. 500 ml,https://www.continente.pt/produto/elixir-bucal-total-care-listerine-5868797.html,higiene-beleza,2025-04-21,Continente
Batom Líquido Matte Resistance 200 Lipstick & Chill,7889211,15.49,"€15,49/un",LOréal Paris,Beleza e Higiene/Maquilhagem/Lábios,https://www.continente.pt/dw/image/v2/BDVS_PRD/on/demandware.static/-/Sites-col-master-catalog/default/dw6bf85d50/images/col/788/7889211-frente-1.jpg?sw=280&sh=280,emb. 1 un,https://www.continente.pt/produto/batom-liquido-matte-resistance-200-lipstick-chill-loreal-paris-7889211.html,higiene-beleza,2025-04-21,Continente
Verniz de Unhas Bahama Mama 44,5009645,7.99,"€7,99/un",Essie,Beleza e Higiene/Maquilhagem/Unhas,https://www.continente.pt/dw/image/v2/BDVS_PRD/on/demandware.static/-/Sites-col-master-catalog/default/dw973a7d72/images/col/500/5009645-frente.jpg?sw=280&sh=280,"emb. 13,5 ml",https://www.continente.pt/produto/verniz-de-unhas-bahama-mama-44-essie-5009645.html,higiene-beleza,2025-04-21,Continente
Escova de Dentes Premium Média,5872257,1.49,"€0,75/un",Continente,Beleza e Higiene/Higiene Oral/Escovas de Dentes,https://www.continente.pt/dw/image/v2/BDVS_PRD/on/demandware.static/-/Sites-col-master-catalog/default/dwee385e0f/images/col/587/5872257-frente.png?sw=280&sh=280,emb. 2 un,https://www.continente.pt/produto/escova-de-dentes-premium-media-continente-5872257.html,higiene-beleza,2025-04-21,Continente
Algodão Zig-Zag Branco,7643762,0.59,"€14,75/kg",Continente Bio,Beleza e Higiene/Lenços e Cuidados de Saúde/Cuidados de Saúde,https://www.continente.pt/dw/image/v2/BDVS_PRD/on/demandware.static/-/Sites-col-master-catalog/default/dw6a17f723/images/col/764/7643762-frente.jpg?sw=280&sh=280,emb. 40 gr,https://www.continente.pt/produto/algodao-zig-zag-branco-continente-bio-7643762.html,higiene-beleza,2025-04-21,Continente
Condicionador Hair Care Nutrição Profunda,7778733,2.49,"€6,23/un",MyLabel,Beleza e Higiene/Cabelo/Condicionadores,https://www.continente.pt/dw/image/v2/BDVS_PRD/on/demandware.static/-/Sites-col-master-catalog/default/dw87350e0d/images/col/777/7778733-frente.jpg?sw=280&sh=280,emb. 400 ml,https://www.continente.pt/produto/condicionador-hair-care-nutricao-profunda-mylabel-7778733.html,higiene-beleza,2025-04-21,Continente
Coloração Permanente Intensive Preto Azulado 1.1,5741751,3.59,"€3,59/un",Palette,Beleza e Higiene/Cabelo/Colorações,https://www.continente.pt/dw/image/v2/BDVS_PRD/on/demandware.static/-/Sites-col-master-catalog/default/dwbd5cc7d1/images/col/574/5741751-frente.jpg?sw=280&sh=280,emb. 1 un,https://www.continente.pt/produto/coloracao-permanente-intensive-preto-azulado-1.1-palette-5741751.html,higiene-beleza,2025-04-21,Continente
Lâminas Descartáveis Miss Soleil,5113642,4.29,"€1,43/un",BIC,Beleza e Higiene/Corpo/Depilação e Descoloração,https://www.continente.pt/dw/image/v2/BDVS_PRD/on/demandware.static/-/Sites-col-master-catalog/default/dwc6f29f9e/images/col/511/5113642-frente.jpg?sw=280&sh=280,emb. 3 + 1 un GRÁTIS,https://www.continente.pt/produto/laminas-descartaveis-miss-soleil-bic-5113642.html,higiene-beleza,2025-04-21,Continente
Champô Fructis Hair Food Aloe Vera,7092028,3.95,"€11,29/lt",Garnier,Beleza e Higiene/Cabelo/Champôs,https://www.continente.pt/dw/image/v2/BDVS_PRD/on/demandware.static/-/Sites-col-master-catalog/default/dwaffc5b52/images/col/709/7092028-hero.jpg?sw=280&sh=280,emb. 350 ml,https://www.continente.pt/produto/champo-fructis-hair-food-aloe-vera-garnier-7092028.html,higiene-beleza,2025-04-21,Continente
Toalhitas Bebé Pure Calma e Protege Aloe Vera,8004673,2.49,"€0,05/un",Dodot,Bebé/Fraldas e Toalhitas/Toalhitas,https://www.continente.pt/dw/image/v2/BDVS_PRD/on/demandware.static/-/Sites-col-master-catalog/default/dweeff7289/images/col/800/8004673-hero.jpg?sw=280&sh=280,emb. 46 un,https://www.continente.pt/produto/toalhitas-bebe-pure-calma-e-protege-aloe-vera-dodot-8004673.html,higiene-beleza,2025-04-21,Continente
Elixir Bucal Proteção Gengivas Sabor Suave,7452928,5.24,"€10,48/lt",Listerine,Beleza e Higiene/Higiene Oral/Elixires Bucais,https://www.continente.pt/dw/image/v2/BDVS_PRD/on/demandware.static/-/Sites-col-master-catalog/default/dw1f8aa1a9/images/col/745/7452928-frente.jpg?sw=280&sh=280,emb. 500 ml,https://www.continente.pt/produto/elixir-bucal-protecao-gengivas-sabor-suave-listerine-7452928.html,higiene-beleza,2025-04-21,Continente
Coloração Permanente Intensive Castanho Chocolate 3.65,5741756,4.91,"€4,91/un",Palette,Beleza e Higiene/Cabelo/Colorações,https://www.continente.pt/dw/image/v2/BDVS_PRD/on/demandware.static/-/Sites-col-master-catalog/default/dw755b0bda/images/col/574/5741756-frente-online.jpg?sw=280&sh=280,emb. 1 un,https://www.continente.pt/produto/coloracao-permanente-intensive-castanho-chocolate-3.65-palette-5741756.html,higiene-beleza,2025-04-21,Continente
Gel de Banho 3 em 1 Nightpanther,8014957,5.51,"€8,16/lt",Old Spice,Beleza e Higiene/Corpo/Gel de Banho,https://www.continente.pt/dw/image/v2/BDVS_PRD/on/demandware.static/-/Sites-col-master-catalog/default/dw4827c2a3/images/col/801/8014957-hero.png?sw=280&sh=280,emb. 675 ml,https://www.continente.pt/produto/gel-de-banho-3-em-1-nightpanther-old-spice-8014957.html,higiene-beleza,2025-04-21,Continente
Pensos Extra Fortes,4925452,3.19,"€0,20/un",Hansaplast,Beleza e Higiene/Lenços e Cuidados de Saúde/Cuidados de Saúde,https://www.continente.pt/dw/image/v2/BDVS_PRD/on/demandware.static/-/Sites-col-master-catalog/default/dw183dd38c/images/col/492/4925452-frente.jpg?sw=280&sh=280,emb. 16 un,https://www.continente.pt/produto/pensos-extra-fortes-hansaplast-4925452.html,higiene-beleza,2025-04-21,Continente
Gel de Banho Advanced Care Deeply Nourishing,8063118,1.97,"€8,76/lt",Dove,Beleza e Higiene/Corpo/Gel de Banho,https://www.continente.pt/dw/image/v2/BDVS_PRD/on/demandware.static/-/Sites-col-master-catalog/default/dw7876251a/images/col/806/8063118-hero.jpg?sw=280&sh=280,emb. 225 ml,https://www.continente.pt/produto/gel-de-banho-advanced-care-deeply-nourishing-dove-8063118.html,higiene-beleza,2025-04-21,Continente
Gel de Banho Fresh Clash Collision Leather & Cookies,6837239,3.89,"€9,72/lt",Axe,Beleza e Higiene/Homem/Gel de Banho,https://www.continente.pt/dw/image/v2/BDVS_PRD/on/demandware.static/-/Sites-col-master-catalog/default/dw39929837/images/col/683/6837239-hero.jpg?sw=280&sh=280,emb. 400 ml,https://www.continente.pt/produto/gel-de-banho-fresh-clash-collision-leather-cookies-axe-6837239.html,higiene-beleza,2025-04-21,Continente
Gel Higiene Íntima Calêndula,5516130,4.89,"€19,56/lt",Fresh&Clean,Beleza e Higiene/Higiene Íntima/Gel e Sabonetes Íntimos,https://www.continente.pt/dw/image/v2/BDVS_PRD/on/demandware.static/-/Sites-col-master-catalog/default/dw44c9c810/images/col/551/5516130-frente.jpg?sw=280&sh=280,emb. 250 ml,https://www.continente.pt/produto/gel-higiene-intima-calendula-fresh-clean-5516130.html,higiene-beleza,2025-04-21,Continente
Cuecas Incontinência Super S/M,7201050,10.99,"€1,10/un",Depend,Beleza e Higiene/Higiene Íntima/Incontinência/Cuecas Incontinência,https://www.continente.pt/dw/image/v2/BDVS_PRD/on/demandware.static/-/Sites-col-master-catalog/default/dw15a8e1d0/images/col/720/7201050-direito.jpg?sw=280&sh=280,emb. 10 un,https://www.continente.pt/produto/cuecas-incontinencia-super-s-m-depend-7201050.html,higiene-beleza,2025-04-21,Continente
Vaselina Original,5407567,2.09,"€20,90/lt",Vaseline,Beleza e Higiene/Rosto/Lábios,https://www.continente.pt/dw/image/v2/BDVS_PRD/on/demandware.static/-/Sites-col-master-catalog/default/dw5566bb84/images/col/540/5407567-hero.jpg?sw=280&sh=280,emb. 100 ml,https://www.continente.pt/produto/vaselina-original-vaseline-5407567.html,higiene-beleza,2025-04-21,Continente
Loção Corpo Coco,8125407,3.64,"€11,03/lt",Natural Honey,Beleza e Higiene/Corpo/Cremes e Loções,https://www.continente.pt/dw/image/v2/BDVS_PRD/on/demandware.static/-/Sites-col-master-catalog/default/dw3e4a7c1f/images/col/812/8125407-frente.png?sw=280&sh=280,emb. 330 ml,https://www.continente.pt/produto/locao-corpo-coco-natural-honey-8125407.html,higiene-beleza,2025-04-21,Continente
Esponja de Maquilhagem Porções Látex,5809408,2.99,"€0,37/un",MyLabel,Beleza e Higiene/Maquilhagem/Acessórios,https://www.continente.pt/dw/image/v2/BDVS_PRD/on/demandware.static/-/Sites-col-master-catalog/default/dw5cc5f177/images/col/580/5809408-frente.jpg?sw=280&sh=280,emb. 1 un,https://www.continente.pt/produto/esponja-de-maquilhagem-porcoes-latex-mylabel-5809408.html,higiene-beleza,2025-04-21,Continente
Água Micelar em Óleo,6459770,2.39,"€23,90/lt",Garnier,Beleza e Higiene/Rosto/Limpeza,https://www.continente.pt/dw/image/v2/BDVS_PRD/on/demandware.static/-/Sites-col-master-catalog/default/dwca771a33/images/col/645/6459770-frente.jpg?sw=280&sh=280,emb. 100 ml,https://www.continente.pt/produto/agua-micelar-em-oleo-garnier-6459770.html,higiene-beleza,2025-04-21,Continente
Condicionador Ultra Suave Delicadeza de Aveia,5716513,3.69,"€18,45/lt",Garnier,Beleza e Higiene/Cabelo/Condicionadores,https://www.continente.pt/dw/image/v2/BDVS_PRD/on/demandware.static/-/Sites-col-master-catalog/default/dw55705262/images/col/571/5716513-hero.jpg?sw=280&sh=280,emb. 200 ml,https://www.continente.pt/produto/condicionador-ultra-suave-delicadeza-de-aveia-garnier-5716513.html,higiene-beleza,2025-04-21,Continente
Desmaquilhante de Olhos Waterproof,8154709,6.59,"€52,72/lt",Diadermine,Beleza e Higiene/Rosto/Limpeza,https://www.continente.pt/dw/image/v2/BDVS_PRD/on/demandware.static/-/Sites-col-master-catalog/default/dw7d360a26/images/col/815/8154709-frente.png?sw=280&sh=280,emb. 125 ml,https://www.continente.pt/produto/desmaquilhante-de-olhos-waterproof-diadermine-8154709.html,higiene-beleza,2025-04-21,Continente
Óleo Corpo Natural Rosa Mosqueta,8240141,4.89,"€163,00/lt",MyLabel,Beleza e Higiene/Corpo/Cremes e Loções,https://www.continente.pt/dw/image/v2/BDVS_PRD/on/demandware.static/-/Sites-col-master-catalog/default/dw209eb738/images/col/824/8240141-frente.png?sw=280&sh=280,emb. 30 ml,https://www.continente.pt/produto/oleo-corpo-natural-rosa-mosqueta-mylabel-8240141.html,higiene-beleza,2025-04-21,Continente
Kit Viagem Escova e Pasta de Dentes,8069568,2.39,"€79,67/lt",Continente,Beleza e Higiene/Higiene Oral/Escovas de Dentes,https://www.continente.pt/dw/image/v2/BDVS_PRD/on/demandware.static/-/Sites-col-master-catalog/default/dwdb84cba0/images/col/806/8069568-frente.jpg?sw=280&sh=280,emb. 1 un,https://www.continente.pt/produto/kit-viagem-escova-e-pasta-de-dentes-continente-8069568.html,higiene-beleza,2025-04-21,Continente
Condicionador Naturals Abacate e Karité,7772676,2.59,"€6,48/lt",MyLabel,Beleza e Higiene/Cabelo/Condicionadores,https://www.continente.pt/dw/image/v2/BDVS_PRD/on/demandware.static/-/Sites-col-master-catalog/default/dwdbdad4f1/images/col/777/7772676-frente.jpg?sw=280&sh=280,emb. 400 ml,https://www.continente.pt/produto/condicionador-naturals-abacate-e-karite-mylabel-7772676.html,higiene-beleza,2025-04-21,Continente
Champô Fructis Força e Brilho,5830196,5.99,"€14,98/lt",Garnier,Beleza e Higiene/Cabelo/Champôs,https://www.continente.pt/dw/image/v2/BDVS_PRD/on/demandware.static/-/Sites-col-master-catalog/default/dw2475bf83/images/col/583/5830196-frente.jpg?sw=280&sh=280,emb. 400 ml,https://www.continente.pt/produto/champo-fructis-forca-e-brilho-garnier-5830196.html,higiene-beleza,2025-04-21,Continente
Creme Corpo Body Milk Repara&Cuida Hidratante,7314305,6.17,"€15,42/lt",Nivea,Beleza e Higiene/Corpo/Cremes e Loções,https://www.continente.pt/dw/image/v2/BDVS_PRD/on/demandware.static/-/Sites-col-master-catalog/default/dwf4fc64ca/images/col/731/7314305-hero.jpg?sw=280&sh=280,emb. 400 ml,https://www.continente.pt/produto/creme-corpo-body-milk-repara-cuida-hidratante-nivea-7314305.html,higiene-beleza,2025-04-21,Continente
Escova de Dentes Sensibilidade Limpeza e Frescura Suave,6168294,2.99,"€2,99/un",Sensodyne,Beleza e Higiene/Higiene Oral/Escovas de Dentes,https://www.continente.pt/dw/image/v2/BDVS_PRD/on/demandware.static/-/Sites-col-master-catalog/default/dwaed059bf/images/col/616/6168294-frente.jpg?sw=280&sh=280,emb. 1 un,https://www.continente.pt/produto/escova-de-dentes-sensibilidade-limpeza-e-frescura-suave-sensodyne-6168294.html,higiene-beleza,2025-04-21,Continente
Sérum Cabelo Pontas,8068261,2.85,"€57,00/lt",MyLabel,Beleza e Higiene/Cabelo/Máscaras e Tratamentos,https://www.continente.pt/dw/image/v2/BDVS_PRD/on/demandware.static/-/Sites-col-master-catalog/default/dw4126a3b1/images/col/806/8068261-frente.png?sw=280&sh=280,emb. 50 ml,https://www.continente.pt/produto/serum-cabelo-pontas-mylabel-8068261.html,higiene-beleza,2025-04-21,Continente
Pensos Rápidos Formato XXL,6581991,3.99,"€0,67/un",Steripan,Beleza e Higiene/Lenços e Cuidados de Saúde/Cuidados de Saúde,https://www.continente.pt/dw/image/v2/BDVS_PRD/on/demandware.static/-/Sites-col-master-catalog/default/dwd43d3b03/images/col/658/6581991-frente-online.jpg?sw=280&sh=280,emb. 6 un,https://www.continente.pt/produto/pensos-rapidos-formato-xxl-steripan-6581991.html,higiene-beleza,2025-04-21,Continente
Champô Não Arde nos Olhos Criança,7803049,3.99,"€7,98/lt",Continente do Bebé,Beleza e Higiene/Cabelo/Criança,https://www.continente.pt/dw/image/v2/BDVS_PRD/on/demandware.static/-/Sites-col-master-catalog/default/dw6d72dcb6/images/col/780/7803049-frente.jpg?sw=280&sh=280,emb. 500 ml,https://www.continente.pt/produto/champo-nao-arde-nos-olhos-crianca-continente-do-bebe-7803049.html,higiene-beleza,2025-04-21,Continente
Creme de Pés Hidratante,6916605,1.97,"€19,70/lt",Body Natur,Beleza e Higiene/Corpo/Cuidados de Mãos e Pés,https://www.continente.pt/dw/image/v2/BDVS_PRD/on/demandware.static/-/Sites-col-master-catalog/default/dw0a3e1e1d/images/col/691/6916605-frente.jpg?sw=280&sh=280,emb. 100 ml,https://www.continente.pt/produto/creme-de-pes-hidratante-body-natur-6916605.html,higiene-beleza,2025-04-21,Continente
Pasta de Dentes Branqueadora Max White Ultra,7615013,4.26,"€85,20/lt",Colgate,Beleza e Higiene/Higiene Oral/Pastas de Dentes,https://www.continente.pt/dw/image/v2/BDVS_PRD/on/demandware.static/-/Sites-col-master-catalog/default/dw162f1ff3/images/col/761/7615013-frente-1.jpg?sw=280&sh=280,emb. 50 ml,https://www.continente.pt/produto/pasta-de-dentes-branqueadora-max-white-ultra-colgate-7615013.html,higiene-beleza,2025-04-21,Continente
Champô Elvive Reconstrutor Dream Long,7052694,6.49,"€9,27/lt",LOréal Paris,Beleza e Higiene/Cabelo/Champôs,https://www.continente.pt/dw/image/v2/BDVS_PRD/on/demandware.static/-/Sites-col-master-catalog/default/dw3c42d8e3/images/col/705/7052694-frente.jpg?sw=280&sh=280,emb. 700 ml,https://www.continente.pt/produto/champo-elvive-reconstrutor-dream-long-loreal-paris-7052694.html,higiene-beleza,2025-04-21,Continente
Espuma de Barbear Series Suavizante,8066051,4.49,"€17,96/lt",Gillette,Beleza e Higiene/Homem/Barba,https://www.continente.pt/dw/image/v2/BDVS_PRD/on/demandware.static/-/Sites-col-master-catalog/default/dw6b4339ed/images/col/806/8066051-frente.png?sw=280&sh=280,emb. 200 ml,https://www.continente.pt/produto/espuma-de-barbear-series-suavizante-gillette-8066051.html,higiene-beleza,2025-04-21,Continente
Condicionador Gliss Oil Nutritive,8018852,2.78,"€13,90/lt",Schwarzkopf,Beleza e Higiene/Cabelo/Condicionadores,https://www.continente.pt/dw/image/v2/BDVS_PRD/on/demandware.static/-/Sites-col-master-catalog/default/dw4e15b66b/images/col/801/8018852-frente.png?sw=280&sh=280,emb. 200 ml,https://www.continente.pt/produto/condicionador-gliss-oil-nutritive-schwarzkopf-8018852.html,higiene-beleza,2025-04-21,Continente
Creme de Pentear Fructis Adeus Danos,7970697,6.39,"€15,97/lt",Garnier,Beleza e Higiene/Cabelo/Máscaras e Tratamentos,https://www.continente.pt/dw/image/v2/BDVS_PRD/on/demandware.static/-/Sites-col-master-catalog/default/dwce82d041/images/col/797/7970697-hero.jpg?sw=280&sh=280,emb. 400 ml,https://www.continente.pt/produto/creme-de-pentear-fructis-adeus-danos-garnier-7970697.html,higiene-beleza,2025-04-21,Continente
Pasta de Dentes Tastepaste Framboesa e Menta Fresca,8066049,1.86,"€37,20/lt",Jordan,Beleza e Higiene/Higiene Oral/Pastas de Dentes,https://www.continente.pt/dw/image/v2/BDVS_PRD/on/demandware.static/-/Sites-col-master-catalog/default/dw5fa46d5a/images/col/806/8066049-frente.jpg?sw=280&sh=280,emb. 50 ml,https://www.continente.pt/produto/pasta-de-dentes-tastepaste-framboesa-e-menta-fresca-jordan-8066049.html,higiene-beleza,2025-04-21,Continente
Pensos Incontinência Discreet Mini,7995916,4.11,"€0,17/un",Ausonia Discreet,Beleza e Higiene/Higiene Íntima/Incontinência/Pensos Incontinência,https://www.continente.pt/dw/image/v2/BDVS_PRD/on/demandware.static/-/Sites-col-master-catalog/default/dw2c12bde3/images/col/799/7995916-frente.jpg?sw=280&sh=280,emb. 24 un,https://www.continente.pt/produto/pensos-incontinencia-discreet-mini-ausonia-discreet-7995916.html,higiene-beleza,2025-04-21,Continente
Desodorizante Roll On Cool,8063375,0.85,"€17,00/lt",MyLabel,Beleza e Higiene/Corpo/Desodorizantes,https://www.continente.pt/dw/image/v2/BDVS_PRD/on/demandware.static/-/Sites-col-master-catalog/default/dw3b2edc32/images/col/806/8063375-frente.png?sw=280&sh=280,emb. 50 ml,https://www.continente.pt/produto/desodorizante-roll-on-cool-mylabel-8063375.html,higiene-beleza,2025-04-21,Continente
Vaselina Original,7050814,1.99,"€39,80/lt",Vaseline,Beleza e Higiene/Rosto/Lábios,https://www.continente.pt/dw/image/v2/BDVS_PRD/on/demandware.static/-/Sites-col-master-catalog/default/dwb009a8e5/images/col/705/7050814-hero.jpg?sw=280&sh=280,emb. 50 ml,https://www.continente.pt/produto/vaselina-original-vaseline-7050814.html,higiene-beleza,2025-04-21,Continente
Gel de Limpeza,7736943,2.99,"€14,95/un",MyLabel,Beleza e Higiene/Rosto/Limpeza,https://www.continente.pt/dw/image/v2/BDVS_PRD/on/demandware.static/-/Sites-col-master-catalog/default/dwa5a0f4eb/images/col/773/7736943-frente.jpg?sw=280&sh=280,emb. 200 ml,https://www.continente.pt/produto/gel-de-limpeza-mylabel-7736943.html,higiene-beleza,2025-04-21,Continente
Desodorizante Stick Black,7944769,2.99,"€59,80/lt",Axe,Beleza e Higiene/Homem/Desodorizantes,https://www.continente.pt/dw/image/v2/BDVS_PRD/on/demandware.static/-/Sites-col-master-catalog/default/dw5922a16f/images/col/794/7944769-hero.png?sw=280&sh=280,emb. 50 ml,https://www.continente.pt/produto/desodorizante-stick-black-axe-7944769.html,higiene-beleza,2025-04-21,Continente
Champô Ultra Suave Tesouros de Mel,7413977,14.92,"€8,29/lt",Garnier,Beleza e Higiene/Cabelo/Champôs,https://www.continente.pt/dw/image/v2/BDVS_PRD/on/demandware.static/-/Sites-col-master-catalog/default/dw1e4787cd/images/col/741/7413977-hero.jpg?sw=280&sh=280,emb. 3 x 600 ml,https://www.continente.pt/produto/champo-ultra-suave-tesouros-de-mel-garnier-7413977.html,higiene-beleza,2025-04-21,Continente
Coloração Permanente Caju 5.5,2053155,9.99,"€9,99/un",Koleston,Beleza e Higiene/Cabelo/Colorações,https://www.continente.pt/dw/image/v2/BDVS_PRD/on/demandware.static/-/Sites-col-master-catalog/default/dwa850195e/images/col/205/2053155-direito.jpg?sw=280&sh=280,emb. 1 un,https://www.continente.pt/produto/coloracao-permanente-caju-5.5-koleston-2053155.html,higiene-beleza,2025-04-21,Continente
Gel Cabelo Fixação Normal,7049706,1.29,"€6,45/lt",MyLabel,Beleza e Higiene/Homem/Cabelo,https://www.continente.pt/dw/image/v2/BDVS_PRD/on/demandware.static/-/Sites-col-master-catalog/default/dw227d2b39/images/col/704/7049706-frente.jpg?sw=280&sh=280,emb. 200 ml,https://www.continente.pt/produto/gel-cabelo-fixacao-normal-mylabel-7049706.html,higiene-beleza,2025-04-21,Continente
Pasta de Dentes Periogard Gengivas e Branqueamento,7512083,4.19,"€55,87/lt",Colgate,Beleza e Higiene/Higiene Oral/Pastas de Dentes,https://www.continente.pt/dw/image/v2/BDVS_PRD/on/demandware.static/-/Sites-col-master-catalog/default/dw87c3c475/images/col/751/7512083-hero.png?sw=280&sh=280,emb. 75 ml,https://www.continente.pt/produto/pasta-de-dentes-periogard-gengivas-e-branqueamento-colgate-7512083.html,higiene-beleza,2025-04-21,Continente
Gel de Banho Aromas Relaxante,7682660,2.99,"€5,98/lt",Feno,Beleza e Higiene/Corpo/Gel de Banho,https://www.continente.pt/dw/image/v2/BDVS_PRD/on/demandware.static/-/Sites-col-master-catalog/default/dw948a40d3/images/col/768/7682660-frente.jpg?sw=280&sh=280,emb. 500 ml,https://www.continente.pt/produto/gel-de-banho-aromas-relaxante-feno-7682660.html,higiene-beleza,2025-04-21,Continente
Pasta de Dentes Pro-Expert Limpeza Profunda,5386943,2.99,"€39,87/lt",Oral-B,Beleza e Higiene/Higiene Oral/Pastas de Dentes,https://www.continente.pt/dw/image/v2/BDVS_PRD/on/demandware.static/-/Sites-col-master-catalog/default/dw894f91ec/images/col/538/5386943-hero.png?sw=280&sh=280,emb. 75 ml,https://www.continente.pt/produto/pasta-de-dentes-pro-expert-limpeza-profunda-oral-b-5386943.html,higiene-beleza,2025-04-21,Continente
Pasta de Dentes Carvão,7508085,1.79,"€14,32/lt",Continente,Beleza e Higiene/Higiene Oral/Pastas de Dentes,https://www.continente.pt/dw/image/v2/BDVS_PRD/on/demandware.static/-/Sites-col-master-catalog/default/dw4ae2739e/images/col/750/7508085-frente.jpg?sw=280&sh=280,emb. 125 ml,https://www.continente.pt/produto/pasta-de-dentes-carvao-continente-7508085.html,higiene-beleza,2025-04-21,Continente
Champô Anticaspa Fructis,5830211,5.99,"€14,98/lt",Garnier,Beleza e Higiene/Cabelo/Champôs,https://www.continente.pt/dw/image/v2/BDVS_PRD/on/demandware.static/-/Sites-col-master-catalog/default/dwfc9e2269/images/col/583/5830211-frente.jpg?sw=280&sh=280,emb. 400 ml,https://www.continente.pt/produto/champo-anticaspa-fructis-garnier-5830211.html,higiene-beleza,2025-04-21,Continente
Champô Anticaspa Limpeza Profunda,7217399,4.94,"€13,72/lt",Linic,Beleza e Higiene/Homem/Cabelo,https://www.continente.pt/dw/image/v2/BDVS_PRD/on/demandware.static/-/Sites-col-master-catalog/default/dwf7a2edcb/images/col/721/7217399-hero.png?sw=280&sh=280,emb. 360 ml,https://www.continente.pt/produto/champo-anticaspa-limpeza-profunda-linic-7217399.html,higiene-beleza,2025-04-21,Continente
Cuecas Incontinência Discreet M,8193831,7.59,"€0,84/un",Continente,Beleza e Higiene/Higiene Íntima/Incontinência/Cuecas Incontinência,https://www.continente.pt/dw/image/v2/BDVS_PRD/on/demandware.static/-/Sites-col-master-catalog/default/dw99173916/images/col/819/8193831-frente.jpg?sw=280&sh=280,emb. 9 un,https://www.continente.pt/produto/cuecas-incontinencia-discreet-m-continente-8193831.html,higiene-beleza,2025-04-21,Continente
Desodorizante Stick Captain,6916990,3.56,"€71,20/lt",Old Spice,Beleza e Higiene/Homem/Desodorizantes,https://www.continente.pt/dw/image/v2/BDVS_PRD/on/demandware.static/-/Sites-col-master-catalog/default/dwcf5d6bdc/images/col/691/6916990-hero.png?sw=280&sh=280,emb. 50 ml,https://www.continente.pt/produto/desodorizante-stick-captain-old-spice-6916990.html,higiene-beleza,2025-04-21,Continente
Champô Seco Cherry,7072128,3.67,"€18,35/lt",Batiste,Beleza e Higiene/Cabelo/Champôs,https://www.continente.pt/dw/image/v2/BDVS_PRD/on/demandware.static/-/Sites-col-master-catalog/default/dw00b209c3/images/col/707/7072128-cima.jpg?sw=280&sh=280,emb. 200 ml,https://www.continente.pt/produto/champo-seco-cherry-batiste-7072128.html,higiene-beleza,2025-04-21,Continente
Creme de Mãos e Unhas,6412845,0.99,"€33,00/lt",MyLabel,Beleza e Higiene/Corpo/Cuidados de Mãos e Pés,https://www.continente.pt/dw/image/v2/BDVS_PRD/on/demandware.static/-/Sites-col-master-catalog/default/dwee60104d/images/col/641/6412845-frente.jpg?sw=280&sh=280,emb. 30 ml,https://www.continente.pt/produto/creme-de-maos-e-unhas-mylabel-6412845.html,higiene-beleza,2025-04-21,Continente
Laca Cabelo Fixação Normal,3867567,1.49,"€4,97/lt",MyLabel,"Beleza e Higiene/Cabelo/Spray, Espuma, Creme e Gel/Laca e Spray",https://www.continente.pt/dw/image/v2/BDVS_PRD/on/demandware.static/-/Sites-col-master-catalog/default/dwfda7f5d5/images/col/386/3867567-frente.jpg?sw=280&sh=280,emb. 300 ml,https://www.continente.pt/produto/laca-cabelo-fixacao-normal-mylabel-3867567.html,higiene-beleza,2025-04-21,Continente
Desodorizante Roll On Hyaluronic,7719749,2.24,"€44,80/un",Bioten,Beleza e Higiene/Corpo/Desodorizantes,https://www.continente.pt/dw/image/v2/BDVS_PRD/on/demandware.static/-/Sites-col-master-catalog/default/dw95049a2f/images/col/771/7719749-frente.jpg?sw=280&sh=280,emb. 50 ml,https://www.continente.pt/produto/desodorizante-roll-on-hyaluronic-bioten-7719749.html,higiene-beleza,2025-04-21,Continente
Escova de Dentes Efeito Branqueador Média,5872239,1.49,"€0,75/un",Continente,Beleza e Higiene/Higiene Oral/Escovas de Dentes,https://www.continente.pt/dw/image/v2/BDVS_PRD/on/demandware.static/-/Sites-col-master-catalog/default/dw1e8a875c/images/col/587/5872239-frente.jpg?sw=280&sh=280,emb. 2 un,https://www.continente.pt/produto/escova-de-dentes-efeito-branqueador-media-continente-5872239.html,higiene-beleza,2025-04-21,Continente
Desodorizante Roll On Black & White,5473289,2.54,"€50,80/lt",Nivea,Beleza e Higiene/Corpo/Desodorizantes,https://www.continente.pt/dw/image/v2/BDVS_PRD/on/demandware.static/-/Sites-col-master-catalog/default/dwe2d989b6/images/col/547/5473289-hero.jpg?sw=280&sh=280,emb. 50 ml,https://www.continente.pt/produto/desodorizante-roll-on-black-white-nivea-5473289.html,higiene-beleza,2025-04-21,Continente
Champô Gliss Aqua Revive,8018661,3.69,"€9,22/lt",Schwarzkopf,Beleza e Higiene/Cabelo/Champôs,https://www.continente.pt/dw/image/v2/BDVS_PRD/on/demandware.static/-/Sites-col-master-catalog/default/dw6f6a3a15/images/col/801/8018661-frente.png?sw=280&sh=280,emb. 400 ml,https://www.continente.pt/produto/champo-gliss-aqua-revive-schwarzkopf-8018661.html,higiene-beleza,2025-04-21,Continente
Sabonete Sólido Soft Glow,7625767,3.99,"€11,08/kg",Lux,Beleza e Higiene/Corpo/Sabonetes,https://www.continente.pt/dw/image/v2/BDVS_PRD/on/demandware.static/-/Sites-col-master-catalog/default/dw97f0a35b/images/col/762/7625767-hero.jpg?sw=280&sh=280,emb. 4 x 90 gr,https://www.continente.pt/produto/sabonete-solido-soft-glow-lux-7625767.html,higiene-beleza,2025-04-21,Continente
Exfoliante Corpo Cherry Blossom Moment,7347926,4.24,"€10,60/lt",MyLabel,Beleza e Higiene/Corpo/Cremes e Loções,https://www.continente.pt/dw/image/v2/BDVS_PRD/on/demandware.static/-/Sites-col-master-catalog/default/dw123231b0/images/col/734/7347926-frente.jpg?sw=280&sh=280,emb. 400 ml,https://www.continente.pt/produto/exfoliante-corpo-cherry-blossom-moment-mylabel-7347926.html,higiene-beleza,2025-04-21,Continente
Lâminas Descartáveis Extra 2 Sensitive,2605126,8.09,"€0,81/un",Wilkinson,Beleza e Higiene/Homem/Barba,https://www.continente.pt/dw/image/v2/BDVS_PRD/on/demandware.static/-/Sites-col-master-catalog/default/dwf3eee217/images/col/260/2605126-frente.jpg?sw=280&sh=280,emb. 15 un,https://www.continente.pt/produto/laminas-descartaveis-extra-2-sensitive-wilkinson-2605126.html,higiene-beleza,2025-04-21,Continente
Champô Fructis Método Caracóis,7970656,4.49,"€22,45/lt",Garnier,Beleza e Higiene/Cabelo/Champôs,https://www.continente.pt/dw/image/v2/BDVS_PRD/on/demandware.static/-/Sites-col-master-catalog/default/dw7d7da85b/images/col/797/7970656-hero.jpg?sw=280&sh=280,emb. 200 ml,https://www.continente.pt/produto/champo-fructis-metodo-caracois-garnier-7970656.html,higiene-beleza,2025-04-21,Continente
Champô Pro-V Active Nutri-Plex Miracle Repara e Protege,8154228,4.94,"€19,76/lt",Pantene,Beleza e Higiene/Cabelo/Champôs,https://www.continente.pt/dw/image/v2/BDVS_PRD/on/demandware.static/-/Sites-col-master-catalog/default/dw06886b99/images/col/815/8154228-hero.png?sw=280&sh=280,emb. 250 ml,https://www.continente.pt/produto/champo-pro-v-active-nutri-plex-miracle-repara-e-protege-pantene-8154228.html,higiene-beleza,2025-04-21,Continente
Creme Corpo Hidratante Miniatura,5057209,1.99,"€66,33/lt",Nivea,Beleza e Higiene/Corpo/Cremes e Loções,https://www.continente.pt/dw/image/v2/BDVS_PRD/on/demandware.static/-/Sites-col-master-catalog/default/dw346063f4/images/col/505/5057209-hero.jpg?sw=280&sh=280,emb. 30 ml,https://www.continente.pt/produto/creme-corpo-hidratante-miniatura-nivea-5057209.html,higiene-beleza,2025-04-21,Continente
Recarga Escova de Dentes Elétrica Precision Clean,7227951,11.89,"€5,95/un",Oral-B,Beleza e Higiene/Higiene Oral/Escovas de Dentes,https://www.continente.pt/dw/image/v2/BDVS_PRD/on/demandware.static/-/Sites-col-master-catalog/default/dwf1cb3999/images/col/722/7227951-hero.png?sw=280&sh=280,emb. 2 un,https://www.continente.pt/produto/recarga-escova-de-dentes-eletrica-precision-clean-oral-b-7227951.html,higiene-beleza,2025-04-21,Continente
Gel de Barbear Men Protect & Care Suave,4129926,6.29,"€31,45/lt",Nivea,Beleza e Higiene/Homem/Barba,https://www.continente.pt/dw/image/v2/BDVS_PRD/on/demandware.static/-/Sites-col-master-catalog/default/dw0b360ecd/images/col/412/4129926-frente.jpg?sw=280&sh=280,emb. 200 ml,https://www.continente.pt/produto/gel-de-barbear-men-protect-care-suave-nivea-4129926.html,higiene-beleza,2025-04-21,Continente
Lápis de Sobrancelhas Brow Ultra Slim Light Blonde 00,7028732,5.62,"€5,62/un",Maybelline New York,Beleza e Higiene/Maquilhagem/Olhos,https://www.continente.pt/dw/image/v2/BDVS_PRD/on/demandware.static/-/Sites-col-master-catalog/default/dw75ea0891/images/col/702/7028732-frente.jpg?sw=280&sh=280,emb. 1 un,https://www.continente.pt/produto/lapis-de-sobrancelhas-brow-ultra-slim-light-blonde-00-maybelline-new-york-7028732.html,higiene-beleza,2025-04-21,Continente
Coloração Permanente Intensive Louro Claro Cendre 8.1,7302127,3.59,"€3,59/un",Palette,Beleza e Higiene/Cabelo/Colorações,https://www.continente.pt/dw/image/v2/BDVS_PRD/on/demandware.static/-/Sites-col-master-catalog/default/dw59de7b35/images/col/730/7302127-esquerdo.jpg?sw=280&sh=280,emb. 1 un,https://www.continente.pt/produto/coloracao-permanente-intensive-louro-claro-cendre-8.1-palette-7302127.html,higiene-beleza,2025-04-21,Continente
Creme de Mãos SOS,5643743,1.98,"€39,60/lt",Bioten,Beleza e Higiene/Corpo/Cuidados de Mãos e Pés,https://www.continente.pt/dw/image/v2/BDVS_PRD/on/demandware.static/-/Sites-col-master-catalog/default/dw3892d265/images/col/564/5643743-frente.jpg?sw=280&sh=280,emb. 50 ml,https://www.continente.pt/produto/creme-de-maos-sos-bioten-5643743.html,higiene-beleza,2025-04-21,Continente
Gel de Banho 3 em 1 Pure Game,7165398,3.59,"€8,97/lt",Adidas,Beleza e Higiene/Homem/Gel de Banho,https://www.continente.pt/dw/image/v2/BDVS_PRD/on/demandware.static/-/Sites-col-master-catalog/default/dw9dd191f6/images/col/716/7165398-frente.jpg?sw=280&sh=280,emb. 400 ml,https://www.continente.pt/produto/gel-de-banho-3-em-1-pure-game-adidas-7165398.html,higiene-beleza,2025-04-21,Continente
Pasta de Dentes Tastepaste Alcaçuz e Menta Fresca,8066013,1.86,"€37,20/lt",Jordan,Beleza e Higiene/Higiene Oral/Pastas de Dentes,https://www.continente.pt/dw/image/v2/BDVS_PRD/on/demandware.static/-/Sites-col-master-catalog/default/dw1d5d6db3/images/col/806/8066013-frente.jpg?sw=280&sh=280,emb. 50 ml,https://www.continente.pt/produto/pasta-de-dentes-tastepaste-alcacuz-e-menta-fresca-jordan-8066013.html,higiene-beleza,2025-04-21,Continente
Champô Elvive Glycolic Gloss,7970780,4.92,"€24,60/lt",LOréal Paris,Beleza e Higiene/Cabelo/Champôs,https://www.continente.pt/dw/image/v2/BDVS_PRD/on/demandware.static/-/Sites-col-master-catalog/default/dw50a97b62/images/col/797/7970780-hero.jpg?sw=280&sh=280,emb. 200 ml,https://www.continente.pt/produto/champo-elvive-glycolic-gloss-loreal-paris-7970780.html,higiene-beleza,2025-04-21,Continente
Tratamento Cabelo Intensivo 1 Minute Wow Repair,7757286,4.79,"€28,18/lt",Tresemmé,Beleza e Higiene/Cabelo/Condicionadores,https://www.continente.pt/dw/image/v2/BDVS_PRD/on/demandware.static/-/Sites-col-master-catalog/default/dw5ad726e6/images/col/775/7757286-hero.jpg?sw=280&sh=280,emb. 170 ml,https://www.continente.pt/produto/tratamento-cabelo-intensivo-1-minute-wow-repair-tresemme-7757286.html,higiene-beleza,2025-04-21,Continente
Batom do Cieiro Morango,7744091,2.99,"€2,99/un",Bee Natural,Beleza e Higiene/Rosto/Lábios,https://www.continente.pt/dw/image/v2/BDVS_PRD/on/demandware.static/-/Sites-col-master-catalog/default/dwd237126d/images/col/774/7744091-frente.jpg?sw=280&sh=280,emb. 1 un,https://www.continente.pt/produto/batom-do-cieiro-morango-bee-natural-7744091.html,higiene-beleza,2025-04-21,Continente
Tampão Digital Normal,7812055,2.09,"€0,13/un",Continente,Beleza e Higiene/Higiene Íntima/Tampões,https://www.continente.pt/dw/image/v2/BDVS_PRD/on/demandware.static/-/Sites-col-master-catalog/default/dw299e6485/images/col/781/7812055-frente.jpg?sw=280&sh=280,emb. 16 un,https://www.continente.pt/produto/tampao-digital-normal-continente-7812055.html,higiene-beleza,2025-04-21,Continente
Champô Elvive Hidra Hialurónico Refill,8286240,3.89,"€7,78/lt",LOréal Paris,Beleza e Higiene/Cabelo/Champôs,https://www.continente.pt/dw/image/v2/BDVS_PRD/on/demandware.static/-/Sites-col-master-catalog/default/dw74dd4c90/images/col/828/8286240-hero-1.jpg?sw=280&sh=280,emb. 500 ml,https://www.continente.pt/produto/champo-elvive-hidra-hialuronico-refill-loreal-paris-8286240.html,higiene-beleza,2025-04-21,Continente
Toalhitas Refrescantes,7658255,2.17,"€0,05/un",Nivea,Beleza e Higiene/Rosto/Limpeza,https://www.continente.pt/dw/image/v2/BDVS_PRD/on/demandware.static/-/Sites-col-master-catalog/default/dwc91231b0/images/col/765/7658255-hero.jpg?sw=280&sh=280,emb. 40 un,https://www.continente.pt/produto/toalhitas-refrescantes-nivea-7658255.html,higiene-beleza,2025-04-21,Continente
Sabonete Sólido Purificante Carvão,8120440,0.99,"€0,99/un",MyLabel,Beleza e Higiene/Corpo/Sabonetes,https://www.continente.pt/dw/image/v2/BDVS_PRD/on/demandware.static/-/Sites-col-master-catalog/default/dw399f02e9/images/col/812/8120440-frente.png?sw=280&sh=280,emb. 90 gr,https://www.continente.pt/produto/sabonete-solido-purificante-carvao-mylabel-8120440.html,higiene-beleza,2025-04-21,Continente
Verniz de Unhas Fast Gel 10,7742704,3.5,"€3,50/un",Maybelline New York,Beleza e Higiene/Maquilhagem/Unhas,https://www.continente.pt/dw/image/v2/BDVS_PRD/on/demandware.static/-/Sites-col-master-catalog/default/dw23fd4dc4/images/col/774/7742704-frente.jpg?sw=280&sh=280,emb. 1 un,https://www.continente.pt/produto/verniz-de-unhas-fast-gel-10-maybelline-new-york-7742704.html,higiene-beleza,2025-04-21,Continente
Protetor Solar Loção Sun Protect & Moisture FPS 30,6217716,14.09,"€35,22/lt",Nivea,Beleza e Higiene/Corpo/Protetores Solares e Bronzeadores/Protetores Solares Corpo,https://www.continente.pt/dw/image/v2/BDVS_PRD/on/demandware.static/-/Sites-col-master-catalog/default/dwfefcbc81/images/col/621/6217716-hero.jpg?sw=280&sh=280,emb. 400 ml,https://www.continente.pt/produto/protetor-solar-locao-sun-protect-moisture-fps-30-nivea-6217716.html,higiene-beleza,2025-04-21,Continente
Desodorizante Roll On Total Protection,8177736,1.74,"€34,80/lt",Sanex,Beleza e Higiene/Corpo/Desodorizantes,https://www.continente.pt/dw/image/v2/BDVS_PRD/on/demandware.static/-/Sites-col-master-catalog/default/dw588e538d/images/col/817/8177736-hero.png?sw=280&sh=280,emb. 50 ml,https://www.continente.pt/produto/desodorizante-roll-on-total-protection-sanex-8177736.html,higiene-beleza,2025-04-21,Continente
Gel de Banho Amêndoas Doces,6639858,5.49,"€10,98/lt",Corine de Farme,Beleza e Higiene/Corpo/Gel de Banho,https://www.continente.pt/dw/image/v2/BDVS_PRD/on/demandware.static/-/Sites-col-master-catalog/default/dwfe9a48e7/images/col/663/6639858-frente.jpg?sw=280&sh=280,emb. 500 ml,https://www.continente.pt/produto/gel-de-banho-amendoas-doces-corine-de-farme-6639858.html,higiene-beleza,2025-04-21,Continente
Máscara Facial Pérola,7983890,1.99,"€104,74/kg",Missha,Beleza e Higiene/Rosto/Hidratação,https://www.continente.pt/dw/image/v2/BDVS_PRD/on/demandware.static/-/Sites-col-master-catalog/default/dweef14080/images/col/798/7983890-frente.jpg?sw=280&sh=280,emb. 19 gr,https://www.continente.pt/produto/mascara-facial-perola-missha-7983890.html,higiene-beleza,2025-04-21,Continente
Papel Higiénico 3 Folhas Pure Natural,8146886,14.28,"€0,79/un",Colhogar,"Beleza e Higiene/Papel Higiénico/Papel Higiénico 3, 4 e 5 Folhas",https://www.continente.pt/dw/image/v2/BDVS_PRD/on/demandware.static/-/Sites-col-master-catalog/default/dw2ce4e854/images/col/814/8146886-hero.png?sw=280&sh=280,emb. 3 x 6 rolos,https://www.continente.pt/produto/papel-higienico-3-folhas-pure-natural-colhogar-8146886.html,higiene-beleza,2025-04-21,Continente
Verniz de Unhas Spaghetti 16,5009525,7.99,"€7,99/un",Essie,Beleza e Higiene/Maquilhagem/Unhas,https://www.continente.pt/dw/image/v2/BDVS_PRD/on/demandware.static/-/Sites-col-master-catalog/default/dw670214f0/images/col/500/5009525-frente.jpg?sw=280&sh=280,"emb. 13,5 ml",https://www.continente.pt/produto/verniz-de-unhas-spaghetti-16-essie-5009525.html,higiene-beleza,2025-04-21,Continente
Protetor Solar Creme com Cor FPS 30+,8067450,4.79,"€47,90/lt",MyLabel,Beleza e Higiene/Corpo/Protetores Solares e Bronzeadores/Protetores Solares Corpo,https://www.continente.pt/dw/image/v2/BDVS_PRD/on/demandware.static/-/Sites-col-master-catalog/default/dw243784c5/images/col/806/8067450-frente.jpg?sw=280&sh=280,emb. 100 ml,https://www.continente.pt/produto/protetor-solar-creme-com-cor-fps-30-mylabel-8067450.html,higiene-beleza,2025-04-21,Continente
Lâminas Descartáveis Blue3 Smooth,5268335,5.49,"€1,37/un",Gillette,Beleza e Higiene/Homem/Barba,https://www.continente.pt/dw/image/v2/BDVS_PRD/on/demandware.static/-/Sites-col-master-catalog/default/dw46cbdd19/images/col/526/5268335-frente.jpg?sw=280&sh=280,emb. 5 un,https://www.continente.pt/produto/laminas-descartaveis-blue3-smooth-gillette-5268335.html,higiene-beleza,2025-04-21,Continente
Lip Gloss Oh My Gloss Ooh La La 500,5619277,5.29,"€5,30/un",Rimmel,Beleza e Higiene/Maquilhagem/Lábios,https://www.continente.pt/dw/image/v2/BDVS_PRD/on/demandware.static/-/Sites-col-master-catalog/default/dw5e66109e/images/col/561/5619277-frente.jpg?sw=280&sh=280,emb. 1 un,https://www.continente.pt/produto/lip-gloss-oh-my-gloss-ooh-la-la-500-rimmel-5619277.html,higiene-beleza,2025-04-21,Continente
Pente Cabelo Escarpidor,5818683,1.25,"€1,25/un",MyLabel,Beleza e Higiene/Cabelo/Acessórios,https://www.continente.pt/dw/image/v2/BDVS_PRD/on/demandware.static/-/Sites-col-master-catalog/default/dwf48dc748/images/col/581/5818683-frente.jpg?sw=280&sh=280,emb. 1 un,https://www.continente.pt/produto/pente-cabelo-escarpidor-mylabel-5818683.html,higiene-beleza,2025-04-21,Continente
Sérum de Rosto Cellular Luminous 630 Antimanchas,7341888,17.54,"€584,67/lt",Nivea,Beleza e Higiene/Rosto/Antirrugas e Refirmantes,https://www.continente.pt/dw/image/v2/BDVS_PRD/on/demandware.static/-/Sites-col-master-catalog/default/dw1ca8d5b6/images/col/734/7341888-hero.jpg?sw=280&sh=280,emb. 30 ml,https://www.continente.pt/produto/serum-de-rosto-cellular-luminous-630-antimanchas-nivea-7341888.html,higiene-beleza,2025-04-21,Continente
Pensos Incontinência Discreet Mini Plus,7995919,4.11,"€0,21/un",Ausonia Discreet,Beleza e Higiene/Higiene Íntima/Incontinência/Pensos Incontinência,https://www.continente.pt/dw/image/v2/BDVS_PRD/on/demandware.static/-/Sites-col-master-catalog/default/dwdfb5697a/images/col/799/7995919-frente.jpg?sw=280&sh=280,emb. 20 un,https://www.continente.pt/produto/pensos-incontinencia-discreet-mini-plus-ausonia-discreet-7995919.html,higiene-beleza,2025-04-21,Continente
Lápis de Olhos Long Lasting 09,4440184,1.89,"€1,89/un",Essence,Beleza e Higiene/Maquilhagem/Olhos,https://www.continente.pt/dw/image/v2/BDVS_PRD/on/demandware.static/-/Sites-col-master-catalog/default/dwf39c1f73/images/col/444/4440184-frente.jpg?sw=280&sh=280,emb. 1 un,https://www.continente.pt/produto/lapis-de-olhos-long-lasting-09-essence-4440184.html,higiene-beleza,2025-04-21,Continente
Pasta de Dentes Bebé 0 a 2 Anos Maçã,8164099,1.59,"€21,20/lt",Continente do Bebé,Beleza e Higiene/Higiene Oral/Higiene Oral Infantil,https://www.continente.pt/dw/image/v2/BDVS_PRD/on/demandware.static/-/Sites-col-master-catalog/default/dwb6670951/images/col/816/8164099-frente.jpg?sw=280&sh=280,emb. 75 ml,https://www.continente.pt/produto/pasta-de-dentes-bebe-0-a-2-anos-maca-continente-do-bebe-8164099.html,higiene-beleza,2025-04-21,Continente
Pensos Incontinência Silhouette Normal Preto,7120417,3.18,"€0,12/un",Tena,Beleza e Higiene/Higiene Íntima/Incontinência/Pensos Incontinência,https://www.continente.pt/dw/image/v2/BDVS_PRD/on/demandware.static/-/Sites-col-master-catalog/default/dw0bbf3649/images/col/712/7120417-hero.jpg?sw=280&sh=280,emb. 26 un,https://www.continente.pt/produto/pensos-incontinencia-silhouette-normal-preto-tena-7120417.html,higiene-beleza,2025-04-21,Continente
Pensos Higiénicos Ultrafina Normal com Abas,4649655,2.29,"€0,16/un",Ausonia,Beleza e Higiene/Higiene Íntima/Pensos e Cuecas Menstruais,https://www.continente.pt/dw/image/v2/BDVS_PRD/on/demandware.static/-/Sites-col-master-catalog/default/dwf6f843f6/images/col/464/4649655-hero.jpg?sw=280&sh=280,emb. 14 un,https://www.continente.pt/produto/pensos-higienicos-ultrafina-normal-com-abas-ausonia-4649655.html,higiene-beleza,2025-04-21,Continente
Gel Cabelo Studio Line Invisi Fix Muito Forte 8,2401811,4.19,"€27,93/lt",LOréal Paris,"Beleza e Higiene/Cabelo/Spray, Espuma, Creme e Gel/Gel e Cera",https://www.continente.pt/dw/image/v2/BDVS_PRD/on/demandware.static/-/Sites-col-master-catalog/default/dw5528972e/images/col/240/2401811-frente.jpg?sw=280&sh=280,emb. 150 ml,https://www.continente.pt/produto/gel-cabelo-studio-line-invisi-fix-muito-forte-8-loreal-paris-2401811.html,higiene-beleza,2025-04-21,Continente
Pinça para Sobrancelhas com Pontas Oblíquas,5809370,2.19,"€2,19/un",MyLabel,Beleza e Higiene/Maquilhagem/Acessórios,https://www.continente.pt/dw/image/v2/BDVS_PRD/on/demandware.static/-/Sites-col-master-catalog/default/dw391c2583/images/col/580/5809370-cima.jpg?sw=280&sh=280,emb. 1 un,https://www.continente.pt/produto/pinca-para-sobrancelhas-com-pontas-obliquas-mylabel-5809370.html,higiene-beleza,2025-04-21,Continente
Protetores de Ouvidos,6604442,0.99,"€0,25/un",Continente,Beleza e Higiene/Lenços e Cuidados de Saúde/Cuidados de Saúde,https://www.continente.pt/dw/image/v2/BDVS_PRD/on/demandware.static/-/Sites-col-master-catalog/default/dwc20fa2ed/images/col/660/6604442-frente.jpg?sw=280&sh=280,emb. 4 un,https://www.continente.pt/produto/protetores-de-ouvidos-continente-6604442.html,higiene-beleza,2025-04-21,Continente
Sabonete Sólido Hidratante,6291642,1.58,"€15,80/kg",Confiança,Beleza e Higiene/Corpo/Sabonetes,https://www.continente.pt/dw/image/v2/BDVS_PRD/on/demandware.static/-/Sites-col-master-catalog/default/dw044ce410/images/col/629/6291642-frente.jpg?sw=280&sh=280,emb. 100 gr,https://www.continente.pt/produto/sabonete-solido-hidratante-confianca-6291642.html,higiene-beleza,2025-04-21,Continente
Champô Gliss Oil Nutritive,4150188,2.78,"€11,12/lt",Schwarzkopf,Beleza e Higiene/Cabelo/Champôs,https://www.continente.pt/dw/image/v2/BDVS_PRD/on/demandware.static/-/Sites-col-master-catalog/default/dwb2a794e6/images/col/415/4150188-frente.jpg?sw=280&sh=280,emb. 250 ml,https://www.continente.pt/produto/champo-gliss-oil-nutritive-schwarzkopf-4150188.html,higiene-beleza,2025-04-21,Continente
Condicionador Pro-V Active Nutri-Plex Longo Infinito,8154219,3.96,"€14,40/lt",Pantene,Beleza e Higiene/Cabelo/Condicionadores,https://www.continente.pt/dw/image/v2/BDVS_PRD/on/demandware.static/-/Sites-col-master-catalog/default/dw8d6c2a21/images/col/815/8154219-hero.png?sw=280&sh=280,emb. 275 ml,https://www.continente.pt/produto/condicionador-pro-v-active-nutri-plex-longo-infinito-pantene-8154219.html,higiene-beleza,2025-04-21,Continente
Champô Biotin Repair,8015808,5.99,"€8,74/lt",Tresemmé,Beleza e Higiene/Cabelo/Champôs,https://www.continente.pt/dw/image/v2/BDVS_PRD/on/demandware.static/-/Sites-col-master-catalog/default/dw4d3e55b2/images/col/801/8015808-hero.png?sw=280&sh=280,emb. 685 ml,https://www.continente.pt/produto/champo-biotin-repair-tresemme-8015808.html,higiene-beleza,2025-04-21,Continente
Pasta de Dentes Regenera e Remineraliza,8385512,5.75,"€76,67/lt",Oral-B,Beleza e Higiene/Higiene Oral/Pastas de Dentes,https://www.continente.pt/dw/image/v2/BDVS_PRD/on/demandware.static/-/Sites-col-master-catalog/default/dw6ee24a92/images/col/838/8385512-hero.png?sw=280&sh=280,emb. 75 ml,https://www.continente.pt/produto/pasta-de-dentes-regenera-e-remineraliza-oral-b-8385512.html,higiene-beleza,2025-04-21,Continente
Desodorizante Stick Derma Control,7998472,2.99,"€59,80/lt",Nivea,Beleza e Higiene/Corpo/Desodorizantes,https://www.continente.pt/dw/image/v2/BDVS_PRD/on/demandware.static/-/Sites-col-master-catalog/default/dw47b36116/images/col/799/7998472-hero.jpg?sw=280&sh=280,emb. 50 ml,https://www.continente.pt/produto/desodorizante-stick-derma-control-nivea-7998472.html,higiene-beleza,2025-04-21,Continente
Champô Anticaspa Antiqueda,7984515,4.94,"€14,97/lt",H&S,Beleza e Higiene/Homem/Cabelo,https://www.continente.pt/dw/image/v2/BDVS_PRD/on/demandware.static/-/Sites-col-master-catalog/default/dw353fc7d0/images/col/798/7984515-frente.png?sw=280&sh=280,emb. 330 ml,https://www.continente.pt/produto/champo-anticaspa-antiqueda-h-s-7984515.html,higiene-beleza,2025-04-21,Continente
Pasta de Dentes Total Avançada Dentes Sensíveis,7510930,3.49,"€46,53/lt",Colgate,Beleza e Higiene/Higiene Oral/Pastas de Dentes,https://www.continente.pt/dw/image/v2/BDVS_PRD/on/demandware.static/-/Sites-col-master-catalog/default/dw1946915a/images/col/751/7510930-frente-1.png?sw=280&sh=280,emb. 75 ml,https://www.continente.pt/produto/pasta-de-dentes-total-avancada-dentes-sensiveis-colgate-7510930.html,higiene-beleza,2025-04-21,Continente
Batom do Cieiro para Homem,7837710,4.69,"€4,69/un",Labello,Beleza e Higiene/Rosto/Lábios,https://www.continente.pt/dw/image/v2/BDVS_PRD/on/demandware.static/-/Sites-col-master-catalog/default/dw8d49f24f/images/col/783/7837710-frente-1.jpg?sw=280&sh=280,emb. 1 un,https://www.continente.pt/produto/batom-do-cieiro-para-homem-labello-7837710.html,higiene-beleza,2025-04-21,Continente
Tampão Digital Super,7812057,2.09,"€0,13/un",Continente,Beleza e Higiene/Higiene Íntima/Tampões,https://www.continente.pt/dw/image/v2/BDVS_PRD/on/demandware.static/-/Sites-col-master-catalog/default/dw71d1415b/images/col/781/7812057-frente.jpg?sw=280&sh=280,emb. 16 un,https://www.continente.pt/produto/tampao-digital-super-continente-7812057.html,higiene-beleza,2025-04-21,Continente
Champô Anticaspa Classic 2 em 1,7984495,3.99,"€15,96/lt",H&S,Beleza e Higiene/Homem/Cabelo,https://www.continente.pt/dw/image/v2/BDVS_PRD/on/demandware.static/-/Sites-col-master-catalog/default/dw239c5c20/images/col/798/7984495-frente.png?sw=280&sh=280,emb. 250 ml,https://www.continente.pt/produto/champo-anticaspa-classic-2-em-1-h-s-7984495.html,higiene-beleza,2025-04-21,Continente
Champô Brilho e Vitalidade,8404402,1.99,"€2,21/lt",MyLabel,Beleza e Higiene/Cabelo/Champôs,https://www.continente.pt/dw/image/v2/BDVS_PRD/on/demandware.static/-/Sites-col-master-catalog/default/dw53d146b3/images/col/840/8404402-frente.jpg?sw=280&sh=280,emb. 900 ml,https://www.continente.pt/produto/champo-brilho-e-vitalidade-mylabel-8404402.html,higiene-beleza,2025-04-21,Continente
Mola Cabelo Pequena Metal,7412921,3.49,"€3,49/un",MyLabel,Beleza e Higiene/Cabelo/Acessórios,https://www.continente.pt/dw/image/v2/BDVS_PRD/on/demandware.static/-/Sites-col-master-catalog/default/dw6bd0817e/images/col/741/7412921-frente.jpg?sw=280&sh=280,emb. 1 un,https://www.continente.pt/produto/mola-cabelo-pequena-metal-mylabel-7412921.html,higiene-beleza,2025-04-21,Continente
Elixir Bucal Clorhexidina,8083569,1.99,"€3,98/un",Continente,Beleza e Higiene/Higiene Oral/Elixires Bucais,https://www.continente.pt/dw/image/v2/BDVS_PRD/on/demandware.static/-/Sites-col-master-catalog/default/dw5f3ecde8/images/col/808/8083569-frente.png?sw=280&sh=280,emb. 500 ml,https://www.continente.pt/produto/elixir-bucal-clorhexidina-continente-8083569.html,higiene-beleza,2025-04-21,Continente
Máscara Facial de Tecido Contorno de Olhos Hidrogel Hyaluronic,7714905,1.99,"€1,99/un",Bioten,Beleza e Higiene/Rosto/Máscaras,https://www.continente.pt/dw/image/v2/BDVS_PRD/on/demandware.static/-/Sites-col-master-catalog/default/dw798e4196/images/col/771/7714905-frente.jpg?sw=280&sh=280,emb. 1 un,https://www.continente.pt/produto/mascara-facial-de-tecido-contorno-de-olhos-hidrogel-hyaluronic-bioten-7714905.html,higiene-beleza,2025-04-21,Continente
Desodorizante Roll-On Men Clean Comfort 72h,7968829,2.75,"€55,00/lt",Dove,Beleza e Higiene/Homem/Desodorizantes,https://www.continente.pt/dw/image/v2/BDVS_PRD/on/demandware.static/-/Sites-col-master-catalog/default/dwe684ad6b/images/col/796/7968829-hero.png?sw=280&sh=280,emb. 50 ml,https://www.continente.pt/produto/desodorizante-roll-on-men-clean-comfort-72h-dove-7968829.html,higiene-beleza,2025-04-21,Continente
Desmaquilhante de Olhos e Lábios,8298723,4.99,"€39,92/lt",LOréal Paris,Beleza e Higiene/Rosto/Limpeza,https://www.continente.pt/dw/image/v2/BDVS_PRD/on/demandware.static/-/Sites-col-master-catalog/default/dw89a352b8/images/col/829/8298723-frente.jpg?sw=280&sh=280,emb. 125 ml,https://www.continente.pt/produto/desmaquilhante-de-olhos-e-labios-loreal-paris-8298723.html,higiene-beleza,2025-04-21,Continente
Escova de Dentes Slim Soft,5109462,2.99,"€2,99/un",Colgate,Beleza e Higiene/Higiene Oral/Escovas de Dentes,https://www.continente.pt/dw/image/v2/BDVS_PRD/on/demandware.static/-/Sites-col-master-catalog/default/dwa3e297b5/images/col/510/5109462-hero.jpg?sw=280&sh=280,emb. 1 un,https://www.continente.pt/produto/escova-de-dentes-slim-soft-colgate-5109462.html,higiene-beleza,2025-04-21,Continente
Creme de Mãos Reparador Hidratante 3 em 1,6100374,4.99,"€66,53/lt",Nivea,Beleza e Higiene/Corpo/Cuidados de Mãos e Pés,https://www.continente.pt/dw/image/v2/BDVS_PRD/on/demandware.static/-/Sites-col-master-catalog/default/dw665d0449/images/col/610/6100374-hero.jpg?sw=280&sh=280,emb. 75 ml,https://www.continente.pt/produto/creme-de-maos-reparador-hidratante-3-em-1-nivea-6100374.html,higiene-beleza,2025-04-21,Continente
Sabonete Líquido Óleo de Coco e Leite de Amêndoa,6837277,2.39,"€9,56/lt",Dove,Beleza e Higiene/Corpo/Sabonetes,https://www.continente.pt/dw/image/v2/BDVS_PRD/on/demandware.static/-/Sites-col-master-catalog/default/dw89a8cf65/images/col/683/6837277-frente.jpg?sw=280&sh=280,emb. 250 ml,https://www.continente.pt/produto/sabonete-liquido-oleo-de-coco-e-leite-de-amendoa-dove-6837277.html,higiene-beleza,2025-04-21,Continente
,,0.0,"€9,42/lt",,,https://www.continente.pt/dw/image/v2/BDVS_PRD/on/demandware.static/-/Sites-col-master-catalog/default/dw8f696938/images/col/642/6420801-hero.jpg?sw=280&sh=280,emb. 400 ml,https://www.continente.pt/produto/condicionador-ultra-suave-riqueza-dargao-garnier-6420801.html,higiene-beleza,2025-04-21,Continente
Condicionador Suaviza Rosas,8153964,3.99,"€15,96/lt",Herbal Essences,Beleza e Higiene/Cabelo/Condicionadores,https://www.continente.pt/dw/image/v2/BDVS_PRD/on/demandware.static/-/Sites-col-master-catalog/default/dw44c98496/images/col/815/8153964-frente.png?sw=280&sh=280,emb. 250 ml,https://www.continente.pt/produto/condicionador-suaviza-rosas-herbal-essences-8153964.html,higiene-beleza,2025-04-21,Continente
Escova de Dentes 360 Max White Média,5626052,2.41,"€2,41/un",Colgate,Beleza e Higiene/Higiene Oral/Escovas de Dentes,https://www.continente.pt/dw/image/v2/BDVS_PRD/on/demandware.static/-/Sites-col-master-catalog/default/dw645427d5/images/col/562/5626052-frente-1.png?sw=280&sh=280,emb. 1 un,https://www.continente.pt/produto/escova-de-dentes-360-max-white-media-colgate-5626052.html,higiene-beleza,2025-04-21,Continente
Gel de Limpeza Refrescante,4055023,5.83,"€38,87/lt",Nivea,Beleza e Higiene/Rosto/Limpeza,https://www.continente.pt/dw/image/v2/BDVS_PRD/on/demandware.static/-/Sites-col-master-catalog/default/dw0d3b9a95/images/col/405/4055023-hero.jpg?sw=280&sh=280,emb. 150 ml,https://www.continente.pt/produto/gel-de-limpeza-refrescante-nivea-4055023.html,higiene-beleza,2025-04-21,Continente
Palitos para Cutículas em Madeira,5809373,1.29,"€0,26/un",MyLabel,Beleza e Higiene/Maquilhagem/Acessórios,https://www.continente.pt/dw/image/v2/BDVS_PRD/on/demandware.static/-/Sites-col-master-catalog/default/dw98406c7b/images/col/580/5809373-cima.jpg?sw=280&sh=280,emb. 5 un,https://www.continente.pt/produto/palitos-para-cuticulas-em-madeira-mylabel-5809373.html,higiene-beleza,2025-04-21,Continente
Lápis para Sobrancelhas Micro Precise 03,6869957,2.49,"€2,49/un",Essence,Beleza e Higiene/Maquilhagem/Olhos,https://www.continente.pt/dw/image/v2/BDVS_PRD/on/demandware.static/-/Sites-col-master-catalog/default/dw0f2a5bda/images/col/686/6869957-frente-1.jpg?sw=280&sh=280,emb. 1 un,https://www.continente.pt/produto/lapis-para-sobrancelhas-micro-precise-03-essence-6869957.html,higiene-beleza,2025-04-21,Continente
Água Micelar Tudo em 1,6284484,1.94,"€19,40/lt",Garnier,Beleza e Higiene/Rosto/Limpeza,https://www.continente.pt/dw/image/v2/BDVS_PRD/on/demandware.static/-/Sites-col-master-catalog/default/dwaa8f8317/images/col/628/6284484-frente.jpg?sw=280&sh=280,emb. 100 ml,https://www.continente.pt/produto/agua-micelar-tudo-em-1-garnier-6284484.html,higiene-beleza,2025-04-21,Continente
Champô Nutri Pro-V Repara e Protege 3 em 1,6695617,3.96,"€13,20/lt",Pantene,Beleza e Higiene/Cabelo/Champôs,https://www.continente.pt/dw/image/v2/BDVS_PRD/on/demandware.static/-/Sites-col-master-catalog/default/dw56a2b1d0/images/col/669/6695617-hero.png?sw=280&sh=280,emb. 300 ml,https://www.continente.pt/produto/champo-nutri-pro-v-repara-e-protege-3-em-1-pantene-6695617.html,higiene-beleza,2025-04-21,Continente
Verniz de Unhas Expressie 290,7152566,7.14,"€7,14/un",Essie,Beleza e Higiene/Maquilhagem/Unhas,https://www.continente.pt/dw/image/v2/BDVS_PRD/on/demandware.static/-/Sites-col-master-catalog/default/dw56d71181/images/col/715/7152566-frente.jpg?sw=280&sh=280,emb. 1 un,https://www.continente.pt/produto/verniz-de-unhas-expressie-290-essie-7152566.html,higiene-beleza,2025-04-21,Continente
Fraldas Cuidado Total 2-5kg T1,7454709,12.0,"€0,24/un",Dodot,"Bebé/Fraldas e Toalhitas/Fraldas <2kg/2-5kg/3-6kg (T0, T1 e T2)",https://www.continente.pt/dw/image/v2/BDVS_PRD/on/demandware.static/-/Sites-col-master-catalog/default/dwee69a273/images/col/745/7454709-hero.jpg?sw=280&sh=280,emb. 50 un,https://www.continente.pt/produto/fraldas-cuidado-total-2-5kg-t1-dodot-7454709.html,higiene-beleza,2025-04-21,Continente
Elixir Bucal Mentol,7824615,8.49,"€11,32/lt",Listerine,Beleza e Higiene/Higiene Oral/Elixires Bucais,https://www.continente.pt/dw/image/v2/BDVS_PRD/on/demandware.static/-/Sites-col-master-catalog/default/dwf44ce1a5/images/col/782/7824615-frente.jpg?sw=280&sh=280,emb. 750 ml,https://www.continente.pt/produto/elixir-bucal-mentol-listerine-7824615.html,higiene-beleza,2025-04-21,Continente
Aftershave Bálsamo Men Sensitive Cool,5479198,6.96,"€69,60/lt",Nivea,Beleza e Higiene/Homem/Barba,https://www.continente.pt/dw/image/v2/BDVS_PRD/on/demandware.static/-/Sites-col-master-catalog/default/dwe1b4e17e/images/col/547/5479198-frente.jpg?sw=280&sh=280,emb. 100 ml,https://www.continente.pt/produto/aftershave-balsamo-men-sensitive-cool-nivea-5479198.html,higiene-beleza,2025-04-21,Continente
Champô Liso Keratina Smooth,6423275,3.77,"€9,42/lt",Tresemmé,Beleza e Higiene/Cabelo/Champôs,https://www.continente.pt/dw/image/v2/BDVS_PRD/on/demandware.static/-/Sites-col-master-catalog/default/dw6f0b8ff4/images/col/642/6423275-hero.png?sw=280&sh=280,emb. 400 ml,https://www.continente.pt/produto/champo-liso-keratina-smooth-tresemme-6423275.html,higiene-beleza,2025-04-21,Continente
Pensos Rápidos Sortidos Peles Sensíveis,2196752,0.89,"€0,03/un",Continente,Beleza e Higiene/Lenços e Cuidados de Saúde/Cuidados de Saúde,https://www.continente.pt/dw/image/v2/BDVS_PRD/on/demandware.static/-/Sites-col-master-catalog/default/dw2cf51eee/images/col/219/2196752-frente.jpg?sw=280&sh=280,emb. 30 un,https://www.continente.pt/produto/pensos-rapidos-sortidos-peles-sensiveis-continente-2196752.html,higiene-beleza,2025-04-21,Continente
Creme de Pentear Ultra Suave Abacate e Carité,4858734,3.49,"€17,45/lt",Garnier,"Beleza e Higiene/Cabelo/Spray, Espuma, Creme e Gel/Espuma e Creme",https://www.continente.pt/dw/image/v2/BDVS_PRD/on/demandware.static/-/Sites-col-master-catalog/default/dwd686a789/images/col/485/4858734-frente.jpg?sw=280&sh=280,emb. 200 ml,https://www.continente.pt/produto/creme-de-pentear-ultra-suave-abacate-e-carite-garnier-4858734.html,higiene-beleza,2025-04-21,Continente
Bandas Depilatórias Cera Fria Faciais Pele Sensível,7104867,2.77,"€0,23/un",Body Natur,Beleza e Higiene/Corpo/Depilação e Descoloração,https://www.continente.pt/dw/image/v2/BDVS_PRD/on/demandware.static/-/Sites-col-master-catalog/default/dw6a3c35c5/images/col/710/7104867-frente.jpg?sw=280&sh=280,emb. 12 un,https://www.continente.pt/produto/bandas-depilatorias-cera-fria-faciais-pele-sensivel-body-natur-7104867.html,higiene-beleza,2025-04-21,Continente
Verniz de Unhas Metálico Branco,8098929,2.99,"€2,99/un",MyLabel,Beleza e Higiene/Maquilhagem/Unhas,https://www.continente.pt/dw/image/v2/BDVS_PRD/on/demandware.static/-/Sites-col-master-catalog/default/dw9284e4db/images/col/809/8098929-frente.png?sw=280&sh=280,emb. 1 un,https://www.continente.pt/produto/verniz-de-unhas-metalico-branco-mylabel-8098929.html,higiene-beleza,2025-04-21,Continente
Champô Fortificante,8293777,3.78,"€5,82/lt",Revlon,Beleza e Higiene/Cabelo/Champôs,https://www.continente.pt/dw/image/v2/BDVS_PRD/on/demandware.static/-/Sites-col-master-catalog/default/dw267887dd/images/col/829/8293777-frente.jpg?sw=280&sh=280,emb. 650 ml,https://www.continente.pt/produto/champo-fortificante-revlon-8293777.html,higiene-beleza,2025-04-21,Continente
Champô Anticaspa Sensitive,8112189,4.94,"€13,72/lt",Linic,Beleza e Higiene/Homem/Cabelo,https://www.continente.pt/dw/image/v2/BDVS_PRD/on/demandware.static/-/Sites-col-master-catalog/default/dw8babdacc/images/col/811/8112189-frente.png?sw=280&sh=280,emb. 360 ml,https://www.continente.pt/produto/champo-anticaspa-sensitive-linic-8112189.html,higiene-beleza,2025-04-21,Continente
Gel de Barbear Men Sensitive Cool,5479199,5.16,"€25,80/lt",Nivea,Beleza e Higiene/Homem/Barba,https://www.continente.pt/dw/image/v2/BDVS_PRD/on/demandware.static/-/Sites-col-master-catalog/default/dw1b677eec/images/col/547/5479199-frente.jpg?sw=280&sh=280,emb. 200 ml,https://www.continente.pt/produto/gel-de-barbear-men-sensitive-cool-nivea-5479199.html,higiene-beleza,2025-04-21,Continente
Loção de Mãos Água,8118461,2.99,"€11,96/lt",MyLabel,Beleza e Higiene/Corpo/Cuidados de Mãos e Pés,https://www.continente.pt/dw/image/v2/BDVS_PRD/on/demandware.static/-/Sites-col-master-catalog/default/dwd967d842/images/col/811/8118461-frente.png?sw=280&sh=280,emb. 250 ml,https://www.continente.pt/produto/locao-de-maos-agua-mylabel-8118461.html,higiene-beleza,2025-04-21,Continente
Gel de Banho Pele Atópica,7619906,6.92,"€13,84/lt",Instituto Español,Beleza e Higiene/Corpo/Gel de Banho,https://www.continente.pt/dw/image/v2/BDVS_PRD/on/demandware.static/-/Sites-col-master-catalog/default/dw61a7d7d6/images/col/761/7619906-frente.jpg?sw=280&sh=280,emb. 500 ml,https://www.continente.pt/produto/gel-de-banho-pele-atopica-instituto-espanol-7619906.html,higiene-beleza,2025-04-21,Continente
Loção Corpo Original Nutritiva,5316720,3.99,"€9,97/lt",Lactovit,Beleza e Higiene/Corpo/Cremes e Loções,https://www.continente.pt/dw/image/v2/BDVS_PRD/on/demandware.static/-/Sites-col-master-catalog/default/dwabe6e6b3/images/col/531/5316720-frente.jpg?sw=280&sh=280,emb. 400 ml,https://www.continente.pt/produto/locao-corpo-original-nutritiva-lactovit-5316720.html,higiene-beleza,2025-04-21,Continente
Gel de Limpeza Men Expert Hydra Energetic,6831286,4.74,"€47,40/lt",LOréal Paris,Beleza e Higiene/Homem/Rosto,https://www.continente.pt/dw/image/v2/BDVS_PRD/on/demandware.static/-/Sites-col-master-catalog/default/dwa125f58a/images/col/683/6831286-frente.jpg?sw=280&sh=280,emb. 100 ml,https://www.continente.pt/produto/gel-de-limpeza-men-expert-hydra-energetic-loreal-paris-6831286.html,higiene-beleza,2025-04-21,Continente
Desodorizante Spray Men Extra Fresh 72H,7757039,3.47,"€23,13/lt",Dove,Beleza e Higiene/Homem/Desodorizantes,https://www.continente.pt/dw/image/v2/BDVS_PRD/on/demandware.static/-/Sites-col-master-catalog/default/dw81d6f28d/images/col/775/7757039-hero.jpg?sw=280&sh=280,emb. 150 ml,https://www.continente.pt/produto/desodorizante-spray-men-extra-fresh-72h-dove-7757039.html,higiene-beleza,2025-04-21,Continente
Gel Cabelo Grafic Fixação Extra-Forte,2053457,4.99,"€33,27/lt",Garnier,"Beleza e Higiene/Cabelo/Spray, Espuma, Creme e Gel/Gel e Cera",https://www.continente.pt/dw/image/v2/BDVS_PRD/on/demandware.static/-/Sites-col-master-catalog/default/dwb575fb9f/images/col/205/2053457-frente.jpg?sw=280&sh=280,emb. 150 ml,https://www.continente.pt/produto/gel-cabelo-grafic-fixacao-extra-forte-garnier-2053457.html,higiene-beleza,2025-04-21,Continente
Escova de Dentes Zig Zag Media,2731610,2.99,"€1,50/un",Colgate,Beleza e Higiene/Higiene Oral/Escovas de Dentes,https://www.continente.pt/dw/image/v2/BDVS_PRD/on/demandware.static/-/Sites-col-master-catalog/default/dwaa5b113c/images/col/273/2731610-frente-1.png?sw=280&sh=280,emb. 3 un,https://www.continente.pt/produto/escova-de-dentes-zig-zag-media-colgate-2731610.html,higiene-beleza,2025-04-21,Continente
Máscara Cabelo Ultra Suave Tesouros de Mel,7716335,4.75,"€13,97/lt",Garnier,Beleza e Higiene/Cabelo/Máscaras e Tratamentos,https://www.continente.pt/dw/image/v2/BDVS_PRD/on/demandware.static/-/Sites-col-master-catalog/default/dw733e71dc/images/col/771/7716335-frente.jpg?sw=280&sh=280,emb. 340 ml,https://www.continente.pt/produto/mascara-cabelo-ultra-suave-tesouros-de-mel-garnier-7716335.html,higiene-beleza,2025-04-21,Continente
Gel Corpo Refrescante Aloe Vera,7190752,3.29,"€8,23/lt",MyLabel,Beleza e Higiene/Corpo/Cremes e Loções,https://www.continente.pt/dw/image/v2/BDVS_PRD/on/demandware.static/-/Sites-col-master-catalog/default/dwd3c0339b/images/col/719/7190752-frente.jpg?sw=280&sh=280,emb. 400 ml,https://www.continente.pt/produto/gel-corpo-refrescante-aloe-vera-mylabel-7190752.html,higiene-beleza,2025-04-21,Continente
Creme de Rosto Hidratante,7754560,2.99,"€59,80/un",MyLabel,Beleza e Higiene/Rosto/Hidratação,https://www.continente.pt/dw/image/v2/BDVS_PRD/on/demandware.static/-/Sites-col-master-catalog/default/dw55e8217a/images/col/775/7754560-frente.jpg?sw=280&sh=280,emb. 50 ml,https://www.continente.pt/produto/creme-de-rosto-hidratante-mylabel-7754560.html,higiene-beleza,2025-04-21,Continente
Condicionador Pro-V Repara e Protege,8154193,3.59,"€22,44/lt",Pantene,Beleza e Higiene/Cabelo/Condicionadores,https://www.continente.pt/dw/image/v2/BDVS_PRD/on/demandware.static/-/Sites-col-master-catalog/default/dwc9fdef2b/images/col/815/8154193-hero.png?sw=280&sh=280,emb. 160 ml,https://www.continente.pt/produto/condicionador-pro-v-repara-e-protege-pantene-8154193.html,higiene-beleza,2025-04-21,Continente
Lâminas Descartáveis Miss Soleil Sensitive,7754426,3.99,"€1,33/un",BIC,Beleza e Higiene/Corpo/Depilação e Descoloração,https://www.continente.pt/dw/image/v2/BDVS_PRD/on/demandware.static/-/Sites-col-master-catalog/default/dw514870df/images/col/775/7754426-frente.jpg?sw=280&sh=280,emb. 3 un,https://www.continente.pt/produto/laminas-descartaveis-miss-soleil-sensitive-bic-7754426.html,higiene-beleza,2025-04-21,Continente
Condicionador Fructis Adeus Danos,7970241,3.7,"€14,80/lt",Garnier,Beleza e Higiene/Cabelo/Condicionadores,https://www.continente.pt/dw/image/v2/BDVS_PRD/on/demandware.static/-/Sites-col-master-catalog/default/dwc2a2c462/images/col/797/7970241-hero.jpg?sw=280&sh=280,emb. 250 ml,https://www.continente.pt/produto/condicionador-fructis-adeus-danos-garnier-7970241.html,higiene-beleza,2025-04-21,Continente
Autobronzeador Loção Corpo Summer Revived Claro,5716727,3.99,"€19,95/lt",Dove,Beleza e Higiene/Corpo/Protetores Solares e Bronzeadores/Bronzeadores e Autobronzeadores,https://www.continente.pt/dw/image/v2/BDVS_PRD/on/demandware.static/-/Sites-col-master-catalog/default/dw0946101e/images/col/571/5716727-hero.jpg?sw=280&sh=280,emb. 200 ml,https://www.continente.pt/produto/autobronzeador-locao-corpo-summer-revived-claro-dove-5716727.html,higiene-beleza,2025-04-21,Continente
Condicionador Pro-V Active Nutri-Plex Longo Infinito,8154227,4.94,"€14,11/lt",Pantene,Beleza e Higiene/Cabelo/Condicionadores,https://www.continente.pt/dw/image/v2/BDVS_PRD/on/demandware.static/-/Sites-col-master-catalog/default/dwbdb67da5/images/col/815/8154227-hero.png?sw=280&sh=280,emb. 350 ml,https://www.continente.pt/produto/condicionador-pro-v-active-nutri-plex-longo-infinito-pantene-8154227.html,higiene-beleza,2025-04-21,Continente
Verniz de Unhas Blanc 1,5009498,7.49,"€7,49/un",Essie,Beleza e Higiene/Maquilhagem/Unhas,https://www.continente.pt/dw/image/v2/BDVS_PRD/on/demandware.static/-/Sites-col-master-catalog/default/dw01296d7c/images/col/500/5009498-frente.jpg?sw=280&sh=280,"emb. 13,5 ml",https://www.continente.pt/produto/verniz-de-unhas-blanc-1-essie-5009498.html,higiene-beleza,2025-04-21,Continente
Sabonete Sólido Rosalface,2923688,4.0,"€26,67/kg",Ach. Brito,Beleza e Higiene/Corpo/Sabonetes,https://www.continente.pt/dw/image/v2/BDVS_PRD/on/demandware.static/-/Sites-col-master-catalog/default/dw55cfb31d/images/col/292/2923688-frente.jpg?sw=280&sh=280,emb. 150 gr,https://www.continente.pt/produto/sabonete-solido-rosalface-ach.-brito-2923688.html,higiene-beleza,2025-04-21,Continente
Corretor Fit Me Medium 25,6456987,5.62,"€5,62/un",Maybelline New York,Beleza e Higiene/Maquilhagem/Rosto,https://www.continente.pt/dw/image/v2/BDVS_PRD/on/demandware.static/-/Sites-col-master-catalog/default/dwa546cdd6/images/col/645/6456987-frente-1.jpg?sw=280&sh=280,emb. 1 un,https://www.continente.pt/produto/corretor-fit-me-medium-25-maybelline-new-york-6456987.html,higiene-beleza,2025-04-21,Continente
Máscara de Pestanas Extra Super Lash 101 Black,5244759,7.49,"€7,49/un",Rimmel,Beleza e Higiene/Maquilhagem/Olhos,https://www.continente.pt/dw/image/v2/BDVS_PRD/on/demandware.static/-/Sites-col-master-catalog/default/dw27b587d3/images/col/524/5244759-frente.jpg?sw=280&sh=280,emb. 1 un,https://www.continente.pt/produto/mascara-de-pestanas-extra-super-lash-101-black-rimmel-5244759.html,higiene-beleza,2025-04-21,Continente
Creme Corpo Hidratante Soft Miniatura,5057184,1.25,"€25,00/lt",Nivea,Beleza e Higiene/Corpo/Cremes e Loções,https://www.continente.pt/dw/image/v2/BDVS_PRD/on/demandware.static/-/Sites-col-master-catalog/default/dwf46ec68b/images/col/505/5057184-hero.jpg?sw=280&sh=280,emb. 50 ml,https://www.continente.pt/produto/creme-corpo-hidratante-soft-miniatura-nivea-5057184.html,higiene-beleza,2025-04-21,Continente
Mola Cabelo Grande,4980634,3.99,"€3,99/un",MyLabel,Beleza e Higiene/Cabelo/Acessórios,https://www.continente.pt/dw/image/v2/BDVS_PRD/on/demandware.static/-/Sites-col-master-catalog/default/dw5831b513/images/col/498/4980634-frente.jpg?sw=280&sh=280,emb. 1 un,https://www.continente.pt/produto/mola-cabelo-grande-mylabel-4980634.html,higiene-beleza,2025-04-21,Continente
Gel Lubrificante Nature,6902454,6.85,"€91,33/lt",Control,Beleza e Higiene/Preservativos e Estimuladores,https://www.continente.pt/dw/image/v2/BDVS_PRD/on/demandware.static/-/Sites-col-master-catalog/default/dwde20270e/images/col/690/6902454-direito.jpg?sw=280&sh=280,emb. 75 ml,https://www.continente.pt/produto/gel-lubrificante-nature-control-6902454.html,higiene-beleza,2025-04-21,Continente
Pensos Rápidos Efeito Tatuagem Crianças,7642242,3.59,"€0,30/un",Mercurochrome,Beleza e Higiene/Lenços e Cuidados de Saúde/Cuidados de Saúde,https://www.continente.pt/dw/image/v2/BDVS_PRD/on/demandware.static/-/Sites-col-master-catalog/default/dw2692f400/images/col/764/7642242-frente.jpg?sw=280&sh=280,emb. 12 un,https://www.continente.pt/produto/pensos-rapidos-efeito-tatuagem-criancas-mercurochrome-7642242.html,higiene-beleza,2025-04-21,Continente
Lâminas Descartáveis Flex 3 Sensitive,7096809,6.69,"€1,67/un",BIC,Beleza e Higiene/Homem/Barba,https://www.continente.pt/dw/image/v2/BDVS_PRD/on/demandware.static/-/Sites-col-master-catalog/default/dw78ae2db6/images/col/709/7096809-frente.jpg?sw=280&sh=280,emb. 4 un,https://www.continente.pt/produto/laminas-descartaveis-flex-3-sensitive-bic-7096809.html,higiene-beleza,2025-04-21,Continente
Gel de Barbear Fusion Pele Sensível,6841792,4.39,"€21,95/lt",Gillette,Beleza e Higiene/Homem/Barba,https://www.continente.pt/dw/image/v2/BDVS_PRD/on/demandware.static/-/Sites-col-master-catalog/default/dw8de3ecf8/images/col/684/6841792-hero.jpg?sw=280&sh=280,emb. 200 ml,https://www.continente.pt/produto/gel-de-barbear-fusion-pele-sensivel-gillette-6841792.html,higiene-beleza,2025-04-21,Continente
Laca Cabelo Oleoso,2054034,5.99,"€19,97/lt",Sunsilk,"Beleza e Higiene/Cabelo/Spray, Espuma, Creme e Gel/Laca e Spray",https://www.continente.pt/dw/image/v2/BDVS_PRD/on/demandware.static/-/Sites-col-master-catalog/default/dw40242579/images/col/205/2054034-hero.jpg?sw=280&sh=280,emb. 300 ml,https://www.continente.pt/produto/laca-cabelo-oleoso-sunsilk-2054034.html,higiene-beleza,2025-04-21,Continente
Pasta de Dentes Total Prevenção Ativa Esmalte Saudável,5576754,3.49,"€46,53/lt",Colgate,Beleza e Higiene/Higiene Oral/Pastas de Dentes,https://www.continente.pt/dw/image/v2/BDVS_PRD/on/demandware.static/-/Sites-col-master-catalog/default/dw941135e4/images/col/557/5576754-frente-1.png?sw=280&sh=280,emb. 75 ml,https://www.continente.pt/produto/pasta-de-dentes-total-prevencao-ativa-esmalte-saudavel-colgate-5576754.html,higiene-beleza,2025-04-21,Continente
Escova de Dentes Expert Clean Suave,6312313,2.99,"€2,99/un",Jordan,Beleza e Higiene/Higiene Oral/Escovas de Dentes,https://www.continente.pt/dw/image/v2/BDVS_PRD/on/demandware.static/-/Sites-col-master-catalog/default/dw107e812d/images/col/631/6312313-hero.jpg?sw=280&sh=280,emb. 1 un,https://www.continente.pt/produto/escova-de-dentes-expert-clean-suave-jordan-6312313.html,higiene-beleza,2025-04-21,Continente
Tesoura de Unhas Desenho Francês,7483760,7.88,"€7,88/un",Jean Louis David,Beleza e Higiene/Maquilhagem/Acessórios,https://www.continente.pt/dw/image/v2/BDVS_PRD/on/demandware.static/-/Sites-col-master-catalog/default/dwea5806f6/images/col/748/7483760-frente.jpg?sw=280&sh=280,emb. 1 un,https://www.continente.pt/produto/tesoura-de-unhas-desenho-frances-jean-louis-david-7483760.html,higiene-beleza,2025-04-21,Continente
Sabonete Líquido Aquarium,8175584,3.79,"€12,63/lt",Palmolive,Beleza e Higiene/Corpo/Sabonetes,https://www.continente.pt/dw/image/v2/BDVS_PRD/on/demandware.static/-/Sites-col-master-catalog/default/dwb93f1a85/images/col/817/8175584-hero.png?sw=280&sh=280,emb. 300 ml,https://www.continente.pt/produto/sabonete-liquido-aquarium-palmolive-8175584.html,higiene-beleza,2025-04-21,Continente
Sabonete Espuma Fire,8069537,1.49,"€5,96/lt",MyLabel,Beleza e Higiene/Corpo/Sabonetes,https://www.continente.pt/dw/image/v2/BDVS_PRD/on/demandware.static/-/Sites-col-master-catalog/default/dwca7e56e6/images/col/806/8069537-frente.png?sw=280&sh=280,emb. 250 ml,https://www.continente.pt/produto/sabonete-espuma-fire-mylabel-8069537.html,higiene-beleza,2025-04-21,Continente
Desodorizante Spray Men Black & White,5092117,2.19,"€62,57/lt",Nivea,Beleza e Higiene/Homem/Desodorizantes,https://www.continente.pt/dw/image/v2/BDVS_PRD/on/demandware.static/-/Sites-col-master-catalog/default/dw08cede86/images/col/509/5092117-hero.jpg?sw=280&sh=280,emb. 35 ml,https://www.continente.pt/produto/desodorizante-spray-men-black-white-nivea-5092117.html,higiene-beleza,2025-04-21,Continente
Creme de Rosto Men Expert Magnesium Defense,7539976,7.49,"€149,80/lt",LOréal Paris,Beleza e Higiene/Homem/Rosto,https://www.continente.pt/dw/image/v2/BDVS_PRD/on/demandware.static/-/Sites-col-master-catalog/default/dw8a1c6baf/images/col/753/7539976-frente-1.jpg?sw=280&sh=280,emb. 50 ml,https://www.continente.pt/produto/creme-de-rosto-men-expert-magnesium-defense-loreal-paris-7539976.html,higiene-beleza,2025-04-21,Continente
Máscara Facial Limpeza Argila Preta,7382528,1.39,"€1,39/un",7th Heaven,Beleza e Higiene/Rosto/Máscaras,https://www.continente.pt/dw/image/v2/BDVS_PRD/on/demandware.static/-/Sites-col-master-catalog/default/dw9524ed3d/images/col/738/7382528-frente.jpg?sw=280&sh=280,emb. 1 un,https://www.continente.pt/produto/mascara-facial-limpeza-argila-preta-7th-heaven-7382528.html,higiene-beleza,2025-04-21,Continente
Recarga de Lâminas Tri-Sharp Plus,7414326,3.79,"€0,76/un",MyLabel,Beleza e Higiene/Homem/Barba,https://www.continente.pt/dw/image/v2/BDVS_PRD/on/demandware.static/-/Sites-col-master-catalog/default/dw60061031/images/col/741/7414326-frente.jpg?sw=280&sh=280,emb. 5 un,https://www.continente.pt/produto/recarga-de-laminas-tri-sharp-plus-mylabel-7414326.html,higiene-beleza,2025-04-21,Continente
Champô Seco Oriental,7064604,3.67,"€18,35/lt",Batiste,Beleza e Higiene/Cabelo/Champôs,https://www.continente.pt/dw/image/v2/BDVS_PRD/on/demandware.static/-/Sites-col-master-catalog/default/dwe0432617/images/col/706/7064604-cima.jpg?sw=280&sh=280,emb. 200 ml,https://www.continente.pt/produto/champo-seco-oriental-batiste-7064604.html,higiene-beleza,2025-04-21,Continente
Corta-Unhas para Pedicure,5809359,1.89,"€1,89/un",MyLabel,Beleza e Higiene/Maquilhagem/Acessórios,https://www.continente.pt/dw/image/v2/BDVS_PRD/on/demandware.static/-/Sites-col-master-catalog/default/dw737c10cc/images/col/580/5809359-cima.jpg?sw=280&sh=280,emb. 1 un,https://www.continente.pt/produto/corta-unhas-para-pedicure-mylabel-5809359.html,higiene-beleza,2025-04-21,Continente
Spray Corporal Warm Beat,8120904,1.99,"€9,95/lt",MyLabel,Beleza e Higiene/Homem/Desodorizantes,https://www.continente.pt/dw/image/v2/BDVS_PRD/on/demandware.static/-/Sites-col-master-catalog/default/dwa293ff14/images/col/812/8120904-frente.jpg?sw=280&sh=280,emb. 200 ml,https://www.continente.pt/produto/spray-corporal-warm-beat-mylabel-8120904.html,higiene-beleza,2025-04-21,Continente
Removedor de Verniz sem Acetona,6841692,6.75,"€35,53/lt",Eveline,Beleza e Higiene/Maquilhagem/Unhas,https://www.continente.pt/dw/image/v2/BDVS_PRD/on/demandware.static/-/Sites-col-master-catalog/default/dw85b714ef/images/col/684/6841692-frente.jpg?sw=280&sh=280,emb. 190 ml,https://www.continente.pt/produto/removedor-de-verniz-sem-acetona-eveline-6841692.html,higiene-beleza,2025-04-21,Continente
Elásticos Cabelo Espiral Criança,6866578,1.79,"€0,60/un",MyLabel,Beleza e Higiene/Cabelo/Acessórios,https://www.continente.pt/dw/image/v2/BDVS_PRD/on/demandware.static/-/Sites-col-master-catalog/default/dwabf02687/images/col/686/6866578-frente.jpg?sw=280&sh=280,emb. 3 un,https://www.continente.pt/produto/elasticos-cabelo-espiral-crianca-mylabel-6866578.html,higiene-beleza,2025-04-21,Continente
Champô Naturals Leite de Aveia,7772675,2.49,"€6,23/lt",MyLabel,Beleza e Higiene/Cabelo/Champôs,https://www.continente.pt/dw/image/v2/BDVS_PRD/on/demandware.static/-/Sites-col-master-catalog/default/dwbd6f5e89/images/col/777/7772675-frente.jpg?sw=280&sh=280,emb. 400 ml,https://www.continente.pt/produto/champo-naturals-leite-de-aveia-mylabel-7772675.html,higiene-beleza,2025-04-21,Continente
Champô Controla o Frizz Lavanda,8153963,3.99,"€11,40/lt",Herbal Essences,Beleza e Higiene/Cabelo/Champôs,https://www.continente.pt/dw/image/v2/BDVS_PRD/on/demandware.static/-/Sites-col-master-catalog/default/dw582ace05/images/col/815/8153963-frente.png?sw=280&sh=280,emb. 350 ml,https://www.continente.pt/produto/champo-controla-o-frizz-lavanda-herbal-essences-8153963.html,higiene-beleza,2025-04-21,Continente
Champô Fructis Hidra Liso & Suave,6169277,5.99,"€14,98/lt",Garnier,Beleza e Higiene/Cabelo/Champôs,https://www.continente.pt/dw/image/v2/BDVS_PRD/on/demandware.static/-/Sites-col-master-catalog/default/dw7de031bb/images/col/616/6169277-frente.jpg?sw=280&sh=280,emb. 400 ml,https://www.continente.pt/produto/champo-fructis-hidra-liso-suave-garnier-6169277.html,higiene-beleza,2025-04-21,Continente
Condicionador 24h Body & Volume,7681723,6.59,"€7,32/lt",Tresemmé,Beleza e Higiene/Cabelo/Condicionadores,https://www.continente.pt/dw/image/v2/BDVS_PRD/on/demandware.static/-/Sites-col-master-catalog/default/dw318af181/images/col/768/7681723-hero.jpg?sw=280&sh=280,emb. 900 ml,https://www.continente.pt/produto/condicionador-24h-body-volume-tresemme-7681723.html,higiene-beleza,2025-04-21,Continente
Água Micelar Pele Sensível,6403161,2.99,"€29,90/lt",Nivea,Beleza e Higiene/Rosto/Limpeza,https://www.continente.pt/dw/image/v2/BDVS_PRD/on/demandware.static/-/Sites-col-master-catalog/default/dwb90ba195/images/col/640/6403161-frente.jpg?sw=280&sh=280,emb. 100 ml,https://www.continente.pt/produto/agua-micelar-pele-sensivel-nivea-6403161.html,higiene-beleza,2025-04-21,Continente
Fraldas Cuidado Total 4-8kg T2,7454728,11.55,"€0,21/un",Dodot,"Bebé/Fraldas e Toalhitas/Fraldas <2kg/2-5kg/3-6kg (T0, T1 e T2)",https://www.continente.pt/dw/image/v2/BDVS_PRD/on/demandware.static/-/Sites-col-master-catalog/default/dwa6ee6d67/images/col/745/7454728-hero.jpg?sw=280&sh=280,emb. 56 un,https://www.continente.pt/produto/fraldas-cuidado-total-4-8kg-t2-dodot-7454728.html,higiene-beleza,2025-04-21,Continente
Lâminas Descartáveis Oscilante,6594926,1.49,"€0,37/un",MyLabel,Beleza e Higiene/Homem/Barba,https://www.continente.pt/dw/image/v2/BDVS_PRD/on/demandware.static/-/Sites-col-master-catalog/default/dwb9f02115/images/col/659/6594926-cima.jpg?sw=280&sh=280,emb. 4 un,https://www.continente.pt/produto/laminas-descartaveis-oscilante-mylabel-6594926.html,higiene-beleza,2025-04-21,Continente
Condicionador Bouncy Curls,7853870,5.99,"€29,95/lt",Aussie,Beleza e Higiene/Cabelo/Condicionadores,https://www.continente.pt/dw/image/v2/BDVS_PRD/on/demandware.static/-/Sites-col-master-catalog/default/dw7e76bf17/images/col/785/7853870-frente.jpg?sw=280&sh=280,emb. 200 ml,https://www.continente.pt/produto/condicionador-bouncy-curls-aussie-7853870.html,higiene-beleza,2025-04-21,Continente
Sérum Facial Age Perfect Le Duo Rejuvenescedor,8110588,20.99,"€20,99/un",LOréal Paris,Beleza e Higiene/Rosto/Antirrugas e Refirmantes,https://www.continente.pt/dw/image/v2/BDVS_PRD/on/demandware.static/-/Sites-col-master-catalog/default/dw70ef3ba8/images/col/811/8110588-hero.jpg?sw=280&sh=280,emb. 30 ml,https://www.continente.pt/produto/serum-facial-age-perfect-le-duo-rejuvenescedor-loreal-paris-8110588.html,higiene-beleza,2025-04-21,Continente
Pensos Higiénicos Cottonlike Noite Extra com Abas,8290246,3.15,"€0,32/un",Evax,Beleza e Higiene/Higiene Íntima/Pensos e Cuecas Menstruais,https://www.continente.pt/dw/image/v2/BDVS_PRD/on/demandware.static/-/Sites-col-master-catalog/default/dwa2926f9b/images/col/829/8290246-amb-hero.png?sw=280&sh=280,emb. 10 un,https://www.continente.pt/produto/pensos-higienicos-cottonlike-noite-extra-com-abas-evax-8290246.html,higiene-beleza,2025-04-21,Continente
Loção Corpo Essential Care Para Hidração Duradoura,2498681,3.56,"€14,24/lt",Dove,Beleza e Higiene/Corpo/Cremes e Loções,https://www.continente.pt/dw/image/v2/BDVS_PRD/on/demandware.static/-/Sites-col-master-catalog/default/dw565a74c6/images/col/249/2498681-hero.jpg?sw=280&sh=280,emb. 250 ml,https://www.continente.pt/produto/locao-corpo-essential-care-para-hidracao-duradoura-dove-2498681.html,higiene-beleza,2025-04-21,Continente
Creme de Mãos Óleo de Coco 100% Natural,6604664,2.91,"€38,80/lt",Dove,Beleza e Higiene/Corpo/Cuidados de Mãos e Pés,https://www.continente.pt/dw/image/v2/BDVS_PRD/on/demandware.static/-/Sites-col-master-catalog/default/dw29cbb3c4/images/col/660/6604664-hero.jpg?sw=280&sh=280,emb. 75 ml,https://www.continente.pt/produto/creme-de-maos-oleo-de-coco-100--natural-dove-6604664.html,higiene-beleza,2025-04-21,Continente
Escova de Dentes Elétrica Vitality Pro Roxa,8123730,28.89,"€28,89/un",Oral-B,Beleza e Higiene/Higiene Oral/Escovas de Dentes,https://www.continente.pt/dw/image/v2/BDVS_PRD/on/demandware.static/-/Sites-col-master-catalog/default/dw014123e2/images/col/812/8123730-hero.png?sw=280&sh=280,emb. 1 un,https://www.continente.pt/produto/escova-de-dentes-eletrica-vitality-pro-roxa-oral-b-8123730.html,higiene-beleza,2025-04-21,Continente
Desodorizante Stick Men Clean Comfort,4445343,2.99,"€59,80/lt",Dove,Beleza e Higiene/Homem/Desodorizantes,https://www.continente.pt/dw/image/v2/BDVS_PRD/on/demandware.static/-/Sites-col-master-catalog/default/dwe357a512/images/col/444/4445343-frente.jpg?sw=280&sh=280,emb. 50 ml,https://www.continente.pt/produto/desodorizante-stick-men-clean-comfort-dove-4445343.html,higiene-beleza,2025-04-21,Continente
Escova Cabelo Criança Elsa,7798337,7.4,"€7,40/un",Disney,Beleza e Higiene/Cabelo/Criança,https://www.continente.pt/dw/image/v2/BDVS_PRD/on/demandware.static/-/Sites-col-master-catalog/default/dw15a9f1e4/images/col/779/7798337-frente.png?sw=280&sh=280,emb. 1 un,https://www.continente.pt/produto/escova-cabelo-crianca-elsa-disney-7798337.html,higiene-beleza,2025-04-21,Continente
Spray Cabelo Condicionador Gliss Total Repair,4719367,3.96,"€19,80/lt",Schwarzkopf,Beleza e Higiene/Cabelo/Máscaras e Tratamentos,https://www.continente.pt/dw/image/v2/BDVS_PRD/on/demandware.static/-/Sites-col-master-catalog/default/dw81a47650/images/col/471/4719367-frente.jpg?sw=280&sh=280,emb. 200 ml,https://www.continente.pt/produto/spray-cabelo-condicionador-gliss-total-repair-schwarzkopf-4719367.html,higiene-beleza,2025-04-21,Continente
Creme Hidratante Pele Sensível,7374691,5.29,"€52,90/lt",Corine de Farme,Bebé/Banho e Higiene/Proteção e Hidratação,https://www.continente.pt/dw/image/v2/BDVS_PRD/on/demandware.static/-/Sites-col-master-catalog/default/dw04feeade/images/col/737/7374691-frente.jpg?sw=280&sh=280,emb. 100 ml,https://www.continente.pt/produto/creme-hidratante-pele-sensivel-corine-de-farme-7374691.html,higiene-beleza,2025-04-21,Continente
Condicionador Elvive Dream Long,7157251,3.96,"€13,20/lt",LOréal Paris,Beleza e Higiene/Cabelo/Condicionadores,https://www.continente.pt/dw/image/v2/BDVS_PRD/on/demandware.static/-/Sites-col-master-catalog/default/dwa7d0d6b2/images/col/715/7157251-frente.jpg?sw=280&sh=280,emb. 300 ml,https://www.continente.pt/produto/condicionador-elvive-dream-long-loreal-paris-7157251.html,higiene-beleza,2025-04-21,Continente
Fraldas Ecológicas 6-10kg T3,7800150,12.39,"€0,39/un",Kit&Kin,Bebé/Fraldas e Toalhitas/Fraldas 4-11kg/9-15kg (T3 e T4),https://www.continente.pt/dw/image/v2/BDVS_PRD/on/demandware.static/-/Sites-col-master-catalog/default/dw0d474962/images/col/780/7800150-frente.jpg?sw=280&sh=280,emb. 32 un,https://www.continente.pt/produto/fraldas-ecologicas-6-10kg-t3-kit-kin-7800150.html,higiene-beleza,2025-04-21,Continente
Creme de Pés Reparador,7144285,1.97,"€19,70/lt",Body Natur,Beleza e Higiene/Corpo/Cuidados de Mãos e Pés,https://www.continente.pt/dw/image/v2/BDVS_PRD/on/demandware.static/-/Sites-col-master-catalog/default/dwa2f52749/images/col/714/7144285-frente.jpg?sw=280&sh=280,emb. 100 ml,https://www.continente.pt/produto/creme-de-pes-reparador-body-natur-7144285.html,higiene-beleza,2025-04-21,Continente
Lâminas Descartáveis Twin Lady,6894136,3.94,"€0,49/un",BIC,Beleza e Higiene/Corpo/Depilação e Descoloração,https://www.continente.pt/dw/image/v2/BDVS_PRD/on/demandware.static/-/Sites-col-master-catalog/default/dw8fb938c0/images/col/689/6894136-frente.jpg?sw=280&sh=280,emb. 12 un,https://www.continente.pt/produto/laminas-descartaveis-twin-lady-bic-6894136.html,higiene-beleza,2025-04-21,Continente
Eau de Parfum nº 3,5690856,9.98,"€66,53/lt",Caravan,Beleza e Higiene/Corpo/Colónias e Perfumes,https://www.continente.pt/dw/image/v2/BDVS_PRD/on/demandware.static/-/Sites-col-master-catalog/default/dwfc8367f4/images/col/569/5690856-frente.png?sw=280&sh=280,emb. 150 ml,https://www.continente.pt/produto/eau-de-parfum-n-3-caravan-5690856.html,higiene-beleza,2025-04-21,Continente
Gel de Banho Charcoal + Clay,7734181,4.99,"€12,48/lt",Dove,Beleza e Higiene/Corpo/Gel de Banho,https://www.continente.pt/dw/image/v2/BDVS_PRD/on/demandware.static/-/Sites-col-master-catalog/default/dw187adae0/images/col/773/7734181-hero.jpg?sw=280&sh=280,emb. 400 ml,https://www.continente.pt/produto/gel-de-banho-charcoal-clay-dove-7734181.html,higiene-beleza,2025-04-21,Continente
Lápis de Olhos Tattoo Liner Gel 901,7181239,4.5,"€4,50/un",Maybelline New York,Beleza e Higiene/Maquilhagem/Olhos,https://www.continente.pt/dw/image/v2/BDVS_PRD/on/demandware.static/-/Sites-col-master-catalog/default/dwd09689cd/images/col/718/7181239-frente.jpg?sw=280&sh=280,emb. 1 un,https://www.continente.pt/produto/lapis-de-olhos-tattoo-liner-gel-901-maybelline-new-york-7181239.html,higiene-beleza,2025-04-21,Continente
Creme Corpo Gordo,6634189,12.99,"€12,99/lt",MyLabel,Beleza e Higiene/Corpo/Cremes e Loções,https://www.continente.pt/dw/image/v2/BDVS_PRD/on/demandware.static/-/Sites-col-master-catalog/default/dwc441ddcb/images/col/663/6634189-frente.jpg?sw=280&sh=280,emb. 1 lt,https://www.continente.pt/produto/creme-corpo-gordo-mylabel-6634189.html,higiene-beleza,2025-04-21,Continente
Máscara Facial Tecido CryoJelly Aloe Hialurónico Pele Cansada,7713355,2.39,"€2,39/un",Garnier,Beleza e Higiene/Rosto/Antirrugas e Refirmantes,https://www.continente.pt/dw/image/v2/BDVS_PRD/on/demandware.static/-/Sites-col-master-catalog/default/dwc79279e3/images/col/771/7713355-frente.jpg?sw=280&sh=280,emb. 1 un,https://www.continente.pt/produto/mascara-facial-tecido-cryojelly-aloe-hialuronico-pele-cansada-garnier-7713355.html,higiene-beleza,2025-04-21,Continente
Máscara Facial Collagen,6881318,2.49,"€2,49/un",Bioten,Beleza e Higiene/Rosto/Máscaras,https://www.continente.pt/dw/image/v2/BDVS_PRD/on/demandware.static/-/Sites-col-master-catalog/default/dw8ac7058a/images/col/688/6881318-frente.jpg?sw=280&sh=280,emb. 1 un,https://www.continente.pt/produto/mascara-facial-collagen-bioten-6881318.html,higiene-beleza,2025-04-21,Continente
Leite de Limpeza,7736950,2.99,"€14,95/un",MyLabel,Beleza e Higiene/Rosto/Limpeza,https://www.continente.pt/dw/image/v2/BDVS_PRD/on/demandware.static/-/Sites-col-master-catalog/default/dwc031c356/images/col/773/7736950-frente.jpg?sw=280&sh=280,emb. 200 ml,https://www.continente.pt/produto/leite-de-limpeza-mylabel-7736950.html,higiene-beleza,2025-04-21,Continente
Spray Desembaraça Vaiana Criança,8128666,4.79,"€23,95/lt",Corine de Farme,Beleza e Higiene/Cabelo/Criança,https://www.continente.pt/dw/image/v2/BDVS_PRD/on/demandware.static/-/Sites-col-master-catalog/default/dw0f457834/images/col/812/8128666-frente.png?sw=280&sh=280,emb. 200 ml,https://www.continente.pt/produto/spray-desembaraca-vaiana-crianca-corine-de-farme-8128666.html,higiene-beleza,2025-04-21,Continente
Pasta de Dentes Tastepaste Manga e Menta Fresca,8066014,1.86,"€37,20/lt",Jordan,Beleza e Higiene/Higiene Oral/Pastas de Dentes,https://www.continente.pt/dw/image/v2/BDVS_PRD/on/demandware.static/-/Sites-col-master-catalog/default/dw6e6835ca/images/col/806/8066014-frente.jpg?sw=280&sh=280,emb. 50 ml,https://www.continente.pt/produto/pasta-de-dentes-tastepaste-manga-e-menta-fresca-jordan-8066014.html,higiene-beleza,2025-04-21,Continente
Champô Seco Fresh,7064609,3.67,"€18,35/lt",Batiste,Beleza e Higiene/Cabelo/Champôs,https://www.continente.pt/dw/image/v2/BDVS_PRD/on/demandware.static/-/Sites-col-master-catalog/default/dwa66b465c/images/col/706/7064609-cima.jpg?sw=280&sh=280,emb. 200 ml,https://www.continente.pt/produto/champo-seco-fresh-batiste-7064609.html,higiene-beleza,2025-04-21,Continente
Condicionador Fructis Hair Food Papaia,7091997,3.95,"€11,29/lt",Garnier,Beleza e Higiene/Cabelo/Condicionadores,https://www.continente.pt/dw/image/v2/BDVS_PRD/on/demandware.static/-/Sites-col-master-catalog/default/dwc42a2f79/images/col/709/7091997-hero.jpg?sw=280&sh=280,emb. 350 ml,https://www.continente.pt/produto/condicionador-fructis-hair-food-papaia-garnier-7091997.html,higiene-beleza,2025-04-21,Continente
Água Micelar Hyaluronic Gold,7714906,4.79,"€11,97/lt",Bioten,Beleza e Higiene/Rosto/Limpeza,https://www.continente.pt/dw/image/v2/BDVS_PRD/on/demandware.static/-/Sites-col-master-catalog/default/dwc3e4e64e/images/col/771/7714906-frente.jpg?sw=280&sh=280,emb. 400 ml,https://www.continente.pt/produto/agua-micelar-hyaluronic-gold-bioten-7714906.html,higiene-beleza,2025-04-21,Continente
Óleo Corpo Natural Lavanda,8240139,2.99,"€99,67/lt",MyLabel,Beleza e Higiene/Corpo/Cremes e Loções,https://www.continente.pt/dw/image/v2/BDVS_PRD/on/demandware.static/-/Sites-col-master-catalog/default/dw8e51f8bc/images/col/824/8240139-frente.png?sw=280&sh=280,emb. 30 ml,https://www.continente.pt/produto/oleo-corpo-natural-lavanda-mylabel-8240139.html,higiene-beleza,2025-04-21,Continente
Loção Corpo Hidratante,7735435,4.08,"€12,36/lt",Natural Honey,Beleza e Higiene/Corpo/Cremes e Loções,https://www.continente.pt/dw/image/v2/BDVS_PRD/on/demandware.static/-/Sites-col-master-catalog/default/dwe8600646/images/col/773/7735435-frente.jpg?sw=280&sh=280,emb. 330 ml,https://www.continente.pt/produto/locao-corpo-hidratante-natural-honey-7735435.html,higiene-beleza,2025-04-21,Continente
Cuecas Incontinência Pants Plus L,6950117,12.07,"€0,86/un",Lindor,Beleza e Higiene/Higiene Íntima/Incontinência/Cuecas Incontinência,https://www.continente.pt/dw/image/v2/BDVS_PRD/on/demandware.static/-/Sites-col-master-catalog/default/dwbb5eba76/images/col/695/6950117-hero.jpg?sw=280&sh=280,emb. 14 un,https://www.continente.pt/produto/cuecas-incontinencia-pants-plus-l-lindor-6950117.html,higiene-beleza,2025-04-21,Continente
Eau de Toilette Sun&Wood,8213244,9.99,"€333,00/lt",Nike,Beleza e Higiene/Corpo/Colónias e Perfumes,https://www.continente.pt/dw/image/v2/BDVS_PRD/on/demandware.static/-/Sites-col-master-catalog/default/dw03166afa/images/col/821/8213244-frente.png?sw=280&sh=280,emb. 30 ml,https://www.continente.pt/produto/eau-de-toilette-sun-wood-nike-8213244.html,higiene-beleza,2025-04-21,Continente
Removedor de Verniz Good As Gone,5411432,7.99,"€63,92/lt",Essie,Beleza e Higiene/Maquilhagem/Unhas,https://www.continente.pt/dw/image/v2/BDVS_PRD/on/demandware.static/-/Sites-col-master-catalog/default/dwf31951b2/images/col/541/5411432-frente.jpg?sw=280&sh=280,emb. 125 ml,https://www.continente.pt/produto/removedor-de-verniz-good-as-gone-essie-5411432.html,higiene-beleza,2025-04-21,Continente
Champô Clássico,8293775,3.78,"€5,82/lt",Revlon,Beleza e Higiene/Cabelo/Champôs,https://www.continente.pt/dw/image/v2/BDVS_PRD/on/demandware.static/-/Sites-col-master-catalog/default/dw4c35593c/images/col/829/8293775-frente.jpg?sw=280&sh=280,emb. 650 ml,https://www.continente.pt/produto/champo-classico-revlon-8293775.html,higiene-beleza,2025-04-21,Continente
Fraldas Ecológicas 11+kg T5,7800155,12.39,"€0,44/un",Kit&Kin,Bebé/Fraldas e Toalhitas/Fraldas 13-18kg/+18kg (T5 e T6),https://www.continente.pt/dw/image/v2/BDVS_PRD/on/demandware.static/-/Sites-col-master-catalog/default/dwd7153361/images/col/780/7800155-frente.jpg?sw=280&sh=280,emb. 28 un,https://www.continente.pt/produto/fraldas-ecologicas-11kg-t5-kit-kin-7800155.html,higiene-beleza,2025-04-21,Continente
Verniz de Unhas Expressie 190,7152563,7.14,"€7,14/un",Essie,Beleza e Higiene/Maquilhagem/Unhas,https://www.continente.pt/dw/image/v2/BDVS_PRD/on/demandware.static/-/Sites-col-master-catalog/default/dw50b2b9d6/images/col/715/7152563-frente.jpg?sw=280&sh=280,emb. 1 un,https://www.continente.pt/produto/verniz-de-unhas-expressie-190-essie-7152563.html,higiene-beleza,2025-04-21,Continente
Creme de Mãos Óleo de Abacate 100% Natural,6604668,2.91,"€38,80/lt",Dove,Beleza e Higiene/Corpo/Cuidados de Mãos e Pés,https://www.continente.pt/dw/image/v2/BDVS_PRD/on/demandware.static/-/Sites-col-master-catalog/default/dwc69011fa/images/col/660/6604668-hero.jpg?sw=280&sh=280,emb. 75 ml,https://www.continente.pt/produto/creme-de-maos-oleo-de-abacate-100--natural-dove-6604668.html,higiene-beleza,2025-04-21,Continente
Creme de Rosto Men Energy Hidratante Revitalizante,2803571,8.44,"€168,80/lt",Nivea,Beleza e Higiene/Homem/Rosto,https://www.continente.pt/dw/image/v2/BDVS_PRD/on/demandware.static/-/Sites-col-master-catalog/default/dwfd72616e/images/col/280/2803571-frente-1.jpg?sw=280&sh=280,emb. 50 ml,https://www.continente.pt/produto/creme-de-rosto-men-energy-hidratante-revitalizante-nivea-2803571.html,higiene-beleza,2025-04-21,Continente
Fraldas Suavidade 2-5kg T1,5449658,3.39,"€0,12/un",Continente do Bebé,"Bebé/Fraldas e Toalhitas/Fraldas <2kg/2-5kg/3-6kg (T0, T1 e T2)",https://www.continente.pt/dw/image/v2/BDVS_PRD/on/demandware.static/-/Sites-col-master-catalog/default/dw53b8fecf/images/col/544/5449658-hero.jpg?sw=280&sh=280,emb. 28 un,https://www.continente.pt/produto/fraldas-suavidade-2-5kg-t1-continente-do-bebe-5449658.html,higiene-beleza,2025-04-21,Continente
Desodorizante Stick Bearglove,5582064,3.56,"€71,20/lt",Old Spice,Beleza e Higiene/Homem/Desodorizantes,https://www.continente.pt/dw/image/v2/BDVS_PRD/on/demandware.static/-/Sites-col-master-catalog/default/dwb43461d1/images/col/558/5582064-hero.png?sw=280&sh=280,emb. 50 ml,https://www.continente.pt/produto/desodorizante-stick-bearglove-old-spice-5582064.html,higiene-beleza,2025-04-21,Continente
Condicionador Rescue Fusions Hialurónico,8404477,9.59,"€9,59/un",OGX,Beleza e Higiene/Cabelo/Condicionadores,https://www.continente.pt/dw/image/v2/BDVS_PRD/on/demandware.static/-/Sites-col-master-catalog/default/dw1a23b32d/images/col/840/8404477-frente.png?sw=280&sh=280,emb. 385 ml,https://www.continente.pt/produto/condicionador-rescue-fusions-hialuronico-ogx-8404477.html,higiene-beleza,2025-04-21,Continente
Loção Corpo Nutries Aveia e Chia,7712613,3.99,"€9,97/lt",Bioten,Beleza e Higiene/Corpo/Cremes e Loções,https://www.continente.pt/dw/image/v2/BDVS_PRD/on/demandware.static/-/Sites-col-master-catalog/default/dw05c1e80b/images/col/771/7712613-frente.jpg?sw=280&sh=280,emb. 400 ml,https://www.continente.pt/produto/locao-corpo-nutries-aveia-e-chia-bioten-7712613.html,higiene-beleza,2025-04-21,Continente
Pasta de Dentes Advanced Proteção Gengivas,8385434,4.39,"€58,53/lt",Oral-B,Beleza e Higiene/Higiene Oral/Pastas de Dentes,https://www.continente.pt/dw/image/v2/BDVS_PRD/on/demandware.static/-/Sites-col-master-catalog/default/dw250dc817/images/col/838/8385434-hero.png?sw=280&sh=280,emb. 75 ml,https://www.continente.pt/produto/pasta-de-dentes-advanced-protecao-gengivas-oral-b-8385434.html,higiene-beleza,2025-04-21,Continente
Lápis Hyper Precision Brown,7974255,8.99,"€8,99/un",Maybelline New York,Beleza e Higiene/Maquilhagem/Olhos,https://www.continente.pt/dw/image/v2/BDVS_PRD/on/demandware.static/-/Sites-col-master-catalog/default/dw3bbf9759/images/col/797/7974255-hero.jpg?sw=280&sh=280,emb. 1 un,https://www.continente.pt/produto/lapis-hyper-precision-brown-maybelline-new-york-7974255.html,higiene-beleza,2025-04-21,Continente
Laca Cabelo Pro-V Fixação Ultra Forte,7653743,3.24,"€12,96/lt",Pantene,"Beleza e Higiene/Cabelo/Spray, Espuma, Creme e Gel/Laca e Spray",https://www.continente.pt/dw/image/v2/BDVS_PRD/on/demandware.static/-/Sites-col-master-catalog/default/dw49224f1a/images/col/765/7653743-frente.jpg?sw=280&sh=280,emb. 250 ml,https://www.continente.pt/produto/laca-cabelo-pro-v-fixacao-ultra-forte-pantene-7653743.html,higiene-beleza,2025-04-21,Continente
Gel de Barbear Sensitive,7950092,1.15,"€15,33/lt",MyLabel,Beleza e Higiene/Homem/Rosto,https://www.continente.pt/dw/image/v2/BDVS_PRD/on/demandware.static/-/Sites-col-master-catalog/default/dw1f125221/images/col/795/7950092-frente.png?sw=280&sh=280,emb. 75 ml,https://www.continente.pt/produto/gel-de-barbear-sensitive-mylabel-7950092.html,higiene-beleza,2025-04-21,Continente
Escova de Dentes Pro-Clean Pulsar,8385635,4.79,"€4,79/un",Oral-B,Beleza e Higiene/Higiene Oral/Escovas de Dentes,https://www.continente.pt/dw/image/v2/BDVS_PRD/on/demandware.static/-/Sites-col-master-catalog/default/dw4188ec9c/images/col/838/8385635-hero.png?sw=280&sh=280,emb. 1 un,https://www.continente.pt/produto/escova-de-dentes-pro-clean-pulsar-oral-b-8385635.html,higiene-beleza,2025-04-21,Continente
Champô Ultra Suave Água de Coco e Aloe Vera,6175082,3.69,"€14,76/lt",Garnier,Beleza e Higiene/Cabelo/Champôs,https://www.continente.pt/dw/image/v2/BDVS_PRD/on/demandware.static/-/Sites-col-master-catalog/default/dw69ce1d5a/images/col/617/6175082-frente.jpg?sw=280&sh=280,emb. 250 ml,https://www.continente.pt/produto/champo-ultra-suave-agua-de-coco-e-aloe-vera-garnier-6175082.html,higiene-beleza,2025-04-21,Continente
Spray Cabelo Condicionador Gliss Ultimate Repair,6827662,3.71,"€18,55/lt",Schwarzkopf,Beleza e Higiene/Cabelo/Máscaras e Tratamentos,https://www.continente.pt/dw/image/v2/BDVS_PRD/on/demandware.static/-/Sites-col-master-catalog/default/dwb7c2a95e/images/col/682/6827662-frente.jpg?sw=280&sh=280,emb. 200 ml,https://www.continente.pt/produto/spray-cabelo-condicionador-gliss-ultimate-repair-schwarzkopf-6827662.html,higiene-beleza,2025-04-21,Continente
Máscara Cabelo Gliss Ultimate Repair,8018732,4.99,"€12,47/lt",Schwarzkopf,Beleza e Higiene/Cabelo/Máscaras e Tratamentos,https://www.continente.pt/dw/image/v2/BDVS_PRD/on/demandware.static/-/Sites-col-master-catalog/default/dw3c6ad084/images/col/801/8018732-frente.png?sw=280&sh=280,emb. 400 ml,https://www.continente.pt/produto/mascara-cabelo-gliss-ultimate-repair-schwarzkopf-8018732.html,higiene-beleza,2025-04-21,Continente
Máscara Cabelo Hair Care Lisos Sedosos,7778646,2.49,"€6,23/un",MyLabel,Beleza e Higiene/Cabelo/Máscaras e Tratamentos,https://www.continente.pt/dw/image/v2/BDVS_PRD/on/demandware.static/-/Sites-col-master-catalog/default/dwbdd13927/images/col/777/7778646-frente.jpg?sw=280&sh=280,emb. 400 ml,https://www.continente.pt/produto/mascara-cabelo-hair-care-lisos-sedosos-mylabel-7778646.html,higiene-beleza,2025-04-21,Continente
Verniz de Unhas Gel Nail Colour 13,7549917,1.99,"€1,99/un",Essence,Beleza e Higiene/Maquilhagem/Unhas,https://www.continente.pt/dw/image/v2/BDVS_PRD/on/demandware.static/-/Sites-col-master-catalog/default/dwd3ff8a56/images/col/754/7549917-frente.jpg?sw=280&sh=280,emb. 1 un,https://www.continente.pt/produto/verniz-de-unhas-gel-nail-colour-13-essence-7549917.html,higiene-beleza,2025-04-21,Continente
Raspador e Lima de Pés,4916963,9.85,"€9,85/un",Mercurochrome,Beleza e Higiene/Corpo/Cuidados de Mãos e Pés,https://www.continente.pt/dw/image/v2/BDVS_PRD/on/demandware.static/-/Sites-col-master-catalog/default/dw6b6f4412/images/col/491/4916963-frente.jpg?sw=280&sh=280,emb. 1 un,https://www.continente.pt/produto/raspador-e-lima-de-pes-mercurochrome-4916963.html,higiene-beleza,2025-04-21,Continente
Desodorizante Spray Eco Naturally Good,7550016,2.99,"€23,92/lt",Nivea,Beleza e Higiene/Corpo/Desodorizantes,https://www.continente.pt/dw/image/v2/BDVS_PRD/on/demandware.static/-/Sites-col-master-catalog/default/dw37d691a9/images/col/755/7550016-hero.jpg?sw=280&sh=280,emb. 125 ml,https://www.continente.pt/produto/desodorizante-spray-eco-naturally-good-nivea-7550016.html,higiene-beleza,2025-04-21,Continente
Eau de Parfum nº 24,7315665,4.22,"€140,67/lt",Caravan,Beleza e Higiene/Corpo/Colónias e Perfumes,https://www.continente.pt/dw/image/v2/BDVS_PRD/on/demandware.static/-/Sites-col-master-catalog/default/dw7d5cdbf9/images/col/731/7315665-frente.jpg?sw=280&sh=280,emb. 30 ml,https://www.continente.pt/produto/eau-de-parfum-n-24-caravan-7315665.html,higiene-beleza,2025-04-21,Continente
Elixir Bucal Proteção Total Avançada 24 Horas,5375814,5.24,"€10,48/lt",Colgate,Beleza e Higiene/Higiene Oral/Elixires Bucais,https://www.continente.pt/dw/image/v2/BDVS_PRD/on/demandware.static/-/Sites-col-master-catalog/default/dwc9fda224/images/col/537/5375814-hero.png?sw=280&sh=280,emb. 500 ml,https://www.continente.pt/produto/elixir-bucal-protecao-total-avancada-24-horas-colgate-5375814.html,higiene-beleza,2025-04-21,Continente
Creme de Pentear Pro-V Caracóis Disciplinados,6905996,4.79,"€17,74/lt",Pantene,"Beleza e Higiene/Cabelo/Spray, Espuma, Creme e Gel/Espuma e Creme",https://www.continente.pt/dw/image/v2/BDVS_PRD/on/demandware.static/-/Sites-col-master-catalog/default/dwd580dedd/images/col/690/6905996-hero.jpg?sw=280&sh=280,emb. 270 ml,https://www.continente.pt/produto/creme-de-pentear-pro-v-caracois-disciplinados-pantene-6905996.html,higiene-beleza,2025-04-21,Continente
Escovilhão Interdental Brush XS,7620010,5.99,"€5,99/un",Jordan,Beleza e Higiene/Higiene Oral/Fio e Fita Dentária,https://www.continente.pt/dw/image/v2/BDVS_PRD/on/demandware.static/-/Sites-col-master-catalog/default/dw53ff2936/images/col/762/7620010-frente-01.jpg?sw=280&sh=280,emb. 1 un,https://www.continente.pt/produto/escovilhao-interdental-brush-xs-jordan-7620010.html,higiene-beleza,2025-04-21,Continente
Champô Nutri-Plex Caracóis Perfeitos,7714038,3.19,"€14,18/lt",Pantene,Beleza e Higiene/Cabelo/Champôs,https://www.continente.pt/dw/image/v2/BDVS_PRD/on/demandware.static/-/Sites-col-master-catalog/default/dw705a625e/images/col/771/7714038-hero.png?sw=280&sh=280,emb. 225 ml,https://www.continente.pt/produto/champo-nutri-plex-caracois-perfeitos-pantene-7714038.html,higiene-beleza,2025-04-21,Continente
Recarga de Lâminas Mach3,7361186,24.99,"€24,99/un",Gillette,Beleza e Higiene/Homem/Barba,https://www.continente.pt/dw/image/v2/BDVS_PRD/on/demandware.static/-/Sites-col-master-catalog/default/dw504309b5/images/col/736/7361186-hero.jpg?sw=280&sh=280,emb. 8 un,https://www.continente.pt/produto/recarga-de-laminas-mach3-gillette-7361186.html,higiene-beleza,2025-04-21,Continente
Laca Cabelo Pro-V Volume Perfeito,7653744,3.24,"€12,96/lt",Pantene,"Beleza e Higiene/Cabelo/Spray, Espuma, Creme e Gel/Laca e Spray",https://www.continente.pt/dw/image/v2/BDVS_PRD/on/demandware.static/-/Sites-col-master-catalog/default/dwb87ae205/images/col/765/7653744-frente.jpg?sw=280&sh=280,emb. 250 ml,https://www.continente.pt/produto/laca-cabelo-pro-v-volume-perfeito-pantene-7653744.html,higiene-beleza,2025-04-21,Continente
Recarga de Lâminas Compatível Mach 3,6732313,6.99,"€1,75/un",MyLabel,Beleza e Higiene/Homem/Barba,https://www.continente.pt/dw/image/v2/BDVS_PRD/on/demandware.static/-/Sites-col-master-catalog/default/dw2b15328d/images/col/673/6732313-frente.jpg?sw=280&sh=280,emb. 4 un,https://www.continente.pt/produto/recarga-de-laminas-compativel-mach-3-mylabel-6732313.html,higiene-beleza,2025-04-21,Continente
Aftershave Loção Original,2096956,5.84,"€58,40/lt",Denim,Beleza e Higiene/Homem/Barba,https://www.continente.pt/dw/image/v2/BDVS_PRD/on/demandware.static/-/Sites-col-master-catalog/default/dwced3e761/images/col/209/2096956-frente.jpg?sw=280&sh=280,emb. 100 ml,https://www.continente.pt/produto/aftershave-locao-original-denim-2096956.html,higiene-beleza,2025-04-21,Continente
Alicate para Cutículas,5809364,5.99,"€5,99/un",MyLabel,Beleza e Higiene/Maquilhagem/Acessórios,https://www.continente.pt/dw/image/v2/BDVS_PRD/on/demandware.static/-/Sites-col-master-catalog/default/dwdb65f2ed/images/col/580/5809364-cima.jpg?sw=280&sh=280,emb. 1 un,https://www.continente.pt/produto/alicate-para-cuticulas-mylabel-5809364.html,higiene-beleza,2025-04-21,Continente
Pensos Incontinência Discreet Extra,7995921,2.99,"€0,25/un",Ausonia Discreet,Beleza e Higiene/Higiene Íntima/Incontinência/Pensos Incontinência,https://www.continente.pt/dw/image/v2/BDVS_PRD/on/demandware.static/-/Sites-col-master-catalog/default/dw44c42253/images/col/799/7995921-frente.jpg?sw=280&sh=280,emb. 12 un,https://www.continente.pt/produto/pensos-incontinencia-discreet-extra-ausonia-discreet-7995921.html,higiene-beleza,2025-04-21,Continente
Luva de Banho,7576688,2.09,"€2,09/un",Continente,Beleza e Higiene/Corpo/Acessórios,https://www.continente.pt/dw/image/v2/BDVS_PRD/on/demandware.static/-/Sites-col-master-catalog/default/dw027a176e/images/col/757/7576688-frente.png?sw=280&sh=280,emb. 1 un,https://www.continente.pt/produto/luva-de-banho-continente-7576688.html,higiene-beleza,2025-04-21,Continente
Corta Cutículas Reciclado,7691974,6.54,"€6,54/un",Jean Louis David,Beleza e Higiene/Maquilhagem/Acessórios,https://www.continente.pt/dw/image/v2/BDVS_PRD/on/demandware.static/-/Sites-col-master-catalog/default/dw1f2b3066/images/col/769/7691974-frente.jpg?sw=280&sh=280,emb. 1 un,https://www.continente.pt/produto/corta-cuticulas-reciclado-jean-louis-david-7691974.html,higiene-beleza,2025-04-21,Continente
Máquina de Barbear Mach3 com 2 Recargas,7361078,6.49,"€6,49/un",Gillette,Beleza e Higiene/Homem/Barba,https://www.continente.pt/dw/image/v2/BDVS_PRD/on/demandware.static/-/Sites-col-master-catalog/default/dw5827d103/images/col/736/7361078-hero.jpg?sw=280&sh=280,emb. 1 un,https://www.continente.pt/produto/maquina-de-barbear-mach3-com-2-recargas-gillette-7361078.html,higiene-beleza,2025-04-21,Continente
Gel Cabelo Men Expert InvisiControl,6995811,3.59,"€23,93/lt",LOréal Paris,Beleza e Higiene/Homem/Cabelo,https://www.continente.pt/dw/image/v2/BDVS_PRD/on/demandware.static/-/Sites-col-master-catalog/default/dw75a4d706/images/col/699/6995811-frente.jpg?sw=280&sh=280,emb. 150 ml,https://www.continente.pt/produto/gel-cabelo-men-expert-invisicontrol-loreal-paris-6995811.html,higiene-beleza,2025-04-21,Continente
Champô Replenish & Cleanse,8015787,3.77,"€9,42/lt",Tresemmé,Beleza e Higiene/Cabelo/Champôs,https://www.continente.pt/dw/image/v2/BDVS_PRD/on/demandware.static/-/Sites-col-master-catalog/default/dw564d64a6/images/col/801/8015787-hero.png?sw=280&sh=280,emb. 400 ml,https://www.continente.pt/produto/champo-replenish-cleanse-tresemme-8015787.html,higiene-beleza,2025-04-21,Continente
Escova de Dentes Max White Ultra,7757142,3.74,"€3,74/un",Colgate,Beleza e Higiene/Higiene Oral/Escovas de Dentes,https://www.continente.pt/dw/image/v2/BDVS_PRD/on/demandware.static/-/Sites-col-master-catalog/default/dwc9176ffa/images/col/775/7757142-frente-1.png?sw=280&sh=280,emb. 1 un,https://www.continente.pt/produto/escova-de-dentes-max-white-ultra-colgate-7757142.html,higiene-beleza,2025-04-21,Continente
Eau de Parfum nº 11,5691427,12.99,"€86,60/lt",Caravan,Beleza e Higiene/Corpo/Colónias e Perfumes,https://www.continente.pt/dw/image/v2/BDVS_PRD/on/demandware.static/-/Sites-col-master-catalog/default/dwa6110a5d/images/col/569/5691427-frente.png?sw=280&sh=280,emb. 150 ml,https://www.continente.pt/produto/eau-de-parfum-n-11-caravan-5691427.html,higiene-beleza,2025-04-21,Continente
Desodorizante Stick Hydra Gel Eucalipto,7411564,3.89,"€55,57/lt",Gillette,Beleza e Higiene/Homem/Desodorizantes,https://www.continente.pt/dw/image/v2/BDVS_PRD/on/demandware.static/-/Sites-col-master-catalog/default/dwd831cdce/images/col/741/7411564-frente.jpg?sw=280&sh=280,emb. 70 ml,https://www.continente.pt/produto/desodorizante-stick-hydra-gel-eucalipto-gillette-7411564.html,higiene-beleza,2025-04-21,Continente
Água Micelar Detox,6482692,3.89,"€9,72/lt",Bioten,Beleza e Higiene/Rosto/Limpeza,https://www.continente.pt/dw/image/v2/BDVS_PRD/on/demandware.static/-/Sites-col-master-catalog/default/dwb387eb6a/images/col/648/6482692-frente.jpg?sw=280&sh=280,emb. 400 ml,https://www.continente.pt/produto/agua-micelar-detox-bioten-6482692.html,higiene-beleza,2025-04-21,Continente
Creme Cabelo Men Expert InvisiControl,6995813,6.99,"€46,60/lt",LOréal Paris,Beleza e Higiene/Homem/Cabelo,https://www.continente.pt/dw/image/v2/BDVS_PRD/on/demandware.static/-/Sites-col-master-catalog/default/dw15ccd579/images/col/699/6995813-cima.jpg?sw=280&sh=280,emb. 150 ml,https://www.continente.pt/produto/creme-cabelo-men-expert-invisicontrol-loreal-paris-6995813.html,higiene-beleza,2025-04-21,Continente
Ampolas Lift+ Flash Effect,6279213,11.7,"€1,67/un",Diadermine,Beleza e Higiene/Rosto/Antirrugas e Refirmantes,https://www.continente.pt/dw/image/v2/BDVS_PRD/on/demandware.static/-/Sites-col-master-catalog/default/dw6b36a1a7/images/col/627/6279213-frente.jpg?sw=280&sh=280,emb. 7 un,https://www.continente.pt/produto/ampolas-lift-flash-effect-diadermine-6279213.html,higiene-beleza,2025-04-21,Continente
Sérum de Rosto Q10 Dupla Ação,7985612,12.34,"€411,33/m",Nivea,Beleza e Higiene/Rosto/Hidratação,https://www.continente.pt/dw/image/v2/BDVS_PRD/on/demandware.static/-/Sites-col-master-catalog/default/dw38e7dff8/images/col/798/7985612-hero.jpg?sw=280&sh=280,emb. 30 ml,https://www.continente.pt/produto/serum-de-rosto-q10-dupla-acao-nivea-7985612.html,higiene-beleza,2025-04-21,Continente
Loção Corpo Óleo de Argão,5642983,4.15,"€12,58/lt",Natural Honey,Beleza e Higiene/Corpo/Cremes e Loções,https://www.continente.pt/dw/image/v2/BDVS_PRD/on/demandware.static/-/Sites-col-master-catalog/default/dwce2dd3b4/images/col/564/5642983-frente.jpg?sw=280&sh=280,emb. 330 ml,https://www.continente.pt/produto/locao-corpo-oleo-de-argao-natural-honey-5642983.html,higiene-beleza,2025-04-21,Continente
Champô Hidratação Mel e Karite,8404008,3.21,"€3,21/un",Le Petit Marseillais,Beleza e Higiene/Cabelo/Champôs,https://www.continente.pt/dw/image/v2/BDVS_PRD/on/demandware.static/-/Sites-col-master-catalog/default/dwb4a643f8/images/col/840/8404008-frente.png?sw=280&sh=280,emb. 300 ml,https://www.continente.pt/produto/champo-hidratacao-mel-e-karite-le-petit-marseillais-8404008.html,higiene-beleza,2025-04-21,Continente
Desodorizante Stick Rockstar,8014870,3.56,"€71,20/lt",Old Spice,Beleza e Higiene/Homem/Desodorizantes,https://www.continente.pt/dw/image/v2/BDVS_PRD/on/demandware.static/-/Sites-col-master-catalog/default/dwbde3a318/images/col/801/8014870-hero.png?sw=280&sh=280,emb. 50 ml,https://www.continente.pt/produto/desodorizante-stick-rockstar-old-spice-8014870.html,higiene-beleza,2025-04-21,Continente
Aftershave Loção Captain,6900735,10.99,"€109,90/lt",Old Spice,Beleza e Higiene/Homem/Barba,https://www.continente.pt/dw/image/v2/BDVS_PRD/on/demandware.static/-/Sites-col-master-catalog/default/dwedad0057/images/col/690/6900735-hero.jpg?sw=280&sh=280,emb. 100 ml,https://www.continente.pt/produto/aftershave-locao-captain-old-spice-6900735.html,higiene-beleza,2025-04-21,Continente
Máscara Cabelo Liso e Sedoso,4871196,4.94,"€16,47/lt",Pantene,Beleza e Higiene/Cabelo/Máscaras e Tratamentos,https://www.continente.pt/dw/image/v2/BDVS_PRD/on/demandware.static/-/Sites-col-master-catalog/default/dwf36c15b7/images/col/487/4871196-hero.png?sw=280&sh=280,emb. 300 ml,https://www.continente.pt/produto/mascara-cabelo-liso-e-sedoso-pantene-4871196.html,higiene-beleza,2025-04-21,Continente
Corretor Instant Perfect Glow 4 em 1 Light Medium 1.5,7974239,14.99,"€14,99/un",Maybelline New York,Beleza e Higiene/Maquilhagem/Rosto,https://www.continente.pt/dw/image/v2/BDVS_PRD/on/demandware.static/-/Sites-col-master-catalog/default/dwb7fd86b1/images/col/797/7974239-hero.jpg?sw=280&sh=280,emb. 1 un,https://www.continente.pt/produto/corretor-instant-perfect-glow-4-em-1-light-medium-1.5-maybelline-new-york-7974239.html,higiene-beleza,2025-04-21,Continente
Condicionador Repair,7257717,4.01,"€9,11/lt",Syoss,Beleza e Higiene/Cabelo/Condicionadores,https://www.continente.pt/dw/image/v2/BDVS_PRD/on/demandware.static/-/Sites-col-master-catalog/default/dw5321b893/images/col/725/7257717-frente.jpg?sw=280&sh=280,emb. 440 ml,https://www.continente.pt/produto/condicionador-repair-syoss-7257717.html,higiene-beleza,2025-04-21,Continente
Pensos Higiénicos Ultrafina Plus Super com Abas,7636751,2.99,"€0,21/un",Ausonia,Beleza e Higiene/Higiene Íntima/Pensos e Cuecas Menstruais,https://www.continente.pt/dw/image/v2/BDVS_PRD/on/demandware.static/-/Sites-col-master-catalog/default/dw861a78cf/images/col/763/7636751-hero.jpg?sw=280&sh=280,emb. 14 un,https://www.continente.pt/produto/pensos-higienicos-ultrafina-plus-super-com-abas-ausonia-7636751.html,higiene-beleza,2025-04-21,Continente
Cuecas Incontinência Discreet Plus M,7250631,7.59,"€0,84/un",Continente,Beleza e Higiene/Higiene Íntima/Incontinência/Cuecas Incontinência,https://www.continente.pt/dw/image/v2/BDVS_PRD/on/demandware.static/-/Sites-col-master-catalog/default/dw3f08617b/images/col/725/7250631-hero.jpg?sw=280&sh=280,emb. 9 un,https://www.continente.pt/produto/cuecas-incontinencia-discreet-plus-m-continente-7250631.html,higiene-beleza,2025-04-21,Continente
Creme de Mãos Hyaluronic Boost,7052650,1.98,"€19,80/lt",Bioten,Beleza e Higiene/Corpo/Cuidados de Mãos e Pés,https://www.continente.pt/dw/image/v2/BDVS_PRD/on/demandware.static/-/Sites-col-master-catalog/default/dw60bed4b3/images/col/705/7052650-frente.jpg?sw=280&sh=280,emb. 100 ml,https://www.continente.pt/produto/creme-de-maos-hyaluronic-boost-bioten-7052650.html,higiene-beleza,2025-04-21,Continente
Desodorizante Spray Men Expert Extreme Sport,8141079,7.18,"€7,18/un",LOréal Paris,Beleza e Higiene/Homem/Desodorizantes,https://www.continente.pt/dw/image/v2/BDVS_PRD/on/demandware.static/-/Sites-col-master-catalog/default/dw91ea4fb5/images/col/814/8141079-hero.png?sw=280&sh=280,emb. 3 x 150 ml,https://www.continente.pt/produto/desodorizante-spray-men-expert-extreme-sport-loreal-paris-8141079.html,higiene-beleza,2025-04-21,Continente
Champô Revitaliza e Hidrata Manteiga de Karité,7132106,7.49,"€19,45/lt",Maui Moisture,Beleza e Higiene/Cabelo/Champôs,https://www.continente.pt/dw/image/v2/BDVS_PRD/on/demandware.static/-/Sites-col-master-catalog/default/dwf36f429d/images/col/713/7132106-frente.jpg?sw=280&sh=280,emb. 385 ml,https://www.continente.pt/produto/champo-revitaliza-e-hidrata-manteiga-de-karite-maui-moisture-7132106.html,higiene-beleza,2025-04-21,Continente
Água Micelar Hidratante,5902037,5.5,"€13,75/lt",Diadermine,Beleza e Higiene/Rosto/Limpeza,https://www.continente.pt/dw/image/v2/BDVS_PRD/on/demandware.static/-/Sites-col-master-catalog/default/dw5bbbb3d7/images/col/590/5902037-frente.jpg?sw=280&sh=280,emb. 400 ml,https://www.continente.pt/produto/agua-micelar-hidratante-diadermine-5902037.html,higiene-beleza,2025-04-21,Continente
Creme de Rosto Dia Q10 Power Antirrugas FPS30,5845046,10.97,"€219,40/lt",Nivea,Beleza e Higiene/Rosto/Antirrugas e Refirmantes,https://www.continente.pt/dw/image/v2/BDVS_PRD/on/demandware.static/-/Sites-col-master-catalog/default/dw9cfd9a3f/images/col/584/5845046-frente-1.jpg?sw=280&sh=280,emb. 50 ml,https://www.continente.pt/produto/creme-de-rosto-dia-q10-power-antirrugas-fps30-nivea-5845046.html,higiene-beleza,2025-04-21,Continente
Gel Corpo Anti-celulite Bioactive Caffeine,6761274,7.03,"€351,50/lt",Bioten,Beleza e Higiene/Corpo/Cremes e Loções,https://www.continente.pt/dw/image/v2/BDVS_PRD/on/demandware.static/-/Sites-col-master-catalog/default/dw58c115ec/images/col/676/6761274-frente.jpg?sw=280&sh=280,emb. 20 ml,https://www.continente.pt/produto/gel-corpo-anti-celulite-bioactive-caffeine-bioten-6761274.html,higiene-beleza,2025-04-21,Continente
Eau de Parfum nº 82,5691298,9.98,"€66,53/lt",Caravan,Beleza e Higiene/Corpo/Colónias e Perfumes,https://www.continente.pt/dw/image/v2/BDVS_PRD/on/demandware.static/-/Sites-col-master-catalog/default/dw54d9e77f/images/col/569/5691298-frente.png?sw=280&sh=280,emb. 150 ml,https://www.continente.pt/produto/eau-de-parfum-n-82-caravan-5691298.html,higiene-beleza,2025-04-21,Continente
Coloração Permanente Nutrisse Creme Louro Claro 8.0,2383363,9.49,"€9,49/un",Garnier,Beleza e Higiene/Cabelo/Colorações,https://www.continente.pt/dw/image/v2/BDVS_PRD/on/demandware.static/-/Sites-col-master-catalog/default/dwed09fe05/images/col/238/2383363-frente.jpg?sw=280&sh=280,emb. 1 un,https://www.continente.pt/produto/coloracao-permanente-nutrisse-creme-louro-claro-8.0-garnier-2383363.html,higiene-beleza,2025-04-21,Continente
Condicionador Deep Intense Keratin,8290302,3.99,"€15,96/lt",Syoss,Beleza e Higiene/Cabelo/Condicionadores,https://www.continente.pt/dw/image/v2/BDVS_PRD/on/demandware.static/-/Sites-col-master-catalog/default/dw61d9342b/images/col/829/8290302-frente.png?sw=280&sh=280,emb. 250 ml,https://www.continente.pt/produto/condicionador-deep-intense-keratin-syoss-8290302.html,higiene-beleza,2025-04-21,Continente
Espuma Cabelo Keratina,5388708,4.01,"€16,04/lt",Syoss,"Beleza e Higiene/Cabelo/Spray, Espuma, Creme e Gel/Espuma e Creme",https://www.continente.pt/dw/image/v2/BDVS_PRD/on/demandware.static/-/Sites-col-master-catalog/default/dwa7774196/images/col/538/5388708-frente.jpg?sw=280&sh=280,emb. 250 ml,https://www.continente.pt/produto/espuma-cabelo-keratina-syoss-5388708.html,higiene-beleza,2025-04-21,Continente
Sabonete Sólido Algas,5839499,1.46,"€19,47/kg",Confiança,Beleza e Higiene/Corpo/Sabonetes,https://www.continente.pt/dw/image/v2/BDVS_PRD/on/demandware.static/-/Sites-col-master-catalog/default/dwbbe379bc/images/col/583/5839499-frente.jpg?sw=280&sh=280,emb. 75 gr,https://www.continente.pt/produto/sabonete-solido-algas-confianca-5839499.html,higiene-beleza,2025-04-21,Continente
Desodorizante Stick Men Derma Control,7998477,4.99,"€99,80/lt",Nivea,Beleza e Higiene/Homem/Desodorizantes,https://www.continente.pt/dw/image/v2/BDVS_PRD/on/demandware.static/-/Sites-col-master-catalog/default/dw3d9bb9c9/images/col/799/7998477-hero.jpg?sw=280&sh=280,emb. 50 ml,https://www.continente.pt/produto/desodorizante-stick-men-derma-control-nivea-7998477.html,higiene-beleza,2025-04-21,Continente
Base de Rosto Infaillible 32h Fresh Wear 300,6732833,11.69,"€11,69/un",LOréal Paris,Beleza e Higiene/Maquilhagem/Rosto,https://www.continente.pt/dw/image/v2/BDVS_PRD/on/demandware.static/-/Sites-col-master-catalog/default/dw819cb8a4/images/col/673/6732833-frente.jpg?sw=280&sh=280,emb. 30 ml,https://www.continente.pt/produto/base-de-rosto-infaillible-32h-fresh-wear-300-loreal-paris-6732833.html,higiene-beleza,2025-04-21,Continente
Condicionador Hydrate & Revive Óleo de Argão de Marrocos,6841772,7.19,"€18,68/lt",OGX,Beleza e Higiene/Cabelo/Condicionadores,https://www.continente.pt/dw/image/v2/BDVS_PRD/on/demandware.static/-/Sites-col-master-catalog/default/dw848975f7/images/col/684/6841772-frente.png?sw=280&sh=280,emb. 385 ml,https://www.continente.pt/produto/condicionador-hydrate-revive-oleo-de-argao-de-marrocos-ogx-6841772.html,higiene-beleza,2025-04-21,Continente
Champô Nutritivo Argão,8293781,3.78,"€5,82/lt",Revlon,Beleza e Higiene/Cabelo/Champôs,https://www.continente.pt/dw/image/v2/BDVS_PRD/on/demandware.static/-/Sites-col-master-catalog/default/dw0ae719f3/images/col/829/8293781-frente.jpg?sw=280&sh=280,emb. 650 ml,https://www.continente.pt/produto/champo-nutritivo-argao-revlon-8293781.html,higiene-beleza,2025-04-21,Continente
Bálsamo Labial Original,8043994,3.99,"€3,99/un",Vaseline,Beleza e Higiene/Rosto/Lábios,https://www.continente.pt/dw/image/v2/BDVS_PRD/on/demandware.static/-/Sites-col-master-catalog/default/dw8f279c91/images/col/804/8043994-hero.png?sw=280&sh=280,emb. 1 un,https://www.continente.pt/produto/balsamo-labial-original-vaseline-8043994.html,higiene-beleza,2025-04-21,Continente
Batom Líquido Brilliant Signature Plumping 400,7368732,8.99,"€8,99/un",LOréal Paris,Beleza e Higiene/Maquilhagem/Lábios,https://www.continente.pt/dw/image/v2/BDVS_PRD/on/demandware.static/-/Sites-col-master-catalog/default/dw0172d1cd/images/col/736/7368732-frente.jpg?sw=280&sh=280,emb. 1 un,https://www.continente.pt/produto/batom-liquido-brilliant-signature-plumping-400-loreal-paris-7368732.html,higiene-beleza,2025-04-21,Continente
Máscara Facial de Bolhas Carvão Detox,7632142,2.24,"€2,24/un",7th Heaven,Beleza e Higiene/Rosto/Limpeza,https://www.continente.pt/dw/image/v2/BDVS_PRD/on/demandware.static/-/Sites-col-master-catalog/default/dw52a955b4/images/col/763/7632142-frente.jpg?sw=280&sh=280,emb. 1 un,https://www.continente.pt/produto/mascara-facial-de-bolhas-carvao-detox-7th-heaven-7632142.html,higiene-beleza,2025-04-21,Continente
Pó Compacto Stay Matte 006,5235139,7.86,"€7,86/un",Rimmel,Beleza e Higiene/Maquilhagem/Rosto,https://www.continente.pt/dw/image/v2/BDVS_PRD/on/demandware.static/-/Sites-col-master-catalog/default/dw967fb36c/images/col/523/5235139-cima.jpg?sw=280&sh=280,emb. 1 un,https://www.continente.pt/produto/po-compacto-stay-matte-006-rimmel-5235139.html,higiene-beleza,2025-04-21,Continente
Máscara Facial Calmante Kitten,7382532,2.24,"€2,24/un",7th Heaven,Beleza e Higiene/Rosto/Máscaras,https://www.continente.pt/dw/image/v2/BDVS_PRD/on/demandware.static/-/Sites-col-master-catalog/default/dw69017fb1/images/col/738/7382532-frente.jpg?sw=280&sh=280,emb. 1 un,https://www.continente.pt/produto/mascara-facial-calmante-kitten-7th-heaven-7382532.html,higiene-beleza,2025-04-21,Continente
Lenços Faciais School,6678744,1.29,"€0,03/un",Renova,Beleza e Higiene/Lenços e Cuidados de Saúde/Lenços de Papel,https://www.continente.pt/dw/image/v2/BDVS_PRD/on/demandware.static/-/Sites-col-master-catalog/default/dw1d52e25c/images/col/667/6678744-hero.png?sw=280&sh=280,emb. 70 un,https://www.continente.pt/produto/lencos-faciais-school-renova-6678744.html,higiene-beleza,2025-04-21,Continente
Eyeliner Master Precise,5007288,5.84,"€5,84/un",Maybelline New York,Beleza e Higiene/Maquilhagem/Olhos,https://www.continente.pt/dw/image/v2/BDVS_PRD/on/demandware.static/-/Sites-col-master-catalog/default/dw913c64e1/images/col/500/5007288-frente.jpg?sw=280&sh=280,emb. 1 un,https://www.continente.pt/produto/eyeliner-master-precise-maybelline-new-york-5007288.html,higiene-beleza,2025-04-21,Continente
Gel de Limpeza Rosto Men Expert Magnesium Defense,7539975,4.74,"€47,40/lt",LOréal Paris,Beleza e Higiene/Homem/Rosto,https://www.continente.pt/dw/image/v2/BDVS_PRD/on/demandware.static/-/Sites-col-master-catalog/default/dw0837d7d6/images/col/753/7539975-hero.jpg?sw=280&sh=280,emb. 100 ml,https://www.continente.pt/produto/gel-de-limpeza-rosto-men-expert-magnesium-defense-loreal-paris-7539975.html,higiene-beleza,2025-04-21,Continente
Acetona,4767628,2.15,"€10,75/lt",Corine de Farme,Beleza e Higiene/Maquilhagem/Unhas,https://www.continente.pt/dw/image/v2/BDVS_PRD/on/demandware.static/-/Sites-col-master-catalog/default/dwa3d3b76d/images/col/476/4767628-frente.jpg?sw=280&sh=280,emb. 200 ml,https://www.continente.pt/produto/acetona-corine-de-farme-4767628.html,higiene-beleza,2025-04-21,Continente
Desodorizante Roll On Men Magnesium Dry,7381083,4.99,"€99,80/lt",Nivea,Beleza e Higiene/Homem/Desodorizantes,https://www.continente.pt/dw/image/v2/BDVS_PRD/on/demandware.static/-/Sites-col-master-catalog/default/dw6f35c4f4/images/col/738/7381083-hero.jpg?sw=280&sh=280,emb. 50 ml,https://www.continente.pt/produto/desodorizante-roll-on-men-magnesium-dry-nivea-7381083.html,higiene-beleza,2025-04-21,Continente
Pó e Base 2 em 1 Infaillible 24h Fresh Wear 245,7368721,10.79,"€10,79/un",LOréal Paris,Beleza e Higiene/Maquilhagem/Rosto,https://www.continente.pt/dw/image/v2/BDVS_PRD/on/demandware.static/-/Sites-col-master-catalog/default/dw5c655062/images/col/736/7368721-frente.jpg?sw=280&sh=280,emb. 1 un,https://www.continente.pt/produto/po-e-base-2-em-1-infaillible-24h-fresh-wear-245-loreal-paris-7368721.html,higiene-beleza,2025-04-21,Continente
Loção Corpo Essential Healing,7044815,6.59,"€16,48/lt",Vaseline,Beleza e Higiene/Corpo/Cremes e Loções,https://www.continente.pt/dw/image/v2/BDVS_PRD/on/demandware.static/-/Sites-col-master-catalog/default/dw106e11ce/images/col/704/7044815-hero.jpg?sw=280&sh=280,emb. 400 ml,https://www.continente.pt/produto/locao-corpo-essential-healing-vaseline-7044815.html,higiene-beleza,2025-04-21,Continente
Creme Corpo Gordo 72h Hidratação Intensiva Pele Muito Seca,7059425,9.99,"€39,96/lt",Vaseline,Beleza e Higiene/Corpo/Cremes e Loções,https://www.continente.pt/dw/image/v2/BDVS_PRD/on/demandware.static/-/Sites-col-master-catalog/default/dw8106e487/images/col/705/7059425-hero.jpg?sw=280&sh=280,emb. 250 ml,https://www.continente.pt/produto/creme-corpo-gordo-72h-hidratacao-intensiva-pele-muito-seca-vaseline-7059425.html,higiene-beleza,2025-04-21,Continente
Coloração Permanente Intensive Castanho Escuro 3,5741779,3.59,"€3,59/un",Palette,Beleza e Higiene/Cabelo/Colorações,https://www.continente.pt/dw/image/v2/BDVS_PRD/on/demandware.static/-/Sites-col-master-catalog/default/dwc14825c1/images/col/574/5741779-frente-online.jpg?sw=280&sh=280,emb. 1 un,https://www.continente.pt/produto/coloracao-permanente-intensive-castanho-escuro-3-palette-5741779.html,higiene-beleza,2025-04-21,Continente
Creme Corpo Skin Nutries Aloe e Cânhamo,7712670,3.85,"€15,36/lt",Bioten,Beleza e Higiene/Corpo/Cremes e Loções,https://www.continente.pt/dw/image/v2/BDVS_PRD/on/demandware.static/-/Sites-col-master-catalog/default/dwbec15fb5/images/col/771/7712670-frente.jpg?sw=280&sh=280,emb. 250 ml,https://www.continente.pt/produto/creme-corpo-skin-nutries-aloe-e-canhamo-bioten-7712670.html,higiene-beleza,2025-04-21,Continente
Gel Barbear Fusion Sensitive,8040152,7.19,"€17,98/lt",Gillette,Beleza e Higiene/Homem/Barba,https://www.continente.pt/dw/image/v2/BDVS_PRD/on/demandware.static/-/Sites-col-master-catalog/default/dw19700d51/images/col/804/8040152-frente.jpg?sw=280&sh=280,emb. 2 x 200 ml,https://www.continente.pt/produto/gel-barbear-fusion-sensitive-gillette-8040152.html,higiene-beleza,2025-04-21,Continente
Máscara Facial de Tecido Revitalift Filler Preenchedora,7100595,2.79,"€2,79/un",LOréal Paris,Beleza e Higiene/Rosto/Antirrugas e Refirmantes,https://www.continente.pt/dw/image/v2/BDVS_PRD/on/demandware.static/-/Sites-col-master-catalog/default/dw09522877/images/col/710/7100595-frente.jpg?sw=280&sh=280,emb. 1 un,https://www.continente.pt/produto/mascara-facial-de-tecido-revitalift-filler-preenchedora-loreal-paris-7100595.html,higiene-beleza,2025-04-21,Continente
Gel Pernas Refrescante,8022998,2.29,"€11,45/lt",MyLabel,Beleza e Higiene/Corpo/Cuidados de Mãos e Pés,https://www.continente.pt/dw/image/v2/BDVS_PRD/on/demandware.static/-/Sites-col-master-catalog/default/dwf8e5e21a/images/col/802/8022998-frente.png?sw=280&sh=280,emb. 200 ml,https://www.continente.pt/produto/gel-pernas-refrescante-mylabel-8022998.html,higiene-beleza,2025-04-21,Continente
Eyeliner Lasting Drama Automático Brown Sugar,7974251,3.99,"€3,99/un",Maybelline New York,Beleza e Higiene/Maquilhagem/Olhos,https://www.continente.pt/dw/image/v2/BDVS_PRD/on/demandware.static/-/Sites-col-master-catalog/default/dwd5c51190/images/col/797/7974251-hero.jpg?sw=280&sh=280,emb. 1 un,https://www.continente.pt/produto/eyeliner-lasting-drama-automatico-brown-sugar-maybelline-new-york-7974251.html,higiene-beleza,2025-04-21,Continente
Laca Cabelo Pro-V Fixação Flexível,7653747,3.24,"€12,96/lt",Pantene,"Beleza e Higiene/Cabelo/Spray, Espuma, Creme e Gel/Laca e Spray",https://www.continente.pt/dw/image/v2/BDVS_PRD/on/demandware.static/-/Sites-col-master-catalog/default/dw3d38a71a/images/col/765/7653747-frente.jpg?sw=280&sh=280,emb. 250 ml,https://www.continente.pt/produto/laca-cabelo-pro-v-fixacao-flexivel-pantene-7653747.html,higiene-beleza,2025-04-21,Continente
Gel de Banho 3 em 1 Whitewater,5737903,3.56,"€8,90/lt",Old Spice,Beleza e Higiene/Homem/Gel de Banho,https://www.continente.pt/dw/image/v2/BDVS_PRD/on/demandware.static/-/Sites-col-master-catalog/default/dw8dff4ff8/images/col/573/5737903-hero.png?sw=280&sh=280,emb. 400 ml,https://www.continente.pt/produto/gel-de-banho-3-em-1-whitewater-old-spice-5737903.html,higiene-beleza,2025-04-21,Continente
Máscara Facial Revitalizante Tiger,7382530,2.24,"€2,24/un",7th Heaven,Beleza e Higiene/Rosto/Máscaras,https://www.continente.pt/dw/image/v2/BDVS_PRD/on/demandware.static/-/Sites-col-master-catalog/default/dw435c8c97/images/col/738/7382530-frente.jpg?sw=280&sh=280,emb. 1 un,https://www.continente.pt/produto/mascara-facial-revitalizante-tiger-7th-heaven-7382530.html,higiene-beleza,2025-04-21,Continente
Protetor Solar Spray Protect&Care FPS 30+,7805324,4.79,"€19,16/lt",MyLabel,Beleza e Higiene/Corpo/Protetores Solares e Bronzeadores/Protetores Solares Corpo,https://www.continente.pt/dw/image/v2/BDVS_PRD/on/demandware.static/-/Sites-col-master-catalog/default/dw9c1521c2/images/col/780/7805324-frente.png?sw=280&sh=280,emb. 250 ml,https://www.continente.pt/produto/protetor-solar-spray-protect-care-fps-30-mylabel-7805324.html,higiene-beleza,2025-04-21,Continente
Champô Elvive Hidra Hialurónico,7514165,3.95,"€9,88/lt",LOréal Paris,Beleza e Higiene/Cabelo/Champôs,https://www.continente.pt/dw/image/v2/BDVS_PRD/on/demandware.static/-/Sites-col-master-catalog/default/dw36d818f3/images/col/751/7514165-hero-1.jpg?sw=280&sh=280,emb. 400 ml,https://www.continente.pt/produto/champo-elvive-hidra-hialuronico-loreal-paris-7514165.html,higiene-beleza,2025-04-21,Continente
Molas Cabelo Pequenas,7412818,2.49,"€2,49/un",MyLabel,Beleza e Higiene/Cabelo/Acessórios,https://www.continente.pt/dw/image/v2/BDVS_PRD/on/demandware.static/-/Sites-col-master-catalog/default/dwf64bcab5/images/col/741/7412818-frente.jpg?sw=280&sh=280,emb. 2 un,https://www.continente.pt/produto/molas-cabelo-pequenas-mylabel-7412818.html,higiene-beleza,2025-04-21,Continente
Máquina Depilatória Soleil Click3 Sensitive,7411309,5.75,"€5,75/un",BIC,Beleza e Higiene/Corpo/Depilação e Descoloração,https://www.continente.pt/dw/image/v2/BDVS_PRD/on/demandware.static/-/Sites-col-master-catalog/default/dw05733e53/images/col/741/7411309-frente.jpg?sw=280&sh=280,emb. 1 un,https://www.continente.pt/produto/maquina-depilatoria-soleil-click3-sensitive-bic-7411309.html,higiene-beleza,2025-04-21,Continente
Gel Cabelo Fructis Style Fixação Absoluta,4949817,3.84,"€19,20/lt",Garnier,"Beleza e Higiene/Cabelo/Spray, Espuma, Creme e Gel/Gel e Cera",https://www.continente.pt/dw/image/v2/BDVS_PRD/on/demandware.static/-/Sites-col-master-catalog/default/dwaf656008/images/col/494/4949817-frente.jpg?sw=280&sh=280,emb. 200 ml,https://www.continente.pt/produto/gel-cabelo-fructis-style-fixacao-absoluta-garnier-4949817.html,higiene-beleza,2025-04-21,Continente
Condicionador Deep Intense Caracóis,8290308,3.99,"€15,96/lt",Syoss,Beleza e Higiene/Cabelo/Condicionadores,https://www.continente.pt/dw/image/v2/BDVS_PRD/on/demandware.static/-/Sites-col-master-catalog/default/dwbf909130/images/col/829/8290308-frente.png?sw=280&sh=280,emb. 250 ml,https://www.continente.pt/produto/condicionador-deep-intense-caracois-syoss-8290308.html,higiene-beleza,2025-04-21,Continente
Mousse Cabelo Caracóis,6837987,3.59,"€17,95/lt",Tresemmé,"Beleza e Higiene/Cabelo/Spray, Espuma, Creme e Gel/Espuma e Creme",https://www.continente.pt/dw/image/v2/BDVS_PRD/on/demandware.static/-/Sites-col-master-catalog/default/dw54bdd4f8/images/col/683/6837987-frente.png?sw=280&sh=280,emb. 200 ml,https://www.continente.pt/produto/mousse-cabelo-caracois-tresemme-6837987.html,higiene-beleza,2025-04-21,Continente
Champô Fructis Aloe Vera Hydra Bomb,6420844,5.99,"€14,98/lt",Garnier,Beleza e Higiene/Cabelo/Champôs,https://www.continente.pt/dw/image/v2/BDVS_PRD/on/demandware.static/-/Sites-col-master-catalog/default/dwaef6d5b1/images/col/642/6420844-frente.jpg?sw=280&sh=280,emb. 400 ml,https://www.continente.pt/produto/champo-fructis-aloe-vera-hydra-bomb-garnier-6420844.html,higiene-beleza,2025-04-21,Continente
Champô Pro-V Active Nutri-Plex Miracle Suave e Liso,8154230,4.94,"€19,76/lt",Pantene,Beleza e Higiene/Cabelo/Champôs,https://www.continente.pt/dw/image/v2/BDVS_PRD/on/demandware.static/-/Sites-col-master-catalog/default/dw2054601d/images/col/815/8154230-hero.png?sw=280&sh=280,emb. 250 ml,https://www.continente.pt/produto/champo-pro-v-active-nutri-plex-miracle-suave-e-liso-pantene-8154230.html,higiene-beleza,2025-04-21,Continente
Pasta de Dentes Advanced Esmalte,8385319,4.39,"€58,53/lt",Oral-B,Beleza e Higiene/Higiene Oral/Pastas de Dentes,https://www.continente.pt/dw/image/v2/BDVS_PRD/on/demandware.static/-/Sites-col-master-catalog/default/dwefcc4caf/images/col/838/8385319-hero.png?sw=280&sh=280,emb. 75 ml,https://www.continente.pt/produto/pasta-de-dentes-advanced-esmalte-oral-b-8385319.html,higiene-beleza,2025-04-21,Continente
Conjunto Ambre Solaire Proteção Solar Peles Sensiveis + Oferta Bolsa,7794744,16.99,"€16,99/un",Garnier,Beleza e Higiene/Corpo/Protetores Solares e Bronzeadores/Protetores Solares Corpo,https://www.continente.pt/dw/image/v2/BDVS_PRD/on/demandware.static/-/Sites-col-master-catalog/default/dwa9869640/images/col/779/7794744-hero.jpg?sw=280&sh=280,emb. 150 ml + 150 ml,https://www.continente.pt/produto/conjunto-ambre-solaire-protecao-solar-peles-sensiveis-oferta-bolsa-garnier-7794744.html,higiene-beleza,2025-04-21,Continente
Champô Ultra Suave Tesouros de Mel,5247723,3.69,"€14,76/lt",Garnier,Beleza e Higiene/Cabelo/Champôs,https://www.continente.pt/dw/image/v2/BDVS_PRD/on/demandware.static/-/Sites-col-master-catalog/default/dw3a9d1f78/images/col/524/5247723-hero.jpg?sw=280&sh=280,emb. 250 ml,https://www.continente.pt/produto/champo-ultra-suave-tesouros-de-mel-garnier-5247723.html,higiene-beleza,2025-04-21,Continente
Creme de Rosto e Barba King C. Hidratante,7462191,9.34,"€93,40/lt",Gillette,Beleza e Higiene/Homem/Rosto,https://www.continente.pt/dw/image/v2/BDVS_PRD/on/demandware.static/-/Sites-col-master-catalog/default/dwdfa495e7/images/col/746/7462191-hero.jpg?sw=280&sh=280,emb. 100 ml,https://www.continente.pt/produto/creme-de-rosto-e-barba-king-c.-hidratante-gillette-7462191.html,higiene-beleza,2025-04-21,Continente
Coloração Retoca Raízes Root Retoucher Spray Castanho Escuro,7205768,9.29,"€9,29/un",Schwarzkopf,Beleza e Higiene/Cabelo/Colorações,https://www.continente.pt/dw/image/v2/BDVS_PRD/on/demandware.static/-/Sites-col-master-catalog/default/dw6eb890b9/images/col/720/7205768-frente.jpg?sw=280&sh=280,emb. 1 un,https://www.continente.pt/produto/coloracao-retoca-raizes-root-retoucher-spray-castanho-escuro-schwarzkopf-7205768.html,higiene-beleza,2025-04-21,Continente
Máquina de Barbear Fusion5 com 2 Recargas,7360396,13.99,"€13,99/un",Gillette,Beleza e Higiene/Homem/Barba,https://www.continente.pt/dw/image/v2/BDVS_PRD/on/demandware.static/-/Sites-col-master-catalog/default/dweba6e42e/images/col/736/7360396-hero.jpg?sw=280&sh=280,emb. 1 un,https://www.continente.pt/produto/maquina-de-barbear-fusion5-com-2-recargas-gillette-7360396.html,higiene-beleza,2025-04-21,Continente
Sérum Cabelo Elvive Glycolic Gloss,7970230,8.99,"€8,99/un",LOréal Paris,Beleza e Higiene/Cabelo/Máscaras e Tratamentos,https://www.continente.pt/dw/image/v2/BDVS_PRD/on/demandware.static/-/Sites-col-master-catalog/default/dw9347b393/images/col/797/7970230-hero.jpg?sw=280&sh=280,emb. 150 ml,https://www.continente.pt/produto/serum-cabelo-elvive-glycolic-gloss-loreal-paris-7970230.html,higiene-beleza,2025-04-21,Continente
Protetor Solar Spray Sun Protect & Bronze FPS 30   ,5051242,11.99,"€59,95/lt",Nivea,Beleza e Higiene/Corpo/Protetores Solares e Bronzeadores/Protetores Solares Corpo,https://www.continente.pt/dw/image/v2/BDVS_PRD/on/demandware.static/-/Sites-col-master-catalog/default/dw8fa5c350/images/col/505/5051242-hero.jpg?sw=280&sh=280,emb. 200 ml,https://www.continente.pt/produto/protetor-solar-spray-sun-protect-bronze-fps-30%C2%A0-%C2%A0-nivea-5051242.html,higiene-beleza,2025-04-21,Continente
Verniz de Unhas Gel Nail Colour 07,7549912,1.99,"€1,99/un",Essence,Beleza e Higiene/Maquilhagem/Unhas,https://www.continente.pt/dw/image/v2/BDVS_PRD/on/demandware.static/-/Sites-col-master-catalog/default/dw85fc8215/images/col/754/7549912-frente.jpg?sw=280&sh=280,emb. 1 un,https://www.continente.pt/produto/verniz-de-unhas-gel-nail-colour-07-essence-7549912.html,higiene-beleza,2025-04-21,Continente
Eyeliner 24H 010,7393976,3.39,"€3,39/un",Catrice,Beleza e Higiene/Maquilhagem/Olhos,https://www.continente.pt/dw/image/v2/BDVS_PRD/on/demandware.static/-/Sites-col-master-catalog/default/dwc10eb7e1/images/col/739/7393976-frente.jpg?sw=280&sh=280,emb. 1 un,https://www.continente.pt/produto/eyeliner-24h-010-catrice-7393976.html,higiene-beleza,2025-04-21,Continente
Recargas Máquina Depilatória Soleil Click3 Sensitive,7411312,8.09,"€8,09/un",BIC,Beleza e Higiene/Corpo/Depilação e Descoloração,https://www.continente.pt/dw/image/v2/BDVS_PRD/on/demandware.static/-/Sites-col-master-catalog/default/dw65c1a388/images/col/741/7411312-frente.jpg?sw=280&sh=280,emb. 4 un,https://www.continente.pt/produto/recargas-maquina-depilatoria-soleil-click3-sensitive-bic-7411312.html,higiene-beleza,2025-04-21,Continente
Loção Corpo Figura Perfeita,5530246,4.15,"€12,58/lt",Natural Honey,Beleza e Higiene/Corpo/Cremes e Loções,https://www.continente.pt/dw/image/v2/BDVS_PRD/on/demandware.static/-/Sites-col-master-catalog/default/dweac5fcea/images/col/553/5530246-frente.jpg?sw=280&sh=280,emb. 330 ml,https://www.continente.pt/produto/locao-corpo-figura-perfeita-natural-honey-5530246.html,higiene-beleza,2025-04-21,Continente
Champô Gliss Aqua Revive,7776679,2.78,"€11,12/lt",Schwarzkopf,Beleza e Higiene/Cabelo/Champôs,https://www.continente.pt/dw/image/v2/BDVS_PRD/on/demandware.static/-/Sites-col-master-catalog/default/dwbcd3b2f7/images/col/777/7776679-frente.jpg?sw=280&sh=280,emb. 250 ml,https://www.continente.pt/produto/champo-gliss-aqua-revive-schwarzkopf-7776679.html,higiene-beleza,2025-04-21,Continente
Verniz de Unhas 60 Seconds Funtime Fuschia 323,5579424,2.52,"€2,52/un",Rimmel,Beleza e Higiene/Maquilhagem/Unhas,https://www.continente.pt/dw/image/v2/BDVS_PRD/on/demandware.static/-/Sites-col-master-catalog/default/dwc3f200a3/images/col/557/5579424-frente.jpg?sw=280&sh=280,emb. 1 un,https://www.continente.pt/produto/verniz-de-unhas-60-seconds-funtime-fuschia-323-rimmel-5579424.html,higiene-beleza,2025-04-21,Continente
Batom Color Riche Intense Volume 346,7533238,15.99,"€15,99/un",LOréal Paris,Beleza e Higiene/Maquilhagem/Lábios,https://www.continente.pt/dw/image/v2/BDVS_PRD/on/demandware.static/-/Sites-col-master-catalog/default/dwd983380c/images/col/753/7533238-frente.jpg?sw=280&sh=280,emb. 1 un,https://www.continente.pt/produto/batom-color-riche-intense-volume-346-loreal-paris-7533238.html,higiene-beleza,2025-04-21,Continente
Champô Anticaspa Pro-Expert 7 Alívio da Comichão,7984543,5.99,"€19,97/lt",H&S,Beleza e Higiene/Cabelo/Champôs,https://www.continente.pt/dw/image/v2/BDVS_PRD/on/demandware.static/-/Sites-col-master-catalog/default/dwc8c6adff/images/col/798/7984543-frente.jpg?sw=280&sh=280,emb. 300 ml,https://www.continente.pt/produto/champo-anticaspa-pro-expert-7-alivio-da-comichao-h-s-7984543.html,higiene-beleza,2025-04-21,Continente
Máscara de Pestanas Volume Million Lashes Extra Black,5006523,10.46,"€10,46/un",LOréal Paris,Beleza e Higiene/Maquilhagem/Olhos,https://www.continente.pt/dw/image/v2/BDVS_PRD/on/demandware.static/-/Sites-col-master-catalog/default/dwec71c8c5/images/col/500/5006523-frente.jpg?sw=280&sh=280,emb. 1 un,https://www.continente.pt/produto/mascara-de-pestanas-volume-million-lashes-extra-black-loreal-paris-5006523.html,higiene-beleza,2025-04-21,Continente
Champô Ever Straightening Queratina Brasileira,6432262,6.74,"€17,51/lt",OGX,Beleza e Higiene/Cabelo/Champôs,https://www.continente.pt/dw/image/v2/BDVS_PRD/on/demandware.static/-/Sites-col-master-catalog/default/dw2a977d99/images/col/643/6432262-frente.png?sw=280&sh=280,emb. 385 ml,https://www.continente.pt/produto/champo-ever-straightening-queratina-brasileira-ogx-6432262.html,higiene-beleza,2025-04-21,Continente
Máscara Cabelo Pro-V Miracles Hidratação e Brilho,7984601,7.79,"€25,97/lt",Pantene,Beleza e Higiene/Cabelo/Máscaras e Tratamentos,https://www.continente.pt/dw/image/v2/BDVS_PRD/on/demandware.static/-/Sites-col-master-catalog/default/dw7e164fbc/images/col/798/7984601-amb.png?sw=280&sh=280,emb. 300 ml,https://www.continente.pt/produto/mascara-cabelo-pro-v-miracles-hidratacao-e-brilho-pantene-7984601.html,higiene-beleza,2025-04-21,Continente
Óleo Corpo Argão,8124840,5.99,"€23,96/lt",Natural Honey,Beleza e Higiene/Corpo/Cremes e Loções,https://www.continente.pt/dw/image/v2/BDVS_PRD/on/demandware.static/-/Sites-col-master-catalog/default/dw2d40333f/images/col/812/8124840-frente.png?sw=280&sh=280,emb. 250 ml,https://www.continente.pt/produto/oleo-corpo-argao-natural-honey-8124840.html,higiene-beleza,2025-04-21,Continente
Loção Corpo Lactooil Cuidado Extra,6978089,3.99,"€9,97/lt",Lactovit,Beleza e Higiene/Corpo/Cremes e Loções,https://www.continente.pt/dw/image/v2/BDVS_PRD/on/demandware.static/-/Sites-col-master-catalog/default/dw1b6d73e3/images/col/697/6978089-frente.jpg?sw=280&sh=280,emb. 400 ml,https://www.continente.pt/produto/locao-corpo-lactooil-cuidado-extra-lactovit-6978089.html,higiene-beleza,2025-04-21,Continente
Máscara Facial Reduz Manchas Cannabis,7382527,1.49,"€1,49/un",7th Heaven,Beleza e Higiene/Rosto/Máscaras,https://www.continente.pt/dw/image/v2/BDVS_PRD/on/demandware.static/-/Sites-col-master-catalog/default/dw6019d8d8/images/col/738/7382527-frente.jpg?sw=280&sh=280,emb. 1 un,https://www.continente.pt/produto/mascara-facial-reduz-manchas-cannabis-7th-heaven-7382527.html,higiene-beleza,2025-04-21,Continente
Máscara Cabelo Fructis Hair Food Melancia,7795751,5.84,"€14,60/lt",Garnier,Beleza e Higiene/Cabelo/Máscaras e Tratamentos,https://www.continente.pt/dw/image/v2/BDVS_PRD/on/demandware.static/-/Sites-col-master-catalog/default/dw5a56e73b/images/col/779/7795751-hero.jpg?sw=280&sh=280,emb. 400 ml,https://www.continente.pt/produto/mascara-cabelo-fructis-hair-food-melancia-garnier-7795751.html,higiene-beleza,2025-04-21,Continente
Coloração Permanente Intensive Castanho Claro 5,5741783,4.91,"€4,91/un",Palette,Beleza e Higiene/Cabelo/Colorações,https://www.continente.pt/dw/image/v2/BDVS_PRD/on/demandware.static/-/Sites-col-master-catalog/default/dw4f66118f/images/col/574/5741783-esquerdo.jpg?sw=280&sh=280,emb. 1 un,https://www.continente.pt/produto/coloracao-permanente-intensive-castanho-claro-5-palette-5741783.html,higiene-beleza,2025-04-21,Continente
Condicionador Hidrata Coco,8153955,3.99,"€15,96/lt",Herbal Essences,Beleza e Higiene/Cabelo/Condicionadores,https://www.continente.pt/dw/image/v2/BDVS_PRD/on/demandware.static/-/Sites-col-master-catalog/default/dw5fb1d9bc/images/col/815/8153955-frente.png?sw=280&sh=280,emb. 250 ml,https://www.continente.pt/produto/condicionador-hidrata-coco-herbal-essences-8153955.html,higiene-beleza,2025-04-21,Continente
Coloração Permanente Preto Azulado 1.4,4621283,6.48,"€6,48/un",Syoss,Beleza e Higiene/Cabelo/Colorações,https://www.continente.pt/dw/image/v2/BDVS_PRD/on/demandware.static/-/Sites-col-master-catalog/default/dwd10de773/images/col/462/4621283-frente.jpg?sw=280&sh=280,emb. 1 un,https://www.continente.pt/produto/coloracao-permanente-preto-azulado-1.4-syoss-4621283.html,higiene-beleza,2025-04-21,Continente
Lápis de Olhos Le Khôl 101 Midnight Black,7658245,4.89,"€4,89/un",LOréal Paris,Beleza e Higiene/Maquilhagem/Olhos,https://www.continente.pt/dw/image/v2/BDVS_PRD/on/demandware.static/-/Sites-col-master-catalog/default/dwb199820b/images/col/765/7658245-frente.jpg?sw=280&sh=280,emb. 1 un,https://www.continente.pt/produto/lapis-de-olhos-le-khol-101-midnight-black-loreal-paris-7658245.html,higiene-beleza,2025-04-21,Continente
Desodorizante de Pés Spray,4906340,6.49,"€43,27/lt",Scholl,Beleza e Higiene/Corpo/Cuidados de Mãos e Pés,https://www.continente.pt/dw/image/v2/BDVS_PRD/on/demandware.static/-/Sites-col-master-catalog/default/dw5f2fd47f/images/col/490/4906340-frente.jpg?sw=280&sh=280,emb. 150 ml,https://www.continente.pt/produto/desodorizante-de-pes-spray-scholl-4906340.html,higiene-beleza,2025-04-21,Continente
Gel Higiene Íntima Tomilho e Própolis,5516127,4.89,"€19,56/lt",Fresh&Clean,Beleza e Higiene/Higiene Íntima/Gel e Sabonetes Íntimos,https://www.continente.pt/dw/image/v2/BDVS_PRD/on/demandware.static/-/Sites-col-master-catalog/default/dw388b5adf/images/col/551/5516127-frente.jpg?sw=280&sh=280,emb. 250 ml,https://www.continente.pt/produto/gel-higiene-intima-tomilho-e-propolis-fresh-clean-5516127.html,higiene-beleza,2025-04-21,Continente
Tratamento Cabelo Intensivo 1 Minute Wow Smooth Liso,7757295,6.39,"€37,59/lt",Tresemmé,Beleza e Higiene/Cabelo/Condicionadores,https://www.continente.pt/dw/image/v2/BDVS_PRD/on/demandware.static/-/Sites-col-master-catalog/default/dw0186f746/images/col/775/7757295-hero.jpg?sw=280&sh=280,emb. 170 ml,https://www.continente.pt/produto/tratamento-cabelo-intensivo-1-minute-wow-smooth-liso-tresemme-7757295.html,higiene-beleza,2025-04-21,Continente
Elixir Bucal Plax Menta Suave,7731994,2.99,"€11,96/lt",Colgate,Beleza e Higiene/Higiene Oral/Elixires Bucais,https://www.continente.pt/dw/image/v2/BDVS_PRD/on/demandware.static/-/Sites-col-master-catalog/default/dwa4bd1541/images/col/773/7731994-frente.jpg?sw=280&sh=280,emb. 250 ml,https://www.continente.pt/produto/elixir-bucal-plax-menta-suave-colgate-7731994.html,higiene-beleza,2025-04-21,Continente
Champô Elvive Full Resist,7460999,17.98,"€8,69/lt",LOréal Paris,Beleza e Higiene/Cabelo/Champôs,https://www.continente.pt/dw/image/v2/BDVS_PRD/on/demandware.static/-/Sites-col-master-catalog/default/dwd4e62bbd/images/col/746/7460999-hero.jpg?sw=280&sh=280,emb. 3 x 690 ml,https://www.continente.pt/produto/champo-elvive-full-resist-loreal-paris-7460999.html,higiene-beleza,2025-04-21,Continente
Loção Corpo Nutritiva,7776688,6.81,"€11,35/lt",Natural Honey,Beleza e Higiene/Corpo/Cremes e Loções,https://www.continente.pt/dw/image/v2/BDVS_PRD/on/demandware.static/-/Sites-col-master-catalog/default/dwc1eb68ec/images/col/777/7776688-frente.jpg?sw=280&sh=280,emb. 600 ml,https://www.continente.pt/produto/locao-corpo-nutritiva-natural-honey-7776688.html,higiene-beleza,2025-04-21,Continente
Coloração Temporária para Barba Castanho Claro,4011912,10.79,"€10,79/un",Just For Men,Beleza e Higiene/Homem/Barba,https://www.continente.pt/dw/image/v2/BDVS_PRD/on/demandware.static/-/Sites-col-master-catalog/default/dwfa88fc64/images/col/401/4011912-esquerdo.jpg?sw=280&sh=280,emb. 1 un,https://www.continente.pt/produto/coloracao-temporaria-para-barba-castanho-claro-just-for-men-4011912.html,higiene-beleza,2025-04-21,Continente
Lâminas Descartáveis Flex 5,6466819,8.99,"€3,00/un",BIC,Beleza e Higiene/Homem/Barba,https://www.continente.pt/dw/image/v2/BDVS_PRD/on/demandware.static/-/Sites-col-master-catalog/default/dw4d84b9bd/images/col/646/6466819-frente.jpg?sw=280&sh=280,emb. 3 un,https://www.continente.pt/produto/laminas-descartaveis-flex-5-bic-6466819.html,higiene-beleza,2025-04-21,Continente
Loção Corpo Cocoa Radiant,5045326,6.59,"€16,48/lt",Vaseline,Beleza e Higiene/Corpo/Cremes e Loções,https://www.continente.pt/dw/image/v2/BDVS_PRD/on/demandware.static/-/Sites-col-master-catalog/default/dw976a712c/images/col/504/5045326-hero.jpg?sw=280&sh=280,emb. 400 ml,https://www.continente.pt/produto/locao-corpo-cocoa-radiant-vaseline-5045326.html,higiene-beleza,2025-04-21,Continente
Coloração Retoca Raízes Magic Retouch Spray Preto,7944680,9.89,"€131,87/lt",LOréal Paris,Beleza e Higiene/Cabelo/Colorações,https://www.continente.pt/dw/image/v2/BDVS_PRD/on/demandware.static/-/Sites-col-master-catalog/default/dw5de7c31d/images/col/794/7944680-frente.png?sw=280&sh=280,emb. 75 ml,https://www.continente.pt/produto/coloracao-retoca-raizes-magic-retouch-spray-preto-loreal-paris-7944680.html,higiene-beleza,2025-04-21,Continente
Mola Cabelo Grande,6866537,3.99,"€3,99/un",MyLabel,Beleza e Higiene/Cabelo/Acessórios,https://www.continente.pt/dw/image/v2/BDVS_PRD/on/demandware.static/-/Sites-col-master-catalog/default/dw81d72c56/images/col/686/6866537-frente.jpg?sw=280&sh=280,emb. 1 un,https://www.continente.pt/produto/mola-cabelo-grande-mylabel-6866537.html,higiene-beleza,2025-04-21,Continente
Cuecas Incontinência Discreet Normal L,5888645,5.99,"€0,86/un",Ausonia Discreet,Beleza e Higiene/Higiene Íntima/Incontinência/Cuecas Incontinência,https://www.continente.pt/dw/image/v2/BDVS_PRD/on/demandware.static/-/Sites-col-master-catalog/default/dw603efd5a/images/col/588/5888645-hero.jpg?sw=280&sh=280,emb. 7 un,https://www.continente.pt/produto/cuecas-incontinencia-discreet-normal-l-ausonia-discreet-5888645.html,higiene-beleza,2025-04-21,Continente
Gel Corpo Anti-celulite,6131985,7.03,"€35,15/lt",Bioten,Beleza e Higiene/Corpo/Cremes e Loções,https://www.continente.pt/dw/image/v2/BDVS_PRD/on/demandware.static/-/Sites-col-master-catalog/default/dw75e33999/images/col/613/6131985-frente.jpg?sw=280&sh=280,emb. 200 ml,https://www.continente.pt/produto/gel-corpo-anti-celulite-bioten-6131985.html,higiene-beleza,2025-04-21,Continente
Bandas Depilatórias Cera Rosto e Toalhitas,6916593,1.97,"€0,16/un",Body Natur,Beleza e Higiene/Corpo/Depilação e Descoloração,https://www.continente.pt/dw/image/v2/BDVS_PRD/on/demandware.static/-/Sites-col-master-catalog/default/dw8416768a/images/col/691/6916593-frente.png?sw=280&sh=280,emb. 12 + 2 un,https://www.continente.pt/produto/bandas-depilatorias-cera-rosto-e-toalhitas-body-natur-6916593.html,higiene-beleza,2025-04-21,Continente
"Fita Adesiva 5m x 1,25 cm",2053657,2.49,"€0,50/m",Hansaplast,Beleza e Higiene/Lenços e Cuidados de Saúde/Cuidados de Saúde,https://www.continente.pt/dw/image/v2/BDVS_PRD/on/demandware.static/-/Sites-col-master-catalog/default/dw2465b8cf/images/col/205/2053657-esquerdo-online.jpg?sw=280&sh=280,emb. 1 un,https://www.continente.pt/produto/fita-adesiva-5m-x-125-cm-hansaplast-2053657.html,higiene-beleza,2025-04-21,Continente
Máscara Facial de Tecido Urban Skin Detox,6937710,3.09,"€3,09/un",Nivea,Beleza e Higiene/Rosto/Máscaras,https://www.continente.pt/dw/image/v2/BDVS_PRD/on/demandware.static/-/Sites-col-master-catalog/default/dwb68c8666/images/col/693/6937710-frente.jpg?sw=280&sh=280,emb. 1 un,https://www.continente.pt/produto/mascara-facial-de-tecido-urban-skin-detox-nivea-6937710.html,higiene-beleza,2025-04-21,Continente
Batom do Cieiro Morango,7837709,2.79,"€2,79/un",Labello,Beleza e Higiene/Rosto/Lábios,https://www.continente.pt/dw/image/v2/BDVS_PRD/on/demandware.static/-/Sites-col-master-catalog/default/dw1e73cdc3/images/col/783/7837709-frente-1.jpg?sw=280&sh=280,emb. 1 un,https://www.continente.pt/produto/batom-do-cieiro-morango-labello-7837709.html,higiene-beleza,2025-04-21,Continente
Protetor Solar Spray Ambre Solaire Sensitive Advanced FPS 50+,7727036,11.39,"€75,93/lt",Garnier,Beleza e Higiene/Corpo/Protetores Solares e Bronzeadores/Protetores Solares Corpo,https://www.continente.pt/dw/image/v2/BDVS_PRD/on/demandware.static/-/Sites-col-master-catalog/default/dw02274305/images/col/772/7727036-frente.jpg?sw=280&sh=280,emb. 150 ml,https://www.continente.pt/produto/protetor-solar-spray-ambre-solaire-sensitive-advanced-fps-50-garnier-7727036.html,higiene-beleza,2025-04-21,Continente
Palete de Rosto Ultra Sculp Kit Fair,6254440,5.99,"€5,99/un",Revolution,Beleza e Higiene/Maquilhagem/Rosto,https://www.continente.pt/dw/image/v2/BDVS_PRD/on/demandware.static/-/Sites-col-master-catalog/default/dw8d6115a3/images/col/625/6254440-frente-1.jpg?sw=280&sh=280,emb. 1 un,https://www.continente.pt/produto/palete-de-rosto-ultra-sculp-kit-fair-revolution-6254440.html,higiene-beleza,2025-04-21,Continente
Máscara Cabelo Hidratação Profunda,7853890,9.3,"€20,67/lt",Aussie,Beleza e Higiene/Cabelo/Máscaras e Tratamentos,https://www.continente.pt/dw/image/v2/BDVS_PRD/on/demandware.static/-/Sites-col-master-catalog/default/dw9fa4e62b/images/col/785/7853890-hero.png?sw=280&sh=280,emb. 450 ml,https://www.continente.pt/produto/mascara-cabelo-hidratacao-profunda-aussie-7853890.html,higiene-beleza,2025-04-21,Continente
Escova Cabelo Térmica Média,5818641,3.49,"€3,49/un",MyLabel,Beleza e Higiene/Cabelo/Acessórios,https://www.continente.pt/dw/image/v2/BDVS_PRD/on/demandware.static/-/Sites-col-master-catalog/default/dwca094bb4/images/col/581/5818641-frente.jpg?sw=280&sh=280,emb. 1 un,https://www.continente.pt/produto/escova-cabelo-termica-media-mylabel-5818641.html,higiene-beleza,2025-04-21,Continente
Corretor Instant Eraser Anti-Idade Sand 07,6583883,7.49,"€7,49/un",Maybelline New York,Beleza e Higiene/Maquilhagem/Rosto,https://www.continente.pt/dw/image/v2/BDVS_PRD/on/demandware.static/-/Sites-col-master-catalog/default/dw65147203/images/col/658/6583883-hero.jpg?sw=280&sh=280,emb. 1 un,https://www.continente.pt/produto/corretor-instant-eraser-anti-idade-sand-07-maybelline-new-york-6583883.html,higiene-beleza,2025-04-21,Continente
Cera Cabelo Matt Finish,7831957,4.01,"€40,10/lt",Syoss,"Beleza e Higiene/Cabelo/Spray, Espuma, Creme e Gel/Gel e Cera",https://www.continente.pt/dw/image/v2/BDVS_PRD/on/demandware.static/-/Sites-col-master-catalog/default/dw7c9b98ff/images/col/783/7831957-frente.jpg?sw=280&sh=280,emb. 100 ml,https://www.continente.pt/produto/cera-cabelo-matt-finish-syoss-7831957.html,higiene-beleza,2025-04-21,Continente
Exfoliante Rosto Derma Skin,7712130,5.38,"€35,87/lt",Nivea,Beleza e Higiene/Rosto/Acne e Pele Oleosa,https://www.continente.pt/dw/image/v2/BDVS_PRD/on/demandware.static/-/Sites-col-master-catalog/default/dw9c9f6372/images/col/771/7712130-hero.jpg?sw=280&sh=280,emb. 150 ml,https://www.continente.pt/produto/exfoliante-rosto-derma-skin-nivea-7712130.html,higiene-beleza,2025-04-21,Continente
Coloração Permanente Excellence Intense Louro Acobreado Dourado 7.43,5720048,8.44,"€8,44/un",LOréal Paris,Beleza e Higiene/Cabelo/Colorações,https://www.continente.pt/dw/image/v2/BDVS_PRD/on/demandware.static/-/Sites-col-master-catalog/default/dw0ae2ae83/images/col/572/5720048-direito.jpg?sw=280&sh=280,emb. 1 un,https://www.continente.pt/produto/coloracao-permanente-excellence-intense-louro-acobreado-dourado-7.43-loreal-paris-5720048.html,higiene-beleza,2025-04-21,Continente
,,0.0,"€17,45/lt",,,https://www.continente.pt/dw/image/v2/BDVS_PRD/on/demandware.static/-/Sites-col-master-catalog/default/dw7ee27623/images/col/642/6420825-frente.jpg?sw=280&sh=280,emb. 200 ml,https://www.continente.pt/produto/creme-de-pentear-ultra-suave-riqueza-dargao-garnier-6420825.html,higiene-beleza,2025-04-21,Continente
Verniz de Unhas Gel Nail Colour 14,7549922,1.99,"€1,99/un",Essence,Beleza e Higiene/Maquilhagem/Unhas,https://www.continente.pt/dw/image/v2/BDVS_PRD/on/demandware.static/-/Sites-col-master-catalog/default/dwddf4f28c/images/col/754/7549922-frente.jpg?sw=280&sh=280,emb. 1 un,https://www.continente.pt/produto/verniz-de-unhas-gel-nail-colour-14-essence-7549922.html,higiene-beleza,2025-04-21,Continente
Água Micelar Skin Glow com Infusão de Sérum,8018759,5.38,"€13,45/lt",Nivea,Beleza e Higiene/Rosto/Limpeza,https://www.continente.pt/dw/image/v2/BDVS_PRD/on/demandware.static/-/Sites-col-master-catalog/default/dw309420dd/images/col/801/8018759-hero.jpg?sw=280&sh=280,emb. 400 ml,https://www.continente.pt/produto/agua-micelar-skin-glow-com-infusao-de-serum-nivea-8018759.html,higiene-beleza,2025-04-21,Continente
Pasta de Dentes Advanced Branqueamento Saudável,8385622,4.39,"€58,53/lt",Oral-B,Beleza e Higiene/Higiene Oral/Pastas de Dentes,https://www.continente.pt/dw/image/v2/BDVS_PRD/on/demandware.static/-/Sites-col-master-catalog/default/dw0851e69d/images/col/838/8385622-hero.png?sw=280&sh=280,emb. 75 ml,https://www.continente.pt/produto/pasta-de-dentes-advanced-branqueamento-saudavel-oral-b-8385622.html,higiene-beleza,2025-04-21,Continente
Lápis de Sobrancelhas Brow Artist Micro Tatou Age 108,7368742,9.79,"€9,79/un",LOréal Paris,Beleza e Higiene/Maquilhagem/Olhos,https://www.continente.pt/dw/image/v2/BDVS_PRD/on/demandware.static/-/Sites-col-master-catalog/default/dw7257679b/images/col/736/7368742-frente.jpg?sw=280&sh=280,emb. 1 un,https://www.continente.pt/produto/lapis-de-sobrancelhas-brow-artist-micro-tatou-age-108-loreal-paris-7368742.html,higiene-beleza,2025-04-21,Continente
Champô Pro-V Active Nutri-Plex Repara e Protege,8406011,2.59,"€2,88/lt",Pantene,Beleza e Higiene/Cabelo/Champôs,https://www.continente.pt/dw/image/v2/BDVS_PRD/on/demandware.static/-/Sites-col-master-catalog/default/dw3e85db79/images/col/840/8406011-frente.jpg?sw=280&sh=280,emb. 90 ml,https://www.continente.pt/produto/champo-pro-v-active-nutri-plex-repara-e-protege-pantene-8406011.html,higiene-beleza,2025-04-21,Continente
Máscara de Pestanas Wonderful Waterproof,6609677,9.96,"€9,96/un",Rimmel,Beleza e Higiene/Maquilhagem/Olhos,https://www.continente.pt/dw/image/v2/BDVS_PRD/on/demandware.static/-/Sites-col-master-catalog/default/dw7f96f5a0/images/col/660/6609677-frente.jpg?sw=280&sh=280,emb. 1 un,https://www.continente.pt/produto/mascara-de-pestanas-wonderful-waterproof-rimmel-6609677.html,higiene-beleza,2025-04-21,Continente
Eyeliner Hyper Precision 701,7893202,8.99,"€1,00/un",Maybelline New York,Beleza e Higiene/Maquilhagem/Olhos,https://www.continente.pt/dw/image/v2/BDVS_PRD/on/demandware.static/-/Sites-col-master-catalog/default/dw2b66b1a9/images/col/789/7893202-hero.jpg?sw=280&sh=280,emb. 1 un,https://www.continente.pt/produto/eyeliner-hyper-precision-701-maybelline-new-york-7893202.html,higiene-beleza,2025-04-21,Continente
Água Micelar,8020293,1.69,"€16,90/lt",MyLabel,Beleza e Higiene/Rosto/Limpeza,https://www.continente.pt/dw/image/v2/BDVS_PRD/on/demandware.static/-/Sites-col-master-catalog/default/dw46821a3e/images/col/802/8020293-frente.jpg?sw=280&sh=280,emb. 100 ml,https://www.continente.pt/produto/agua-micelar-mylabel-8020293.html,higiene-beleza,2025-04-21,Continente
Alicate de Unhas Exclusivo,7483759,14.6,"€14,60/un",Jean Louis David,Beleza e Higiene/Maquilhagem/Acessórios,https://www.continente.pt/dw/image/v2/BDVS_PRD/on/demandware.static/-/Sites-col-master-catalog/default/dweb5f6f2a/images/col/748/7483759-frente.jpg?sw=280&sh=280,emb. 1 un,https://www.continente.pt/produto/alicate-de-unhas-exclusivo-jean-louis-david-7483759.html,higiene-beleza,2025-04-21,Continente
Champô Elvive Full Resist,4858514,3.99,"€15,96/lt",LOréal Paris,Beleza e Higiene/Cabelo/Champôs,https://www.continente.pt/dw/image/v2/BDVS_PRD/on/demandware.static/-/Sites-col-master-catalog/default/dwcd768785/images/col/485/4858514-frente.jpg?sw=280&sh=280,emb. 250 ml,https://www.continente.pt/produto/champo-elvive-full-resist-loreal-paris-4858514.html,higiene-beleza,2025-04-21,Continente
Coloração Retoca Raízes Root Retoucher Spray Louro Escuro,7205791,9.29,"€9,29/un",Schwarzkopf,Beleza e Higiene/Cabelo/Colorações,https://www.continente.pt/dw/image/v2/BDVS_PRD/on/demandware.static/-/Sites-col-master-catalog/default/dw290b5708/images/col/720/7205791-frente.jpg?sw=280&sh=280,emb. 1 un,https://www.continente.pt/produto/coloracao-retoca-raizes-root-retoucher-spray-louro-escuro-schwarzkopf-7205791.html,higiene-beleza,2025-04-21,Continente
Fraldas Ecológicas 14+kg T6,7800159,12.99,"€0,54/un",Kit&Kin,Bebé/Fraldas e Toalhitas/Fraldas 13-18kg/+18kg (T5 e T6),https://www.continente.pt/dw/image/v2/BDVS_PRD/on/demandware.static/-/Sites-col-master-catalog/default/dw08b77d60/images/col/780/7800159-frente.jpg?sw=280&sh=280,emb. 24 un,https://www.continente.pt/produto/fraldas-ecologicas-14kg-t6-kit-kin-7800159.html,higiene-beleza,2025-04-21,Continente
Corretor Conceal & Define C2,6693947,5.99,"€5,99/un",Revolution,Beleza e Higiene/Maquilhagem/Rosto,https://www.continente.pt/dw/image/v2/BDVS_PRD/on/demandware.static/-/Sites-col-master-catalog/default/dw125e9d02/images/col/669/6693947-frente-1.jpg?sw=280&sh=280,emb. 1 un,https://www.continente.pt/produto/corretor-conceal-define-c2-revolution-6693947.html,higiene-beleza,2025-04-21,Continente
Recarga de Lâminas Venus Snap Extra Smooth,7361895,10.99,"€5,50/un",Gillette,Beleza e Higiene/Corpo/Depilação e Descoloração,https://www.continente.pt/dw/image/v2/BDVS_PRD/on/demandware.static/-/Sites-col-master-catalog/default/dw8cd877f1/images/col/736/7361895-hero.png?sw=280&sh=280,emb. 2 un,https://www.continente.pt/produto/recarga-de-laminas-venus-snap-extra-smooth-gillette-7361895.html,higiene-beleza,2025-04-21,Continente
Máscara de Pestanas Get Big Lashes Volume Boost à Prova de Água 01,4863853,2.99,"€2,99/un",Essence,Beleza e Higiene/Maquilhagem/Olhos,https://www.continente.pt/dw/image/v2/BDVS_PRD/on/demandware.static/-/Sites-col-master-catalog/default/dwed0861f0/images/col/486/4863853-frente.jpg?sw=280&sh=280,emb. 1 un,https://www.continente.pt/produto/mascara-de-pestanas-get-big-lashes-volume-boost-a-prova-de-agua-01-essence-4863853.html,higiene-beleza,2025-04-21,Continente
Verniz de Unhas 60 Seconds Neon Fest 322,5937936,4.19,"€4,19/un",Rimmel,Beleza e Higiene/Maquilhagem/Unhas,https://www.continente.pt/dw/image/v2/BDVS_PRD/on/demandware.static/-/Sites-col-master-catalog/default/dwf9825016/images/col/593/5937936-frente.jpg?sw=280&sh=280,emb. 1 un,https://www.continente.pt/produto/verniz-de-unhas-60-seconds-neon-fest-322-rimmel-5937936.html,higiene-beleza,2025-04-21,Continente
Máscara Cabelo Naturals Leite de Aveia,7772679,2.99,"€7,48/lt",MyLabel,Beleza e Higiene/Cabelo/Máscaras e Tratamentos,https://www.continente.pt/dw/image/v2/BDVS_PRD/on/demandware.static/-/Sites-col-master-catalog/default/dw4741493b/images/col/777/7772679-frente.png?sw=280&sh=280,emb. 400 ml,https://www.continente.pt/produto/mascara-cabelo-naturals-leite-de-aveia-mylabel-7772679.html,higiene-beleza,2025-04-21,Continente
Verniz de Unhas 60 Seconds Clear 740,5579413,4.19,"€4,19/un",Rimmel,Beleza e Higiene/Maquilhagem/Unhas,https://www.continente.pt/dw/image/v2/BDVS_PRD/on/demandware.static/-/Sites-col-master-catalog/default/dwddbf2d22/images/col/557/5579413-frente.jpg?sw=280&sh=280,emb. 1 un,https://www.continente.pt/produto/verniz-de-unhas-60-seconds-clear-740-rimmel-5579413.html,higiene-beleza,2025-04-21,Continente
Verniz de Unhas Forever Yummi 57,5009549,7.99,"€7,99/un",Essie,Beleza e Higiene/Maquilhagem/Unhas,https://www.continente.pt/dw/image/v2/BDVS_PRD/on/demandware.static/-/Sites-col-master-catalog/default/dw0ede63c0/images/col/500/5009549-frente.jpg?sw=280&sh=280,"emb. 13,5 ml",https://www.continente.pt/produto/verniz-de-unhas-forever-yummi-57-essie-5009549.html,higiene-beleza,2025-04-21,Continente
Pó Bronzeador Matt Bronzing Powder 02,4282117,4.49,"€4,49/un",Essence,Beleza e Higiene/Maquilhagem/Rosto,https://www.continente.pt/dw/image/v2/BDVS_PRD/on/demandware.static/-/Sites-col-master-catalog/default/dw2ed04d7e/images/col/428/4282117-frente.jpg?sw=280&sh=280,emb. 1 un,https://www.continente.pt/produto/po-bronzeador-matt-bronzing-powder-02-essence-4282117.html,higiene-beleza,2025-04-21,Continente
Spray Cabelo Tónico de Crescimento Rapunzel,7677348,13.99,"€13,99/un",Lola,Beleza e Higiene/Cabelo/Máscaras e Tratamentos,https://www.continente.pt/dw/image/v2/BDVS_PRD/on/demandware.static/-/Sites-col-master-catalog/default/dwa074f9cc/images/col/767/7677348-frente.jpg?sw=280&sh=280,emb. 250 ml,https://www.continente.pt/produto/spray-cabelo-tonico-de-crescimento-rapunzel-lola-7677348.html,higiene-beleza,2025-04-21,Continente
Coloração Permanente Castanho Escuro 3.0,2053160,9.99,"€9,99/un",Koleston,Beleza e Higiene/Cabelo/Colorações,https://www.continente.pt/dw/image/v2/BDVS_PRD/on/demandware.static/-/Sites-col-master-catalog/default/dw9dcf78d2/images/col/205/2053160-direito.jpg?sw=280&sh=280,emb. 1 un,https://www.continente.pt/produto/coloracao-permanente-castanho-escuro-3.0-koleston-2053160.html,higiene-beleza,2025-04-21,Continente
Pincel Delineador de Lábios,7308521,4.99,"€4,99/un",MyLabel,Beleza e Higiene/Maquilhagem/Acessórios,https://www.continente.pt/dw/image/v2/BDVS_PRD/on/demandware.static/-/Sites-col-master-catalog/default/dwb46f3226/images/col/730/7308521-frente.jpg?sw=280&sh=280,emb. 1 un,https://www.continente.pt/produto/pincel-delineador-de-labios-mylabel-7308521.html,higiene-beleza,2025-04-21,Continente
Sérum Capilar Elvive Óleo Extraordinário Noite,7970231,7.97,"€79,70/lt",LOréal Paris,Beleza e Higiene/Cabelo/Máscaras e Tratamentos,https://www.continente.pt/dw/image/v2/BDVS_PRD/on/demandware.static/-/Sites-col-master-catalog/default/dwc8d3467f/images/col/797/7970231-hero.jpg?sw=280&sh=280,emb. 100 ml,https://www.continente.pt/produto/serum-capilar-elvive-oleo-extraordinario-noite-loreal-paris-7970231.html,higiene-beleza,2025-04-21,Continente
Máscara Cabelo Fructis Hair Food Aloe Vera,7857214,5.84,"€14,60/lt",Garnier,Beleza e Higiene/Cabelo/Máscaras e Tratamentos,https://www.continente.pt/dw/image/v2/BDVS_PRD/on/demandware.static/-/Sites-col-master-catalog/default/dw133f8dea/images/col/785/7857214-hero.jpg?sw=280&sh=280,emb. 400 ml,https://www.continente.pt/produto/mascara-cabelo-fructis-hair-food-aloe-vera-garnier-7857214.html,higiene-beleza,2025-04-21,Continente
Sombra de Olhos Color Queen 32,6922341,4.89,"€4,89/un",LOréal Paris,Beleza e Higiene/Maquilhagem/Olhos,https://www.continente.pt/dw/image/v2/BDVS_PRD/on/demandware.static/-/Sites-col-master-catalog/default/dw99ff7adb/images/col/692/6922341-cima.jpg?sw=280&sh=280,emb. 1 un,https://www.continente.pt/produto/sombra-de-olhos-color-queen-32-loreal-paris-6922341.html,higiene-beleza,2025-04-21,Continente
Máscara de Sobrancelhas Gel Tattoo Brow Ink 02,6316862,9.74,"€9,74/un",Maybelline New York,Beleza e Higiene/Maquilhagem/Olhos,https://www.continente.pt/dw/image/v2/BDVS_PRD/on/demandware.static/-/Sites-col-master-catalog/default/dwa814c25b/images/col/631/6316862-frente.jpg?sw=280&sh=280,emb. 1 un,https://www.continente.pt/produto/mascara-de-sobrancelhas-gel-tattoo-brow-ink-02-maybelline-new-york-6316862.html,higiene-beleza,2025-04-21,Continente
Máscara de Pestanas Double Trouble Extra Black,7474496,4.89,"€4,89/un",Essence,Beleza e Higiene/Maquilhagem/Olhos,https://www.continente.pt/dw/image/v2/BDVS_PRD/on/demandware.static/-/Sites-col-master-catalog/default/dwef6dab4e/images/col/747/7474496-frente.jpg?sw=280&sh=280,emb. 1 un,https://www.continente.pt/produto/mascara-de-pestanas-double-trouble-extra-black-essence-7474496.html,higiene-beleza,2025-04-21,Continente
Máscara Cabelo Extra Strength Óleo de Argão de Marrocos,7628047,7.49,"€24,97/kg",OGX,Beleza e Higiene/Cabelo/Máscaras e Tratamentos,https://www.continente.pt/dw/image/v2/BDVS_PRD/on/demandware.static/-/Sites-col-master-catalog/default/dwee5f8537/images/col/762/7628047-frente.jpg?sw=280&sh=280,emb. 300 gr,https://www.continente.pt/produto/mascara-cabelo-extra-strength-oleo-de-argao-de-marrocos-ogx-7628047.html,higiene-beleza,2025-04-21,Continente
Creme Higiene Íntima Dermoprotetor,7731753,6.39,"€31,95/lt",Lindor,Beleza e Higiene/Higiene Íntima/Gel e Sabonetes Íntimos,https://www.continente.pt/dw/image/v2/BDVS_PRD/on/demandware.static/-/Sites-col-master-catalog/default/dwf233dd99/images/col/773/7731753-frente.jpg?sw=280&sh=280,emb. 200 ml,https://www.continente.pt/produto/creme-higiene-intima-dermoprotetor-lindor-7731753.html,higiene-beleza,2025-04-21,Continente
Recarga de Lâminas Fusion5 Power,7361076,20.99,"€20,99/un",Gillette,Beleza e Higiene/Homem/Barba,https://www.continente.pt/dw/image/v2/BDVS_PRD/on/demandware.static/-/Sites-col-master-catalog/default/dw55bd9f74/images/col/736/7361076-hero.jpg?sw=280&sh=280,emb. 4 un,https://www.continente.pt/produto/recarga-de-laminas-fusion5-power-gillette-7361076.html,higiene-beleza,2025-04-21,Continente
Creme Protetor Contra Assaduras para Bebé,2062575,3.44,"€34,40/lt",Johnsons Baby,Bebé/Banho e Higiene/Proteção e Hidratação,https://www.continente.pt/dw/image/v2/BDVS_PRD/on/demandware.static/-/Sites-col-master-catalog/default/dw7f2ba715/images/col/206/2062575-frente.jpg?sw=280&sh=280,emb. 100 ml,https://www.continente.pt/produto/creme-protetor-contra-assaduras-para-bebe-johnsons-baby-2062575.html,higiene-beleza,2025-04-21,Continente
Creme Depilatório Pure Pernas e Corpo Pele Sensível,4644605,9.99,"€49,95/lt",Veet,Beleza e Higiene/Corpo/Depilação e Descoloração,https://www.continente.pt/dw/image/v2/BDVS_PRD/on/demandware.static/-/Sites-col-master-catalog/default/dwa2feb339/images/col/464/4644605-hero.jpg?sw=280&sh=280,emb. 200 ml,https://www.continente.pt/produto/creme-depilatorio-pure-pernas-e-corpo-pele-sensivel-veet-4644605.html,higiene-beleza,2025-04-21,Continente
Discos de Algodão Desmaquilhantes Não Branqueados Cocoon Redondos,8028228,5.37,"€0,02/un",DemakUp,Beleza e Higiene/Rosto/Limpeza,https://www.continente.pt/dw/image/v2/BDVS_PRD/on/demandware.static/-/Sites-col-master-catalog/default/dwada408a1/images/col/802/8028228-hero.png?sw=280&sh=280,emb. 3 x 85 un,https://www.continente.pt/produto/discos-de-algodao-desmaquilhantes-nao-branqueados-cocoon-redondos-demakup-8028228.html,higiene-beleza,2025-04-21,Continente
Exfoliante Rosto Extrato de Alperce,7918311,3.24,"€43,20/lt",Corine de Farme,Beleza e Higiene/Rosto/Limpeza,https://www.continente.pt/dw/image/v2/BDVS_PRD/on/demandware.static/-/Sites-col-master-catalog/default/dw630ac177/images/col/791/7918311-frente.jpg?sw=280&sh=280,emb. 75 ml,https://www.continente.pt/produto/exfoliante-rosto-extrato-de-alperce-corine-de-farme-7918311.html,higiene-beleza,2025-04-21,Continente
Pasta de Dentes Pro-Science Advanced Cuidado Intensivo,7458291,3.74,"€49,87/lt",Oral-B,Beleza e Higiene/Higiene Oral/Pastas de Dentes,https://www.continente.pt/dw/image/v2/BDVS_PRD/on/demandware.static/-/Sites-col-master-catalog/default/dwca7043a7/images/col/745/7458291-hero.png?sw=280&sh=280,emb. 75 ml,https://www.continente.pt/produto/pasta-de-dentes-pro-science-advanced-cuidado-intensivo-oral-b-7458291.html,higiene-beleza,2025-04-21,Continente
Champô Ultra Suave Leite de Coco e Macadâmia,6175081,3.69,"€14,76/lt",Garnier,Beleza e Higiene/Cabelo/Champôs,https://www.continente.pt/dw/image/v2/BDVS_PRD/on/demandware.static/-/Sites-col-master-catalog/default/dwa5a1eb5d/images/col/617/6175081-frente.jpg?sw=280&sh=280,emb. 250 ml,https://www.continente.pt/produto/champo-ultra-suave-leite-de-coco-e-macadamia-garnier-6175081.html,higiene-beleza,2025-04-21,Continente
Protetor Solar Creme Sensitive Kiddo FPS 50+,7734507,3.59,"€35,90/lt",MyLabel,Beleza e Higiene/Corpo/Protetores Solares e Bronzeadores/Protetores Solares Crianças,https://www.continente.pt/dw/image/v2/BDVS_PRD/on/demandware.static/-/Sites-col-master-catalog/default/dwe648b4e3/images/col/773/7734507-frente.jpg?sw=280&sh=280,emb. 100 ml,https://www.continente.pt/produto/protetor-solar-creme-sensitive-kiddo-fps-50-mylabel-7734507.html,higiene-beleza,2025-04-21,Continente
Champô Fructis Hidra Caracóis,2894179,3.99,"€15,96/lt",Garnier,Beleza e Higiene/Cabelo/Champôs,https://www.continente.pt/dw/image/v2/BDVS_PRD/on/demandware.static/-/Sites-col-master-catalog/default/dwbfd93a8e/images/col/289/2894179-frente.jpg?sw=280&sh=280,emb. 250 ml,https://www.continente.pt/produto/champo-fructis-hidra-caracois-garnier-2894179.html,higiene-beleza,2025-04-21,Continente
Óleo Corpo Hidratante,6616629,6.16,"€20,53/lt",Natural Honey,Beleza e Higiene/Corpo/Cremes e Loções,https://www.continente.pt/dw/image/v2/BDVS_PRD/on/demandware.static/-/Sites-col-master-catalog/default/dw63c395fe/images/col/661/6616629-frente.jpg?sw=280&sh=280,emb. 300 ml,https://www.continente.pt/produto/oleo-corpo-hidratante-natural-honey-6616629.html,higiene-beleza,2025-04-21,Continente
Máscara Cabelo Elvive Color Vive Intensiva Violeta,7127710,5.19,"€20,76/lt",LOréal Paris,Beleza e Higiene/Cabelo/Máscaras e Tratamentos,https://www.continente.pt/dw/image/v2/BDVS_PRD/on/demandware.static/-/Sites-col-master-catalog/default/dw6a625063/images/col/712/7127710-frente.jpg?sw=280&sh=280,emb. 250 ml,https://www.continente.pt/produto/mascara-cabelo-elvive-color-vive-intensiva-violeta-loreal-paris-7127710.html,higiene-beleza,2025-04-21,Continente
Desodorizante Roll On Clay Minerals,7719750,2.24,"€44,80/lt",Bioten,Beleza e Higiene/Corpo/Desodorizantes,https://www.continente.pt/dw/image/v2/BDVS_PRD/on/demandware.static/-/Sites-col-master-catalog/default/dwec6b283f/images/col/771/7719750-frente.jpg?sw=280&sh=280,emb. 50 ml,https://www.continente.pt/produto/desodorizante-roll-on-clay-minerals-bioten-7719750.html,higiene-beleza,2025-04-21,Continente
Creme de Pés Anti-Calosidades,7144284,4.04,"€80,80/lt",Body Natur,Beleza e Higiene/Corpo/Cuidados de Mãos e Pés,https://www.continente.pt/dw/image/v2/BDVS_PRD/on/demandware.static/-/Sites-col-master-catalog/default/dwd0a60562/images/col/714/7144284-frente.jpg?sw=280&sh=280,emb. 50 ml,https://www.continente.pt/produto/creme-de-pes-anti-calosidades-body-natur-7144284.html,higiene-beleza,2025-04-21,Continente
Creme de Pés Hidratação Profunda,7801617,5.99,"€59,90/lt",Soft&Co,Beleza e Higiene/Corpo/Cuidados de Mãos e Pés,https://www.continente.pt/dw/image/v2/BDVS_PRD/on/demandware.static/-/Sites-col-master-catalog/default/dwf5162766/images/col/780/7801617-frente.jpg?sw=280&sh=280,emb. 100 ml,https://www.continente.pt/produto/creme-de-pes-hidratacao-profunda-soft-co-7801617.html,higiene-beleza,2025-04-21,Continente
Champô Anticaspa Eficácia Ativa,7217398,4.94,"€13,72/lt",Linic,Beleza e Higiene/Homem/Cabelo,https://www.continente.pt/dw/image/v2/BDVS_PRD/on/demandware.static/-/Sites-col-master-catalog/default/dwdb90b478/images/col/721/7217398-hero.png?sw=280&sh=280,emb. 360 ml,https://www.continente.pt/produto/champo-anticaspa-eficacia-ativa-linic-7217398.html,higiene-beleza,2025-04-21,Continente
Coloração Permanente Nutrisse Creme Castanho 4,2524407,9.49,"€9,49/un",Garnier,Beleza e Higiene/Cabelo/Colorações,https://www.continente.pt/dw/image/v2/BDVS_PRD/on/demandware.static/-/Sites-col-master-catalog/default/dw18be355b/images/col/252/2524407-direito.jpg?sw=280&sh=280,emb. 1 un,https://www.continente.pt/produto/coloracao-permanente-nutrisse-creme-castanho-4-garnier-2524407.html,higiene-beleza,2025-04-21,Continente
Eau de Parfum nº 27,5690990,9.98,"€66,53/lt",Caravan,Beleza e Higiene/Corpo/Colónias e Perfumes,https://www.continente.pt/dw/image/v2/BDVS_PRD/on/demandware.static/-/Sites-col-master-catalog/default/dwf698cc63/images/col/569/5690990-frente.png?sw=280&sh=280,emb. 150 ml,https://www.continente.pt/produto/eau-de-parfum-n-27-caravan-5690990.html,higiene-beleza,2025-04-21,Continente
Lip Gloss Extreme Shine Volume,7474911,2.49,"€2,49/un",Essence,Beleza e Higiene/Maquilhagem/Lábios,https://www.continente.pt/dw/image/v2/BDVS_PRD/on/demandware.static/-/Sites-col-master-catalog/default/dw7b40c2ac/images/col/747/7474911-frente.jpg?sw=280&sh=280,emb. 1 un,https://www.continente.pt/produto/lip-gloss-extreme-shine-volume-essence-7474911.html,higiene-beleza,2025-04-21,Continente
Gel de Banho 3 em 1 Nightpanther,7740979,3.56,"€8,90/lt",Old Spice,Beleza e Higiene/Corpo/Gel de Banho,https://www.continente.pt/dw/image/v2/BDVS_PRD/on/demandware.static/-/Sites-col-master-catalog/default/dw5d66394b/images/col/774/7740979-hero.png?sw=280&sh=280,emb. 400 ml,https://www.continente.pt/produto/gel-de-banho-3-em-1-nightpanther-old-spice-7740979.html,higiene-beleza,2025-04-21,Continente
Champô Purificante Argila Branca,8404007,3.21,"€3,21/un",Le Petit Marseillais,Beleza e Higiene/Cabelo/Champôs,https://www.continente.pt/dw/image/v2/BDVS_PRD/on/demandware.static/-/Sites-col-master-catalog/default/dw0fcdb993/images/col/840/8404007-frente.png?sw=280&sh=280,emb. 300 ml,https://www.continente.pt/produto/champo-purificante-argila-branca-le-petit-marseillais-8404007.html,higiene-beleza,2025-04-21,Continente
Pincel Delineador de Sobrancelhas,7308520,3.99,"€3,99/un",MyLabel,Beleza e Higiene/Maquilhagem/Acessórios,https://www.continente.pt/dw/image/v2/BDVS_PRD/on/demandware.static/-/Sites-col-master-catalog/default/dw55ee06c2/images/col/730/7308520-frente.jpg?sw=280&sh=280,emb. 1 un,https://www.continente.pt/produto/pincel-delineador-de-sobrancelhas-mylabel-7308520.html,higiene-beleza,2025-04-21,Continente
Protetor Solar Spray Sun Sensitive Protect Babies & Kids FP 50+,7619805,14.09,"€14,09/un",Nivea,Beleza e Higiene/Corpo/Protetores Solares e Bronzeadores/Protetores Solares Crianças,https://www.continente.pt/dw/image/v2/BDVS_PRD/on/demandware.static/-/Sites-col-master-catalog/default/dw44eac14d/images/col/761/7619805-hero.jpg?sw=280&sh=280,emb. 270 ml,https://www.continente.pt/produto/protetor-solar-spray-sun-sensitive-protect-babies-kids-fp-50-nivea-7619805.html,higiene-beleza,2025-04-21,Continente
Eau de Toilette Dark Temptation,7970641,10.49,"€104,90/lt",Axe,Beleza e Higiene/Corpo/Colónias e Perfumes,https://www.continente.pt/dw/image/v2/BDVS_PRD/on/demandware.static/-/Sites-col-master-catalog/default/dwe8de5ec0/images/col/797/7970641-hero.png?sw=280&sh=280,emb. 100 ml,https://www.continente.pt/produto/eau-de-toilette-dark-temptation-axe-7970641.html,higiene-beleza,2025-04-21,Continente
Máscara de Pestanas All Eyes On Me 01,4525977,2.49,"€2,49/un",Essence,Beleza e Higiene/Maquilhagem/Olhos,https://www.continente.pt/dw/image/v2/BDVS_PRD/on/demandware.static/-/Sites-col-master-catalog/default/dw9797edc5/images/col/452/4525977-frente.jpg?sw=280&sh=280,emb. 1 un,https://www.continente.pt/produto/mascara-de-pestanas-all-eyes-on-me-01-essence-4525977.html,higiene-beleza,2025-04-21,Continente
Creme Contorno de Olhos Q10 Power Antirrugas,2170531,9.74,"€649,33/lt",Nivea,Beleza e Higiene/Rosto/Antirrugas e Refirmantes,https://www.continente.pt/dw/image/v2/BDVS_PRD/on/demandware.static/-/Sites-col-master-catalog/default/dwab7f0e53/images/col/217/2170531-frente-1.jpg?sw=280&sh=280,emb. 15 ml,https://www.continente.pt/produto/creme-contorno-de-olhos-q10-power-antirrugas-nivea-2170531.html,higiene-beleza,2025-04-21,Continente
Escova Cabelo Pneumática Grande,5818634,2.69,"€2,69/un",MyLabel,Beleza e Higiene/Cabelo/Acessórios,https://www.continente.pt/dw/image/v2/BDVS_PRD/on/demandware.static/-/Sites-col-master-catalog/default/dwabdd1f7b/images/col/581/5818634-frente.jpg?sw=280&sh=280,emb. 1 un,https://www.continente.pt/produto/escova-cabelo-pneumatica-grande-mylabel-5818634.html,higiene-beleza,2025-04-21,Continente
Máscara Cabelo Gliss Oil Nutritive,8018728,4.99,"€12,47/lt",Schwarzkopf,Beleza e Higiene/Cabelo/Máscaras e Tratamentos,https://www.continente.pt/dw/image/v2/BDVS_PRD/on/demandware.static/-/Sites-col-master-catalog/default/dw00e22405/images/col/801/8018728-frente.png?sw=280&sh=280,emb. 400 ml,https://www.continente.pt/produto/mascara-cabelo-gliss-oil-nutritive-schwarzkopf-8018728.html,higiene-beleza,2025-04-21,Continente
Creme de Olhos Hyaluronic Gold,7493069,9.09,"€606,00/lt",Bioten,Beleza e Higiene/Rosto/Antirrugas e Refirmantes,https://www.continente.pt/dw/image/v2/BDVS_PRD/on/demandware.static/-/Sites-col-master-catalog/default/dw637c3a95/images/col/749/7493069-frente.jpg?sw=280&sh=280,emb. 15 ml,https://www.continente.pt/produto/creme-de-olhos-hyaluronic-gold-bioten-7493069.html,higiene-beleza,2025-04-21,Continente
Espuma Cabelo Pro-V Volume Perfeito,7653811,5.27,"€17,57/lt",Pantene,"Beleza e Higiene/Cabelo/Spray, Espuma, Creme e Gel/Espuma e Creme",https://www.continente.pt/dw/image/v2/BDVS_PRD/on/demandware.static/-/Sites-col-master-catalog/default/dwe92dbaa9/images/col/765/7653811-frente.jpg?sw=280&sh=280,emb. 300 ml,https://www.continente.pt/produto/espuma-cabelo-pro-v-volume-perfeito-pantene-7653811.html,higiene-beleza,2025-04-21,Continente
Preservativos Natural,2121509,5.15,"€0,86/un",Harmony,Beleza e Higiene/Preservativos e Estimuladores,https://www.continente.pt/dw/image/v2/BDVS_PRD/on/demandware.static/-/Sites-col-master-catalog/default/dw419116cc/images/col/212/2121509-frente-online.jpg?sw=280&sh=280,emb. 6 un,https://www.continente.pt/produto/preservativos-natural-harmony-2121509.html,higiene-beleza,2025-04-21,Continente
Sérum de Rosto Revitalift Laser,8266640,26.99,"€899,67/lt",LOréal Paris,Beleza e Higiene/Rosto/Antirrugas e Refirmantes,https://www.continente.pt/dw/image/v2/BDVS_PRD/on/demandware.static/-/Sites-col-master-catalog/default/dwb2d05d0c/images/col/826/8266640-frente.jpg?sw=280&sh=280,emb. 30 ml,https://www.continente.pt/produto/serum-de-rosto-revitalift-laser-loreal-paris-8266640.html,higiene-beleza,2025-04-21,Continente
Lip Gloss Brilliant Siganture Plumping 412,7368741,8.99,"€8,99/un",LOréal Paris,Beleza e Higiene/Maquilhagem/Lábios,https://www.continente.pt/dw/image/v2/BDVS_PRD/on/demandware.static/-/Sites-col-master-catalog/default/dw72c25269/images/col/736/7368741-frente.jpg?sw=280&sh=280,emb. 1 un,https://www.continente.pt/produto/lip-gloss-brilliant-siganture-plumping-412-loreal-paris-7368741.html,higiene-beleza,2025-04-21,Continente
Elásticos Cabelo Xuxu,7478463,2.85,"€2,85/un",Jean Louis David,Beleza e Higiene/Cabelo/Acessórios,https://www.continente.pt/dw/image/v2/BDVS_PRD/on/demandware.static/-/Sites-col-master-catalog/default/dw078646dd/images/col/747/7478463-frente.jpg?sw=280&sh=280,emb. 1 un,https://www.continente.pt/produto/elasticos-cabelo-xuxu-jean-louis-david-7478463.html,higiene-beleza,2025-04-21,Continente
Verniz de Unhas Gel Nail Colour 16,7549919,1.99,"€1,99/un",Essence,Beleza e Higiene/Maquilhagem/Unhas,https://www.continente.pt/dw/image/v2/BDVS_PRD/on/demandware.static/-/Sites-col-master-catalog/default/dw9b6aea61/images/col/754/7549919-frente.jpg?sw=280&sh=280,emb. 1 un,https://www.continente.pt/produto/verniz-de-unhas-gel-nail-colour-16-essence-7549919.html,higiene-beleza,2025-04-21,Continente
Pincel para Maquilhagem Líquida,7308526,5.99,"€5,99/un",MyLabel,Beleza e Higiene/Maquilhagem/Acessórios,https://www.continente.pt/dw/image/v2/BDVS_PRD/on/demandware.static/-/Sites-col-master-catalog/default/dw497c80ea/images/col/730/7308526-frente.jpg?sw=280&sh=280,emb. 1 un,https://www.continente.pt/produto/pincel-para-maquilhagem-liquida-mylabel-7308526.html,higiene-beleza,2025-04-21,Continente
Lâminas Descartáveis 1 Sensitive,2594901,2.99,"€0,30/un",BIC,Beleza e Higiene/Homem/Barba,https://www.continente.pt/dw/image/v2/BDVS_PRD/on/demandware.static/-/Sites-col-master-catalog/default/dwcfcc1952/images/col/259/2594901-frente.jpg?sw=280&sh=280,emb. 10 un,https://www.continente.pt/produto/laminas-descartaveis-1-sensitive-bic-2594901.html,higiene-beleza,2025-04-21,Continente
Máscara de Pestanas Falsies Surreal à Prova de Água,7742712,10.49,"€10,49/un",Maybelline New York,Beleza e Higiene/Maquilhagem/Olhos,https://www.continente.pt/dw/image/v2/BDVS_PRD/on/demandware.static/-/Sites-col-master-catalog/default/dw4fdb0234/images/col/774/7742712-frente-1.jpg?sw=280&sh=280,emb. 1 un,https://www.continente.pt/produto/mascara-de-pestanas-falsies-surreal-a-prova-de-agua-maybelline-new-york-7742712.html,higiene-beleza,2025-04-21,Continente
Preservativos Natural Comfort,2957930,6.99,"€0,58/un",Durex,Beleza e Higiene/Preservativos e Estimuladores,https://www.continente.pt/dw/image/v2/BDVS_PRD/on/demandware.static/-/Sites-col-master-catalog/default/dwe87f6142/images/col/295/2957930-hero.jpg?sw=280&sh=280,emb. 12 un,https://www.continente.pt/produto/preservativos-natural-comfort-durex-2957930.html,higiene-beleza,2025-04-21,Continente
Lâminas Descartáveis Venus 2 Simply Basic,7554619,4.29,"€0,61/un",Gillette,Beleza e Higiene/Corpo/Depilação e Descoloração,https://www.continente.pt/dw/image/v2/BDVS_PRD/on/demandware.static/-/Sites-col-master-catalog/default/dwb6b751e1/images/col/755/7554619-hero.png?sw=280&sh=280,emb. 10 un,https://www.continente.pt/produto/laminas-descartaveis-venus-2-simply-basic-gillette-7554619.html,higiene-beleza,2025-04-21,Continente
Máscara Cabelo Fructis Hair Food Papaia,7759424,5.84,"€14,60/lt",Garnier,Beleza e Higiene/Cabelo/Máscaras e Tratamentos,https://www.continente.pt/dw/image/v2/BDVS_PRD/on/demandware.static/-/Sites-col-master-catalog/default/dwf47c8a11/images/col/775/7759424-hero.jpg?sw=280&sh=280,emb. 400 ml,https://www.continente.pt/produto/mascara-cabelo-fructis-hair-food-papaia-garnier-7759424.html,higiene-beleza,2025-04-21,Continente
Escovilhão Interdental Brush M,7620012,5.99,"€5,99/un",Jordan,Beleza e Higiene/Higiene Oral/Fio e Fita Dentária,https://www.continente.pt/dw/image/v2/BDVS_PRD/on/demandware.static/-/Sites-col-master-catalog/default/dw25d00b9e/images/col/762/7620012-frente-01.jpg?sw=280&sh=280,emb. 1 un,https://www.continente.pt/produto/escovilhao-interdental-brush-m-jordan-7620012.html,higiene-beleza,2025-04-21,Continente
Luva de Banho Turca,6171033,1.09,"€0,55/un",Continente,Beleza e Higiene/Corpo/Acessórios,https://www.continente.pt/dw/image/v2/BDVS_PRD/on/demandware.static/-/Sites-col-master-catalog/default/dwb4f3bccc/images/col/617/6171033-frente.jpg?sw=280&sh=280,emb. 2 un,https://www.continente.pt/produto/luva-de-banho-turca-continente-6171033.html,higiene-beleza,2025-04-21,Continente
Verniz de Unhas Sugar Daddy 15,5009537,7.49,"€7,49/un",Essie,Beleza e Higiene/Maquilhagem/Unhas,https://www.continente.pt/dw/image/v2/BDVS_PRD/on/demandware.static/-/Sites-col-master-catalog/default/dw777c3dc7/images/col/500/5009537-frente.jpg?sw=280&sh=280,"emb. 13,5 ml",https://www.continente.pt/produto/verniz-de-unhas-sugar-daddy-15-essie-5009537.html,higiene-beleza,2025-04-21,Continente
Lâminas Descartáveis Blue II,7757656,5.99,"€0,50/un",Gillette,Beleza e Higiene/Homem/Barba,https://www.continente.pt/dw/image/v2/BDVS_PRD/on/demandware.static/-/Sites-col-master-catalog/default/dwc33dd024/images/col/775/7757656-hero.jpg?sw=280&sh=280,emb. 12 un,https://www.continente.pt/produto/laminas-descartaveis-blue-ii-gillette-7757656.html,higiene-beleza,2025-04-21,Continente
Creme Depilatório Corpo Pele Sensível,6916597,2.63,"€13,15/lt",Body Natur,Beleza e Higiene/Corpo/Depilação e Descoloração,https://www.continente.pt/dw/image/v2/BDVS_PRD/on/demandware.static/-/Sites-col-master-catalog/default/dwe35bda42/images/col/691/6916597-frente.png?sw=280&sh=280,emb. 200 ml,https://www.continente.pt/produto/creme-depilatorio-corpo-pele-sensivel-body-natur-6916597.html,higiene-beleza,2025-04-21,Continente
Creme de Mãos Suavizante Hidratante,7300656,3.99,"€53,20/lt",Nivea,Beleza e Higiene/Corpo/Cuidados de Mãos e Pés,https://www.continente.pt/dw/image/v2/BDVS_PRD/on/demandware.static/-/Sites-col-master-catalog/default/dwdf566521/images/col/730/7300656-hero.jpg?sw=280&sh=280,emb. 75 ml,https://www.continente.pt/produto/creme-de-maos-suavizante-hidratante-nivea-7300656.html,higiene-beleza,2025-04-21,Continente
Creme Cabelo Pro-V Caracóis Naturais,7653748,7.99,"€34,00/lt",Pantene,"Beleza e Higiene/Cabelo/Spray, Espuma, Creme e Gel/Espuma e Creme",https://www.continente.pt/dw/image/v2/BDVS_PRD/on/demandware.static/-/Sites-col-master-catalog/default/dw968eab8f/images/col/765/7653748-frente.jpg?sw=280&sh=280,emb. 235 ml,https://www.continente.pt/produto/creme-cabelo-pro-v-caracois-naturais-pantene-7653748.html,higiene-beleza,2025-04-21,Continente
Eau de Parfum nº 35,5691315,9.98,"€66,53/lt",Caravan,Beleza e Higiene/Corpo/Colónias e Perfumes,https://www.continente.pt/dw/image/v2/BDVS_PRD/on/demandware.static/-/Sites-col-master-catalog/default/dwcc70d784/images/col/569/5691315-frente.png?sw=280&sh=280,emb. 150 ml,https://www.continente.pt/produto/eau-de-parfum-n-35-caravan-5691315.html,higiene-beleza,2025-04-21,Continente
Verniz de Unhas Gast Gel 11,7742713,3.5,"€3,50/un",Maybelline New York,Beleza e Higiene/Maquilhagem/Unhas,https://www.continente.pt/dw/image/v2/BDVS_PRD/on/demandware.static/-/Sites-col-master-catalog/default/dwe7dd42da/images/col/774/7742713-frente.jpg?sw=280&sh=280,emb. 1 un,https://www.continente.pt/produto/verniz-de-unhas-gast-gel-11-maybelline-new-york-7742713.html,higiene-beleza,2025-04-21,Continente
Champô Pro-V Miracles Crescimento com Força,8007435,5.57,"€22,28/lt",Pantene,Beleza e Higiene/Cabelo/Champôs,https://www.continente.pt/dw/image/v2/BDVS_PRD/on/demandware.static/-/Sites-col-master-catalog/default/dw077223af/images/col/800/8007435-frente.png?sw=280&sh=280,emb. 250 ml,https://www.continente.pt/produto/champo-pro-v-miracles-crescimento-com-forca-pantene-8007435.html,higiene-beleza,2025-04-21,Continente
Blush Cheek Heat Rose Flash 20,7742697,6.99,"€6,99/un",Maybelline New York,Beleza e Higiene/Maquilhagem/Rosto,https://www.continente.pt/dw/image/v2/BDVS_PRD/on/demandware.static/-/Sites-col-master-catalog/default/dwca563d00/images/col/774/7742697-frente-1.jpg?sw=280&sh=280,emb. 1 un,https://www.continente.pt/produto/blush-cheek-heat-rose-flash-20-maybelline-new-york-7742697.html,higiene-beleza,2025-04-21,Continente
Recarga de Lâminas Body,6893678,3.89,"€1,95/un",Gillette,Beleza e Higiene/Corpo/Depilação e Descoloração,https://www.continente.pt/dw/image/v2/BDVS_PRD/on/demandware.static/-/Sites-col-master-catalog/default/dw1d01f41c/images/col/689/6893678-hero.jpg?sw=280&sh=280,emb. 2 un,https://www.continente.pt/produto/recarga-de-laminas-body-gillette-6893678.html,higiene-beleza,2025-04-21,Continente
Verniz de Unhas Lilacism 37,5009392,7.49,"€7,49/un",Essie,Beleza e Higiene/Maquilhagem/Unhas,https://www.continente.pt/dw/image/v2/BDVS_PRD/on/demandware.static/-/Sites-col-master-catalog/default/dw08a30813/images/col/500/5009392-frente.jpg?sw=280&sh=280,"emb. 13,5 ml",https://www.continente.pt/produto/verniz-de-unhas-lilacism-37-essie-5009392.html,higiene-beleza,2025-04-21,Continente
Champô Elvive Óleo Extraordinário,5448602,3.99,"€9,97/lt",LOréal Paris,Beleza e Higiene/Cabelo/Champôs,https://www.continente.pt/dw/image/v2/BDVS_PRD/on/demandware.static/-/Sites-col-master-catalog/default/dwd5366a90/images/col/544/5448602-hero-1.jpg?sw=280&sh=280,emb. 400 ml,https://www.continente.pt/produto/champo-elvive-oleo-extraordinario-loreal-paris-5448602.html,higiene-beleza,2025-04-21,Continente
Desodorizante de Pés Talco,6916603,2.57,"€34,27/kg",Body Natur,Beleza e Higiene/Corpo/Cuidados de Mãos e Pés,https://www.continente.pt/dw/image/v2/BDVS_PRD/on/demandware.static/-/Sites-col-master-catalog/default/dw8ceb32b3/images/col/691/6916603-frente.jpg?sw=280&sh=280,emb. 75 gr,https://www.continente.pt/produto/desodorizante-de-pes-talco-body-natur-6916603.html,higiene-beleza,2025-04-21,Continente
Creme Corpo Hidratante,7144286,7.99,"€15,98/lt",Soft&Co,Beleza e Higiene/Corpo/Cremes e Loções,https://www.continente.pt/dw/image/v2/BDVS_PRD/on/demandware.static/-/Sites-col-master-catalog/default/dwa77f10b5/images/col/714/7144286-frente.jpg?sw=280&sh=280,emb. 500 ml,https://www.continente.pt/produto/creme-corpo-hidratante-soft-co-7144286.html,higiene-beleza,2025-04-21,Continente
Lâminas Descartáveis Blue3 Sensitive,7837133,11.89,"€1,49/un",Gillette,Beleza e Higiene/Homem/Barba,https://www.continente.pt/dw/image/v2/BDVS_PRD/on/demandware.static/-/Sites-col-master-catalog/default/dw9e53d4ae/images/col/783/7837133-frente.jpg?sw=280&sh=280,emb. 8 un + 2 un GRÁTIS,https://www.continente.pt/produto/laminas-descartaveis-blue3-sensitive-gillette-7837133.html,higiene-beleza,2025-04-21,Continente
Condicionador Hidratante Morte Súbita,7677291,10.44,"€10,44/un",Lola,Beleza e Higiene/Cabelo/Condicionadores,https://www.continente.pt/dw/image/v2/BDVS_PRD/on/demandware.static/-/Sites-col-master-catalog/default/dw624d9ee4/images/col/767/7677291-frente.jpg?sw=280&sh=280,emb. 250 gr,https://www.continente.pt/produto/condicionador-hidratante-morte-subita-lola-7677291.html,higiene-beleza,2025-04-21,Continente
Batom Color Riche Intense Volume 640,7533244,15.99,"€15,99/un",LOréal Paris,Beleza e Higiene/Maquilhagem/Lábios,https://www.continente.pt/dw/image/v2/BDVS_PRD/on/demandware.static/-/Sites-col-master-catalog/default/dw462f3ea4/images/col/753/7533244-frente.jpg?sw=280&sh=280,emb. 1 un,https://www.continente.pt/produto/batom-color-riche-intense-volume-640-loreal-paris-7533244.html,higiene-beleza,2025-04-21,Continente
Corretor Conceal & Define C8,6693957,5.99,"€5,99/un",Revolution,Beleza e Higiene/Maquilhagem/Rosto,https://www.continente.pt/dw/image/v2/BDVS_PRD/on/demandware.static/-/Sites-col-master-catalog/default/dw52b8a756/images/col/669/6693957-frente-1.jpg?sw=280&sh=280,emb. 1 un,https://www.continente.pt/produto/corretor-conceal-define-c8-revolution-6693957.html,higiene-beleza,2025-04-21,Continente
Máscara de Sobrancelhas Express Brow Fast Sculpt 10,7889235,5.99,"€5,99/un",Maybelline New York,Beleza e Higiene/Maquilhagem/Olhos,https://www.continente.pt/dw/image/v2/BDVS_PRD/on/demandware.static/-/Sites-col-master-catalog/default/dw124ea4bc/images/col/788/7889235-frente.jpg?sw=280&sh=280,emb. 1 un,https://www.continente.pt/produto/mascara-de-sobrancelhas-express-brow-fast-sculpt-10-maybelline-new-york-7889235.html,higiene-beleza,2025-04-21,Continente
Creme Depilatório Pure Corpo Pele Normal,3040254,6.99,"€46,60/lt",Veet,Beleza e Higiene/Corpo/Depilação e Descoloração,https://www.continente.pt/dw/image/v2/BDVS_PRD/on/demandware.static/-/Sites-col-master-catalog/default/dw5cb8bba4/images/col/304/3040254-hero.jpg?sw=280&sh=280,emb. 150 ml,https://www.continente.pt/produto/creme-depilatorio-pure-corpo-pele-normal-veet-3040254.html,higiene-beleza,2025-04-21,Continente
Champô Anticaspa Citrus,7984576,7.94,"€12,70/lt",H&S,Beleza e Higiene/Homem/Cabelo,https://www.continente.pt/dw/image/v2/BDVS_PRD/on/demandware.static/-/Sites-col-master-catalog/default/dw15c69f67/images/col/798/7984576-frente.png?sw=280&sh=280,emb. 625 ml,https://www.continente.pt/produto/champo-anticaspa-citrus-h-s-7984576.html,higiene-beleza,2025-04-21,Continente
Protetor Solar Bruma Ambre Solaire Sensitive Advanced Kids FPS 50+,7727079,11.39,"€75,93/lt",Garnier,Beleza e Higiene/Corpo/Protetores Solares e Bronzeadores/Protetores Solares Crianças,https://www.continente.pt/dw/image/v2/BDVS_PRD/on/demandware.static/-/Sites-col-master-catalog/default/dw31f6befe/images/col/772/7727079-hero.jpg?sw=280&sh=280,emb. 150 ml,https://www.continente.pt/produto/protetor-solar-bruma-ambre-solaire-sensitive-advanced-kids-fps-50-garnier-7727079.html,higiene-beleza,2025-04-21,Continente
Óleo Corpo Coco e Pétalas Delicadas,6910871,3.19,"€12,76/lt",MyLabel,Beleza e Higiene/Corpo/Cremes e Loções,https://www.continente.pt/dw/image/v2/BDVS_PRD/on/demandware.static/-/Sites-col-master-catalog/default/dw62385ad6/images/col/691/6910871-frente.jpg?sw=280&sh=280,emb. 250 ml,https://www.continente.pt/produto/oleo-corpo-coco-e-petalas-delicadas-mylabel-6910871.html,higiene-beleza,2025-04-21,Continente
Pó Compacto SuperStay 10,7742688,13.99,"€13,99/un",Maybelline New York,Beleza e Higiene/Maquilhagem/Rosto,https://www.continente.pt/dw/image/v2/BDVS_PRD/on/demandware.static/-/Sites-col-master-catalog/default/dw2c50dd19/images/col/774/7742688-cima.jpg?sw=280&sh=280,emb. 1 un,https://www.continente.pt/produto/po-compacto-superstay-10-maybelline-new-york-7742688.html,higiene-beleza,2025-04-21,Continente
Creme de Rosto Dia Skinnergy FPS10,6482537,7.79,"€155,80/lt",Bioten,Beleza e Higiene/Rosto/Antirrugas e Refirmantes,https://www.continente.pt/dw/image/v2/BDVS_PRD/on/demandware.static/-/Sites-col-master-catalog/default/dw0be6d197/images/col/648/6482537-frente.jpg?sw=280&sh=280,emb. 50 ml,https://www.continente.pt/produto/creme-de-rosto-dia-skinnergy-fps10-bioten-6482537.html,higiene-beleza,2025-04-21,Continente
Champô Nutrição Intensa Argão,8404009,3.21,"€3,21/un",Le Petit Marseillais,Beleza e Higiene/Cabelo/Champôs,https://www.continente.pt/dw/image/v2/BDVS_PRD/on/demandware.static/-/Sites-col-master-catalog/default/dwd3f1839e/images/col/840/8404009-frente.png?sw=280&sh=280,emb. 300 ml,https://www.continente.pt/produto/champo-nutricao-intensa-argao-le-petit-marseillais-8404009.html,higiene-beleza,2025-04-21,Continente
Champô Brilho Awapuhi,7550266,6.49,"€16,86/lt",Maui Moisture,Beleza e Higiene/Cabelo/Champôs,https://www.continente.pt/dw/image/v2/BDVS_PRD/on/demandware.static/-/Sites-col-master-catalog/default/dw1355990e/images/col/755/7550266-frente.jpg?sw=280&sh=280,emb. 385 ml,https://www.continente.pt/produto/champo-brilho-awapuhi-maui-moisture-7550266.html,higiene-beleza,2025-04-21,Continente
Champô Fructis Hair Food Banana,7093594,3.95,"€11,29/lt",Garnier,Beleza e Higiene/Cabelo/Champôs,https://www.continente.pt/dw/image/v2/BDVS_PRD/on/demandware.static/-/Sites-col-master-catalog/default/dw8260f66d/images/col/709/7093594-hero.jpg?sw=280&sh=280,emb. 350 ml,https://www.continente.pt/produto/champo-fructis-hair-food-banana-garnier-7093594.html,higiene-beleza,2025-04-21,Continente
Máscara Cabelo Ultra Suave Água de Arroz,7970698,4.75,"€13,97/lt",Garnier,Beleza e Higiene/Cabelo/Máscaras e Tratamentos,https://www.continente.pt/dw/image/v2/BDVS_PRD/on/demandware.static/-/Sites-col-master-catalog/default/dwd80c4857/images/col/797/7970698-hero.jpg?sw=280&sh=280,emb. 340 ml,https://www.continente.pt/produto/mascara-cabelo-ultra-suave-agua-de-arroz-garnier-7970698.html,higiene-beleza,2025-04-21,Continente
Batom do Cieiro Cereja,7974191,2.99,"€2,99/un",Bee Natural,Beleza e Higiene/Maquilhagem/Lábios,https://www.continente.pt/dw/image/v2/BDVS_PRD/on/demandware.static/-/Sites-col-master-catalog/default/dwe6485cf0/images/col/797/7974191-frente.jpg?sw=280&sh=280,emb. 1 un,https://www.continente.pt/produto/batom-do-cieiro-cereja-bee-natural-7974191.html,higiene-beleza,2025-04-21,Continente
Máscara Caracóis Perfeitos Óleo de Coco,8165608,8.76,"€21,90/lt",Maui Moisture,Beleza e Higiene/Cabelo/Máscaras e Tratamentos,https://www.continente.pt/dw/image/v2/BDVS_PRD/on/demandware.static/-/Sites-col-master-catalog/default/dw6a4a176d/images/col/816/8165608-frente.png?sw=280&sh=280,emb. 400 ml,https://www.continente.pt/produto/mascara-caracois-perfeitos-oleo-de-coco-maui-moisture-8165608.html,higiene-beleza,2025-04-21,Continente
Sérum Facial Vitamina C FPS 25,7514729,9.74,"€9,74/un",Garnier,Beleza e Higiene/Rosto/Antirrugas e Refirmantes,https://www.continente.pt/dw/image/v2/BDVS_PRD/on/demandware.static/-/Sites-col-master-catalog/default/dw2ab94a1b/images/col/751/7514729-hero.jpg?sw=280&sh=280,emb. 50 ml,https://www.continente.pt/produto/serum-facial-vitamina-c-fps-25-garnier-7514729.html,higiene-beleza,2025-04-21,Continente
Máscara Cabelo Fructis Hair Food Cacau,7526142,5.84,"€14,97/lt",Garnier,Beleza e Higiene/Cabelo/Máscaras e Tratamentos,https://www.continente.pt/dw/image/v2/BDVS_PRD/on/demandware.static/-/Sites-col-master-catalog/default/dwa0c32a23/images/col/752/7526142-hero.jpg?sw=280&sh=280,emb. 390 ml,https://www.continente.pt/produto/mascara-cabelo-fructis-hair-food-cacau-garnier-7526142.html,higiene-beleza,2025-04-21,Continente
Pó Compacto Fit Me Matte & Poreless 250,7742699,10.29,"€10,29/un",Maybelline New York,Beleza e Higiene/Maquilhagem/Rosto,https://www.continente.pt/dw/image/v2/BDVS_PRD/on/demandware.static/-/Sites-col-master-catalog/default/dw6b8af9e1/images/col/774/7742699-frente-1.jpg?sw=280&sh=280,emb. 1 un,https://www.continente.pt/produto/po-compacto-fit-me-matte-poreless-250-maybelline-new-york-7742699.html,higiene-beleza,2025-04-21,Continente
Máscara Cabelo Suaviza Rosas,8154010,4.79,"€15,97/lt",Herbal Essences,Beleza e Higiene/Cabelo/Máscaras e Tratamentos,https://www.continente.pt/dw/image/v2/BDVS_PRD/on/demandware.static/-/Sites-col-master-catalog/default/dwfbfb0382/images/col/815/8154010-frente.png?sw=280&sh=280,emb. 300 ml,https://www.continente.pt/produto/mascara-cabelo-suaviza-rosas-herbal-essences-8154010.html,higiene-beleza,2025-04-21,Continente
Coloração Permanente Excellence Creme Louro 7,2115531,8.44,"€8,44/un",LOréal Paris,Beleza e Higiene/Cabelo/Colorações,https://www.continente.pt/dw/image/v2/BDVS_PRD/on/demandware.static/-/Sites-col-master-catalog/default/dw1b9b4b4b/images/col/211/2115531-hero.jpg?sw=280&sh=280,emb. 1 un,https://www.continente.pt/produto/coloracao-permanente-excellence-creme-louro-7-loreal-paris-2115531.html,higiene-beleza,2025-04-21,Continente
Bronzeador Spray Ambre Solaire Ideal Bronze FPS 30   ,6092004,11.09,"€73,93/lt",Garnier,Beleza e Higiene/Corpo/Protetores Solares e Bronzeadores/Bronzeadores e Autobronzeadores,https://www.continente.pt/dw/image/v2/BDVS_PRD/on/demandware.static/-/Sites-col-master-catalog/default/dwc89f92f7/images/col/609/6092004-frente.jpg?sw=280&sh=280,emb. 150 ml,https://www.continente.pt/produto/bronzeador-spray-ambre-solaire-ideal-bronze-fps-30%C2%A0-%C2%A0-garnier-6092004.html,higiene-beleza,2025-04-21,Continente
Creme de Rosto Hydrogel,7947277,2.39,"€47,80/lt",MyLabel,Beleza e Higiene/Homem/Rosto,https://www.continente.pt/dw/image/v2/BDVS_PRD/on/demandware.static/-/Sites-col-master-catalog/default/dwb3490275/images/col/794/7947277-frente.png?sw=280&sh=280,emb. 50 ml,https://www.continente.pt/produto/creme-de-rosto-hydrogel-mylabel-7947277.html,higiene-beleza,2025-04-21,Continente
Coloração Permanente Color Sensation Castanho Luminoso 5.0,7981201,3.99,"€3,99/un",Garnier,Beleza e Higiene/Cabelo/Colorações,https://www.continente.pt/dw/image/v2/BDVS_PRD/on/demandware.static/-/Sites-col-master-catalog/default/dw723b1cd7/images/col/798/7981201-hero.jpg?sw=280&sh=280,emb. 1 un,https://www.continente.pt/produto/coloracao-permanente-color-sensation-castanho-luminoso-5.0-garnier-7981201.html,higiene-beleza,2025-04-21,Continente
Protetor Solar Spray Ambre Solaire Sensitive Advanced FPS 50+,7727038,14.09,"€52,19/lt",Garnier,Beleza e Higiene/Corpo/Protetores Solares e Bronzeadores/Protetores Solares Corpo,https://www.continente.pt/dw/image/v2/BDVS_PRD/on/demandware.static/-/Sites-col-master-catalog/default/dwba3e2609/images/col/772/7727038-frente.jpg?sw=280&sh=280,emb. 270 ml,https://www.continente.pt/produto/protetor-solar-spray-ambre-solaire-sensitive-advanced-fps-50-garnier-7727038.html,higiene-beleza,2025-04-21,Continente
Protetor Solar Spray Sun Protect & Moisture Familiar FPS 30,7545779,11.99,"€44,41/lt",Nivea,Beleza e Higiene/Corpo/Protetores Solares e Bronzeadores/Protetores Solares Corpo,https://www.continente.pt/dw/image/v2/BDVS_PRD/on/demandware.static/-/Sites-col-master-catalog/default/dwb6cd905e/images/col/754/7545779-hero.jpg?sw=280&sh=280,emb. 270 ml,https://www.continente.pt/produto/protetor-solar-spray-sun-protect-moisture-familiar-fps-30-nivea-7545779.html,higiene-beleza,2025-04-21,Continente
Champô Fructis Hair Food Papaia,7091996,3.95,"€11,29/lt",Garnier,Beleza e Higiene/Cabelo/Champôs,https://www.continente.pt/dw/image/v2/BDVS_PRD/on/demandware.static/-/Sites-col-master-catalog/default/dw279759a5/images/col/709/7091996-hero.jpg?sw=280&sh=280,emb. 350 ml,https://www.continente.pt/produto/champo-fructis-hair-food-papaia-garnier-7091996.html,higiene-beleza,2025-04-21,Continente
Preservativos Large,8220739,10.49,"€10,49/un",Skyn,Beleza e Higiene/Preservativos e Estimuladores,https://www.continente.pt/dw/image/v2/BDVS_PRD/on/demandware.static/-/Sites-col-master-catalog/default/dwb95ca1c7/images/col/822/8220739-frente.png?sw=280&sh=280,emb. 10 un,https://www.continente.pt/produto/preservativos-large-skyn-8220739.html,higiene-beleza,2025-04-21,Continente
Escova de Dentes Pro-Clean,8385632,2.39,"€2,39/un",Oral-B,Beleza e Higiene/Higiene Oral/Escovas de Dentes,https://www.continente.pt/dw/image/v2/BDVS_PRD/on/demandware.static/-/Sites-col-master-catalog/default/dw161e4f1d/images/col/838/8385632-hero.png?sw=280&sh=280,emb. 1 un,https://www.continente.pt/produto/escova-de-dentes-pro-clean-oral-b-8385632.html,higiene-beleza,2025-04-21,Continente
Champô Pro-V Miracles Hidratação e Brilho,8007457,5.57,"€22,28/lt",Pantene,Beleza e Higiene/Cabelo/Champôs,https://www.continente.pt/dw/image/v2/BDVS_PRD/on/demandware.static/-/Sites-col-master-catalog/default/dwc6d7043e/images/col/800/8007457-frente.png?sw=280&sh=280,emb. 250 ml,https://www.continente.pt/produto/champo-pro-v-miracles-hidratacao-e-brilho-pantene-8007457.html,higiene-beleza,2025-04-21,Continente
Pré-Champô Fructis Método Caracóis,7970658,6.74,"€33,70/lt",Garnier,Beleza e Higiene/Cabelo/Champôs,https://www.continente.pt/dw/image/v2/BDVS_PRD/on/demandware.static/-/Sites-col-master-catalog/default/dw9ad3500f/images/col/797/7970658-hero.jpg?sw=280&sh=280,emb. 200 ml,https://www.continente.pt/produto/pre-champo-fructis-metodo-caracois-garnier-7970658.html,higiene-beleza,2025-04-21,Continente
Máscara de Pestanas Volume à Prova de Água,7634656,2.99,"€2,99/un",Relove,Beleza e Higiene/Maquilhagem/Olhos,https://www.continente.pt/dw/image/v2/BDVS_PRD/on/demandware.static/-/Sites-col-master-catalog/default/dw8ddf787a/images/col/763/7634656-frente-1.jpg?sw=280&sh=280,emb. 1 un,https://www.continente.pt/produto/mascara-de-pestanas-volume-a-prova-de-agua-relove-7634656.html,higiene-beleza,2025-04-21,Continente
Gel Higiene Íntima Calmante Bio,7459367,6.49,"€25,96/lt",Corine de Farme,Beleza e Higiene/Higiene Íntima/Gel e Sabonetes Íntimos,https://www.continente.pt/dw/image/v2/BDVS_PRD/on/demandware.static/-/Sites-col-master-catalog/default/dwa008bbfa/images/col/745/7459367-frente.jpg?sw=280&sh=280,emb. 250 ml,https://www.continente.pt/produto/gel-higiene-intima-calmante-bio-corine-de-farme-7459367.html,higiene-beleza,2025-04-21,Continente
Fraldas Incontinência Elásticos Air Dry Dermo Super S,6687746,19.51,"€0,49/un",Lindor,Beleza e Higiene/Higiene Íntima/Incontinência/Fraldas Incontinência,https://www.continente.pt/dw/image/v2/BDVS_PRD/on/demandware.static/-/Sites-col-master-catalog/default/dwaaf7308c/images/col/668/6687746-hero.jpg?sw=280&sh=280,emb. 40 un,https://www.continente.pt/produto/fraldas-incontinencia-elasticos-air-dry-dermo-super-s-lindor-6687746.html,higiene-beleza,2025-04-21,Continente
Lip Gloss Shimmer Bomb Glimmer,7546957,5.99,"€5,99/un",Revolution,Beleza e Higiene/Maquilhagem/Lábios,https://www.continente.pt/dw/image/v2/BDVS_PRD/on/demandware.static/-/Sites-col-master-catalog/default/dw5bf003ce/images/col/754/7546957-frente-1.jpg?sw=280&sh=280,emb. 1 un,https://www.continente.pt/produto/lip-gloss-shimmer-bomb-glimmer-revolution-7546957.html,higiene-beleza,2025-04-21,Continente
Loção Corpo Sensitive,7415235,4.28,"€10,70/lt",Natural Honey,Beleza e Higiene/Corpo/Cremes e Loções,https://www.continente.pt/dw/image/v2/BDVS_PRD/on/demandware.static/-/Sites-col-master-catalog/default/dw75532235/images/col/741/7415235-hero.jpg?sw=280&sh=280,emb. 400 ml,https://www.continente.pt/produto/locao-corpo-sensitive-natural-honey-7415235.html,higiene-beleza,2025-04-21,Continente
Recarga de Lâminas Proshield,7361199,24.99,"€24,99/un",Gillette,Beleza e Higiene/Homem/Barba,https://www.continente.pt/dw/image/v2/BDVS_PRD/on/demandware.static/-/Sites-col-master-catalog/default/dw47253588/images/col/736/7361199-hero.jpg?sw=280&sh=280,emb. 4 un,https://www.continente.pt/produto/recarga-de-laminas-proshield-gillette-7361199.html,higiene-beleza,2025-04-21,Continente
Perfume Mist Vanilla Vicious,8088758,3.99,"€22,17/lt",MyLabel,Beleza e Higiene/Corpo/Colónias e Perfumes,https://www.continente.pt/dw/image/v2/BDVS_PRD/on/demandware.static/-/Sites-col-master-catalog/default/dw80cbd568/images/col/808/8088758-frente.png?sw=280&sh=280,emb. 180 ml,https://www.continente.pt/produto/perfume-mist-vanilla-vicious-mylabel-8088758.html,higiene-beleza,2025-04-21,Continente
Creme de Rosto Dia Essentials Hidratante,2053686,4.71,"€94,20/lt",Nivea,Beleza e Higiene/Rosto/Antirrugas e Refirmantes,https://www.continente.pt/dw/image/v2/BDVS_PRD/on/demandware.static/-/Sites-col-master-catalog/default/dw9e93aafd/images/col/205/2053686-hero.jpg?sw=280&sh=280,emb. 50 ml,https://www.continente.pt/produto/creme-de-rosto-dia-essentials-hidratante-nivea-2053686.html,higiene-beleza,2025-04-21,Continente
Máscara Cabelo Repara Óleo de Argão,8154043,7.99,"€15,98/lt",Herbal Essences,Beleza e Higiene/Cabelo/Máscaras e Tratamentos,https://www.continente.pt/dw/image/v2/BDVS_PRD/on/demandware.static/-/Sites-col-master-catalog/default/dwd6a7abb9/images/col/815/8154043-frente.png?sw=280&sh=280,emb. 500 ml,https://www.continente.pt/produto/mascara-cabelo-repara-oleo-de-argao-herbal-essences-8154043.html,higiene-beleza,2025-04-21,Continente
Preservativos Finíssimo XL,5576130,8.04,"€0,67/un",Control,Beleza e Higiene/Preservativos e Estimuladores,https://www.continente.pt/dw/image/v2/BDVS_PRD/on/demandware.static/-/Sites-col-master-catalog/default/dw4c022616/images/col/557/5576130-direito.jpg?sw=280&sh=280,emb. 12 un,https://www.continente.pt/produto/preservativos-finissimo-xl-control-5576130.html,higiene-beleza,2025-04-21,Continente
,,0.0,"€7,49/un",,,https://www.continente.pt/dw/image/v2/BDVS_PRD/on/demandware.static/-/Sites-col-master-catalog/default/dw7799af4b/images/col/761/7619847-frente.jpg?sw=280&sh=280,emb. 1 un,https://www.continente.pt/produto/eyeliner-scandaleyes-waterproof-preto-rimmel-7619847.html,higiene-beleza,2025-04-21,Continente
Pasta Cabelo Men Expert ExtremeFix,6995815,4.19,"€55,87/lt",LOréal Paris,Beleza e Higiene/Homem/Cabelo,https://www.continente.pt/dw/image/v2/BDVS_PRD/on/demandware.static/-/Sites-col-master-catalog/default/dw9456a02b/images/col/699/6995815-frente.jpg?sw=280&sh=280,emb. 75 ml,https://www.continente.pt/produto/pasta-cabelo-men-expert-extremefix-loreal-paris-6995815.html,higiene-beleza,2025-04-21,Continente
Spray Cabelo Condicionador Gliss Aqua Revive,8158662,3.71,"€18,55/lt",Schwarzkopf,"Beleza e Higiene/Cabelo/Spray, Espuma, Creme e Gel",https://www.continente.pt/dw/image/v2/BDVS_PRD/on/demandware.static/-/Sites-col-master-catalog/default/dw25d3f449/images/col/815/8158662-frente.png?sw=280&sh=280,emb. 200 ml,https://www.continente.pt/produto/spray-cabelo-condicionador-gliss-aqua-revive-schwarzkopf-8158662.html,higiene-beleza,2025-04-21,Continente
Gel de Limpeza Micelar,6040422,4.49,"€22,45/lt",Garnier,Beleza e Higiene/Rosto/Limpeza,https://www.continente.pt/dw/image/v2/BDVS_PRD/on/demandware.static/-/Sites-col-master-catalog/default/dw96746b68/images/col/604/6040422-frente.jpg?sw=280&sh=280,emb. 200 ml,https://www.continente.pt/produto/gel-de-limpeza-micelar-garnier-6040422.html,higiene-beleza,2025-04-21,Continente
Gel de Banho 3 em 1 Wolfthorn,5737910,3.56,"€8,90/lt",Old Spice,Beleza e Higiene/Homem/Gel de Banho,https://www.continente.pt/dw/image/v2/BDVS_PRD/on/demandware.static/-/Sites-col-master-catalog/default/dw6c9721fd/images/col/573/5737910-hero.png?sw=280&sh=280,emb. 400 ml,https://www.continente.pt/produto/gel-de-banho-3-em-1-wolfthorn-old-spice-5737910.html,higiene-beleza,2025-04-21,Continente
Creme de Pés Anti-Calosidades,7801616,6.99,"€69,90/lt",Soft&Co,Beleza e Higiene/Corpo/Cuidados de Mãos e Pés,https://www.continente.pt/dw/image/v2/BDVS_PRD/on/demandware.static/-/Sites-col-master-catalog/default/dw766e196c/images/col/780/7801616-frente.jpg?sw=280&sh=280,emb. 100 ml,https://www.continente.pt/produto/creme-de-pes-anti-calosidades-soft-co-7801616.html,higiene-beleza,2025-04-21,Continente
Recarga de Lâminas King C. para Máquina Duplo Gume,7252501,4.24,"€0,42/un",Gillette,Beleza e Higiene/Homem/Barba,https://www.continente.pt/dw/image/v2/BDVS_PRD/on/demandware.static/-/Sites-col-master-catalog/default/dwfdd98e47/images/col/725/7252501-hero.jpg?sw=280&sh=280,emb. 10 un,https://www.continente.pt/produto/recarga-de-laminas-king-c.-para-maquina-duplo-gume-gillette-7252501.html,higiene-beleza,2025-04-21,Continente
Coloração Permanente Olia Louro Mel 8.31,5037188,8.39,"€8,39/un",Garnier,Beleza e Higiene/Cabelo/Colorações,https://www.continente.pt/dw/image/v2/BDVS_PRD/on/demandware.static/-/Sites-col-master-catalog/default/dwa5fb8a29/images/col/503/5037188-direito.jpg?sw=280&sh=280,emb. 1 un,https://www.continente.pt/produto/coloracao-permanente-olia-louro-mel-8.31-garnier-5037188.html,higiene-beleza,2025-04-21,Continente
Autobronzeador Loção Rosto Summer Revived Claro,8124487,3.89,"€51,87/lt",Dove,Beleza e Higiene/Corpo/Protetores Solares e Bronzeadores/Bronzeadores e Autobronzeadores,https://www.continente.pt/dw/image/v2/BDVS_PRD/on/demandware.static/-/Sites-col-master-catalog/default/dwa7c21588/images/col/812/8124487-hero.jpg?sw=280&sh=280,emb. 75 ml,https://www.continente.pt/produto/autobronzeador-locao-rosto-summer-revived-claro-dove-8124487.html,higiene-beleza,2025-04-21,Continente
Coloração Retoca Raízes Magic Retouch Spray Moreno 2,7944681,9.89,"€131,87/lt",LOréal Paris,Beleza e Higiene/Cabelo/Colorações,https://www.continente.pt/dw/image/v2/BDVS_PRD/on/demandware.static/-/Sites-col-master-catalog/default/dwf16a173b/images/col/794/7944681-frente.png?sw=280&sh=280,emb. 75 ml,https://www.continente.pt/produto/coloracao-retoca-raizes-magic-retouch-spray-moreno-2-loreal-paris-7944681.html,higiene-beleza,2025-04-21,Continente
Tónico de Limpeza Suave,2053676,5.09,"€25,45/lt",Nivea,Beleza e Higiene/Rosto/Limpeza,https://www.continente.pt/dw/image/v2/BDVS_PRD/on/demandware.static/-/Sites-col-master-catalog/default/dw883a2401/images/col/205/2053676-hero.jpg?sw=280&sh=280,emb. 200 ml,https://www.continente.pt/produto/tonico-de-limpeza-suave-nivea-2053676.html,higiene-beleza,2025-04-21,Continente
Máscara Facial Pure Active 3 em 1,4078788,4.79,"€31,93/lt",Garnier,Beleza e Higiene/Rosto/Acne e Pele Oleosa,https://www.continente.pt/dw/image/v2/BDVS_PRD/on/demandware.static/-/Sites-col-master-catalog/default/dw50804346/images/col/407/4078788-frente.jpg?sw=280&sh=280,emb. 150 ml,https://www.continente.pt/produto/mascara-facial-pure-active-3-em-1-garnier-4078788.html,higiene-beleza,2025-04-21,Continente
Endurecedor de Unhas Fortificante,7152577,8.79,"€8,79/un",Essie,Beleza e Higiene/Maquilhagem/Unhas,https://www.continente.pt/dw/image/v2/BDVS_PRD/on/demandware.static/-/Sites-col-master-catalog/default/dw47d11607/images/col/715/7152577-frente.jpg?sw=280&sh=280,"emb. 13,5 ml",https://www.continente.pt/produto/endurecedor-de-unhas-fortificante-essie-7152577.html,higiene-beleza,2025-04-21,Continente
Exfoliante Corpo Arroz e Óleo de Coco,7144279,7.35,"€36,75/lt",Body Natur,Beleza e Higiene/Corpo/Cremes e Loções,https://www.continente.pt/dw/image/v2/BDVS_PRD/on/demandware.static/-/Sites-col-master-catalog/default/dwd4c3a61b/images/col/714/7144279-frente.jpg?sw=280&sh=280,emb. 200 ml,https://www.continente.pt/produto/exfoliante-corpo-arroz-e-oleo-de-coco-body-natur-7144279.html,higiene-beleza,2025-04-21,Continente
Base Super Stay Tint+ 31,7889225,14.99,"€14,99/un",Maybelline New York,Beleza e Higiene/Maquilhagem/Rosto,https://www.continente.pt/dw/image/v2/BDVS_PRD/on/demandware.static/-/Sites-col-master-catalog/default/dw6b65a773/images/col/788/7889225-hero.jpg?sw=280&sh=280,emb. 30 ml,https://www.continente.pt/produto/base-super-stay-tint-31-maybelline-new-york-7889225.html,higiene-beleza,2025-04-21,Continente
After Sun Loção Sun Aloe Vera,7124038,10.97,"€27,43/lt",Nivea,Beleza e Higiene/Corpo/Protetores Solares e Bronzeadores/After Sun,https://www.continente.pt/dw/image/v2/BDVS_PRD/on/demandware.static/-/Sites-col-master-catalog/default/dw4dab2d4c/images/col/712/7124038-hero.jpg?sw=280&sh=280,emb. 400 ml,https://www.continente.pt/produto/after-sun-locao-sun-aloe-vera-nivea-7124038.html,higiene-beleza,2025-04-21,Continente
Lápis de Sobrancelhas Micro Precise 05,7549968,2.49,"€2,49/un",Essence,Beleza e Higiene/Maquilhagem/Olhos,https://www.continente.pt/dw/image/v2/BDVS_PRD/on/demandware.static/-/Sites-col-master-catalog/default/dw5534f853/images/col/754/7549968-frente.jpg?sw=280&sh=280,emb. 1 un,https://www.continente.pt/produto/lapis-de-sobrancelhas-micro-precise-05-essence-7549968.html,higiene-beleza,2025-04-21,Continente
Creme Cabelo Pro-V Anti-Frizz,7268414,5.99,"€41,31/lt",Pantene,"Beleza e Higiene/Cabelo/Spray, Espuma, Creme e Gel/Espuma e Creme",https://www.continente.pt/dw/image/v2/BDVS_PRD/on/demandware.static/-/Sites-col-master-catalog/default/dw1510d9ae/images/col/726/7268414-hero.png?sw=280&sh=280,emb. 145 ml,https://www.continente.pt/produto/creme-cabelo-pro-v-anti-frizz-pantene-7268414.html,higiene-beleza,2025-04-21,Continente
Eau de Parfum nº 44,6171688,9.98,"€66,53/lt",Caravan,Beleza e Higiene/Corpo/Colónias e Perfumes,https://www.continente.pt/dw/image/v2/BDVS_PRD/on/demandware.static/-/Sites-col-master-catalog/default/dwab6e7c89/images/col/617/6171688-frente.png?sw=280&sh=280,emb. 150 ml,https://www.continente.pt/produto/eau-de-parfum-n-44-caravan-6171688.html,higiene-beleza,2025-04-21,Continente
Corta-Unhas de Pedicure,7483725,4.17,"€4,17/un",Jean Louis David,Beleza e Higiene/Maquilhagem/Acessórios,https://www.continente.pt/dw/image/v2/BDVS_PRD/on/demandware.static/-/Sites-col-master-catalog/default/dw2cdddcd4/images/col/748/7483725-frente.jpg?sw=280&sh=280,emb. 1 un,https://www.continente.pt/produto/corta-unhas-de-pedicure-jean-louis-david-7483725.html,higiene-beleza,2025-04-21,Continente
Máscara de Tecido de Olhos com Vitamina C Biodegradável,7651471,2.49,"€2,49/un",Bioten,Beleza e Higiene/Rosto/Máscaras,https://www.continente.pt/dw/image/v2/BDVS_PRD/on/demandware.static/-/Sites-col-master-catalog/default/dwda451efb/images/col/765/7651471-frente.jpg?sw=280&sh=280,emb. 1 un,https://www.continente.pt/produto/mascara-de-tecido-de-olhos-com-vitamina-c-biodegradavel-bioten-7651471.html,higiene-beleza,2025-04-21,Continente
Kit Cremes Depilatórios Expert Zona Íntima,7733018,8.49,"€8,49/un",Veet,Beleza e Higiene/Corpo/Depilação e Descoloração,https://www.continente.pt/dw/image/v2/BDVS_PRD/on/demandware.static/-/Sites-col-master-catalog/default/dwf907de84/images/col/773/7733018-hero.jpg?sw=280&sh=280,emb. 2 x 50 ml,https://www.continente.pt/produto/kit-cremes-depilatorios-expert-zona-intima-veet-7733018.html,higiene-beleza,2025-04-21,Continente
Corretor Camouflage+ Matt Concealer 10,6743376,3.59,"€3,59/un",Essence,Beleza e Higiene/Maquilhagem/Rosto,https://www.continente.pt/dw/image/v2/BDVS_PRD/on/demandware.static/-/Sites-col-master-catalog/default/dw9b90a805/images/col/674/6743376-frente.jpg?sw=280&sh=280,emb. 1 un,https://www.continente.pt/produto/corretor-camouflage-matt-concealer-10-essence-6743376.html,higiene-beleza,2025-04-21,Continente
Escova de Dentes Elétrica 3D Pro Junior Verde + 6 Anos,7848157,37.49,"€37,49/un",Oral-B,Beleza e Higiene/Higiene Oral/Higiene Oral Infantil,https://www.continente.pt/dw/image/v2/BDVS_PRD/on/demandware.static/-/Sites-col-master-catalog/default/dwb27f37a0/images/col/784/7848157-hero.png?sw=280&sh=280,emb. 1 un,https://www.continente.pt/produto/escova-de-dentes-eletrica-3d-pro-junior-verde-6-anos-oral-b-7848157.html,higiene-beleza,2025-04-21,Continente
Creme Corpo Hidratante Manteiga de Cacau,7707802,6.99,"€27,96/lt",Nivea,Beleza e Higiene/Corpo/Cremes e Loções,https://www.continente.pt/dw/image/v2/BDVS_PRD/on/demandware.static/-/Sites-col-master-catalog/default/dw558a2ae6/images/col/770/7707802-hero.jpg?sw=280&sh=280,emb. 250 ml,https://www.continente.pt/produto/creme-corpo-hidratante-manteiga-de-cacau-nivea-7707802.html,higiene-beleza,2025-04-21,Continente
Creme de Mãos Luminous 630 Antimanchas,7456789,6.99,"€139,80/lt",Nivea,Beleza e Higiene/Corpo/Cuidados de Mãos e Pés,https://www.continente.pt/dw/image/v2/BDVS_PRD/on/demandware.static/-/Sites-col-master-catalog/default/dw29cfcfea/images/col/745/7456789-hero.jpg?sw=280&sh=280,emb. 50 ml,https://www.continente.pt/produto/creme-de-maos-luminous-630-antimanchas-nivea-7456789.html,higiene-beleza,2025-04-21,Continente
Gel Lubrificante Intense,6045261,9.49,"€949,00/lt",Durex,Beleza e Higiene/Preservativos e Estimuladores,https://www.continente.pt/dw/image/v2/BDVS_PRD/on/demandware.static/-/Sites-col-master-catalog/default/dw60690cd1/images/col/604/6045261-hero.jpg?sw=280&sh=280,emb. 10 ml,https://www.continente.pt/produto/gel-lubrificante-intense-durex-6045261.html,higiene-beleza,2025-04-21,Continente
Máquina Depilatória Venus Smooth Sensitive com 1 Recarga,7361867,8.49,"€8,49/un",Gillette,Beleza e Higiene/Corpo/Depilação e Descoloração,https://www.continente.pt/dw/image/v2/BDVS_PRD/on/demandware.static/-/Sites-col-master-catalog/default/dwdb3e010c/images/col/736/7361867-hero.png?sw=280&sh=280,emb. 1 un,https://www.continente.pt/produto/maquina-depilatoria-venus-smooth-sensitive-com-1-recarga-gillette-7361867.html,higiene-beleza,2025-04-21,Continente
Preservativos Nature Easy Way,5117483,8.39,"€0,84/un",Control,Beleza e Higiene/Preservativos e Estimuladores,https://www.continente.pt/dw/image/v2/BDVS_PRD/on/demandware.static/-/Sites-col-master-catalog/default/dw362a651a/images/col/511/5117483-direito.jpg?sw=280&sh=280,emb. 10 un,https://www.continente.pt/produto/preservativos-nature-easy-way-control-5117483.html,higiene-beleza,2025-04-21,Continente
Coloração Permanente Olia Castanho Dourado 5.3,5037088,8.39,"€8,39/un",Garnier,Beleza e Higiene/Cabelo/Colorações,https://www.continente.pt/dw/image/v2/BDVS_PRD/on/demandware.static/-/Sites-col-master-catalog/default/dw41b2cf09/images/col/503/5037088-direito.jpg?sw=280&sh=280,emb. 1 un,https://www.continente.pt/produto/coloracao-permanente-olia-castanho-dourado-5.3-garnier-5037088.html,higiene-beleza,2025-04-21,Continente
Coloração Permanente Intensive Dourado Caramelo 7.5,7302128,3.59,"€3,59/un",Palette,Beleza e Higiene/Cabelo/Colorações,https://www.continente.pt/dw/image/v2/BDVS_PRD/on/demandware.static/-/Sites-col-master-catalog/default/dwad93f242/images/col/730/7302128-frente.jpg?sw=280&sh=280,emb. 1 un,https://www.continente.pt/produto/coloracao-permanente-intensive-dourado-caramelo-7.5-palette-7302128.html,higiene-beleza,2025-04-21,Continente
Escova de Unhas Stylish,7483761,3.96,"€3,96/un",Jean Louis David,Beleza e Higiene/Maquilhagem/Acessórios,https://www.continente.pt/dw/image/v2/BDVS_PRD/on/demandware.static/-/Sites-col-master-catalog/default/dw43631c18/images/col/748/7483761-frente.jpg?sw=280&sh=280,emb. 1 un,https://www.continente.pt/produto/escova-de-unhas-stylish-jean-louis-david-7483761.html,higiene-beleza,2025-04-21,Continente
Bandolete Cabelo Estreita,4980781,3.29,"€3,29/un",MyLabel,Beleza e Higiene/Cabelo/Acessórios,https://www.continente.pt/dw/image/v2/BDVS_PRD/on/demandware.static/-/Sites-col-master-catalog/default/dwfd36e32e/images/col/498/4980781-frente.jpg?sw=280&sh=280,emb. 1 un,https://www.continente.pt/produto/bandolete-cabelo-estreita-mylabel-4980781.html,higiene-beleza,2025-04-21,Continente
Máscara Cabelo Unique Repair Technician,7462506,3.15,"€12,60/lt",MyLabel,Beleza e Higiene/Cabelo/Máscaras e Tratamentos,https://www.continente.pt/dw/image/v2/BDVS_PRD/on/demandware.static/-/Sites-col-master-catalog/default/dw5f096637/images/col/746/7462506-frente.jpg?sw=280&sh=280,emb. 250 ml,https://www.continente.pt/produto/mascara-cabelo-unique-repair-technician-mylabel-7462506.html,higiene-beleza,2025-04-21,Continente
Condicionador Repara Óleo de Argão,8153996,3.99,"€15,96/lt",Herbal Essences,Beleza e Higiene/Cabelo/Condicionadores,https://www.continente.pt/dw/image/v2/BDVS_PRD/on/demandware.static/-/Sites-col-master-catalog/default/dw7f276c14/images/col/815/8153996-frente.png?sw=280&sh=280,emb. 250 ml,https://www.continente.pt/produto/condicionador-repara-oleo-de-argao-herbal-essences-8153996.html,higiene-beleza,2025-04-21,Continente
Base de Rosto Accord Parfait 2.R/2.C,5870371,11.47,"€11,47/un",LOréal Paris,Beleza e Higiene/Maquilhagem/Rosto,https://www.continente.pt/dw/image/v2/BDVS_PRD/on/demandware.static/-/Sites-col-master-catalog/default/dwda92eb8f/images/col/587/5870371-frente.jpg?sw=280&sh=280,emb. 1 un,https://www.continente.pt/produto/base-de-rosto-accord-parfait-2.r-2.c-loreal-paris-5870371.html,higiene-beleza,2025-04-21,Continente
Preservativos Non Stop Xtra Lines,7637089,8.39,"€0,70/un",Control,Beleza e Higiene/Preservativos e Estimuladores,https://www.continente.pt/dw/image/v2/BDVS_PRD/on/demandware.static/-/Sites-col-master-catalog/default/dwaa6d64e7/images/col/763/7637089-direito.jpg?sw=280&sh=280,emb. 12 un,https://www.continente.pt/produto/preservativos-non-stop-xtra-lines-control-7637089.html,higiene-beleza,2025-04-21,Continente
Champô Ultra Suave Água de Arroz,7970243,3.69,"€14,76/lt",Garnier,Beleza e Higiene/Cabelo/Champôs,https://www.continente.pt/dw/image/v2/BDVS_PRD/on/demandware.static/-/Sites-col-master-catalog/default/dw3534caf1/images/col/797/7970243-hero.jpg?sw=280&sh=280,emb. 250 ml,https://www.continente.pt/produto/champo-ultra-suave-agua-de-arroz-garnier-7970243.html,higiene-beleza,2025-04-21,Continente
Máscara de Pestanas Lash Princess False Lash Effect à Prova de Água,6917304,4.19,"€4,19/un",Essence,Beleza e Higiene/Maquilhagem/Olhos,https://www.continente.pt/dw/image/v2/BDVS_PRD/on/demandware.static/-/Sites-col-master-catalog/default/dw2447afdb/images/col/691/6917304-frente-1.jpg?sw=280&sh=280,emb. 1 un,https://www.continente.pt/produto/mascara-de-pestanas-lash-princess-false-lash-effect-a-prova-de-agua-essence-6917304.html,higiene-beleza,2025-04-21,Continente
Pensos Higiénicos Ultrafina Plus Normal com Abas,7636741,2.99,"€0,19/un",Ausonia,Beleza e Higiene/Higiene Íntima/Pensos e Cuecas Menstruais,https://www.continente.pt/dw/image/v2/BDVS_PRD/on/demandware.static/-/Sites-col-master-catalog/default/dwfaee11eb/images/col/763/7636741-hero.jpg?sw=280&sh=280,emb. 16 un,https://www.continente.pt/produto/pensos-higienicos-ultrafina-plus-normal-com-abas-ausonia-7636741.html,higiene-beleza,2025-04-21,Continente
Preservativos Ultrafeel,7839076,9.09,"€9,09/un",Control,Beleza e Higiene/Preservativos e Estimuladores,https://www.continente.pt/dw/image/v2/BDVS_PRD/on/demandware.static/-/Sites-col-master-catalog/default/dwda2ba8e0/images/col/783/7839076-direito.jpg?sw=280&sh=280,emb. 10 un,https://www.continente.pt/produto/preservativos-ultrafeel-control-7839076.html,higiene-beleza,2025-04-21,Continente
Preservativos Sensitivo Contacto Total,4485019,8.14,"€0,68/un",Durex,Beleza e Higiene/Preservativos e Estimuladores,https://www.continente.pt/dw/image/v2/BDVS_PRD/on/demandware.static/-/Sites-col-master-catalog/default/dw19e7d695/images/col/448/4485019-hero.jpg?sw=280&sh=280,emb. 12 un,https://www.continente.pt/produto/preservativos-sensitivo-contacto-total-durex-4485019.html,higiene-beleza,2025-04-21,Continente
Creme de Rosto Noite Jelly Aloe Hialurónico,7713349,6.49,"€129,80/lt",Garnier,Beleza e Higiene/Rosto/Antirrugas e Refirmantes,https://www.continente.pt/dw/image/v2/BDVS_PRD/on/demandware.static/-/Sites-col-master-catalog/default/dw4e5659ac/images/col/771/7713349-frente-1.jpg?sw=280&sh=280,emb. 50 ml,https://www.continente.pt/produto/creme-de-rosto-noite-jelly-aloe-hialuronico-garnier-7713349.html,higiene-beleza,2025-04-21,Continente
Máscara Cabelo Gliss Express Ultimate Repair 7sec,7380103,7.01,"€35,05/lt",Schwarzkopf,Beleza e Higiene/Cabelo/Máscaras e Tratamentos,https://www.continente.pt/dw/image/v2/BDVS_PRD/on/demandware.static/-/Sites-col-master-catalog/default/dwefd6abb8/images/col/738/7380103-frente.jpg?sw=280&sh=280,emb. 200 ml,https://www.continente.pt/produto/mascara-cabelo-gliss-express-ultimate-repair-7sec-schwarzkopf-7380103.html,higiene-beleza,2025-04-21,Continente
Protetor Solar Spray Sun Óleo Protect & Dry Touch FPS 50,7124246,11.99,"€59,95/lt",Nivea,Beleza e Higiene/Corpo/Protetores Solares e Bronzeadores/Protetores Solares Corpo,https://www.continente.pt/dw/image/v2/BDVS_PRD/on/demandware.static/-/Sites-col-master-catalog/default/dwb146c11e/images/col/712/7124246-hero.jpg?sw=280&sh=280,emb. 200 ml,https://www.continente.pt/produto/protetor-solar-spray-sun-oleo-protect-dry-touch-fps-50-nivea-7124246.html,higiene-beleza,2025-04-21,Continente
Verniz de Unhas Sand Tropez 79,5009344,7.99,"€7,99/un",Essie,Beleza e Higiene/Maquilhagem/Unhas,https://www.continente.pt/dw/image/v2/BDVS_PRD/on/demandware.static/-/Sites-col-master-catalog/default/dw5d3371c4/images/col/500/5009344-frente.jpg?sw=280&sh=280,"emb. 13,5 ml",https://www.continente.pt/produto/verniz-de-unhas-sand-tropez-79-essie-5009344.html,higiene-beleza,2025-04-21,Continente
Coloração Permanente Excellence Universal Nudes Preto 1U,7530567,9.74,"€9,74/un",LOréal Paris,Beleza e Higiene/Cabelo/Colorações,https://www.continente.pt/dw/image/v2/BDVS_PRD/on/demandware.static/-/Sites-col-master-catalog/default/dw8cf15265/images/col/753/7530567-frente.jpg?sw=280&sh=280,emb. 1 un,https://www.continente.pt/produto/coloracao-permanente-excellence-universal-nudes-preto-1u-loreal-paris-7530567.html,higiene-beleza,2025-04-21,Continente
Estimulador Intense Orgasmic Pure Pleasure,5123097,15.59,"€15,59/un",Durex,Beleza e Higiene/Preservativos e Estimuladores,https://www.continente.pt/dw/image/v2/BDVS_PRD/on/demandware.static/-/Sites-col-master-catalog/default/dwaeb0150e/images/col/512/5123097-hero.jpg?sw=280&sh=280,emb. 1 un,https://www.continente.pt/produto/estimulador-intense-orgasmic-pure-pleasure-durex-5123097.html,higiene-beleza,2025-04-21,Continente
Tiras de Dentes Branqueadoras,7910073,11.99,"€11,99/un",Rapid White,Beleza e Higiene/Higiene Oral/Pastas de Dentes,https://www.continente.pt/dw/image/v2/BDVS_PRD/on/demandware.static/-/Sites-col-master-catalog/default/dwf3870815/images/col/791/7910073-cima-esquerdo.jpg?sw=280&sh=280,emb. 1 un,https://www.continente.pt/produto/tiras-de-dentes-branqueadoras-rapid-white-7910073.html,higiene-beleza,2025-04-21,Continente
Enrolador de Pestanas,5809406,2.99,"€2,99/un",MyLabel,Beleza e Higiene/Maquilhagem/Acessórios,https://www.continente.pt/dw/image/v2/BDVS_PRD/on/demandware.static/-/Sites-col-master-catalog/default/dw7983e0ba/images/col/580/5809406-frente.jpg?sw=280&sh=280,emb. 1 un,https://www.continente.pt/produto/enrolador-de-pestanas-mylabel-5809406.html,higiene-beleza,2025-04-21,Continente
Pasta de Dentes Advanced Proteção Sensibilidade,8385474,4.39,"€58,53/lt",Oral-B,Beleza e Higiene/Higiene Oral/Pastas de Dentes,https://www.continente.pt/dw/image/v2/BDVS_PRD/on/demandware.static/-/Sites-col-master-catalog/default/dwabb8c642/images/col/838/8385474-hero.png?sw=280&sh=280,emb. 75 ml,https://www.continente.pt/produto/pasta-de-dentes-advanced-protecao-sensibilidade-oral-b-8385474.html,higiene-beleza,2025-04-21,Continente
Água Micelar Vitamina C,7514728,5.19,"€12,97/lt",Garnier,Beleza e Higiene/Rosto/Limpeza,https://www.continente.pt/dw/image/v2/BDVS_PRD/on/demandware.static/-/Sites-col-master-catalog/default/dw1456a5b9/images/col/751/7514728-frente.jpg?sw=280&sh=280,emb. 400 ml,https://www.continente.pt/produto/agua-micelar-vitamina-c-garnier-7514728.html,higiene-beleza,2025-04-21,Continente
Óleo Corpo Essencial de Árvore do Chá,7379728,5.24,"€131,00/lt",Soft&Co,Beleza e Higiene/Corpo/Cremes e Loções,https://www.continente.pt/dw/image/v2/BDVS_PRD/on/demandware.static/-/Sites-col-master-catalog/default/dw246385c7/images/col/737/7379728-frente.jpg?sw=280&sh=280,emb. 40 ml,https://www.continente.pt/produto/oleo-corpo-essencial-de-arvore-do-cha-soft-co-7379728.html,higiene-beleza,2025-04-21,Continente
Eyeliner Perfect Slim Intense Black 01,7368723,7.5,"€7,50/un",LOréal Paris,Beleza e Higiene/Maquilhagem/Olhos,https://www.continente.pt/dw/image/v2/BDVS_PRD/on/demandware.static/-/Sites-col-master-catalog/default/dw3bf805d6/images/col/736/7368723-frente-1.jpg?sw=280&sh=280,emb. 1 un,https://www.continente.pt/produto/eyeliner-perfect-slim-intense-black-01-loreal-paris-7368723.html,higiene-beleza,2025-04-21,Continente
Creme Muda Fraldas Calmante Bio,7506191,7.99,"€79,90/lt",Corine de Farme,Bebé/Banho e Higiene/Proteção e Hidratação,https://www.continente.pt/dw/image/v2/BDVS_PRD/on/demandware.static/-/Sites-col-master-catalog/default/dw18f9b05e/images/col/750/7506191-frente.jpg?sw=280&sh=280,emb. 100 ml,https://www.continente.pt/produto/creme-muda-fraldas-calmante-bio-corine-de-farme-7506191.html,higiene-beleza,2025-04-21,Continente
Eyeliner Hyper Precision,350586,8.99,"€1,00/un",Maybelline New York,Beleza e Higiene/Maquilhagem/Olhos,https://www.continente.pt/dw/image/v2/BDVS_PRD/on/demandware.static/-/Sites-col-master-catalog/default/dw2b66b1a9/images/col/789/7893202-hero.jpg?sw=280&sh=280,emb. 1 un,https://www.continente.pt/produto/eyeliner-hyper-precision-maybelline-new-york-350586.html,higiene-beleza,2025-04-21,Continente
Condicionador Gliss Total Repair,7235496,2.78,"€13,90/lt",Schwarzkopf,Beleza e Higiene/Cabelo/Condicionadores,https://www.continente.pt/dw/image/v2/BDVS_PRD/on/demandware.static/-/Sites-col-master-catalog/default/dwedeb46de/images/col/723/7235496-frente.jpg?sw=280&sh=280,emb. 200 ml,https://www.continente.pt/produto/condicionador-gliss-total-repair-schwarzkopf-7235496.html,higiene-beleza,2025-04-21,Continente
Lápis de Olhos Long Lasting Castanho 02,3904620,1.89,"€1,89/un",Essence,Beleza e Higiene/Maquilhagem/Olhos,https://www.continente.pt/dw/image/v2/BDVS_PRD/on/demandware.static/-/Sites-col-master-catalog/default/dwaa1a4dc2/images/col/390/3904620-frente.jpg?sw=280&sh=280,emb. 1 un,https://www.continente.pt/produto/lapis-de-olhos-long-lasting-castanho-02-essence-3904620.html,higiene-beleza,2025-04-21,Continente
Água Perfumada Delicada,7405249,4.54,"€45,40/lt",Chicco,Bebé/Banho e Higiene/Cabelo e Perfumaria,https://www.continente.pt/dw/image/v2/BDVS_PRD/on/demandware.static/-/Sites-col-master-catalog/default/dw50d1765e/images/col/740/7405249-frente.jpg?sw=280&sh=280,emb. 100 ml,https://www.continente.pt/produto/agua-perfumada-delicada-chicco-7405249.html,higiene-beleza,2025-04-21,Continente
Verniz de Unhas Gel Nail Colour 08,7549913,1.99,"€1,99/un",Essence,Beleza e Higiene/Maquilhagem/Unhas,https://www.continente.pt/dw/image/v2/BDVS_PRD/on/demandware.static/-/Sites-col-master-catalog/default/dwda12d352/images/col/754/7549913-frente.jpg?sw=280&sh=280,emb. 1 un,https://www.continente.pt/produto/verniz-de-unhas-gel-nail-colour-08-essence-7549913.html,higiene-beleza,2025-04-21,Continente
Espelho com Pinça Alta Precisão,7483702,6.33,"€6,33/un",Jean Louis David,Beleza e Higiene/Maquilhagem/Acessórios,https://www.continente.pt/dw/image/v2/BDVS_PRD/on/demandware.static/-/Sites-col-master-catalog/default/dwf8be73d1/images/col/748/7483702-frente.jpg?sw=280&sh=280,emb. 1 un,https://www.continente.pt/produto/espelho-com-pinca-alta-precisao-jean-louis-david-7483702.html,higiene-beleza,2025-04-21,Continente
Sérum Facial Accord Parfait 5-6,7461766,13.99,"€13,99/un",LOréal Paris,Beleza e Higiene/Maquilhagem/Rosto,https://www.continente.pt/dw/image/v2/BDVS_PRD/on/demandware.static/-/Sites-col-master-catalog/default/dw62d11e5c/images/col/746/7461766-frente.jpg?sw=280&sh=280,emb. 1 un,https://www.continente.pt/produto/serum-facial-accord-parfait-5-6-loreal-paris-7461766.html,higiene-beleza,2025-04-21,Continente
Óleo Corpo Essencial de Lavanda,7379729,5.24,"€131,00/lt",Soft&Co,Beleza e Higiene/Corpo/Cremes e Loções,https://www.continente.pt/dw/image/v2/BDVS_PRD/on/demandware.static/-/Sites-col-master-catalog/default/dwdb212426/images/col/737/7379729-frente.jpg?sw=280&sh=280,emb. 40 ml,https://www.continente.pt/produto/oleo-corpo-essencial-de-lavanda-soft-co-7379729.html,higiene-beleza,2025-04-21,Continente
Escova Cabelo Criança Ariel,7798341,7.4,"€7,40/un",Disney,Beleza e Higiene/Cabelo/Criança,https://www.continente.pt/dw/image/v2/BDVS_PRD/on/demandware.static/-/Sites-col-master-catalog/default/dw5f733f9e/images/col/779/7798341-frente.png?sw=280&sh=280,emb. 1 un,https://www.continente.pt/produto/escova-cabelo-crianca-ariel-disney-7798341.html,higiene-beleza,2025-04-21,Continente
Óleo Corpo Hidratação Coco,7619736,6.99,"€6,99/un",Soft&Co,Beleza e Higiene/Corpo/Cremes e Loções,https://www.continente.pt/dw/image/v2/BDVS_PRD/on/demandware.static/-/Sites-col-master-catalog/default/dw0ae38ffc/images/col/761/7619736-frente.jpg?sw=280&sh=280,emb. 100 ml,https://www.continente.pt/produto/oleo-corpo-hidratacao-coco-soft-co-7619736.html,higiene-beleza,2025-04-21,Continente
Creme de Banho Pure 0%,7363920,5.49,"€10,98/lt",Corine de Farme,Beleza e Higiene/Corpo/Gel de Banho,https://www.continente.pt/dw/image/v2/BDVS_PRD/on/demandware.static/-/Sites-col-master-catalog/default/dwd48eb2d9/images/col/736/7363920-frente.jpg?sw=280&sh=280,emb. 500 ml,https://www.continente.pt/produto/creme-de-banho-pure-0--corine-de-farme-7363920.html,higiene-beleza,2025-04-21,Continente
Corta Calos e 10 Lâminas,4916962,6.95,"€6,95/un",Mercurochrome,Beleza e Higiene/Corpo/Cuidados de Mãos e Pés,https://www.continente.pt/dw/image/v2/BDVS_PRD/on/demandware.static/-/Sites-col-master-catalog/default/dw8055683a/images/col/491/4916962-frente.jpg?sw=280&sh=280,emb. 1 un,https://www.continente.pt/produto/corta-calos-e-10-laminas-mercurochrome-4916962.html,higiene-beleza,2025-04-21,Continente
Creme de Rosto Antirrugas,7754558,2.99,"€59,80/un",MyLabel,Beleza e Higiene/Rosto/Antirrugas e Refirmantes,https://www.continente.pt/dw/image/v2/BDVS_PRD/on/demandware.static/-/Sites-col-master-catalog/default/dwf0dc02a7/images/col/775/7754558-frente.jpg?sw=280&sh=280,emb. 50 ml,https://www.continente.pt/produto/creme-de-rosto-antirrugas-mylabel-7754558.html,higiene-beleza,2025-04-21,Continente
Sérum Facial Men Expert Antirrugas Power Age,7728322,11.19,"€373,00/lt",LOréal Paris,Beleza e Higiene/Homem/Rosto,https://www.continente.pt/dw/image/v2/BDVS_PRD/on/demandware.static/-/Sites-col-master-catalog/default/dw0798e871/images/col/772/7728322-frente-1.jpg?sw=280&sh=280,emb. 30 ml,https://www.continente.pt/produto/serum-facial-men-expert-antirrugas-power-age-loreal-paris-7728322.html,higiene-beleza,2025-04-21,Continente
Máscara de Pestanas Colossal à Prova de Água Black,6922308,6.59,"€6,59/un",Maybelline New York,Beleza e Higiene/Maquilhagem/Olhos,https://www.continente.pt/dw/image/v2/BDVS_PRD/on/demandware.static/-/Sites-col-master-catalog/default/dwbd20e039/images/col/692/6922308-frente.jpg?sw=280&sh=280,emb. 1 un,https://www.continente.pt/produto/mascara-de-pestanas-colossal-a-prova-de-agua-black-maybelline-new-york-6922308.html,higiene-beleza,2025-04-21,Continente
Champô SOS Strength & Length,8048851,6.96,"€23,20/lt",Aussie,Beleza e Higiene/Cabelo/Champôs,https://www.continente.pt/dw/image/v2/BDVS_PRD/on/demandware.static/-/Sites-col-master-catalog/default/dwa3613886/images/col/804/8048851-hero.png?sw=280&sh=280,emb. 300 ml,https://www.continente.pt/produto/champo-sos-strength-length-aussie-8048851.html,higiene-beleza,2025-04-21,Continente
Lápis de Olhos Tattoo Liner Smokey,288205,5.99,"€5,99/un",Maybelline New York,Beleza e Higiene/Maquilhagem/Olhos,https://www.continente.pt/dw/image/v2/BDVS_PRD/on/demandware.static/-/Sites-col-master-catalog/default/dw0e4e39a9/images/col/736/7368671-frente.jpg?sw=280&sh=280,emb. 1 un,https://www.continente.pt/produto/lapis-de-olhos-tattoo-liner-smokey-maybelline-new-york-288205.html,higiene-beleza,2025-04-21,Continente
Recarga Lâminas One Blade QP430/50,8060948,30.01,"€10,00/un",Philips,Beleza e Higiene/Homem/Barba,https://www.continente.pt/dw/image/v2/BDVS_PRD/on/demandware.static/-/Sites-col-master-catalog/default/dwf14f1a38/images/col/806/8060948-frente.jpg?sw=280&sh=280,emb. 3 un,https://www.continente.pt/produto/recarga-laminas-one-blade-qp430-50-philips-8060948.html,higiene-beleza,2025-04-21,Continente
Gel Exfoliante Men Protect & Care,4297437,7.29,"€97,20/lt",Nivea,Beleza e Higiene/Homem/Rosto,https://www.continente.pt/dw/image/v2/BDVS_PRD/on/demandware.static/-/Sites-col-master-catalog/default/dw3ef926a3/images/col/429/4297437-hero.jpg?sw=280&sh=280,emb. 75 ml,https://www.continente.pt/produto/gel-exfoliante-men-protect-care-nivea-4297437.html,higiene-beleza,2025-04-21,Continente
Spray Cabelo Guardian Angel Protetor de Calor,7431308,4.94,"€24,70/lt",Got2B,"Beleza e Higiene/Cabelo/Spray, Espuma, Creme e Gel/Laca e Spray",https://www.continente.pt/dw/image/v2/BDVS_PRD/on/demandware.static/-/Sites-col-master-catalog/default/dwedc08acf/images/col/743/7431308-frente.jpg?sw=280&sh=280,emb. 200 ml,https://www.continente.pt/produto/spray-cabelo-guardian-angel-protetor-de-calor-got2b-7431308.html,higiene-beleza,2025-04-21,Continente
Gel Lubrificante Cherry,8019550,9.79,"€97,90/lt",Durex,Beleza e Higiene/Preservativos e Estimuladores,https://www.continente.pt/dw/image/v2/BDVS_PRD/on/demandware.static/-/Sites-col-master-catalog/default/dwe4f1c471/images/col/801/8019550-frente.png?sw=280&sh=280,emb. 100 ml,https://www.continente.pt/produto/gel-lubrificante-cherry-durex-8019550.html,higiene-beleza,2025-04-21,Continente
Coloração Permanente Excellence Creme Avelã 6.41,5030021,8.44,"€8,44/un",LOréal Paris,Beleza e Higiene/Cabelo/Colorações,https://www.continente.pt/dw/image/v2/BDVS_PRD/on/demandware.static/-/Sites-col-master-catalog/default/dwc2909ae4/images/col/503/5030021-hero.jpg?sw=280&sh=280,emb. 1 un,https://www.continente.pt/produto/coloracao-permanente-excellence-creme-avela-6.41-loreal-paris-5030021.html,higiene-beleza,2025-04-21,Continente
Tratamento Anti-Calosidade,4916958,7.35,"€98,00/lt",Mercurochrome,Beleza e Higiene/Corpo/Cuidados de Mãos e Pés,https://www.continente.pt/dw/image/v2/BDVS_PRD/on/demandware.static/-/Sites-col-master-catalog/default/dw77564420/images/col/491/4916958-frente.jpg?sw=280&sh=280,emb. 75 ml,https://www.continente.pt/produto/tratamento-anti-calosidade-mercurochrome-4916958.html,higiene-beleza,2025-04-21,Continente
Champô Brilho Frozen Criança,7506204,5.29,"€17,63/lt",Corine de Farme,Beleza e Higiene/Cabelo/Criança,https://www.continente.pt/dw/image/v2/BDVS_PRD/on/demandware.static/-/Sites-col-master-catalog/default/dwa1c537ba/images/col/750/7506204-frente-1.jpg?sw=280&sh=280,emb. 300 ml,https://www.continente.pt/produto/champo-brilho-frozen-crianca-corine-de-farme-7506204.html,higiene-beleza,2025-04-21,Continente
Perfume Mist Flirt Fest,8088759,3.99,"€22,17/lt",MyLabel,Beleza e Higiene/Corpo/Colónias e Perfumes,https://www.continente.pt/dw/image/v2/BDVS_PRD/on/demandware.static/-/Sites-col-master-catalog/default/dwbd10f70e/images/col/808/8088759-frente.png?sw=280&sh=280,emb. 180 ml,https://www.continente.pt/produto/perfume-mist-flirt-fest-mylabel-8088759.html,higiene-beleza,2025-04-21,Continente
Base de Rosto Accord Parfait 7.D/7.W,5870332,11.47,"€11,47/un",LOréal Paris,Beleza e Higiene/Maquilhagem/Rosto,https://www.continente.pt/dw/image/v2/BDVS_PRD/on/demandware.static/-/Sites-col-master-catalog/default/dw6aa07049/images/col/587/5870332-frente.jpg?sw=280&sh=280,emb. 1 un,https://www.continente.pt/produto/base-de-rosto-accord-parfait-7.d-7.w-loreal-paris-5870332.html,higiene-beleza,2025-04-21,Continente
Eyeliner Intense Blue Jersey 05,7533252,8.39,"€8,39/un",LOréal Paris,Beleza e Higiene/Maquilhagem/Olhos,https://www.continente.pt/dw/image/v2/BDVS_PRD/on/demandware.static/-/Sites-col-master-catalog/default/dw8a4ba577/images/col/753/7533252-frente.jpg?sw=280&sh=280,emb. 1 un,https://www.continente.pt/produto/eyeliner-intense-blue-jersey-05-loreal-paris-7533252.html,higiene-beleza,2025-04-21,Continente
,,0.0,"€9,42/lt",,,https://www.continente.pt/dw/image/v2/BDVS_PRD/on/demandware.static/-/Sites-col-master-catalog/default/dwc78cdf29/images/col/642/6420792-hero.jpg?sw=280&sh=280,emb. 400 ml,https://www.continente.pt/produto/champo-ultra-suave-riqueza-dargao-garnier-6420792.html,higiene-beleza,2025-04-21,Continente
Creme Depilatório Expert Corpo,7733019,10.49,"€52,45/lt",Veet,Beleza e Higiene/Corpo/Depilação e Descoloração,https://www.continente.pt/dw/image/v2/BDVS_PRD/on/demandware.static/-/Sites-col-master-catalog/default/dwabff4b9f/images/col/773/7733019-hero.jpg?sw=280&sh=280,emb. 200 ml,https://www.continente.pt/produto/creme-depilatorio-expert-corpo-veet-7733019.html,higiene-beleza,2025-04-21,Continente
Lâminas Descartáveis Xtreme 3 Sensitive Oscilante,2571387,7.99,"€2,00/un",Wilkinson,Beleza e Higiene/Homem/Barba,https://www.continente.pt/dw/image/v2/BDVS_PRD/on/demandware.static/-/Sites-col-master-catalog/default/dw18592297/images/col/257/2571387-frente.jpg?sw=280&sh=280,emb. 8 un,https://www.continente.pt/produto/laminas-descartaveis-xtreme-3-sensitive-oscilante-wilkinson-2571387.html,higiene-beleza,2025-04-21,Continente
Creme de Rosto Noite Expert Rejuvenescedor,6073925,15.59,"€311,80/lt",Diadermine,Beleza e Higiene/Rosto/Antirrugas e Refirmantes,https://www.continente.pt/dw/image/v2/BDVS_PRD/on/demandware.static/-/Sites-col-master-catalog/default/dw4956517c/images/col/607/6073925-frente.jpg?sw=280&sh=280,emb. 50 ml,https://www.continente.pt/produto/creme-de-rosto-noite-expert-rejuvenescedor-diadermine-6073925.html,higiene-beleza,2025-04-21,Continente
Coloração Tom sobre Tom Casting Creme Gloss Louro Escuro 600,3716491,6.99,"€6,99/un",LOréal Paris,Beleza e Higiene/Cabelo/Colorações,https://www.continente.pt/dw/image/v2/BDVS_PRD/on/demandware.static/-/Sites-col-master-catalog/default/dw9df5c950/images/col/371/3716491-frente.jpg?sw=280&sh=280,emb. 1 un,https://www.continente.pt/produto/coloracao-tom-sobre-tom-casting-creme-gloss-louro-escuro-600-loreal-paris-3716491.html,higiene-beleza,2025-04-21,Continente
Loção Corpo Spray Cocoa Radiant,7059073,6.59,"€34,68/lt",Vaseline,Beleza e Higiene/Corpo/Cremes e Loções,https://www.continente.pt/dw/image/v2/BDVS_PRD/on/demandware.static/-/Sites-col-master-catalog/default/dw2b83f495/images/col/705/7059073-hero.jpg?sw=280&sh=280,emb. 190 ml,https://www.continente.pt/produto/locao-corpo-spray-cocoa-radiant-vaseline-7059073.html,higiene-beleza,2025-04-21,Continente
Coloração Permanente Oleo Intense Preto Intenso 1.10,5088231,7.49,"€7,49/un",Syoss,Beleza e Higiene/Cabelo/Colorações,https://www.continente.pt/dw/image/v2/BDVS_PRD/on/demandware.static/-/Sites-col-master-catalog/default/dwc8120afa/images/col/508/5088231-frente.jpg?sw=280&sh=280,emb. 1 un,https://www.continente.pt/produto/coloracao-permanente-oleo-intense-preto-intenso-1.10-syoss-5088231.html,higiene-beleza,2025-04-21,Continente
Bolsa Pequena,7483234,16.06,"€16,06/un",Jean Louis David,Beleza e Higiene/Maquilhagem/Acessórios,https://www.continente.pt/dw/image/v2/BDVS_PRD/on/demandware.static/-/Sites-col-master-catalog/default/dwa4719fa9/images/col/748/7483234-frente.jpg?sw=280&sh=280,emb. 1 un,https://www.continente.pt/produto/bolsa-pequena-jean-louis-david-7483234.html,higiene-beleza,2025-04-21,Continente
Verniz de Unhas Fast Gel 1,7742702,3.5,"€3,50/un",Maybelline New York,Beleza e Higiene/Maquilhagem/Unhas,https://www.continente.pt/dw/image/v2/BDVS_PRD/on/demandware.static/-/Sites-col-master-catalog/default/dw93ca4025/images/col/774/7742702-frente.jpg?sw=280&sh=280,emb. 600 ml,https://www.continente.pt/produto/verniz-de-unhas-fast-gel-1-maybelline-new-york-7742702.html,higiene-beleza,2025-04-21,Continente
Eau de Parfum nº 15,5691431,12.99,"€86,60/lt",Caravan,Beleza e Higiene/Corpo/Colónias e Perfumes,https://www.continente.pt/dw/image/v2/BDVS_PRD/on/demandware.static/-/Sites-col-master-catalog/default/dwed1ffb71/images/col/569/5691431-frente.png?sw=280&sh=280,emb. 150 ml,https://www.continente.pt/produto/eau-de-parfum-n-15-caravan-5691431.html,higiene-beleza,2025-04-21,Continente
Máscara de Sobrancelhas Gel Make Me Brow 04,7119799,2.99,"€2,99/un",Essence,Beleza e Higiene/Maquilhagem/Olhos,https://www.continente.pt/dw/image/v2/BDVS_PRD/on/demandware.static/-/Sites-col-master-catalog/default/dw610032bc/images/col/711/7119799-frente.jpg?sw=280&sh=280,emb. 1 un,https://www.continente.pt/produto/mascara-de-sobrancelhas-gel-make-me-brow-04-essence-7119799.html,higiene-beleza,2025-04-21,Continente
Loção Corpo Cocoa Glow,7044811,3.99,"€19,95/lt",Vaseline,Beleza e Higiene/Corpo/Cremes e Loções,https://www.continente.pt/dw/image/v2/BDVS_PRD/on/demandware.static/-/Sites-col-master-catalog/default/dwc154aff6/images/col/704/7044811-hero.jpg?sw=280&sh=280,emb. 200 ml,https://www.continente.pt/produto/locao-corpo-cocoa-glow-vaseline-7044811.html,higiene-beleza,2025-04-21,Continente
Recarga de Lâminas Venus Deluxe Smooth Swirl,7526590,16.49,"€5,50/un",Gillette,Beleza e Higiene/Corpo/Depilação e Descoloração,https://www.continente.pt/dw/image/v2/BDVS_PRD/on/demandware.static/-/Sites-col-master-catalog/default/dwa9a3a26c/images/col/752/7526590-hero.png?sw=280&sh=280,emb. 3 un,https://www.continente.pt/produto/recarga-de-laminas-venus-deluxe-smooth-swirl-gillette-7526590.html,higiene-beleza,2025-04-21,Continente
Champô Elvive Color Vive,7461004,17.98,"€8,69/lt",LOréal Paris,Beleza e Higiene/Cabelo/Champôs,https://www.continente.pt/dw/image/v2/BDVS_PRD/on/demandware.static/-/Sites-col-master-catalog/default/dw5bdd3b39/images/col/746/7461004-hero.jpg?sw=280&sh=280,emb. 3 x 690 ml,https://www.continente.pt/produto/champo-elvive-color-vive-loreal-paris-7461004.html,higiene-beleza,2025-04-21,Continente
Loção Corpo Advance Repair Pele Seca,7647756,6.59,"€16,48/lt",Vaseline,Beleza e Higiene/Corpo/Cremes e Loções,https://www.continente.pt/dw/image/v2/BDVS_PRD/on/demandware.static/-/Sites-col-master-catalog/default/dw6519cb2e/images/col/764/7647756-hero.jpg?sw=280&sh=280,emb. 400 ml,https://www.continente.pt/produto/locao-corpo-advance-repair-pele-seca-vaseline-7647756.html,higiene-beleza,2025-04-21,Continente
Champô Pro-V Active Nutri-Plex Longo Infinito,8154156,3.96,"€12,18/lt",Pantene,Beleza e Higiene/Cabelo/Champôs,https://www.continente.pt/dw/image/v2/BDVS_PRD/on/demandware.static/-/Sites-col-master-catalog/default/dwe48f5dcf/images/col/815/8154156-hero.png?sw=280&sh=280,emb. 325 ml,https://www.continente.pt/produto/champo-pro-v-active-nutri-plex-longo-infinito-pantene-8154156.html,higiene-beleza,2025-04-21,Continente
Sérum Facial Accord Parfait,304468,13.99,"€13,99/un",LOréal Paris,Beleza e Higiene/Maquilhagem/Rosto,https://www.continente.pt/dw/image/v2/BDVS_PRD/on/demandware.static/-/Sites-col-master-catalog/default/dwe723fdce/images/col/746/7461761-frente.jpg?sw=280&sh=280,emb. 1 un,https://www.continente.pt/produto/serum-facial-accord-parfait-loreal-paris-304468.html,higiene-beleza,2025-04-21,Continente
Batom Disney Princess Moana,8388241,3.99,"€3,99/un",Labello,Beleza e Higiene/Rosto/Lábios,https://www.continente.pt/dw/image/v2/BDVS_PRD/on/demandware.static/-/Sites-col-master-catalog/default/dw53df14a5/images/col/838/8388241-hero.jpg?sw=280&sh=280,emb. 1 un,https://www.continente.pt/produto/batom-disney-princess-moana-labello-8388241.html,higiene-beleza,2025-04-21,Continente
Desmaquilhante de Olhos Suave,8154710,5.39,"€43,12/lt",Diadermine,Beleza e Higiene/Rosto/Limpeza,https://www.continente.pt/dw/image/v2/BDVS_PRD/on/demandware.static/-/Sites-col-master-catalog/default/dw61e734e6/images/col/815/8154710-frente.png?sw=280&sh=280,emb. 125 ml,https://www.continente.pt/produto/desmaquilhante-de-olhos-suave-diadermine-8154710.html,higiene-beleza,2025-04-21,Continente
Verniz de Unhas Fast Gel,331871,3.5,"€3,50/un",Essie,Beleza e Higiene/Maquilhagem/Unhas,https://www.continente.pt/dw/image/v2/BDVS_PRD/on/demandware.static/-/Sites-col-master-catalog/default/dw93ca4025/images/col/774/7742702-frente.jpg?sw=280&sh=280,emb. 1 un,https://www.continente.pt/produto/verniz-de-unhas-fast-gel-essie-331871.html,higiene-beleza,2025-04-21,Continente
Champô Biotin Repair,8023552,3.77,"€9,42/lt",Tresemmé,Beleza e Higiene/Cabelo/Champôs,https://www.continente.pt/dw/image/v2/BDVS_PRD/on/demandware.static/-/Sites-col-master-catalog/default/dwaaae0dd5/images/col/802/8023552-hero.png?sw=280&sh=280,emb. 400 ml,https://www.continente.pt/produto/champo-biotin-repair-tresemme-8023552.html,higiene-beleza,2025-04-21,Continente
Máscara de Pestanas Sky High,289400,12.99,"€12,99/un",Maybelline New York,Beleza e Higiene/Maquilhagem/Olhos,https://www.continente.pt/dw/image/v2/BDVS_PRD/on/demandware.static/-/Sites-col-master-catalog/default/dw1eabc5be/images/col/797/7974250-hero.jpg?sw=280&sh=280,emb. 1 un,https://www.continente.pt/produto/mascara-de-pestanas-sky-high-maybelline-new-york-289400.html,higiene-beleza,2025-04-21,Continente
Sérum Capilar Reparador Ultra Suave Tesouros de Mel,7970699,5.59,"€48,61/lt",Garnier,Beleza e Higiene/Cabelo/Máscaras e Tratamentos,https://www.continente.pt/dw/image/v2/BDVS_PRD/on/demandware.static/-/Sites-col-master-catalog/default/dw592619b5/images/col/797/7970699-hero.jpg?sw=280&sh=280,emb. 115 ml,https://www.continente.pt/produto/serum-capilar-reparador-ultra-suave-tesouros-de-mel-garnier-7970699.html,higiene-beleza,2025-04-21,Continente
Verniz de Unhas Cute As a Button 73,5009433,7.49,"€7,49/un",Essie,Beleza e Higiene/Maquilhagem/Unhas,https://www.continente.pt/dw/image/v2/BDVS_PRD/on/demandware.static/-/Sites-col-master-catalog/default/dw951db145/images/col/500/5009433-frente.jpg?sw=280&sh=280,"emb. 13,5 ml",https://www.continente.pt/produto/verniz-de-unhas-cute-as-a-button-73-essie-5009433.html,higiene-beleza,2025-04-21,Continente
Blush Sunkisser 12,7974247,9.99,"€9,99/un",Maybelline New York,Beleza e Higiene/Maquilhagem/Rosto,https://www.continente.pt/dw/image/v2/BDVS_PRD/on/demandware.static/-/Sites-col-master-catalog/default/dwbffc1dc4/images/col/797/7974247-hero.jpg?sw=280&sh=280,emb. 1 un,https://www.continente.pt/produto/blush-sunkisser-12-maybelline-new-york-7974247.html,higiene-beleza,2025-04-21,Continente
Lápis de Sobrancelhas Le Skinny 103,7107043,6.59,"€6,59/un",LOréal Paris,Beleza e Higiene/Maquilhagem/Olhos,https://www.continente.pt/dw/image/v2/BDVS_PRD/on/demandware.static/-/Sites-col-master-catalog/default/dwef50963b/images/col/710/7107043-frente.jpg?sw=280&sh=280,emb. 1 un,https://www.continente.pt/produto/lapis-de-sobrancelhas-le-skinny-103-loreal-paris-7107043.html,higiene-beleza,2025-04-21,Continente
Corretor Infaillible More Than Concealer 329,6845240,8.39,"€8,39/un",LOréal Paris,Beleza e Higiene/Maquilhagem/Rosto,https://www.continente.pt/dw/image/v2/BDVS_PRD/on/demandware.static/-/Sites-col-master-catalog/default/dw1f643feb/images/col/684/6845240-frente.jpg?sw=280&sh=280,emb. 1 un,https://www.continente.pt/produto/corretor-infaillible-more-than-concealer-329-loreal-paris-6845240.html,higiene-beleza,2025-04-21,Continente
Manteiga Corpo Arroz e Coco,8168301,5.99,"€5,99/un",Body Natur,Beleza e Higiene/Corpo/Cremes e Loções,https://www.continente.pt/dw/image/v2/BDVS_PRD/on/demandware.static/-/Sites-col-master-catalog/default/dwbfa589f0/images/col/816/8168301-frente.jpg?sw=280&sh=280,emb. 1 un,https://www.continente.pt/produto/manteiga-corpo-arroz-e-coco-body-natur-8168301.html,higiene-beleza,2025-04-21,Continente
Verniz de Unhas Dry Top Coat,7394049,3.39,"€3,39/un",Catrice,Beleza e Higiene/Maquilhagem/Unhas,https://www.continente.pt/dw/image/v2/BDVS_PRD/on/demandware.static/-/Sites-col-master-catalog/default/dwb5e38314/images/col/739/7394049-frente.jpg?sw=280&sh=280,emb. 1 un,https://www.continente.pt/produto/verniz-de-unhas-dry-top-coat-catrice-7394049.html,higiene-beleza,2025-04-21,Continente
Sérum Cabelo Elvive Bond Repair,7727982,7.19,"€47,93/lt",LOréal Paris,Beleza e Higiene/Cabelo/Máscaras e Tratamentos,https://www.continente.pt/dw/image/v2/BDVS_PRD/on/demandware.static/-/Sites-col-master-catalog/default/dw20431871/images/col/772/7727982-frente.jpg?sw=280&sh=280,emb. 150 ml,https://www.continente.pt/produto/serum-cabelo-elvive-bond-repair-loreal-paris-7727982.html,higiene-beleza,2025-04-21,Continente
Lápis de Olhos Soft Kohl Jet Black 061,5286561,5.24,"€5,24/un",Rimmel,Beleza e Higiene/Maquilhagem/Olhos,https://www.continente.pt/dw/image/v2/BDVS_PRD/on/demandware.static/-/Sites-col-master-catalog/default/dwed6a6326/images/col/528/5286561-frente.jpg?sw=280&sh=280,emb. 1 un,https://www.continente.pt/produto/lapis-de-olhos-soft-kohl-jet-black-061-rimmel-5286561.html,higiene-beleza,2025-04-21,Continente
Raspador de Pés Reciclado,7691975,4.7,"€4,70/un",Jean Louis David,Beleza e Higiene/Corpo/Cuidados de Mãos e Pés,https://www.continente.pt/dw/image/v2/BDVS_PRD/on/demandware.static/-/Sites-col-master-catalog/default/dw087a7602/images/col/769/7691975-frente.jpg?sw=280&sh=280,emb. 1 un,https://www.continente.pt/produto/raspador-de-pes-reciclado-jean-louis-david-7691975.html,higiene-beleza,2025-04-21,Continente
Preservativos Strawberry,7068362,8.39,"€0,70/un",Control,Beleza e Higiene/Preservativos e Estimuladores,https://www.continente.pt/dw/image/v2/BDVS_PRD/on/demandware.static/-/Sites-col-master-catalog/default/dwd42193b6/images/col/706/7068362-direito.jpg?sw=280&sh=280,emb. 12 un,https://www.continente.pt/produto/preservativos-strawberry-control-7068362.html,higiene-beleza,2025-04-21,Continente
Lip Gloss Baby Dream,7551398,2.99,"€2,99/un",Relove,Beleza e Higiene/Maquilhagem/Lábios,https://www.continente.pt/dw/image/v2/BDVS_PRD/on/demandware.static/-/Sites-col-master-catalog/default/dwf765cf04/images/col/755/7551398-frente-1.jpg?sw=280&sh=280,emb. 1 un,https://www.continente.pt/produto/lip-gloss-baby-dream-relove-7551398.html,higiene-beleza,2025-04-21,Continente
Cuecas Incontinência Lavável Silhouette M,7447728,18.74,"€18,74/un",Tena,Beleza e Higiene/Higiene Íntima/Incontinência/Cuecas Incontinência,https://www.continente.pt/dw/image/v2/BDVS_PRD/on/demandware.static/-/Sites-col-master-catalog/default/dw9956742b/images/col/744/7447728-hero.jpg?sw=280&sh=280,emb. 1 un,https://www.continente.pt/produto/cuecas-incontinencia-lavavel-silhouette-m-tena-7447728.html,higiene-beleza,2025-04-21,Continente
Eau de Parfum nº 23,7315664,4.22,"€140,67/lt",Caravan,Beleza e Higiene/Corpo/Colónias e Perfumes,https://www.continente.pt/dw/image/v2/BDVS_PRD/on/demandware.static/-/Sites-col-master-catalog/default/dw3efe7cb6/images/col/731/7315664-frente.jpg?sw=280&sh=280,emb. 30 ml,https://www.continente.pt/produto/eau-de-parfum-n-23-caravan-7315664.html,higiene-beleza,2025-04-21,Continente
Coloração Semi-Permanente Color Sensation Castanho 4.0,7971320,4.99,"€4,99/un",Garnier,Beleza e Higiene/Cabelo/Colorações,https://www.continente.pt/dw/image/v2/BDVS_PRD/on/demandware.static/-/Sites-col-master-catalog/default/dw4e919fe2/images/col/797/7971320-hero.jpg?sw=280&sh=280,emb. 1 un,https://www.continente.pt/produto/coloracao-semi-permanente-color-sensation-castanho-4.0-garnier-7971320.html,higiene-beleza,2025-04-21,Continente
Creme de Rosto Men Expert Pure Carbon,7374739,6.99,"€6,99/lt",LOréal Paris,Beleza e Higiene/Homem/Rosto,https://www.continente.pt/dw/image/v2/BDVS_PRD/on/demandware.static/-/Sites-col-master-catalog/default/dw2fbecff7/images/col/737/7374739-frente-1.jpg?sw=280&sh=280,emb. 50 ml,https://www.continente.pt/produto/creme-de-rosto-men-expert-pure-carbon-loreal-paris-7374739.html,higiene-beleza,2025-04-21,Continente
,,0.0,"€9,99/un",,,https://www.continente.pt/dw/image/v2/BDVS_PRD/on/demandware.static/-/Sites-col-master-catalog/default/dwbc68dd8a/images/col/692/6922296-cima.jpg?sw=280&sh=280,emb. 1 un,https://www.continente.pt/produto/blush-fit-me-berry-55-maybelline-new-york-6922296.html,higiene-beleza,2025-04-21,Continente
Mousse Autobronzeadora Ambre Solaire,7105268,11.99,"€59,95/lt",Garnier,Beleza e Higiene/Corpo/Protetores Solares e Bronzeadores/Bronzeadores e Autobronzeadores,https://www.continente.pt/dw/image/v2/BDVS_PRD/on/demandware.static/-/Sites-col-master-catalog/default/dwc68b10cc/images/col/710/7105268-frente.jpg?sw=280&sh=280,emb. 200 ml,https://www.continente.pt/produto/mousse-autobronzeadora-ambre-solaire-garnier-7105268.html,higiene-beleza,2025-04-21,Continente
Champô Hydrate & Revive Óleo de Argão de Marrocos,6841773,7.19,"€18,68/lt",OGX,Beleza e Higiene/Cabelo/Champôs,https://www.continente.pt/dw/image/v2/BDVS_PRD/on/demandware.static/-/Sites-col-master-catalog/default/dwa19a29d0/images/col/684/6841773-frente.jpg?sw=280&sh=280,emb. 385 ml,https://www.continente.pt/produto/champo-hydrate-revive-oleo-de-argao-de-marrocos-ogx-6841773.html,higiene-beleza,2025-04-21,Continente
Batom SuperStay Ink Crayon 105,7461788,9.49,"€9,49/un",Maybelline New York,Beleza e Higiene/Maquilhagem/Lábios,https://www.continente.pt/dw/image/v2/BDVS_PRD/on/demandware.static/-/Sites-col-master-catalog/default/dwf2d4d701/images/col/746/7461788-frente.jpg?sw=280&sh=280,emb. 1 un,https://www.continente.pt/produto/batom-superstay-ink-crayon-105-maybelline-new-york-7461788.html,higiene-beleza,2025-04-21,Continente
Loção Corpo Cica Repair+,8014480,4.19,"€16,76/lt",Mixa,Beleza e Higiene/Corpo/Cremes e Loções,https://www.continente.pt/dw/image/v2/BDVS_PRD/on/demandware.static/-/Sites-col-master-catalog/default/dw3b638034/images/col/801/8014480-hero.jpg?sw=280&sh=280,emb. 250 ml,https://www.continente.pt/produto/locao-corpo-cica-repair-mixa-8014480.html,higiene-beleza,2025-04-21,Continente
Óleo Cabelo Extra Strenght Leite de Coco,7158650,7.99,"€79,90/lt",OGX,Beleza e Higiene/Cabelo/Máscaras e Tratamentos,https://www.continente.pt/dw/image/v2/BDVS_PRD/on/demandware.static/-/Sites-col-master-catalog/default/dw0e49cbfb/images/col/715/7158650-frente.jpg?sw=280&sh=280,emb. 100 ml,https://www.continente.pt/produto/oleo-cabelo-extra-strenght-leite-de-coco-ogx-7158650.html,higiene-beleza,2025-04-21,Continente
Lip Gloss Baby Sugar,7551395,2.99,"€2,99/un",Relove,Beleza e Higiene/Maquilhagem/Lábios,https://www.continente.pt/dw/image/v2/BDVS_PRD/on/demandware.static/-/Sites-col-master-catalog/default/dwbc45e7a6/images/col/755/7551395-frente-1.jpg?sw=280&sh=280,emb. 1 un,https://www.continente.pt/produto/lip-gloss-baby-sugar-relove-7551395.html,higiene-beleza,2025-04-21,Continente
Protetor Solar Spray Ambre Solaire Sensitive Advanced Kids FPS 50+,7727044,11.39,"€75,93/lt",Garnier,Beleza e Higiene/Corpo/Protetores Solares e Bronzeadores/Protetores Solares Crianças,https://www.continente.pt/dw/image/v2/BDVS_PRD/on/demandware.static/-/Sites-col-master-catalog/default/dw62a67b67/images/col/772/7727044-frente.jpg?sw=280&sh=280,emb. 150 ml,https://www.continente.pt/produto/protetor-solar-spray-ambre-solaire-sensitive-advanced-kids-fps-50-garnier-7727044.html,higiene-beleza,2025-04-21,Continente
Base de Rosto Infaillible 32h FreshWear 130,6732835,11.69,"€11,69/un",LOréal Paris,Beleza e Higiene/Maquilhagem/Rosto,https://www.continente.pt/dw/image/v2/BDVS_PRD/on/demandware.static/-/Sites-col-master-catalog/default/dw9b834540/images/col/673/6732835-hero.jpg?sw=280&sh=280,emb. 30 ml,https://www.continente.pt/produto/base-de-rosto-infaillible-32h-freshwear-130-loreal-paris-6732835.html,higiene-beleza,2025-04-21,Continente
Lâminas Descartáveis Sensor3 Comfort,2836337,7.99,"€2,00/un",Gillette,Beleza e Higiene/Homem/Barba,https://www.continente.pt/dw/image/v2/BDVS_PRD/on/demandware.static/-/Sites-col-master-catalog/default/dw0b860489/images/col/283/2836337-frente.jpg?sw=280&sh=280,emb. 5 un,https://www.continente.pt/produto/laminas-descartaveis-sensor3-comfort-gillette-2836337.html,higiene-beleza,2025-04-21,Continente
Coloração Permanente Oleo Intense Louro Bege 8.05,7156710,7.49,"€7,49/un",Syoss,Beleza e Higiene/Cabelo/Colorações,https://www.continente.pt/dw/image/v2/BDVS_PRD/on/demandware.static/-/Sites-col-master-catalog/default/dw52041a45/images/col/715/7156710-esquerdo.jpg?sw=280&sh=280,emb. 1 un,https://www.continente.pt/produto/coloracao-permanente-oleo-intense-louro-bege-8.05-syoss-7156710.html,higiene-beleza,2025-04-21,Continente
Coloração Permanente Nutrisse Ultra Color Vermelho Vibrante 6.60,4858746,9.49,"€9,49/un",Garnier,Beleza e Higiene/Cabelo/Colorações,https://www.continente.pt/dw/image/v2/BDVS_PRD/on/demandware.static/-/Sites-col-master-catalog/default/dwd83a6185/images/col/485/4858746-frente.jpg?sw=280&sh=280,emb. 1 un,https://www.continente.pt/produto/coloracao-permanente-nutrisse-ultra-color-vermelho-vibrante-6.60-garnier-4858746.html,higiene-beleza,2025-04-21,Continente
Protetor Solar Spray Sun Protect & Bronze FPS 20,5507022,11.99,"€59,95/lt",Nivea,Beleza e Higiene/Corpo/Protetores Solares e Bronzeadores/Protetores Solares Corpo,https://www.continente.pt/dw/image/v2/BDVS_PRD/on/demandware.static/-/Sites-col-master-catalog/default/dw0bc18874/images/col/550/5507022-hero.jpg?sw=280&sh=280,emb. 200 ml,https://www.continente.pt/produto/protetor-solar-spray-sun-protect-bronze-fps-20-nivea-5507022.html,higiene-beleza,2025-04-21,Continente
Creme de Rosto Dia Hyaluronic Gold,7151020,9.09,"€181,80/lt",Bioten,Beleza e Higiene/Rosto/Antirrugas e Refirmantes,https://www.continente.pt/dw/image/v2/BDVS_PRD/on/demandware.static/-/Sites-col-master-catalog/default/dw4b4ce784/images/col/715/7151020-frente.jpg?sw=280&sh=280,emb. 50 ml,https://www.continente.pt/produto/creme-de-rosto-dia-hyaluronic-gold-bioten-7151020.html,higiene-beleza,2025-04-21,Continente
Conjunto Hybrid Flex 3 Cabo e 4 Recargas,7512299,6.79,"€6,79/un",BIC,Beleza e Higiene/Homem/Barba,https://www.continente.pt/dw/image/v2/BDVS_PRD/on/demandware.static/-/Sites-col-master-catalog/default/dw91eaa36e/images/col/751/7512299-frente.jpg?sw=280&sh=280,emb. 1 un,https://www.continente.pt/produto/conjunto-hybrid-flex-3-cabo-e-4-recargas-bic-7512299.html,higiene-beleza,2025-04-21,Continente
Eyeliner Lasting Drama Automático,347975,3.99,"€3,99/un",Maybelline New York,Beleza e Higiene/Maquilhagem/Olhos,https://www.continente.pt/dw/image/v2/BDVS_PRD/on/demandware.static/-/Sites-col-master-catalog/default/dwa7cb8b21/images/col/797/7974248-hero.jpg?sw=280&sh=280,,https://www.continente.pt/produto/eyeliner-lasting-drama-automatico-maybelline-new-york-347975.html,higiene-beleza,2025-04-21,Continente
Creme de Mãos Pitaya,7621240,2.09,"€2,09/un",Frudia,Beleza e Higiene/Corpo/Cuidados de Mãos e Pés,https://www.continente.pt/dw/image/v2/BDVS_PRD/on/demandware.static/-/Sites-col-master-catalog/default/dw61e91e8a/images/col/762/7621240-frente.jpg?sw=280&sh=280,emb. 30 gr,https://www.continente.pt/produto/creme-de-maos-pitaya-frudia-7621240.html,higiene-beleza,2025-04-21,Continente
Champô Urban Barber 3 em 1,7816488,4.99,"€19,96/lt",MyLabel,Beleza e Higiene/Homem/Cabelo,https://www.continente.pt/dw/image/v2/BDVS_PRD/on/demandware.static/-/Sites-col-master-catalog/default/dwbc76d944/images/col/781/7816488-frente.jpg?sw=280&sh=280,emb. 250 ml,https://www.continente.pt/produto/champo-urban-barber-3-em-1-mylabel-7816488.html,higiene-beleza,2025-04-21,Continente
Creme de Rosto Dia Lift+ Elastina,8154661,12.59,"€251,80/lt",Diadermine,Beleza e Higiene/Rosto/Antirrugas e Refirmantes,https://www.continente.pt/dw/image/v2/BDVS_PRD/on/demandware.static/-/Sites-col-master-catalog/default/dw687aea8b/images/col/815/8154661-frente.png?sw=280&sh=280,emb. 50 ml,https://www.continente.pt/produto/creme-de-rosto-dia-lift-elastina-diadermine-8154661.html,higiene-beleza,2025-04-21,Continente
Batom do Cieiro Manga,7744095,2.99,"€2,99/un",Bee Natural,Beleza e Higiene/Rosto/Lábios,https://www.continente.pt/dw/image/v2/BDVS_PRD/on/demandware.static/-/Sites-col-master-catalog/default/dw6009218b/images/col/774/7744095-frente.jpg?sw=280&sh=280,emb. 1 un,https://www.continente.pt/produto/batom-do-cieiro-manga-bee-natural-7744095.html,higiene-beleza,2025-04-21,Continente
Creme de Rosto Dia Q10 Energy Antirrugas FPS15,5028703,10.97,"€219,40/lt",Nivea,Beleza e Higiene/Rosto/Antirrugas e Refirmantes,https://www.continente.pt/dw/image/v2/BDVS_PRD/on/demandware.static/-/Sites-col-master-catalog/default/dw13d7383b/images/col/502/5028703-hero.jpg?sw=280&sh=280,emb. 50 ml,https://www.continente.pt/produto/creme-de-rosto-dia-q10-energy-antirrugas-fps15-nivea-5028703.html,higiene-beleza,2025-04-21,Continente
Bálsamo Labial Lábios Rosados,4815871,2.99,"€149,50/kg",Vaseline,Beleza e Higiene/Rosto/Lábios,https://www.continente.pt/dw/image/v2/BDVS_PRD/on/demandware.static/-/Sites-col-master-catalog/default/dw3cd171ec/images/col/481/4815871-hero.jpg?sw=280&sh=280,emb. 20 gr,https://www.continente.pt/produto/balsamo-labial-labios-rosados-vaseline-4815871.html,higiene-beleza,2025-04-21,Continente
Creme de Mãos Nutritivo,4878353,1.98,"€19,80/lt",Bioten,Beleza e Higiene/Corpo/Cuidados de Mãos e Pés,https://www.continente.pt/dw/image/v2/BDVS_PRD/on/demandware.static/-/Sites-col-master-catalog/default/dw9a4af190/images/col/487/4878353-frente.jpg?sw=280&sh=280,emb. 100 ml,https://www.continente.pt/produto/creme-de-maos-nutritivo-bioten-4878353.html,higiene-beleza,2025-04-21,Continente
Eau de Toilette Ice Dive,7205829,11.99,"€119,90/lt",Adidas,Beleza e Higiene/Corpo/Colónias e Perfumes,https://www.continente.pt/dw/image/v2/BDVS_PRD/on/demandware.static/-/Sites-col-master-catalog/default/dwa02ac4b3/images/col/720/7205829-frente.jpeg?sw=280&sh=280,emb. 100 ml,https://www.continente.pt/produto/eau-de-toilette-ice-dive-adidas-7205829.html,higiene-beleza,2025-04-21,Continente
Corretor Camouflage+ Matt Concealer 20,6743374,3.59,"€3,59/un",Essence,Beleza e Higiene/Maquilhagem/Rosto,https://www.continente.pt/dw/image/v2/BDVS_PRD/on/demandware.static/-/Sites-col-master-catalog/default/dw67134040/images/col/674/6743374-frente.jpg?sw=280&sh=280,emb. 1 un,https://www.continente.pt/produto/corretor-camouflage-matt-concealer-20-essence-6743374.html,higiene-beleza,2025-04-21,Continente
Champô Pro-V Miracles Sedoso e Brilhante,8007475,10.49,"€20,98/lt",Pantene,Beleza e Higiene/Cabelo/Champôs,https://www.continente.pt/dw/image/v2/BDVS_PRD/on/demandware.static/-/Sites-col-master-catalog/default/dw89807ef6/images/col/800/8007475-frente.png?sw=280&sh=280,emb. 500 ml,https://www.continente.pt/produto/champo-pro-v-miracles-sedoso-e-brilhante-pantene-8007475.html,higiene-beleza,2025-04-21,Continente
Tónico Anti-Imperfeições Derma Skin,7712134,5.06,"€25,30/lt",Nivea,Beleza e Higiene/Rosto/Acne e Pele Oleosa,https://www.continente.pt/dw/image/v2/BDVS_PRD/on/demandware.static/-/Sites-col-master-catalog/default/dwb4ed6a9a/images/col/771/7712134-frente.jpg?sw=280&sh=280,emb. 200 ml,https://www.continente.pt/produto/tonico-anti-imperfeicoes-derma-skin-nivea-7712134.html,higiene-beleza,2025-04-21,Continente
Champô Anticaspa Mentol,7984550,4.94,"€14,97/lt",H&S,Beleza e Higiene/Homem/Cabelo,https://www.continente.pt/dw/image/v2/BDVS_PRD/on/demandware.static/-/Sites-col-master-catalog/default/dw4ce4ac58/images/col/798/7984550-frente.png?sw=280&sh=280,emb. 330 ml,https://www.continente.pt/produto/champo-anticaspa-mentol-h-s-7984550.html,higiene-beleza,2025-04-21,Continente
Aftershave Dark Temptation,5105443,4.89,"€48,90/lt",Axe,Beleza e Higiene/Homem/Barba,https://www.continente.pt/dw/image/v2/BDVS_PRD/on/demandware.static/-/Sites-col-master-catalog/default/dw553874ca/images/col/510/5105443-hero.jpg?sw=280&sh=280,emb. 100 ml,https://www.continente.pt/produto/aftershave-dark-temptation-axe-5105443.html,higiene-beleza,2025-04-21,Continente
Champô Anticaspa Antiqueda,7984510,3.99,"€15,96/lt",H&S,Beleza e Higiene/Cabelo/Champôs,https://www.continente.pt/dw/image/v2/BDVS_PRD/on/demandware.static/-/Sites-col-master-catalog/default/dw5b4a79ae/images/col/798/7984510-frente.png?sw=280&sh=280,emb. 250 ml,https://www.continente.pt/produto/champo-anticaspa-antiqueda-h-s-7984510.html,higiene-beleza,2025-04-21,Continente
Creme Corpo Manteiga de Cacau,7708422,8.99,"€35,96/lt",Vaseline,Beleza e Higiene/Corpo/Cremes e Loções,https://www.continente.pt/dw/image/v2/BDVS_PRD/on/demandware.static/-/Sites-col-master-catalog/default/dwc97ed6a7/images/col/770/7708422-hero.jpg?sw=280&sh=280,emb. 250 ml,https://www.continente.pt/produto/creme-corpo-manteiga-de-cacau-vaseline-7708422.html,higiene-beleza,2025-04-21,Continente
Sérum Facial Revitalift Laser,5036091,17.99,"€599,67/lt",LOréal Paris,Beleza e Higiene/Rosto/Antirrugas e Refirmantes,https://www.continente.pt/dw/image/v2/BDVS_PRD/on/demandware.static/-/Sites-col-master-catalog/default/dw2851f921/images/col/503/5036091-frente-1.jpg?sw=280&sh=280,emb. 30 ml,https://www.continente.pt/produto/serum-facial-revitalift-laser-loreal-paris-5036091.html,higiene-beleza,2025-04-21,Continente
Máquina de Barbear Fusion 5 com 5 Recargas,7360398,22.49,"€22,49/un",Gillette,Beleza e Higiene/Homem/Barba,https://www.continente.pt/dw/image/v2/BDVS_PRD/on/demandware.static/-/Sites-col-master-catalog/default/dwbbc7155c/images/col/736/7360398-hero.jpg?sw=280&sh=280,emb. 1 un,https://www.continente.pt/produto/maquina-de-barbear-fusion-5-com-5-recargas-gillette-7360398.html,higiene-beleza,2025-04-21,Continente
Spray Fixador Maquilhagem Hyaluronic Fix,6694082,8.49,"€8,49/un",Revolution,Beleza e Higiene/Maquilhagem/Rosto,https://www.continente.pt/dw/image/v2/BDVS_PRD/on/demandware.static/-/Sites-col-master-catalog/default/dw9c081ece/images/col/669/6694082-frente-1.jpg?sw=280&sh=280,emb. 1 un,https://www.continente.pt/produto/spray-fixador-maquilhagem-hyaluronic-fix-revolution-6694082.html,higiene-beleza,2025-04-21,Continente
Lápis de Olhos Le Khôl 116 Rainforest Green,7658253,4.89,"€4,89/un",LOréal Paris,Beleza e Higiene/Maquilhagem/Olhos,https://www.continente.pt/dw/image/v2/BDVS_PRD/on/demandware.static/-/Sites-col-master-catalog/default/dw55e36dbf/images/col/765/7658253-hero.jpg?sw=280&sh=280,emb. 1 un,https://www.continente.pt/produto/lapis-de-olhos-le-khol-116-rainforest-green-loreal-paris-7658253.html,higiene-beleza,2025-04-21,Continente
Bálsamo Desmaquilhante Glow,8125851,7.99,"€159,80/lt",Soft&Co,Beleza e Higiene/Rosto/Limpeza,https://www.continente.pt/dw/image/v2/BDVS_PRD/on/demandware.static/-/Sites-col-master-catalog/default/dw7cf4f4fe/images/col/812/8125851-hero.jpg?sw=280&sh=280,emb. 50 ml,https://www.continente.pt/produto/balsamo-desmaquilhante-glow-soft-co-8125851.html,higiene-beleza,2025-04-21,Continente
Creme de Rosto Noite,7636001,7.79,"€155,80/lt",Bioten,Beleza e Higiene/Rosto/Antirrugas e Refirmantes,https://www.continente.pt/dw/image/v2/BDVS_PRD/on/demandware.static/-/Sites-col-master-catalog/default/dw772fcd03/images/col/763/7636001-frente.jpg?sw=280&sh=280,emb. 50 ml,https://www.continente.pt/produto/creme-de-rosto-noite-bioten-7636001.html,higiene-beleza,2025-04-21,Continente
Máquina Depilatória Venus Pro Smooth Sensitive com 3 Recargas,8311891,19.99,"€19,99/un",Gillette,Beleza e Higiene/Corpo/Depilação e Descoloração,https://www.continente.pt/dw/image/v2/BDVS_PRD/on/demandware.static/-/Sites-col-master-catalog/default/dwe3c47d07/images/col/831/8311891-hero.png?sw=280&sh=280,emb. 1 un,https://www.continente.pt/produto/maquina-depilatoria-venus-pro-smooth-sensitive-com-3-recargas-gillette-8311891.html,higiene-beleza,2025-04-21,Continente
Sérum Facial Glow Lifting,7801739,6.99,"€233,00/lt",Soft&Co,Beleza e Higiene/Rosto/Antirrugas e Refirmantes,https://www.continente.pt/dw/image/v2/BDVS_PRD/on/demandware.static/-/Sites-col-master-catalog/default/dwc1a25636/images/col/780/7801739-frente.jpg?sw=280&sh=280,emb. 30 ml,https://www.continente.pt/produto/serum-facial-glow-lifting-soft-co-7801739.html,higiene-beleza,2025-04-21,Continente
Coloração Permanente Intensive Louro Acobreado 9.7,7585826,4.91,"€4,91/un",Palette,Beleza e Higiene/Cabelo/Colorações,https://www.continente.pt/dw/image/v2/BDVS_PRD/on/demandware.static/-/Sites-col-master-catalog/default/dw364fef80/images/col/758/7585826-esquerdo.jpg?sw=280&sh=280,emb. 1 un,https://www.continente.pt/produto/coloracao-permanente-intensive-louro-acobreado-9.7-palette-7585826.html,higiene-beleza,2025-04-21,Continente
Verniz de Unhas 60 Seconds Ethereal 210,5579422,4.19,"€4,19/un",Rimmel,Beleza e Higiene/Maquilhagem/Unhas,https://www.continente.pt/dw/image/v2/BDVS_PRD/on/demandware.static/-/Sites-col-master-catalog/default/dw82bb4d27/images/col/557/5579422-frente.jpg?sw=280&sh=280,emb. 1 un,https://www.continente.pt/produto/verniz-de-unhas-60-seconds-ethereal-210-rimmel-5579422.html,higiene-beleza,2025-04-21,Continente
Escova de Dentes Elétrica Clean Smile,7463654,19.49,"€19,49/un",Jordan,Beleza e Higiene/Higiene Oral/Escovas de Dentes,https://www.continente.pt/dw/image/v2/BDVS_PRD/on/demandware.static/-/Sites-col-master-catalog/default/dwec08f6a8/images/col/746/7463654-frente-1.jpg?sw=280&sh=280,emb. 1 un,https://www.continente.pt/produto/escova-de-dentes-eletrica-clean-smile-jordan-7463654.html,higiene-beleza,2025-04-21,Continente
Gotas Faciais Autobronzeadoras Ambre Solaire Natural Bronze   ,7727034,9.79,"€326,33/lt",Garnier,Beleza e Higiene/Corpo/Protetores Solares e Bronzeadores/Bronzeadores e Autobronzeadores,https://www.continente.pt/dw/image/v2/BDVS_PRD/on/demandware.static/-/Sites-col-master-catalog/default/dw10a3fb0b/images/col/772/7727034-frente.jpg?sw=280&sh=280,emb. 30 ml,https://www.continente.pt/produto/gotas-faciais-autobronzeadoras-ambre-solaire-natural-bronze%C2%A0-%C2%A0-garnier-7727034.html,higiene-beleza,2025-04-21,Continente
Verniz de Unhas Pearly White 4,5009616,7.99,"€7,99/un",Essie,Beleza e Higiene/Maquilhagem/Unhas,https://www.continente.pt/dw/image/v2/BDVS_PRD/on/demandware.static/-/Sites-col-master-catalog/default/dw97e35935/images/col/500/5009616-frente.jpg?sw=280&sh=280,"emb. 13,5 ml",https://www.continente.pt/produto/verniz-de-unhas-pearly-white-4-essie-5009616.html,higiene-beleza,2025-04-21,Continente
Creme de Olhos Nutritivo e Hidratante Romã,7621247,15.29,"€15,29/un",Frudia,Beleza e Higiene/Rosto/Hidratação,https://www.continente.pt/dw/image/v2/BDVS_PRD/on/demandware.static/-/Sites-col-master-catalog/default/dw53336cf9/images/col/762/7621247-frente.jpg?sw=280&sh=280,emb. 40 ml,https://www.continente.pt/produto/creme-de-olhos-nutritivo-e-hidratante-roma-frudia-7621247.html,higiene-beleza,2025-04-21,Continente
,,0.0,"€7,60/un",,,https://www.continente.pt/dw/image/v2/BDVS_PRD/on/demandware.static/-/Sites-col-master-catalog/default/dw82d2a4be/images/col/660/6609675-frente.jpg?sw=280&sh=280,emb. 1 un,https://www.continente.pt/produto/mascara-scandaleyes-reloaded-rimmel-6609675.html,higiene-beleza,2025-04-21,Continente
Preservativos Sensual Dots & Lines,3907086,8.39,"€0,70/un",Control,Beleza e Higiene/Preservativos e Estimuladores,https://www.continente.pt/dw/image/v2/BDVS_PRD/on/demandware.static/-/Sites-col-master-catalog/default/dw1e476d26/images/col/390/3907086-direito.jpg?sw=280&sh=280,emb. 12 un,https://www.continente.pt/produto/preservativos-sensual-dots-lines-control-3907086.html,higiene-beleza,2025-04-21,Continente
Creme de Pés Exfoliante,7144283,2.61,"€26,10/lt",Body Natur,Beleza e Higiene/Corpo/Cuidados de Mãos e Pés,https://www.continente.pt/dw/image/v2/BDVS_PRD/on/demandware.static/-/Sites-col-master-catalog/default/dwb41a8560/images/col/714/7144283-frente.jpg?sw=280&sh=280,emb. 100 ml,https://www.continente.pt/produto/creme-de-pes-exfoliante-body-natur-7144283.html,higiene-beleza,2025-04-21,Continente
Óleo Corpo Natural Tea Tree,8240143,2.99,"€99,67/lt",MyLabel,Beleza e Higiene/Corpo/Cremes e Loções,https://www.continente.pt/dw/image/v2/BDVS_PRD/on/demandware.static/-/Sites-col-master-catalog/default/dw712d0821/images/col/824/8240143-frente.png?sw=280&sh=280,emb. 30 ml,https://www.continente.pt/produto/oleo-corpo-natural-tea-tree-mylabel-8240143.html,higiene-beleza,2025-04-21,Continente
Lâminas Descartáveis Soleil Escape,8109957,2.87,"€2,87/un",BIC,Beleza e Higiene/Corpo/Depilação e Descoloração,https://www.continente.pt/dw/image/v2/BDVS_PRD/on/demandware.static/-/Sites-col-master-catalog/default/dw0a0e9b80/images/col/810/8109957-frente.png?sw=280&sh=280,emb. 3 un,https://www.continente.pt/produto/laminas-descartaveis-soleil-escape-bic-8109957.html,higiene-beleza,2025-04-21,Continente
Verniz de Unhas A-List 55,5009609,7.99,"€7,99/un",Essie,Beleza e Higiene/Maquilhagem/Unhas,https://www.continente.pt/dw/image/v2/BDVS_PRD/on/demandware.static/-/Sites-col-master-catalog/default/dw37f35f44/images/col/500/5009609-frente.jpg?sw=280&sh=280,"emb. 13,5 ml",https://www.continente.pt/produto/verniz-de-unhas-a-list-55-essie-5009609.html,higiene-beleza,2025-04-21,Continente
Máscara de Pestanas Falsies Surreal,7742700,10.49,"€10,49/un",Maybelline New York,Beleza e Higiene/Maquilhagem/Olhos,https://www.continente.pt/dw/image/v2/BDVS_PRD/on/demandware.static/-/Sites-col-master-catalog/default/dwbd698edc/images/col/774/7742700-frente-1.jpg?sw=280&sh=280,emb. 1 un,https://www.continente.pt/produto/mascara-de-pestanas-falsies-surreal-maybelline-new-york-7742700.html,higiene-beleza,2025-04-21,Continente
Corretor Instant Eraser Anti-Idade Tan 11,6922303,7.49,"€7,49/un",Maybelline New York,Beleza e Higiene/Maquilhagem/Rosto,https://www.continente.pt/dw/image/v2/BDVS_PRD/on/demandware.static/-/Sites-col-master-catalog/default/dw69b32448/images/col/692/6922303-hero.jpg?sw=280&sh=280,emb. 1 un,https://www.continente.pt/produto/corretor-instant-eraser-anti-idade-tan-11-maybelline-new-york-6922303.html,higiene-beleza,2025-04-21,Continente
Batom Lasting Finish 001 Kate Moss,5286555,7.19,"€7,19/un",Rimmel,Beleza e Higiene/Maquilhagem/Lábios,https://www.continente.pt/dw/image/v2/BDVS_PRD/on/demandware.static/-/Sites-col-master-catalog/default/dw7dd64aee/images/col/528/5286555-frente.jpg?sw=280&sh=280,emb. 1 un,https://www.continente.pt/produto/batom-lasting-finish-001-kate-moss-rimmel-5286555.html,higiene-beleza,2025-04-21,Continente
Cera Cabelo Studio Line Indestructible,4050900,4.19,"€55,87/lt",LOréal Paris,"Beleza e Higiene/Cabelo/Spray, Espuma, Creme e Gel/Gel e Cera",https://www.continente.pt/dw/image/v2/BDVS_PRD/on/demandware.static/-/Sites-col-master-catalog/default/dwa4b1a130/images/col/405/4050900-frente.jpg?sw=280&sh=280,emb. 75 ml,https://www.continente.pt/produto/cera-cabelo-studio-line-indestructible-loreal-paris-4050900.html,higiene-beleza,2025-04-21,Continente
Gel de Limpeza Rosto Men Expert Pure Charcoal,6831268,4.74,"€47,40/lt",LOréal Paris,Beleza e Higiene/Homem/Rosto,https://www.continente.pt/dw/image/v2/BDVS_PRD/on/demandware.static/-/Sites-col-master-catalog/default/dwa6c3a66d/images/col/683/6831268-frente.jpg?sw=280&sh=280,emb. 100 ml,https://www.continente.pt/produto/gel-de-limpeza-rosto-men-expert-pure-charcoal-loreal-paris-6831268.html,higiene-beleza,2025-04-21,Continente
Máscara de Pestanas Lash Princess Sculpted Volume,6084967,3.79,"€3,79/un",Essence,Beleza e Higiene/Maquilhagem/Olhos,https://www.continente.pt/dw/image/v2/BDVS_PRD/on/demandware.static/-/Sites-col-master-catalog/default/dw244e4c29/images/col/608/6084967-frente.jpg?sw=280&sh=280,emb. 1 un,https://www.continente.pt/produto/mascara-de-pestanas-lash-princess-sculpted-volume-essence-6084967.html,higiene-beleza,2025-04-21,Continente
Coloração Temporária para Barba Moreno,4011975,12.69,"€12,69/un",Just For Men,Beleza e Higiene/Homem/Barba,https://www.continente.pt/dw/image/v2/BDVS_PRD/on/demandware.static/-/Sites-col-master-catalog/default/dwd9d695c7/images/col/401/4011975-esquerdo.jpg?sw=280&sh=280,emb. 1 un,https://www.continente.pt/produto/coloracao-temporaria-para-barba-moreno-just-for-men-4011975.html,higiene-beleza,2025-04-21,Continente
Blush e Iluminador Duo Blushed Queen,7551373,2.99,"€2,99/un",Relove,Beleza e Higiene/Maquilhagem/Rosto,https://www.continente.pt/dw/image/v2/BDVS_PRD/on/demandware.static/-/Sites-col-master-catalog/default/dw3aff8c40/images/col/755/7551373-frente-1.jpg?sw=280&sh=280,emb. 1 un,https://www.continente.pt/produto/blush-e-iluminador-duo-blushed-queen-relove-7551373.html,higiene-beleza,2025-04-21,Continente
Eyeliner Intense,312294,8.39,"€8,39/un",LOréal Paris,Beleza e Higiene/Maquilhagem/Olhos,https://www.continente.pt/dw/image/v2/BDVS_PRD/on/demandware.static/-/Sites-col-master-catalog/default/dw5c43c605/images/col/753/7533249-frente-1.jpg?sw=280&sh=280,emb. 1 un,https://www.continente.pt/produto/eyeliner-intense-loreal-paris-312294.html,higiene-beleza,2025-04-21,Continente
Coloração Permanente Good Preto Trufa 2.0,7694873,12.99,"€12,99/un",Garnier,Beleza e Higiene/Cabelo/Colorações,https://www.continente.pt/dw/image/v2/BDVS_PRD/on/demandware.static/-/Sites-col-master-catalog/default/dw6d866ba1/images/col/769/7694873-frente.jpg?sw=280&sh=280,emb. 1 un,https://www.continente.pt/produto/coloracao-permanente-good-preto-trufa-2.0-garnier-7694873.html,higiene-beleza,2025-04-21,Continente
Tratamento Cabelo Magic Flash Leave-In 10 em 1,8293920,4.99,"€24,95/lt",Revlon,Beleza e Higiene/Cabelo/Máscaras e Tratamentos,https://www.continente.pt/dw/image/v2/BDVS_PRD/on/demandware.static/-/Sites-col-master-catalog/default/dwba2cc5de/images/col/829/8293920-frente.jpg?sw=280&sh=280,emb. 200 ml,https://www.continente.pt/produto/tratamento-cabelo-magic-flash-leave-in-10-em-1-revlon-8293920.html,higiene-beleza,2025-04-21,Continente
Creme de Olhos Men Hyaluron Anti-Idade,7344120,10.49,"€10,49/lt",Nivea,Beleza e Higiene/Homem/Rosto,https://www.continente.pt/dw/image/v2/BDVS_PRD/on/demandware.static/-/Sites-col-master-catalog/default/dwdb9a9348/images/col/734/7344120-frente-1.jpg?sw=280&sh=280,emb. 15 ml,https://www.continente.pt/produto/creme-de-olhos-men-hyaluron-anti-idade-nivea-7344120.html,higiene-beleza,2025-04-21,Continente
Aftershave Men Fresh Kick,7415564,9.29,"€92,90/lt",Nivea,Beleza e Higiene/Homem/Barba,https://www.continente.pt/dw/image/v2/BDVS_PRD/on/demandware.static/-/Sites-col-master-catalog/default/dw3702b7d9/images/col/741/7415564-hero.jpg?sw=280&sh=280,emb. 100 ml,https://www.continente.pt/produto/aftershave-men-fresh-kick-nivea-7415564.html,higiene-beleza,2025-04-21,Continente
Verniz de Unhas 60 Seconds Double 310,5770158,4.19,"€4,19/un",Rimmel,Beleza e Higiene/Maquilhagem/Unhas,https://www.continente.pt/dw/image/v2/BDVS_PRD/on/demandware.static/-/Sites-col-master-catalog/default/dw62aca9a2/images/col/577/5770158-frente.jpg?sw=280&sh=280,emb. 1 un,https://www.continente.pt/produto/verniz-de-unhas-60-seconds-double-310-rimmel-5770158.html,higiene-beleza,2025-04-21,Continente
Corretor Fit Me,288083,5.62,"€5,62/un",Maybelline New York,Beleza e Higiene/Maquilhagem/Rosto,https://www.continente.pt/dw/image/v2/BDVS_PRD/on/demandware.static/-/Sites-col-master-catalog/default/dwb4a1071c/images/col/519/5198131-frente.jpg?sw=280&sh=280,emb. 1 un,https://www.continente.pt/produto/corretor-fit-me-maybelline-new-york-288083.html,higiene-beleza,2025-04-21,Continente
Champô Fructis Adeus Danos,7970690,5.99,"€14,98/lt",Garnier,Beleza e Higiene/Cabelo/Champôs,https://www.continente.pt/dw/image/v2/BDVS_PRD/on/demandware.static/-/Sites-col-master-catalog/default/dw70565a23/images/col/797/7970690-hero.jpg?sw=280&sh=280,emb. 400 ml,https://www.continente.pt/produto/champo-fructis-adeus-danos-garnier-7970690.html,higiene-beleza,2025-04-21,Continente
Fluído Rosto Hidratante Bright Reveal FPS50+ Anti-manchas,7960716,14.29,"€142,90/lt",LOréal Paris,Beleza e Higiene/Rosto/Antirrugas e Refirmantes,https://www.continente.pt/dw/image/v2/BDVS_PRD/on/demandware.static/-/Sites-col-master-catalog/default/dw3c301d29/images/col/796/7960716-hero.jpg?sw=280&sh=280,emb. 50 ml,https://www.continente.pt/produto/fluido-rosto-hidratante-bright-reveal-fps50-anti-manchas-loreal-paris-7960716.html,higiene-beleza,2025-04-21,Continente
Champô Óleo Intense,7857329,4.01,"€9,11/lt",Syoss,Beleza e Higiene/Cabelo/Champôs,https://www.continente.pt/dw/image/v2/BDVS_PRD/on/demandware.static/-/Sites-col-master-catalog/default/dwaa796513/images/col/785/7857329-frente.png?sw=280&sh=280,emb. 440 ml,https://www.continente.pt/produto/champo-oleo-intense-syoss-7857329.html,higiene-beleza,2025-04-21,Continente
Champô Elvive Total Repair 5,4339039,3.99,"€15,96/lt",LOréal Paris,Beleza e Higiene/Cabelo/Champôs,https://www.continente.pt/dw/image/v2/BDVS_PRD/on/demandware.static/-/Sites-col-master-catalog/default/dw7bcbd2a4/images/col/433/4339039-frente.jpg?sw=280&sh=280,emb. 250 ml,https://www.continente.pt/produto/champo-elvive-total-repair-5-loreal-paris-4339039.html,higiene-beleza,2025-04-21,Continente
Pincel Angulado para Blush,7304937,5.99,"€5,99/un",MyLabel,Beleza e Higiene/Maquilhagem/Acessórios,https://www.continente.pt/dw/image/v2/BDVS_PRD/on/demandware.static/-/Sites-col-master-catalog/default/dw636e9c0a/images/col/730/7304937-frente.jpg?sw=280&sh=280,emb. 1 un,https://www.continente.pt/produto/pincel-angulado-para-blush-mylabel-7304937.html,higiene-beleza,2025-04-21,Continente
Escova Cabelo Pneumática Retangular,5818662,2.99,"€2,99/un",MyLabel,Beleza e Higiene/Cabelo/Acessórios,https://www.continente.pt/dw/image/v2/BDVS_PRD/on/demandware.static/-/Sites-col-master-catalog/default/dw4541ff80/images/col/581/5818662-frente.jpg?sw=280&sh=280,emb. 1 un,https://www.continente.pt/produto/escova-cabelo-pneumatica-retangular-mylabel-5818662.html,higiene-beleza,2025-04-21,Continente
Creme de Rosto Dia Jelly Aloe Hialurónico,7713348,6.49,"€129,80/lt",Garnier,Beleza e Higiene/Rosto/Antirrugas e Refirmantes,https://www.continente.pt/dw/image/v2/BDVS_PRD/on/demandware.static/-/Sites-col-master-catalog/default/dw821eada0/images/col/771/7713348-frente-1.jpg?sw=280&sh=280,emb. 50 ml,https://www.continente.pt/produto/creme-de-rosto-dia-jelly-aloe-hialuronico-garnier-7713348.html,higiene-beleza,2025-04-21,Continente
Champô Lamellar Shine,8089766,5.99,"€8,74/lt",Tresemmé,Beleza e Higiene/Cabelo/Champôs,https://www.continente.pt/dw/image/v2/BDVS_PRD/on/demandware.static/-/Sites-col-master-catalog/default/dwf4ede207/images/col/808/8089766-hero.png?sw=280&sh=280,emb. 685 ml,https://www.continente.pt/produto/champo-lamellar-shine-tresemme-8089766.html,higiene-beleza,2025-04-21,Continente
Loção Corpo Skin Nutries Glowing Energy,7712673,3.99,"€9,97/lt",Bioten,Beleza e Higiene/Corpo/Cremes e Loções,https://www.continente.pt/dw/image/v2/BDVS_PRD/on/demandware.static/-/Sites-col-master-catalog/default/dw513ce9e5/images/col/771/7712673-frente.jpg?sw=280&sh=280,emb. 400 ml,https://www.continente.pt/produto/locao-corpo-skin-nutries-glowing-energy-bioten-7712673.html,higiene-beleza,2025-04-21,Continente
Creme de Rosto Dia Active Antirrugas 65+,7138027,10.99,"€219,80/lt",LOréal Paris,Beleza e Higiene/Rosto/Antirrugas e Refirmantes,https://www.continente.pt/dw/image/v2/BDVS_PRD/on/demandware.static/-/Sites-col-master-catalog/default/dwf4b083d6/images/col/713/7138027-frente.jpg?sw=280&sh=280,emb. 50 ml,https://www.continente.pt/produto/creme-de-rosto-dia-active-antirrugas-65-loreal-paris-7138027.html,higiene-beleza,2025-04-21,Continente
Eau de Parfum nº46,7211681,9.98,"€66,53/lt",Caravan,Beleza e Higiene/Corpo/Colónias e Perfumes,https://www.continente.pt/dw/image/v2/BDVS_PRD/on/demandware.static/-/Sites-col-master-catalog/default/dw88dfd516/images/col/721/7211681-frente.png?sw=280&sh=280,emb. 150 ml,https://www.continente.pt/produto/eau-de-parfum-n46-caravan-7211681.html,higiene-beleza,2025-04-21,Continente
Creme de Rosto Dia Age Perfect FPS 30,7692297,11.04,"€220,80/lt",LOréal Paris,Beleza e Higiene/Rosto/Antirrugas e Refirmantes,https://www.continente.pt/dw/image/v2/BDVS_PRD/on/demandware.static/-/Sites-col-master-catalog/default/dwc28f46d8/images/col/769/7692297-hero.jpg?sw=280&sh=280,emb. 50 ml,https://www.continente.pt/produto/creme-de-rosto-dia-age-perfect-fps-30-loreal-paris-7692297.html,higiene-beleza,2025-04-21,Continente
Sais de Pés,8122037,7.99,"€30,73/kg",Soft&Co,Beleza e Higiene/Corpo/Cuidados de Mãos e Pés,https://www.continente.pt/dw/image/v2/BDVS_PRD/on/demandware.static/-/Sites-col-master-catalog/default/dw5b29479b/images/col/812/8122037-cima-frente.png?sw=280&sh=280,emb. 260 gr,https://www.continente.pt/produto/sais-de-pes-soft-co-8122037.html,higiene-beleza,2025-04-21,Continente
Serum Cabelo Lamellar Shine,8163077,4.99,"€24,95/lt",Tresemmé,Beleza e Higiene/Cabelo/Máscaras e Tratamentos,https://www.continente.pt/dw/image/v2/BDVS_PRD/on/demandware.static/-/Sites-col-master-catalog/default/dw488fbac1/images/col/816/8163077-frente.png?sw=280&sh=280,emb. 200 ml,https://www.continente.pt/produto/serum-cabelo-lamellar-shine-tresemme-8163077.html,higiene-beleza,2025-04-21,Continente
Batom Color Riche Berry Blush 258,5574872,10.17,"€10,17/un",LOréal Paris,Beleza e Higiene/Maquilhagem/Lábios,https://www.continente.pt/dw/image/v2/BDVS_PRD/on/demandware.static/-/Sites-col-master-catalog/default/dw4d88f941/images/col/557/5574872-frente.jpg?sw=280&sh=280,emb. 1 un,https://www.continente.pt/produto/batom-color-riche-berry-blush-258-loreal-paris-5574872.html,higiene-beleza,2025-04-21,Continente
Protetor Solar Spray Sun Protect & Bronze Familiar FPS 30,7545781,14.09,"€52,19/lt",Nivea,Beleza e Higiene/Corpo/Protetores Solares e Bronzeadores/Protetores Solares Corpo,https://www.continente.pt/dw/image/v2/BDVS_PRD/on/demandware.static/-/Sites-col-master-catalog/default/dw5447aedf/images/col/754/7545781-hero.jpg?sw=280&sh=280,emb. 270 ml,https://www.continente.pt/produto/protetor-solar-spray-sun-protect-bronze-familiar-fps-30-nivea-7545781.html,higiene-beleza,2025-04-21,Continente
Coloração Permanente Intensive Louro Escuro Cendré 6.1,7302129,3.59,"€3,59/un",Palette,Beleza e Higiene/Cabelo/Colorações,https://www.continente.pt/dw/image/v2/BDVS_PRD/on/demandware.static/-/Sites-col-master-catalog/default/dw476e6952/images/col/730/7302129-esquerdo.jpg?sw=280&sh=280,emb. 1 un,https://www.continente.pt/produto/coloracao-permanente-intensive-louro-escuro-cendre-6.1-palette-7302129.html,higiene-beleza,2025-04-21,Continente
Pó Solto Lasting Fix,7028731,7.69,"€7,69/un",Maybelline New York,Beleza e Higiene/Maquilhagem/Rosto,https://www.continente.pt/dw/image/v2/BDVS_PRD/on/demandware.static/-/Sites-col-master-catalog/default/dwe77d09fb/images/col/702/7028731-frente.jpg?sw=280&sh=280,emb. 1 un,https://www.continente.pt/produto/po-solto-lasting-fix-maybelline-new-york-7028731.html,higiene-beleza,2025-04-21,Continente
Máscara de Tecido Contorno de Olhos Revitalift Filler,7521122,2.39,"€2,39/un",LOréal Paris,Beleza e Higiene/Rosto/Antirrugas e Refirmantes,https://www.continente.pt/dw/image/v2/BDVS_PRD/on/demandware.static/-/Sites-col-master-catalog/default/dwc5b771f1/images/col/752/7521122-hero.jpg?sw=280&sh=280,emb. 1 un,https://www.continente.pt/produto/mascara-de-tecido-contorno-de-olhos-revitalift-filler-loreal-paris-7521122.html,higiene-beleza,2025-04-21,Continente
Máscara Cabelo 3 Minute Miracle Hidratação Profunda,7853887,6.49,"€28,84/lt",Aussie,Beleza e Higiene/Cabelo/Máscaras e Tratamentos,https://www.continente.pt/dw/image/v2/BDVS_PRD/on/demandware.static/-/Sites-col-master-catalog/default/dw63d0498d/images/col/785/7853887-hero.png?sw=280&sh=280,emb. 225 ml,https://www.continente.pt/produto/mascara-cabelo-3-minute-miracle-hidratacao-profunda-aussie-7853887.html,higiene-beleza,2025-04-21,Continente
Escova Cabelo Madeira Anti-Estática,7478211,9.51,"€9,51/un",Jean Louis David,Beleza e Higiene/Cabelo/Acessórios,https://www.continente.pt/dw/image/v2/BDVS_PRD/on/demandware.static/-/Sites-col-master-catalog/default/dw52d59c5a/images/col/747/7478211-frente.jpg?sw=280&sh=280,emb. 1 un,https://www.continente.pt/produto/escova-cabelo-madeira-anti-estatica-jean-louis-david-7478211.html,higiene-beleza,2025-04-21,Continente
Máscara Cabelo Fructis Hidra Liso & Suave,7760283,6.99,"€21,84/lt",Garnier,Beleza e Higiene/Cabelo/Máscaras e Tratamentos,https://www.continente.pt/dw/image/v2/BDVS_PRD/on/demandware.static/-/Sites-col-master-catalog/default/dw367ca221/images/col/776/7760283-frente.jpg?sw=280&sh=280,emb. 320 ml,https://www.continente.pt/produto/mascara-cabelo-fructis-hidra-liso-suave-garnier-7760283.html,higiene-beleza,2025-04-21,Continente
Creme Corpo Repara&Cuida Hidratante,4800485,9.19,"€30,63/lt",Nivea,Beleza e Higiene/Corpo/Cremes e Loções,https://www.continente.pt/dw/image/v2/BDVS_PRD/on/demandware.static/-/Sites-col-master-catalog/default/dwc5a0f11a/images/col/480/4800485-hero.jpg?sw=280&sh=280,emb. 300 ml,https://www.continente.pt/produto/creme-corpo-repara-cuida-hidratante-nivea-4800485.html,higiene-beleza,2025-04-21,Continente
Óleo Cabelo Reconstructor,7109689,11.99,"€119,90/lt",Aussie,Beleza e Higiene/Cabelo/Máscaras e Tratamentos,https://www.continente.pt/dw/image/v2/BDVS_PRD/on/demandware.static/-/Sites-col-master-catalog/default/dwe311a34e/images/col/710/7109689-hero.png?sw=280&sh=280,emb. 100 ml,https://www.continente.pt/produto/oleo-cabelo-reconstructor-aussie-7109689.html,higiene-beleza,2025-04-21,Continente
Lápis de Olhos Tattoo Liner Gel 920,7181229,4.5,"€4,50/un",Maybelline New York,Beleza e Higiene/Maquilhagem/Olhos,https://www.continente.pt/dw/image/v2/BDVS_PRD/on/demandware.static/-/Sites-col-master-catalog/default/dwd9ecd695/images/col/718/7181229-frente.jpg?sw=280&sh=280,emb. 1 un,https://www.continente.pt/produto/lapis-de-olhos-tattoo-liner-gel-920-maybelline-new-york-7181229.html,higiene-beleza,2025-04-21,Continente
Eyeliner Perfect Slim Brown 03,7368714,7.5,"€7,50/un",LOréal Paris,Beleza e Higiene/Maquilhagem/Olhos,https://www.continente.pt/dw/image/v2/BDVS_PRD/on/demandware.static/-/Sites-col-master-catalog/default/dw22fd4665/images/col/736/7368714-frente-1.jpg?sw=280&sh=280,emb. 1 un,https://www.continente.pt/produto/eyeliner-perfect-slim-brown-03-loreal-paris-7368714.html,higiene-beleza,2025-04-21,Continente
Corretor Instant Perfect Glow 4 em 1,347974,14.99,"€14,99/un",Maybelline New York,Beleza e Higiene/Maquilhagem/Rosto,https://www.continente.pt/dw/image/v2/BDVS_PRD/on/demandware.static/-/Sites-col-master-catalog/default/dw115a582d/images/col/797/7974236-hero.jpg?sw=280&sh=280,emb. 1 un,https://www.continente.pt/produto/corretor-instant-perfect-glow-4-em-1-maybelline-new-york-347974.html,higiene-beleza,2025-04-21,Continente
Máscara Facial de Tecido Skin Active Purificante,6379600,2.99,"€2,99/un",Garnier,Beleza e Higiene/Rosto/Máscaras,https://www.continente.pt/dw/image/v2/BDVS_PRD/on/demandware.static/-/Sites-col-master-catalog/default/dw14182502/images/col/637/6379600-hero.png?sw=280&sh=280,emb. 1 un,https://www.continente.pt/produto/mascara-facial-de-tecido-skin-active-purificante-garnier-6379600.html,higiene-beleza,2025-04-21,Continente
Preservativos Retard,2995059,4.33,"€0,72/un",Control,Beleza e Higiene/Preservativos e Estimuladores,https://www.continente.pt/dw/image/v2/BDVS_PRD/on/demandware.static/-/Sites-col-master-catalog/default/dw8777f1b0/images/col/299/2995059-hero.jpg?sw=280&sh=280,emb. 6 un,https://www.continente.pt/produto/preservativos-retard-control-2995059.html,higiene-beleza,2025-04-21,Continente
Creme de Rosto Dia Ultimage Antirrugas 45+,7748258,5.99,,MyLabel,Beleza e Higiene/Rosto/Antirrugas e Refirmantes,https://www.continente.pt/dw/image/v2/BDVS_PRD/on/demandware.static/-/Sites-col-master-catalog/default/dw55e5ff3c/images/col/774/7748258-frente-1.jpg?sw=280&sh=280,emb. 50 ml,https://www.continente.pt/produto/creme-de-rosto-dia-ultimage-antirrugas-45-mylabel-7748258.html,higiene-beleza,2025-04-21,Continente
Creme de Rosto Dia Ultimage Antirrugas 65+,7748259,3.99,,MyLabel,Beleza e Higiene/Rosto/Antirrugas e Refirmantes,https://www.continente.pt/dw/image/v2/BDVS_PRD/on/demandware.static/-/Sites-col-master-catalog/default/dw72cba679/images/col/774/7748259-frente.jpg?sw=280&sh=280,emb. 50 ml,https://www.continente.pt/produto/creme-de-rosto-dia-ultimage-antirrugas-65-mylabel-7748259.html,higiene-beleza,2025-04-21,Continente
Recarga Escova de Dentes Elétrica iO Gentle Care,8386856,32.29,"€8,07/un",Oral-B,Beleza e Higiene/Higiene Oral/Escovas de Dentes,https://www.continente.pt/dw/image/v2/BDVS_PRD/on/demandware.static/-/Sites-col-master-catalog/default/dw30b9c955/images/col/838/8386856-hero.png?sw=280&sh=280,emb. 4 un,https://www.continente.pt/produto/recarga-escova-de-dentes-eletrica-io-gentle-care-oral-b-8386856.html,higiene-beleza,2025-04-21,Continente
Cuecas Menstruais Expert para Fluxo Abundante M,7899936,19.9,"€19,90/un",Dim,Beleza e Higiene/Higiene Íntima/Pensos e Cuecas Menstruais,https://www.continente.pt/dw/image/v2/BDVS_PRD/on/demandware.static/-/Sites-col-master-catalog/default/dw73503b50/images/col/789/7899936-frente.jpg?sw=280&sh=280,emb. 1 un,https://www.continente.pt/produto/cuecas-menstruais-expert-para-fluxo-abundante-m-dim-7899936.html,higiene-beleza,2025-04-21,Continente
Tratamento Cabelo Leave-In 10 em 1,8034513,5.99,"€39,93/lt",MyLabel,Beleza e Higiene/Cabelo/Máscaras e Tratamentos,https://www.continente.pt/dw/image/v2/BDVS_PRD/on/demandware.static/-/Sites-col-master-catalog/default/dw20505097/images/col/803/8034513-frente.jpg?sw=280&sh=280,emb. 50 ml,https://www.continente.pt/produto/tratamento-cabelo-leave-in-10-em-1-mylabel-8034513.html,higiene-beleza,2025-04-21,Continente
Creme de Rosto Dia Age Perfect Golden Age FPS 20 60+,6532822,13.99,"€279,80/lt",LOréal Paris,Beleza e Higiene/Rosto/Antirrugas e Refirmantes,https://www.continente.pt/dw/image/v2/BDVS_PRD/on/demandware.static/-/Sites-col-master-catalog/default/dw86f73205/images/col/653/6532822-frente.jpg?sw=280&sh=280,emb. 50 ml,https://www.continente.pt/produto/creme-de-rosto-dia-age-perfect-golden-age-fps-20-60-loreal-paris-6532822.html,higiene-beleza,2025-04-21,Continente
Creme de Pentear Fructis Aloe Vera Hydra Bomb,6420872,5.99,"€14,97/lt",Garnier,"Beleza e Higiene/Cabelo/Spray, Espuma, Creme e Gel",https://www.continente.pt/dw/image/v2/BDVS_PRD/on/demandware.static/-/Sites-col-master-catalog/default/dwc814999e/images/col/642/6420872-frente.jpg?sw=280&sh=280,emb. 400 ml,https://www.continente.pt/produto/creme-de-pentear-fructis-aloe-vera-hydra-bomb-garnier-6420872.html,higiene-beleza,2025-04-21,Continente
Sérum Cabelo Moon Wonder Noite,8033918,4.99,"€49,90/lt",MyLabel,Beleza e Higiene/Cabelo/Máscaras e Tratamentos,https://www.continente.pt/dw/image/v2/BDVS_PRD/on/demandware.static/-/Sites-col-master-catalog/default/dw5e5613aa/images/col/803/8033918-frente.png?sw=280&sh=280,emb. 1 un,https://www.continente.pt/produto/serum-cabelo-moon-wonder-noite-mylabel-8033918.html,higiene-beleza,2025-04-21,Continente
Conjunto Máquina de Barbear Clássica e 5 Carregadores,8091466,4.89,"€4,89/un",Wilkinson,Beleza e Higiene/Homem/Barba,https://www.continente.pt/dw/image/v2/BDVS_PRD/on/demandware.static/-/Sites-col-master-catalog/default/dwb67f3692/images/col/809/8091466-frente.jpg?sw=280&sh=280,emb. 1 un,https://www.continente.pt/produto/conjunto-maquina-de-barbear-classica-e-5-carregadores-wilkinson-8091466.html,higiene-beleza,2025-04-21,Continente
Champô Fructis Hair Food Papaia,7487207,12.85,"€12,24/lt",Garnier,Beleza e Higiene/Cabelo/Champôs,https://www.continente.pt/dw/image/v2/BDVS_PRD/on/demandware.static/-/Sites-col-master-catalog/default/dw3b12e2a6/images/col/748/7487207-hero.jpg?sw=280&sh=280,emb. 3 x 350 ml,https://www.continente.pt/produto/champo-fructis-hair-food-papaia-garnier-7487207.html,higiene-beleza,2025-04-21,Continente
Lima 2 em 1,7483250,4.05,"€4,05/un",Jean Louis David,Beleza e Higiene/Maquilhagem/Acessórios,https://www.continente.pt/dw/image/v2/BDVS_PRD/on/demandware.static/-/Sites-col-master-catalog/default/dw87f95cde/images/col/748/7483250-frente.jpg?sw=280&sh=280,emb. 1 un,https://www.continente.pt/produto/lima-2-em-1-jean-louis-david-7483250.html,higiene-beleza,2025-04-21,Continente
Óleo de Rosto e Barba Men Expert Barber Club,6461126,14.99,"€499,67/lt",LOréal Paris,Beleza e Higiene/Homem/Rosto,https://www.continente.pt/dw/image/v2/BDVS_PRD/on/demandware.static/-/Sites-col-master-catalog/default/dw4ba714dd/images/col/646/6461126-frente.jpg?sw=280&sh=280,emb. 30 ml,https://www.continente.pt/produto/oleo-de-rosto-e-barba-men-expert-barber-club-loreal-paris-6461126.html,higiene-beleza,2025-04-21,Continente
Lápis de Olhos Long Lasting 35,7474520,1.89,"€1,89/un",Essence,Beleza e Higiene/Maquilhagem/Olhos,https://www.continente.pt/dw/image/v2/BDVS_PRD/on/demandware.static/-/Sites-col-master-catalog/default/dw16161aae/images/col/747/7474520-frente.jpg?sw=280&sh=280,emb. 1 un,https://www.continente.pt/produto/lapis-de-olhos-long-lasting-35-essence-7474520.html,higiene-beleza,2025-04-21,Continente
Coloração Permanente Intensive Vermelho Rubi 6.88,7302131,4.91,"€4,91/un",Palette,Beleza e Higiene/Cabelo/Colorações,https://www.continente.pt/dw/image/v2/BDVS_PRD/on/demandware.static/-/Sites-col-master-catalog/default/dw8023372a/images/col/730/7302131-esquerdo.jpg?sw=280&sh=280,emb. 1 un,https://www.continente.pt/produto/coloracao-permanente-intensive-vermelho-rubi-6.88-palette-7302131.html,higiene-beleza,2025-04-21,Continente
Gel de Limpeza Pure Active Carvão,7852560,9.99,"€39,96/lt",Garnier,Beleza e Higiene/Rosto/Limpeza,https://www.continente.pt/dw/image/v2/BDVS_PRD/on/demandware.static/-/Sites-col-master-catalog/default/dw05a3b40a/images/col/785/7852560-frente.jpg?sw=280&sh=280,emb. 250 ml,https://www.continente.pt/produto/gel-de-limpeza-pure-active-carvao-garnier-7852560.html,higiene-beleza,2025-04-21,Continente
Pasta de Dentes Advanced Esmalte Extra Frescura,8385479,4.39,"€58,53/lt",Oral-B,Beleza e Higiene/Higiene Oral/Pastas de Dentes,https://www.continente.pt/dw/image/v2/BDVS_PRD/on/demandware.static/-/Sites-col-master-catalog/default/dwca2a4b3f/images/col/838/8385479-hero.png?sw=280&sh=280,emb. 75 ml,https://www.continente.pt/produto/pasta-de-dentes-advanced-esmalte-extra-frescura-oral-b-8385479.html,higiene-beleza,2025-04-21,Continente
Escova Cabelo Madeira,7478458,11.48,"€11,48/un",Jean Louis David,Beleza e Higiene/Cabelo/Acessórios,https://www.continente.pt/dw/image/v2/BDVS_PRD/on/demandware.static/-/Sites-col-master-catalog/default/dwaf020f85/images/col/747/7478458-frente.jpg?sw=280&sh=280,emb. 1 un,https://www.continente.pt/produto/escova-cabelo-madeira-jean-louis-david-7478458.html,higiene-beleza,2025-04-21,Continente
Condicionador Pro-V Miracles Controlo Frizz,8007499,8.64,"€26,58/lt",Pantene,Beleza e Higiene/Cabelo/Condicionadores,https://www.continente.pt/dw/image/v2/BDVS_PRD/on/demandware.static/-/Sites-col-master-catalog/default/dw7ad0260e/images/col/800/8007499-frente.png?sw=280&sh=280,emb. 325 ml,https://www.continente.pt/produto/condicionador-pro-v-miracles-controlo-frizz-pantene-8007499.html,higiene-beleza,2025-04-21,Continente
Verniz Gel Couture 01,7974051,9.09,"€9,09/un",Essie,Beleza e Higiene/Maquilhagem/Unhas,https://www.continente.pt/dw/image/v2/BDVS_PRD/on/demandware.static/-/Sites-col-master-catalog/default/dw7a34764b/images/col/797/7974051-hero.jpg?sw=280&sh=280,emb. 1 un,https://www.continente.pt/produto/verniz-gel-couture-01-essie-7974051.html,higiene-beleza,2025-04-21,Continente
Condicionador Nutre e Hidrata Leite de Coco,7132186,7.49,"€19,45/lt",Maui Moisture,Beleza e Higiene/Cabelo/Condicionadores,https://www.continente.pt/dw/image/v2/BDVS_PRD/on/demandware.static/-/Sites-col-master-catalog/default/dwb613b1fe/images/col/713/7132186-frente.jpg?sw=280&sh=280,emb. 385 ml,https://www.continente.pt/produto/condicionador-nutre-e-hidrata-leite-de-coco-maui-moisture-7132186.html,higiene-beleza,2025-04-21,Continente
Coloração Permanente Oleo Intense Castanho Praliné 4.18,5088235,7.49,"€7,49/un",Syoss,Beleza e Higiene/Cabelo/Colorações,https://www.continente.pt/dw/image/v2/BDVS_PRD/on/demandware.static/-/Sites-col-master-catalog/default/dw40b39509/images/col/508/5088235-frente-online.jpg?sw=280&sh=280,emb. 1 un,https://www.continente.pt/produto/coloracao-permanente-oleo-intense-castanho-praline-4.18-syoss-5088235.html,higiene-beleza,2025-04-21,Continente
Gel de Banho Men Expert Hydra Hyaluronic,8388237,4.99,"€12,48/lt",LOréal Paris,Beleza e Higiene/Homem/Gel de Banho,https://www.continente.pt/dw/image/v2/BDVS_PRD/on/demandware.static/-/Sites-col-master-catalog/default/dwa8ecb520/images/col/838/8388237-frente.jpg?sw=280&sh=280,emb. 400 ml,https://www.continente.pt/produto/gel-de-banho-men-expert-hydra-hyaluronic-loreal-paris-8388237.html,higiene-beleza,2025-04-21,Continente
Pré Champô Elvive Bond Repair,7698090,8.99,"€44,95/lt",LOréal Paris,Beleza e Higiene/Cabelo/Champôs,https://www.continente.pt/dw/image/v2/BDVS_PRD/on/demandware.static/-/Sites-col-master-catalog/default/dw7b0e1643/images/col/769/7698090-frente.jpg?sw=280&sh=280,emb. 200 ml,https://www.continente.pt/produto/pre-champo-elvive-bond-repair-loreal-paris-7698090.html,higiene-beleza,2025-04-21,Continente
Champô Sem Sal Água de Hibisco,7132081,7.49,"€19,45/lt",Maui Moisture,Beleza e Higiene/Cabelo/Champôs,https://www.continente.pt/dw/image/v2/BDVS_PRD/on/demandware.static/-/Sites-col-master-catalog/default/dw653ca40a/images/col/713/7132081-frente.jpg?sw=280&sh=280,emb. 385 ml,https://www.continente.pt/produto/champo-sem-sal-agua-de-hibisco-maui-moisture-7132081.html,higiene-beleza,2025-04-21,Continente
Coloração Casting Creme Gloss Castanho Escuro 3102,8260883,9.99,"€9,99/un",LOréal Paris,Beleza e Higiene/Cabelo/Colorações,https://www.continente.pt/dw/image/v2/BDVS_PRD/on/demandware.static/-/Sites-col-master-catalog/default/dwcbb9658f/images/col/826/8260883-hero-1.jpg?sw=280&sh=280,emb. 1 un,https://www.continente.pt/produto/coloracao-casting-creme-gloss-castanho-escuro-3102-loreal-paris-8260883.html,higiene-beleza,2025-04-21,Continente
Condicionador SOS Blonde & Hydrate,8048813,6.96,"€34,80/lt",Aussie,Beleza e Higiene/Cabelo/Condicionadores,https://www.continente.pt/dw/image/v2/BDVS_PRD/on/demandware.static/-/Sites-col-master-catalog/default/dw36625f42/images/col/804/8048813-hero.jpg?sw=280&sh=280,emb. 200 ml,https://www.continente.pt/produto/condicionador-sos-blonde-hydrate-aussie-8048813.html,higiene-beleza,2025-04-21,Continente
Base em Pó 2 em 1 Infaillible 24h Fresh Wear 20,7368711,10.79,"€10,79/un",LOréal Paris,Beleza e Higiene/Maquilhagem/Rosto,https://www.continente.pt/dw/image/v2/BDVS_PRD/on/demandware.static/-/Sites-col-master-catalog/default/dw3d17592e/images/col/736/7368711-frente.jpg?sw=280&sh=280,emb. 1 un,https://www.continente.pt/produto/base-em-po-2-em-1-infaillible-24h-fresh-wear-20-loreal-paris-7368711.html,higiene-beleza,2025-04-21,Continente
Bruma Facial Hidratante,7801746,6.99,"€27,96/lt",Soft&Co,Beleza e Higiene/Rosto/Hidratação,https://www.continente.pt/dw/image/v2/BDVS_PRD/on/demandware.static/-/Sites-col-master-catalog/default/dw441e1be2/images/col/780/7801746-frente.jpg?sw=280&sh=280,emb. 250 ml,https://www.continente.pt/produto/bruma-facial-hidratante-soft-co-7801746.html,higiene-beleza,2025-04-21,Continente
Pensos para Bolhas Médias,7618175,7.61,"€1,27/un",Compeed,Beleza e Higiene/Lenços e Cuidados de Saúde/Cuidados de Saúde,https://www.continente.pt/dw/image/v2/BDVS_PRD/on/demandware.static/-/Sites-col-master-catalog/default/dw72a1d76c/images/col/761/7618175-direito.jpg?sw=280&sh=280,emb. 6 un,https://www.continente.pt/produto/pensos-para-bolhas-medias-compeed-7618175.html,higiene-beleza,2025-04-21,Continente
Pó Bronzeador City Bronzer Deep Cool 300,6845281,7.14,"€7,14/un",Maybelline New York,Beleza e Higiene/Maquilhagem/Rosto,https://www.continente.pt/dw/image/v2/BDVS_PRD/on/demandware.static/-/Sites-col-master-catalog/default/dw5aadc0c3/images/col/684/6845281-cima.png?sw=280&sh=280,emb. 1 un,https://www.continente.pt/produto/po-bronzeador-city-bronzer-deep-cool-300-maybelline-new-york-6845281.html,higiene-beleza,2025-04-21,Continente
Coloração Permanente Oleo Intense 5.10,7156701,7.49,"€7,49/un",Syoss,Beleza e Higiene/Cabelo/Colorações,https://www.continente.pt/dw/image/v2/BDVS_PRD/on/demandware.static/-/Sites-col-master-catalog/default/dw42c480cb/images/col/715/7156701-esquerdo.jpg?sw=280&sh=280,emb. 1 un,https://www.continente.pt/produto/coloracao-permanente-oleo-intense-5.10-syoss-7156701.html,higiene-beleza,2025-04-21,Continente
Coloração Permanente Intensive Castanho Violino 4.99,7161872,3.59,"€3,59/un",Palette,Beleza e Higiene/Cabelo/Colorações,https://www.continente.pt/dw/image/v2/BDVS_PRD/on/demandware.static/-/Sites-col-master-catalog/default/dw777dc6db/images/col/716/7161872-frente.jpg?sw=280&sh=280,emb. 1 un,https://www.continente.pt/produto/coloracao-permanente-intensive-castanho-violino-4.99-palette-7161872.html,higiene-beleza,2025-04-21,Continente
,,0.0,"€13,97/lt",,,https://www.continente.pt/dw/image/v2/BDVS_PRD/on/demandware.static/-/Sites-col-master-catalog/default/dw4f56d805/images/col/771/7716336-frente.jpg?sw=280&sh=280,emb. 340 ml,https://www.continente.pt/produto/mascara-cabelo-ultra-suave-riqueza-dargao-garnier-7716336.html,higiene-beleza,2025-04-21,Continente
Preservativos Invisible XL,7708641,9.99,"€1,00/un",Durex,Beleza e Higiene/Preservativos e Estimuladores,https://www.continente.pt/dw/image/v2/BDVS_PRD/on/demandware.static/-/Sites-col-master-catalog/default/dw96238110/images/col/770/7708641-hero.jpg?sw=280&sh=280,emb. 10 un,https://www.continente.pt/produto/preservativos-invisible-xl-durex-7708641.html,higiene-beleza,2025-04-21,Continente
Creme de Pés Exfoliante,7801628,6.99,"€69,90/lt",Soft&Co,Beleza e Higiene/Corpo/Cuidados de Mãos e Pés,https://www.continente.pt/dw/image/v2/BDVS_PRD/on/demandware.static/-/Sites-col-master-catalog/default/dw2b69da97/images/col/780/7801628-frente.jpg?sw=280&sh=280,emb. 100 ml,https://www.continente.pt/produto/creme-de-pes-exfoliante-soft-co-7801628.html,higiene-beleza,2025-04-21,Continente
Anel de Prazer,5704946,7.69,"€7,69/un",Durex,Beleza e Higiene/Preservativos e Estimuladores,https://www.continente.pt/dw/image/v2/BDVS_PRD/on/demandware.static/-/Sites-col-master-catalog/default/dw4712562e/images/col/570/5704946-hero.jpg?sw=280&sh=280,emb. 1 un,https://www.continente.pt/produto/anel-de-prazer-durex-5704946.html,higiene-beleza,2025-04-21,Continente
Creme de Mãos Proteção Suave com Aloe Vera,2468769,5.19,"€51,90/lt",Atrix,Beleza e Higiene/Corpo/Cuidados de Mãos e Pés,https://www.continente.pt/dw/image/v2/BDVS_PRD/on/demandware.static/-/Sites-col-master-catalog/default/dw1a0ff389/images/col/246/2468769-hero.jpg?sw=280&sh=280,emb. 100 ml,https://www.continente.pt/produto/creme-de-maos-protecao-suave-com-aloe-vera-atrix-2468769.html,higiene-beleza,2025-04-21,Continente
Preservativos Retard,3706087,8.39,"€0,70/un",Control,Beleza e Higiene/Preservativos e Estimuladores,https://www.continente.pt/dw/image/v2/BDVS_PRD/on/demandware.static/-/Sites-col-master-catalog/default/dwd0e45ab1/images/col/370/3706087-direito.jpg?sw=280&sh=280,emb. 12 un,https://www.continente.pt/produto/preservativos-retard-control-3706087.html,higiene-beleza,2025-04-21,Continente
Creme Corpo Pro Age Care Peles Maduras,7733963,7.14,"€28,56/lt",Dove,Beleza e Higiene/Corpo/Cremes e Loções,https://www.continente.pt/dw/image/v2/BDVS_PRD/on/demandware.static/-/Sites-col-master-catalog/default/dw0068662b/images/col/773/7733963-frente.jpg?sw=280&sh=280,emb. 250 ml,https://www.continente.pt/produto/creme-corpo-pro-age-care-peles-maduras-dove-7733963.html,higiene-beleza,2025-04-21,Continente
Protetor Solar Leite Ambre Solaire Sensitive Advanced FPS 50+,6092169,14.69,"€36,72/lt",Garnier,Beleza e Higiene/Corpo/Protetores Solares e Bronzeadores/Protetores Solares Corpo,https://www.continente.pt/dw/image/v2/BDVS_PRD/on/demandware.static/-/Sites-col-master-catalog/default/dw582cf8e1/images/col/609/6092169-hero.jpg?sw=280&sh=280,emb. 400 ml,https://www.continente.pt/produto/protetor-solar-leite-ambre-solaire-sensitive-advanced-fps-50-garnier-6092169.html,higiene-beleza,2025-04-21,Continente
Champô Intense Plex,8046679,4.01,"€9,11/lt",Syoss,Beleza e Higiene/Cabelo/Champôs,https://www.continente.pt/dw/image/v2/BDVS_PRD/on/demandware.static/-/Sites-col-master-catalog/default/dwe807a15c/images/col/804/8046679-frente.png?sw=280&sh=280,emb. 440 ml,https://www.continente.pt/produto/champo-intense-plex-syoss-8046679.html,higiene-beleza,2025-04-21,Continente
Coloração Permanente Castanho Elegante 5/75,7698203,9.99,"€9,99/un",Koleston,Beleza e Higiene/Cabelo/Colorações,https://www.continente.pt/dw/image/v2/BDVS_PRD/on/demandware.static/-/Sites-col-master-catalog/default/dwcdce7995/images/col/769/7698203-direito.jpg?sw=280&sh=280,emb. 1 un,https://www.continente.pt/produto/coloracao-permanente-castanho-elegante-5-75-koleston-7698203.html,higiene-beleza,2025-04-21,Continente
Protetor Solar Spray Sun Protect & Sensitive Allergy Familiar FPS 50+,7545782,14.39,"€53,30/lt",Nivea,Beleza e Higiene/Corpo/Protetores Solares e Bronzeadores/Protetores Solares Corpo,https://www.continente.pt/dw/image/v2/BDVS_PRD/on/demandware.static/-/Sites-col-master-catalog/default/dw9029810c/images/col/754/7545782-hero.jpg?sw=280&sh=280,emb. 270 ml,https://www.continente.pt/produto/protetor-solar-spray-sun-protect-sensitive-allergy-familiar-fps-50-nivea-7545782.html,higiene-beleza,2025-04-21,Continente
Creme de Pés Regenerador,5307010,7.49,"€74,90/lt",Hansaplast,Beleza e Higiene/Corpo/Cuidados de Mãos e Pés,https://www.continente.pt/dw/image/v2/BDVS_PRD/on/demandware.static/-/Sites-col-master-catalog/default/dw9ea1135b/images/col/530/5307010-frente-com-embalagem.jpg?sw=280&sh=280,emb. 100 ml,https://www.continente.pt/produto/creme-de-pes-regenerador-hansaplast-5307010.html,higiene-beleza,2025-04-21,Continente
Iluminador Re-Loaded Raise the Bar,6939529,4.99,"€4,99/un",Revolution,Beleza e Higiene/Maquilhagem/Rosto,https://www.continente.pt/dw/image/v2/BDVS_PRD/on/demandware.static/-/Sites-col-master-catalog/default/dwca5ae0fd/images/col/693/6939529-frente.jpg?sw=280&sh=280,emb. 1 un,https://www.continente.pt/produto/iluminador-re-loaded-raise-the-bar-revolution-6939529.html,higiene-beleza,2025-04-21,Continente
Sérum Facial Glow Ultra Hidratação,7619458,5.99,"€199,67/lt",Soft&Co,Beleza e Higiene/Rosto/Hidratação,https://www.continente.pt/dw/image/v2/BDVS_PRD/on/demandware.static/-/Sites-col-master-catalog/default/dwb5a1cc9f/images/col/761/7619458-frente.jpg?sw=280&sh=280,emb. 30 ml,https://www.continente.pt/produto/serum-facial-glow-ultra-hidratacao-soft-co-7619458.html,higiene-beleza,2025-04-21,Continente
Corretor Cover Stick 10,6085254,2.49,"€2,49/un",Essence,Beleza e Higiene/Maquilhagem/Rosto,https://www.continente.pt/dw/image/v2/BDVS_PRD/on/demandware.static/-/Sites-col-master-catalog/default/dwd4133122/images/col/608/6085254-frente.jpg?sw=280&sh=280,emb. 1 un,https://www.continente.pt/produto/corretor-cover-stick-10-essence-6085254.html,higiene-beleza,2025-04-21,Continente
Verniz de Unhas Expressie 10,7152567,7.14,"€7,14/un",Essie,Beleza e Higiene/Maquilhagem/Unhas,https://www.continente.pt/dw/image/v2/BDVS_PRD/on/demandware.static/-/Sites-col-master-catalog/default/dwc804cadd/images/col/715/7152567-frente.jpg?sw=280&sh=280,emb. 1 un,https://www.continente.pt/produto/verniz-de-unhas-expressie-10-essie-7152567.html,higiene-beleza,2025-04-21,Continente
Descoloração Permanente Nutrisse D+++,7803641,9.49,"€9,49/un",Garnier,Beleza e Higiene/Cabelo/Colorações,https://www.continente.pt/dw/image/v2/BDVS_PRD/on/demandware.static/-/Sites-col-master-catalog/default/dwc61a922f/images/col/780/7803641-direito.jpg?sw=280&sh=280,emb. 1 un,https://www.continente.pt/produto/descoloracao-permanente-nutrisse-d-garnier-7803641.html,higiene-beleza,2025-04-21,Continente
Creme de Pentear Elvive Dream Long,6421163,4.54,"€22,70/lt",LOréal Paris,"Beleza e Higiene/Cabelo/Spray, Espuma, Creme e Gel",https://www.continente.pt/dw/image/v2/BDVS_PRD/on/demandware.static/-/Sites-col-master-catalog/default/dwfe6310b0/images/col/642/6421163-frente.jpg?sw=280&sh=280,emb. 200 ml,https://www.continente.pt/produto/creme-de-pentear-elvive-dream-long-loreal-paris-6421163.html,higiene-beleza,2025-04-21,Continente
Fluído de Rosto Sun Derma Skin Clear FPS 50+,8003853,12.59,"€314,75/lt",Nivea,Beleza e Higiene/Rosto/Proteção Solar,https://www.continente.pt/dw/image/v2/BDVS_PRD/on/demandware.static/-/Sites-col-master-catalog/default/dw645ba285/images/col/800/8003853-hero.jpg?sw=280&sh=280,emb. 40 ml,https://www.continente.pt/produto/fluido-de-rosto-sun-derma-skin-clear-fps-50-nivea-8003853.html,higiene-beleza,2025-04-21,Continente
Máscara Cabelo Moisture Aloe,8154044,7.99,"€15,98/lt",Herbal Essences,Beleza e Higiene/Cabelo/Máscaras e Tratamentos,https://www.continente.pt/dw/image/v2/BDVS_PRD/on/demandware.static/-/Sites-col-master-catalog/default/dw14d44161/images/col/815/8154044-frente.png?sw=280&sh=280,emb. 500 ml,https://www.continente.pt/produto/mascara-cabelo-moisture-aloe-herbal-essences-8154044.html,higiene-beleza,2025-04-21,Continente
Creme Depilatório Pure Pernas e Corpo Pele Normal,2704539,9.99,"€49,95/lt",Veet,Beleza e Higiene/Corpo/Depilação e Descoloração,https://www.continente.pt/dw/image/v2/BDVS_PRD/on/demandware.static/-/Sites-col-master-catalog/default/dw49a56d5f/images/col/270/2704539-hero.jpg?sw=280&sh=280,emb. 200 ml,https://www.continente.pt/produto/creme-depilatorio-pure-pernas-e-corpo-pele-normal-veet-2704539.html,higiene-beleza,2025-04-21,Continente
Autobronzeador Loção Corpo Care + Visible Glow Fair,8430690,9.99,"€24,98/lt",Dove,Beleza e Higiene/Corpo/Cremes e Loções,https://www.continente.pt/dw/image/v2/BDVS_PRD/on/demandware.static/-/Sites-col-master-catalog/default/dwfce05cf1/images/col/843/8430690-hero.jpg?sw=280&sh=280,emb. 400 ml,https://www.continente.pt/produto/autobronzeador-locao-corpo-care-visible-glow-fair-dove-8430690.html,higiene-beleza,2025-04-21,Continente
Máscara Cabelo Gliss Reparação Total 4 em 1,8018664,4.99,"€12,47/lt",Schwarzkopf,Beleza e Higiene/Cabelo/Máscaras e Tratamentos,https://www.continente.pt/dw/image/v2/BDVS_PRD/on/demandware.static/-/Sites-col-master-catalog/default/dw37c006f5/images/col/801/8018664-frente.png?sw=280&sh=280,emb. 400 ml,https://www.continente.pt/produto/mascara-cabelo-gliss-reparacao-total-4-em-1-schwarzkopf-8018664.html,higiene-beleza,2025-04-21,Continente
Batom Super Stay Ink Spiced 240,7368697,10.49,"€10,49/un",Maybelline New York,Beleza e Higiene/Maquilhagem/Lábios,https://www.continente.pt/dw/image/v2/BDVS_PRD/on/demandware.static/-/Sites-col-master-catalog/default/dw488fbd50/images/col/736/7368697-frente.jpg?sw=280&sh=280,emb. 1 un,https://www.continente.pt/produto/batom-super-stay-ink-spiced-240-maybelline-new-york-7368697.html,higiene-beleza,2025-04-21,Continente
Palete Sombras de Olhos Re-Loaded Sugar Pie,7486794,6.99,"€6,99/un",Revolution,Beleza e Higiene/Maquilhagem/Olhos,https://www.continente.pt/dw/image/v2/BDVS_PRD/on/demandware.static/-/Sites-col-master-catalog/default/dwb3978ac8/images/col/748/7486794-frente.jpg?sw=280&sh=280,emb. 1 un,https://www.continente.pt/produto/palete-sombras-de-olhos-re-loaded-sugar-pie-revolution-7486794.html,higiene-beleza,2025-04-21,Continente
Lápis de Sobrancelhas Le Skinny 108,7107041,6.59,"€6,59/un",LOréal Paris,Beleza e Higiene/Maquilhagem/Olhos,https://www.continente.pt/dw/image/v2/BDVS_PRD/on/demandware.static/-/Sites-col-master-catalog/default/dwb3727dd0/images/col/710/7107041-frente.jpg?sw=280&sh=280,emb. 1 un,https://www.continente.pt/produto/lapis-de-sobrancelhas-le-skinny-108-loreal-paris-7107041.html,higiene-beleza,2025-04-21,Continente
Loção Corpo Hidratante,2744289,13.35,"€53,40/lt",Palmers,Beleza e Higiene/Corpo/Cremes e Loções,https://www.continente.pt/dw/image/v2/BDVS_PRD/on/demandware.static/-/Sites-col-master-catalog/default/dwa02ffc05/images/col/274/2744289-frente-250ml.jpg?sw=280&sh=280,emb. 250 ml,https://www.continente.pt/produto/locao-corpo-hidratante-palmers-2744289.html,higiene-beleza,2025-04-21,Continente
Máscara Cabelo Hidrata Coco,8154011,7.99,"€15,98/lt",Herbal Essences,Beleza e Higiene/Cabelo/Máscaras e Tratamentos,https://www.continente.pt/dw/image/v2/BDVS_PRD/on/demandware.static/-/Sites-col-master-catalog/default/dwef2ebbae/images/col/815/8154011-frente.png?sw=280&sh=280,emb. 500 ml,https://www.continente.pt/produto/mascara-cabelo-hidrata-coco-herbal-essences-8154011.html,higiene-beleza,2025-04-21,Continente
Creme de Rosto e Corpo Nourishing Care,7567258,4.19,"€16,76/lt",Dove,Beleza e Higiene/Corpo/Cremes e Loções,https://www.continente.pt/dw/image/v2/BDVS_PRD/on/demandware.static/-/Sites-col-master-catalog/default/dwb313a0f8/images/col/756/7567258-hero.jpg?sw=280&sh=280,emb. 250 ml,https://www.continente.pt/produto/creme-de-rosto-e-corpo-nourishing-care-dove-7567258.html,higiene-beleza,2025-04-21,Continente
Máscara Facial Hydrogel,7978651,2.99,"€2,99/un",Bioten,Beleza e Higiene/Rosto/Máscaras,https://www.continente.pt/dw/image/v2/BDVS_PRD/on/demandware.static/-/Sites-col-master-catalog/default/dw32c161ec/images/col/797/7978651-frente.png?sw=280&sh=280,emb. 1 un,https://www.continente.pt/produto/mascara-facial-hydrogel-bioten-7978651.html,higiene-beleza,2025-04-21,Continente
Máscara de Pestanas Telescopic,7974220,9.79,"€9,79/un",LOréal Paris,Beleza e Higiene/Maquilhagem/Olhos,https://www.continente.pt/dw/image/v2/BDVS_PRD/on/demandware.static/-/Sites-col-master-catalog/default/dwf066d2d3/images/col/797/7974220-hero.jpg?sw=280&sh=280,emb. 1 un,https://www.continente.pt/produto/mascara-de-pestanas-telescopic-loreal-paris-7974220.html,higiene-beleza,2025-04-21,Continente
Protetor Solar Spray Sun Protect & Sensitive Crianças FPS 50+,4882228,11.69,"€58,45/lt",Nivea,Beleza e Higiene/Corpo/Protetores Solares e Bronzeadores/Protetores Solares Crianças,https://www.continente.pt/dw/image/v2/BDVS_PRD/on/demandware.static/-/Sites-col-master-catalog/default/dw98203484/images/col/488/4882228-hero.jpg?sw=280&sh=280,emb. 200 ml,https://www.continente.pt/produto/protetor-solar-spray-sun-protect-sensitive-criancas-fps-50-nivea-4882228.html,higiene-beleza,2025-04-21,Continente
Batom Brilliant Signature Plump 402,7368748,8.99,"€8,99/un",LOréal Paris,Beleza e Higiene/Maquilhagem/Lábios,https://www.continente.pt/dw/image/v2/BDVS_PRD/on/demandware.static/-/Sites-col-master-catalog/default/dw5d87b06f/images/col/736/7368748-frente.jpg?sw=280&sh=280,emb. 1 un,https://www.continente.pt/produto/batom-brilliant-signature-plump-402-loreal-paris-7368748.html,higiene-beleza,2025-04-21,Continente
Máquina Depilatória Venus Pro Comfortglide Sensitive com 2 Recargas,7989836,16.99,"€16,99/un",Gillette,Beleza e Higiene/Corpo/Depilação e Descoloração,https://www.continente.pt/dw/image/v2/BDVS_PRD/on/demandware.static/-/Sites-col-master-catalog/default/dw9fbd539e/images/col/798/7989836-hero.png?sw=280&sh=280,emb. 1 un,https://www.continente.pt/produto/maquina-depilatoria-venus-pro-comfortglide-sensitive-com-2-recargas-gillette-7989836.html,higiene-beleza,2025-04-21,Continente
Champô sem Sal Extra Fortalecedor,7847225,5.25,"€5,25/un",Happy Anne,Beleza e Higiene/Cabelo/Champôs,https://www.continente.pt/dw/image/v2/BDVS_PRD/on/demandware.static/-/Sites-col-master-catalog/default/dw847aa8df/images/col/784/7847225-frente.jpg?sw=280&sh=280,emb. 340 ml,https://www.continente.pt/produto/champo-sem-sal-extra-fortalecedor-happy-anne-7847225.html,higiene-beleza,2025-04-21,Continente
Coloração Permanente Excellence Universal Nudes Louro 7U,7530571,9.74,"€9,74/un",LOréal Paris,Beleza e Higiene/Cabelo/Colorações,https://www.continente.pt/dw/image/v2/BDVS_PRD/on/demandware.static/-/Sites-col-master-catalog/default/dw5f4433dc/images/col/753/7530571-direito.jpg?sw=280&sh=280,emb. 1 un,https://www.continente.pt/produto/coloracao-permanente-excellence-universal-nudes-louro-7u-loreal-paris-7530571.html,higiene-beleza,2025-04-21,Continente
Palete Sombras de Olhos Re-Loaded Marvellous Mattes,7439632,6.99,"€6,99/un",Revolution,Beleza e Higiene/Maquilhagem/Olhos,https://www.continente.pt/dw/image/v2/BDVS_PRD/on/demandware.static/-/Sites-col-master-catalog/default/dwea6c120e/images/col/743/7439632-frente.jpg?sw=280&sh=280,emb. 1 un,https://www.continente.pt/produto/palete-sombras-de-olhos-re-loaded-marvellous-mattes-revolution-7439632.html,higiene-beleza,2025-04-21,Continente
Verniz de Secagem Rápida Unhas Good to Go,7152576,8.79,"€8,79/un",Essie,Beleza e Higiene/Maquilhagem/Unhas,https://www.continente.pt/dw/image/v2/BDVS_PRD/on/demandware.static/-/Sites-col-master-catalog/default/dw7dcceeeb/images/col/715/7152576-frente.jpg?sw=280&sh=280,"emb. 13,5 ml",https://www.continente.pt/produto/verniz-de-secagem-rapida-unhas-good-to-go-essie-7152576.html,higiene-beleza,2025-04-21,Continente
Base de Rosto Accord Perfect Beige 4N,5006591,11.47,"€11,47/un",LOréal Paris,Beleza e Higiene/Maquilhagem/Rosto,https://www.continente.pt/dw/image/v2/BDVS_PRD/on/demandware.static/-/Sites-col-master-catalog/default/dw9db094b7/images/col/500/5006591-frente.jpg?sw=280&sh=280,emb. 1 un,https://www.continente.pt/produto/base-de-rosto-accord-perfect-beige-4n-loreal-paris-5006591.html,higiene-beleza,2025-04-21,Continente
Água Micelar Efeito Peeling,8110600,5.59,"€13,97/lt",Garnier,Beleza e Higiene/Rosto/Limpeza,https://www.continente.pt/dw/image/v2/BDVS_PRD/on/demandware.static/-/Sites-col-master-catalog/default/dw24172d1e/images/col/811/8110600-hero.jpg?sw=280&sh=280,emb. 400 ml,https://www.continente.pt/produto/agua-micelar-efeito-peeling-garnier-8110600.html,higiene-beleza,2025-04-21,Continente
,,0.0,"€9,99/un",,,https://www.continente.pt/dw/image/v2/BDVS_PRD/on/demandware.static/-/Sites-col-master-catalog/default/dwbc68dd8a/images/col/692/6922296-cima.jpg?sw=280&sh=280,,https://www.continente.pt/produto/blush-fit-me-maybelline-new-york-288090.html,higiene-beleza,2025-04-21,Continente
Coffret Ready Set Glow By Helena Coelho,7849650,17.68,"€17,68/un",Nivea,Beleza e Higiene/Coffrets e Presentes em Beleza/Coffrets Rosto e Corpo,https://www.continente.pt/dw/image/v2/BDVS_PRD/on/demandware.static/-/Sites-col-master-catalog/default/dwae099132/images/col/784/7849650-hero.jpg?sw=280&sh=280,emb. 1 un,https://www.continente.pt/produto/coffret-ready-set-glow-by-helena-coelho-nivea-7849650.html,higiene-beleza,2025-04-21,Continente
Roll-On de Olhos Men Expert Hydra Energetic,4451879,9.09,"€909,00/lt",LOréal Paris,Beleza e Higiene/Homem/Rosto,https://www.continente.pt/dw/image/v2/BDVS_PRD/on/demandware.static/-/Sites-col-master-catalog/default/dwd61a8144/images/col/445/4451879-hero.jpg?sw=280&sh=280,emb. 10 ml,https://www.continente.pt/produto/roll-on-de-olhos-men-expert-hydra-energetic-loreal-paris-4451879.html,higiene-beleza,2025-04-21,Continente
Óleo Capilar Tudo Em Um Hair Rescue,8050336,14.99,"€149,90/lt",Aussie,Beleza e Higiene/Cabelo/Máscaras e Tratamentos,https://www.continente.pt/dw/image/v2/BDVS_PRD/on/demandware.static/-/Sites-col-master-catalog/default/dw5a8f83ef/images/col/805/8050336-hero.png?sw=280&sh=280,emb. 100 ml,https://www.continente.pt/produto/oleo-capilar-tudo-em-um-hair-rescue-aussie-8050336.html,higiene-beleza,2025-04-21,Continente
Creme Corpo Hidratante,7830811,7.99,"€19,98/lt",Nivea,Beleza e Higiene/Corpo/Cremes e Loções,https://www.continente.pt/dw/image/v2/BDVS_PRD/on/demandware.static/-/Sites-col-master-catalog/default/dwca9a0c76/images/col/783/7830811-hero.jpg?sw=280&sh=280,emb. 400 ml,https://www.continente.pt/produto/creme-corpo-hidratante-nivea-7830811.html,higiene-beleza,2025-04-21,Continente
Sérum Facial Glow Contorno de Olhos,7619455,5.99,"€199,67/lt",Soft&Co,Beleza e Higiene/Rosto/Hidratação,https://www.continente.pt/dw/image/v2/BDVS_PRD/on/demandware.static/-/Sites-col-master-catalog/default/dw9e927b23/images/col/761/7619455-frente.jpg?sw=280&sh=280,emb. 30 ml,https://www.continente.pt/produto/serum-facial-glow-contorno-de-olhos-soft-co-7619455.html,higiene-beleza,2025-04-21,Continente
Creme de Rosto Dia Age Perfect Golden Age Antiflacidez e Hidratação 60+,5716550,12.99,"€259,80/lt",LOréal Paris,Beleza e Higiene/Rosto/Antirrugas e Refirmantes,https://www.continente.pt/dw/image/v2/BDVS_PRD/on/demandware.static/-/Sites-col-master-catalog/default/dwf42d5fe2/images/col/571/5716550-frente.jpg?sw=280&sh=280,emb. 50 ml,https://www.continente.pt/produto/creme-de-rosto-dia-age-perfect-golden-age-antiflacidez-e-hidratacao-60-loreal-paris-5716550.html,higiene-beleza,2025-04-21,Continente
Batom Protetor Solar Sun & After Sun,7545783,4.97,"€4,97/un",Labello,Beleza e Higiene/Rosto/Proteção Solar,https://www.continente.pt/dw/image/v2/BDVS_PRD/on/demandware.static/-/Sites-col-master-catalog/default/dwd021175e/images/col/754/7545783-hero.jpg?sw=280&sh=280,emb. 2 un,https://www.continente.pt/produto/batom-protetor-solar-sun-after-sun-labello-7545783.html,higiene-beleza,2025-04-21,Continente
Exfoliante Rosto Pure Active Intensive Pele Oleosa,4384630,6.49,"€43,27/lt",Garnier,Beleza e Higiene/Rosto/Acne e Pele Oleosa,https://www.continente.pt/dw/image/v2/BDVS_PRD/on/demandware.static/-/Sites-col-master-catalog/default/dwc57a3f7a/images/col/438/4384630-frente.jpg?sw=280&sh=280,emb. 150 ml,https://www.continente.pt/produto/exfoliante-rosto-pure-active-intensive-pele-oleosa-garnier-4384630.html,higiene-beleza,2025-04-21,Continente
Máscara de Sobrancelhas Gel Make Me Brow 05,7119800,2.99,"€2,99/un",Essence,Beleza e Higiene/Maquilhagem/Olhos,https://www.continente.pt/dw/image/v2/BDVS_PRD/on/demandware.static/-/Sites-col-master-catalog/default/dwb4acb501/images/col/711/7119800-frente.jpg?sw=280&sh=280,emb. 1 un,https://www.continente.pt/produto/mascara-de-sobrancelhas-gel-make-me-brow-05-essence-7119800.html,higiene-beleza,2025-04-21,Continente
Elásticos Cabelo,7684553,4.93,"€4,93/un",Jean Louis David,Beleza e Higiene/Cabelo/Acessórios,https://www.continente.pt/dw/image/v2/BDVS_PRD/on/demandware.static/-/Sites-col-master-catalog/default/dw742348e3/images/col/768/7684553-frente.jpg?sw=280&sh=280,emb. 1 un,https://www.continente.pt/produto/elasticos-cabelo-jean-louis-david-7684553.html,higiene-beleza,2025-04-21,Continente
Máscara Cabelo Magic Recover Technician,7462551,2.87,"€11,48/lt",MyLabel,Beleza e Higiene/Cabelo/Máscaras e Tratamentos,https://www.continente.pt/dw/image/v2/BDVS_PRD/on/demandware.static/-/Sites-col-master-catalog/default/dwe81fc057/images/col/746/7462551-frente.jpg?sw=280&sh=280,emb. 250 ml,https://www.continente.pt/produto/mascara-cabelo-magic-recover-technician-mylabel-7462551.html,higiene-beleza,2025-04-21,Continente
Condicionador sem Sal Liso e Brilhante,7847224,5.25,"€5,25/un",Happy Anne,Beleza e Higiene/Cabelo/Condicionadores,https://www.continente.pt/dw/image/v2/BDVS_PRD/on/demandware.static/-/Sites-col-master-catalog/default/dw08c8c6cf/images/col/784/7847224-frente.jpg?sw=280&sh=280,emb. 340 ml,https://www.continente.pt/produto/condicionador-sem-sal-liso-e-brilhante-happy-anne-7847224.html,higiene-beleza,2025-04-21,Continente
Coloração Permanente Good Louro Camomila 10.14,7694960,12.99,"€12,99/un",Garnier,Beleza e Higiene/Cabelo/Colorações,https://www.continente.pt/dw/image/v2/BDVS_PRD/on/demandware.static/-/Sites-col-master-catalog/default/dwa2fbf010/images/col/769/7694960-frente.jpg?sw=280&sh=280,emb. 1 un,https://www.continente.pt/produto/coloracao-permanente-good-louro-camomila-10.14-garnier-7694960.html,higiene-beleza,2025-04-21,Continente
Gel Lubrificante Tropical,6902455,6.85,"€91,33/lt",Control,Beleza e Higiene/Preservativos e Estimuladores,https://www.continente.pt/dw/image/v2/BDVS_PRD/on/demandware.static/-/Sites-col-master-catalog/default/dw792e5b6e/images/col/690/6902455-direito.jpg?sw=280&sh=280,emb. 75 ml,https://www.continente.pt/produto/gel-lubrificante-tropical-control-6902455.html,higiene-beleza,2025-04-21,Continente
Coloração Permanente Color Sensation Ultra Preto 1.0,7980385,3.99,"€3,99/un",Garnier,Beleza e Higiene/Cabelo/Colorações,https://www.continente.pt/dw/image/v2/BDVS_PRD/on/demandware.static/-/Sites-col-master-catalog/default/dw8d472f39/images/col/798/7980385-hero.jpg?sw=280&sh=280,emb. 1 un,https://www.continente.pt/produto/coloracao-permanente-color-sensation-ultra-preto-1.0-garnier-7980385.html,higiene-beleza,2025-04-21,Continente
Loção Corpo Essential Healing,7044806,3.99,"€19,95/lt",Vaseline,Beleza e Higiene/Corpo/Cremes e Loções,https://www.continente.pt/dw/image/v2/BDVS_PRD/on/demandware.static/-/Sites-col-master-catalog/default/dwf932874f/images/col/704/7044806-hero.jpg?sw=280&sh=280,emb. 200 ml,https://www.continente.pt/produto/locao-corpo-essential-healing-vaseline-7044806.html,higiene-beleza,2025-04-21,Continente
Base de Rosto Accord Parfait 5.N,5870333,11.47,"€11,47/un",LOréal Paris,Beleza e Higiene/Maquilhagem/Rosto,https://www.continente.pt/dw/image/v2/BDVS_PRD/on/demandware.static/-/Sites-col-master-catalog/default/dw118ed9c7/images/col/587/5870333-frente.jpg?sw=280&sh=280,emb. 1 un,https://www.continente.pt/produto/base-de-rosto-accord-parfait-5.n-loreal-paris-5870333.html,higiene-beleza,2025-04-21,Continente
Gel Lubrificante Play Calor,5537799,7.2,"€144,00/lt",Durex,Beleza e Higiene/Preservativos e Estimuladores,https://www.continente.pt/dw/image/v2/BDVS_PRD/on/demandware.static/-/Sites-col-master-catalog/default/dw88ba2116/images/col/553/5537799-hero.jpg?sw=280&sh=280,emb. 50 ml,https://www.continente.pt/produto/gel-lubrificante-play-calor-durex-5537799.html,higiene-beleza,2025-04-21,Continente
Conjunto 3 Escovas Dentes Infantis 3-36 Meses,8069167,5.99,"€5,99/un",Bebeconfort,Bebé/Banho e Higiene/Complementos de Higiene,https://www.continente.pt/dw/image/v2/BDVS_PRD/on/demandware.static/-/Sites-col-master-catalog/default/dw04fb0bcc/images/col/806/8069167-frente.jpg?sw=280&sh=280,1 un,https://www.continente.pt/produto/conjunto-3-escovas-dentes-infantis-3-36-meses-bebeconfort-8069167.html,higiene-beleza,2025-04-21,Continente
Máscara de Sobrancelhas Gel Tattoo Brow Ink 04,6316864,9.74,"€9,74/un",Maybelline New York,Beleza e Higiene/Maquilhagem/Olhos,https://www.continente.pt/dw/image/v2/BDVS_PRD/on/demandware.static/-/Sites-col-master-catalog/default/dw3b69f56f/images/col/631/6316864-frente.jpg?sw=280&sh=280,emb. 1 un,https://www.continente.pt/produto/mascara-de-sobrancelhas-gel-tattoo-brow-ink-04-maybelline-new-york-6316864.html,higiene-beleza,2025-04-21,Continente
Pó Compacto All About Matt Fixing Compact Powder,5258184,3.79,"€3,79/un",Essence,Beleza e Higiene/Maquilhagem/Rosto,https://www.continente.pt/dw/image/v2/BDVS_PRD/on/demandware.static/-/Sites-col-master-catalog/default/dwe17b9d9e/images/col/525/5258184-frente.jpg?sw=280&sh=280,emb. 1 un,https://www.continente.pt/produto/po-compacto-all-about-matt-fixing-compact-powder-essence-5258184.html,higiene-beleza,2025-04-21,Continente
Elásticos Cabelo,5604088,3.69,"€1,85/un",MyLabel,Beleza e Higiene/Cabelo/Acessórios,https://www.continente.pt/dw/image/v2/BDVS_PRD/on/demandware.static/-/Sites-col-master-catalog/default/dw7969b76b/images/col/560/5604088-frente.jpg?sw=280&sh=280,emb. 2 un,https://www.continente.pt/produto/elasticos-cabelo-mylabel-5604088.html,higiene-beleza,2025-04-21,Continente
Palete de Sombras de Olhos The Nude Edition,7120885,4.99,"€4,99/un",Essence,Beleza e Higiene/Maquilhagem/Olhos,https://www.continente.pt/dw/image/v2/BDVS_PRD/on/demandware.static/-/Sites-col-master-catalog/default/dw8beab7d3/images/col/712/7120885-frente.jpg?sw=280&sh=280,emb. 1 un,https://www.continente.pt/produto/palete-de-sombras-de-olhos-the-nude-edition-essence-7120885.html,higiene-beleza,2025-04-21,Continente
Fortalecedor Raízes Pro-V Miracles Crescimento com Força,8007501,11.99,"€119,90/lt",Pantene,Beleza e Higiene/Cabelo/Máscaras e Tratamentos,https://www.continente.pt/dw/image/v2/BDVS_PRD/on/demandware.static/-/Sites-col-master-catalog/default/dwd490ce86/images/col/800/8007501-frente.png?sw=280&sh=280,emb. 100 ml,https://www.continente.pt/produto/fortalecedor-raizes-pro-v-miracles-crescimento-com-forca-pantene-8007501.html,higiene-beleza,2025-04-21,Continente
Gel Lubrificante para Massagem Prazer Sensual,4718953,10.49,"€52,45/lt",Durex,Beleza e Higiene/Preservativos e Estimuladores,https://www.continente.pt/dw/image/v2/BDVS_PRD/on/demandware.static/-/Sites-col-master-catalog/default/dw0271801b/images/col/471/4718953-hero.jpg?sw=280&sh=280,emb. 200 ml,https://www.continente.pt/produto/gel-lubrificante-para-massagem-prazer-sensual-durex-4718953.html,higiene-beleza,2025-04-21,Continente
Óleo Corpo Natural Puro Rícino,8240167,3.49,"€116,33/lt",MyLabel,Beleza e Higiene/Corpo/Cremes e Loções,https://www.continente.pt/dw/image/v2/BDVS_PRD/on/demandware.static/-/Sites-col-master-catalog/default/dwf6fd8be2/images/col/824/8240167-frente.png?sw=280&sh=280,emb. 30 ml,https://www.continente.pt/produto/oleo-corpo-natural-puro-ricino-mylabel-8240167.html,higiene-beleza,2025-04-21,Continente
Lip Gloss Shimmer Bomb Starlight,7546956,5.99,"€5,99/un",Revolution,Beleza e Higiene/Maquilhagem/Lábios,https://www.continente.pt/dw/image/v2/BDVS_PRD/on/demandware.static/-/Sites-col-master-catalog/default/dw03cd3f7f/images/col/754/7546956-frente-1.jpg?sw=280&sh=280,emb. 1 un,https://www.continente.pt/produto/lip-gloss-shimmer-bomb-starlight-revolution-7546956.html,higiene-beleza,2025-04-21,Continente
Perfume nº60,7122939,9.98,"€66,53/lt",Caravan,Beleza e Higiene/Corpo/Colónias e Perfumes,https://www.continente.pt/dw/image/v2/BDVS_PRD/on/demandware.static/-/Sites-col-master-catalog/default/dw6797eaf2/images/col/712/7122939-frente.png?sw=280&sh=280,emb. 150 ml,https://www.continente.pt/produto/perfume-n60-caravan-7122939.html,higiene-beleza,2025-04-21,Continente
Sérum de Rosto Noite Q1O Power Antirrugas Ultra Regenerador,7473571,12.34,"€12,34/un",Nivea,Beleza e Higiene/Rosto/Antirrugas e Refirmantes,https://www.continente.pt/dw/image/v2/BDVS_PRD/on/demandware.static/-/Sites-col-master-catalog/default/dwf32d7421/images/col/747/7473571-hero.jpg?sw=280&sh=280,emb. 30 ml,https://www.continente.pt/produto/serum-de-rosto-noite-q1o-power-antirrugas-ultra-regenerador-nivea-7473571.html,higiene-beleza,2025-04-21,Continente
Escova de Dentes Complete 5 Benefícios Média,5240720,2.91,"€1,46/un",Oral-B,Beleza e Higiene/Higiene Oral/Escovas de Dentes,https://www.continente.pt/dw/image/v2/BDVS_PRD/on/demandware.static/-/Sites-col-master-catalog/default/dw643902e2/images/col/524/5240720-hero.jpg?sw=280&sh=280,emb. 2 un,https://www.continente.pt/produto/escova-de-dentes-complete-5-beneficios-media-oral-b-5240720.html,higiene-beleza,2025-04-21,Continente
Endurecedor de Unhas 8 em 1,6830809,4.39,"€365,83/lt",Eveline,Beleza e Higiene/Corpo/Cuidados de Mãos e Pés,https://www.continente.pt/dw/image/v2/BDVS_PRD/on/demandware.static/-/Sites-col-master-catalog/default/dw1387ad0f/images/col/683/6830809-frente.jpg?sw=280&sh=280,emb. 12 ml,https://www.continente.pt/produto/endurecedor-de-unhas-8-em-1-eveline-6830809.html,higiene-beleza,2025-04-21,Continente
Condicionador Intense Plex,8046680,4.01,"€16,04/lt",Syoss,Beleza e Higiene/Cabelo/Condicionadores,https://www.continente.pt/dw/image/v2/BDVS_PRD/on/demandware.static/-/Sites-col-master-catalog/default/dwb9a7dfb1/images/col/804/8046680-frente.png?sw=280&sh=280,emb. 250 ml,https://www.continente.pt/produto/condicionador-intense-plex-syoss-8046680.html,higiene-beleza,2025-04-21,Continente
Champô Nutre e Hidrata Leite de Coco,7132096,7.49,"€19,45/lt",Maui Moisture,Beleza e Higiene/Cabelo/Champôs,https://www.continente.pt/dw/image/v2/BDVS_PRD/on/demandware.static/-/Sites-col-master-catalog/default/dw9f41d438/images/col/713/7132096-frente.jpg?sw=280&sh=280,emb. 385 ml,https://www.continente.pt/produto/champo-nutre-e-hidrata-leite-de-coco-maui-moisture-7132096.html,higiene-beleza,2025-04-21,Continente
Corretor SuperStay 30h 05,7742691,9.99,"€9,99/un",Maybelline New York,Beleza e Higiene/Maquilhagem/Rosto,https://www.continente.pt/dw/image/v2/BDVS_PRD/on/demandware.static/-/Sites-col-master-catalog/default/dw84fb430c/images/col/774/7742691-frente-1.jpg?sw=280&sh=280,emb. 1 un,https://www.continente.pt/produto/corretor-superstay-30h-05-maybelline-new-york-7742691.html,higiene-beleza,2025-04-21,Continente
Conjunto Proteção Solar e After Sun Tamanho Familiar + Oferta Saco de Praia,8069465,16.99,"€16,99/un",Garnier,Beleza e Higiene/Corpo/Protetores Solares e Bronzeadores/Protetores Solares Corpo,https://www.continente.pt/dw/image/v2/BDVS_PRD/on/demandware.static/-/Sites-col-master-catalog/default/dw726409cb/images/col/806/8069465-hero.jpg?sw=280&sh=280,emb. 200 ml + emb. 400 ml,https://www.continente.pt/produto/conjunto-protecao-solar-e-after-sun-tamanho-familiar-oferta-saco-de-praia-garnier-8069465.html,higiene-beleza,2025-04-21,Continente
Creme de Rosto Dia Expert Rejuvenescedor 55+,6073923,15.59,"€311,80/lt",Diadermine,Beleza e Higiene/Rosto/Antirrugas e Refirmantes,https://www.continente.pt/dw/image/v2/BDVS_PRD/on/demandware.static/-/Sites-col-master-catalog/default/dwff701efb/images/col/607/6073923-frente.jpg?sw=280&sh=280,emb. 50 ml,https://www.continente.pt/produto/creme-de-rosto-dia-expert-rejuvenescedor-55-diadermine-6073923.html,higiene-beleza,2025-04-21,Continente
Preservativos Sensitivo Suave Extra Lubrificado,2845338,8.39,"€0,70/un",Durex,Beleza e Higiene/Preservativos e Estimuladores,https://www.continente.pt/dw/image/v2/BDVS_PRD/on/demandware.static/-/Sites-col-master-catalog/default/dw48d73a1b/images/col/284/2845338-hero.jpg?sw=280&sh=280,emb. 12 un,https://www.continente.pt/produto/preservativos-sensitivo-suave-extra-lubrificado-durex-2845338.html,higiene-beleza,2025-04-21,Continente
Protetor Solar Stick FPS 50+,7983867,18.99,"€18,99/un",Tocobo,Beleza e Higiene/Rosto/Proteção Solar,https://www.continente.pt/dw/image/v2/BDVS_PRD/on/demandware.static/-/Sites-col-master-catalog/default/dw34c999cb/images/col/798/7983867-frente.jpg?sw=280&sh=280,emb. 19 gr,https://www.continente.pt/produto/protetor-solar-stick-fps-50-tocobo-7983867.html,higiene-beleza,2025-04-21,Continente
Champô Rejuvenescedor Rapunzel,7677274,10.44,"€10,44/un",Lola,Beleza e Higiene/Cabelo/Champôs,https://www.continente.pt/dw/image/v2/BDVS_PRD/on/demandware.static/-/Sites-col-master-catalog/default/dw4baa0b69/images/col/767/7677274-frente.jpg?sw=280&sh=280,emb. 250 ml,https://www.continente.pt/produto/champo-rejuvenescedor-rapunzel-lola-7677274.html,higiene-beleza,2025-04-21,Continente
Conjunto Ambre Solaire Rotina Bronze + Oferta Saco de Praia,8056647,19.79,"€19,79/un",Garnier,Beleza e Higiene/Corpo/Protetores Solares e Bronzeadores/Bronzeadores e Autobronzeadores,https://www.continente.pt/dw/image/v2/BDVS_PRD/on/demandware.static/-/Sites-col-master-catalog/default/dw199062fa/images/col/805/8056647-hero.jpg?sw=280&sh=280,emb. 150 ml + emb. 200 ml,https://www.continente.pt/produto/conjunto-ambre-solaire-rotina-bronze-oferta-saco-de-praia-garnier-8056647.html,higiene-beleza,2025-04-21,Continente
Pó Bronzeador Natural Bronzer Sun Bronze 22,2928809,7.71,"€7,71/un",Rimmel,Beleza e Higiene/Maquilhagem/Rosto,https://www.continente.pt/dw/image/v2/BDVS_PRD/on/demandware.static/-/Sites-col-master-catalog/default/dw74ca58c5/images/col/292/2928809-frente.jpg?sw=280&sh=280,emb. 1 un,https://www.continente.pt/produto/po-bronzeador-natural-bronzer-sun-bronze-22-rimmel-2928809.html,higiene-beleza,2025-04-21,Continente
Escova de Dentes Elétrica Pro 1 Azul,7834729,37.49,"€37,49/un",Oral-B,Beleza e Higiene/Higiene Oral/Escovas de Dentes,https://www.continente.pt/dw/image/v2/BDVS_PRD/on/demandware.static/-/Sites-col-master-catalog/default/dw05514c2f/images/col/783/7834729-hero.jpg?sw=280&sh=280,emb. 1 un,https://www.continente.pt/produto/escova-de-dentes-eletrica-pro-1-azul-oral-b-7834729.html,higiene-beleza,2025-04-21,Continente
Máquina Depilatória Venus Comfortglide Breeze com 4 Recargas,7361899,17.99,"€17,99/un",Gillette,Beleza e Higiene/Corpo/Depilação e Descoloração,https://www.continente.pt/dw/image/v2/BDVS_PRD/on/demandware.static/-/Sites-col-master-catalog/default/dw7deefed4/images/col/736/7361899-hero.png?sw=280&sh=280,emb. 1 un,https://www.continente.pt/produto/maquina-depilatoria-venus-comfortglide-breeze-com-4-recargas-gillette-7361899.html,higiene-beleza,2025-04-21,Continente
Corretor Infaillible More Than Concealer 327,6845233,8.39,"€8,39/un",LOréal Paris,Beleza e Higiene/Maquilhagem/Rosto,https://www.continente.pt/dw/image/v2/BDVS_PRD/on/demandware.static/-/Sites-col-master-catalog/default/dwe376c243/images/col/684/6845233-frente.jpg?sw=280&sh=280,emb. 1 un,https://www.continente.pt/produto/corretor-infaillible-more-than-concealer-327-loreal-paris-6845233.html,higiene-beleza,2025-04-21,Continente
Anti-Olheiras Hide The Blemish 103 Soft Honey,5212659,6.81,"€6,81/un",Rimmel,Beleza e Higiene/Maquilhagem/Rosto,https://www.continente.pt/dw/image/v2/BDVS_PRD/on/demandware.static/-/Sites-col-master-catalog/default/dwd530fa86/images/col/521/5212659-frente.jpg?sw=280&sh=280,emb. 1 un,https://www.continente.pt/produto/anti-olheiras-hide-the-blemish-103-soft-honey-rimmel-5212659.html,higiene-beleza,2025-04-21,Continente
Máscara de Pestanas Volume Million Lashes Black,5006529,10.46,"€10,46/un",LOréal Paris,Beleza e Higiene/Maquilhagem/Olhos,https://www.continente.pt/dw/image/v2/BDVS_PRD/on/demandware.static/-/Sites-col-master-catalog/default/dw02e57aa1/images/col/500/5006529-cima.jpg?sw=280&sh=280,emb. 1 un,https://www.continente.pt/produto/mascara-de-pestanas-volume-million-lashes-black-loreal-paris-5006529.html,higiene-beleza,2025-04-21,Continente
Fragrância Corpo Body Mist Kiss Moments,8195511,12.99,"€51,96/lt",Womensecret,Beleza e Higiene/Corpo/Colónias e Perfumes,https://www.continente.pt/dw/image/v2/BDVS_PRD/on/demandware.static/-/Sites-col-master-catalog/default/dw9e07d253/images/col/819/8195511-frente.png?sw=280&sh=280,emb. 1 un,https://www.continente.pt/produto/fragrancia-corpo-body-mist-kiss-moments-womensecret-8195511.html,higiene-beleza,2025-04-21,Continente
Óleo Cabelo Renewing Argão de Marrocos,7158663,7.99,"€79,90/lt",OGX,Beleza e Higiene/Cabelo/Máscaras e Tratamentos,https://www.continente.pt/dw/image/v2/BDVS_PRD/on/demandware.static/-/Sites-col-master-catalog/default/dw670d1c5b/images/col/715/7158663-frente.jpg?sw=280&sh=280,emb. 100 ml,https://www.continente.pt/produto/oleo-cabelo-renewing-argao-de-marrocos-ogx-7158663.html,higiene-beleza,2025-04-21,Continente
Protetor Solar Spray Ambre Solaire Kids FPS 50+,8335489,15.39,"€57,00/lt",Garnier,Beleza e Higiene/Corpo/Protetores Solares e Bronzeadores/Protetores Solares Crianças,https://www.continente.pt/dw/image/v2/BDVS_PRD/on/demandware.static/-/Sites-col-master-catalog/default/dwdbea71e7/images/col/833/8335489-frente.jpg?sw=280&sh=280,emb. 270 ml,https://www.continente.pt/produto/protetor-solar-spray-ambre-solaire-kids-fps-50-garnier-8335489.html,higiene-beleza,2025-04-21,Continente
Eau de Toilette Roses,7864521,7.99,"€79,90/lt",MyLabel,Beleza e Higiene/Corpo/Colónias e Perfumes,https://www.continente.pt/dw/image/v2/BDVS_PRD/on/demandware.static/-/Sites-col-master-catalog/default/dw7e95ece3/images/col/786/7864521-frente.jpg?sw=280&sh=280,emb. 100 ml,https://www.continente.pt/produto/eau-de-toilette-roses-mylabel-7864521.html,higiene-beleza,2025-04-21,Continente
Palete Sombras de Olhos Forever Flawless Allure,7439635,14.49,"€14,49/un",Revolution,Beleza e Higiene/Maquilhagem/Olhos,https://www.continente.pt/dw/image/v2/BDVS_PRD/on/demandware.static/-/Sites-col-master-catalog/default/dwb1e0c7ae/images/col/743/7439635-frente-1.jpg?sw=280&sh=280,emb. 1 un,https://www.continente.pt/produto/palete-sombras-de-olhos-forever-flawless-allure-revolution-7439635.html,higiene-beleza,2025-04-21,Continente
Sérum de Rosto Cellular Expert Lift,7863195,16.89,"€563,00/lt",Nivea,Beleza e Higiene/Rosto/Antirrugas e Refirmantes,https://www.continente.pt/dw/image/v2/BDVS_PRD/on/demandware.static/-/Sites-col-master-catalog/default/dw4096d19b/images/col/786/7863195-hero.jpg?sw=280&sh=280,emb. 30 ml,https://www.continente.pt/produto/serum-de-rosto-cellular-expert-lift-nivea-7863195.html,higiene-beleza,2025-04-21,Continente
Máscara Cabelo Fructis Vitamin Force Biotina,7760282,4.19,"€13,09/lt",Garnier,Beleza e Higiene/Cabelo/Máscaras e Tratamentos,https://www.continente.pt/dw/image/v2/BDVS_PRD/on/demandware.static/-/Sites-col-master-catalog/default/dw9e7e4baf/images/col/776/7760282-frente.jpg?sw=280&sh=280,emb. 320 ml,https://www.continente.pt/produto/mascara-cabelo-fructis-vitamin-force-biotina-garnier-7760282.html,higiene-beleza,2025-04-21,Continente
Lápis de Olhos Tattoo Liner Smokey Grey,7368671,5.99,"€5,99/un",Maybelline New York,Beleza e Higiene/Maquilhagem/Olhos,https://www.continente.pt/dw/image/v2/BDVS_PRD/on/demandware.static/-/Sites-col-master-catalog/default/dw0e4e39a9/images/col/736/7368671-frente.jpg?sw=280&sh=280,emb. 1 un,https://www.continente.pt/produto/lapis-de-olhos-tattoo-liner-smokey-grey-maybelline-new-york-7368671.html,higiene-beleza,2025-04-21,Continente
Creme Fixação Barba Men Expert Barber Club,6574879,5.19,"€69,20/lt",LOréal Paris,Beleza e Higiene/Homem/Barba,https://www.continente.pt/dw/image/v2/BDVS_PRD/on/demandware.static/-/Sites-col-master-catalog/default/dwb80b2f7d/images/col/657/6574879-frente.jpg?sw=280&sh=280,emb. 75 ml,https://www.continente.pt/produto/creme-fixacao-barba-men-expert-barber-club-loreal-paris-6574879.html,higiene-beleza,2025-04-21,Continente
Vaselina Cacau,6911281,2.99,"€29,90/lt",Vaseline,Beleza e Higiene/Rosto/Lábios,https://www.continente.pt/dw/image/v2/BDVS_PRD/on/demandware.static/-/Sites-col-master-catalog/default/dw2c3f5573/images/col/691/6911281-hero.jpg?sw=280&sh=280,emb. 100 ml,https://www.continente.pt/produto/vaselina-cacau-vaseline-6911281.html,higiene-beleza,2025-04-21,Continente
Protetor Solar Spray Óleo Sun Protect & Bronze FPS 30   ,5507037,12.59,"€62,95/lt",Nivea,Beleza e Higiene/Corpo/Protetores Solares e Bronzeadores/Protetores Solares Corpo,https://www.continente.pt/dw/image/v2/BDVS_PRD/on/demandware.static/-/Sites-col-master-catalog/default/dwab0dab07/images/col/550/5507037-hero.jpg?sw=280&sh=280,emb. 200 ml,https://www.continente.pt/produto/protetor-solar-spray-oleo-sun-protect-bronze-fps-30%C2%A0-%C2%A0-nivea-5507037.html,higiene-beleza,2025-04-21,Continente
Coloração Permanente Olia Louro Claríssimo 10,8237337,11.99,"€11,99/un",Garnier,Beleza e Higiene/Cabelo/Colorações,https://www.continente.pt/dw/image/v2/BDVS_PRD/on/demandware.static/-/Sites-col-master-catalog/default/dwfee0be3f/images/col/823/8237337-hero-1.jpg?sw=280&sh=280,emb. 1 un,https://www.continente.pt/produto/coloracao-permanente-olia-louro-clarissimo-10-garnier-8237337.html,higiene-beleza,2025-04-21,Continente
Creme de Rosto e Barba Urban Barber Hidratante,7815347,5.99,"€119,80/lt",MyLabel,Beleza e Higiene/Homem/Rosto,https://www.continente.pt/dw/image/v2/BDVS_PRD/on/demandware.static/-/Sites-col-master-catalog/default/dw8f62cf2d/images/col/781/7815347-frente.jpg?sw=280&sh=280,emb. 50 ml,https://www.continente.pt/produto/creme-de-rosto-e-barba-urban-barber-hidratante-mylabel-7815347.html,higiene-beleza,2025-04-21,Continente
Sérum Facial de Limpeza Bright Reveal Anti-manchas,7960733,6.29,"€41,93/lt",LOréal Paris,Beleza e Higiene/Rosto/Limpeza,https://www.continente.pt/dw/image/v2/BDVS_PRD/on/demandware.static/-/Sites-col-master-catalog/default/dwd4d8b58e/images/col/796/7960733-hero.png?sw=280&sh=280,emb. 150 ml,https://www.continente.pt/produto/serum-facial-de-limpeza-bright-reveal-anti-manchas-loreal-paris-7960733.html,higiene-beleza,2025-04-21,Continente
Aparador de Calos,7483245,3.65,"€3,65/un",Jean Louis David,Beleza e Higiene/Maquilhagem/Acessórios,https://www.continente.pt/dw/image/v2/BDVS_PRD/on/demandware.static/-/Sites-col-master-catalog/default/dwb58c15e9/images/col/748/7483245-frente.jpg?sw=280&sh=280,emb. 1 un,https://www.continente.pt/produto/aparador-de-calos-jean-louis-david-7483245.html,higiene-beleza,2025-04-21,Continente
Coffret Floral,7864697,12.99,"€12,99/un",MyLabel,Beleza e Higiene/Coffrets e Presentes em Beleza/O Perfume Perfeito,https://www.continente.pt/dw/image/v2/BDVS_PRD/on/demandware.static/-/Sites-col-master-catalog/default/dwe2dc6ed5/images/col/786/7864697-frente.jpg?sw=280&sh=280,emb. 1 un,https://www.continente.pt/produto/coffret-floral-mylabel-7864697.html,higiene-beleza,2025-04-21,Continente
Loção Corpo Beloved Baunilha,6524338,2.91,"€11,64/lt",Bioten,Beleza e Higiene/Corpo/Cremes e Loções,https://www.continente.pt/dw/image/v2/BDVS_PRD/on/demandware.static/-/Sites-col-master-catalog/default/dwbf89bb72/images/col/652/6524338-frente.jpg?sw=280&sh=280,emb. 250 ml,https://www.continente.pt/produto/locao-corpo-beloved-baunilha-bioten-6524338.html,higiene-beleza,2025-04-21,Continente
Máscara de Sobrancelhas Gel Make Me Brow 01,5598872,2.99,"€2,99/un",Essence,Beleza e Higiene/Maquilhagem/Olhos,https://www.continente.pt/dw/image/v2/BDVS_PRD/on/demandware.static/-/Sites-col-master-catalog/default/dw36f22254/images/col/559/5598872-frente.jpg?sw=280&sh=280,emb. 1 un,https://www.continente.pt/produto/mascara-de-sobrancelhas-gel-make-me-brow-01-essence-5598872.html,higiene-beleza,2025-04-21,Continente
Creme de Rosto Dia Lift+ Efeito Imediato,5037124,11.99,"€239,80/lt",Diadermine,Beleza e Higiene/Rosto/Antirrugas e Refirmantes,https://www.continente.pt/dw/image/v2/BDVS_PRD/on/demandware.static/-/Sites-col-master-catalog/default/dw36d8750e/images/col/503/5037124-frente.jpg?sw=280&sh=280,emb. 50 ml,https://www.continente.pt/produto/creme-de-rosto-dia-lift-efeito-imediato-diadermine-5037124.html,higiene-beleza,2025-04-21,Continente
Tratamento Cabelo Leave-In Super Serum,8048879,9.96,"€62,25/lt",Aussie,Beleza e Higiene/Cabelo/Máscaras e Tratamentos,https://www.continente.pt/dw/image/v2/BDVS_PRD/on/demandware.static/-/Sites-col-master-catalog/default/dw00031410/images/col/804/8048879-hero.png?sw=280&sh=280,emb. 160 ml,https://www.continente.pt/produto/tratamento-cabelo-leave-in-super-serum-aussie-8048879.html,higiene-beleza,2025-04-21,Continente
Autobronzeador Loção Rosto Summer Revived Escuro,8124508,3.89,"€51,87/lt",Dove,Beleza e Higiene/Corpo/Protetores Solares e Bronzeadores/Bronzeadores e Autobronzeadores,https://www.continente.pt/dw/image/v2/BDVS_PRD/on/demandware.static/-/Sites-col-master-catalog/default/dwe7dca98f/images/col/812/8124508-hero.png?sw=280&sh=280,emb. 75 ml,https://www.continente.pt/produto/autobronzeador-locao-rosto-summer-revived-escuro-dove-8124508.html,higiene-beleza,2025-04-21,Continente
Creme de Rosto Dia Revitalift Filler Micro Gel,7713331,18.89,"€377,80/lt",LOréal Paris,Beleza e Higiene/Rosto/Antirrugas e Refirmantes,https://www.continente.pt/dw/image/v2/BDVS_PRD/on/demandware.static/-/Sites-col-master-catalog/default/dw40f2bb30/images/col/771/7713331-frente.jpg?sw=280&sh=280,emb. 50 ml,https://www.continente.pt/produto/creme-de-rosto-dia-revitalift-filler-micro-gel-loreal-paris-7713331.html,higiene-beleza,2025-04-21,Continente
Base Super Stay Tint+ 03,7889221,14.99,"€14,99/un",Maybelline New York,Beleza e Higiene/Maquilhagem/Rosto,https://www.continente.pt/dw/image/v2/BDVS_PRD/on/demandware.static/-/Sites-col-master-catalog/default/dwfcaf1909/images/col/788/7889221-hero.jpg?sw=280&sh=280,emb. 30 ml,https://www.continente.pt/produto/base-super-stay-tint-03-maybelline-new-york-7889221.html,higiene-beleza,2025-04-21,Continente
Sérum Cabelo Elvive Hidra Hialurónico Pure,7970236,6.99,"€69,90/lt",LOréal Paris,Beleza e Higiene/Cabelo/Máscaras e Tratamentos,https://www.continente.pt/dw/image/v2/BDVS_PRD/on/demandware.static/-/Sites-col-master-catalog/default/dw00addd43/images/col/797/7970236-hero.jpg?sw=280&sh=280,emb. 100 ml,https://www.continente.pt/produto/serum-cabelo-elvive-hidra-hialuronico-pure-loreal-paris-7970236.html,higiene-beleza,2025-04-21,Continente
Coloração Permanente Permanent Color Castanho Claro 5-1,8290105,6.48,"€6,48/un",Syoss,Beleza e Higiene/Cabelo/Colorações,https://www.continente.pt/dw/image/v2/BDVS_PRD/on/demandware.static/-/Sites-col-master-catalog/default/dwac939dc2/images/col/829/8290105-direito.jpg?sw=280&sh=280,emb. 1 un,https://www.continente.pt/produto/coloracao-permanente-permanent-color-castanho-claro-5-1-syoss-8290105.html,higiene-beleza,2025-04-21,Continente
Verniz de Unhas Gel Nail Colour 06,7549910,1.99,"€1,99/un",Essence,Beleza e Higiene/Maquilhagem/Unhas,https://www.continente.pt/dw/image/v2/BDVS_PRD/on/demandware.static/-/Sites-col-master-catalog/default/dw89ad1bda/images/col/754/7549910-frente.jpg?sw=280&sh=280,emb. 1 un,https://www.continente.pt/produto/verniz-de-unhas-gel-nail-colour-06-essence-7549910.html,higiene-beleza,2025-04-21,Continente
Máscara de Pestanas The Colossal Curl Bounce,7533223,6.04,"€6,04/un",Maybelline New York,Beleza e Higiene/Maquilhagem/Olhos,https://www.continente.pt/dw/image/v2/BDVS_PRD/on/demandware.static/-/Sites-col-master-catalog/default/dwae289b46/images/col/753/7533223-frente.jpg?sw=280&sh=280,emb. 1 un,https://www.continente.pt/produto/mascara-de-pestanas-the-colossal-curl-bounce-maybelline-new-york-7533223.html,higiene-beleza,2025-04-21,Continente
Creme Cabelo Pro-V Ondas Naturais,7653810,7.99,"€34,00/lt",Pantene,"Beleza e Higiene/Cabelo/Spray, Espuma, Creme e Gel/Espuma e Creme",https://www.continente.pt/dw/image/v2/BDVS_PRD/on/demandware.static/-/Sites-col-master-catalog/default/dwb04803fd/images/col/765/7653810-frente.jpg?sw=280&sh=280,emb. 235 ml,https://www.continente.pt/produto/creme-cabelo-pro-v-ondas-naturais-pantene-7653810.html,higiene-beleza,2025-04-21,Continente
Lima de Pés Cerâmica,7084341,2.99,"€2,99/un",MyLabel,Beleza e Higiene/Corpo/Cuidados de Mãos e Pés,https://www.continente.pt/dw/image/v2/BDVS_PRD/on/demandware.static/-/Sites-col-master-catalog/default/dwd2d4a8c8/images/col/708/7084341-frente.jpg?sw=280&sh=280,emb. 1 un,https://www.continente.pt/produto/lima-de-pes-ceramica-mylabel-7084341.html,higiene-beleza,2025-04-21,Continente
Conjunto Proteção Solar Rotina Viagem em Família + Oferta Bikini Bag,7760266,15.88,"€15,88/un",Nivea,Beleza e Higiene/Corpo/Protetores Solares e Bronzeadores/Protetores Solares Corpo,https://www.continente.pt/dw/image/v2/BDVS_PRD/on/demandware.static/-/Sites-col-master-catalog/default/dw25dca028/images/col/776/7760266-frente.jpg?sw=280&sh=280,emb. 1 un + 50 ml + 100 ml,https://www.continente.pt/produto/conjunto-protecao-solar-rotina-viagem-em-familia-oferta-bikini-bag-nivea-7760266.html,higiene-beleza,2025-04-21,Continente
CC Cream Luminous 630 3 em 1 Tom Médio,8018756,17.54,"€438,50/lt",Nivea,Beleza e Higiene/Rosto/Hidratação,https://www.continente.pt/dw/image/v2/BDVS_PRD/on/demandware.static/-/Sites-col-master-catalog/default/dwe9c9a46e/images/col/801/8018756-hero.jpg?sw=280&sh=280,emb. 40 ml,https://www.continente.pt/produto/cc-cream-luminous-630-3-em-1-tom-medio-nivea-8018756.html,higiene-beleza,2025-04-21,Continente
Bronzeador Spray Ambre Solaire Ideal Bronze Ação Tripla FPS 50,7973787,10.79,"€71,93/lt",Garnier,Beleza e Higiene/Corpo/Protetores Solares e Bronzeadores/Bronzeadores e Autobronzeadores,https://www.continente.pt/dw/image/v2/BDVS_PRD/on/demandware.static/-/Sites-col-master-catalog/default/dw6acf0812/images/col/797/7973787-hero.jpg?sw=280&sh=280,emb. 150 ml,https://www.continente.pt/produto/bronzeador-spray-ambre-solaire-ideal-bronze-acao-tripla-fps-50-garnier-7973787.html,higiene-beleza,2025-04-21,Continente
Loção Corpo Intense Care Hidratação,3909390,3.56,"€14,24/lt",Dove,Beleza e Higiene/Corpo/Cremes e Loções,https://www.continente.pt/dw/image/v2/BDVS_PRD/on/demandware.static/-/Sites-col-master-catalog/default/dw6ae461b5/images/col/390/3909390-hero.jpg?sw=280&sh=280,emb. 250 ml,https://www.continente.pt/produto/locao-corpo-intense-care-hidratacao-dove-3909390.html,higiene-beleza,2025-04-21,Continente
Espuma Cabelo Pro-V Ondas Perfeitas,7653813,5.27,"€17,57/lt",Pantene,"Beleza e Higiene/Cabelo/Spray, Espuma, Creme e Gel/Espuma e Creme",https://www.continente.pt/dw/image/v2/BDVS_PRD/on/demandware.static/-/Sites-col-master-catalog/default/dw8ddb0c63/images/col/765/7653813-frente.jpg?sw=280&sh=280,emb. 300 ml,https://www.continente.pt/produto/espuma-cabelo-pro-v-ondas-perfeitas-pantene-7653813.html,higiene-beleza,2025-04-21,Continente
Creme de Rosto Gel Extra Care Spirulina Hidratante,7918310,4.0,"€80,00/lt",Corine de Farme,Beleza e Higiene/Rosto/Hidratação,https://www.continente.pt/dw/image/v2/BDVS_PRD/on/demandware.static/-/Sites-col-master-catalog/default/dw677c6c0b/images/col/791/7918310-frente.jpg?sw=280&sh=280,emb. 50 ml,https://www.continente.pt/produto/creme-de-rosto-gel-extra-care-spirulina-hidratante-corine-de-farme-7918310.html,higiene-beleza,2025-04-21,Continente
Coloração Permanente Color Sensation Louro Escuro 6.0,7977364,4.99,"€4,99/un",Garnier,Beleza e Higiene/Cabelo/Colorações,https://www.continente.pt/dw/image/v2/BDVS_PRD/on/demandware.static/-/Sites-col-master-catalog/default/dw45417c61/images/col/797/7977364-hero.jpg?sw=280&sh=280,emb. 1 un,https://www.continente.pt/produto/coloracao-permanente-color-sensation-louro-escuro-6.0-garnier-7977364.html,higiene-beleza,2025-04-21,Continente
Pensos para Bolhas Extreme,7618247,8.88,"€1,48/un",Compeed,Beleza e Higiene/Lenços e Cuidados de Saúde/Cuidados de Saúde,https://www.continente.pt/dw/image/v2/BDVS_PRD/on/demandware.static/-/Sites-col-master-catalog/default/dwf8d2defc/images/col/761/7618247-direito.jpg?sw=280&sh=280,emb. 6 un,https://www.continente.pt/produto/pensos-para-bolhas-extreme-compeed-7618247.html,higiene-beleza,2025-04-21,Continente
Coloração Permanente Color Sensation Medium Brown UL3,8261337,3.99,"€3,99/un",Garnier,Beleza e Higiene/Cabelo/Colorações,https://www.continente.pt/dw/image/v2/BDVS_PRD/on/demandware.static/-/Sites-col-master-catalog/default/dwddb7a053/images/col/826/8261337-hero-1.jpg?sw=280&sh=280,emb. 1 un,https://www.continente.pt/produto/coloracao-permanente-color-sensation-medium-brown-ul3-garnier-8261337.html,higiene-beleza,2025-04-21,Continente
Gel Corpo Aloe Vera,6272171,8.29,"€16,92/lt",Soft&Co,Beleza e Higiene/Corpo/Cremes e Loções,https://www.continente.pt/dw/image/v2/BDVS_PRD/on/demandware.static/-/Sites-col-master-catalog/default/dwd0e9add4/images/col/627/6272171-frente.jpg?sw=280&sh=280,emb. 490 ml,https://www.continente.pt/produto/gel-corpo-aloe-vera-soft-co-6272171.html,higiene-beleza,2025-04-21,Continente
Base de Rosto Fit Me Matte & Poreless Nude 118,6845272,5.99,"€5,99/un",Maybelline New York,Beleza e Higiene/Maquilhagem/Rosto,https://www.continente.pt/dw/image/v2/BDVS_PRD/on/demandware.static/-/Sites-col-master-catalog/default/dwa598b9d1/images/col/684/6845272-frente.jpg?sw=280&sh=280,emb. 1 un,https://www.continente.pt/produto/base-de-rosto-fit-me-matte-poreless-nude-118-maybelline-new-york-6845272.html,higiene-beleza,2025-04-21,Continente
Base de Rosto Fit Me Matte & Poreless Sun Beige 250,5926183,5.99,"€5,99/un",Maybelline New York,Beleza e Higiene/Maquilhagem/Rosto,https://www.continente.pt/dw/image/v2/BDVS_PRD/on/demandware.static/-/Sites-col-master-catalog/default/dw3386eea1/images/col/592/5926183-frente.jpg?sw=280&sh=280,emb. 1 un,https://www.continente.pt/produto/base-de-rosto-fit-me-matte-poreless-sun-beige-250-maybelline-new-york-5926183.html,higiene-beleza,2025-04-21,Continente
After Sun Loção Sun Aloe Vera,2056032,7.19,"€35,95/lt",Nivea,Beleza e Higiene/Corpo/Protetores Solares e Bronzeadores/After Sun,https://www.continente.pt/dw/image/v2/BDVS_PRD/on/demandware.static/-/Sites-col-master-catalog/default/dwa4bd93a6/images/col/205/2056032-hero.jpg?sw=280&sh=280,emb. 200 ml,https://www.continente.pt/produto/after-sun-locao-sun-aloe-vera-nivea-2056032.html,higiene-beleza,2025-04-21,Continente
Batom Color Riche Beige 630,5574896,10.17,"€10,17/un",LOréal Paris,Beleza e Higiene/Maquilhagem/Lábios,https://www.continente.pt/dw/image/v2/BDVS_PRD/on/demandware.static/-/Sites-col-master-catalog/default/dwc2155921/images/col/557/5574896-frente.jpg?sw=280&sh=280,emb. 1 un,https://www.continente.pt/produto/batom-color-riche-beige-630-loreal-paris-5574896.html,higiene-beleza,2025-04-21,Continente
Conjunto de Secador de Cabelo e Escovas 2200W,8033676,44.99,"€22,50/un",Bazarão,"Casa, Bricolage e Jardim/Eletrodomésticos/Máquinas Barbear, Secadores e Alisadores",https://www.continente.pt/dw/image/v2/BDVS_PRD/on/demandware.static/-/Sites-col-master-catalog/default/dw42ba20b4/images/col/803/8033676-frente.jpg?sw=280&sh=280,emb. 1 un,https://www.continente.pt/produto/conjunto-de-secador-de-cabelo-e-escovas-2200w-bazarao-8033676.html,higiene-beleza,2025-04-21,Continente
Coloração Permanente Permanent Color Louro 7-1,8289987,6.48,"€6,48/un",Syoss,Beleza e Higiene/Cabelo/Colorações,https://www.continente.pt/dw/image/v2/BDVS_PRD/on/demandware.static/-/Sites-col-master-catalog/default/dwbe2d6132/images/col/828/8289987-direito.jpg?sw=280&sh=280,emb. 1 un,https://www.continente.pt/produto/coloracao-permanente-permanent-color-louro-7-1-syoss-8289987.html,higiene-beleza,2025-04-21,Continente
Coloração Permanente Good Castanho Cereja 5.5,7694892,12.99,"€12,99/un",Garnier,Beleza e Higiene/Cabelo/Colorações,https://www.continente.pt/dw/image/v2/BDVS_PRD/on/demandware.static/-/Sites-col-master-catalog/default/dwb90471a9/images/col/769/7694892-frente.jpg?sw=280&sh=280,emb. 1 un,https://www.continente.pt/produto/coloracao-permanente-good-castanho-cereja-5.5-garnier-7694892.html,higiene-beleza,2025-04-21,Continente
Coloração Temporária Cabelo Touch of Grey Preto,4393365,13.89,"€347,25/kg",Just For Men,Beleza e Higiene/Homem/Cabelo,https://www.continente.pt/dw/image/v2/BDVS_PRD/on/demandware.static/-/Sites-col-master-catalog/default/dw640f31e3/images/col/439/4393365-esquerdo.jpg?sw=280&sh=280,emb. 1 un,https://www.continente.pt/produto/coloracao-temporaria-cabelo-touch-of-grey-preto-just-for-men-4393365.html,higiene-beleza,2025-04-21,Continente
Pincel Sobrancelhas e Pestanas,7308547,3.99,"€3,99/un",MyLabel,Beleza e Higiene/Maquilhagem/Acessórios,https://www.continente.pt/dw/image/v2/BDVS_PRD/on/demandware.static/-/Sites-col-master-catalog/default/dw44932183/images/col/730/7308547-frente.jpg?sw=280&sh=280,emb. 1 un,https://www.continente.pt/produto/pincel-sobrancelhas-e-pestanas-mylabel-7308547.html,higiene-beleza,2025-04-21,Continente
Coffret Colour Wheel,7768482,8.6,"€8,60/un",Chit Chat,Beleza e Higiene/Coffrets e Presentes em Beleza/Os Favoritos de Criança,https://www.continente.pt/dw/image/v2/BDVS_PRD/on/demandware.static/-/Sites-col-master-catalog/default/dwfb44ae2b/images/col/776/7768482-frente.png?sw=280&sh=280,emb. 1 un,https://www.continente.pt/produto/coffret-colour-wheel-chit-chat-7768482.html,higiene-beleza,2025-04-21,Continente
Tónico de Limpeza Reviltalift Preenchedor,7346513,5.24,"€26,20/lt",LOréal Paris,Beleza e Higiene/Rosto/Limpeza,https://www.continente.pt/dw/image/v2/BDVS_PRD/on/demandware.static/-/Sites-col-master-catalog/default/dw13dc1192/images/col/734/7346513-frente.jpg?sw=280&sh=280,emb. 200 ml,https://www.continente.pt/produto/tonico-de-limpeza-reviltalift-preenchedor-loreal-paris-7346513.html,higiene-beleza,2025-04-21,Continente
Espuma Cabelo Twisted Caracóis,6825368,4.94,"€19,76/lt",Got2B,"Beleza e Higiene/Cabelo/Spray, Espuma, Creme e Gel/Espuma e Creme",https://www.continente.pt/dw/image/v2/BDVS_PRD/on/demandware.static/-/Sites-col-master-catalog/default/dw641bfa35/images/col/682/6825368-frente.jpg?sw=280&sh=280,emb. 250 ml,https://www.continente.pt/produto/espuma-cabelo-twisted-caracois-got2b-6825368.html,higiene-beleza,2025-04-21,Continente
Sérum Cabelo Fructis Hair Drink Banana,7704553,7.49,"€37,45/lt",Garnier,Beleza e Higiene/Cabelo/Máscaras e Tratamentos,https://www.continente.pt/dw/image/v2/BDVS_PRD/on/demandware.static/-/Sites-col-master-catalog/default/dw2df0baa7/images/col/770/7704553-frente-1.jpg?sw=280&sh=280,emb. 200 ml,https://www.continente.pt/produto/serum-cabelo-fructis-hair-drink-banana-garnier-7704553.html,higiene-beleza,2025-04-21,Continente
Coloração Permanente Oleo Intense 12.00,7156702,7.49,"€7,49/un",Syoss,Beleza e Higiene/Cabelo/Colorações,https://www.continente.pt/dw/image/v2/BDVS_PRD/on/demandware.static/-/Sites-col-master-catalog/default/dwf58865ef/images/col/715/7156702-esquerdo.jpg?sw=280&sh=280,emb. 1 un,https://www.continente.pt/produto/coloracao-permanente-oleo-intense-12.00-syoss-7156702.html,higiene-beleza,2025-04-21,Continente
Base Super Stay Tint+ 21,7889227,14.99,"€14,99/un",Maybelline New York,Beleza e Higiene/Maquilhagem/Rosto,https://www.continente.pt/dw/image/v2/BDVS_PRD/on/demandware.static/-/Sites-col-master-catalog/default/dwbc321cbc/images/col/788/7889227-hero.jpg?sw=280&sh=280,emb. 30 ml,https://www.continente.pt/produto/base-super-stay-tint-21-maybelline-new-york-7889227.html,higiene-beleza,2025-04-21,Continente
Gel de Banho 3 em 1 Rockstar,8014748,3.56,"€8,90/lt",Old Spice,Beleza e Higiene/Corpo/Gel de Banho,https://www.continente.pt/dw/image/v2/BDVS_PRD/on/demandware.static/-/Sites-col-master-catalog/default/dw87a4f45e/images/col/801/8014748-hero.png?sw=280&sh=280,emb. 400 ml,https://www.continente.pt/produto/gel-de-banho-3-em-1-rockstar-old-spice-8014748.html,higiene-beleza,2025-04-21,Continente
Spray Cabelo Glued Blasting Freeze,6825371,5.19,"€17,30/lt",Got2B,"Beleza e Higiene/Cabelo/Spray, Espuma, Creme e Gel/Laca e Spray",https://www.continente.pt/dw/image/v2/BDVS_PRD/on/demandware.static/-/Sites-col-master-catalog/default/dw2f53bc14/images/col/682/6825371-frente.jpg?sw=280&sh=280,emb. 300 ml,https://www.continente.pt/produto/spray-cabelo-glued-blasting-freeze-got2b-6825371.html,higiene-beleza,2025-04-21,Continente
Máquina Depilatória Body com 1 Recarga,5783055,4.49,"€4,49/un",Gillette,Beleza e Higiene/Homem/Depilatórios,https://www.continente.pt/dw/image/v2/BDVS_PRD/on/demandware.static/-/Sites-col-master-catalog/default/dw7ebc09af/images/col/578/5783055-hero.jpg?sw=280&sh=280,emb. 1 un,https://www.continente.pt/produto/maquina-depilatoria-body-com-1-recarga-gillette-5783055.html,higiene-beleza,2025-04-21,Continente
Eau de Toilette Hidden Paradise,7264056,9.98,"€199,60/lt",B.U.,Beleza e Higiene/Corpo/Colónias e Perfumes,https://www.continente.pt/dw/image/v2/BDVS_PRD/on/demandware.static/-/Sites-col-master-catalog/default/dwe29bfff2/images/col/726/7264056-frente.jpg?sw=280&sh=280,emb. 50 ml,https://www.continente.pt/produto/eau-de-toilette-hidden-paradise-b.u.-7264056.html,higiene-beleza,2025-04-21,Continente
Coloração Permanente Castanho Claro 5.0,2053158,9.99,"€9,99/un",Koleston,Beleza e Higiene/Cabelo/Colorações,https://www.continente.pt/dw/image/v2/BDVS_PRD/on/demandware.static/-/Sites-col-master-catalog/default/dw1cf960b3/images/col/205/2053158-direito.jpg?sw=280&sh=280,emb. 1 un,https://www.continente.pt/produto/coloracao-permanente-castanho-claro-5.0-koleston-2053158.html,higiene-beleza,2025-04-21,Continente
Óleo Corpo Puro de Abacate,7379727,5.99,"€149,75/lt",Soft&Co,Beleza e Higiene/Corpo/Cremes e Loções,https://www.continente.pt/dw/image/v2/BDVS_PRD/on/demandware.static/-/Sites-col-master-catalog/default/dw1ceb1df5/images/col/737/7379727-frente.jpg?sw=280&sh=280,emb. 40 ml,https://www.continente.pt/produto/oleo-corpo-puro-de-abacate-soft-co-7379727.html,higiene-beleza,2025-04-21,Continente
Protetor Solar Fluído Ambre Solaire Anti-Imperfeições FPS 50+,7973783,10.49,"€262,25/lt",Garnier,Beleza e Higiene/Corpo/Protetores Solares e Bronzeadores/Protetores Solares Corpo,https://www.continente.pt/dw/image/v2/BDVS_PRD/on/demandware.static/-/Sites-col-master-catalog/default/dw40bc299d/images/col/797/7973783-hero.jpg?sw=280&sh=280,emb. 40 ml,https://www.continente.pt/produto/protetor-solar-fluido-ambre-solaire-anti-imperfeicoes-fps-50-garnier-7973783.html,higiene-beleza,2025-04-21,Continente
Bálsamo Barba Natural Elemi & Ginseng,7714076,12.99,"€12,99/un",Hawkins&Brimble,Beleza e Higiene/Homem/Barba,https://www.continente.pt/dw/image/v2/BDVS_PRD/on/demandware.static/-/Sites-col-master-catalog/default/dw219957bf/images/col/771/7714076-cima.jpg?sw=280&sh=280,emb. 50 ml,https://www.continente.pt/produto/balsamo-barba-natural-elemi-ginseng-hawkins-brimble-7714076.html,higiene-beleza,2025-04-21,Continente
Gel de Massagem Thai Passion,6469529,9.79,"€48,95/lt",Control,Beleza e Higiene/Preservativos e Estimuladores,https://www.continente.pt/dw/image/v2/BDVS_PRD/on/demandware.static/-/Sites-col-master-catalog/default/dwc272b8ac/images/col/646/6469529-frente.jpg?sw=280&sh=280,emb. 200 ml,https://www.continente.pt/produto/gel-de-massagem-thai-passion-control-6469529.html,higiene-beleza,2025-04-21,Continente
Exfoliante Corpo Manga e Papaia,7144280,7.35,"€36,75/lt",Body Natur,Beleza e Higiene/Corpo/Cremes e Loções,https://www.continente.pt/dw/image/v2/BDVS_PRD/on/demandware.static/-/Sites-col-master-catalog/default/dwc6d1ccdf/images/col/714/7144280-frente.jpg?sw=280&sh=280,emb. 200 ml,https://www.continente.pt/produto/exfoliante-corpo-manga-e-papaia-body-natur-7144280.html,higiene-beleza,2025-04-21,Continente
Medidor de pressão Arterial Braço,7794065,13.99,"€13,99/un",,"Casa, Bricolage e Jardim/Conforto e Mobilidade",https://www.continente.pt/dw/image/v2/BDVS_PRD/on/demandware.static/-/Sites-col-master-catalog/default/dw342845e8/images/col/779/7794065-frente.jpg?sw=280&sh=280,1 un,https://www.continente.pt/produto/medidor-de-pressao-arterial-braco-7794065.html,higiene-beleza,2025-04-21,Continente
Creme Gel Depilatório Corpo Pele Sensível,6916598,4.05,"€20,25/lt",Body Natur,Beleza e Higiene/Corpo/Depilação e Descoloração,https://www.continente.pt/dw/image/v2/BDVS_PRD/on/demandware.static/-/Sites-col-master-catalog/default/dwcaffde7d/images/col/691/6916598-frente.png?sw=280&sh=280,emb. 200 ml,https://www.continente.pt/produto/creme-gel-depilatorio-corpo-pele-sensivel-body-natur-6916598.html,higiene-beleza,2025-04-21,Continente
After Sun Loção Ambre Solaire Aloe Vera,2677809,7.19,"€35,95/lt",Garnier,Beleza e Higiene/Corpo/Protetores Solares e Bronzeadores/After Sun,https://www.continente.pt/dw/image/v2/BDVS_PRD/on/demandware.static/-/Sites-col-master-catalog/default/dw7e2c6d50/images/col/267/2677809-frente.jpg?sw=280&sh=280,emb. 200 ml,https://www.continente.pt/produto/after-sun-locao-ambre-solaire-aloe-vera-garnier-2677809.html,higiene-beleza,2025-04-21,Continente
Creme de Pentear Creoula,7677330,16.4,"€16,40/un",Lola,"Beleza e Higiene/Cabelo/Spray, Espuma, Creme e Gel/Espuma e Creme",https://www.continente.pt/dw/image/v2/BDVS_PRD/on/demandware.static/-/Sites-col-master-catalog/default/dwae90c297/images/col/767/7677330-frente.jpg?sw=280&sh=280,emb. 500 gr,https://www.continente.pt/produto/creme-de-pentear-creoula-lola-7677330.html,higiene-beleza,2025-04-21,Continente
Sérum Cabelo Gliss Split Hair Miracle,7380146,6.49,"€86,53/lt",Schwarzkopf,Beleza e Higiene/Cabelo/Máscaras e Tratamentos,https://www.continente.pt/dw/image/v2/BDVS_PRD/on/demandware.static/-/Sites-col-master-catalog/default/dw75dade90/images/col/738/7380146-frente.jpg?sw=280&sh=280,emb. 75 ml,https://www.continente.pt/produto/serum-cabelo-gliss-split-hair-miracle-schwarzkopf-7380146.html,higiene-beleza,2025-04-21,Continente
Gel Lubrificante Naturally Endless,8220740,9.74,"€121,75/lt",Skyn,Beleza e Higiene/Preservativos e Estimuladores,https://www.continente.pt/dw/image/v2/BDVS_PRD/on/demandware.static/-/Sites-col-master-catalog/default/dw2c918c05/images/col/822/8220740-hero.png?sw=280&sh=280,emb. 80 ml,https://www.continente.pt/produto/gel-lubrificante-naturally-endless-skyn-8220740.html,higiene-beleza,2025-04-21,Continente
Creme de Rosto Iluminador Cítrico,7621256,23.99,"€23,99/un",Frudia,Beleza e Higiene/Rosto/Hidratação,https://www.continente.pt/dw/image/v2/BDVS_PRD/on/demandware.static/-/Sites-col-master-catalog/default/dwfe3a912f/images/col/762/7621256-frente.jpg?sw=280&sh=280,emb. 55 gr,https://www.continente.pt/produto/creme-de-rosto-iluminador-citrico-frudia-7621256.html,higiene-beleza,2025-04-21,Continente
Gel Corpo Anti-celulite Slim,6131969,7.69,"€51,27/lt",Bioten,Beleza e Higiene/Corpo/Cremes e Loções,https://www.continente.pt/dw/image/v2/BDVS_PRD/on/demandware.static/-/Sites-col-master-catalog/default/dw603d3ee5/images/col/613/6131969-frente.jpg?sw=280&sh=280,emb. 150 ml,https://www.continente.pt/produto/gel-corpo-anti-celulite-slim-bioten-6131969.html,higiene-beleza,2025-04-21,Continente
Blush Sunkisser 06,7974243,9.99,"€9,99/un",Maybelline New York,Beleza e Higiene/Maquilhagem/Rosto,https://www.continente.pt/dw/image/v2/BDVS_PRD/on/demandware.static/-/Sites-col-master-catalog/default/dw3a404c7a/images/col/797/7974243-frente.jpg?sw=280&sh=280,emb. 1 un,https://www.continente.pt/produto/blush-sunkisser-06-maybelline-new-york-7974243.html,higiene-beleza,2025-04-21,Continente
Protetor Solar Loção Sun Protect & Moisture FPS 30,7124247,6.89,"€68,90/lt",Nivea,Beleza e Higiene/Corpo/Protetores Solares e Bronzeadores/Protetores Solares Corpo,https://www.continente.pt/dw/image/v2/BDVS_PRD/on/demandware.static/-/Sites-col-master-catalog/default/dwb0af53bc/images/col/712/7124247-hero.jpg?sw=280&sh=280,emb. 100 ml,https://www.continente.pt/produto/protetor-solar-locao-sun-protect-moisture-fps-30-nivea-7124247.html,higiene-beleza,2025-04-21,Continente
Coloração Permanente Oleo Intense Louro Escuro 6.10,5088238,7.49,"€7,49/un",Syoss,Beleza e Higiene/Cabelo/Colorações,https://www.continente.pt/dw/image/v2/BDVS_PRD/on/demandware.static/-/Sites-col-master-catalog/default/dw64ec7c18/images/col/508/5088238-frente-online.jpg?sw=280&sh=280,emb. 1 un,https://www.continente.pt/produto/coloracao-permanente-oleo-intense-louro-escuro-6.10-syoss-5088238.html,higiene-beleza,2025-04-21,Continente
Coloração Permanente Color Sensation Castanho4.0,7981203,3.99,"€3,99/un",Garnier,Beleza e Higiene/Cabelo/Colorações,https://www.continente.pt/dw/image/v2/BDVS_PRD/on/demandware.static/-/Sites-col-master-catalog/default/dwa5ceba5c/images/col/798/7981203-hero.jpg?sw=280&sh=280,emb. 1 un,https://www.continente.pt/produto/coloracao-permanente-color-sensation-castanho4.0-garnier-7981203.html,higiene-beleza,2025-04-21,Continente
Bálsamo Labial Original,4815876,2.99,"€149,50/kg",Vaseline,Beleza e Higiene/Rosto/Lábios,https://www.continente.pt/dw/image/v2/BDVS_PRD/on/demandware.static/-/Sites-col-master-catalog/default/dwed2165be/images/col/481/4815876-hero.jpg?sw=280&sh=280,emb. 20 gr,https://www.continente.pt/produto/balsamo-labial-original-vaseline-4815876.html,higiene-beleza,2025-04-21,Continente
Coloração Permanente Brown Tint Preto,8290300,10.88,"€10,88/un",Syoss,Beleza e Higiene/Cabelo/Colorações,https://www.continente.pt/dw/image/v2/BDVS_PRD/on/demandware.static/-/Sites-col-master-catalog/default/dw81e3c61c/images/col/829/8290300-direito.jpg?sw=280&sh=280,emb. 1 un,https://www.continente.pt/produto/coloracao-permanente-brown-tint-preto-syoss-8290300.html,higiene-beleza,2025-04-21,Continente
Máscara Pés Bálsamo Noite,8122014,6.99,"€139,80/lt",Soft&Co,Beleza e Higiene/Corpo/Cuidados de Mãos e Pés,https://www.continente.pt/dw/image/v2/BDVS_PRD/on/demandware.static/-/Sites-col-master-catalog/default/dwbf4a97a0/images/col/812/8122014-cima-frente.png?sw=280&sh=280,emb. 50 ml,https://www.continente.pt/produto/mascara-pes-balsamo-noite-soft-co-8122014.html,higiene-beleza,2025-04-21,Continente
Eau de Parfum Sweetness,7864518,10.99,"€109,90/un",MyLabel,Beleza e Higiene/Corpo/Colónias e Perfumes,https://www.continente.pt/dw/image/v2/BDVS_PRD/on/demandware.static/-/Sites-col-master-catalog/default/dw0f64305a/images/col/786/7864518-frente.jpg?sw=280&sh=280,emb. 100 ml,https://www.continente.pt/produto/eau-de-parfum-sweetness-mylabel-7864518.html,higiene-beleza,2025-04-21,Continente
Coloração Permanente Excellence Creme Louro Claríssimo 10,2115550,8.44,"€8,44/un",LOréal Paris,Beleza e Higiene/Cabelo/Colorações,https://www.continente.pt/dw/image/v2/BDVS_PRD/on/demandware.static/-/Sites-col-master-catalog/default/dw5528f728/images/col/211/2115550-hero.jpg?sw=280&sh=280,emb. 1 un,https://www.continente.pt/produto/coloracao-permanente-excellence-creme-louro-clarissimo-10-loreal-paris-2115550.html,higiene-beleza,2025-04-21,Continente
Coloração Permanente Louro Médio 7.0,2700446,9.99,"€9,99/un",Koleston,Beleza e Higiene/Cabelo/Colorações,https://www.continente.pt/dw/image/v2/BDVS_PRD/on/demandware.static/-/Sites-col-master-catalog/default/dwcf10d331/images/col/270/2700446-direito.jpg?sw=280&sh=280,emb. 1 un,https://www.continente.pt/produto/coloracao-permanente-louro-medio-7.0-koleston-2700446.html,higiene-beleza,2025-04-21,Continente
Pente de Barbear Molde,6609679,4.99,"€4,99/un",Barb Xpert,Beleza e Higiene/Homem/Barba,https://www.continente.pt/dw/image/v2/BDVS_PRD/on/demandware.static/-/Sites-col-master-catalog/default/dw7f862fe6/images/col/660/6609679-frente.jpg?sw=280&sh=280,emb. 1 un,https://www.continente.pt/produto/pente-de-barbear-molde-barb-xpert-6609679.html,higiene-beleza,2025-04-21,Continente
Gel de Barbear Series Refrescante,5977558,4.99,"€24,95/lt",Gillette,Beleza e Higiene/Homem/Barba,https://www.continente.pt/dw/image/v2/BDVS_PRD/on/demandware.static/-/Sites-col-master-catalog/default/dw5e73ffe1/images/col/597/5977558-hero.jpg?sw=280&sh=280,emb. 200 ml,https://www.continente.pt/produto/gel-de-barbear-series-refrescante-gillette-5977558.html,higiene-beleza,2025-04-21,Continente
Lâminas Descartáveis Blue 3 Sensitive,4455052,5.99,"€1,50/un",Gillette,Beleza e Higiene/Homem/Barba,https://www.continente.pt/dw/image/v2/BDVS_PRD/on/demandware.static/-/Sites-col-master-catalog/default/dw22fdee58/images/col/445/4455052-hero.jpg?sw=280&sh=280,emb. 5 un,https://www.continente.pt/produto/laminas-descartaveis-blue-3-sensitive-gillette-4455052.html,higiene-beleza,2025-04-21,Continente
Condicionador Pro-V Miracles Crescimento com Força XXL,7993528,16.49,"€16,49/lt",Pantene,Beleza e Higiene/Cabelo/Condicionadores,https://www.continente.pt/dw/image/v2/BDVS_PRD/on/demandware.static/-/Sites-col-master-catalog/default/dw228d2cc5/images/col/799/7993528-frente.png?sw=280&sh=280,emb. 1 lt,https://www.continente.pt/produto/condicionador-pro-v-miracles-crescimento-com-forca-xxl-pantene-7993528.html,higiene-beleza,2025-04-21,Continente
Tónico de Limpeza,7736945,2.39,"€5,98/un",MyLabel,Beleza e Higiene/Rosto/Limpeza,https://www.continente.pt/dw/image/v2/BDVS_PRD/on/demandware.static/-/Sites-col-master-catalog/default/dw700960c2/images/col/773/7736945-frente.jpg?sw=280&sh=280,emb. 400 ml,https://www.continente.pt/produto/tonico-de-limpeza-mylabel-7736945.html,higiene-beleza,2025-04-21,Continente
Base Super Stay Tint+ 34,7889226,14.99,"€14,99/un",Maybelline New York,Beleza e Higiene/Maquilhagem/Rosto,https://www.continente.pt/dw/image/v2/BDVS_PRD/on/demandware.static/-/Sites-col-master-catalog/default/dw7c067c0c/images/col/788/7889226-hero.jpg?sw=280&sh=280,emb. 30 ml,https://www.continente.pt/produto/base-super-stay-tint-34-maybelline-new-york-7889226.html,higiene-beleza,2025-04-21,Continente
Creme de Rosto Dia Ultimage Antirrugas 55+,7748121,5.99,"€119,80/lt",MyLabel,Beleza e Higiene/Rosto/Antirrugas e Refirmantes,https://www.continente.pt/dw/image/v2/BDVS_PRD/on/demandware.static/-/Sites-col-master-catalog/default/dwe48f34e0/images/col/774/7748121-frente-2.jpg?sw=280&sh=280,emb. 50 ml,https://www.continente.pt/produto/creme-de-rosto-dia-ultimage-antirrugas-55-mylabel-7748121.html,higiene-beleza,2025-04-21,Continente
Loção Corpo Massagem Anti-estrias,2744309,15.95,"€63,80/lt",Palmers,Beleza e Higiene/Corpo/Cremes e Loções,https://www.continente.pt/dw/image/v2/BDVS_PRD/on/demandware.static/-/Sites-col-master-catalog/default/dw152deee3/images/col/274/2744309-frente.jpg?sw=280&sh=280,emb. 250 ml,https://www.continente.pt/produto/locao-corpo-massagem-anti-estrias-palmers-2744309.html,higiene-beleza,2025-04-21,Continente
Protetor Solar Spray Sun Protect & Bronze FPS 50,7545780,12.59,"€62,95/lt",Nivea,Beleza e Higiene/Corpo/Protetores Solares e Bronzeadores/Protetores Solares Corpo,https://www.continente.pt/dw/image/v2/BDVS_PRD/on/demandware.static/-/Sites-col-master-catalog/default/dw64459745/images/col/754/7545780-hero.jpg?sw=280&sh=280,emb. 200 ml,https://www.continente.pt/produto/protetor-solar-spray-sun-protect-bronze-fps-50-nivea-7545780.html,higiene-beleza,2025-04-21,Continente
Corretor Camouflage+ Matt Concealer 30,6743699,3.59,"€3,59/un",Essence,Beleza e Higiene/Maquilhagem/Rosto,https://www.continente.pt/dw/image/v2/BDVS_PRD/on/demandware.static/-/Sites-col-master-catalog/default/dw0b99ccb9/images/col/674/6743699-frente.jpg?sw=280&sh=280,emb. 1 un,https://www.continente.pt/produto/corretor-camouflage-matt-concealer-30-essence-6743699.html,higiene-beleza,2025-04-21,Continente
Creme Multiusos Panthenol Comfort,8014482,4.54,"€90,80/lt",Mixa,Beleza e Higiene/Corpo/Cremes e Loções,https://www.continente.pt/dw/image/v2/BDVS_PRD/on/demandware.static/-/Sites-col-master-catalog/default/dw3b0c3e65/images/col/801/8014482-hero.jpg?sw=280&sh=280,emb. 50 ml,https://www.continente.pt/produto/creme-multiusos-panthenol-comfort-mixa-8014482.html,higiene-beleza,2025-04-21,Continente
Verniz de Unhas Metálico Azul,8098935,2.99,"€2,99/un",MyLabel,Beleza e Higiene/Maquilhagem/Unhas,https://www.continente.pt/dw/image/v2/BDVS_PRD/on/demandware.static/-/Sites-col-master-catalog/default/dw57641769/images/col/809/8098935-frente.png?sw=280&sh=280,emb. 1 un,https://www.continente.pt/produto/verniz-de-unhas-metalico-azul-mylabel-8098935.html,higiene-beleza,2025-04-21,Continente
Máscara de Pestanas Colossal 100% Black,6922305,6.59,"€6,59/un",Maybelline New York,Beleza e Higiene/Maquilhagem/Olhos,https://www.continente.pt/dw/image/v2/BDVS_PRD/on/demandware.static/-/Sites-col-master-catalog/default/dw66aa7e37/images/col/692/6922305-frente.jpg?sw=280&sh=280,emb. 1 un,https://www.continente.pt/produto/mascara-de-pestanas-colossal-100--black-maybelline-new-york-6922305.html,higiene-beleza,2025-04-21,Continente
Pó Bronzeador Re-Loaded Long Weekend,6939506,4.99,"€4,99/un",Revolution,Beleza e Higiene/Maquilhagem/Rosto,https://www.continente.pt/dw/image/v2/BDVS_PRD/on/demandware.static/-/Sites-col-master-catalog/default/dw8afa963f/images/col/693/6939506-frente.jpg?sw=280&sh=280,emb. 1 un,https://www.continente.pt/produto/po-bronzeador-re-loaded-long-weekend-revolution-6939506.html,higiene-beleza,2025-04-21,Continente
Gel Lubrificante Chocolate,6902458,6.85,"€91,33/lt",Control,Beleza e Higiene/Preservativos e Estimuladores,https://www.continente.pt/dw/image/v2/BDVS_PRD/on/demandware.static/-/Sites-col-master-catalog/default/dw49576ef2/images/col/690/6902458-direito.jpg?sw=280&sh=280,emb. 75 ml,https://www.continente.pt/produto/gel-lubrificante-chocolate-control-6902458.html,higiene-beleza,2025-04-21,Continente
Gel Facial Ácido Hialurónico,7983873,14.9,"€14,90/un",Stay Well,Beleza e Higiene/Rosto/Hidratação,https://www.continente.pt/dw/image/v2/BDVS_PRD/on/demandware.static/-/Sites-col-master-catalog/default/dw57de8f4a/images/col/798/7983873-frente.png?sw=280&sh=280,emb. 50 ml,https://www.continente.pt/produto/gel-facial-acido-hialuronico-stay-well-7983873.html,higiene-beleza,2025-04-21,Continente
Lip Gloss Sweet,7551388,2.99,"€2,99/un",Relove,Beleza e Higiene/Maquilhagem/Lábios,https://www.continente.pt/dw/image/v2/BDVS_PRD/on/demandware.static/-/Sites-col-master-catalog/default/dw769bc513/images/col/755/7551388-frente-1.jpg?sw=280&sh=280,emb. 1 un,https://www.continente.pt/produto/lip-gloss-sweet-relove-7551388.html,higiene-beleza,2025-04-21,Continente
Oxímetro Portátil,7363496,19.99,"€19,99/un",Bazarão,Beleza e Higiene/Lenços e Cuidados de Saúde/Cuidados de Saúde,https://www.continente.pt/dw/image/v2/BDVS_PRD/on/demandware.static/-/Sites-col-master-catalog/default/dwc4f06509/images/col/736/7363496-cima.jpg?sw=280&sh=280,1 un,https://www.continente.pt/produto/oximetro-portatil-bazarao-7363496.html,higiene-beleza,2025-04-21,Continente
Lápis de Olhos Long Lasting 20,5497520,1.89,"€1,89/un",Essence,Beleza e Higiene/Maquilhagem/Olhos,https://www.continente.pt/dw/image/v2/BDVS_PRD/on/demandware.static/-/Sites-col-master-catalog/default/dw8de45a56/images/col/549/5497520-frente.jpg?sw=280&sh=280,emb. 1 un,https://www.continente.pt/produto/lapis-de-olhos-long-lasting-20-essence-5497520.html,higiene-beleza,2025-04-21,Continente
Champô Anti-breakage Óleo de Queratina,6432330,8.99,"€23,35/lt",OGX,Beleza e Higiene/Cabelo/Champôs,https://www.continente.pt/dw/image/v2/BDVS_PRD/on/demandware.static/-/Sites-col-master-catalog/default/dwde35f4a3/images/col/643/6432330-frente.png?sw=280&sh=280,emb. 385 ml,https://www.continente.pt/produto/champo-anti-breakage-oleo-de-queratina-ogx-6432330.html,higiene-beleza,2025-04-21,Continente
Coloração Permanente Nutrisse Creme Louro Acobreado 6.41,6420910,9.49,"€9,49/un",Garnier,Beleza e Higiene/Cabelo/Colorações,https://www.continente.pt/dw/image/v2/BDVS_PRD/on/demandware.static/-/Sites-col-master-catalog/default/dwed1a286d/images/col/642/6420910-frente.jpg?sw=280&sh=280,emb. 1 un,https://www.continente.pt/produto/coloracao-permanente-nutrisse-creme-louro-acobreado-6.41-garnier-6420910.html,higiene-beleza,2025-04-21,Continente
Elixir Bucal Mentol,4124379,5.99,"€11,98/lt",Listerine,Beleza e Higiene/Higiene Oral/Elixires Bucais,https://www.continente.pt/dw/image/v2/BDVS_PRD/on/demandware.static/-/Sites-col-master-catalog/default/dw45c85b09/images/col/412/4124379-frente.jpg?sw=280&sh=280,emb. 500 ml,https://www.continente.pt/produto/elixir-bucal-mentol-listerine-4124379.html,higiene-beleza,2025-04-21,Continente
Lip Gloss e Sombra de Olhos Galactic 10,8098944,5.99,"€5,99/un",MyLabel,Beleza e Higiene/Maquilhagem/Lábios,https://www.continente.pt/dw/image/v2/BDVS_PRD/on/demandware.static/-/Sites-col-master-catalog/default/dw62b4084c/images/col/809/8098944-frente.png?sw=280&sh=280,emb. 1 un,https://www.continente.pt/produto/lip-gloss-e-sombra-de-olhos-galactic-10-mylabel-8098944.html,higiene-beleza,2025-04-21,Continente
Blush e Batom Líquido Baby Tint Fuchsia,7634691,2.99,"€2,99/un",Relove,Beleza e Higiene/Maquilhagem/Lábios,https://www.continente.pt/dw/image/v2/BDVS_PRD/on/demandware.static/-/Sites-col-master-catalog/default/dw31a2a663/images/col/763/7634691-frente-1.jpg?sw=280&sh=280,emb. 1 un,https://www.continente.pt/produto/blush-e-batom-liquido-baby-tint-fuchsia-relove-7634691.html,higiene-beleza,2025-04-21,Continente
Preservativos Sensual Xtra Dots,6080165,8.39,"€0,70/un",Control,Beleza e Higiene/Preservativos e Estimuladores,https://www.continente.pt/dw/image/v2/BDVS_PRD/on/demandware.static/-/Sites-col-master-catalog/default/dw85335fd6/images/col/608/6080165-direito.jpg?sw=280&sh=280,emb. 12 un,https://www.continente.pt/produto/preservativos-sensual-xtra-dots-control-6080165.html,higiene-beleza,2025-04-21,Continente
Loção Corpo Óleo de Coco,6099785,10.26,"€41,04/lt",Palmers,Beleza e Higiene/Corpo/Cremes e Loções,https://www.continente.pt/dw/image/v2/BDVS_PRD/on/demandware.static/-/Sites-col-master-catalog/default/dwe0480a12/images/col/609/6099785-frente.jpg?sw=280&sh=280,emb. 250 ml,https://www.continente.pt/produto/locao-corpo-oleo-de-coco-palmers-6099785.html,higiene-beleza,2025-04-21,Continente
Lâminas Descartáveis Blue II,2115936,8.49,"€0,57/un",Gillette,Beleza e Higiene/Homem/Barba,https://www.continente.pt/dw/image/v2/BDVS_PRD/on/demandware.static/-/Sites-col-master-catalog/default/dw8fa4c0f8/images/col/211/2115936-frente.jpg?sw=280&sh=280,emb. 20 un,https://www.continente.pt/produto/laminas-descartaveis-blue-ii-gillette-2115936.html,higiene-beleza,2025-04-21,Continente
Gel de Banho Água de Coco,7712262,4.99,"€4,99/un",Lovea,Beleza e Higiene/Corpo/Gel de Banho,https://www.continente.pt/dw/image/v2/BDVS_PRD/on/demandware.static/-/Sites-col-master-catalog/default/dw9d471b76/images/col/771/7712262-frente.jpg?sw=280&sh=280,emb. 400 ml,https://www.continente.pt/produto/gel-de-banho-agua-de-coco-lovea-7712262.html,higiene-beleza,2025-04-21,Continente
Creme de Rosto Dia Revitalift Filler Anti-Brilhos,8276470,18.19,"€18,19/un",LOréal Paris,Beleza e Higiene/Rosto/Antirrugas e Refirmantes,https://www.continente.pt/dw/image/v2/BDVS_PRD/on/demandware.static/-/Sites-col-master-catalog/default/dw7dc18366/images/col/827/8276470-frente.jpg?sw=280&sh=280,emb. 50 ml,https://www.continente.pt/produto/creme-de-rosto-dia-revitalift-filler-anti-brilhos-loreal-paris-8276470.html,higiene-beleza,2025-04-21,Continente
Batom Disney Princess Belle,8388286,3.99,"€3,99/un",Labello,Beleza e Higiene/Rosto/Lábios,https://www.continente.pt/dw/image/v2/BDVS_PRD/on/demandware.static/-/Sites-col-master-catalog/default/dw9d991ffe/images/col/838/8388286-hero.jpg?sw=280&sh=280,emb. 1 un,https://www.continente.pt/produto/batom-disney-princess-belle-labello-8388286.html,higiene-beleza,2025-04-21,Continente
Creme de Mãos Naturally Good Hidratante,7483763,5.19,"€69,20/lt",Nivea,Beleza e Higiene/Corpo/Cuidados de Mãos e Pés,https://www.continente.pt/dw/image/v2/BDVS_PRD/on/demandware.static/-/Sites-col-master-catalog/default/dwd677a0c2/images/col/748/7483763-frente.jpg?sw=280&sh=280,emb. 75 ml,https://www.continente.pt/produto/creme-de-maos-naturally-good-hidratante-nivea-7483763.html,higiene-beleza,2025-04-21,Continente
Condicionador Colour Care Retention,7744769,7.19,"€18,68/lt",OGX,Beleza e Higiene/Cabelo/Condicionadores,https://www.continente.pt/dw/image/v2/BDVS_PRD/on/demandware.static/-/Sites-col-master-catalog/default/dw1fe06a74/images/col/774/7744769-frente.png?sw=280&sh=280,emb. 385 ml,https://www.continente.pt/produto/condicionador-colour-care-retention-ogx-7744769.html,higiene-beleza,2025-04-21,Continente
Coloração Permanente Color Sensation Preto Azulado 2.1,7971125,3.99,"€3,99/un",Garnier,Beleza e Higiene/Cabelo/Colorações,https://www.continente.pt/dw/image/v2/BDVS_PRD/on/demandware.static/-/Sites-col-master-catalog/default/dw4e65d447/images/col/797/7971125-hero.jpg?sw=280&sh=280,emb. 1 un,https://www.continente.pt/produto/coloracao-permanente-color-sensation-preto-azulado-2.1-garnier-7971125.html,higiene-beleza,2025-04-21,Continente
Escova Cabelo Desembaraça,7684432,10.89,"€10,89/un",Jean Louis David,Beleza e Higiene/Cabelo/Acessórios,https://www.continente.pt/dw/image/v2/BDVS_PRD/on/demandware.static/-/Sites-col-master-catalog/default/dwf3e58b92/images/col/768/7684432-direito.jpg?sw=280&sh=280,emb. 1 un,https://www.continente.pt/produto/escova-cabelo-desembaraca-jean-louis-david-7684432.html,higiene-beleza,2025-04-21,Continente
Champô Hidrata e Desfriza Óleo de Kukuí,6432150,7.64,"€19,84/lt",OGX,Beleza e Higiene/Cabelo/Champôs,https://www.continente.pt/dw/image/v2/BDVS_PRD/on/demandware.static/-/Sites-col-master-catalog/default/dw2e1a6be4/images/col/643/6432150-frente.png?sw=280&sh=280,emb. 385 ml,https://www.continente.pt/produto/champo-hidrata-e-desfriza-oleo-de-kukui-ogx-6432150.html,higiene-beleza,2025-04-21,Continente
Gel Corpo Bodyshape Total Remodeler,5844342,7.03,"€35,15/lt",Bioten,Beleza e Higiene/Corpo/Cremes e Loções,https://www.continente.pt/dw/image/v2/BDVS_PRD/on/demandware.static/-/Sites-col-master-catalog/default/dw0707b514/images/col/584/5844342-frente.jpg?sw=280&sh=280,emb. 200 ml,https://www.continente.pt/produto/gel-corpo-bodyshape-total-remodeler-bioten-5844342.html,higiene-beleza,2025-04-21,Continente
Blush Bronzer Sunkisser 05,7974246,9.99,"€9,99/un",Maybelline New York,Beleza e Higiene/Maquilhagem/Rosto,https://www.continente.pt/dw/image/v2/BDVS_PRD/on/demandware.static/-/Sites-col-master-catalog/default/dw7380d86b/images/col/797/7974246-hero.jpg?sw=280&sh=280,emb. 1 un,https://www.continente.pt/produto/blush-bronzer-sunkisser-05-maybelline-new-york-7974246.html,higiene-beleza,2025-04-21,Continente
Óleo Corpo com Brilho Glow,8109746,6.99,"€63,55/lt",MyLabel,Beleza e Higiene/Corpo/Cremes e Loções,https://www.continente.pt/dw/image/v2/BDVS_PRD/on/demandware.static/-/Sites-col-master-catalog/default/dw7f2274fc/images/col/810/8109746-frente.png?sw=280&sh=280,emb. 110 ml,https://www.continente.pt/produto/oleo-corpo-com-brilho-glow-mylabel-8109746.html,higiene-beleza,2025-04-21,Continente
Eau de Parfum nº 36,5691319,9.98,"€66,53/lt",Caravan,Beleza e Higiene/Corpo/Colónias e Perfumes,https://www.continente.pt/dw/image/v2/BDVS_PRD/on/demandware.static/-/Sites-col-master-catalog/default/dw68ce9a95/images/col/569/5691319-frente.png?sw=280&sh=280,emb. 150 ml,https://www.continente.pt/produto/eau-de-parfum-n-36-caravan-5691319.html,higiene-beleza,2025-04-21,Continente
Batom Lifter Gloss 008,7368702,6.49,"€6,49/un",Maybelline New York,Beleza e Higiene/Maquilhagem/Lábios,https://www.continente.pt/dw/image/v2/BDVS_PRD/on/demandware.static/-/Sites-col-master-catalog/default/dw244ac523/images/col/736/7368702-frente.jpeg?sw=280&sh=280,emb. 1 un,https://www.continente.pt/produto/batom-lifter-gloss-008-maybelline-new-york-7368702.html,higiene-beleza,2025-04-21,Continente
Sérum Cabelo Ativador Raízes,8290528,6.99,"€69,90/lt",Gliss,Beleza e Higiene/Cabelo/Máscaras e Tratamentos,https://www.continente.pt/dw/image/v2/BDVS_PRD/on/demandware.static/-/Sites-col-master-catalog/default/dw2e7f28dc/images/col/829/8290528-frente.png?sw=280&sh=280,emb. 100 ml,https://www.continente.pt/produto/serum-cabelo-ativador-raizes-gliss-8290528.html,higiene-beleza,2025-04-21,Continente
Gel de Sobrancelhas Glued 4 Brows&Edges,8290277,5.99,"€5,99/un",Got2B,Beleza e Higiene/Maquilhagem/Rosto,https://www.continente.pt/dw/image/v2/BDVS_PRD/on/demandware.static/-/Sites-col-master-catalog/default/dw91df1da6/images/col/829/8290277-frente.png?sw=280&sh=280,emb. 1 un,https://www.continente.pt/produto/gel-de-sobrancelhas-glued-4-brows-edges-got2b-8290277.html,higiene-beleza,2025-04-21,Continente
Pensos para Herpes,6115701,2.99,"€0,30/un",Continente,Beleza e Higiene/Lenços e Cuidados de Saúde/Cuidados de Saúde,https://www.continente.pt/dw/image/v2/BDVS_PRD/on/demandware.static/-/Sites-col-master-catalog/default/dwcd93efa1/images/col/611/6115701-cima.jpg?sw=280&sh=280,emb. 10 un,https://www.continente.pt/produto/pensos-para-herpes-continente-6115701.html,higiene-beleza,2025-04-21,Continente
Coloração Permanente Castanho Chocolate 4.8,4621294,6.48,"€6,48/un",Syoss,Beleza e Higiene/Cabelo/Colorações,https://www.continente.pt/dw/image/v2/BDVS_PRD/on/demandware.static/-/Sites-col-master-catalog/default/dwaa3f094c/images/col/462/4621294-frente.jpg?sw=280&sh=280,emb. 1 un,https://www.continente.pt/produto/coloracao-permanente-castanho-chocolate-4.8-syoss-4621294.html,higiene-beleza,2025-04-21,Continente
Creme Restaurador Panthenol Comfort,8014405,6.49,"€16,22/lt",Mixa,Beleza e Higiene/Corpo/Cremes e Loções,https://www.continente.pt/dw/image/v2/BDVS_PRD/on/demandware.static/-/Sites-col-master-catalog/default/dwb37ae338/images/col/801/8014405-hero.jpg?sw=280&sh=280,emb. 400 ml,https://www.continente.pt/produto/creme-restaurador-panthenol-comfort-mixa-8014405.html,higiene-beleza,2025-04-21,Continente
Sérum Facial Accord Parfait 3-4,7461763,13.99,"€13,99/un",LOréal Paris,Beleza e Higiene/Maquilhagem/Rosto,https://www.continente.pt/dw/image/v2/BDVS_PRD/on/demandware.static/-/Sites-col-master-catalog/default/dwa0cf610e/images/col/746/7461763-frente.jpg?sw=280&sh=280,emb. 1 un,https://www.continente.pt/produto/serum-facial-accord-parfait-3-4-loreal-paris-7461763.html,higiene-beleza,2025-04-21,Continente
Creme Depilatório Corpo Duche,6916601,4.11,"€20,55/lt",Body Natur,Beleza e Higiene/Corpo/Depilação e Descoloração,https://www.continente.pt/dw/image/v2/BDVS_PRD/on/demandware.static/-/Sites-col-master-catalog/default/dwac50e5ad/images/col/691/6916601-frente.png?sw=280&sh=280,emb. 200 ml,https://www.continente.pt/produto/creme-depilatorio-corpo-duche-body-natur-6916601.html,higiene-beleza,2025-04-21,Continente
Pó Compacto Fit Me Matte & Poreless,288088,5.66,"€5,66/un",Maybelline New York,Beleza e Higiene/Maquilhagem/Rosto,https://www.continente.pt/dw/image/v2/BDVS_PRD/on/demandware.static/-/Sites-col-master-catalog/default/dwe6615098/images/col/774/7742698-direito.jpg?sw=280&sh=280,,https://www.continente.pt/produto/po-compacto-fit-me-matte-poreless-maybelline-new-york-288088.html,higiene-beleza,2025-04-21,Continente
Gel Lubrificante para Massagem Prazer Suave,7447186,10.49,"€52,45/lt",Durex,Beleza e Higiene/Preservativos e Estimuladores,https://www.continente.pt/dw/image/v2/BDVS_PRD/on/demandware.static/-/Sites-col-master-catalog/default/dw3faffc03/images/col/744/7447186-hero.jpg?sw=280&sh=280,emb. 200 ml,https://www.continente.pt/produto/gel-lubrificante-para-massagem-prazer-suave-durex-7447186.html,higiene-beleza,2025-04-21,Continente
Protetor Solar Sun Loção Invisible Finish FPS 50+,8394701,20.89,"€139,27/lt",Nivea,Beleza e Higiene/Corpo/Protetores Solares e Bronzeadores/Protetores Solares Corpo,https://www.continente.pt/dw/image/v2/BDVS_PRD/on/demandware.static/-/Sites-col-master-catalog/default/dw84c3ee05/images/col/839/8394701-hero.jpg?sw=280&sh=280,emb. 150 ml,https://www.continente.pt/produto/protetor-solar-sun-locao-invisible-finish-fps-50-nivea-8394701.html,higiene-beleza,2025-04-21,Continente
Sérum Facial Antirrugas Iconic,8015039,5.99,"€199,67/lt",MyLabel,Beleza e Higiene/Homem/Rosto,https://www.continente.pt/dw/image/v2/BDVS_PRD/on/demandware.static/-/Sites-col-master-catalog/default/dwb7b61923/images/col/801/8015039-hero.jpg?sw=280&sh=280,emb. 30 ml,https://www.continente.pt/produto/serum-facial-antirrugas-iconic-mylabel-8015039.html,higiene-beleza,2025-04-21,Continente
BB Cream Bege Brilhante N.13,7983880,9.9,"€9,90/un",Missha,Beleza e Higiene/Rosto/Hidratação,https://www.continente.pt/dw/image/v2/BDVS_PRD/on/demandware.static/-/Sites-col-master-catalog/default/dwb871e2e8/images/col/798/7983880-frente.jpg?sw=280&sh=280,emb. 20 ml,https://www.continente.pt/produto/bb-cream-bege-brilhante-n.13-missha-7983880.html,higiene-beleza,2025-04-21,Continente
Iluminador Blushed,7634655,2.99,"€2,99/un",Relove,Beleza e Higiene/Maquilhagem/Rosto,https://www.continente.pt/dw/image/v2/BDVS_PRD/on/demandware.static/-/Sites-col-master-catalog/default/dw9ff3255a/images/col/763/7634655-frente-1.jpg?sw=280&sh=280,emb. 1 un,https://www.continente.pt/produto/iluminador-blushed-relove-7634655.html,higiene-beleza,2025-04-21,Continente
Cera Cabelo Fructis Style Brilho,5830873,5.49,"€73,20/lt",Garnier,"Beleza e Higiene/Cabelo/Spray, Espuma, Creme e Gel/Gel e Cera",https://www.continente.pt/dw/image/v2/BDVS_PRD/on/demandware.static/-/Sites-col-master-catalog/default/dw9d7d7b24/images/col/583/5830873-frente.jpg?sw=280&sh=280,emb. 75 ml,https://www.continente.pt/produto/cera-cabelo-fructis-style-brilho-garnier-5830873.html,higiene-beleza,2025-04-21,Continente
Máscara de Pestanas Get Big Lashes Volume Boost 01,4863849,2.89,"€2,89/un",Essence,Beleza e Higiene/Maquilhagem/Olhos,https://www.continente.pt/dw/image/v2/BDVS_PRD/on/demandware.static/-/Sites-col-master-catalog/default/dw8e360c6c/images/col/486/4863849-frente.jpg?sw=280&sh=280,emb. 1 un,https://www.continente.pt/produto/mascara-de-pestanas-get-big-lashes-volume-boost-01-essence-4863849.html,higiene-beleza,2025-04-21,Continente
Máscara Cabelo Dream Cream,7677315,6.95,"€6,95/un",Lola,Beleza e Higiene/Cabelo/Máscaras e Tratamentos,https://www.continente.pt/dw/image/v2/BDVS_PRD/on/demandware.static/-/Sites-col-master-catalog/default/dw26de6ba0/images/col/767/7677315-frente.jpg?sw=280&sh=280,emb. 200 gr,https://www.continente.pt/produto/mascara-cabelo-dream-cream-lola-7677315.html,higiene-beleza,2025-04-21,Continente
Espuma de Limpeza Chá Verde,7983889,8.9,"€51,74/lt",Missha,Beleza e Higiene/Rosto/Limpeza,https://www.continente.pt/dw/image/v2/BDVS_PRD/on/demandware.static/-/Sites-col-master-catalog/default/dwd1de278a/images/col/798/7983889-frente.jpg?sw=280&sh=280,emb. 172 ml,https://www.continente.pt/produto/espuma-de-limpeza-cha-verde-missha-7983889.html,higiene-beleza,2025-04-21,Continente
Protetor Solar Loção Sun Protect & Moisture FPS 50+,3735062,11.09,"€55,45/lt",Nivea,Beleza e Higiene/Corpo/Protetores Solares e Bronzeadores/Protetores Solares Corpo,https://www.continente.pt/dw/image/v2/BDVS_PRD/on/demandware.static/-/Sites-col-master-catalog/default/dw0fd6fbeb/images/col/373/3735062-hero.jpg?sw=280&sh=280,emb. 200 ml,https://www.continente.pt/produto/protetor-solar-locao-sun-protect-moisture-fps-50-nivea-3735062.html,higiene-beleza,2025-04-21,Continente
Coloração Permanente Color Sensation Louro Caramelo 6.35,7981196,3.99,"€3,99/un",Garnier,Beleza e Higiene/Cabelo/Colorações,https://www.continente.pt/dw/image/v2/BDVS_PRD/on/demandware.static/-/Sites-col-master-catalog/default/dw25568d62/images/col/798/7981196-hero.jpg?sw=280&sh=280,emb. 1 un,https://www.continente.pt/produto/coloracao-permanente-color-sensation-louro-caramelo-6.35-garnier-7981196.html,higiene-beleza,2025-04-21,Continente
Creme de Rosto Hidratante,7573208,5.99,"€119,80/lt",MyLabel,Beleza e Higiene/Rosto/Hidratação,https://www.continente.pt/dw/image/v2/BDVS_PRD/on/demandware.static/-/Sites-col-master-catalog/default/dwcbc2d60b/images/col/757/7573208-frente-2.jpg?sw=280&sh=280,emb. 50 ml,https://www.continente.pt/produto/creme-de-rosto-hidratante-mylabel-7573208.html,higiene-beleza,2025-04-21,Continente
Palete Sombras de Olhos The Nudes,6316845,9.74,"€9,74/un",Maybelline New York,Beleza e Higiene/Maquilhagem/Olhos,https://www.continente.pt/dw/image/v2/BDVS_PRD/on/demandware.static/-/Sites-col-master-catalog/default/dw3fcf3ecd/images/col/631/6316845-frente.jpg?sw=280&sh=280,emb. 1 un,https://www.continente.pt/produto/palete-sombras-de-olhos-the-nudes-maybelline-new-york-6316845.html,higiene-beleza,2025-04-21,Continente
Lâminas Descartáveis Blue3 Smooth,7101426,9.99,"€1,25/un",Gillette,Beleza e Higiene/Homem/Barba,https://www.continente.pt/dw/image/v2/BDVS_PRD/on/demandware.static/-/Sites-col-master-catalog/default/dweaaed570/images/col/710/7101426-hero.jpg?sw=280&sh=280,emb. 8 un,https://www.continente.pt/produto/laminas-descartaveis-blue3-smooth-gillette-7101426.html,higiene-beleza,2025-04-21,Continente
Máscara de Pestanas Lash Princess False Lash Effect,5497516,4.19,"€4,19/un",Essence,Beleza e Higiene/Maquilhagem/Olhos,https://www.continente.pt/dw/image/v2/BDVS_PRD/on/demandware.static/-/Sites-col-master-catalog/default/dw4702a447/images/col/549/5497516-frente.jpg?sw=280&sh=280,emb. 1 un,https://www.continente.pt/produto/mascara-de-pestanas-lash-princess-false-lash-effect-essence-5497516.html,higiene-beleza,2025-04-21,Continente
Condicionador Anti-breakage Óleo de Queratina,6432332,8.99,"€23,35/lt",OGX,Beleza e Higiene/Cabelo/Condicionadores,https://www.continente.pt/dw/image/v2/BDVS_PRD/on/demandware.static/-/Sites-col-master-catalog/default/dw74ac7dda/images/col/643/6432332-frente.png?sw=280&sh=280,emb. 385 ml,https://www.continente.pt/produto/condicionador-anti-breakage-oleo-de-queratina-ogx-6432332.html,higiene-beleza,2025-04-21,Continente
Fragrância Corpo Body Mist Pretty & Sexy,8195517,12.99,"€51,96/lt",Womensecret,Beleza e Higiene/Corpo/Colónias e Perfumes,https://www.continente.pt/dw/image/v2/BDVS_PRD/on/demandware.static/-/Sites-col-master-catalog/default/dwc334e4c3/images/col/819/8195517-frente.png?sw=280&sh=280,emb. 1 un,https://www.continente.pt/produto/fragrancia-corpo-body-mist-pretty-sexy-womensecret-8195517.html,higiene-beleza,2025-04-21,Continente
Pensos Incontinência Discreet Maxi,7995936,5.01,"€0,50/un",Ausonia Discreet,Beleza e Higiene/Higiene Íntima/Incontinência/Pensos Incontinência,https://www.continente.pt/dw/image/v2/BDVS_PRD/on/demandware.static/-/Sites-col-master-catalog/default/dw1d352608/images/col/799/7995936-frente.jpg?sw=280&sh=280,emb. 10 un,https://www.continente.pt/produto/pensos-incontinencia-discreet-maxi-ausonia-discreet-7995936.html,higiene-beleza,2025-04-21,Continente
Base de Rosto Fit Me Matte & Poreless Natural Beige 220,5926140,5.99,"€5,99/un",Maybelline New York,Beleza e Higiene/Maquilhagem/Rosto,https://www.continente.pt/dw/image/v2/BDVS_PRD/on/demandware.static/-/Sites-col-master-catalog/default/dwf1654567/images/col/592/5926140-frente.jpg?sw=280&sh=280,emb. 1 un,https://www.continente.pt/produto/base-de-rosto-fit-me-matte-poreless-natural-beige-220-maybelline-new-york-5926140.html,higiene-beleza,2025-04-21,Continente
Lápis de Lábios Super Fill,7634688,1.99,"€1,99/un",Relove,Beleza e Higiene/Maquilhagem/Lábios,https://www.continente.pt/dw/image/v2/BDVS_PRD/on/demandware.static/-/Sites-col-master-catalog/default/dwcab0a649/images/col/763/7634688-frente-1.jpg?sw=280&sh=280,emb. 1 un,https://www.continente.pt/produto/lapis-de-labios-super-fill-relove-7634688.html,higiene-beleza,2025-04-21,Continente
Manteiga Corpo Frutos Vermelhos,8168317,5.99,"€5,99/un",Body Natur,Beleza e Higiene/Corpo/Cremes e Loções,https://www.continente.pt/dw/image/v2/BDVS_PRD/on/demandware.static/-/Sites-col-master-catalog/default/dw02717fa9/images/col/816/8168317-frente.jpg?sw=280&sh=280,emb. 1 un,https://www.continente.pt/produto/manteiga-corpo-frutos-vermelhos-body-natur-8168317.html,higiene-beleza,2025-04-21,Continente
Pó Bronzeador Re-Loaded Holiday Romance,6939509,4.99,"€4,99/un",Revolution,Beleza e Higiene/Maquilhagem/Rosto,https://www.continente.pt/dw/image/v2/BDVS_PRD/on/demandware.static/-/Sites-col-master-catalog/default/dwb7161b91/images/col/693/6939509-frente.jpg?sw=280&sh=280,emb. 1 un,https://www.continente.pt/produto/po-bronzeador-re-loaded-holiday-romance-revolution-6939509.html,higiene-beleza,2025-04-21,Continente
Líquido Iluminador Vitamina C,8276469,6.81,"€6,81/un",Garnier,Beleza e Higiene/Rosto/Limpeza,https://www.continente.pt/dw/image/v2/BDVS_PRD/on/demandware.static/-/Sites-col-master-catalog/default/dwfb1f04d2/images/col/827/8276469-frente.jpg?sw=280&sh=280,emb. 1 un,https://www.continente.pt/produto/liquido-iluminador-vitamina-c-garnier-8276469.html,higiene-beleza,2025-04-21,Continente
Babetes Descartáveis 37 x 70 cm,7923435,8.45,"€0,08/un",Intimus,Beleza e Higiene/Higiene Íntima/Incontinência/Resguardos,https://www.continente.pt/dw/image/v2/BDVS_PRD/on/demandware.static/-/Sites-col-master-catalog/default/dw38798f4d/images/col/792/7923435-frente.jpg?sw=280&sh=280,emb. 100 un,https://www.continente.pt/produto/babetes-descartaveis-37-x-70-cm-intimus-7923435.html,higiene-beleza,2025-04-21,Continente
Spray Cabelo Condicionador Gliss Split Hair Miracle,8018853,3.96,"€19,80/lt",Schwarzkopf,Beleza e Higiene/Cabelo/Máscaras e Tratamentos,https://www.continente.pt/dw/image/v2/BDVS_PRD/on/demandware.static/-/Sites-col-master-catalog/default/dwd0468d8a/images/col/801/8018853-frente.png?sw=280&sh=280,emb. 200  ml,https://www.continente.pt/produto/spray-cabelo-condicionador-gliss-split-hair-miracle-schwarzkopf-8018853.html,higiene-beleza,2025-04-21,Continente
Cera Cabelo Stick Glued,8290518,9.74,"€9,74/un",Got2B,"Beleza e Higiene/Cabelo/Spray, Espuma, Creme e Gel",https://www.continente.pt/dw/image/v2/BDVS_PRD/on/demandware.static/-/Sites-col-master-catalog/default/dwfe0fc043/images/col/829/8290518-frente.png?sw=280&sh=280,emb. 1 un,https://www.continente.pt/produto/cera-cabelo-stick-glued-got2b-8290518.html,higiene-beleza,2025-04-21,Continente
Corretor Instant Perfect Glow 4 em 1 Fair Light 01,7974238,14.99,"€14,99/un",Maybelline New York,Beleza e Higiene/Maquilhagem/Rosto,https://www.continente.pt/dw/image/v2/BDVS_PRD/on/demandware.static/-/Sites-col-master-catalog/default/dw42151e11/images/col/797/7974238-hero.jpg?sw=280&sh=280,emb. 1 un,https://www.continente.pt/produto/corretor-instant-perfect-glow-4-em-1-fair-light-01-maybelline-new-york-7974238.html,higiene-beleza,2025-04-21,Continente
Máscara Facial Pell Off Carvão e Argila,7382491,5.24,"€5,24/un",7th Heaven,Beleza e Higiene/Rosto/Máscaras,https://www.continente.pt/dw/image/v2/BDVS_PRD/on/demandware.static/-/Sites-col-master-catalog/default/dw76308dbf/images/col/738/7382491-frente.jpg?sw=280&sh=280,emb. 1 un,https://www.continente.pt/produto/mascara-facial-pell-off-carvao-e-argila-7th-heaven-7382491.html,higiene-beleza,2025-04-21,Continente
Champô Suaviza e Repara Vagem de Baunilha,7406553,6.49,"€16,86/lt",Maui Moisture,Beleza e Higiene/Cabelo/Champôs,https://www.continente.pt/dw/image/v2/BDVS_PRD/on/demandware.static/-/Sites-col-master-catalog/default/dw2e801fbe/images/col/740/7406553-frente.jpg?sw=280&sh=280,emb. 385 ml,https://www.continente.pt/produto/champo-suaviza-e-repara-vagem-de-baunilha-maui-moisture-7406553.html,higiene-beleza,2025-04-21,Continente
Bronzeador Spray Óleo Sun Cenoura FPS 6   ,6457562,9.77,"€48,85/lt",Nivea,Beleza e Higiene/Corpo/Protetores Solares e Bronzeadores/Bronzeadores e Autobronzeadores,https://www.continente.pt/dw/image/v2/BDVS_PRD/on/demandware.static/-/Sites-col-master-catalog/default/dw9a9c4889/images/col/645/6457562-hero.jpg?sw=280&sh=280,emb. 200 ml,https://www.continente.pt/produto/bronzeador-spray-oleo-sun-cenoura-fps-6%C2%A0-%C2%A0-nivea-6457562.html,higiene-beleza,2025-04-21,Continente
Palete Sombras de Olhos Re-Loaded Provocative,7439633,6.5,"€6,50/un",Revolution,Beleza e Higiene/Maquilhagem/Olhos,https://www.continente.pt/dw/image/v2/BDVS_PRD/on/demandware.static/-/Sites-col-master-catalog/default/dwb8651c00/images/col/743/7439633-frente.jpg?sw=280&sh=280,emb. 1 un,https://www.continente.pt/produto/palete-sombras-de-olhos-re-loaded-provocative-revolution-7439633.html,higiene-beleza,2025-04-21,Continente
Kit Cabelo Super Alisamento,7847222,9.99,"€9,99/un",Happy Anne,Beleza e Higiene/Cabelo/Máscaras e Tratamentos,https://www.continente.pt/dw/image/v2/BDVS_PRD/on/demandware.static/-/Sites-col-master-catalog/default/dwfde2598e/images/col/784/7847222-frente.jpg?sw=280&sh=280,emb. 1 un,https://www.continente.pt/produto/kit-cabelo-super-alisamento-happy-anne-7847222.html,higiene-beleza,2025-04-21,Continente
Loção Corpo Autobronzeadora Summer Look,7513797,3.49,"€17,45/lt",Bioten,Beleza e Higiene/Corpo/Cremes e Loções,https://www.continente.pt/dw/image/v2/BDVS_PRD/on/demandware.static/-/Sites-col-master-catalog/default/dw3b753f2f/images/col/751/7513797-frente.jpg?sw=280&sh=280,emb. 200 ml,https://www.continente.pt/produto/locao-corpo-autobronzeadora-summer-look-bioten-7513797.html,higiene-beleza,2025-04-21,Continente
,,0.0,"€199,60/lt",,,https://www.continente.pt/dw/image/v2/BDVS_PRD/on/demandware.static/-/Sites-col-master-catalog/default/dw55b3c34e/images/col/726/7264058-frente.jpg?sw=280&sh=280,emb. 50 ml,https://www.continente.pt/produto/eau-de-toilette-fairys-secret-b.u.-7264058.html,higiene-beleza,2025-04-21,Continente
Coloração Permanente Intensive Louro Ultra Claro Cendré 10.1,8211111,4.91,"€4,91/un",Palette,Beleza e Higiene/Cabelo/Colorações,https://www.continente.pt/dw/image/v2/BDVS_PRD/on/demandware.static/-/Sites-col-master-catalog/default/dw3e25a424/images/col/821/8211111-frente.png?sw=280&sh=280,emb. 1 un,https://www.continente.pt/produto/coloracao-permanente-intensive-louro-ultra-claro-cendre-10.1-palette-8211111.html,higiene-beleza,2025-04-21,Continente
Batom Lifter Gloss 001,7368706,6.49,"€6,49/un",Maybelline New York,Beleza e Higiene/Maquilhagem/Lábios,https://www.continente.pt/dw/image/v2/BDVS_PRD/on/demandware.static/-/Sites-col-master-catalog/default/dwb937206b/images/col/736/7368706-frente.jpeg?sw=280&sh=280,emb. 1 un,https://www.continente.pt/produto/batom-lifter-gloss-001-maybelline-new-york-7368706.html,higiene-beleza,2025-04-21,Continente
Coloração Permanente Excellence Creme Castanho Chocolate 6.35,6033705,8.44,"€8,44/un",LOréal Paris,Beleza e Higiene/Cabelo/Colorações,https://www.continente.pt/dw/image/v2/BDVS_PRD/on/demandware.static/-/Sites-col-master-catalog/default/dwcc61fa80/images/col/603/6033705-hero.jpg?sw=280&sh=280,emb. 1 un,https://www.continente.pt/produto/coloracao-permanente-excellence-creme-castanho-chocolate-6.35-loreal-paris-6033705.html,higiene-beleza,2025-04-21,Continente
Estimulador Intense Orgasmic Pure Fantasy,6382505,22.19,"€22,19/un",Durex,Beleza e Higiene/Preservativos e Estimuladores,https://www.continente.pt/dw/image/v2/BDVS_PRD/on/demandware.static/-/Sites-col-master-catalog/default/dw5836b676/images/col/638/6382505-hero.jpg?sw=280&sh=280,emb. 1 un,https://www.continente.pt/produto/estimulador-intense-orgasmic-pure-fantasy-durex-6382505.html,higiene-beleza,2025-04-21,Continente
Óleo Vegetal Puro de Cannabis Sativa,7619732,6.74,"€6,74/un",Soft&Co,Beleza e Higiene/Corpo/Cremes e Loções,https://www.continente.pt/dw/image/v2/BDVS_PRD/on/demandware.static/-/Sites-col-master-catalog/default/dwd8677e56/images/col/761/7619732-frente.jpg?sw=280&sh=280,emb. 40 ml,https://www.continente.pt/produto/oleo-vegetal-puro-de-cannabis-sativa-soft-co-7619732.html,higiene-beleza,2025-04-21,Continente
Pincel para Esfumar Sombras,7308527,4.99,"€4,99/un",MyLabel,Beleza e Higiene/Maquilhagem/Acessórios,https://www.continente.pt/dw/image/v2/BDVS_PRD/on/demandware.static/-/Sites-col-master-catalog/default/dwc0038ea8/images/col/730/7308527-frente.jpg?sw=280&sh=280,emb. 1 un,https://www.continente.pt/produto/pincel-para-esfumar-sombras-mylabel-7308527.html,higiene-beleza,2025-04-21,Continente
Coloração Permanente Nutrisse Creme Castanho Dourado 4.3,2383623,9.49,"€9,49/un",Garnier,Beleza e Higiene/Cabelo/Colorações,https://www.continente.pt/dw/image/v2/BDVS_PRD/on/demandware.static/-/Sites-col-master-catalog/default/dw5ea54d6f/images/col/238/2383623-frente.jpg?sw=280&sh=280,emb. 1 un,https://www.continente.pt/produto/coloracao-permanente-nutrisse-creme-castanho-dourado-4.3-garnier-2383623.html,higiene-beleza,2025-04-21,Continente
Lima de Pés Elétrica Velvet Smooth Rosa,5700129,37.49,"€37,49/un",Scholl,Beleza e Higiene/Corpo/Cuidados de Mãos e Pés,https://www.continente.pt/dw/image/v2/BDVS_PRD/on/demandware.static/-/Sites-col-master-catalog/default/dw7950bc61/images/col/570/5700129-frente-rosa.jpg?sw=280&sh=280,emb. 1 un,https://www.continente.pt/produto/lima-de-pes-eletrica-velvet-smooth-rosa-scholl-5700129.html,higiene-beleza,2025-04-21,Continente
Coloração Permanente Excellence Cool Creme Castanho Gelado 4.11,7338600,8.44,"€8,44/un",LOréal Paris,Beleza e Higiene/Cabelo/Colorações,https://www.continente.pt/dw/image/v2/BDVS_PRD/on/demandware.static/-/Sites-col-master-catalog/default/dwcc28c828/images/col/733/7338600-direito.jpg?sw=280&sh=280,emb. 1 un,https://www.continente.pt/produto/coloracao-permanente-excellence-cool-creme-castanho-gelado-4.11-loreal-paris-7338600.html,higiene-beleza,2025-04-21,Continente
Máscara de Sobrancelhas Plump & Set Brunette 105,7181249,6.29,"€6,29/un",LOréal Paris,Beleza e Higiene/Maquilhagem/Olhos,https://www.continente.pt/dw/image/v2/BDVS_PRD/on/demandware.static/-/Sites-col-master-catalog/default/dwa73ab5b1/images/col/718/7181249-frente.jpg?sw=280&sh=280,emb. 1 un,https://www.continente.pt/produto/mascara-de-sobrancelhas-plump-set-brunette-105-loreal-paris-7181249.html,higiene-beleza,2025-04-21,Continente
Máquina Depilatória Venus Extra Smooth Swirl com 2 Recargas,7866740,16.99,"€16,99/un",Gillette,Beleza e Higiene/Corpo/Depilação e Descoloração,https://www.continente.pt/dw/image/v2/BDVS_PRD/on/demandware.static/-/Sites-col-master-catalog/default/dw7039c310/images/col/786/7866740-hero.png?sw=280&sh=280,emb. 1 un,https://www.continente.pt/produto/maquina-depilatoria-venus-extra-smooth-swirl-com-2-recargas-gillette-7866740.html,higiene-beleza,2025-04-21,Continente
Corretor Instant Perfect Glow 4 em 1 Fair Light 01,7974236,14.99,"€14,99/un",Maybelline New York,Beleza e Higiene/Maquilhagem/Rosto,https://www.continente.pt/dw/image/v2/BDVS_PRD/on/demandware.static/-/Sites-col-master-catalog/default/dw115a582d/images/col/797/7974236-hero.jpg?sw=280&sh=280,emb. 1 un,https://www.continente.pt/produto/corretor-instant-perfect-glow-4-em-1-fair-light-01-maybelline-new-york-7974236.html,higiene-beleza,2025-04-21,Continente
Mini Estimulador Cosmic Pleasure,7068394,20.99,"€20,99/un",Control,Beleza e Higiene/Preservativos e Estimuladores,https://www.continente.pt/dw/image/v2/BDVS_PRD/on/demandware.static/-/Sites-col-master-catalog/default/dw849f2bcb/images/col/706/7068394-direito.jpg?sw=280&sh=280,emb. 1 un,https://www.continente.pt/produto/mini-estimulador-cosmic-pleasure-control-7068394.html,higiene-beleza,2025-04-21,Continente
Coloração Tom sobre Tom Casting Creme Gloss Chocolate 535,4050903,6.99,"€6,99/un",LOréal Paris,Beleza e Higiene/Cabelo/Colorações,https://www.continente.pt/dw/image/v2/BDVS_PRD/on/demandware.static/-/Sites-col-master-catalog/default/dw447fcff0/images/col/405/4050903-frente.jpg?sw=280&sh=280,emb. 1 un,https://www.continente.pt/produto/coloracao-tom-sobre-tom-casting-creme-gloss-chocolate-535-loreal-paris-4050903.html,higiene-beleza,2025-04-21,Continente
Gel Lubrificante Play Morango,4501488,7.2,"€144,00/lt",Durex,Beleza e Higiene/Preservativos e Estimuladores,https://www.continente.pt/dw/image/v2/BDVS_PRD/on/demandware.static/-/Sites-col-master-catalog/default/dw441a198b/images/col/450/4501488-hero.jpg?sw=280&sh=280,emb. 50 ml,https://www.continente.pt/produto/gel-lubrificante-play-morango-durex-4501488.html,higiene-beleza,2025-04-21,Continente
Aperfeiçoador de Unhas,7974054,10.8,"€10,80/un",Essie,Beleza e Higiene/Maquilhagem/Unhas,https://www.continente.pt/dw/image/v2/BDVS_PRD/on/demandware.static/-/Sites-col-master-catalog/default/dw0675f7ec/images/col/797/7974054-hero.jpg?sw=280&sh=280,emb. 1 un,https://www.continente.pt/produto/aperfeicoador-de-unhas-essie-7974054.html,higiene-beleza,2025-04-21,Continente
Eau de Parfum nº 19,5691441,12.99,"€86,60/lt",Caravan,Beleza e Higiene/Corpo/Colónias e Perfumes,https://www.continente.pt/dw/image/v2/BDVS_PRD/on/demandware.static/-/Sites-col-master-catalog/default/dw320d7233/images/col/569/5691441-frente.png?sw=280&sh=280,emb. 150 ml,https://www.continente.pt/produto/eau-de-parfum-n-19-caravan-5691441.html,higiene-beleza,2025-04-21,Continente
Coloração Tom sobre Tom Casting Creme Gloss Chocolate Preto 323,4213882,6.99,"€6,99/un",LOréal Paris,Beleza e Higiene/Cabelo/Colorações,https://www.continente.pt/dw/image/v2/BDVS_PRD/on/demandware.static/-/Sites-col-master-catalog/default/dw0689b09c/images/col/421/4213882-frente.jpg?sw=280&sh=280,emb. 1 un,https://www.continente.pt/produto/coloracao-tom-sobre-tom-casting-creme-gloss-chocolate-preto-323-loreal-paris-4213882.html,higiene-beleza,2025-04-21,Continente
Conjunto Proteção Solar Rotina Bronze Perfeito + Oferta Batom Labello Sun,7760263,29.98,"€29,98/un",Nivea,Beleza e Higiene/Corpo/Protetores Solares e Bronzeadores/Protetores Solares Corpo,https://www.continente.pt/dw/image/v2/BDVS_PRD/on/demandware.static/-/Sites-col-master-catalog/default/dw4bb3ca8d/images/col/776/7760263-frente.jpg?sw=280&sh=280,emb. 50 ml + 200 ml + 200 ml,https://www.continente.pt/produto/conjunto-protecao-solar-rotina-bronze-perfeito-oferta-batom-labello-sun-nivea-7760263.html,higiene-beleza,2025-04-21,Continente
Máquina de Barbear Neon Night + 5 Recargas,8206487,29.99,"€29,99/un",Gillette,Beleza e Higiene/Homem/Barba,https://www.continente.pt/dw/image/v2/BDVS_PRD/on/demandware.static/-/Sites-col-master-catalog/default/dw4e4644ae/images/col/820/8206487-hero.png?sw=280&sh=280,emb. 1 un,https://www.continente.pt/produto/maquina-de-barbear-neon-night-5-recargas-gillette-8206487.html,higiene-beleza,2025-04-21,Continente
Máscara de Sobrancelhas Gel Tattoo Brow Ink,288204,9.74,"€9,74/un",Maybelline New York,Beleza e Higiene/Maquilhagem/Olhos,https://www.continente.pt/dw/image/v2/BDVS_PRD/on/demandware.static/-/Sites-col-master-catalog/default/dwa814c25b/images/col/631/6316862-frente.jpg?sw=280&sh=280,emb. 1 un,https://www.continente.pt/produto/mascara-de-sobrancelhas-gel-tattoo-brow-ink-maybelline-new-york-288204.html,higiene-beleza,2025-04-21,Continente
Champô Ondulados,7677277,16.07,"€16,07/un",Lola,Beleza e Higiene/Cabelo/Champôs,https://www.continente.pt/dw/image/v2/BDVS_PRD/on/demandware.static/-/Sites-col-master-catalog/default/dw2dcc30b3/images/col/767/7677277-frente.jpg?sw=280&sh=280,emb. 500 ml,https://www.continente.pt/produto/champo-ondulados-lola-7677277.html,higiene-beleza,2025-04-21,Continente
Coloração Casting Creme Gloss Cacau Gelado 4102,8261104,9.99,"€9,99/un",LOréal Paris,Beleza e Higiene/Cabelo/Colorações,https://www.continente.pt/dw/image/v2/BDVS_PRD/on/demandware.static/-/Sites-col-master-catalog/default/dw74bba005/images/col/826/8261104-hero-1.jpg?sw=280&sh=280,emb. 1 un,https://www.continente.pt/produto/coloracao-casting-creme-gloss-cacau-gelado-4102-loreal-paris-8261104.html,higiene-beleza,2025-04-21,Continente
Champô Gliss Total Repair,4150175,2.78,"€11,12/lt",Schwarzkopf,Beleza e Higiene/Cabelo/Champôs,https://www.continente.pt/dw/image/v2/BDVS_PRD/on/demandware.static/-/Sites-col-master-catalog/default/dw1e76c2c5/images/col/415/4150175-frente.jpg?sw=280&sh=280,emb. 250 ml,https://www.continente.pt/produto/champo-gliss-total-repair-schwarzkopf-4150175.html,higiene-beleza,2025-04-21,Continente
Lápis de Sobrancelhas Micro Tatouag,289384,9.79,"€9,79/un",LOréal Paris,Beleza e Higiene/Maquilhagem/Olhos,https://www.continente.pt/dw/image/v2/BDVS_PRD/on/demandware.static/-/Sites-col-master-catalog/default/dw318ef035/images/col/736/7368718-frente.jpg?sw=280&sh=280,emb. 1 un,https://www.continente.pt/produto/lapis-de-sobrancelhas-micro-tatouag-loreal-paris-289384.html,higiene-beleza,2025-04-21,Continente
Preservativos Hot Passion,4922895,8.39,"€0,84/un",Control,Beleza e Higiene/Preservativos e Estimuladores,https://www.continente.pt/dw/image/v2/BDVS_PRD/on/demandware.static/-/Sites-col-master-catalog/default/dwd1f81057/images/col/492/4922895-direito.jpg?sw=280&sh=280,emb. 10 un,https://www.continente.pt/produto/preservativos-hot-passion-control-4922895.html,higiene-beleza,2025-04-21,Continente
Gel Cabelo Meu Cacho Minha Vida,7677332,14.23,"€14,23/un",Lola,"Beleza e Higiene/Cabelo/Spray, Espuma, Creme e Gel/Gel e Cera",https://www.continente.pt/dw/image/v2/BDVS_PRD/on/demandware.static/-/Sites-col-master-catalog/default/dwc15a27cc/images/col/767/7677332-frente.jpg?sw=280&sh=280,emb. 500 ml,https://www.continente.pt/produto/gel-cabelo-meu-cacho-minha-vida-lola-7677332.html,higiene-beleza,2025-04-21,Continente
Preservativos Chocolate,3769215,8.39,"€0,70/un",Control,Beleza e Higiene/Preservativos e Estimuladores,https://www.continente.pt/dw/image/v2/BDVS_PRD/on/demandware.static/-/Sites-col-master-catalog/default/dwc8e140db/images/col/376/3769215-direito.jpg?sw=280&sh=280,emb. 12 un,https://www.continente.pt/produto/preservativos-chocolate-control-3769215.html,higiene-beleza,2025-04-21,Continente
Recarga Escova de Dentes Elétrica Easy Clean Azul,8162797,4.9,"€2,45/un",Oclean,Beleza e Higiene/Higiene Oral/Escovas de Dentes,https://www.continente.pt/dw/image/v2/BDVS_PRD/on/demandware.static/-/Sites-col-master-catalog/default/dw41256669/images/col/816/8162797-hero.png?sw=280&sh=280,emb. 2 un,https://www.continente.pt/produto/recarga-escova-de-dentes-eletrica-easy-clean-azul-oclean-8162797.html,higiene-beleza,2025-04-21,Continente
Lápis de Olhos Lifter Liner 005 On It,8242253,9.99,"€9,99/un",Maybelline New York,Beleza e Higiene/Maquilhagem/Lábios,https://www.continente.pt/dw/image/v2/BDVS_PRD/on/demandware.static/-/Sites-col-master-catalog/default/dw10ab55d6/images/col/824/8242253-hero-1.jpg?sw=280&sh=280,emb. 1 un,https://www.continente.pt/produto/lapis-de-olhos-lifter-liner-005-on-it-maybelline-new-york-8242253.html,higiene-beleza,2025-04-21,Continente
Sérum Cabelo Fructis Hair Drink Papaia,7704551,7.49,"€37,45/lt",Garnier,Beleza e Higiene/Cabelo/Máscaras e Tratamentos,https://www.continente.pt/dw/image/v2/BDVS_PRD/on/demandware.static/-/Sites-col-master-catalog/default/dw195d65eb/images/col/770/7704551-frente-1.jpg?sw=280&sh=280,emb. 200 ml,https://www.continente.pt/produto/serum-cabelo-fructis-hair-drink-papaia-garnier-7704551.html,higiene-beleza,2025-04-21,Continente
Coffret Gel de Limpeza e Bálsamo Barba,8137176,19.49,"€19,49/un",Gillette,Beleza e Higiene/Homem/Barba,https://www.continente.pt/dw/image/v2/BDVS_PRD/on/demandware.static/-/Sites-col-master-catalog/default/dwee9337b5/images/col/813/8137176-hero.png?sw=280&sh=280,emb. 1 un,https://www.continente.pt/produto/coffret-gel-de-limpeza-e-balsamo-barba-gillette-8137176.html,higiene-beleza,2025-04-21,Continente
Coloração Permanente Permanent Color Violino Intenso 3-3,8290041,6.48,"€6,48/un",Syoss,Beleza e Higiene/Cabelo/Colorações,https://www.continente.pt/dw/image/v2/BDVS_PRD/on/demandware.static/-/Sites-col-master-catalog/default/dwa4bd22bc/images/col/829/8290041-direito.jpg?sw=280&sh=280,emb. 1 un,https://www.continente.pt/produto/coloracao-permanente-permanent-color-violino-intenso-3-3-syoss-8290041.html,higiene-beleza,2025-04-21,Continente
Coloração Permanente Nutrisse Creme Castanho Claro 5.0,2524413,9.49,"€9,49/un",Garnier,Beleza e Higiene/Cabelo/Colorações,https://www.continente.pt/dw/image/v2/BDVS_PRD/on/demandware.static/-/Sites-col-master-catalog/default/dw43e6b6ec/images/col/252/2524413-frente.jpg?sw=280&sh=280,emb. 1 un,https://www.continente.pt/produto/coloracao-permanente-nutrisse-creme-castanho-claro-5.0-garnier-2524413.html,higiene-beleza,2025-04-21,Continente
Creme Cabelo Ondulados Texturizador,7677338,16.77,"€16,77/un",Lola,"Beleza e Higiene/Cabelo/Spray, Espuma, Creme e Gel/Espuma e Creme",https://www.continente.pt/dw/image/v2/BDVS_PRD/on/demandware.static/-/Sites-col-master-catalog/default/dw871f4b95/images/col/767/7677338-frente.jpg?sw=280&sh=280,emb. 500 gr,https://www.continente.pt/produto/creme-cabelo-ondulados-texturizador-lola-7677338.html,higiene-beleza,2025-04-21,Continente
Coloração Tom sobre Tom Casting Creme Gloss Acajou 550,3716481,6.99,"€6,99/un",LOréal Paris,Beleza e Higiene/Cabelo/Colorações,https://www.continente.pt/dw/image/v2/BDVS_PRD/on/demandware.static/-/Sites-col-master-catalog/default/dw8b5665fc/images/col/371/3716481-frente.jpg?sw=280&sh=280,emb. 1 un,https://www.continente.pt/produto/coloracao-tom-sobre-tom-casting-creme-gloss-acajou-550-loreal-paris-3716481.html,higiene-beleza,2025-04-21,Continente
Coloração Permanente Brown Tint Castanho Escuro,8290298,10.88,"€10,88/un",Syoss,Beleza e Higiene/Cabelo/Colorações,https://www.continente.pt/dw/image/v2/BDVS_PRD/on/demandware.static/-/Sites-col-master-catalog/default/dw7882c08f/images/col/829/8290298-direito.jpg?sw=280&sh=280,emb. 1 un,https://www.continente.pt/produto/coloracao-permanente-brown-tint-castanho-escuro-syoss-8290298.html,higiene-beleza,2025-04-21,Continente
Máscara de Pestanas Telescopic Lift Black,7742709,9.79,"€9,79/un",LOréal Paris,Beleza e Higiene/Maquilhagem/Olhos,https://www.continente.pt/dw/image/v2/BDVS_PRD/on/demandware.static/-/Sites-col-master-catalog/default/dw5f919052/images/col/774/7742709-frente-1.jpg?sw=280&sh=280,emb. 1 un,https://www.continente.pt/produto/mascara-de-pestanas-telescopic-lift-black-loreal-paris-7742709.html,higiene-beleza,2025-04-21,Continente
Mini Estimulador Velvet Secret,5588208,20.99,"€20,99/un",Control,Beleza e Higiene/Preservativos e Estimuladores,https://www.continente.pt/dw/image/v2/BDVS_PRD/on/demandware.static/-/Sites-col-master-catalog/default/dw12fa69bf/images/col/558/5588208-direito.jpg?sw=280&sh=280,emb. 1 un,https://www.continente.pt/produto/mini-estimulador-velvet-secret-control-5588208.html,higiene-beleza,2025-04-21,Continente
Condicionador Gotas De Força Criança,6838335,4.49,"€8,98/lt",Johnsons Baby,Beleza e Higiene/Cabelo/Criança,https://www.continente.pt/dw/image/v2/BDVS_PRD/on/demandware.static/-/Sites-col-master-catalog/default/dwca7175e2/images/col/683/6838335-frente.jpg?sw=280&sh=280,emb. 500 ml,https://www.continente.pt/produto/condicionador-gotas-de-forca-crianca-johnsons-baby-6838335.html,higiene-beleza,2025-04-21,Continente
Pincel Sombreador Grosso,7308528,4.99,"€4,99/un",MyLabel,Beleza e Higiene/Maquilhagem/Acessórios,https://www.continente.pt/dw/image/v2/BDVS_PRD/on/demandware.static/-/Sites-col-master-catalog/default/dwa1c95278/images/col/730/7308528-frente.jpg?sw=280&sh=280,emb. 1 un,https://www.continente.pt/produto/pincel-sombreador-grosso-mylabel-7308528.html,higiene-beleza,2025-04-21,Continente
Coloração Permanente Castanho Sensual 5.37,2976684,9.99,"€9,99/un",Koleston,Beleza e Higiene/Cabelo/Colorações,https://www.continente.pt/dw/image/v2/BDVS_PRD/on/demandware.static/-/Sites-col-master-catalog/default/dw3081fd7f/images/col/297/2976684-direito.jpg?sw=280&sh=280,emb. 1 un,https://www.continente.pt/produto/coloracao-permanente-castanho-sensual-5.37-koleston-2976684.html,higiene-beleza,2025-04-21,Continente
Creme de Rosto,8113124,12.93,,Its Skin,Beleza e Higiene/Rosto/Hidratação,https://www.continente.pt/dw/image/v2/BDVS_PRD/on/demandware.static/-/Sites-col-master-catalog/default/dwb7825c9f/images/col/811/8113124-frente.jpg?sw=280&sh=280,emb. 50 ml,https://www.continente.pt/produto/creme-de-rosto-its-skin-8113124.html,higiene-beleza,2025-04-21,Continente
Creme de Pentear Meu Cacho Minha Vida,7677328,16.77,"€16,77/un",Lola,"Beleza e Higiene/Cabelo/Spray, Espuma, Creme e Gel/Espuma e Creme",https://www.continente.pt/dw/image/v2/BDVS_PRD/on/demandware.static/-/Sites-col-master-catalog/default/dwf9b58e84/images/col/767/7677328-frente.jpg?sw=280&sh=280,emb. 500 gr,https://www.continente.pt/produto/creme-de-pentear-meu-cacho-minha-vida-lola-7677328.html,higiene-beleza,2025-04-21,Continente
Loção Corpo Shea Butter,7614606,6.99,"€17,48/lt",Dove,Beleza e Higiene/Corpo/Cremes e Loções,https://www.continente.pt/dw/image/v2/BDVS_PRD/on/demandware.static/-/Sites-col-master-catalog/default/dwd2732818/images/col/761/7614606-hero.jpg?sw=280&sh=280,emb. 400 ml,https://www.continente.pt/produto/locao-corpo-shea-butter-dove-7614606.html,higiene-beleza,2025-04-21,Continente
Óleo Cabelo Technician Glam,8033976,6.99,"€69,90/lt",MyLabel,Beleza e Higiene/Cabelo/Máscaras e Tratamentos,https://www.continente.pt/dw/image/v2/BDVS_PRD/on/demandware.static/-/Sites-col-master-catalog/default/dw097560a4/images/col/803/8033976-frente.png?sw=280&sh=280,emb. 100 ml,https://www.continente.pt/produto/oleo-cabelo-technician-glam-mylabel-8033976.html,higiene-beleza,2025-04-21,Continente
Batom Color Riche 110,7461769,10.17,"€10,17/un",LOréal Paris,Beleza e Higiene/Maquilhagem/Lábios,https://www.continente.pt/dw/image/v2/BDVS_PRD/on/demandware.static/-/Sites-col-master-catalog/default/dwdad72e30/images/col/746/7461769-frente.jpg?sw=280&sh=280,emb. 1 un,https://www.continente.pt/produto/batom-color-riche-110-loreal-paris-7461769.html,higiene-beleza,2025-04-21,Continente
Tratamento Cabelo Gliss Ultimate Repair Noite,8018746,7.01,"€70,10/lt",Schwarzkopf,Beleza e Higiene/Cabelo/Máscaras e Tratamentos,https://www.continente.pt/dw/image/v2/BDVS_PRD/on/demandware.static/-/Sites-col-master-catalog/default/dw9a12af33/images/col/801/8018746-frente.png?sw=280&sh=280,emb. 100 ml,https://www.continente.pt/produto/tratamento-cabelo-gliss-ultimate-repair-noite-schwarzkopf-8018746.html,higiene-beleza,2025-04-21,Continente
Loção de Mãos Terra,8118463,2.99,"€11,96/lt",MyLabel,Beleza e Higiene/Corpo/Cuidados de Mãos e Pés,https://www.continente.pt/dw/image/v2/BDVS_PRD/on/demandware.static/-/Sites-col-master-catalog/default/dw7a85514e/images/col/811/8118463-frente.png?sw=280&sh=280,emb. 250 ml,https://www.continente.pt/produto/locao-de-maos-terra-mylabel-8118463.html,higiene-beleza,2025-04-21,Continente
Exfoliante Happy Nature,7573215,4.99,"€49,90/lt",MyLabel,Beleza e Higiene/Rosto/Limpeza,https://www.continente.pt/dw/image/v2/BDVS_PRD/on/demandware.static/-/Sites-col-master-catalog/default/dw22aa00eb/images/col/757/7573215-frente-1.jpg?sw=280&sh=280,emb. 100 ml,https://www.continente.pt/produto/exfoliante-happy-nature-mylabel-7573215.html,higiene-beleza,2025-04-21,Continente
Corretor Instant Perfect Glow 4 em 1 Medium Deep 03,7974240,14.99,"€14,99/un",Maybelline New York,Beleza e Higiene/Maquilhagem/Rosto,https://www.continente.pt/dw/image/v2/BDVS_PRD/on/demandware.static/-/Sites-col-master-catalog/default/dwbdb996e2/images/col/797/7974240-hero.jpg?sw=280&sh=280,emb. 1 un,https://www.continente.pt/produto/corretor-instant-perfect-glow-4-em-1-medium-deep-03-maybelline-new-york-7974240.html,higiene-beleza,2025-04-21,Continente
Lâminas Descartáveis Miss Soleil,6089538,4.99,"€1,25/un",BIC,Beleza e Higiene/Corpo/Depilação e Descoloração,https://www.continente.pt/dw/image/v2/BDVS_PRD/on/demandware.static/-/Sites-col-master-catalog/default/dwe3932514/images/col/608/6089538-frente.jpg?sw=280&sh=280,emb. 4 un,https://www.continente.pt/produto/laminas-descartaveis-miss-soleil-bic-6089538.html,higiene-beleza,2025-04-21,Continente
Espuma de Limpeza Argila e Coco,7983869,13.99,"€13,99/un",Tocobo,Beleza e Higiene/Rosto/Limpeza,https://www.continente.pt/dw/image/v2/BDVS_PRD/on/demandware.static/-/Sites-col-master-catalog/default/dw4729aa31/images/col/798/7983869-frente.jpg?sw=280&sh=280,emb. 150 ml,https://www.continente.pt/produto/espuma-de-limpeza-argila-e-coco-tocobo-7983869.html,higiene-beleza,2025-04-21,Continente
Condicionador Pro-V Miracles Sedoso e Brilhante,8007500,8.64,"€26,58/lt",Pantene,Beleza e Higiene/Cabelo/Condicionadores,https://www.continente.pt/dw/image/v2/BDVS_PRD/on/demandware.static/-/Sites-col-master-catalog/default/dwe428cbac/images/col/800/8007500-frente.png?sw=280&sh=280,emb. 325 ml,https://www.continente.pt/produto/condicionador-pro-v-miracles-sedoso-e-brilhante-pantene-8007500.html,higiene-beleza,2025-04-21,Continente
Creme de Rosto Revitalift Fragrance Free 30+,7346512,8.24,"€164,80/lt",LOréal Paris,Beleza e Higiene/Rosto/Antirrugas e Refirmantes,https://www.continente.pt/dw/image/v2/BDVS_PRD/on/demandware.static/-/Sites-col-master-catalog/default/dw8bee1526/images/col/734/7346512-frente.jpg?sw=280&sh=280,emb. 50 ml,https://www.continente.pt/produto/creme-de-rosto-revitalift-fragrance-free-30-loreal-paris-7346512.html,higiene-beleza,2025-04-21,Continente
Medidor de pressão Arterial Pulso,7794064,11.19,"€11,19/un",,"Casa, Bricolage e Jardim/Conforto e Mobilidade",https://www.continente.pt/dw/image/v2/BDVS_PRD/on/demandware.static/-/Sites-col-master-catalog/default/dw3e53f9ab/images/col/779/7794064-frente.jpg?sw=280&sh=280,1 un,https://www.continente.pt/produto/medidor-de-pressao-arterial-pulso-7794064.html,higiene-beleza,2025-04-21,Continente
Corretor Accord Parfait Serum Ácido Hialurónico e Cafeína 4N,8122944,8.39,"€8,39/un",LOréal Paris,Beleza e Higiene/Maquilhagem/Rosto,https://www.continente.pt/dw/image/v2/BDVS_PRD/on/demandware.static/-/Sites-col-master-catalog/default/dw87670424/images/col/812/8122944-hero.jpg?sw=280&sh=280,emb. 1 un,https://www.continente.pt/produto/corretor-accord-parfait-serum-acido-hialuronico-e-cafeina-4n-loreal-paris-8122944.html,higiene-beleza,2025-04-21,Continente
Primer Rosto Pore Blur,6939519,8.99,"€8,99/un",Revolution,Beleza e Higiene/Maquilhagem/Rosto,https://www.continente.pt/dw/image/v2/BDVS_PRD/on/demandware.static/-/Sites-col-master-catalog/default/dw8239c3bd/images/col/693/6939519-frente.jpg?sw=280&sh=280,emb. 1 un,https://www.continente.pt/produto/primer-rosto-pore-blur-revolution-6939519.html,higiene-beleza,2025-04-21,Continente
Sérum Facial Noite Happy Nature,7573262,5.99,"€199,67/lt",MyLabel,Beleza e Higiene/Rosto/Hidratação,https://www.continente.pt/dw/image/v2/BDVS_PRD/on/demandware.static/-/Sites-col-master-catalog/default/dwba4aa468/images/col/757/7573262-frente-2.jpg?sw=280&sh=280,emb. 30 ml,https://www.continente.pt/produto/serum-facial-noite-happy-nature-mylabel-7573262.html,higiene-beleza,2025-04-21,Continente
Coloração Permanente Oleo Intense Acobreado Vibrante 7.77,8291458,7.49,"€7,49/un",Syoss,Beleza e Higiene/Cabelo/Colorações,https://www.continente.pt/dw/image/v2/BDVS_PRD/on/demandware.static/-/Sites-col-master-catalog/default/dw0814ddd4/images/col/829/8291458-frente.png?sw=280&sh=280,emb. 1 un,https://www.continente.pt/produto/coloracao-permanente-oleo-intense-acobreado-vibrante-7.77-syoss-8291458.html,higiene-beleza,2025-04-21,Continente
Máscara de Pestanas Colossal Go Extreme Black,5377331,6.59,"€6,59/un",Maybelline New York,Beleza e Higiene/Maquilhagem/Olhos,https://www.continente.pt/dw/image/v2/BDVS_PRD/on/demandware.static/-/Sites-col-master-catalog/default/dwcbe8f099/images/col/537/5377331-frente.jpg?sw=280&sh=280,emb. 1 un,https://www.continente.pt/produto/mascara-de-pestanas-colossal-go-extreme-black-maybelline-new-york-5377331.html,higiene-beleza,2025-04-21,Continente
Coloração Permanente Castanho Médio 4.0,2053163,9.99,"€9,99/un",Koleston,Beleza e Higiene/Cabelo/Colorações,https://www.continente.pt/dw/image/v2/BDVS_PRD/on/demandware.static/-/Sites-col-master-catalog/default/dwe30429d1/images/col/205/2053163-direito.jpg?sw=280&sh=280,emb. 1 un,https://www.continente.pt/produto/coloracao-permanente-castanho-medio-4.0-koleston-2053163.html,higiene-beleza,2025-04-21,Continente
Iluminador More Than Glow 010,7394023,4.59,"€4,59/un",Catrice,Beleza e Higiene/Maquilhagem/Rosto,https://www.continente.pt/dw/image/v2/BDVS_PRD/on/demandware.static/-/Sites-col-master-catalog/default/dw5a1f9d36/images/col/739/7394023-cima.jpg?sw=280&sh=280,emb. 1 un,https://www.continente.pt/produto/iluminador-more-than-glow-010-catrice-7394023.html,higiene-beleza,2025-04-21,Continente
Espuma de Limpeza Vitamina C + B3,7983872,9.9,"€9,90/un",Stay Well,Beleza e Higiene/Rosto/Limpeza,https://www.continente.pt/dw/image/v2/BDVS_PRD/on/demandware.static/-/Sites-col-master-catalog/default/dw2f59e6d3/images/col/798/7983872-frente.jpg?sw=280&sh=280,emb. 130 ml,https://www.continente.pt/produto/espuma-de-limpeza-vitamina-c-b3-stay-well-7983872.html,higiene-beleza,2025-04-21,Continente
Coffret Bolsa Maquilhagem,7850667,16.37,"€16,37/un",Technic,Beleza e Higiene/Coffrets e Presentes em Beleza/Maquilhagem para Oferecer,https://www.continente.pt/dw/image/v2/BDVS_PRD/on/demandware.static/-/Sites-col-master-catalog/default/dw75e67232/images/col/785/7850667-frente-1.jpg?sw=280&sh=280,emb. 1 un,https://www.continente.pt/produto/coffret-bolsa-maquilhagem-technic-7850667.html,higiene-beleza,2025-04-21,Continente
Sérum de Rosto Cellular Filler Redensificador,8215184,9.74,"€649,33/lt",Nivea,Beleza e Higiene/Rosto/Hidratação,https://www.continente.pt/dw/image/v2/BDVS_PRD/on/demandware.static/-/Sites-col-master-catalog/default/dw9435b1ba/images/col/821/8215184-hero.jpg?sw=280&sh=280,emb. 15 ml,https://www.continente.pt/produto/serum-de-rosto-cellular-filler-redensificador-nivea-8215184.html,higiene-beleza,2025-04-21,Continente
Coloração Retoca Raízes Root Retoucher Spray Castanho Vermelho,7205766,9.29,"€9,29/un",Schwarzkopf,Beleza e Higiene/Cabelo/Colorações,https://www.continente.pt/dw/image/v2/BDVS_PRD/on/demandware.static/-/Sites-col-master-catalog/default/dw372d764d/images/col/720/7205766-frente.jpg?sw=280&sh=280,emb. 1 un,https://www.continente.pt/produto/coloracao-retoca-raizes-root-retoucher-spray-castanho-vermelho-schwarzkopf-7205766.html,higiene-beleza,2025-04-21,Continente
Palete Sombras de Olhos Re-Loaded Affection,7100956,6.99,"€6,99/un",Revolution,Beleza e Higiene/Maquilhagem/Olhos,https://www.continente.pt/dw/image/v2/BDVS_PRD/on/demandware.static/-/Sites-col-master-catalog/default/dw1281a2c2/images/col/710/7100956-frente-1.jpg?sw=280&sh=280,emb. 1 un,https://www.continente.pt/produto/palete-sombras-de-olhos-re-loaded-affection-revolution-7100956.html,higiene-beleza,2025-04-21,Continente
Unhas Falsas Salon Acrylic Nude Breathtaking,7105590,9.99,"€9,99/un",Kiss,Beleza e Higiene/Maquilhagem/Unhas,https://www.continente.pt/dw/image/v2/BDVS_PRD/on/demandware.static/-/Sites-col-master-catalog/default/dw501275a2/images/col/710/7105590-frente.jpg?sw=280&sh=280,emb. 1 un,https://www.continente.pt/produto/unhas-falsas-salon-acrylic-nude-breathtaking-kiss-7105590.html,higiene-beleza,2025-04-21,Continente
Verniz de Unhas Gel Nail Colour 18,7549921,1.99,"€1,99/un",Essence,Beleza e Higiene/Maquilhagem/Unhas,https://www.continente.pt/dw/image/v2/BDVS_PRD/on/demandware.static/-/Sites-col-master-catalog/default/dw9bc59a4a/images/col/754/7549921-frente.jpg?sw=280&sh=280,emb. 1 un,https://www.continente.pt/produto/verniz-de-unhas-gel-nail-colour-18-essence-7549921.html,higiene-beleza,2025-04-21,Continente
Espelho com Luz,7483735,19.11,"€19,11/un",Jean Louis David,Beleza e Higiene/Maquilhagem/Acessórios,https://www.continente.pt/dw/image/v2/BDVS_PRD/on/demandware.static/-/Sites-col-master-catalog/default/dw0a333b58/images/col/748/7483735-frente.jpg?sw=280&sh=280,emb. 1 un,https://www.continente.pt/produto/espelho-com-luz-jean-louis-david-7483735.html,higiene-beleza,2025-04-21,Continente
Base de Rosto Fit Me Matte & Poreless Caramel 350,6922290,5.99,"€5,99/un",Maybelline New York,Beleza e Higiene/Maquilhagem/Rosto,https://www.continente.pt/dw/image/v2/BDVS_PRD/on/demandware.static/-/Sites-col-master-catalog/default/dw1bc37fdf/images/col/692/6922290-frente.jpg?sw=280&sh=280,emb. 1 un,https://www.continente.pt/produto/base-de-rosto-fit-me-matte-poreless-caramel-350-maybelline-new-york-6922290.html,higiene-beleza,2025-04-21,Continente
Máscara de Sobrancelhas Gel Tattoo Brow Ink 03,6845291,9.74,"€9,74/un",Maybelline New York,Beleza e Higiene/Maquilhagem/Olhos,https://www.continente.pt/dw/image/v2/BDVS_PRD/on/demandware.static/-/Sites-col-master-catalog/default/dw0b572e6c/images/col/684/6845291-frente.jpg?sw=280&sh=280,emb. 1 un,https://www.continente.pt/produto/mascara-de-sobrancelhas-gel-tattoo-brow-ink-03-maybelline-new-york-6845291.html,higiene-beleza,2025-04-21,Continente
Eau de Toilette Marine,8172476,7.99,"€79,90/lt",MyLabel,Beleza e Higiene/Corpo/Colónias e Perfumes,https://www.continente.pt/dw/image/v2/BDVS_PRD/on/demandware.static/-/Sites-col-master-catalog/default/dw46e32f50/images/col/817/8172476-frente.jpg?sw=280&sh=280,emb. 100 ml,https://www.continente.pt/produto/eau-de-toilette-marine-mylabel-8172476.html,higiene-beleza,2025-04-21,Continente
Tónico Facial Revitalizante,8125850,9.99,"€9,99/un",Soft&Co,Beleza e Higiene/Rosto/Hidratação,https://www.continente.pt/dw/image/v2/BDVS_PRD/on/demandware.static/-/Sites-col-master-catalog/default/dwf8c21566/images/col/812/8125850-hero.jpg?sw=280&sh=280,emb. 200 ml,https://www.continente.pt/produto/tonico-facial-revitalizante-soft-co-8125850.html,higiene-beleza,2025-04-21,Continente
Esfoliante Rosto Glow,8125718,5.99,"€59,90/lt",Soft&Co,Beleza e Higiene/Rosto/Limpeza,https://www.continente.pt/dw/image/v2/BDVS_PRD/on/demandware.static/-/Sites-col-master-catalog/default/dw8f98cd1c/images/col/812/8125718-frente.jpg?sw=280&sh=280,emb. 100 ml,https://www.continente.pt/produto/esfoliante-rosto-glow-soft-co-8125718.html,higiene-beleza,2025-04-21,Continente
Batom do Cieiro Exfoliante,7837647,4.69,"€4,69/un",Labello,Beleza e Higiene/Rosto/Lábios,https://www.continente.pt/dw/image/v2/BDVS_PRD/on/demandware.static/-/Sites-col-master-catalog/default/dw60a63fb4/images/col/783/7837647-hero.jpg?sw=280&sh=280,emb. 1 un,https://www.continente.pt/produto/batom-do-cieiro-exfoliante-labello-7837647.html,higiene-beleza,2025-04-21,Continente
Óleo Corpo Camelina,8122046,9.99,"€249,75/lt",Soft&Co,Beleza e Higiene/Corpo/Cremes e Loções,https://www.continente.pt/dw/image/v2/BDVS_PRD/on/demandware.static/-/Sites-col-master-catalog/default/dw63abc56d/images/col/812/8122046-frente.png?sw=280&sh=280,emb. 40 ml,https://www.continente.pt/produto/oleo-corpo-camelina-soft-co-8122046.html,higiene-beleza,2025-04-21,Continente
Creme de Rosto Reafirmante,7978652,10.49,"€209,80/lt",Bioten,Beleza e Higiene/Rosto/Antirrugas e Refirmantes,https://www.continente.pt/dw/image/v2/BDVS_PRD/on/demandware.static/-/Sites-col-master-catalog/default/dwac5bffdb/images/col/797/7978652-frente.png?sw=280&sh=280,emb. 50 ml,https://www.continente.pt/produto/creme-de-rosto-reafirmante-bioten-7978652.html,higiene-beleza,2025-04-21,Continente
Gel de Massagem Chocolate Bubble,7637094,9.79,"€48,95/lt",Control,Beleza e Higiene/Preservativos e Estimuladores,https://www.continente.pt/dw/image/v2/BDVS_PRD/on/demandware.static/-/Sites-col-master-catalog/default/dw05bc26dc/images/col/763/7637094-frente.jpg?sw=280&sh=280,emb. 200 ml,https://www.continente.pt/produto/gel-de-massagem-chocolate-bubble-control-7637094.html,higiene-beleza,2025-04-21,Continente
Kit Pincéis de Maquilhagem e Estojo,7733302,17.99,"€17,99/un",MyLabel,Beleza e Higiene/Maquilhagem/Acessórios,https://www.continente.pt/dw/image/v2/BDVS_PRD/on/demandware.static/-/Sites-col-master-catalog/default/dw0a1dbd81/images/col/773/7733302-frente.jpg?sw=280&sh=280,emb. 1 un,https://www.continente.pt/produto/kit-pinceis-de-maquilhagem-e-estojo-mylabel-7733302.html,higiene-beleza,2025-04-21,Continente
Lápis de Sobrancelhas Brow Artist Micro Tatou Age 109,7368729,9.79,"€9,79/un",LOréal Paris,Beleza e Higiene/Maquilhagem/Olhos,https://www.continente.pt/dw/image/v2/BDVS_PRD/on/demandware.static/-/Sites-col-master-catalog/default/dwd65b663b/images/col/736/7368729-frente.jpg?sw=280&sh=280,emb. 1 un,https://www.continente.pt/produto/lapis-de-sobrancelhas-brow-artist-micro-tatou-age-109-loreal-paris-7368729.html,higiene-beleza,2025-04-21,Continente
Gel de Massagem Exotic Escape,6469526,9.79,"€48,95/lt",Control,Beleza e Higiene/Preservativos e Estimuladores,https://www.continente.pt/dw/image/v2/BDVS_PRD/on/demandware.static/-/Sites-col-master-catalog/default/dwf14b0a9f/images/col/646/6469526-frente.jpg?sw=280&sh=280,emb. 200 ml,https://www.continente.pt/produto/gel-de-massagem-exotic-escape-control-6469526.html,higiene-beleza,2025-04-21,Continente
Bálsamo Reparador Rosto,8124087,3.99,"€79,80/lt",MyLabel,Beleza e Higiene/Rosto/Hidratação,https://www.continente.pt/dw/image/v2/BDVS_PRD/on/demandware.static/-/Sites-col-master-catalog/default/dw6d00f0d9/images/col/812/8124087-frente.png?sw=280&sh=280,emb. 50 ml,https://www.continente.pt/produto/balsamo-reparador-rosto-mylabel-8124087.html,higiene-beleza,2025-04-21,Continente
Iluminador More Than Glow 030,7394022,4.59,"€4,59/un",Catrice,Beleza e Higiene/Maquilhagem/Rosto,https://www.continente.pt/dw/image/v2/BDVS_PRD/on/demandware.static/-/Sites-col-master-catalog/default/dwd82dd294/images/col/739/7394022-cima.jpg?sw=280&sh=280,emb. 1 un,https://www.continente.pt/produto/iluminador-more-than-glow-030-catrice-7394022.html,higiene-beleza,2025-04-21,Continente
Spray Protetor Calor Leave-In,8048811,14.99,"€14,99/un",Aussie,"Beleza e Higiene/Cabelo/Spray, Espuma, Creme e Gel/Laca e Spray",https://www.continente.pt/dw/image/v2/BDVS_PRD/on/demandware.static/-/Sites-col-master-catalog/default/dwa024220d/images/col/804/8048811-frente.jpg?sw=280&sh=280,emb. 100 ml,https://www.continente.pt/produto/spray-protetor-calor-leave-in-aussie-8048811.html,higiene-beleza,2025-04-21,Continente
Coloração Permanente Nutrisse Creme Preto 1,2383705,9.49,"€9,49/un",Garnier,Beleza e Higiene/Cabelo/Colorações,https://www.continente.pt/dw/image/v2/BDVS_PRD/on/demandware.static/-/Sites-col-master-catalog/default/dw6951d9f9/images/col/238/2383705-frente.jpg?sw=280&sh=280,emb. 1 un,https://www.continente.pt/produto/coloracao-permanente-nutrisse-creme-preto-1-garnier-2383705.html,higiene-beleza,2025-04-21,Continente
Protetor Solar Creme Sun Fluído FPS 50+,7725527,12.59,"€314,75/lt",Nivea,Beleza e Higiene/Rosto/Proteção Solar,https://www.continente.pt/dw/image/v2/BDVS_PRD/on/demandware.static/-/Sites-col-master-catalog/default/dwacda93b1/images/col/772/7725527-hero.jpg?sw=280&sh=280,emb. 40 ml,https://www.continente.pt/produto/protetor-solar-creme-sun-fluido-fps-50-nivea-7725527.html,higiene-beleza,2025-04-21,Continente
Adesivos Faciais Anti-Imperfeições,8295421,5.24,"€5,24/un",7th Heaven,Beleza e Higiene/Rosto/Máscaras,https://www.continente.pt/dw/image/v2/BDVS_PRD/on/demandware.static/-/Sites-col-master-catalog/default/dw9b98a501/images/col/829/8295421-frente.png?sw=280&sh=280,emb. 24 un,https://www.continente.pt/produto/adesivos-faciais-anti-imperfeicoes-7th-heaven-8295421.html,higiene-beleza,2025-04-21,Continente
Máquina Depilatória Venus Pro Comfortglide Tropical com 1 Recarga,8312036,13.99,"€13,99/un",Gillette,Beleza e Higiene/Corpo/Depilação e Descoloração,https://www.continente.pt/dw/image/v2/BDVS_PRD/on/demandware.static/-/Sites-col-master-catalog/default/dw375853a6/images/col/831/8312036-hero.png?sw=280&sh=280,emb. 1 un,https://www.continente.pt/produto/maquina-depilatoria-venus-pro-comfortglide-tropical-com-1-recarga-gillette-8312036.html,higiene-beleza,2025-04-21,Continente
Pó Matificante Super HD,7634701,2.99,"€2,99/un",Relove,Beleza e Higiene/Maquilhagem/Rosto,https://www.continente.pt/dw/image/v2/BDVS_PRD/on/demandware.static/-/Sites-col-master-catalog/default/dw7ac0ed25/images/col/763/7634701-frente-1.jpg?sw=280&sh=280,emb. 1 un,https://www.continente.pt/produto/po-matificante-super-hd-relove-7634701.html,higiene-beleza,2025-04-21,Continente
Base de Rosto Lumi Matte 30H 250,8242292,13.99,"€13,99/un",Maybelline New York,Beleza e Higiene/Maquilhagem/Rosto,https://www.continente.pt/dw/image/v2/BDVS_PRD/on/demandware.static/-/Sites-col-master-catalog/default/dw85c0e46e/images/col/824/8242292-hero-1.jpg?sw=280&sh=280,emb. 1 un,https://www.continente.pt/produto/base-de-rosto-lumi-matte-30h-250-maybelline-new-york-8242292.html,higiene-beleza,2025-04-21,Continente
Coloração Permanente Intensive Caju 3.68,5741778,4.91,"€4,91/un",Palette,Beleza e Higiene/Cabelo/Colorações,https://www.continente.pt/dw/image/v2/BDVS_PRD/on/demandware.static/-/Sites-col-master-catalog/default/dw46d6417e/images/col/574/5741778-frente.jpg?sw=280&sh=280,emb. 1 un,https://www.continente.pt/produto/coloracao-permanente-intensive-caju-3.68-palette-5741778.html,higiene-beleza,2025-04-21,Continente
Tónico Facial Ácido Hialurónico,8113123,14.94,,Its Skin,Beleza e Higiene/Rosto/Hidratação,https://www.continente.pt/dw/image/v2/BDVS_PRD/on/demandware.static/-/Sites-col-master-catalog/default/dw5bc7090c/images/col/811/8113123-frente.png?sw=280&sh=280,emb. 150  ml,https://www.continente.pt/produto/tonico-facial-acido-hialuronico-its-skin-8113123.html,higiene-beleza,2025-04-21,Continente
Máquina de Barbear Razer,7837772,25.99,"€25,99/un",Gillette,Beleza e Higiene/Homem/Barba,https://www.continente.pt/dw/image/v2/BDVS_PRD/on/demandware.static/-/Sites-col-master-catalog/default/dwd12b7240/images/col/783/7837772-hero.jpg?sw=280&sh=280,emb. 1 un,https://www.continente.pt/produto/maquina-de-barbear-razer-gillette-7837772.html,higiene-beleza,2025-04-21,Continente
Sérum Facial Ácido Hialurónico,7983874,14.9,"€14,90/un",Stay Well,Beleza e Higiene/Rosto/Hidratação,https://www.continente.pt/dw/image/v2/BDVS_PRD/on/demandware.static/-/Sites-col-master-catalog/default/dw0f960b38/images/col/798/7983874-frente.jpg?sw=280&sh=280,emb. 50 ml,https://www.continente.pt/produto/serum-facial-acido-hialuronico-stay-well-7983874.html,higiene-beleza,2025-04-21,Continente
Creme de Pentear Milagre,7677337,14.95,"€14,95/un",Lola,"Beleza e Higiene/Cabelo/Spray, Espuma, Creme e Gel/Espuma e Creme",https://www.continente.pt/dw/image/v2/BDVS_PRD/on/demandware.static/-/Sites-col-master-catalog/default/dwb4dc400a/images/col/767/7677337-frente.jpg?sw=280&sh=280,emb. 450 gr,https://www.continente.pt/produto/creme-de-pentear-milagre-lola-7677337.html,higiene-beleza,2025-04-21,Continente
Creme Fortalecedor Ceramida Protect,8014437,6.49,"€16,22/lt",Mixa,Beleza e Higiene/Corpo/Cremes e Loções,https://www.continente.pt/dw/image/v2/BDVS_PRD/on/demandware.static/-/Sites-col-master-catalog/default/dw2fb17c51/images/col/801/8014437-hero.jpg?sw=280&sh=280,emb. 400 ml,https://www.continente.pt/produto/creme-fortalecedor-ceramida-protect-mixa-8014437.html,higiene-beleza,2025-04-21,Continente
Batom Lip&Cheek Caring Beauty Rose,8039951,4.15,"€4,15/un",Labello,Beleza e Higiene/Maquilhagem/Lábios,https://www.continente.pt/dw/image/v2/BDVS_PRD/on/demandware.static/-/Sites-col-master-catalog/default/dwc5d36b88/images/col/803/8039951-hero.jpg?sw=280&sh=280,emb. 1 un,https://www.continente.pt/produto/batom-lip-cheek-caring-beauty-rose-labello-8039951.html,higiene-beleza,2025-04-21,Continente
Kit de Manicure,7483753,7.92,"€7,92/un",Jean Louis David,Beleza e Higiene/Maquilhagem/Acessórios,https://www.continente.pt/dw/image/v2/BDVS_PRD/on/demandware.static/-/Sites-col-master-catalog/default/dw493556dd/images/col/748/7483753-frente.jpg?sw=280&sh=280,emb. 1 un,https://www.continente.pt/produto/kit-de-manicure-jean-louis-david-7483753.html,higiene-beleza,2025-04-21,Continente
Creme Corpo Gordo,7801754,11.99,"€47,96/lt",Soft&Co,Beleza e Higiene/Corpo/Cremes e Loções,https://www.continente.pt/dw/image/v2/BDVS_PRD/on/demandware.static/-/Sites-col-master-catalog/default/dw5a465edd/images/col/780/7801754-frente.jpg?sw=280&sh=280,emb. 250 ml,https://www.continente.pt/produto/creme-corpo-gordo-soft-co-7801754.html,higiene-beleza,2025-04-21,Continente
Eau de Parfum What a Girl Wants,8175345,13.99,"€139,90/lt",MyLabel,Beleza e Higiene/Corpo/Colónias e Perfumes,https://www.continente.pt/dw/image/v2/BDVS_PRD/on/demandware.static/-/Sites-col-master-catalog/default/dw8c27bd97/images/col/817/8175345-frente.png?sw=280&sh=280,emb. 100 ml,https://www.continente.pt/produto/eau-de-parfum-what-a-girl-wants-mylabel-8175345.html,higiene-beleza,2025-04-21,Continente
Máquina de Barbear Series 5 51-B1000s,8173989,99.99,"€99,99/un",Braun,Beleza e Higiene/Homem/Barba,https://www.continente.pt/dw/image/v2/BDVS_PRD/on/demandware.static/-/Sites-col-master-catalog/default/dw7d3f9c15/images/col/817/8173989-hero.png?sw=280&sh=280,emb. 1 un,https://www.continente.pt/produto/maquina-de-barbear-series-5-51-b1000s-braun-8173989.html,higiene-beleza,2025-04-21,Continente
Preservativos Intense Feel,8220719,10.87,"€10,87/un",Skyn,Beleza e Higiene/Preservativos e Estimuladores,https://www.continente.pt/dw/image/v2/BDVS_PRD/on/demandware.static/-/Sites-col-master-catalog/default/dw8d9940e3/images/col/822/8220719-frente.png?sw=280&sh=280,emb. 10 un,https://www.continente.pt/produto/preservativos-intense-feel-skyn-8220719.html,higiene-beleza,2025-04-21,Continente
Máquina de Barbear Labs Silver com Suporte de Parede,8206515,19.99,"€19,99/un",Gillette,Beleza e Higiene/Homem/Barba,https://www.continente.pt/dw/image/v2/BDVS_PRD/on/demandware.static/-/Sites-col-master-catalog/default/dw44ac6b22/images/col/820/8206515-hero.png?sw=280&sh=280,emb. 1 un,https://www.continente.pt/produto/maquina-de-barbear-labs-silver-com-suporte-de-parede-gillette-8206515.html,higiene-beleza,2025-04-21,Continente
Estimulador Soul Vibes All Night Long,7757884,76.3,"€76,30/un",Control,Beleza e Higiene/Preservativos e Estimuladores,https://www.continente.pt/dw/image/v2/BDVS_PRD/on/demandware.static/-/Sites-col-master-catalog/default/dwf9b9a7c7/images/col/775/7757884-frente-1.jpg?sw=280&sh=280,emb. 1 un,https://www.continente.pt/produto/estimulador-soul-vibes-all-night-long-control-7757884.html,higiene-beleza,2025-04-21,Continente
Champô Reparação Intensa Óleo de Jojoba,8404338,3.21,"€3,21/un",Le Petit Marseillais,Beleza e Higiene/Cabelo/Champôs,https://www.continente.pt/dw/image/v2/BDVS_PRD/on/demandware.static/-/Sites-col-master-catalog/default/dwe8536219/images/col/840/8404338-frente.png?sw=280&sh=280,emb. 300 ml,https://www.continente.pt/produto/champo-reparacao-intensa-oleo-de-jojoba-le-petit-marseillais-8404338.html,higiene-beleza,2025-04-21,Continente
Cuecas Menstruais Expert para Fluxo Ligeiro S,7908361,19.9,"€19,90/un",Dim,Beleza e Higiene/Higiene Íntima/Pensos e Cuecas Menstruais,https://www.continente.pt/dw/image/v2/BDVS_PRD/on/demandware.static/-/Sites-col-master-catalog/default/dw253b6209/images/col/790/7908361-frente.jpg?sw=280&sh=280,emb. 1 un,https://www.continente.pt/produto/cuecas-menstruais-expert-para-fluxo-ligeiro-s-dim-7908361.html,higiene-beleza,2025-04-21,Continente
BB Cream Rosto Ambre Solaire  FPS50,6852487,10.49,"€209,80/lt",Garnier,Beleza e Higiene/Rosto/Proteção Solar,https://www.continente.pt/dw/image/v2/BDVS_PRD/on/demandware.static/-/Sites-col-master-catalog/default/dw6a5f65e0/images/col/685/6852487-hero.jpg?sw=280&sh=280,emb. 50 ml,https://www.continente.pt/produto/bb-cream-rosto-ambre-solaire--fps50-garnier-6852487.html,higiene-beleza,2025-04-21,Continente
Coloração Permanente Good Castanho Mirtilo 3.12,7694877,12.99,"€12,99/un",Garnier,Beleza e Higiene/Cabelo/Colorações,https://www.continente.pt/dw/image/v2/BDVS_PRD/on/demandware.static/-/Sites-col-master-catalog/default/dw880caf7a/images/col/769/7694877-frente.jpg?sw=280&sh=280,emb. 1 un,https://www.continente.pt/produto/coloracao-permanente-good-castanho-mirtilo-3.12-garnier-7694877.html,higiene-beleza,2025-04-21,Continente
Creme de Rosto Artemísia,8113131,13.35,,The Saem,Beleza e Higiene/Rosto/Hidratação,https://www.continente.pt/dw/image/v2/BDVS_PRD/on/demandware.static/-/Sites-col-master-catalog/default/dw0dd3dc1a/images/col/811/8113131-frente.jpg?sw=280&sh=280,emb. 100 ml,https://www.continente.pt/produto/creme-de-rosto-artemisia-the-saem-8113131.html,higiene-beleza,2025-04-21,Continente
Coloração Permanente Intensive Louro Cendré 7.1,8211129,4.91,"€4,91/un",Palette,Beleza e Higiene/Cabelo/Colorações,https://www.continente.pt/dw/image/v2/BDVS_PRD/on/demandware.static/-/Sites-col-master-catalog/default/dw628fb241/images/col/821/8211129-frente.png?sw=280&sh=280,emb. 1 un,https://www.continente.pt/produto/coloracao-permanente-intensive-louro-cendre-7.1-palette-8211129.html,higiene-beleza,2025-04-21,Continente
Fluído Rosto Bright Reveal FPS50 Médio,8276488,25.99,"€25,99/un",LOréal Paris,Beleza e Higiene/Rosto/Antirrugas e Refirmantes,https://www.continente.pt/dw/image/v2/BDVS_PRD/on/demandware.static/-/Sites-col-master-catalog/default/dwfc8b2335/images/col/827/8276488-frente.jpg?sw=280&sh=280,emb. 50 ml,https://www.continente.pt/produto/fluido-rosto-bright-reveal-fps50-medio-loreal-paris-8276488.html,higiene-beleza,2025-04-21,Continente
Tratamento Cabelo Gliss Aqua Revive Noite,8018733,7.01,"€70,10/lt",Schwarzkopf,Beleza e Higiene/Cabelo/Máscaras e Tratamentos,https://www.continente.pt/dw/image/v2/BDVS_PRD/on/demandware.static/-/Sites-col-master-catalog/default/dw04e8f58c/images/col/801/8018733-frente.png?sw=280&sh=280,emb. 100 ml,https://www.continente.pt/produto/tratamento-cabelo-gliss-aqua-revive-noite-schwarzkopf-8018733.html,higiene-beleza,2025-04-21,Continente
Loção Corpo Body Love Óleo de Abacate,7703630,6.99,"€17,48/lt",Dove,Beleza e Higiene/Corpo/Cremes e Loções,https://www.continente.pt/dw/image/v2/BDVS_PRD/on/demandware.static/-/Sites-col-master-catalog/default/dwe76aacbc/images/col/770/7703630-hero.jpg?sw=280&sh=280,emb. 400 ml,https://www.continente.pt/produto/locao-corpo-body-love-oleo-de-abacate-dove-7703630.html,higiene-beleza,2025-04-21,Continente
Base de Rosto Fit Me Matte & Poreless Ivory 115,5926225,5.99,"€5,99/un",Maybelline New York,Beleza e Higiene/Maquilhagem/Rosto,https://www.continente.pt/dw/image/v2/BDVS_PRD/on/demandware.static/-/Sites-col-master-catalog/default/dw853a6071/images/col/592/5926225-frente.jpg?sw=280&sh=280,emb. 1 un,https://www.continente.pt/produto/base-de-rosto-fit-me-matte-poreless-ivory-115-maybelline-new-york-5926225.html,higiene-beleza,2025-04-21,Continente
Base de Rosto Lumi Matte 30H 96,8242296,13.99,"€13,99/un",Maybelline New York,Beleza e Higiene/Maquilhagem/Rosto,https://www.continente.pt/dw/image/v2/BDVS_PRD/on/demandware.static/-/Sites-col-master-catalog/default/dw1385c5f2/images/col/824/8242296-hero-1.jpg?sw=280&sh=280,emb. 1 un,https://www.continente.pt/produto/base-de-rosto-lumi-matte-30h-96-maybelline-new-york-8242296.html,higiene-beleza,2025-04-21,Continente
Condicionador SOS Soothe & Hydrate,8050358,9.29,"€46,45/lt",Aussie,Beleza e Higiene/Cabelo/Condicionadores,https://www.continente.pt/dw/image/v2/BDVS_PRD/on/demandware.static/-/Sites-col-master-catalog/default/dw0700b8c6/images/col/805/8050358-frente.jpg?sw=280&sh=280,emb. 200 ml,https://www.continente.pt/produto/condicionador-sos-soothe-hydrate-aussie-8050358.html,higiene-beleza,2025-04-21,Continente
Escova Cabelo,7478454,11.48,"€11,48/un",Jean Louis David,Beleza e Higiene/Cabelo/Acessórios,https://www.continente.pt/dw/image/v2/BDVS_PRD/on/demandware.static/-/Sites-col-master-catalog/default/dwa364a1bf/images/col/747/7478454-frente.jpg?sw=280&sh=280,emb. 1 un,https://www.continente.pt/produto/escova-cabelo-jean-louis-david-7478454.html,higiene-beleza,2025-04-21,Continente
Eau de Toilette Wood,7864522,7.99,"€79,90/lt",MyLabel,Beleza e Higiene/Corpo/Colónias e Perfumes,https://www.continente.pt/dw/image/v2/BDVS_PRD/on/demandware.static/-/Sites-col-master-catalog/default/dw22e7c6ac/images/col/786/7864522-frente.jpg?sw=280&sh=280,emb. 100 ml,https://www.continente.pt/produto/eau-de-toilette-wood-mylabel-7864522.html,higiene-beleza,2025-04-21,Continente
Bruma de Rosto e Corpo Ambre Solaire Ideal Bronze FPS 30,7973790,10.19,"€67,93/lt",Garnier,Beleza e Higiene/Corpo/Protetores Solares e Bronzeadores/Protetores Solares Corpo,https://www.continente.pt/dw/image/v2/BDVS_PRD/on/demandware.static/-/Sites-col-master-catalog/default/dw0c8f2e68/images/col/797/7973790-hero.jpg?sw=280&sh=280,emb. 150 ml,https://www.continente.pt/produto/bruma-de-rosto-e-corpo-ambre-solaire-ideal-bronze-fps-30-garnier-7973790.html,higiene-beleza,2025-04-21,Continente
Lápis de Sobrancelhas Tattoo Brow,288095,5.99,"€5,99/un",Maybelline New York,Beleza e Higiene/Maquilhagem/Olhos,https://www.continente.pt/dw/image/v2/BDVS_PRD/on/demandware.static/-/Sites-col-master-catalog/default/dw1b19edcd/images/col/736/7368680-frente.jpg?sw=280&sh=280,emb. 1 un,https://www.continente.pt/produto/lapis-de-sobrancelhas-tattoo-brow-maybelline-new-york-288095.html,higiene-beleza,2025-04-21,Continente
Tratamento Cabelo Intensivo Fructis Adeus Danos,7970659,7.64,"€38,20/lt",Garnier,Beleza e Higiene/Cabelo/Máscaras e Tratamentos,https://www.continente.pt/dw/image/v2/BDVS_PRD/on/demandware.static/-/Sites-col-master-catalog/default/dweec640f3/images/col/797/7970659-hero.jpg?sw=280&sh=280,emb. 200 ml,https://www.continente.pt/produto/tratamento-cabelo-intensivo-fructis-adeus-danos-garnier-7970659.html,higiene-beleza,2025-04-21,Continente
Coloração Permanente Nutrisse Creme Castanho Violino 4.26,4926792,9.49,"€9,49/un",Garnier,Beleza e Higiene/Cabelo/Colorações,https://www.continente.pt/dw/image/v2/BDVS_PRD/on/demandware.static/-/Sites-col-master-catalog/default/dw5c297234/images/col/492/4926792-direito.jpg?sw=280&sh=280,emb. 1 un,https://www.continente.pt/produto/coloracao-permanente-nutrisse-creme-castanho-violino-4.26-garnier-4926792.html,higiene-beleza,2025-04-21,Continente
Pó Compacto Fit Me Matte & Poreless Classic Ivory 120,6732858,5.66,"€5,66/un",Maybelline New York,Beleza e Higiene/Maquilhagem/Rosto,https://www.continente.pt/dw/image/v2/BDVS_PRD/on/demandware.static/-/Sites-col-master-catalog/default/dwe6615098/images/col/774/7742698-direito.jpg?sw=280&sh=280,emb. 1 un,https://www.continente.pt/produto/po-compacto-fit-me-matte-poreless-classic-ivory-120-maybelline-new-york-6732858.html,higiene-beleza,2025-04-21,Continente
Escova de Dentes Elétrica Ease Laranja,8162816,14.9,"€14,90/un",Oclean,Beleza e Higiene/Higiene Oral/Escovas de Dentes,https://www.continente.pt/dw/image/v2/BDVS_PRD/on/demandware.static/-/Sites-col-master-catalog/default/dw14277644/images/col/816/8162816-hero.png?sw=280&sh=280,emb. 1 un,https://www.continente.pt/produto/escova-de-dentes-eletrica-ease-laranja-oclean-8162816.html,higiene-beleza,2025-04-21,Continente
Eau de Parfum Hunter,7660112,10.99,"€109,90/lt",MyLabel,Beleza e Higiene/Corpo/Colónias e Perfumes,https://www.continente.pt/dw/image/v2/BDVS_PRD/on/demandware.static/-/Sites-col-master-catalog/default/dw1bcce461/images/col/766/7660112-frente.jpg?sw=280&sh=280,emb. 100 ml,https://www.continente.pt/produto/eau-de-parfum-hunter-mylabel-7660112.html,higiene-beleza,2025-04-21,Continente
Batom Color Riche Rose Tendre 303,5561512,10.17,"€10,17/un",LOréal Paris,Beleza e Higiene/Maquilhagem/Lábios,https://www.continente.pt/dw/image/v2/BDVS_PRD/on/demandware.static/-/Sites-col-master-catalog/default/dw9140cd29/images/col/556/5561512-frente.jpg?sw=280&sh=280,emb. 1 un,https://www.continente.pt/produto/batom-color-riche-rose-tendre-303-loreal-paris-5561512.html,higiene-beleza,2025-04-21,Continente
Eau de Parfum nº 70,5691426,12.99,"€86,60/lt",Caravan,Beleza e Higiene/Corpo/Colónias e Perfumes,https://www.continente.pt/dw/image/v2/BDVS_PRD/on/demandware.static/-/Sites-col-master-catalog/default/dwa23d9768/images/col/569/5691426-frente.png?sw=280&sh=280,emb. 150 ml,https://www.continente.pt/produto/eau-de-parfum-n-70-caravan-5691426.html,higiene-beleza,2025-04-21,Continente
Máquina de Barbear Sensor3 com 3 Recargas,7614101,9.99,"€9,99/un",Gillette,Beleza e Higiene/Homem/Barba,https://www.continente.pt/dw/image/v2/BDVS_PRD/on/demandware.static/-/Sites-col-master-catalog/default/dwba3bcecb/images/col/761/7614101-frente.jpg?sw=280&sh=280,emb. 1 un,https://www.continente.pt/produto/maquina-de-barbear-sensor3-com-3-recargas-gillette-7614101.html,higiene-beleza,2025-04-21,Continente
Batom Infaillible 2 Steps 24h,288040,11.04,"€11,04/un",LOréal Paris,Beleza e Higiene/Maquilhagem/Lábios,https://www.continente.pt/dw/image/v2/BDVS_PRD/on/demandware.static/-/Sites-col-master-catalog/default/dw4f8067e6/images/col/531/5314888-frente.jpg?sw=280&sh=280,emb. 1 un,https://www.continente.pt/produto/batom-infaillible-2-steps-24h-loreal-paris-288040.html,higiene-beleza,2025-04-21,Continente
Colónia Suave Criança,5871436,5.49,"€54,90/lt",Picu Baby,Beleza e Higiene/Cabelo/Criança,https://www.continente.pt/dw/image/v2/BDVS_PRD/on/demandware.static/-/Sites-col-master-catalog/default/dwabb812e3/images/col/587/5871436-frente.jpg?sw=280&sh=280,emb. 100 ml,https://www.continente.pt/produto/colonia-suave-crianca-picu-baby-5871436.html,higiene-beleza,2025-04-21,Continente
Creme de Rosto Dia Revitalift,8110574,17.99,"€359,80/lt",LOréal Paris,Beleza e Higiene/Rosto/Hidratação,https://www.continente.pt/dw/image/v2/BDVS_PRD/on/demandware.static/-/Sites-col-master-catalog/default/dwedc17579/images/col/811/8110574-frente.jpg?sw=280&sh=280,emb. 50 ml,https://www.continente.pt/produto/creme-de-rosto-dia-revitalift-loreal-paris-8110574.html,higiene-beleza,2025-04-21,Continente
Eau de Toilette Heartbeat,7264178,9.98,"€199,60/lt",B.U.,Beleza e Higiene/Corpo/Colónias e Perfumes,https://www.continente.pt/dw/image/v2/BDVS_PRD/on/demandware.static/-/Sites-col-master-catalog/default/dw63ca8237/images/col/726/7264178-frente.jpg?sw=280&sh=280,emb. 50 ml,https://www.continente.pt/produto/eau-de-toilette-heartbeat-b.u.-7264178.html,higiene-beleza,2025-04-21,Continente
Estimulador Anal,7990595,41.99,"€41,99/un",Durex,Beleza e Higiene/Preservativos e Estimuladores,https://www.continente.pt/dw/image/v2/BDVS_PRD/on/demandware.static/-/Sites-col-master-catalog/default/dw18a65f8a/images/col/799/7990595-frente.png?sw=280&sh=280,emb. 1 un,https://www.continente.pt/produto/estimulador-anal-durex-7990595.html,higiene-beleza,2025-04-21,Continente
Base de Rosto Accord Parfait 6.N,5870330,11.47,"€11,47/un",LOréal Paris,Beleza e Higiene/Maquilhagem/Rosto,https://www.continente.pt/dw/image/v2/BDVS_PRD/on/demandware.static/-/Sites-col-master-catalog/default/dw800c1ebd/images/col/587/5870330-frente.jpg?sw=280&sh=280,emb. 1 un,https://www.continente.pt/produto/base-de-rosto-accord-parfait-6.n-loreal-paris-5870330.html,higiene-beleza,2025-04-21,Continente
Base de Rosto Lumi Matte 30H 98,8242295,13.99,"€13,99/un",Maybelline New York,Beleza e Higiene/Maquilhagem/Rosto,https://www.continente.pt/dw/image/v2/BDVS_PRD/on/demandware.static/-/Sites-col-master-catalog/default/dwd465d21a/images/col/824/8242295-hero-1.jpg?sw=280&sh=280,emb. 1 un,https://www.continente.pt/produto/base-de-rosto-lumi-matte-30h-98-maybelline-new-york-8242295.html,higiene-beleza,2025-04-21,Continente
Gel de Massagem Ice Feel 3 em 1,7416808,9.79,"€48,95/lt",Control,Beleza e Higiene/Preservativos e Estimuladores,https://www.continente.pt/dw/image/v2/BDVS_PRD/on/demandware.static/-/Sites-col-master-catalog/default/dw3733ff51/images/col/741/7416808-frente.jpg?sw=280&sh=280,emb. 200 ml,https://www.continente.pt/produto/gel-de-massagem-ice-feel-3-em-1-control-7416808.html,higiene-beleza,2025-04-21,Continente
Tónico Facial Ácido Hialurónico,7983876,12.9,"€12,90/un",Stay Well,Beleza e Higiene/Rosto/Hidratação,https://www.continente.pt/dw/image/v2/BDVS_PRD/on/demandware.static/-/Sites-col-master-catalog/default/dw65acfb11/images/col/798/7983876-frente.jpg?sw=280&sh=280,emb. 210 ml,https://www.continente.pt/produto/tonico-facial-acido-hialuronico-stay-well-7983876.html,higiene-beleza,2025-04-21,Continente
Batom Líquido Lifter Plump,347977,10.99,"€10,99/un",Maybelline New York,Beleza e Higiene/Maquilhagem/Lábios,https://www.continente.pt/dw/image/v2/BDVS_PRD/on/demandware.static/-/Sites-col-master-catalog/default/dw9363908f/images/col/797/7974229-hero.jpg?sw=280&sh=280,emb. 1 un,https://www.continente.pt/produto/batom-liquido-lifter-plump-maybelline-new-york-347977.html,higiene-beleza,2025-04-21,Continente
Sérum Facial Glow Peeling,7801741,6.99,"€233,00/lt",Soft&Co,Beleza e Higiene/Rosto/Antirrugas e Refirmantes,https://www.continente.pt/dw/image/v2/BDVS_PRD/on/demandware.static/-/Sites-col-master-catalog/default/dwe8ff4bdf/images/col/780/7801741-frente.jpg?sw=280&sh=280,emb. 30 ml,https://www.continente.pt/produto/serum-facial-glow-peeling-soft-co-7801741.html,higiene-beleza,2025-04-21,Continente
Coloração Permanente Nutrisse Preto Cereja 2.60,7439820,9.49,"€9,49/un",Garnier,Beleza e Higiene/Cabelo/Colorações,https://www.continente.pt/dw/image/v2/BDVS_PRD/on/demandware.static/-/Sites-col-master-catalog/default/dwa8eddd9c/images/col/743/7439820-frente.jpg?sw=280&sh=280,emb. 1 un,https://www.continente.pt/produto/coloracao-permanente-nutrisse-preto-cereja-2.60-garnier-7439820.html,higiene-beleza,2025-04-21,Continente
Medidor de Tensão de Pulso com LCD,7170412,14.99,"€14,99/un",Bazarão,Beleza e Higiene/Lenços e Cuidados de Saúde/Cuidados de Saúde,https://www.continente.pt/dw/image/v2/BDVS_PRD/on/demandware.static/-/Sites-col-master-catalog/default/dw77aca89c/images/col/717/7170412-frente.jpg?sw=280&sh=280,emb. 1 un,https://www.continente.pt/produto/medidor-de-tensao-de-pulso-com-lcd-bazarao-7170412.html,higiene-beleza,2025-04-21,Continente
Coffret Maquilhagem Sou Ousada + Oferta Mini Pincel,7645802,28.58,"€28,58/un",LOréal Paris,Beleza e Higiene/Coffrets e Presentes em Beleza/Maquilhagem para Oferecer,https://www.continente.pt/dw/image/v2/BDVS_PRD/on/demandware.static/-/Sites-col-master-catalog/default/dw1d3ff518/images/col/764/7645802-hero.jpg?sw=280&sh=280,emb. 1 un,https://www.continente.pt/produto/coffret-maquilhagem-sou-ousada-oferta-mini-pincel-loreal-paris-7645802.html,higiene-beleza,2025-04-21,Continente
Coloração Permanente Oleo Intense Cereja Profundo 4.23,5256795,7.49,"€7,49/un",Syoss,Beleza e Higiene/Cabelo/Colorações,https://www.continente.pt/dw/image/v2/BDVS_PRD/on/demandware.static/-/Sites-col-master-catalog/default/dwf76fdcf4/images/col/525/5256795-frente.jpg?sw=280&sh=280,emb. 1 un,https://www.continente.pt/produto/coloracao-permanente-oleo-intense-cereja-profundo-4.23-syoss-5256795.html,higiene-beleza,2025-04-21,Continente
Coloração Permanente Olia Glassy Merlot 5.52,8261294,11.99,"€11,99/un",Garnier,Beleza e Higiene/Cabelo/Colorações,https://www.continente.pt/dw/image/v2/BDVS_PRD/on/demandware.static/-/Sites-col-master-catalog/default/dw01040c40/images/col/826/8261294-hero-1.jpg?sw=280&sh=280,emb. 1 un,https://www.continente.pt/produto/coloracao-permanente-olia-glassy-merlot-5.52-garnier-8261294.html,higiene-beleza,2025-04-21,Continente
Gel de Rosto Calmante Jeju Fresh Aloe,8113129,7.69,,The Saem,Beleza e Higiene/Rosto/Hidratação,https://www.continente.pt/dw/image/v2/BDVS_PRD/on/demandware.static/-/Sites-col-master-catalog/default/dw8a21b9f8/images/col/811/8113129-frente.jpg?sw=280&sh=280,emb. 500  ml,https://www.continente.pt/produto/gel-de-rosto-calmante-jeju-fresh-aloe-the-saem-8113129.html,higiene-beleza,2025-04-21,Continente
Coffret Tabuleiro Verga Naturally,7854337,24.74,"€24,74/un",Naturally,Beleza e Higiene/Coffrets e Presentes em Beleza/Coffrets Rosto e Corpo,https://www.continente.pt/dw/image/v2/BDVS_PRD/on/demandware.static/-/Sites-col-master-catalog/default/dwb15250a8/images/col/785/7854337-frente.jpg?sw=280&sh=280,emb. 1 un,https://www.continente.pt/produto/coffret-tabuleiro-verga-naturally-naturally-7854337.html,higiene-beleza,2025-04-21,Continente
Base de Rosto Super Stay 30H 36,7368687,13.99,"€13,99/un",Maybelline New York,Beleza e Higiene/Maquilhagem/Rosto,https://www.continente.pt/dw/image/v2/BDVS_PRD/on/demandware.static/-/Sites-col-master-catalog/default/dw2bf6632f/images/col/736/7368687-frente.jpeg?sw=280&sh=280,emb. 1 un,https://www.continente.pt/produto/base-de-rosto-super-stay-30h-36-maybelline-new-york-7368687.html,higiene-beleza,2025-04-21,Continente
Creme Depilatório Corpo Sensitive,8147639,2.99,"€14,95/lt",MyLabel,Beleza e Higiene/Corpo/Depilação e Descoloração,https://www.continente.pt/dw/image/v2/BDVS_PRD/on/demandware.static/-/Sites-col-master-catalog/default/dw6f283575/images/col/814/8147639-frente.jpg?sw=280&sh=280,emb. 200 ml,https://www.continente.pt/produto/creme-depilatorio-corpo-sensitive-mylabel-8147639.html,higiene-beleza,2025-04-21,Continente
Mala de Maquilhagem Black & Rose Gold Filled,7850690,47.0,"€47,00/un",Technic,Beleza e Higiene/Coffrets e Presentes em Beleza/Maquilhagem para Oferecer,https://www.continente.pt/dw/image/v2/BDVS_PRD/on/demandware.static/-/Sites-col-master-catalog/default/dw3a5ac2c3/images/col/785/7850690-cima.jpg?sw=280&sh=280,emb. 1 un,https://www.continente.pt/produto/mala-de-maquilhagem-black-rose-gold-filled-technic-7850690.html,higiene-beleza,2025-04-21,Continente
Recarga de Lâminas King C. para Máquina Style Master,7462196,16.99,"€16,99/un",Gillette,Beleza e Higiene/Homem/Barba,https://www.continente.pt/dw/image/v2/BDVS_PRD/on/demandware.static/-/Sites-col-master-catalog/default/dw00ec5376/images/col/746/7462196-frente.jpg?sw=280&sh=280,emb. 1 un,https://www.continente.pt/produto/recarga-de-laminas-king-c.-para-maquina-style-master-gillette-7462196.html,higiene-beleza,2025-04-21,Continente
Aparador Híbrido XT5100,8241907,67.99,"€67,99/un",Braun,Beleza e Higiene/Homem/Barba,https://www.continente.pt/dw/image/v2/BDVS_PRD/on/demandware.static/-/Sites-col-master-catalog/default/dw351f7895/images/col/824/8241907-frente.png?sw=280&sh=280,emb. 1 un,https://www.continente.pt/produto/aparador-hibrido-xt5100-braun-8241907.html,higiene-beleza,2025-04-21,Continente
Estimulador Soul Vibes Light My Fire,7757883,62.3,"€62,30/un",Control,Beleza e Higiene/Preservativos e Estimuladores,https://www.continente.pt/dw/image/v2/BDVS_PRD/on/demandware.static/-/Sites-col-master-catalog/default/dwc86666c6/images/col/775/7757883-frente-1.jpg?sw=280&sh=280,emb. 1 un,https://www.continente.pt/produto/estimulador-soul-vibes-light-my-fire-control-7757883.html,higiene-beleza,2025-04-21,Continente
Aparador Multifunções USB com 4 Pentes,7859148,14.99,"€14,99/un",Bazarão,"Casa, Bricolage e Jardim/Eletrodomésticos/Máquinas Barbear, Secadores e Alisadores",https://www.continente.pt/dw/image/v2/BDVS_PRD/on/demandware.static/-/Sites-col-master-catalog/default/dw7047e058/images/col/785/7859148-frente.jpg?sw=280&sh=280,emb. 1 un,https://www.continente.pt/produto/aparador-multifuncoes-usb-com-4-pentes-bazarao-7859148.html,higiene-beleza,2025-04-21,Continente
Pincéis de Maquilhagem para Olhos Prism Glo Duo,7650437,5.62,"€5,62/un",Real Techniques,Beleza e Higiene/Maquilhagem/Acessórios,https://www.continente.pt/dw/image/v2/BDVS_PRD/on/demandware.static/-/Sites-col-master-catalog/default/dw7ca9d44b/images/col/765/7650437-frente.jpg?sw=280&sh=280,emb. 1 un,https://www.continente.pt/produto/pinceis-de-maquilhagem-para-olhos-prism-glo-duo-real-techniques-7650437.html,higiene-beleza,2025-04-21,Continente
Espuma Cabelo Volume Lift,4400752,4.01,"€16,04/lt",Syoss,"Beleza e Higiene/Cabelo/Spray, Espuma, Creme e Gel/Espuma e Creme",https://www.continente.pt/dw/image/v2/BDVS_PRD/on/demandware.static/-/Sites-col-master-catalog/default/dw9ca912f5/images/col/440/4400752-frente.jpg?sw=280&sh=280,emb. 250 ml,https://www.continente.pt/produto/espuma-cabelo-volume-lift-syoss-4400752.html,higiene-beleza,2025-04-21,Continente
Escova Cabelo Térmica Grande,5818650,3.49,"€3,49/un",MyLabel,Beleza e Higiene/Cabelo/Acessórios,https://www.continente.pt/dw/image/v2/BDVS_PRD/on/demandware.static/-/Sites-col-master-catalog/default/dwf5a5efb2/images/col/581/5818650-frente.jpg?sw=280&sh=280,emb. 1 un,https://www.continente.pt/produto/escova-cabelo-termica-grande-mylabel-5818650.html,higiene-beleza,2025-04-21,Continente
Base de Rosto Stay All Day 16H Long Lasting 8,7379853,4.89,"€4,89/un",Essence,Beleza e Higiene/Maquilhagem/Rosto,https://www.continente.pt/dw/image/v2/BDVS_PRD/on/demandware.static/-/Sites-col-master-catalog/default/dwcb715b17/images/col/737/7379853-frente.jpg?sw=280&sh=280,emb. 1 un,https://www.continente.pt/produto/base-de-rosto-stay-all-day-16h-long-lasting-8-essence-7379853.html,higiene-beleza,2025-04-21,Continente
Coffret Maquilhagem 8 Peças,7850693,16.37,"€16,37/un",Technic,Beleza e Higiene/Coffrets e Presentes em Beleza/Maquilhagem para Oferecer,https://www.continente.pt/dw/image/v2/BDVS_PRD/on/demandware.static/-/Sites-col-master-catalog/default/dw66629277/images/col/785/7850693-frente-1.jpg?sw=280&sh=280,emb. 1 un,https://www.continente.pt/produto/coffret-maquilhagem-8-pecas-technic-7850693.html,higiene-beleza,2025-04-21,Continente
Coloração Permanente Intensive Castanho Claro Avermelhado 5.68,8211107,4.91,"€4,91/un",Palette,Beleza e Higiene/Cabelo/Colorações,https://www.continente.pt/dw/image/v2/BDVS_PRD/on/demandware.static/-/Sites-col-master-catalog/default/dw4055734b/images/col/821/8211107-frente.png?sw=280&sh=280,emb. 1 un,https://www.continente.pt/produto/coloracao-permanente-intensive-castanho-claro-avermelhado-5.68-palette-8211107.html,higiene-beleza,2025-04-21,Continente
Coffret Lovely Bubble Relax,7853434,12.74,"€12,74/un",Lovely Bubbly,Beleza e Higiene/Coffrets e Presentes em Beleza/Coffrets Rosto e Corpo,https://www.continente.pt/dw/image/v2/BDVS_PRD/on/demandware.static/-/Sites-col-master-catalog/default/dw96056338/images/col/785/7853434-hero.jpg?sw=280&sh=280,emb. 1 un,https://www.continente.pt/produto/coffret-lovely-bubble-relax-lovely-bubbly-7853434.html,higiene-beleza,2025-04-21,Continente
Base de Rosto Infaillible 32h Fresh Wear 260,6732842,11.69,"€11,69/un",LOréal Paris,Beleza e Higiene/Maquilhagem/Rosto,https://www.continente.pt/dw/image/v2/BDVS_PRD/on/demandware.static/-/Sites-col-master-catalog/default/dw9b1b2da1/images/col/673/6732842-frente.jpg?sw=280&sh=280,emb. 30 ml,https://www.continente.pt/produto/base-de-rosto-infaillible-32h-fresh-wear-260-loreal-paris-6732842.html,higiene-beleza,2025-04-21,Continente
Coffret Maquilhagem Hot Foil,7850695,11.25,"€11,25/un",Technic,Beleza e Higiene/Coffrets e Presentes em Beleza/Maquilhagem para Oferecer,https://www.continente.pt/dw/image/v2/BDVS_PRD/on/demandware.static/-/Sites-col-master-catalog/default/dw8c79e4ab/images/col/785/7850695-frente.jpg?sw=280&sh=280,emb. 1 un,https://www.continente.pt/produto/coffret-maquilhagem-hot-foil-technic-7850695.html,higiene-beleza,2025-04-21,Continente
Eau de Parfum Honor,7864517,10.99,,MyLabel,Beleza e Higiene/Corpo/Colónias e Perfumes,https://www.continente.pt/dw/image/v2/BDVS_PRD/on/demandware.static/-/Sites-col-master-catalog/default/dwb99a5238/images/col/786/7864517-frente.jpg?sw=280&sh=280,emb. 100 ml,https://www.continente.pt/produto/eau-de-parfum-honor-mylabel-7864517.html,higiene-beleza,2025-04-21,Continente
Coloração Temporária Henna Cream Preto 1.0,7717151,8.99,"€8,99/un",Naturtint,Beleza e Higiene/Cabelo/Colorações,https://www.continente.pt/dw/image/v2/BDVS_PRD/on/demandware.static/-/Sites-col-master-catalog/default/dw2af75200/images/col/771/7717151-direito.jpg?sw=280&sh=280,emb. 1 un,https://www.continente.pt/produto/coloracao-temporaria-henna-cream-preto-1.0-naturtint-7717151.html,higiene-beleza,2025-04-21,Continente
Conjunto Máquina de Barbear Clássica e 5 Carregadores,5692808,7.49,"€7,49/un",Wilkinson,Beleza e Higiene/Homem/Barba,https://www.continente.pt/dw/image/v2/BDVS_PRD/on/demandware.static/-/Sites-col-master-catalog/default/dw2822ac42/images/col/569/5692808-frente.jpg?sw=280&sh=280,emb. 1 un,https://www.continente.pt/produto/conjunto-maquina-de-barbear-classica-e-5-carregadores-wilkinson-5692808.html,higiene-beleza,2025-04-21,Continente
Pente Barba e Bigode,6609660,6.5,"€6,50/un",Barb Xpert,Beleza e Higiene/Homem/Barba,https://www.continente.pt/dw/image/v2/BDVS_PRD/on/demandware.static/-/Sites-col-master-catalog/default/dw2e81f30d/images/col/660/6609660-frente.jpg?sw=280&sh=280,emb. 1 un,https://www.continente.pt/produto/pente-barba-e-bigode-barb-xpert-6609660.html,higiene-beleza,2025-04-21,Continente
Desodorizante Spray Raspberry Rose Todo o Corpo,8283360,6.39,"€85,20/lt",Dove,Beleza e Higiene/Corpo/Desodorizantes,https://www.continente.pt/dw/image/v2/BDVS_PRD/on/demandware.static/-/Sites-col-master-catalog/default/dwbe73f34d/images/col/828/8283360-frente.jpg?sw=280&sh=280,emb. 75 ml,https://www.continente.pt/produto/desodorizante-spray-raspberry-rose-todo-o-corpo-dove-8283360.html,higiene-beleza,2025-04-21,Continente
Batom Lip&Cheek Caring Beauty Coral,8039953,4.15,"€4,15/un",Labello,Beleza e Higiene/Maquilhagem/Lábios,https://www.continente.pt/dw/image/v2/BDVS_PRD/on/demandware.static/-/Sites-col-master-catalog/default/dw5d5c52ff/images/col/803/8039953-hero.jpg?sw=280&sh=280,emb. 1 un,https://www.continente.pt/produto/batom-lip-cheek-caring-beauty-coral-labello-8039953.html,higiene-beleza,2025-04-21,Continente
Verniz de Unhas Gel Nail Colour 47,7549960,1.99,"€1,99/un",Essence,Beleza e Higiene/Maquilhagem/Unhas,https://www.continente.pt/dw/image/v2/BDVS_PRD/on/demandware.static/-/Sites-col-master-catalog/default/dw84ff9951/images/col/754/7549960-frente.jpg?sw=280&sh=280,emb. 1 un,https://www.continente.pt/produto/verniz-de-unhas-gel-nail-colour-47-essence-7549960.html,higiene-beleza,2025-04-21,Continente
Rotina Luminous Skin Glow + Oferta Sérum 15 ml,8422469,34.98,"€34,98/un",Nivea,Beleza e Higiene/Rosto/Hidratação,https://www.continente.pt/dw/image/v2/BDVS_PRD/on/demandware.static/-/Sites-col-master-catalog/default/dw82879fb7/images/col/842/8422469-frente.jpg?sw=280&sh=280,emb. 100 ml + 30 ml,https://www.continente.pt/produto/rotina-luminous-skin-glow-oferta-serum-15-ml-nivea-8422469.html,higiene-beleza,2025-04-21,Continente
Coffret Tabuleiro de Banho Naturally,7854305,22.5,"€22,50/un",Naturally,Beleza e Higiene/Coffrets e Presentes em Beleza/Coffrets Rosto e Corpo,https://www.continente.pt/dw/image/v2/BDVS_PRD/on/demandware.static/-/Sites-col-master-catalog/default/dw6248b8c5/images/col/785/7854305-hero.jpg?sw=280&sh=280,emb. 1 un,https://www.continente.pt/produto/coffret-tabuleiro-de-banho-naturally-naturally-7854305.html,higiene-beleza,2025-04-21,Continente
Escova de Barbear King C.,7837491,14.49,"€14,49/un",Gillette,Beleza e Higiene/Homem/Barba,https://www.continente.pt/dw/image/v2/BDVS_PRD/on/demandware.static/-/Sites-col-master-catalog/default/dw5a58313c/images/col/783/7837491-hero.jpg?sw=280&sh=280,emb. 1 un,https://www.continente.pt/produto/escova-de-barbear-king-c.-gillette-7837491.html,higiene-beleza,2025-04-21,Continente
Eau de Parfum Why The Hell Not,8177632,13.99,"€139,90/lt",MyLabel,Beleza e Higiene/Corpo/Colónias e Perfumes,https://www.continente.pt/dw/image/v2/BDVS_PRD/on/demandware.static/-/Sites-col-master-catalog/default/dw8d826e6a/images/col/817/8177632-frente.png?sw=280&sh=280,emb. 100 ml,https://www.continente.pt/produto/eau-de-parfum-why-the-hell-not-mylabel-8177632.html,higiene-beleza,2025-04-21,Continente
Creme de Rosto Salironic,8117120,11.95,,SNP,Beleza e Higiene/Rosto/Hidratação,https://www.continente.pt/dw/image/v2/BDVS_PRD/on/demandware.static/-/Sites-col-master-catalog/default/dwc404a8ee/images/col/811/8117120-frente.png?sw=280&sh=280,emb. 55 ml,https://www.continente.pt/produto/creme-de-rosto-salironic-snp-8117120.html,higiene-beleza,2025-04-21,Continente
Óleo de Cabelo Pinga Açaí e Pracaxi,7677342,11.06,"€11,06/un",Lola,Beleza e Higiene/Cabelo/Máscaras e Tratamentos,https://www.continente.pt/dw/image/v2/BDVS_PRD/on/demandware.static/-/Sites-col-master-catalog/default/dwdd49580b/images/col/767/7677342-frente.jpg?sw=280&sh=280,emb. 50 ml,https://www.continente.pt/produto/oleo-de-cabelo-pinga-acai-e-pracaxi-lola-7677342.html,higiene-beleza,2025-04-21,Continente
Coffret Caixa Spring Peony,7850105,8.49,"€8,49/un",Belle&Whistle,Beleza e Higiene/Coffrets e Presentes em Beleza/Coffrets Rosto e Corpo,https://www.continente.pt/dw/image/v2/BDVS_PRD/on/demandware.static/-/Sites-col-master-catalog/default/dw8350dbff/images/col/785/7850105-hero.jpg?sw=280&sh=280,emb. 1 un,https://www.continente.pt/produto/coffret-caixa-spring-peony-belle-whistle-7850105.html,higiene-beleza,2025-04-21,Continente
Coloração Permanente Olia Louro Muito Claro 9.0,5037199,8.39,"€8,39/un",Garnier,Beleza e Higiene/Cabelo/Colorações,https://www.continente.pt/dw/image/v2/BDVS_PRD/on/demandware.static/-/Sites-col-master-catalog/default/dwf416bf9d/images/col/503/5037199-direito.jpg?sw=280&sh=280,emb. 1 un,https://www.continente.pt/produto/coloracao-permanente-olia-louro-muito-claro-9.0-garnier-5037199.html,higiene-beleza,2025-04-21,Continente
Máscara de Pestanas I Love Extreme Volume à Prova de Água,5598856,3.59,"€3,59/un",Essence,Beleza e Higiene/Maquilhagem/Olhos,https://www.continente.pt/dw/image/v2/BDVS_PRD/on/demandware.static/-/Sites-col-master-catalog/default/dw32c92360/images/col/559/5598856-frente.jpg?sw=280&sh=280,emb. 1 un,https://www.continente.pt/produto/mascara-de-pestanas-i-love-extreme-volume-a-prova-de-agua-essence-5598856.html,higiene-beleza,2025-04-21,Continente
Recarga de Lâminas Fusion,7360662,34.99,"€34,99/un",Gillette,Beleza e Higiene/Homem/Barba,https://www.continente.pt/dw/image/v2/BDVS_PRD/on/demandware.static/-/Sites-col-master-catalog/default/dw125b822e/images/col/736/7360662-hero.jpg?sw=280&sh=280,emb. 8 un,https://www.continente.pt/produto/recarga-de-laminas-fusion-gillette-7360662.html,higiene-beleza,2025-04-21,Continente
Coffret Bold,8091396,15.99,"€15,99/un",MyLabel,Beleza e Higiene/Coffrets e Presentes em Beleza/O Perfume Perfeito,https://www.continente.pt/dw/image/v2/BDVS_PRD/on/demandware.static/-/Sites-col-master-catalog/default/dw0a41b456/images/col/809/8091396-hero.png?sw=280&sh=280,emb. 1 un,https://www.continente.pt/produto/coffret-bold-mylabel-8091396.html,higiene-beleza,2025-04-21,Continente
Lip Balm Livro da Selva,8157706,13.99,"€13,99/un",Mad Beauty,Beleza e Higiene/Coffrets e Presentes em Beleza/Maquilhagem para Oferecer,https://www.continente.pt/dw/image/v2/BDVS_PRD/on/demandware.static/-/Sites-col-master-catalog/default/dwad400f4a/images/col/815/8157706-frente.jpg?sw=280&sh=280,emb. 2 un,https://www.continente.pt/produto/lip-balm-livro-da-selva-mad-beauty-8157706.html,higiene-beleza,2025-04-21,Continente
Tratamento Cabelo Óleo de Argão de Marrocos Light,7744784,7.99,"€45,14/lt",OGX,Beleza e Higiene/Cabelo/Máscaras e Tratamentos,https://www.continente.pt/dw/image/v2/BDVS_PRD/on/demandware.static/-/Sites-col-master-catalog/default/dwf9eed6fc/images/col/774/7744784-frente.jpg?sw=280&sh=280,emb. 177 ml,https://www.continente.pt/produto/tratamento-cabelo-oleo-de-argao-de-marrocos-light-ogx-7744784.html,higiene-beleza,2025-04-21,Continente
Verniz de Unhas Color,289603,7.99,"€7,99/un",Essie,Beleza e Higiene/Maquilhagem/Unhas,https://www.continente.pt/dw/image/v2/BDVS_PRD/on/demandware.static/-/Sites-col-master-catalog/default/dw1a5a9d26/images/col/531/5318739-frente.jpg?sw=280&sh=280,"emb. 13,5 ml",https://www.continente.pt/produto/verniz-de-unhas-color-essie-289603.html,higiene-beleza,2025-04-21,Continente
Gel de Limpeza Advantage,4103385,6.81,"€45,40/lt",Clean & Clear,Beleza e Higiene/Rosto/Acne e Pele Oleosa,https://www.continente.pt/dw/image/v2/BDVS_PRD/on/demandware.static/-/Sites-col-master-catalog/default/dw2b27e7a4/images/col/410/4103385-frente.jpg?sw=280&sh=280,emb. 150 ml,https://www.continente.pt/produto/gel-de-limpeza-advantage-clean-clear-4103385.html,higiene-beleza,2025-04-21,Continente
Desodorizante Spray Rock,8014872,5.49,"€36,60/lt",Old Spice,Beleza e Higiene/Homem/Desodorizantes,https://www.continente.pt/dw/image/v2/BDVS_PRD/on/demandware.static/-/Sites-col-master-catalog/default/dw54bfbaf0/images/col/801/8014872-hero.jpg?sw=280&sh=280,emb. 150 ml,https://www.continente.pt/produto/desodorizante-spray-rock-old-spice-8014872.html,higiene-beleza,2025-04-21,Continente
Lâminas Descartáveis Blue II Plus,4335919,3.09,"€0,62/un",Gillette,Beleza e Higiene/Homem/Barba,https://www.continente.pt/dw/image/v2/BDVS_PRD/on/demandware.static/-/Sites-col-master-catalog/default/dw832957c3/images/col/433/4335919-frente.jpg?sw=280&sh=280,emb. 6 un,https://www.continente.pt/produto/laminas-descartaveis-blue-ii-plus-gillette-4335919.html,higiene-beleza,2025-04-21,Continente
Máquina de Barbear Series 7 71-S7200cc,8174007,289.99,"€289,99/un",Braun,Beleza e Higiene/Homem/Barba,https://www.continente.pt/dw/image/v2/BDVS_PRD/on/demandware.static/-/Sites-col-master-catalog/default/dwf71afe72/images/col/817/8174007-hero.png?sw=280&sh=280,emb. 1 un,https://www.continente.pt/produto/maquina-de-barbear-series-7-71-s7200cc-braun-8174007.html,higiene-beleza,2025-04-21,Continente
Palete Sombras de Olhos Maxi Re-Loaded Large It Up,7018895,11.24,"€11,24/un",Revolution,Beleza e Higiene/Maquilhagem/Olhos,https://www.continente.pt/dw/image/v2/BDVS_PRD/on/demandware.static/-/Sites-col-master-catalog/default/dw2007e717/images/col/701/7018895-frente.jpg?sw=280&sh=280,emb. 1 un,https://www.continente.pt/produto/palete-sombras-de-olhos-maxi-re-loaded-large-it-up-revolution-7018895.html,higiene-beleza,2025-04-21,Continente
Creme de Rosto Anti-manchas Doble Fuerza,4083676,11.12,"€370,67/lt",Bella Aurora,Beleza e Higiene/Rosto/Hidratação,https://www.continente.pt/dw/image/v2/BDVS_PRD/on/demandware.static/-/Sites-col-master-catalog/default/dwfef3cae0/images/col/408/4083676-frente-1.jpg?sw=280&sh=280,emb. 30 ml,https://www.continente.pt/produto/creme-de-rosto-anti-manchas-doble-fuerza-bella-aurora-4083676.html,higiene-beleza,2025-04-21,Continente
BB Cream Fond de Teint Medium,5099360,10.86,"€10,86/un",Rimmel,Beleza e Higiene/Maquilhagem/Rosto,https://www.continente.pt/dw/image/v2/BDVS_PRD/on/demandware.static/-/Sites-col-master-catalog/default/dwf320067a/images/col/509/5099360-frente.jpg?sw=280&sh=280,emb. 30 ml,https://www.continente.pt/produto/bb-cream-fond-de-teint-medium-rimmel-5099360.html,higiene-beleza,2025-04-21,Continente
Unhas Falsas Salon Acrylic Nude Nails,7106979,9.99,"€9,99/un",Kiss,Beleza e Higiene/Maquilhagem/Unhas,https://www.continente.pt/dw/image/v2/BDVS_PRD/on/demandware.static/-/Sites-col-master-catalog/default/dw5eb5d369/images/col/710/7106979-frente.jpg?sw=280&sh=280,emb. 1 un,https://www.continente.pt/produto/unhas-falsas-salon-acrylic-nude-nails-kiss-7106979.html,higiene-beleza,2025-04-21,Continente
Primer Rosto Hydrate,6939521,8.99,"€8,99/un",Revolution,Beleza e Higiene/Maquilhagem/Rosto,https://www.continente.pt/dw/image/v2/BDVS_PRD/on/demandware.static/-/Sites-col-master-catalog/default/dw3d4894bc/images/col/693/6939521-frente.jpg?sw=280&sh=280,emb. 1 un,https://www.continente.pt/produto/primer-rosto-hydrate-revolution-6939521.html,higiene-beleza,2025-04-21,Continente
Sombra de Olhos Galactic Azul Cinza,8098937,4.99,"€4,99/un",MyLabel,Beleza e Higiene/Maquilhagem/Olhos,https://www.continente.pt/dw/image/v2/BDVS_PRD/on/demandware.static/-/Sites-col-master-catalog/default/dwfd783e0a/images/col/809/8098937-frente.png?sw=280&sh=280,emb. 1 un,https://www.continente.pt/produto/sombra-de-olhos-galactic-azul-cinza-mylabel-8098937.html,higiene-beleza,2025-04-21,Continente
After Sun Loção Intensificador Bronze,7831917,4.79,"€19,16/lt",MyLabel,Beleza e Higiene/Corpo/Protetores Solares e Bronzeadores/After Sun,https://www.continente.pt/dw/image/v2/BDVS_PRD/on/demandware.static/-/Sites-col-master-catalog/default/dwada41fdb/images/col/783/7831917-frente.jpg?sw=280&sh=280,emb. 250 ml,https://www.continente.pt/produto/after-sun-locao-intensificador-bronze-mylabel-7831917.html,higiene-beleza,2025-04-21,Continente
Condicionador Fructis Hair Food Ananás,7654893,3.95,"€11,29/lt",Garnier,Beleza e Higiene/Cabelo/Condicionadores,https://www.continente.pt/dw/image/v2/BDVS_PRD/on/demandware.static/-/Sites-col-master-catalog/default/dwd7d9fdef/images/col/765/7654893-frente.jpg?sw=280&sh=280,emb. 350 ml,https://www.continente.pt/produto/condicionador-fructis-hair-food-ananas-garnier-7654893.html,higiene-beleza,2025-04-21,Continente
Pincel de Maquilhagem para Sobrancelhas,4863915,1.69,"€1,69/un",Essence,Beleza e Higiene/Maquilhagem/Acessórios,https://www.continente.pt/dw/image/v2/BDVS_PRD/on/demandware.static/-/Sites-col-master-catalog/default/dwbe109f2d/images/col/486/4863915-frente.jpg?sw=280&sh=280,emb. 1 un,https://www.continente.pt/produto/pincel-de-maquilhagem-para-sobrancelhas-essence-4863915.html,higiene-beleza,2025-04-21,Continente
Coffret Warm&Cosy Cesto de Banho,7854317,34.99,"€34,99/un",Warm&Cosy,Beleza e Higiene/Coffrets e Presentes em Beleza/Coffrets Rosto e Corpo,https://www.continente.pt/dw/image/v2/BDVS_PRD/on/demandware.static/-/Sites-col-master-catalog/default/dwc6ab59cf/images/col/785/7854317-hero.jpg?sw=280&sh=280,emb. 1 un,https://www.continente.pt/produto/coffret-warm-cosy-cesto-de-banho-warm-cosy-7854317.html,higiene-beleza,2025-04-21,Continente
Recarga Escova de Dentes Elétrica iO Gentle Care,8386846,32.29,"€8,07/un",Oral-B,Beleza e Higiene/Higiene Oral/Escovas de Dentes,https://www.continente.pt/dw/image/v2/BDVS_PRD/on/demandware.static/-/Sites-col-master-catalog/default/dw778a77af/images/col/838/8386846-hero.png?sw=280&sh=280,emb. 4 un,https://www.continente.pt/produto/recarga-escova-de-dentes-eletrica-io-gentle-care-oral-b-8386846.html,higiene-beleza,2025-04-21,Continente
Perfume Black,7127550,31.74,"€158,70/lt",Antonio Banderas,Beleza e Higiene/Corpo/Colónias e Perfumes,https://www.continente.pt/dw/image/v2/BDVS_PRD/on/demandware.static/-/Sites-col-master-catalog/default/dwacb59b1f/images/col/712/7127550-direito.jpg?sw=280&sh=280,emb. 200 ml,https://www.continente.pt/produto/perfume-black-antonio-banderas-7127550.html,higiene-beleza,2025-04-21,Continente
Máscara Cabelo Definição de Caracóis,7717138,16.99,"€16,99/un",Naturtint,Beleza e Higiene/Cabelo/Máscaras e Tratamentos,https://www.continente.pt/dw/image/v2/BDVS_PRD/on/demandware.static/-/Sites-col-master-catalog/default/dwa5cb7a81/images/col/771/7717138-frente.jpg?sw=280&sh=280,emb. 330 ml,https://www.continente.pt/produto/mascara-cabelo-definicao-de-caracois-naturtint-7717138.html,higiene-beleza,2025-04-21,Continente
Base de Rosto Lumi Matte 30H 115,8242282,13.99,"€13,99/un",Maybelline New York,Beleza e Higiene/Maquilhagem/Rosto,https://www.continente.pt/dw/image/v2/BDVS_PRD/on/demandware.static/-/Sites-col-master-catalog/default/dw48300abb/images/col/824/8242282-hero-1.jpg?sw=280&sh=280,emb. 1 un,https://www.continente.pt/produto/base-de-rosto-lumi-matte-30h-115-maybelline-new-york-8242282.html,higiene-beleza,2025-04-21,Continente
Base de Rosto Lumi Matte 30H 248,8242288,13.99,"€13,99/un",Maybelline New York,Beleza e Higiene/Maquilhagem/Rosto,https://www.continente.pt/dw/image/v2/BDVS_PRD/on/demandware.static/-/Sites-col-master-catalog/default/dw134b6fee/images/col/824/8242288-hero-1.jpg?sw=280&sh=280,emb. 1 un,https://www.continente.pt/produto/base-de-rosto-lumi-matte-30h-248-maybelline-new-york-8242288.html,higiene-beleza,2025-04-21,Continente
Máscara de Sobrancelhas Gel Brows Tattoo Studio,332974,13.99,"€13,99/un",Maybelline New York,Beleza e Higiene/Maquilhagem/Olhos,https://www.continente.pt/dw/image/v2/BDVS_PRD/on/demandware.static/-/Sites-col-master-catalog/default/dw0ca776c0/images/col/774/7742714-frente.jpg?sw=280&sh=280,,https://www.continente.pt/produto/mascara-de-sobrancelhas-gel-brows-tattoo-studio-maybelline-new-york-332974.html,higiene-beleza,2025-04-21,Continente
Batom Infaillible Les Chocolats 852,6732847,13.99,"€13,99/un",LOréal Paris,Beleza e Higiene/Maquilhagem/Lábios,https://www.continente.pt/dw/image/v2/BDVS_PRD/on/demandware.static/-/Sites-col-master-catalog/default/dw8e80aedf/images/col/673/6732847-frente.jpg?sw=280&sh=280,emb. 1 un,https://www.continente.pt/produto/batom-infaillible-les-chocolats-852-loreal-paris-6732847.html,higiene-beleza,2025-04-21,Continente
Máscara de Pestanas Lash Sensational Sky High Pink,7974264,12.99,"€12,99/un",Maybelline New York,Beleza e Higiene/Maquilhagem/Olhos,https://www.continente.pt/dw/image/v2/BDVS_PRD/on/demandware.static/-/Sites-col-master-catalog/default/dw55cad16f/images/col/797/7974264-hero.jpg?sw=280&sh=280,emb. 1 un,https://www.continente.pt/produto/mascara-de-pestanas-lash-sensational-sky-high-pink-maybelline-new-york-7974264.html,higiene-beleza,2025-04-21,Continente
Base de Rosto Match Perfection Ivpry 100,7619815,12.14,"€12,14/un",Rimmel,Beleza e Higiene/Maquilhagem/Rosto,https://www.continente.pt/dw/image/v2/BDVS_PRD/on/demandware.static/-/Sites-col-master-catalog/default/dwa7fc191b/images/col/761/7619815-frente.jpg?sw=280&sh=280,emb. 30 ml,https://www.continente.pt/produto/base-de-rosto-match-perfection-ivpry-100-rimmel-7619815.html,higiene-beleza,2025-04-21,Continente
Detergente Máquina Loiça Pastilhas Platinum Plus,8428103,11.99,"€0,33/un",Fairy,Limpeza/Cozinha/Detergente Máquina Loiça,https://www.continente.pt/dw/image/v2/BDVS_PRD/on/demandware.static/-/Sites-col-master-catalog/default/dwe67b5cc4/images/col/842/8428103-hero.png?sw=280&sh=280,36 doses,https://www.continente.pt/produto/detergente-maquina-loica-pastilhas-platinum-plus-fairy-8428103.html,higiene-beleza,2025-04-21,Continente
Eau de Toilette Orange,8172477,7.99,"€79,90/lt",MyLabel,Beleza e Higiene/Corpo/Colónias e Perfumes,https://www.continente.pt/dw/image/v2/BDVS_PRD/on/demandware.static/-/Sites-col-master-catalog/default/dw82cd19d5/images/col/817/8172477-frente.jpg?sw=280&sh=280,emb. 100 ml,https://www.continente.pt/produto/eau-de-toilette-orange-mylabel-8172477.html,higiene-beleza,2025-04-21,Continente
Verniz de Unhas Muchi Muchi 17,5009510,7.49,"€7,49/un",Essie,Beleza e Higiene/Maquilhagem/Unhas,https://www.continente.pt/dw/image/v2/BDVS_PRD/on/demandware.static/-/Sites-col-master-catalog/default/dwaf9fa6c1/images/col/500/5009510-frente.jpg?sw=280&sh=280,"emb. 13,5 ml",https://www.continente.pt/produto/verniz-de-unhas-muchi-muchi-17-essie-5009510.html,higiene-beleza,2025-04-21,Continente
Detergente Máquina Loiça Pastilhas Tudo em 1 Limão,8428112,7.49,"€0,26/un",Fairy,Limpeza/Cozinha/Detergente Máquina Loiça,https://www.continente.pt/dw/image/v2/BDVS_PRD/on/demandware.static/-/Sites-col-master-catalog/default/dw4195ac67/images/col/842/8428112-hero.png?sw=280&sh=280,29 doses,https://www.continente.pt/produto/detergente-maquina-loica-pastilhas-tudo-em-1-limao-fairy-8428112.html,higiene-beleza,2025-04-21,Continente
Iluminador Galactic Watery 05,8098931,7.49,"€7,49/un",MyLabel,Beleza e Higiene/Maquilhagem/Rosto,https://www.continente.pt/dw/image/v2/BDVS_PRD/on/demandware.static/-/Sites-col-master-catalog/default/dw1835642c/images/col/809/8098931-frente.png?sw=280&sh=280,emb. 1 un,https://www.continente.pt/produto/iluminador-galactic-watery-05-mylabel-8098931.html,higiene-beleza,2025-04-21,Continente
Espelho Compacto com 2 Lados,7483728,7.24,"€7,24/un",Jean Louis David,Beleza e Higiene/Maquilhagem/Acessórios,https://www.continente.pt/dw/image/v2/BDVS_PRD/on/demandware.static/-/Sites-col-master-catalog/default/dw6eb2c623/images/col/748/7483728-frente.jpg?sw=280&sh=280,emb. 1 un,https://www.continente.pt/produto/espelho-compacto-com-2-lados-jean-louis-david-7483728.html,higiene-beleza,2025-04-21,Continente
Blush Cheek Heat Nude Burn 15,7742707,6.99,"€6,99/un",Maybelline New York,Beleza e Higiene/Maquilhagem/Rosto,https://www.continente.pt/dw/image/v2/BDVS_PRD/on/demandware.static/-/Sites-col-master-catalog/default/dw7c8ff4e0/images/col/774/7742707-frente.jpg?sw=280&sh=280,emb. 1 un,https://www.continente.pt/produto/blush-cheek-heat-nude-burn-15-maybelline-new-york-7742707.html,higiene-beleza,2025-04-21,Continente
Batom Lifter Gloss 007,7368700,6.49,"€6,49/un",Maybelline New York,Beleza e Higiene/Maquilhagem/Lábios,https://www.continente.pt/dw/image/v2/BDVS_PRD/on/demandware.static/-/Sites-col-master-catalog/default/dw601641c8/images/col/736/7368700-frente.jpeg?sw=280&sh=280,emb. 1 un,https://www.continente.pt/produto/batom-lifter-gloss-007-maybelline-new-york-7368700.html,higiene-beleza,2025-04-21,Continente
Lip Gloss e Sombra de Olhos Galactic 01,8098940,5.99,"€5,99/un",MyLabel,Beleza e Higiene/Maquilhagem/Lábios,https://www.continente.pt/dw/image/v2/BDVS_PRD/on/demandware.static/-/Sites-col-master-catalog/default/dw5e545e66/images/col/809/8098940-frente.png?sw=280&sh=280,emb. 1 un,https://www.continente.pt/produto/lip-gloss-e-sombra-de-olhos-galactic-01-mylabel-8098940.html,higiene-beleza,2025-04-21,Continente
Lip Gloss Bomb Plumping Kiss,7486271,5.99,"€748,75/lt",Revolution,Beleza e Higiene/Maquilhagem/Lábios,https://www.continente.pt/dw/image/v2/BDVS_PRD/on/demandware.static/-/Sites-col-master-catalog/default/dw4cdf4683/images/col/748/7486271-frente-1.jpg?sw=280&sh=280,emb. 1 un,https://www.continente.pt/produto/lip-gloss-bomb-plumping-kiss-revolution-7486271.html,higiene-beleza,2025-04-21,Continente
Preservativos Stimulating,2122833,5.6,"€0,93/un",Harmony,Beleza e Higiene/Preservativos e Estimuladores,https://www.continente.pt/dw/image/v2/BDVS_PRD/on/demandware.static/-/Sites-col-master-catalog/default/dw041b5452/images/col/212/2122833-frente-online.jpg?sw=280&sh=280,emb. 6 un,https://www.continente.pt/produto/preservativos-stimulating-harmony-2122833.html,higiene-beleza,2025-04-21,Continente
Pinça Cabelo Laço Triplo Criança,6866567,3.49,"€3,49/un",MyLabel,Beleza e Higiene/Cabelo/Acessórios,https://www.continente.pt/dw/image/v2/BDVS_PRD/on/demandware.static/-/Sites-col-master-catalog/default/dwde45b620/images/col/686/6866567-frente.jpg?sw=280&sh=280,emb. 1 un,https://www.continente.pt/produto/pinca-cabelo-laco-triplo-crianca-mylabel-6866567.html,higiene-beleza,2025-04-21,Continente
Verniz de Unhas Gel Revitalizante 002,8064232,3.49,"€3,49/un",MyLabel,Beleza e Higiene/Maquilhagem/Unhas,https://www.continente.pt/dw/image/v2/BDVS_PRD/on/demandware.static/-/Sites-col-master-catalog/default/dwc1f71967/images/col/806/8064232-frente.png?sw=280&sh=280,emb. 1 un,https://www.continente.pt/produto/verniz-de-unhas-gel-revitalizante-002-mylabel-8064232.html,higiene-beleza,2025-04-21,Continente
Blush e Batom Líquido Baby Tint Baby,7634698,2.99,"€2,99/un",Relove,Beleza e Higiene/Maquilhagem/Lábios,https://www.continente.pt/dw/image/v2/BDVS_PRD/on/demandware.static/-/Sites-col-master-catalog/default/dw85ad7eab/images/col/763/7634698-frente-1.jpg?sw=280&sh=280,emb. 1 un,https://www.continente.pt/produto/blush-e-batom-liquido-baby-tint-baby-relove-7634698.html,higiene-beleza,2025-04-21,Continente
Máscara Facial Heaven Pink Oxygen,7382533,2.24,"€2,24/un",7th Heaven,Beleza e Higiene/Rosto/Máscaras,https://www.continente.pt/dw/image/v2/BDVS_PRD/on/demandware.static/-/Sites-col-master-catalog/default/dw5658ef61/images/col/738/7382533-frente.jpg?sw=280&sh=280,emb. 1 un,https://www.continente.pt/produto/mascara-facial-heaven-pink-oxygen-7th-heaven-7382533.html,higiene-beleza,2025-04-21,Continente
Escova de Dentes Elétrica X Lite Azul,8162806,49.9,"€49,90/un",Oclean,Beleza e Higiene/Higiene Oral/Escovas de Dentes,https://www.continente.pt/dw/image/v2/BDVS_PRD/on/demandware.static/-/Sites-col-master-catalog/default/dwf78ac81f/images/col/816/8162806-detalhe-cinzento-online.png?sw=280&sh=280,emb. 1 un,https://www.continente.pt/produto/escova-de-dentes-eletrica-x-lite-azul-oclean-8162806.html,higiene-beleza,2025-04-21,Continente
Cuecas Absorventes Laváveis Pretas XL,7718573,21.9,"€21,90/un",Dim,Beleza e Higiene/Higiene Íntima/Incontinência/Cuecas Absorventes,https://www.continente.pt/dw/image/v2/BDVS_PRD/on/demandware.static/-/Sites-col-master-catalog/default/dw270ddef5/images/col/771/7718573-frente-1.jpg?sw=280&sh=280,emb. 1 un,https://www.continente.pt/produto/cuecas-absorventes-lavaveis-pretas-xl-dim-7718573.html,higiene-beleza,2025-04-21,Continente
Escova Cabelo Xpert Pro Bolso Ventilada,7116120,13.58,"€13,58/un",Franck Provost,Beleza e Higiene/Cabelo/Acessórios,https://www.continente.pt/dw/image/v2/BDVS_PRD/on/demandware.static/-/Sites-col-master-catalog/default/dwc852324b/images/col/711/7116120-frente.jpg?sw=280&sh=280,emb. 1 un,https://www.continente.pt/produto/escova-cabelo-xpert-pro-bolso-ventilada-franck-provost-7116120.html,higiene-beleza,2025-04-21,Continente
Sérum Facial Botology,7521242,12.99,"€433,33/lt",Diadermine,Beleza e Higiene/Rosto/Antirrugas e Refirmantes,https://www.continente.pt/dw/image/v2/BDVS_PRD/on/demandware.static/-/Sites-col-master-catalog/default/dwb313ac36/images/col/752/7521242-frente-1.jpg?sw=280&sh=280,emb. 30 ml,https://www.continente.pt/produto/serum-facial-botology-diadermine-7521242.html,higiene-beleza,2025-04-21,Continente
Creme de Rosto Dia Lift+ Luminosidade,8154660,12.59,"€251,80/lt",Diadermine,Beleza e Higiene/Rosto/Antirrugas e Refirmantes,https://www.continente.pt/dw/image/v2/BDVS_PRD/on/demandware.static/-/Sites-col-master-catalog/default/dw954d0d48/images/col/815/8154660-frente.png?sw=280&sh=280,emb. 50 ml,https://www.continente.pt/produto/creme-de-rosto-dia-lift-luminosidade-diadermine-8154660.html,higiene-beleza,2025-04-21,Continente
Protetor Solar Bruma Ambre Solaire Invisible Protect FPS 30,8336384,11.89,"€79,27/lt",Garnier,Beleza e Higiene/Corpo/Protetores Solares e Bronzeadores/Protetores Solares Corpo,https://www.continente.pt/dw/image/v2/BDVS_PRD/on/demandware.static/-/Sites-col-master-catalog/default/dwdf09d33c/images/col/833/8336384-hero-1.jpg?sw=280&sh=280,emb. 150 ml,https://www.continente.pt/produto/protetor-solar-bruma-ambre-solaire-invisible-protect-fps-30-garnier-8336384.html,higiene-beleza,2025-04-21,Continente
Pincel de Rosto para Corretor Profissional,7483695,11.82,"€11,82/un",Jean Louis David,Beleza e Higiene/Maquilhagem/Acessórios,https://www.continente.pt/dw/image/v2/BDVS_PRD/on/demandware.static/-/Sites-col-master-catalog/default/dw39213d97/images/col/748/7483695-frente.jpg?sw=280&sh=280,emb. 1 un,https://www.continente.pt/produto/pincel-de-rosto-para-corretor-profissional-jean-louis-david-7483695.html,higiene-beleza,2025-04-21,Continente
Verniz Gel Couture 180,7974053,11.19,"€11,19/un",Essie,Beleza e Higiene/Maquilhagem/Unhas,https://www.continente.pt/dw/image/v2/BDVS_PRD/on/demandware.static/-/Sites-col-master-catalog/default/dwae3ce760/images/col/797/7974053-hero.jpg?sw=280&sh=280,emb. 1 un,https://www.continente.pt/produto/verniz-gel-couture-180-essie-7974053.html,higiene-beleza,2025-04-21,Continente
BB Cream Match Perfection Light 100,7619194,10.86,"€10,86/un",Rimmel,Beleza e Higiene/Maquilhagem/Rosto,https://www.continente.pt/dw/image/v2/BDVS_PRD/on/demandware.static/-/Sites-col-master-catalog/default/dw053e3efe/images/col/761/7619194-frente.jpg?sw=280&sh=280,emb. 30 ml,https://www.continente.pt/produto/bb-cream-match-perfection-light-100-rimmel-7619194.html,higiene-beleza,2025-04-21,Continente
Pó Compacto Infaillible Fresh Wear 24h 180,7533236,10.79,"€10,79/un",LOréal Paris,Beleza e Higiene/Maquilhagem/Rosto,https://www.continente.pt/dw/image/v2/BDVS_PRD/on/demandware.static/-/Sites-col-master-catalog/default/dw7f8b877a/images/col/753/7533236-frente.jpg?sw=280&sh=280,emb. 1 un,https://www.continente.pt/produto/po-compacto-infaillible-fresh-wear-24h-180-loreal-paris-7533236.html,higiene-beleza,2025-04-21,Continente
Preservativos Extra Lubricated,8218907,10.49,"€10,49/un",Skyn,Beleza e Higiene/Preservativos e Estimuladores,https://www.continente.pt/dw/image/v2/BDVS_PRD/on/demandware.static/-/Sites-col-master-catalog/default/dwfd5478c2/images/col/821/8218907-frente.png?sw=280&sh=280,emb. 10 un,https://www.continente.pt/produto/preservativos-extra-lubricated-skyn-8218907.html,higiene-beleza,2025-04-21,Continente
Batom Superstay Matte Ink 35,6316940,10.49,"€10,49/un",Maybelline New York,Beleza e Higiene/Maquilhagem/Lábios,https://www.continente.pt/dw/image/v2/BDVS_PRD/on/demandware.static/-/Sites-col-master-catalog/default/dwc31025d5/images/col/631/6316940-frente.jpg?sw=280&sh=280,emb. 1 un,https://www.continente.pt/produto/batom-superstay-matte-ink-35-maybelline-new-york-6316940.html,higiene-beleza,2025-04-21,Continente
Preservativos Sensual Dots & Lines Easy Way,5884705,9.09,"€0,91/un",Control,Beleza e Higiene/Preservativos e Estimuladores,https://www.continente.pt/dw/image/v2/BDVS_PRD/on/demandware.static/-/Sites-col-master-catalog/default/dwbb1cb55c/images/col/588/5884705-direito.jpg?sw=280&sh=280,emb. 10 un,https://www.continente.pt/produto/preservativos-sensual-dots-lines-easy-way-control-5884705.html,higiene-beleza,2025-04-21,Continente
Verniz de Unhas In Stitche 24,5009490,7.99,"€7,99/un",Essie,Beleza e Higiene/Maquilhagem/Unhas,https://www.continente.pt/dw/image/v2/BDVS_PRD/on/demandware.static/-/Sites-col-master-catalog/default/dwcbe64b79/images/col/500/5009490-frente.jpg?sw=280&sh=280,"emb. 13,5 ml",https://www.continente.pt/produto/verniz-de-unhas-in-stitche-24-essie-5009490.html,higiene-beleza,2025-04-21,Continente
Verniz de Unhas Bacheloret 30,5009461,7.99,"€7,99/un",Essie,Beleza e Higiene/Maquilhagem/Unhas,https://www.continente.pt/dw/image/v2/BDVS_PRD/on/demandware.static/-/Sites-col-master-catalog/default/dw767f5f4b/images/col/500/5009461-frente.jpg?sw=280&sh=280,"emb. 13,5 ml",https://www.continente.pt/produto/verniz-de-unhas-bacheloret-30-essie-5009461.html,higiene-beleza,2025-04-21,Continente
Verniz de Unhas Cocktail 203,5318726,7.99,"€7,99/un",Essie,Beleza e Higiene/Maquilhagem/Unhas,https://www.continente.pt/dw/image/v2/BDVS_PRD/on/demandware.static/-/Sites-col-master-catalog/default/dw6f84c7d5/images/col/531/5318726-frente.jpg?sw=280&sh=280,"emb. 13,5 ml",https://www.continente.pt/produto/verniz-de-unhas-cocktail-203-essie-5318726.html,higiene-beleza,2025-04-21,Continente
Batom Lasting Finish 170 Love Alarm,7703638,7.19,"€7,19/un",Rimmel,Beleza e Higiene/Maquilhagem/Lábios,https://www.continente.pt/dw/image/v2/BDVS_PRD/on/demandware.static/-/Sites-col-master-catalog/default/dw2caa99da/images/col/770/7703638-frente.jpg?sw=280&sh=280,emb. 1 un,https://www.continente.pt/produto/batom-lasting-finish-170-love-alarm-rimmel-7703638.html,higiene-beleza,2025-04-21,Continente
Batom Lasting Finish Kate Moss 008,5245369,7.19,"€7,19/un",Rimmel,Beleza e Higiene/Maquilhagem/Lábios,https://www.continente.pt/dw/image/v2/BDVS_PRD/on/demandware.static/-/Sites-col-master-catalog/default/dwf438fe6a/images/col/524/5245369-frente.jpg?sw=280&sh=280,emb. 1 un,https://www.continente.pt/produto/batom-lasting-finish-kate-moss-008-rimmel-5245369.html,higiene-beleza,2025-04-21,Continente
Coloração Permanente Permanent Color Louro Escuro 6-1,8289988,6.48,"€6,48/un",Syoss,Beleza e Higiene/Cabelo/Colorações,https://www.continente.pt/dw/image/v2/BDVS_PRD/on/demandware.static/-/Sites-col-master-catalog/default/dwcc6a76ea/images/col/828/8289988-direito.jpg?sw=280&sh=280,emb. 1 un,https://www.continente.pt/produto/coloracao-permanente-permanent-color-louro-escuro-6-1-syoss-8289988.html,higiene-beleza,2025-04-21,Continente
Lip Gloss e Sombra de Olhos Galactic 05,8098943,5.99,"€5,99/un",MyLabel,Beleza e Higiene/Maquilhagem/Lábios,https://www.continente.pt/dw/image/v2/BDVS_PRD/on/demandware.static/-/Sites-col-master-catalog/default/dw0db463a9/images/col/809/8098943-frente.png?sw=280&sh=280,emb. 1 un,https://www.continente.pt/produto/lip-gloss-e-sombra-de-olhos-galactic-05-mylabel-8098943.html,higiene-beleza,2025-04-21,Continente
Lápis de Sobrancelhas Professional 001 Dark Brown,5286554,5.24,"€5,24/un",Rimmel,Beleza e Higiene/Maquilhagem/Olhos,https://www.continente.pt/dw/image/v2/BDVS_PRD/on/demandware.static/-/Sites-col-master-catalog/default/dw4c06b976/images/col/528/5286554-cima.jpg?sw=280&sh=280,emb. 1 un,https://www.continente.pt/produto/lapis-de-sobrancelhas-professional-001-dark-brown-rimmel-5286554.html,higiene-beleza,2025-04-21,Continente
Primer Rosto Power Fix,7551369,4.99,"€4,99/un",Relove,Beleza e Higiene/Maquilhagem/Rosto,https://www.continente.pt/dw/image/v2/BDVS_PRD/on/demandware.static/-/Sites-col-master-catalog/default/dw5362833d/images/col/755/7551369-frente-1.jpg?sw=280&sh=280,emb. 1 un,https://www.continente.pt/produto/primer-rosto-power-fix-relove-7551369.html,higiene-beleza,2025-04-21,Continente
Água Pura Micelar,5159629,2.96,"€5,92/lt",Corine de Farme,Beleza e Higiene/Rosto/Limpeza,https://www.continente.pt/dw/image/v2/BDVS_PRD/on/demandware.static/-/Sites-col-master-catalog/default/dw464806ff/col/515/5159629.jpg?sw=280&sh=280,emb. 500 ml,https://www.continente.pt/produto/agua-pura-micelar-corine-de-farme-5159629.html,higiene-beleza,2025-04-21,Continente
Lápis de Lábios Sweet,7634681,1.99,"€1,99/un",Relove,Beleza e Higiene/Maquilhagem/Lábios,https://www.continente.pt/dw/image/v2/BDVS_PRD/on/demandware.static/-/Sites-col-master-catalog/default/dwdaa06cb7/images/col/763/7634681-frente-1.jpg?sw=280&sh=280,emb. 1 un,https://www.continente.pt/produto/lapis-de-labios-sweet-relove-7634681.html,higiene-beleza,2025-04-21,Continente
Creme de Rosto Noite Lift + Booster Radiante,8390139,25.99,"€25,99/un",Diadermine,Beleza e Higiene/Rosto/Hidratação,https://www.continente.pt/dw/image/v2/BDVS_PRD/on/demandware.static/-/Sites-col-master-catalog/default/dw9e7752f1/images/col/839/8390139-frente.jpg?sw=280&sh=280,emb. 50 ml,https://www.continente.pt/produto/creme-de-rosto-noite-lift-booster-radiante-diadermine-8390139.html,higiene-beleza,2025-04-21,Continente
,,0.0,"€25,99/un",,,https://www.continente.pt/dw/image/v2/BDVS_PRD/on/demandware.static/-/Sites-col-master-catalog/default/dw33814c40/images/col/819/8198083-frente.png?sw=280&sh=280,emb. 1 un,https://www.continente.pt/produto/calendario-do-advento-mans-stuff-toiletry-technic-8198083.html,higiene-beleza,2025-04-21,Continente
Trio de Pincéis Frozen,8157762,20.99,"€20,99/un",Mad Beauty,Beleza e Higiene/Coffrets e Presentes em Beleza/Maquilhagem para Oferecer,https://www.continente.pt/dw/image/v2/BDVS_PRD/on/demandware.static/-/Sites-col-master-catalog/default/dw72bc8e0e/images/col/815/8157762-frente.jpg?sw=280&sh=280,emb. 1 un,https://www.continente.pt/produto/trio-de-pinceis-frozen-mad-beauty-8157762.html,higiene-beleza,2025-04-21,Continente
Creme de Pés Foot Magic,5650418,19.17,"€319,50/kg",Palmers,Beleza e Higiene/Corpo/Cuidados de Mãos e Pés,https://www.continente.pt/dw/image/v2/BDVS_PRD/on/demandware.static/-/Sites-col-master-catalog/default/dw54aa6377/images/col/565/5650418-frente.jpg?sw=280&sh=280,emb. 60 gr,https://www.continente.pt/produto/creme-de-pes-foot-magic-palmers-5650418.html,higiene-beleza,2025-04-21,Continente
Palmilhas GelSoft Saltos Diários,6339838,17.69,"€17,69/un",Scholl,Beleza e Higiene/Corpo/Cuidados de Mãos e Pés,https://www.continente.pt/dw/image/v2/BDVS_PRD/on/demandware.static/-/Sites-col-master-catalog/default/dwe6aa3afa/images/col/633/6339838-frente.jpg?sw=280&sh=280,emb. 1 un,https://www.continente.pt/produto/palmilhas-gelsoft-saltos-diarios-scholl-6339838.html,higiene-beleza,2025-04-21,Continente
Creme de Rosto Dia Expert Brilho,8154662,15.59,"€311,80/lt",Diadermine,Beleza e Higiene/Rosto/Antirrugas e Refirmantes,https://www.continente.pt/dw/image/v2/BDVS_PRD/on/demandware.static/-/Sites-col-master-catalog/default/dw4330aee3/images/col/815/8154662-frente.png?sw=280&sh=280,emb. 50 ml,https://www.continente.pt/produto/creme-de-rosto-dia-expert-brilho-diadermine-8154662.html,higiene-beleza,2025-04-21,Continente
Base Super Stay Tint+ 48,7889230,14.99,"€14,99/un",Maybelline New York,Beleza e Higiene/Maquilhagem/Rosto,https://www.continente.pt/dw/image/v2/BDVS_PRD/on/demandware.static/-/Sites-col-master-catalog/default/dwebf5bf7e/images/col/788/7889230-hero.jpg?sw=280&sh=280,emb. 30 ml,https://www.continente.pt/produto/base-super-stay-tint-48-maybelline-new-york-7889230.html,higiene-beleza,2025-04-21,Continente
Base de Rosto Lasting Finish 25H 100 Ivory,5770294,11.91,"€11,91/un",Rimmel,Beleza e Higiene/Maquilhagem/Rosto,https://www.continente.pt/dw/image/v2/BDVS_PRD/on/demandware.static/-/Sites-col-master-catalog/default/dw1f518926/images/col/577/5770294-frente.jpg?sw=280&sh=280,emb. 1 un,https://www.continente.pt/produto/base-de-rosto-lasting-finish-25h-100-ivory-rimmel-5770294.html,higiene-beleza,2025-04-21,Continente
Fraldas Incontinência Plus M,7708593,11.86,"€0,59/un",Intimus,Beleza e Higiene/Higiene Íntima/Incontinência/Fraldas Incontinência,https://www.continente.pt/dw/image/v2/BDVS_PRD/on/demandware.static/-/Sites-col-master-catalog/default/dw04bdec82/images/col/770/7708593-frente.jpg?sw=280&sh=280,emb. 20 un,https://www.continente.pt/produto/fraldas-incontinencia-plus-m-intimus-7708593.html,higiene-beleza,2025-04-21,Continente
Base de Rosto Conceal & Define Foundation F4,6939508,11.49,"€11,49/un",Revolution,Beleza e Higiene/Maquilhagem/Rosto,https://www.continente.pt/dw/image/v2/BDVS_PRD/on/demandware.static/-/Sites-col-master-catalog/default/dw50a6dc60/images/col/693/6939508-frente-1.jpg?sw=280&sh=280,emb. 1 un,https://www.continente.pt/produto/base-de-rosto-conceal-define-foundation-f4-revolution-6939508.html,higiene-beleza,2025-04-21,Continente
Batom Vinyl Ink 20 Coy,7658233,11.49,"€11,49/un",Maybelline New York,Beleza e Higiene/Maquilhagem/Lábios,https://www.continente.pt/dw/image/v2/BDVS_PRD/on/demandware.static/-/Sites-col-master-catalog/default/dw16315e56/images/col/765/7658233-frente.jpg?sw=280&sh=280,emb. 1 un,https://www.continente.pt/produto/batom-vinyl-ink-20-coy-maybelline-new-york-7658233.html,higiene-beleza,2025-04-21,Continente
Base de Rosto Conceal & Define Foundation F5,6939510,11.49,"€11,49/un",Revolution,Beleza e Higiene/Maquilhagem/Rosto,https://www.continente.pt/dw/image/v2/BDVS_PRD/on/demandware.static/-/Sites-col-master-catalog/default/dw6dd625ab/images/col/693/6939510-frente.jpg?sw=280&sh=280,emb. 1 un,https://www.continente.pt/produto/base-de-rosto-conceal-define-foundation-f5-revolution-6939510.html,higiene-beleza,2025-04-21,Continente
Batom Vinyl Ink 10 Lippy,7658234,11.49,"€11,49/un",Maybelline New York,Beleza e Higiene/Maquilhagem/Lábios,https://www.continente.pt/dw/image/v2/BDVS_PRD/on/demandware.static/-/Sites-col-master-catalog/default/dw62720cf4/images/col/765/7658234-frente.jpg?sw=280&sh=280,emb. 1 un,https://www.continente.pt/produto/batom-vinyl-ink-10-lippy-maybelline-new-york-7658234.html,higiene-beleza,2025-04-21,Continente
Base de Rosto Accord Parfait 10N,6316416,11.47,"€11,47/un",LOréal Paris,Beleza e Higiene/Maquilhagem/Rosto,https://www.continente.pt/dw/image/v2/BDVS_PRD/on/demandware.static/-/Sites-col-master-catalog/default/dwea122cea/images/col/631/6316416-frente.jpg?sw=280&sh=280,emb. 1 un,https://www.continente.pt/produto/base-de-rosto-accord-parfait-10n-loreal-paris-6316416.html,higiene-beleza,2025-04-21,Continente
Batom Infaillible X3 Red 506,5314888,11.04,"€11,04/un",LOréal Paris,Beleza e Higiene/Maquilhagem/Lábios,https://www.continente.pt/dw/image/v2/BDVS_PRD/on/demandware.static/-/Sites-col-master-catalog/default/dw4f8067e6/images/col/531/5314888-frente.jpg?sw=280&sh=280,emb. 1 un,https://www.continente.pt/produto/batom-infaillible-x3-red-506-loreal-paris-5314888.html,higiene-beleza,2025-04-21,Continente
Eyeliner e Cola Pestanas Falsas 2 em 1,7540196,10.99,"€10,99/un",Kiss,Beleza e Higiene/Maquilhagem/Olhos,https://www.continente.pt/dw/image/v2/BDVS_PRD/on/demandware.static/-/Sites-col-master-catalog/default/dwdb0d4952/images/col/754/7540196-frente-1.jpg?sw=280&sh=280,emb. 1 un,https://www.continente.pt/produto/eyeliner-e-cola-pestanas-falsas-2-em-1-kiss-7540196.html,higiene-beleza,2025-04-21,Continente
Lápis de Olhos Color Riche Couture 570 Worth It,8242217,10.99,"€10,99/un",LOréal Paris,Beleza e Higiene/Maquilhagem/Lábios,https://www.continente.pt/dw/image/v2/BDVS_PRD/on/demandware.static/-/Sites-col-master-catalog/default/dw6ed42371/images/col/824/8242217-hero-1.jpg?sw=280&sh=280,emb. 1 un,https://www.continente.pt/produto/lapis-de-olhos-color-riche-couture-570-worth-it-loreal-paris-8242217.html,higiene-beleza,2025-04-21,Continente
Batom Líquido SuperStay Matte Ink Amazonian 70,6586181,10.49,"€10,49/un",Maybelline New York,Beleza e Higiene/Maquilhagem/Lábios,https://www.continente.pt/dw/image/v2/BDVS_PRD/on/demandware.static/-/Sites-col-master-catalog/default/dweae61704/images/col/658/6586181-frente.jpg?sw=280&sh=280,emb. 1 un,https://www.continente.pt/produto/batom-liquido-superstay-matte-ink-amazonian-70-maybelline-new-york-6586181.html,higiene-beleza,2025-04-21,Continente
Batom Super Stay Ink Spiced 320,7368689,10.49,"€10,49/un",Maybelline New York,Beleza e Higiene/Maquilhagem/Lábios,https://www.continente.pt/dw/image/v2/BDVS_PRD/on/demandware.static/-/Sites-col-master-catalog/default/dw771f425b/images/col/736/7368689-frente.jpg?sw=280&sh=280,emb. 1 un,https://www.continente.pt/produto/batom-super-stay-ink-spiced-320-maybelline-new-york-7368689.html,higiene-beleza,2025-04-21,Continente
Kit Falscara Starter Pestanas Falsas,7540193,24.99,"€24,99/un",Kiss,Beleza e Higiene/Maquilhagem/Olhos,https://www.continente.pt/dw/image/v2/BDVS_PRD/on/demandware.static/-/Sites-col-master-catalog/default/dw3b776cae/images/col/754/7540193-frente.jpg?sw=280&sh=280,emb. 1 un,https://www.continente.pt/produto/kit-falscara-starter-pestanas-falsas-kiss-7540193.html,higiene-beleza,2025-04-21,Continente
Hidratante Barba Natural,7714067,18.99,"€18,99/un",Hawkins&Brimble,Beleza e Higiene/Homem/Barba,https://www.continente.pt/dw/image/v2/BDVS_PRD/on/demandware.static/-/Sites-col-master-catalog/default/dw3fc9ca10/images/col/771/7714067-frente.jpg?sw=280&sh=280,emb. 100 ml,https://www.continente.pt/produto/hidratante-barba-natural-hawkins-brimble-7714067.html,higiene-beleza,2025-04-21,Continente
Kit Magnetic Eyeliner e Pestanas Falsas 01,7540187,16.99,"€16,99/un",Kiss,Beleza e Higiene/Maquilhagem/Olhos,https://www.continente.pt/dw/image/v2/BDVS_PRD/on/demandware.static/-/Sites-col-master-catalog/default/dwe2e7a26a/images/col/754/7540187-frente.jpg?sw=280&sh=280,emb. 1 un,https://www.continente.pt/produto/kit-magnetic-eyeliner-e-pestanas-falsas-01-kiss-7540187.html,higiene-beleza,2025-04-21,Continente
Batom Color Riche Intense Volume 602,7533246,15.99,"€15,99/un",LOréal Paris,Beleza e Higiene/Maquilhagem/Lábios,https://www.continente.pt/dw/image/v2/BDVS_PRD/on/demandware.static/-/Sites-col-master-catalog/default/dw8d4451ac/images/col/753/7533246-frente.jpg?sw=280&sh=280,emb. 1 un,https://www.continente.pt/produto/batom-color-riche-intense-volume-602-loreal-paris-7533246.html,higiene-beleza,2025-04-21,Continente
Palete Sombras de Olhos Forever Flawless Chilled With Cannabis,7329677,14.49,"€14,49/un",Revolution,Beleza e Higiene/Maquilhagem/Olhos,https://www.continente.pt/dw/image/v2/BDVS_PRD/on/demandware.static/-/Sites-col-master-catalog/default/dwf3101da5/images/col/732/7329677-frente-1.jpg?sw=280&sh=280,emb. 1 un,https://www.continente.pt/produto/palete-sombras-de-olhos-forever-flawless-chilled-with-cannabis-revolution-7329677.html,higiene-beleza,2025-04-21,Continente
Máscara de Sobrancelhas Gel Brows Tattoo Studio Deep Brown 260,7742724,13.99,"€13,99/un",Maybelline New York,Beleza e Higiene/Maquilhagem/Olhos,https://www.continente.pt/dw/image/v2/BDVS_PRD/on/demandware.static/-/Sites-col-master-catalog/default/dw6f1b1671/images/col/774/7742724-frente.jpg?sw=280&sh=280,emb. 1 un,https://www.continente.pt/produto/mascara-de-sobrancelhas-gel-brows-tattoo-studio-deep-brown-260-maybelline-new-york-7742724.html,higiene-beleza,2025-04-21,Continente
Máscara de Sobrancelhas Gel Brows Tattoo Studio Black Brown 262,7742716,13.99,"€13,99/un",Maybelline New York,Beleza e Higiene/Maquilhagem/Olhos,https://www.continente.pt/dw/image/v2/BDVS_PRD/on/demandware.static/-/Sites-col-master-catalog/default/dwee025b0f/images/col/774/7742716-frente.jpg?sw=280&sh=280,emb. 1 un,https://www.continente.pt/produto/mascara-de-sobrancelhas-gel-brows-tattoo-studio-black-brown-262-maybelline-new-york-7742716.html,higiene-beleza,2025-04-21,Continente
Sérum Facial Accord Parfait 7-8,7461767,13.99,"€13,99/un",LOréal Paris,Beleza e Higiene/Maquilhagem/Rosto,https://www.continente.pt/dw/image/v2/BDVS_PRD/on/demandware.static/-/Sites-col-master-catalog/default/dwbc5a4053/images/col/746/7461767-frente.jpg?sw=280&sh=280,emb. 1 un,https://www.continente.pt/produto/serum-facial-accord-parfait-7-8-loreal-paris-7461767.html,higiene-beleza,2025-04-21,Continente
Pó Compacto SuperStay 03,7742685,13.99,"€13,99/un",Maybelline New York,Beleza e Higiene/Maquilhagem/Rosto,https://www.continente.pt/dw/image/v2/BDVS_PRD/on/demandware.static/-/Sites-col-master-catalog/default/dw941a60d8/images/col/774/7742685-frente.jpg?sw=280&sh=280,emb. 1 un,https://www.continente.pt/produto/po-compacto-superstay-03-maybelline-new-york-7742685.html,higiene-beleza,2025-04-21,Continente
Lápis e Gel Sobrancelhas Build a Brow 260,7974261,12.99,"€12,99/un",Maybelline New York,Beleza e Higiene/Maquilhagem/Olhos,https://www.continente.pt/dw/image/v2/BDVS_PRD/on/demandware.static/-/Sites-col-master-catalog/default/dw44164cf8/images/col/797/7974261-hero.jpg?sw=280&sh=280,emb. 1 un,https://www.continente.pt/produto/lapis-e-gel-sobrancelhas-build-a-brow-260-maybelline-new-york-7974261.html,higiene-beleza,2025-04-21,Continente
Lápis e Gel Sobrancelhas Build a Brow 262,7974262,12.99,"€12,99/un",Maybelline New York,Beleza e Higiene/Maquilhagem/Olhos,https://www.continente.pt/dw/image/v2/BDVS_PRD/on/demandware.static/-/Sites-col-master-catalog/default/dw44ac3e50/images/col/797/7974262-hero.jpg?sw=280&sh=280,emb. 1 un,https://www.continente.pt/produto/lapis-e-gel-sobrancelhas-build-a-brow-262-maybelline-new-york-7974262.html,higiene-beleza,2025-04-21,Continente
Máscara de Pestanas Falsies Lash Lift à Prova de Água Black,7181213,12.99,"€12,99/un",Maybelline New York,Beleza e Higiene/Maquilhagem/Olhos,https://www.continente.pt/dw/image/v2/BDVS_PRD/on/demandware.static/-/Sites-col-master-catalog/default/dw551476e4/images/col/718/7181213-frente.jpg?sw=280&sh=280,emb. 1 un,https://www.continente.pt/produto/mascara-de-pestanas-falsies-lash-lift-a-prova-de-agua-black-maybelline-new-york-7181213.html,higiene-beleza,2025-04-21,Continente
Lápis e Gel Sobrancelhas Build a Brow 255,7974256,12.99,"€12,99/un",Maybelline New York,Beleza e Higiene/Maquilhagem/Olhos,https://www.continente.pt/dw/image/v2/BDVS_PRD/on/demandware.static/-/Sites-col-master-catalog/default/dw5e478dfc/images/col/797/7974256-hero.jpg?sw=280&sh=280,emb. 1 un,https://www.continente.pt/produto/lapis-e-gel-sobrancelhas-build-a-brow-255-maybelline-new-york-7974256.html,higiene-beleza,2025-04-21,Continente
Champô Fructis Hair Food Banana,7487204,12.85,"€12,24/lt",Garnier,Beleza e Higiene/Cabelo/Champôs,https://www.continente.pt/dw/image/v2/BDVS_PRD/on/demandware.static/-/Sites-col-master-catalog/default/dw775d7db8/images/col/748/7487204-hero.jpg?sw=280&sh=280,emb. 3 x 350 ml,https://www.continente.pt/produto/champo-fructis-hair-food-banana-garnier-7487204.html,higiene-beleza,2025-04-21,Continente
Discos Desmaquilhantes,7545881,12.58,"€12,58/un",Jean Louis David,Beleza e Higiene/Rosto/Limpeza,https://www.continente.pt/dw/image/v2/BDVS_PRD/on/demandware.static/-/Sites-col-master-catalog/default/dw4f112023/images/col/754/7545881-frente.jpg?sw=280&sh=280,emb. 1 un,https://www.continente.pt/produto/discos-desmaquilhantes-jean-louis-david-7545881.html,higiene-beleza,2025-04-21,Continente
Escova Cabelo Ergonómica Xpert,6244157,11.84,"€11,84/un",Franck Provost,Beleza e Higiene/Cabelo/Acessórios,https://www.continente.pt/dw/image/v2/BDVS_PRD/on/demandware.static/-/Sites-col-master-catalog/default/dw23817d3d/images/col/624/6244157-frente.jpg?sw=280&sh=280,emb. 1 un,https://www.continente.pt/produto/escova-cabelo-ergonomica-xpert-franck-provost-6244157.html,higiene-beleza,2025-04-21,Continente
Aftershave Bálsamo,7714077,11.79,"€11,79/un",Hawkins&Brimble,Beleza e Higiene/Homem/Barba,https://www.continente.pt/dw/image/v2/BDVS_PRD/on/demandware.static/-/Sites-col-master-catalog/default/dw93db1bab/images/col/771/7714077-frente.jpg?sw=280&sh=280,emb. 125 ml,https://www.continente.pt/produto/aftershave-balsamo-hawkins-brimble-7714077.html,higiene-beleza,2025-04-21,Continente
Base de Rosto Infaillible 32h Fresh Wear 320,6732848,11.69,"€11,69/un",LOréal Paris,Beleza e Higiene/Maquilhagem/Rosto,https://www.continente.pt/dw/image/v2/BDVS_PRD/on/demandware.static/-/Sites-col-master-catalog/default/dw2e221526/images/col/673/6732848-frente.jpg?sw=280&sh=280,emb. 30 ml,https://www.continente.pt/produto/base-de-rosto-infaillible-32h-fresh-wear-320-loreal-paris-6732848.html,higiene-beleza,2025-04-21,Continente
Base de Rosto Infaillible 32h Fresh Wear 380,6732838,11.69,"€11,69/un",LOréal Paris,Beleza e Higiene/Maquilhagem/Rosto,https://www.continente.pt/dw/image/v2/BDVS_PRD/on/demandware.static/-/Sites-col-master-catalog/default/dwd305c3b8/images/col/673/6732838-frente.jpg?sw=280&sh=280,emb. 30 ml,https://www.continente.pt/produto/base-de-rosto-infaillible-32h-fresh-wear-380-loreal-paris-6732838.html,higiene-beleza,2025-04-21,Continente
Batom Vinyl Ink 40 Witty,7658239,11.49,"€11,49/un",Maybelline New York,Beleza e Higiene/Maquilhagem/Lábios,https://www.continente.pt/dw/image/v2/BDVS_PRD/on/demandware.static/-/Sites-col-master-catalog/default/dw8018ca88/images/col/765/7658239-hero.jpg?sw=280&sh=280,emb. 1 un,https://www.continente.pt/produto/batom-vinyl-ink-40-witty-maybelline-new-york-7658239.html,higiene-beleza,2025-04-21,Continente
Verniz Gel Couture 50,7974052,11.19,"€11,19/un",Essie,Beleza e Higiene/Maquilhagem/Unhas,https://www.continente.pt/dw/image/v2/BDVS_PRD/on/demandware.static/-/Sites-col-master-catalog/default/dw8678ebf2/images/col/797/7974052-hero.jpg?sw=280&sh=280,emb. 1 un,https://www.continente.pt/produto/verniz-gel-couture-50-essie-7974052.html,higiene-beleza,2025-04-21,Continente
Verniz de Unhas Gel Couture Flashed 260,7398720,11.19,"€11,19/un",Essie,Beleza e Higiene/Maquilhagem/Unhas,https://www.continente.pt/dw/image/v2/BDVS_PRD/on/demandware.static/-/Sites-col-master-catalog/default/dw9feba3b4/images/col/739/7398720-frente.jpg?sw=280&sh=280,emb. 1 un,https://www.continente.pt/produto/verniz-de-unhas-gel-couture-flashed-260-essie-7398720.html,higiene-beleza,2025-04-21,Continente
Verniz de Unhas Gel Couture Bubbles Only 345,7152556,11.19,"€11,19/un",Essie,Beleza e Higiene/Maquilhagem/Unhas,https://www.continente.pt/dw/image/v2/BDVS_PRD/on/demandware.static/-/Sites-col-master-catalog/default/dw9b1041e8/images/col/715/7152556-frente.jpg?sw=280&sh=280,"emb. 13,5 ml",https://www.continente.pt/produto/verniz-de-unhas-gel-couture-bubbles-only-345-essie-7152556.html,higiene-beleza,2025-04-21,Continente
Batom SuperStay Matte Ink 115,7742696,10.49,"€10,49/un",Maybelline New York,Beleza e Higiene/Maquilhagem/Lábios,https://www.continente.pt/dw/image/v2/BDVS_PRD/on/demandware.static/-/Sites-col-master-catalog/default/dw85b447b8/images/col/774/7742696-frente-1.jpg?sw=280&sh=280,emb. 1 un,https://www.continente.pt/produto/batom-superstay-matte-ink-115-maybelline-new-york-7742696.html,higiene-beleza,2025-04-21,Continente
Batom Super Stay Ink Spiced 325,7368699,10.49,"€10,49/un",Maybelline New York,Beleza e Higiene/Maquilhagem/Lábios,https://www.continente.pt/dw/image/v2/BDVS_PRD/on/demandware.static/-/Sites-col-master-catalog/default/dw53db30af/images/col/736/7368699-frente.jpg?sw=280&sh=280,emb. 1 un,https://www.continente.pt/produto/batom-super-stay-ink-spiced-325-maybelline-new-york-7368699.html,higiene-beleza,2025-04-21,Continente
Lápis de Olhos Lifter Liner 10 Main Character,8242244,9.99,"€9,99/un",Maybelline New York,Beleza e Higiene/Maquilhagem/Lábios,https://www.continente.pt/dw/image/v2/BDVS_PRD/on/demandware.static/-/Sites-col-master-catalog/default/dw7bb38378/images/col/824/8242244-hero-1.jpg?sw=280&sh=280,emb. 1 un,https://www.continente.pt/produto/lapis-de-olhos-lifter-liner-10-main-character-maybelline-new-york-8242244.html,higiene-beleza,2025-04-21,Continente
Máscara de Pestanas Volume Million Lashes Balm Noir 01,7461765,9.79,"€9,79/un",LOréal Paris,Beleza e Higiene/Maquilhagem/Olhos,https://www.continente.pt/dw/image/v2/BDVS_PRD/on/demandware.static/-/Sites-col-master-catalog/default/dw5cd9997c/images/col/746/7461765-frente.jpg?sw=280&sh=280,emb. 1 un,https://www.continente.pt/produto/mascara-de-pestanas-volume-million-lashes-balm-noir-01-loreal-paris-7461765.html,higiene-beleza,2025-04-21,Continente
Lápis de Sobrancelhas Micro Tatouage 105,7368718,9.79,"€9,79/un",LOréal Paris,Beleza e Higiene/Maquilhagem/Olhos,https://www.continente.pt/dw/image/v2/BDVS_PRD/on/demandware.static/-/Sites-col-master-catalog/default/dw318ef035/images/col/736/7368718-frente.jpg?sw=280&sh=280,emb. 1 un,https://www.continente.pt/produto/lapis-de-sobrancelhas-micro-tatouage-105-loreal-paris-7368718.html,higiene-beleza,2025-04-21,Continente
Pinça Sobrancelhas com Luz,7483745,9.29,"€9,29/un",Jean Louis David,Beleza e Higiene/Maquilhagem/Acessórios,https://www.continente.pt/dw/image/v2/BDVS_PRD/on/demandware.static/-/Sites-col-master-catalog/default/dw6c9bf7f6/images/col/748/7483745-frente.jpg?sw=280&sh=280,emb. 1 un,https://www.continente.pt/produto/pinca-sobrancelhas-com-luz-jean-louis-david-7483745.html,higiene-beleza,2025-04-21,Continente
Máscara de Pestanas Air Mega Volume 30h,7533251,8.99,"€8,99/un",LOréal Paris,Beleza e Higiene/Maquilhagem/Olhos,https://www.continente.pt/dw/image/v2/BDVS_PRD/on/demandware.static/-/Sites-col-master-catalog/default/dw35497426/images/col/753/7533251-frente-1.jpg?sw=280&sh=280,emb. 1 un,https://www.continente.pt/produto/mascara-de-pestanas-air-mega-volume-30h-loreal-paris-7533251.html,higiene-beleza,2025-04-21,Continente
Verniz Expressie Always Transparent 390,7398697,8.79,"€8,79/un",Essie,Beleza e Higiene/Maquilhagem/Unhas,https://www.continente.pt/dw/image/v2/BDVS_PRD/on/demandware.static/-/Sites-col-master-catalog/default/dw4cf35085/images/col/715/7152561-frente.jpg?sw=280&sh=280,emb. 1 un,https://www.continente.pt/produto/verniz-expressie-always-transparent-390-essie-7398697.html,higiene-beleza,2025-04-21,Continente
Verniz Expressie Checked in 25,7398696,8.79,"€8,79/un",Essie,Beleza e Higiene/Maquilhagem/Unhas,https://www.continente.pt/dw/image/v2/BDVS_PRD/on/demandware.static/-/Sites-col-master-catalog/default/dw4cf35085/images/col/715/7152561-frente.jpg?sw=280&sh=280,emb. 1 un,https://www.continente.pt/produto/verniz-expressie-checked-in-25-essie-7398696.html,higiene-beleza,2025-04-21,Continente
Spray Fixador Maquilhagem Base Fix,6119845,8.49,"€8,49/un",Revolution,Beleza e Higiene/Maquilhagem/Rosto,https://www.continente.pt/dw/image/v2/BDVS_PRD/on/demandware.static/-/Sites-col-master-catalog/default/dwb696155a/images/col/611/6119845-frente-1.jpg?sw=280&sh=280,emb. 1 un,https://www.continente.pt/produto/spray-fixador-maquilhagem-base-fix-revolution-6119845.html,higiene-beleza,2025-04-21,Continente
Verniz de Unhas Thigh High 52,5009580,7.99,"€7,99/un",Essie,Beleza e Higiene/Maquilhagem/Unhas,https://www.continente.pt/dw/image/v2/BDVS_PRD/on/demandware.static/-/Sites-col-master-catalog/default/dw06c67349/images/col/500/5009580-frente.jpg?sw=280&sh=280,"emb. 13,5 ml",https://www.continente.pt/produto/verniz-de-unhas-thigh-high-52-essie-5009580.html,higiene-beleza,2025-04-21,Continente
Verniz de Unhas Not Just a Pretty Face 11,5009552,7.99,"€7,99/un",Essie,Beleza e Higiene/Maquilhagem/Unhas,https://www.continente.pt/dw/image/v2/BDVS_PRD/on/demandware.static/-/Sites-col-master-catalog/default/dwa1ebc075/images/col/500/5009552-frente.jpg?sw=280&sh=280,"emb. 13,5 ml",https://www.continente.pt/produto/verniz-de-unhas-not-just-a-pretty-face-11-essie-5009552.html,higiene-beleza,2025-04-21,Continente
Verniz de Unhas Eternal Optimist 23,5009491,7.99,"€7,99/un",Essie,Beleza e Higiene/Maquilhagem/Unhas,https://www.continente.pt/dw/image/v2/BDVS_PRD/on/demandware.static/-/Sites-col-master-catalog/default/dwcd3c3706/images/col/500/5009491-frente.jpg?sw=280&sh=280,"emb. 13,5 ml",https://www.continente.pt/produto/verniz-de-unhas-eternal-optimist-23-essie-5009491.html,higiene-beleza,2025-04-21,Continente
Lápis de Lábios Cream,7634680,1.99,"€1,99/un",Relove,Beleza e Higiene/Maquilhagem/Lábios,https://www.continente.pt/dw/image/v2/BDVS_PRD/on/demandware.static/-/Sites-col-master-catalog/default/dw57efe44e/images/col/763/7634680-frente-1.jpg?sw=280&sh=280,emb. 1 un,https://www.continente.pt/produto/lapis-de-labios-cream-relove-7634680.html,higiene-beleza,2025-04-21,Continente
Palete de Sombras Livro da Selva,8157705,23.79,"€23,79/un",Mad Beauty,Beleza e Higiene/Maquilhagem/Olhos,https://www.continente.pt/dw/image/v2/BDVS_PRD/on/demandware.static/-/Sites-col-master-catalog/default/dwcc22849c/images/col/815/8157705-cima.jpg?sw=280&sh=280,emb. 1 un,https://www.continente.pt/produto/palete-de-sombras-livro-da-selva-mad-beauty-8157705.html,higiene-beleza,2025-04-21,Continente
Alicate de Unhas,7798281,20.9,"€20,90/un",Jean Louis David,Beleza e Higiene/Maquilhagem/Acessórios,https://www.continente.pt/dw/image/v2/BDVS_PRD/on/demandware.static/-/Sites-col-master-catalog/default/dw15f44ab7/images/col/779/7798281-frente.png?sw=280&sh=280,emb. 1 un,https://www.continente.pt/produto/alicate-de-unhas-jean-louis-david-7798281.html,higiene-beleza,2025-04-21,Continente
Batom Color Riche Intense Volume 188,7533241,15.99,"€15,99/un",LOréal Paris,Beleza e Higiene/Maquilhagem/Lábios,https://www.continente.pt/dw/image/v2/BDVS_PRD/on/demandware.static/-/Sites-col-master-catalog/default/dwc7d51aff/images/col/753/7533241-frente.jpg?sw=280&sh=280,emb. 1 un,https://www.continente.pt/produto/batom-color-riche-intense-volume-188-loreal-paris-7533241.html,higiene-beleza,2025-04-21,Continente
Batom Líquido Matte Resistance 500 Wine Not?,7889216,15.49,"€15,49/un",LOréal Paris,Beleza e Higiene/Maquilhagem/Lábios,https://www.continente.pt/dw/image/v2/BDVS_PRD/on/demandware.static/-/Sites-col-master-catalog/default/dweea3a6d3/images/col/788/7889216-frente-1.jpg?sw=280&sh=280,emb. 1 un,https://www.continente.pt/produto/batom-liquido-matte-resistance-500-wine-not-loreal-paris-7889216.html,higiene-beleza,2025-04-21,Continente
Corretor Instant Perfect Glow 4 em 1 Medium 02,7974241,14.99,"€14,99/un",Maybelline New York,Beleza e Higiene/Maquilhagem/Rosto,https://www.continente.pt/dw/image/v2/BDVS_PRD/on/demandware.static/-/Sites-col-master-catalog/default/dw0431ae06/images/col/797/7974241-hero.jpg?sw=280&sh=280,emb. 1 un,https://www.continente.pt/produto/corretor-instant-perfect-glow-4-em-1-medium-02-maybelline-new-york-7974241.html,higiene-beleza,2025-04-21,Continente
Batom Plump Ambition Nude Macaron,8242200,14.95,"€14,95/un",LOréal Paris,Beleza e Higiene/Maquilhagem/Lábios,https://www.continente.pt/dw/image/v2/BDVS_PRD/on/demandware.static/-/Sites-col-master-catalog/default/dw151c2240/images/col/824/8242200-hero-1.jpg?sw=280&sh=280,emb. 1 un,https://www.continente.pt/produto/batom-plump-ambition-nude-macaron-loreal-paris-8242200.html,higiene-beleza,2025-04-21,Continente
Máscara de Sobrancelhas Gel Brows Tattoo Studio Soft Brown 255,7742714,13.99,"€13,99/un",Maybelline New York,Beleza e Higiene/Maquilhagem/Olhos,https://www.continente.pt/dw/image/v2/BDVS_PRD/on/demandware.static/-/Sites-col-master-catalog/default/dw0ca776c0/images/col/774/7742714-frente.jpg?sw=280&sh=280,emb. 1 un,https://www.continente.pt/produto/mascara-de-sobrancelhas-gel-brows-tattoo-studio-soft-brown-255-maybelline-new-york-7742714.html,higiene-beleza,2025-04-21,Continente
Máscara de Sobrancelhas Gel Tattoo Studio Brow Medium Brown 257,7742717,13.99,"€13,99/un",Maybelline New York,Beleza e Higiene/Maquilhagem/Olhos,https://www.continente.pt/dw/image/v2/BDVS_PRD/on/demandware.static/-/Sites-col-master-catalog/default/dwd987350d/col/774/7742717_frente.jpg?sw=280&sh=280,emb. 1 un,https://www.continente.pt/produto/mascara-de-sobrancelhas-gel-tattoo-studio-brow-medium-brown-257-maybelline-new-york-7742717.html,higiene-beleza,2025-04-21,Continente
Base de Rosto Lumi Matte 30H 140,8242291,13.99,"€13,99/un",Maybelline New York,Beleza e Higiene/Maquilhagem/Rosto,https://www.continente.pt/dw/image/v2/BDVS_PRD/on/demandware.static/-/Sites-col-master-catalog/default/dw09704715/images/col/824/8242291-hero-1.jpg?sw=280&sh=280,emb. 1 un,https://www.continente.pt/produto/base-de-rosto-lumi-matte-30h-140-maybelline-new-york-8242291.html,higiene-beleza,2025-04-21,Continente
Base de Rosto Lumi Matte 30H 126,8242287,13.99,"€13,99/un",Maybelline New York,Beleza e Higiene/Maquilhagem/Rosto,https://www.continente.pt/dw/image/v2/BDVS_PRD/on/demandware.static/-/Sites-col-master-catalog/default/dwdbb8c483/images/col/824/8242287-hero-1.jpg?sw=280&sh=280,emb. 1 un,https://www.continente.pt/produto/base-de-rosto-lumi-matte-30h-126-maybelline-new-york-8242287.html,higiene-beleza,2025-04-21,Continente
Base de Rosto Lumi Matte 30H 129,8242289,13.99,"€13,99/un",Maybelline New York,Beleza e Higiene/Maquilhagem/Rosto,https://www.continente.pt/dw/image/v2/BDVS_PRD/on/demandware.static/-/Sites-col-master-catalog/default/dwb889f647/images/col/824/8242289-hero-1.jpg?sw=280&sh=280,emb. 1 un,https://www.continente.pt/produto/base-de-rosto-lumi-matte-30h-129-maybelline-new-york-8242289.html,higiene-beleza,2025-04-21,Continente
Máscara de Pestanas Lash Sensational Fireworks,7974254,13.99,"€13,99/un",Maybelline New York,Beleza e Higiene/Maquilhagem/Olhos,https://www.continente.pt/dw/image/v2/BDVS_PRD/on/demandware.static/-/Sites-col-master-catalog/default/dw2efe63b2/images/col/797/7974254-hero.png?sw=280&sh=280,emb. 1 un,https://www.continente.pt/produto/mascara-de-pestanas-lash-sensational-fireworks-maybelline-new-york-7974254.html,higiene-beleza,2025-04-21,Continente
Base de Rosto Lumi Matte 30H 128,8242290,13.99,"€13,99/un",Maybelline New York,Beleza e Higiene/Maquilhagem/Rosto,https://www.continente.pt/dw/image/v2/BDVS_PRD/on/demandware.static/-/Sites-col-master-catalog/default/dw4eca0bea/images/col/824/8242290-hero-1.jpg?sw=280&sh=280,emb. 1 un,https://www.continente.pt/produto/base-de-rosto-lumi-matte-30h-128-maybelline-new-york-8242290.html,higiene-beleza,2025-04-21,Continente
Lápis e Gel Sobrancelhas Build a Brow 259,7974259,12.99,"€12,99/un",Maybelline New York,Beleza e Higiene/Maquilhagem/Olhos,https://www.continente.pt/dw/image/v2/BDVS_PRD/on/demandware.static/-/Sites-col-master-catalog/default/dw5263ec41/images/col/797/7974259-hero.jpg?sw=280&sh=280,emb. 1 un,https://www.continente.pt/produto/lapis-e-gel-sobrancelhas-build-a-brow-259-maybelline-new-york-7974259.html,higiene-beleza,2025-04-21,Continente
Base de Rosto Match Perfection 200 Soft Beige,5235160,12.14,"€12,14/un",Rimmel,Beleza e Higiene/Maquilhagem/Rosto,https://www.continente.pt/dw/image/v2/BDVS_PRD/on/demandware.static/-/Sites-col-master-catalog/default/dwaaa04c57/images/col/523/5235160-frente.jpg?sw=280&sh=280,emb. 1 un,https://www.continente.pt/produto/base-de-rosto-match-perfection-200-soft-beige-rimmel-5235160.html,higiene-beleza,2025-04-21,Continente
Base de Rosto Lasting Finish Ivory 100,5817742,11.91,"€11,91/un",Rimmel,Beleza e Higiene/Maquilhagem/Rosto,https://www.continente.pt/dw/image/v2/BDVS_PRD/on/demandware.static/-/Sites-col-master-catalog/default/dw4b563af6/images/col/581/5817742-frente.jpg?sw=280&sh=280,emb. 1 un,https://www.continente.pt/produto/base-de-rosto-lasting-finish-ivory-100-rimmel-5817742.html,higiene-beleza,2025-04-21,Continente
Base de Rosto Lasting Finish Latte 410,7619816,11.91,"€11,91/un",Rimmel,Beleza e Higiene/Maquilhagem/Rosto,https://www.continente.pt/dw/image/v2/BDVS_PRD/on/demandware.static/-/Sites-col-master-catalog/default/dw10d7ad57/images/col/761/7619816-frente.jpg?sw=280&sh=280,emb. 1 un,https://www.continente.pt/produto/base-de-rosto-lasting-finish-latte-410-rimmel-7619816.html,higiene-beleza,2025-04-21,Continente
Batom Vinyl Ink 50 Wicked,7658240,11.49,"€11,49/un",Maybelline New York,Beleza e Higiene/Maquilhagem/Lábios,https://www.continente.pt/dw/image/v2/BDVS_PRD/on/demandware.static/-/Sites-col-master-catalog/default/dw3c9a1bb1/images/col/765/7658240-hero.jpg?sw=280&sh=280,emb. 1 un,https://www.continente.pt/produto/batom-vinyl-ink-50-wicked-maybelline-new-york-7658240.html,higiene-beleza,2025-04-21,Continente
Batom Vinyl Ink 30 Unrivaled,7658237,11.49,"€11,49/un",Maybelline New York,Beleza e Higiene/Maquilhagem/Lábios,https://www.continente.pt/dw/image/v2/BDVS_PRD/on/demandware.static/-/Sites-col-master-catalog/default/dw98637f23/images/col/765/7658237-hero.jpg?sw=280&sh=280,emb. 1 un,https://www.continente.pt/produto/batom-vinyl-ink-30-unrivaled-maybelline-new-york-7658237.html,higiene-beleza,2025-04-21,Continente
Verniz de Unhas Gel Couture Like it Loud 514,7398691,11.19,"€11,19/un",Essie,Beleza e Higiene/Maquilhagem/Unhas,https://www.continente.pt/dw/image/v2/BDVS_PRD/on/demandware.static/-/Sites-col-master-catalog/default/dw0ad1a2e2/images/col/739/7398691-frente.jpg?sw=280&sh=280,emb. 1 un,https://www.continente.pt/produto/verniz-de-unhas-gel-couture-like-it-loud-514-essie-7398691.html,higiene-beleza,2025-04-21,Continente
Verniz de Unhas Gel Couture Model Clic 370,6589024,11.19,"€11,19/un",Essie,Beleza e Higiene/Maquilhagem/Unhas,https://www.continente.pt/dw/image/v2/BDVS_PRD/on/demandware.static/-/Sites-col-master-catalog/default/dw47d8ff7e/images/col/658/6589024-frente.jpg?sw=280&sh=280,"emb. 13,5 ml",https://www.continente.pt/produto/verniz-de-unhas-gel-couture-model-clic-370-essie-6589024.html,higiene-beleza,2025-04-21,Continente
Verniz de Unhas Gel Couture Sizzling Hot 470,7152555,11.19,"€11,19/un",Essie,Beleza e Higiene/Maquilhagem/Unhas,https://www.continente.pt/dw/image/v2/BDVS_PRD/on/demandware.static/-/Sites-col-master-catalog/default/dw351b2760/images/col/715/7152555-frente.jpg?sw=280&sh=280,"emb. 13,5 ml",https://www.continente.pt/produto/verniz-de-unhas-gel-couture-sizzling-hot-470-essie-7152555.html,higiene-beleza,2025-04-21,Continente
Verniz Gel Couture 360,7974056,11.19,"€11,19/un",Essie,Beleza e Higiene/Maquilhagem/Unhas,https://www.continente.pt/dw/image/v2/BDVS_PRD/on/demandware.static/-/Sites-col-master-catalog/default/dwb90be443/images/col/797/7974056-hero.jpg?sw=280&sh=280,emb. 1 un,https://www.continente.pt/produto/verniz-gel-couture-360-essie-7974056.html,higiene-beleza,2025-04-21,Continente
Verniz de Unhas Gel Couture Of Corset 504,7398723,11.19,"€11,19/un",Essie,Beleza e Higiene/Maquilhagem/Unhas,https://www.continente.pt/dw/image/v2/BDVS_PRD/on/demandware.static/-/Sites-col-master-catalog/default/dwd67b1c26/images/col/739/7398723-frente.jpg?sw=280&sh=280,emb. 1 un,https://www.continente.pt/produto/verniz-de-unhas-gel-couture-of-corset-504-essie-7398723.html,higiene-beleza,2025-04-21,Continente
Verniz Gel Couture 551,7974210,11.19,"€11,19/un",Essie,Beleza e Higiene/Maquilhagem/Unhas,https://www.continente.pt/dw/image/v2/BDVS_PRD/on/demandware.static/-/Sites-col-master-catalog/default/dwde728161/images/col/797/7974210-hero.jpg?sw=280&sh=280,emb. 1 un,https://www.continente.pt/produto/verniz-gel-couture-551-essie-7974210.html,higiene-beleza,2025-04-21,Continente
Verniz Gel Couture 136,7974055,11.19,"€11,19/un",Essie,Beleza e Higiene/Maquilhagem/Unhas,https://www.continente.pt/dw/image/v2/BDVS_PRD/on/demandware.static/-/Sites-col-master-catalog/default/dw04dbb3df/images/col/797/7974055-hero.jpg?sw=280&sh=280,emb. 1 un,https://www.continente.pt/produto/verniz-gel-couture-136-essie-7974055.html,higiene-beleza,2025-04-21,Continente
Batom Infaillible X3 Corail Constant 404,5314917,11.04,"€11,04/un",LOréal Paris,Beleza e Higiene/Maquilhagem/Lábios,https://www.continente.pt/dw/image/v2/BDVS_PRD/on/demandware.static/-/Sites-col-master-catalog/default/dw10d77146/images/col/531/5314917-frente.jpg?sw=280&sh=280,emb. 1 un,https://www.continente.pt/produto/batom-infaillible-x3-corail-constant-404-loreal-paris-5314917.html,higiene-beleza,2025-04-21,Continente
Batom 2 Steps 801,7368735,11.04,"€11,04/un",LOréal Paris,Beleza e Higiene/Maquilhagem/Lábios,https://www.continente.pt/dw/image/v2/BDVS_PRD/on/demandware.static/-/Sites-col-master-catalog/default/dw407ff792/images/col/736/7368735-hero.jpg?sw=280&sh=280,emb. 1 un,https://www.continente.pt/produto/batom-2-steps-801-loreal-paris-7368735.html,higiene-beleza,2025-04-21,Continente
Batom Líquido Lifter Plump Hot Honey 8,7974235,10.99,"€10,99/un",Maybelline New York,Beleza e Higiene/Maquilhagem/Lábios,https://www.continente.pt/dw/image/v2/BDVS_PRD/on/demandware.static/-/Sites-col-master-catalog/default/dwb8cc8cc6/images/col/797/7974235-hero.jpg?sw=280&sh=280,emb. 1 un,https://www.continente.pt/produto/batom-liquido-lifter-plump-hot-honey-8-maybelline-new-york-7974235.html,higiene-beleza,2025-04-21,Continente
Batom Líquido Lifter Plump Peach Fever 5,7974231,10.99,"€10,99/un",Maybelline New York,Beleza e Higiene/Maquilhagem/Lábios,https://www.continente.pt/dw/image/v2/BDVS_PRD/on/demandware.static/-/Sites-col-master-catalog/default/dw4c335f2b/images/col/797/7974231-hero.jpg?sw=280&sh=280,emb. 1 un,https://www.continente.pt/produto/batom-liquido-lifter-plump-peach-fever-5-maybelline-new-york-7974231.html,higiene-beleza,2025-04-21,Continente
Lápis de Olhos Color Riche Couture 300 Le Rouge Paris,8242219,10.99,"€10,99/un",LOréal Paris,Beleza e Higiene/Maquilhagem/Lábios,https://www.continente.pt/dw/image/v2/BDVS_PRD/on/demandware.static/-/Sites-col-master-catalog/default/dw5a5b552a/images/col/824/8242219-hero-1.jpg?sw=280&sh=280,emb. 1 un,https://www.continente.pt/produto/lapis-de-olhos-color-riche-couture-300-le-rouge-paris-loreal-paris-8242219.html,higiene-beleza,2025-04-21,Continente
Batom Líquido Lifter Plump Mauve Bite 2,7974229,10.99,"€10,99/un",Maybelline New York,Beleza e Higiene/Maquilhagem/Lábios,https://www.continente.pt/dw/image/v2/BDVS_PRD/on/demandware.static/-/Sites-col-master-catalog/default/dw9363908f/images/col/797/7974229-hero.jpg?sw=280&sh=280,emb. 1 un,https://www.continente.pt/produto/batom-liquido-lifter-plump-mauve-bite-2-maybelline-new-york-7974229.html,higiene-beleza,2025-04-21,Continente
Coloração Permanente Brown Tint Louro Escuro,8290299,10.88,"€10,88/un",Syoss,Beleza e Higiene/Cabelo/Colorações,https://www.continente.pt/dw/image/v2/BDVS_PRD/on/demandware.static/-/Sites-col-master-catalog/default/dw9fad527a/images/col/829/8290299-direito.jpg?sw=280&sh=280,emb. 1 un,https://www.continente.pt/produto/coloracao-permanente-brown-tint-louro-escuro-syoss-8290299.html,higiene-beleza,2025-04-21,Continente
Máscara de Pestanas False Lash Black,8122949,10.84,"€10,84/un",LOréal Paris,Beleza e Higiene/Maquilhagem/Olhos,https://www.continente.pt/dw/image/v2/BDVS_PRD/on/demandware.static/-/Sites-col-master-catalog/default/dwcc78e41e/images/col/812/8122949-hero.jpg?sw=280&sh=280,emb. 1 un,https://www.continente.pt/produto/mascara-de-pestanas-false-lash-black-loreal-paris-8122949.html,higiene-beleza,2025-04-21,Continente
Base em Pó 2 em 1 Infaillible 24h Fresh Wear 140,7382383,10.79,"€10,79/un",LOréal Paris,Beleza e Higiene/Maquilhagem/Rosto,https://www.continente.pt/dw/image/v2/BDVS_PRD/on/demandware.static/-/Sites-col-master-catalog/default/dwbc45f70a/images/col/738/7382383-frente.jpg?sw=280&sh=280,emb. 1 un,https://www.continente.pt/produto/base-em-po-2-em-1-infaillible-24h-fresh-wear-140-loreal-paris-7382383.html,higiene-beleza,2025-04-21,Continente
Pó Compacto Fit Me Matte & Poreless Natural 105,6845275,5.66,"€5,66/un",Maybelline New York,Beleza e Higiene/Maquilhagem/Rosto,https://www.continente.pt/dw/image/v2/BDVS_PRD/on/demandware.static/-/Sites-col-master-catalog/default/dwe6615098/images/col/774/7742698-direito.jpg?sw=280&sh=280,emb. 1 un,https://www.continente.pt/produto/po-compacto-fit-me-matte-poreless-natural-105-maybelline-new-york-6845275.html,higiene-beleza,2025-04-21,Continente
Creme de Mãos Tahiti,7752141,4.99,,Lovea,Beleza e Higiene/Corpo/Cuidados de Mãos e Pés,https://www.continente.pt/dw/image/v2/BDVS_PRD/on/demandware.static/-/Sites-col-master-catalog/default/dw1aad1c62/images/col/775/7752141-frente.jpg?sw=280&sh=280,emb. 75 ml,https://www.continente.pt/produto/creme-de-maos-tahiti-lovea-7752141.html,higiene-beleza,2025-04-21,Continente
Condicionador Monoi e Karité,7594134,4.99,"€4,99/un",Lovea,Beleza e Higiene/Cabelo/Condicionadores,https://www.continente.pt/dw/image/v2/BDVS_PRD/on/demandware.static/-/Sites-col-master-catalog/default/dw1ce0c43d/images/col/759/7594134-frente.jpg?sw=280&sh=280,emb. 200 ml,https://www.continente.pt/produto/condicionador-monoi-e-karite-lovea-7594134.html,higiene-beleza,2025-04-21,Continente
Sombra de Olhos Color Queen 32,6922341,4.89,"€4,89/un",LOréal Paris,Beleza e Higiene/Maquilhagem/Olhos,https://www.continente.pt/dw/image/v2/BDVS_PRD/on/demandware.static/-/Sites-col-master-catalog/default/dw99ff7adb/images/col/692/6922341-cima.jpg?sw=280&sh=280,emb. 1 un,https://www.continente.pt/produto/sombra-de-olhos-color-queen-32-loreal-paris-6922341.html,higiene-beleza,2025-04-21,Continente
Travessão Cabelo Gorgorão XL,5609123,4.49,"€4,49/un",MyLabel,Beleza e Higiene/Cabelo/Acessórios,https://www.continente.pt/dw/image/v2/BDVS_PRD/on/demandware.static/-/Sites-col-master-catalog/default/dw878d4957/images/col/560/5609123-cima.jpg?sw=280&sh=280,emb. 1 un,https://www.continente.pt/produto/travessao-cabelo-gorgorao-xl-mylabel-5609123.html,higiene-beleza,2025-04-21,Continente
Verniz de Unhas 60 Seconds 430 Coralicious,5579416,4.19,"€4,19/un",Rimmel,Beleza e Higiene/Maquilhagem/Unhas,https://www.continente.pt/dw/image/v2/BDVS_PRD/on/demandware.static/-/Sites-col-master-catalog/default/dwa845a852/images/col/557/5579416-frente.jpg?sw=280&sh=280,emb. 1 un,https://www.continente.pt/produto/verniz-de-unhas-60-seconds-430-coralicious-rimmel-5579416.html,higiene-beleza,2025-04-21,Continente
Ganchos Cabelo Clic Clac Laço Gorgorão,5070813,3.99,"€2,00/un",MyLabel,Beleza e Higiene/Cabelo/Acessórios,https://www.continente.pt/dw/image/v2/BDVS_PRD/on/demandware.static/-/Sites-col-master-catalog/default/dw2dcea68d/images/col/507/5070813-frente.jpg?sw=280&sh=280,emb. 2 un,https://www.continente.pt/produto/ganchos-cabelo-clic-clac-laco-gorgorao-mylabel-5070813.html,higiene-beleza,2025-04-21,Continente
Bandolete Cabelo Laço Gorgorão Criança,6869085,3.79,"€3,79/un",MyLabel,Beleza e Higiene/Cabelo/Acessórios,https://www.continente.pt/dw/image/v2/BDVS_PRD/on/demandware.static/-/Sites-col-master-catalog/default/dwc129ad12/images/col/686/6869085-cima-azul.jpg?sw=280&sh=280,emb. 1 un,https://www.continente.pt/produto/bandolete-cabelo-laco-gorgorao-crianca-mylabel-6869085.html,higiene-beleza,2025-04-21,Continente
Corretor Camouflage+ Matt Concealer 50,7016262,3.59,"€3,59/un",Essence,Beleza e Higiene/Maquilhagem/Rosto,https://www.continente.pt/dw/image/v2/BDVS_PRD/on/demandware.static/-/Sites-col-master-catalog/default/dw7dbce545/images/col/701/7016262-frente.jpg?sw=280&sh=280,emb. 1 un,https://www.continente.pt/produto/corretor-camouflage-matt-concealer-50-essence-7016262.html,higiene-beleza,2025-04-21,Continente
Eyeliner Tiny Tip à Prova de Água,7379567,3.59,"€3,59/un",Essence,Beleza e Higiene/Maquilhagem/Olhos,https://www.continente.pt/dw/image/v2/BDVS_PRD/on/demandware.static/-/Sites-col-master-catalog/default/dw05e675f0/images/col/737/7379567-frente.jpg?sw=280&sh=280,emb. 1 un,https://www.continente.pt/produto/eyeliner-tiny-tip-a-prova-de-agua-essence-7379567.html,higiene-beleza,2025-04-21,Continente
Desodorizante Spray Performance Dry Sensation,6909465,3.28,"€21,87/lt",Denim,Beleza e Higiene/Homem/Desodorizantes,https://www.continente.pt/dw/image/v2/BDVS_PRD/on/demandware.static/-/Sites-col-master-catalog/default/dwf8b2162a/images/col/690/6909465-frente.jpg?sw=280&sh=280,emb. 150 ml,https://www.continente.pt/produto/desodorizante-spray-performance-dry-sensation-denim-6909465.html,higiene-beleza,2025-04-21,Continente
Elásticos Cabelo Espiral Mate Médio,7759723,2.99,"€1,00/un",MyLabel,Beleza e Higiene/Cabelo/Acessórios/Acessórios,https://www.continente.pt/dw/image/v2/BDVS_PRD/on/demandware.static/-/Sites-col-master-catalog/default/dw103701ae/images/col/775/7759723-frente.jpg?sw=280&sh=280,emb. 3 un,https://www.continente.pt/produto/elasticos-cabelo-espiral-mate-medio-mylabel-7759723.html,higiene-beleza,2025-04-21,Continente
Palete de Sombras de Olhos Colour Play Dreamer,7551389,2.99,"€2,99/un",Relove,Beleza e Higiene/Maquilhagem/Olhos,https://www.continente.pt/dw/image/v2/BDVS_PRD/on/demandware.static/-/Sites-col-master-catalog/default/dw36df0d84/images/col/755/7551389-frente-1.jpg?sw=280&sh=280,emb. 1 un,https://www.continente.pt/produto/palete-de-sombras-de-olhos-colour-play-dreamer-relove-7551389.html,higiene-beleza,2025-04-21,Continente
Palete de Rosto Contorno Baked Sugar,7634664,2.99,"€2,99/un",Relove,Beleza e Higiene/Maquilhagem/Rosto,https://www.continente.pt/dw/image/v2/BDVS_PRD/on/demandware.static/-/Sites-col-master-catalog/default/dwef3bb9e8/images/col/763/7634664-frente-1.jpg?sw=280&sh=280,emb. 1 un,https://www.continente.pt/produto/palete-de-rosto-contorno-baked-sugar-relove-7634664.html,higiene-beleza,2025-04-21,Continente
Verniz de Unhas Metálico Verde,8098933,2.99,"€2,99/un",MyLabel,Beleza e Higiene/Maquilhagem/Unhas,https://www.continente.pt/dw/image/v2/BDVS_PRD/on/demandware.static/-/Sites-col-master-catalog/default/dw4d64b6e9/images/col/809/8098933-frente.png?sw=280&sh=280,emb. 1 un,https://www.continente.pt/produto/verniz-de-unhas-metalico-verde-mylabel-8098933.html,higiene-beleza,2025-04-21,Continente
Palete de Sombras de Olhos Colour Play Empowder,7551382,2.99,"€2,99/un",Relove,Beleza e Higiene/Maquilhagem/Olhos,https://www.continente.pt/dw/image/v2/BDVS_PRD/on/demandware.static/-/Sites-col-master-catalog/default/dwaa0be58c/images/col/755/7551382-frente-1.jpg?sw=280&sh=280,emb. 1 un,https://www.continente.pt/produto/palete-de-sombras-de-olhos-colour-play-empowder-relove-7551382.html,higiene-beleza,2025-04-21,Continente
Eyeliner Slick Flick Preto,7551386,2.99,"€2,99/un",Relove,Beleza e Higiene/Maquilhagem/Olhos,https://www.continente.pt/dw/image/v2/BDVS_PRD/on/demandware.static/-/Sites-col-master-catalog/default/dw713bd4a8/images/col/755/7551386-frente-1.jpg?sw=280&sh=280,emb. 1 un,https://www.continente.pt/produto/eyeliner-slick-flick-preto-relove-7551386.html,higiene-beleza,2025-04-21,Continente
Verniz de Unhas Azul W2,8098949,2.49,"€2,49/un",MyLabel,Beleza e Higiene/Maquilhagem/Unhas,https://www.continente.pt/dw/image/v2/BDVS_PRD/on/demandware.static/-/Sites-col-master-catalog/default/dwab4740a7/images/col/809/8098949-frente.png?sw=280&sh=280,emb. 1 un,https://www.continente.pt/produto/verniz-de-unhas-azul-w2-mylabel-8098949.html,higiene-beleza,2025-04-21,Continente
Verniz de Unhas Rosa Escuro 106,8064221,2.49,"€2,49/un",MyLabel,Beleza e Higiene/Maquilhagem/Unhas,https://www.continente.pt/dw/image/v2/BDVS_PRD/on/demandware.static/-/Sites-col-master-catalog/default/dw11250d00/images/col/806/8064221-frente.png?sw=280&sh=280,emb. 1 un,https://www.continente.pt/produto/verniz-de-unhas-rosa-escuro-106-mylabel-8064221.html,higiene-beleza,2025-04-21,Continente
Verniz de Unhas Gel Nail Colour 12,7549916,1.99,"€1,99/un",Essence,Beleza e Higiene/Maquilhagem/Unhas,https://www.continente.pt/dw/image/v2/BDVS_PRD/on/demandware.static/-/Sites-col-master-catalog/default/dwc7263e36/images/col/754/7549916-frente.jpg?sw=280&sh=280,emb. 1 un,https://www.continente.pt/produto/verniz-de-unhas-gel-nail-colour-12-essence-7549916.html,higiene-beleza,2025-04-21,Continente
Lápis de Lábios Dream,7634682,1.99,"€1,99/un",Relove,Beleza e Higiene/Maquilhagem/Lábios,https://www.continente.pt/dw/image/v2/BDVS_PRD/on/demandware.static/-/Sites-col-master-catalog/default/dw3e1902a3/images/col/763/7634682-frente-1.jpg?sw=280&sh=280,emb. 1 un,https://www.continente.pt/produto/lapis-de-labios-dream-relove-7634682.html,higiene-beleza,2025-04-21,Continente
Eyeliner DIP Branco,7634663,1.99,"€1,99/un",Relove,Beleza e Higiene/Maquilhagem/Olhos,https://www.continente.pt/dw/image/v2/BDVS_PRD/on/demandware.static/-/Sites-col-master-catalog/default/dw25f9454d/images/col/763/7634663-frente-1.jpg?sw=280&sh=280,emb. 1 un,https://www.continente.pt/produto/eyeliner-dip-branco-relove-7634663.html,higiene-beleza,2025-04-21,Continente
Lápis de Olhos Castanho 08,3881829,1.29,"€1,29/un",Essence,Beleza e Higiene/Maquilhagem/Olhos,https://www.continente.pt/dw/image/v2/BDVS_PRD/on/demandware.static/-/Sites-col-master-catalog/default/dwdfbd5657/images/col/388/3881829-frente.jpg?sw=280&sh=280,emb. 1 un,https://www.continente.pt/produto/lapis-de-olhos-castanho-08-essence-3881829.html,higiene-beleza,2025-04-21,Continente
Lápis de Olhos Branco 01,3881823,1.29,"€1,29/un",Essence,Beleza e Higiene/Maquilhagem/Olhos,https://www.continente.pt/dw/image/v2/BDVS_PRD/on/demandware.static/-/Sites-col-master-catalog/default/dw1c895a1c/images/col/388/3881823-frente.jpg?sw=280&sh=280,emb. 1 un,https://www.continente.pt/produto/lapis-de-olhos-branco-01-essence-3881823.html,higiene-beleza,2025-04-21,Continente
Recarga Lima Exfoliante,6583380,17.49,"€8,75/un",Scholl,Beleza e Higiene/Corpo/Cuidados de Mãos e Pés,https://www.continente.pt/dw/image/v2/BDVS_PRD/on/demandware.static/-/Sites-col-master-catalog/default/dwb2272fef/images/col/658/6583380-frente.jpg?sw=280&sh=280,emb. 2 un,https://www.continente.pt/produto/recarga-lima-exfoliante-scholl-6583380.html,higiene-beleza,2025-04-21,Continente
Batom Infaillible Rose Eternite 302,7742711,16.99,"€16,99/un",LOréal Paris,Beleza e Higiene/Maquilhagem/Lábios,https://www.continente.pt/dw/image/v2/BDVS_PRD/on/demandware.static/-/Sites-col-master-catalog/default/dwb27a33b0/images/col/774/7742711-frente.jpg?sw=280&sh=280,emb. 1 un,https://www.continente.pt/produto/batom-infaillible-rose-eternite-302-loreal-paris-7742711.html,higiene-beleza,2025-04-21,Continente
Kit Magnetic Eyeliner e Pestanas Falsas 07,7540172,16.99,"€16,99/un",Kiss,Beleza e Higiene/Maquilhagem/Olhos,https://www.continente.pt/dw/image/v2/BDVS_PRD/on/demandware.static/-/Sites-col-master-catalog/default/dwcce64cb7/images/col/754/7540172-frente.jpg?sw=280&sh=280,emb. 1 un,https://www.continente.pt/produto/kit-magnetic-eyeliner-e-pestanas-falsas-07-kiss-7540172.html,higiene-beleza,2025-04-21,Continente
Batom Infinite Intimacy 806,7742710,16.99,"€16,99/un",LOréal Paris,Beleza e Higiene/Maquilhagem/Lábios,https://www.continente.pt/dw/image/v2/BDVS_PRD/on/demandware.static/-/Sites-col-master-catalog/default/dw9e3021b4/images/col/774/7742710-frente.jpg?sw=280&sh=280,emb. 1 un,https://www.continente.pt/produto/batom-infinite-intimacy-806-loreal-paris-7742710.html,higiene-beleza,2025-04-21,Continente
Kit Magnetic Eyeliner e Pestanas Falsas 03,7540174,16.99,"€16,99/un",Kiss,Beleza e Higiene/Maquilhagem/Olhos,https://www.continente.pt/dw/image/v2/BDVS_PRD/on/demandware.static/-/Sites-col-master-catalog/default/dwfd28d862/images/col/754/7540174-frente.jpg?sw=280&sh=280,emb. 1 un,https://www.continente.pt/produto/kit-magnetic-eyeliner-e-pestanas-falsas-03-kiss-7540174.html,higiene-beleza,2025-04-21,Continente
Batom Color Riche Intense Volume 480,7533248,15.99,"€15,99/un",LOréal Paris,Beleza e Higiene/Maquilhagem/Lábios,https://www.continente.pt/dw/image/v2/BDVS_PRD/on/demandware.static/-/Sites-col-master-catalog/default/dwee82f7ba/images/col/753/7533248-frente.jpg?sw=280&sh=280,emb. 1 un,https://www.continente.pt/produto/batom-color-riche-intense-volume-480-loreal-paris-7533248.html,higiene-beleza,2025-04-21,Continente
Batom Color Riche Intense Volume 482,7533242,15.99,"€15,99/un",LOréal Paris,Beleza e Higiene/Maquilhagem/Lábios,https://www.continente.pt/dw/image/v2/BDVS_PRD/on/demandware.static/-/Sites-col-master-catalog/default/dw1525521b/images/col/753/7533242-frente.jpg?sw=280&sh=280,emb. 1 un,https://www.continente.pt/produto/batom-color-riche-intense-volume-482-loreal-paris-7533242.html,higiene-beleza,2025-04-21,Continente
Batom Líquido Matte Resistance 300 Sun Bathing,7889207,15.49,"€15,49/un",LOréal Paris,Beleza e Higiene/Maquilhagem/Lábios,https://www.continente.pt/dw/image/v2/BDVS_PRD/on/demandware.static/-/Sites-col-master-catalog/default/dw92a424e8/images/col/788/7889207-frente-1.jpg?sw=280&sh=280,emb. 1 un,https://www.continente.pt/produto/batom-liquido-matte-resistance-300-sun-bathing-loreal-paris-7889207.html,higiene-beleza,2025-04-21,Continente
Batom Líquido Matte Resistance 240 Road Tripping,7889210,15.49,"€15,49/un",LOréal Paris,Beleza e Higiene/Maquilhagem/Lábios,https://www.continente.pt/dw/image/v2/BDVS_PRD/on/demandware.static/-/Sites-col-master-catalog/default/dwd8fa3ab8/images/col/788/7889210-frente-1.jpg?sw=280&sh=280,emb. 1 un,https://www.continente.pt/produto/batom-liquido-matte-resistance-240-road-tripping-loreal-paris-7889210.html,higiene-beleza,2025-04-21,Continente
Batom Líquido Matte Resist 400 Spill The Tea,7889214,15.49,"€15,49/un",LOréal Paris,Beleza e Higiene/Maquilhagem/Lábios,https://www.continente.pt/dw/image/v2/BDVS_PRD/on/demandware.static/-/Sites-col-master-catalog/default/dwd891ab33/images/col/788/7889214-hero.png?sw=280&sh=280,emb. 1 un,https://www.continente.pt/produto/batom-liquido-matte-resist-400-spill-the-tea-loreal-paris-7889214.html,higiene-beleza,2025-04-21,Continente
Batom Infaillible Matte Resistance Summer Fling 625,8122934,15.49,"€15,49/un",LOréal Paris,Beleza e Higiene/Maquilhagem/Lábios,https://www.continente.pt/dw/image/v2/BDVS_PRD/on/demandware.static/-/Sites-col-master-catalog/default/dw659779e8/images/col/812/8122934-hero.jpg?sw=280&sh=280,emb. 1 un,https://www.continente.pt/produto/batom-infaillible-matte-resistance-summer-fling-625-loreal-paris-8122934.html,higiene-beleza,2025-04-21,Continente
Batom Líquido Matte Resistance 100 Fairytale Ending,7889200,15.49,"€15,49/un",LOréal Paris,Beleza e Higiene/Maquilhagem/Lábios,https://www.continente.pt/dw/image/v2/BDVS_PRD/on/demandware.static/-/Sites-col-master-catalog/default/dw9b2e9d67/images/col/788/7889200-frente-1.jpg?sw=280&sh=280,emb. 1 un,https://www.continente.pt/produto/batom-liquido-matte-resistance-100-fairytale-ending-loreal-paris-7889200.html,higiene-beleza,2025-04-21,Continente
Batom SuperStay Ink Crayon 100,7461778,9.49,"€9,49/un",Maybelline New York,Beleza e Higiene/Maquilhagem/Lábios,https://www.continente.pt/dw/image/v2/BDVS_PRD/on/demandware.static/-/Sites-col-master-catalog/default/dw360b0e10/images/col/746/7461778-frente.jpg?sw=280&sh=280,emb. 1 un,https://www.continente.pt/produto/batom-superstay-ink-crayon-100-maybelline-new-york-7461778.html,higiene-beleza,2025-04-21,Continente
Batom SuperStay Ink Crayon 115,7461789,9.49,"€9,49/un",Maybelline New York,Beleza e Higiene/Maquilhagem/Lábios,https://www.continente.pt/dw/image/v2/BDVS_PRD/on/demandware.static/-/Sites-col-master-catalog/default/dwff8b7ed6/images/col/746/7461789-frente-aberto.jpg?sw=280&sh=280,emb. 1 un,https://www.continente.pt/produto/batom-superstay-ink-crayon-115-maybelline-new-york-7461789.html,higiene-beleza,2025-04-21,Continente
Batom SuperStay Ink Crayon Make It Happen 55,6922302,9.49,"€9,49/un",Maybelline New York,Beleza e Higiene/Maquilhagem/Lábios,https://www.continente.pt/dw/image/v2/BDVS_PRD/on/demandware.static/-/Sites-col-master-catalog/default/dw80c6a025/images/col/692/6922302-frente.jpg?sw=280&sh=280,emb. 1 un,https://www.continente.pt/produto/batom-superstay-ink-crayon-make-it-happen-55-maybelline-new-york-6922302.html,higiene-beleza,2025-04-21,Continente
Batom SuperStay Ink Crayon Hustle In Heels 45,6922298,9.49,"€9,49/un",Maybelline New York,Beleza e Higiene/Maquilhagem/Lábios,https://www.continente.pt/dw/image/v2/BDVS_PRD/on/demandware.static/-/Sites-col-master-catalog/default/dwd456d07a/images/col/692/6922298-frente.jpg?sw=280&sh=280,emb. 1 un,https://www.continente.pt/produto/batom-superstay-ink-crayon-hustle-in-heels-45-maybelline-new-york-6922298.html,higiene-beleza,2025-04-21,Continente
Batom SuperStay Ink Crayon Stay Exceptional 25,6922309,9.49,"€9,49/un",Maybelline New York,Beleza e Higiene/Maquilhagem/Lábios,https://www.continente.pt/dw/image/v2/BDVS_PRD/on/demandware.static/-/Sites-col-master-catalog/default/dwd4a461d4/images/col/692/6922309-frente.jpg?sw=280&sh=280,emb. 1 un,https://www.continente.pt/produto/batom-superstay-ink-crayon-stay-exceptional-25-maybelline-new-york-6922309.html,higiene-beleza,2025-04-21,Continente
Lápis Hyper Precision 703,7974257,8.99,"€8,99/un",Maybelline New York,Beleza e Higiene/Maquilhagem/Olhos,https://www.continente.pt/dw/image/v2/BDVS_PRD/on/demandware.static/-/Sites-col-master-catalog/default/dwf97a7e40/images/col/797/7974257-hero.jpg?sw=280&sh=280,emb. 1 un,https://www.continente.pt/produto/lapis-hyper-precision-703-maybelline-new-york-7974257.html,higiene-beleza,2025-04-21,Continente
Pestanas Falsas MLBB 03,7540197,7.99,"€7,99/un",Kiss,Beleza e Higiene/Maquilhagem/Olhos,https://www.continente.pt/dw/image/v2/BDVS_PRD/on/demandware.static/-/Sites-col-master-catalog/default/dw5d8f6bd4/images/col/754/7540197-frente.jpg?sw=280&sh=280,emb. 1 un,https://www.continente.pt/produto/pestanas-falsas-mlbb-03-kiss-7540197.html,higiene-beleza,2025-04-21,Continente
Verniz de Unhas Big Spende 33,5009394,7.99,"€7,99/un",Essie,Beleza e Higiene/Maquilhagem/Unhas,https://www.continente.pt/dw/image/v2/BDVS_PRD/on/demandware.static/-/Sites-col-master-catalog/default/dw3563498c/images/col/500/5009394-frente.jpg?sw=280&sh=280,"emb. 13,5 ml",https://www.continente.pt/produto/verniz-de-unhas-big-spende-33-essie-5009394.html,higiene-beleza,2025-04-21,Continente
Verniz de Unhas Watermelon 27,5009470,7.99,"€7,99/un",Essie,Beleza e Higiene/Maquilhagem/Unhas,https://www.continente.pt/dw/image/v2/BDVS_PRD/on/demandware.static/-/Sites-col-master-catalog/default/dw54e113ca/images/col/500/5009470-frente.jpg?sw=280&sh=280,"emb. 13,5 ml",https://www.continente.pt/produto/verniz-de-unhas-watermelon-27-essie-5009470.html,higiene-beleza,2025-04-21,Continente
Pestanas Falsas MLBB 01,7540194,7.99,"€7,99/un",Kiss,Beleza e Higiene/Maquilhagem/Olhos,https://www.continente.pt/dw/image/v2/BDVS_PRD/on/demandware.static/-/Sites-col-master-catalog/default/dw13641e74/images/col/754/7540194-frente.jpg?sw=280&sh=280,emb. 1 un,https://www.continente.pt/produto/pestanas-falsas-mlbb-01-kiss-7540194.html,higiene-beleza,2025-04-21,Continente
"Verniz de Unhas 991 New Day, New Me",8242300,7.99,"€7,99/un",Essie,Beleza e Higiene/Maquilhagem/Unhas,https://www.continente.pt/dw/image/v2/BDVS_PRD/on/demandware.static/-/Sites-col-master-catalog/default/dw857bfb74/images/col/824/8242300-hero-1.jpg?sw=280&sh=280,emb. 1 un,https://www.continente.pt/produto/verniz-de-unhas-991-new-day-new-me-essie-8242300.html,higiene-beleza,2025-04-21,Continente
Lâminas Descartáveis Sensor3 Recycled,7555467,7.99,"€7,99/un",Gillette,Beleza e Higiene/Homem/Barba,https://www.continente.pt/dw/image/v2/BDVS_PRD/on/demandware.static/-/Sites-col-master-catalog/default/dwc863c6e9/images/col/755/7555467-frente.jpg?sw=280&sh=280,emb. 4 un,https://www.continente.pt/produto/laminas-descartaveis-sensor3-recycled-gillette-7555467.html,higiene-beleza,2025-04-21,Continente
Verniz de Unhas Russian Roulette 61,5009513,7.99,"€7,99/un",Essie,Beleza e Higiene/Maquilhagem/Unhas,https://www.continente.pt/dw/image/v2/BDVS_PRD/on/demandware.static/-/Sites-col-master-catalog/default/dwe93a8e47/images/col/500/5009513-frente.jpg?sw=280&sh=280,"emb. 13,5 ml",https://www.continente.pt/produto/verniz-de-unhas-russian-roulette-61-essie-5009513.html,higiene-beleza,2025-04-21,Continente
Lápis de Sobrancelhas Brow Satin Duo 02,7461782,7.99,"€7,99/un",Maybelline New York,Beleza e Higiene/Maquilhagem/Olhos,https://www.continente.pt/dw/image/v2/BDVS_PRD/on/demandware.static/-/Sites-col-master-catalog/default/dwa3df81c2/images/col/746/7461782-frente.jpg?sw=280&sh=280,emb. 1 un,https://www.continente.pt/produto/lapis-de-sobrancelhas-brow-satin-duo-02-maybelline-new-york-7461782.html,higiene-beleza,2025-04-21,Continente
Verniz de Unhas Fifth Avenue 64,5009502,7.99,"€7,99/un",Essie,Beleza e Higiene/Maquilhagem/Unhas,https://www.continente.pt/dw/image/v2/BDVS_PRD/on/demandware.static/-/Sites-col-master-catalog/default/dw298b989a/images/col/500/5009502-frente.jpg?sw=280&sh=280,"emb. 13,5 ml",https://www.continente.pt/produto/verniz-de-unhas-fifth-avenue-64-essie-5009502.html,higiene-beleza,2025-04-21,Continente
Verniz de Unhas Exotic Liras 32,5009418,7.99,"€7,99/un",Essie,Beleza e Higiene/Maquilhagem/Unhas,https://www.continente.pt/dw/image/v2/BDVS_PRD/on/demandware.static/-/Sites-col-master-catalog/default/dw0e814d01/images/col/500/5009418-frente.jpg?sw=280&sh=280,"emb. 13,5 ml",https://www.continente.pt/produto/verniz-de-unhas-exotic-liras-32-essie-5009418.html,higiene-beleza,2025-04-21,Continente
Verniz de Unhas Lady Like 101,5470976,7.99,"€7,99/un",Essie,Beleza e Higiene/Maquilhagem/Unhas,https://www.continente.pt/dw/image/v2/BDVS_PRD/on/demandware.static/-/Sites-col-master-catalog/default/dw79a8009f/images/col/547/5470976-frente.jpg?sw=280&sh=280,"emb. 13,5 ml",https://www.continente.pt/produto/verniz-de-unhas-lady-like-101-essie-5470976.html,higiene-beleza,2025-04-21,Continente
Verniz de Unhas 994 This and That,8242308,7.99,"€7,99/un",Essie,Beleza e Higiene/Maquilhagem/Unhas,https://www.continente.pt/dw/image/v2/BDVS_PRD/on/demandware.static/-/Sites-col-master-catalog/default/dwae8c0a2c/images/col/824/8242308-hero-1.jpg?sw=280&sh=280,emb. 1 un,https://www.continente.pt/produto/verniz-de-unhas-994-this-and-that-essie-8242308.html,higiene-beleza,2025-04-21,Continente
Verniz de Unhas 993 Be Them All,8242305,7.99,"€7,99/un",Essie,Beleza e Higiene/Maquilhagem/Unhas,https://www.continente.pt/dw/image/v2/BDVS_PRD/on/demandware.static/-/Sites-col-master-catalog/default/dweaa8f188/images/col/824/8242305-hero-1.jpg?sw=280&sh=280,emb. 1 un,https://www.continente.pt/produto/verniz-de-unhas-993-be-them-all-essie-8242305.html,higiene-beleza,2025-04-21,Continente
Verniz de Unhas Play Date 102,5318741,7.99,"€7,99/un",Essie,Beleza e Higiene/Maquilhagem/Unhas,https://www.continente.pt/dw/image/v2/BDVS_PRD/on/demandware.static/-/Sites-col-master-catalog/default/dwc2125068/images/col/531/5318741-frente.jpg?sw=280&sh=280,"emb. 13,5 ml",https://www.continente.pt/produto/verniz-de-unhas-play-date-102-essie-5318741.html,higiene-beleza,2025-04-21,Continente
Lápis de Sobrancelhas Brow Expert 7.0,7742689,7.69,"€7,69/un",LOréal Paris,Beleza e Higiene/Maquilhagem/Olhos,https://www.continente.pt/dw/image/v2/BDVS_PRD/on/demandware.static/-/Sites-col-master-catalog/default/dw60dfd05e/images/col/774/7742689-frente.jpg?sw=280&sh=280,emb. 1 un,https://www.continente.pt/produto/lapis-de-sobrancelhas-brow-expert-7.0-loreal-paris-7742689.html,higiene-beleza,2025-04-21,Continente
Lápis de Sobrancelhas Brow Expert 3.0,7742661,7.69,"€7,69/un",LOréal Paris,Beleza e Higiene/Maquilhagem/Olhos,https://www.continente.pt/dw/image/v2/BDVS_PRD/on/demandware.static/-/Sites-col-master-catalog/default/dw281ce412/images/col/774/7742661-frente.jpg?sw=280&sh=280,emb. 1 un,https://www.continente.pt/produto/lapis-de-sobrancelhas-brow-expert-3.0-loreal-paris-7742661.html,higiene-beleza,2025-04-21,Continente
Eyeliner Perfect Slim Grey 02,7368736,7.5,"€7,50/un",LOréal Paris,Beleza e Higiene/Maquilhagem/Olhos,https://www.continente.pt/dw/image/v2/BDVS_PRD/on/demandware.static/-/Sites-col-master-catalog/default/dw61daabf1/images/col/736/7368736-frente-1.jpg?sw=280&sh=280,emb. 1 un,https://www.continente.pt/produto/eyeliner-perfect-slim-grey-02-loreal-paris-7368736.html,higiene-beleza,2025-04-21,Continente
Base de Rosto Photo Focus Soft Ivory,6304197,7.49,"€7,49/un",Wet n Wild,Beleza e Higiene/Maquilhagem/Rosto,https://www.continente.pt/dw/image/v2/BDVS_PRD/on/demandware.static/-/Sites-col-master-catalog/default/dwb1824f43/images/col/630/6304197-frente.jpg?sw=280&sh=280,emb. 1 un,https://www.continente.pt/produto/base-de-rosto-photo-focus-soft-ivory-wet-n-wild-6304197.html,higiene-beleza,2025-04-21,Continente
Verniz de Unhas Meet Me at Sunset 67,5009475,7.49,"€7,49/un",Essie,Beleza e Higiene/Maquilhagem/Unhas,https://www.continente.pt/dw/image/v2/BDVS_PRD/on/demandware.static/-/Sites-col-master-catalog/default/dw08e002f1/images/col/500/5009475-frente.jpg?sw=280&sh=280,"emb. 13,5 ml",https://www.continente.pt/produto/verniz-de-unhas-meet-me-at-sunset-67-essie-5009475.html,higiene-beleza,2025-04-21,Continente
Verniz de Unhas Peach Daiquiri 72,5009465,7.49,"€7,49/un",Essie,Beleza e Higiene/Maquilhagem/Unhas,https://www.continente.pt/dw/image/v2/BDVS_PRD/on/demandware.static/-/Sites-col-master-catalog/default/dwc1e47d4b/images/col/500/5009465-frente.jpg?sw=280&sh=280,"emb. 13,5 ml",https://www.continente.pt/produto/verniz-de-unhas-peach-daiquiri-72-essie-5009465.html,higiene-beleza,2025-04-21,Continente
Escova Cabelo Criança Bela Adormecida,7798345,7.4,"€7,40/un",Disney,Beleza e Higiene/Cabelo/Criança,https://www.continente.pt/dw/image/v2/BDVS_PRD/on/demandware.static/-/Sites-col-master-catalog/default/dw18cbd138/images/col/779/7798345-frente.png?sw=280&sh=280,emb. 1 un,https://www.continente.pt/produto/escova-cabelo-crianca-bela-adormecida-disney-7798345.html,higiene-beleza,2025-04-21,Continente
Escova Cabelo Criança Jasmine,7798346,7.4,"€7,40/un",Disney,Beleza e Higiene/Cabelo/Criança,https://www.continente.pt/dw/image/v2/BDVS_PRD/on/demandware.static/-/Sites-col-master-catalog/default/dw30f1db18/images/col/779/7798346-frente.png?sw=280&sh=280,emb. 1 un,https://www.continente.pt/produto/escova-cabelo-crianca-jasmine-disney-7798346.html,higiene-beleza,2025-04-21,Continente
Verniz de Unhas Expressie 380,7152575,7.14,"€7,14/un",Essie,Beleza e Higiene/Maquilhagem/Unhas,https://www.continente.pt/dw/image/v2/BDVS_PRD/on/demandware.static/-/Sites-col-master-catalog/default/dwd5b1bc09/images/col/715/7152575-frente.jpg?sw=280&sh=280,emb. 1 un,https://www.continente.pt/produto/verniz-de-unhas-expressie-380-essie-7152575.html,higiene-beleza,2025-04-21,Continente
Verniz de Unhas Expressie 200,7152565,7.14,"€7,14/un",Essie,Beleza e Higiene/Maquilhagem/Unhas,https://www.continente.pt/dw/image/v2/BDVS_PRD/on/demandware.static/-/Sites-col-master-catalog/default/dw197a77ce/images/col/715/7152565-frente.jpg?sw=280&sh=280,emb. 1 un,https://www.continente.pt/produto/verniz-de-unhas-expressie-200-essie-7152565.html,higiene-beleza,2025-04-21,Continente
Batom Líquido Matte Bomb Fancy Pink,7546967,6.99,"€6,99/un",Revolution,Beleza e Higiene/Maquilhagem/Lábios,https://www.continente.pt/dw/image/v2/BDVS_PRD/on/demandware.static/-/Sites-col-master-catalog/default/dwcac3dded/images/col/754/7546967-frente-1.jpg?sw=280&sh=280,emb. 1 un,https://www.continente.pt/produto/batom-liquido-matte-bomb-fancy-pink-revolution-7546967.html,higiene-beleza,2025-04-21,Continente
Batom Líquido Matte Bomb Delicate Brown,7486269,6.99,"€1,747,50/lt",Revolution,Beleza e Higiene/Maquilhagem/Lábios,https://www.continente.pt/dw/image/v2/BDVS_PRD/on/demandware.static/-/Sites-col-master-catalog/default/dwc0fae4b5/images/col/748/7486269-frente-1.jpg?sw=280&sh=280,emb. 1 un,https://www.continente.pt/produto/batom-liquido-matte-bomb-delicate-brown-revolution-7486269.html,higiene-beleza,2025-04-21,Continente
Lápis de Sobrancelhas Le Skinny 109,7107045,6.59,"€6,59/un",LOréal Paris,Beleza e Higiene/Maquilhagem/Olhos,https://www.continente.pt/dw/image/v2/BDVS_PRD/on/demandware.static/-/Sites-col-master-catalog/default/dw80f5815f/images/col/710/7107045-frente.jpg?sw=280&sh=280,emb. 1 un,https://www.continente.pt/produto/lapis-de-sobrancelhas-le-skinny-109-loreal-paris-7107045.html,higiene-beleza,2025-04-21,Continente
Máscara de Pestanas Big Lash Volume,7248049,6.49,"€6,49/un",Revolution,Beleza e Higiene/Maquilhagem/Olhos,https://www.continente.pt/dw/image/v2/BDVS_PRD/on/demandware.static/-/Sites-col-master-catalog/default/dw75ee8f13/images/col/724/7248049-frente-1.jpg?sw=280&sh=280,emb. 1 un,https://www.continente.pt/produto/mascara-de-pestanas-big-lash-volume-revolution-7248049.html,higiene-beleza,2025-04-21,Continente
Máscara de Pestanas Big Lash Waterproof Volume,7439640,5.99,"€5,99/un",Revolution,Beleza e Higiene/Maquilhagem/Olhos,https://www.continente.pt/dw/image/v2/BDVS_PRD/on/demandware.static/-/Sites-col-master-catalog/default/dwc651b9bd/images/col/743/7439640-frente-1.jpg?sw=280&sh=280,emb. 1 un,https://www.continente.pt/produto/mascara-de-pestanas-big-lash-waterproof-volume-revolution-7439640.html,higiene-beleza,2025-04-21,Continente
Corretor Conceal & Define C7,6693952,5.99,"€5,99/un",Revolution,Beleza e Higiene/Maquilhagem/Rosto,https://www.continente.pt/dw/image/v2/BDVS_PRD/on/demandware.static/-/Sites-col-master-catalog/default/dw7b6f3001/images/col/669/6693952-frente-1.jpg?sw=280&sh=280,emb. 1 un,https://www.continente.pt/produto/corretor-conceal-define-c7-revolution-6693952.html,higiene-beleza,2025-04-21,Continente
